  0
SECTION
  2
HEADER
  9
$ANGBASE
  50
0.0
  9
$ANGDIR
  70
1
  9
$MEASUREMENT
  70
0
  0
ENDSEC
  0
SECTION
  2
TABLES
  0
TABLE
  2
LTYPE
  70
4
  0
LTYPE
  5
40F
  2
CONTINUOUS
  70
0
  3
Solid line
  72
65
  73
0
  40
0.0
  0
LTYPE
  5
410
  2
DASHDOT
 70
0
  3
Dash Dot ____ _ ____ _
 72
65
 73
4
 40
2.0
 49
1.25
 49
-0.25
 49
0.25
 49
-0.25
  0
LTYPE
  5
411
  2
DASHED
 70
0
  3
Dashed __ __ __ __ __
 72
65
 73
2
 40
0.75
 49
0.5
 49
-0.25
  0
LTYPE
  5
43B
  2
DOTTED
 70
0
  3
Dotted .  .  .  .
 72
65
 73
2
 40
0.2
 49
0.0
 49
-0.2
  0
ENDTAB
  0
TABLE
  2
STYLE
  70
4
  0
STYLE
  2
KICAD
  70
0
  40
0
  41
1
  42
1
  50
0
  71
0
  3
isocp.shx
  0
STYLE
  2
KICADB
  70
0
  40
0
  41
1
  42
1
  50
0
  71
0
  3
isocp.shx
  0
STYLE
  2
KICADI
  70
0
  40
0
  41
1
  42
1
  50
15
  71
0
  3
isocp.shx
  0
STYLE
  2
KICADBI
  70
0
  40
0
  41
1
  42
1
  50
15
  71
0
  3
isocp.shx
  0
ENDTAB
  0
TABLE
  2
LAYER
  70
1
  0
LAYER
  2
BLACK
  70
0
  62
7
  6
CONTINUOUS
  0
ENDTAB
  0
ENDSEC
  0
SECTION
  2
ENTITIES
0
LINE
8
BLACK
6
CONTINUOUS
10
6.3662151181102358
20
-4.0879081102362207
11
6.3664027559055114
21
-4.087931771653543
0
LINE
8
BLACK
6
CONTINUOUS
10
6.3664027559055114
20
-4.087931771653543
11
6.3686524409448815
21
-4.0886816929133856
0
LINE
8
BLACK
6
CONTINUOUS
10
6.3686524409448815
20
-4.0886816929133856
11
6.3687037401574802
21
-4.0887109448818899
0
LINE
8
BLACK
6
CONTINUOUS
10
6.3687037401574802
20
-4.0887109448818899
11
6.3687308661417319
21
-4.0887109448818899
0
LINE
8
BLACK
6
CONTINUOUS
10
6.3687308661417319
20
-4.0887109448818899
11
6.3688885433070865
21
-4.0888162992125983
0
LINE
8
BLACK
6
CONTINUOUS
10
6.3688885433070865
20
-4.0888162992125983
11
6.3690527952755902
21
-4.0889099212598428
0
LINE
8
BLACK
6
CONTINUOUS
10
6.3690527952755902
20
-4.0889099212598428
11
6.369064842519685
21
-4.0889340551181101
0
LINE
8
BLACK
6
CONTINUOUS
10
6.369064842519685
20
-4.0889340551181101
11
6.3691140944881885
21
-4.0889669685039367
0
LINE
8
BLACK
6
CONTINUOUS
10
6.3691140944881885
20
-4.0889669685039367
11
6.3698639763779523
21
-4.0897168503937005
0
LINE
8
BLACK
6
CONTINUOUS
10
6.3698639763779523
20
-4.0897168503937005
11
6.3701200393700788
21
-4.0901000393700784
0
LINE
8
BLACK
6
CONTINUOUS
10
6.3701200393700788
20
-4.0901000393700784
11
6.3701200787401575
21
-4.0910039763779524
0
LINE
8
BLACK
6
CONTINUOUS
10
6.3701200787401575
20
-4.0910039763779524
11
6.3694808267716532
21
-4.0916432283464568
0
LINE
8
BLACK
6
CONTINUOUS
10
6.3694808267716532
20
-4.0916432283464568
11
6.3685769291338579
21
-4.0916432677165355
0
LINE
8
BLACK
6
CONTINUOUS
10
6.3685769291338579
20
-4.0916432677165355
11
6.3681937007874012
21
-4.0913872440944878
0
LINE
8
BLACK
6
CONTINUOUS
10
6.3681937007874012
20
-4.0913872440944878
11
6.3676408661417323
21
-4.0908344488188977
0
LINE
8
BLACK
6
CONTINUOUS
10
6.3676408661417323
20
-4.0908344488188977
11
6.3658376377952752
21
-4.0902333464566931
0
LINE
8
BLACK
6
CONTINUOUS
10
6.3658376377952752
20
-4.0902333464566931
11
6.3647210236220468
21
-4.0902333464566931
0
LINE
8
BLACK
6
CONTINUOUS
10
6.3647210236220468
20
-4.0902333464566931
11
6.3629177165354331
21
-4.0908344488188977
0
LINE
8
BLACK
6
CONTINUOUS
10
6.3629177165354331
20
-4.0908344488188977
11
6.3617505905511811
21
-4.0920015748031497
0
LINE
8
BLACK
6
CONTINUOUS
10
6.3617505905511811
20
-4.0920015748031497
11
6.3611443700787405
21
-4.093214015748031
0
LINE
8
BLACK
6
CONTINUOUS
10
6.3611443700787405
20
-4.093214015748031
11
6.3604611811023624
21
-4.0959467716535434
0
LINE
8
BLACK
6
CONTINUOUS
10
6.3604611811023624
20
-4.0959467716535434
11
6.3604611811023624
21
-4.0979057480314962
0
LINE
8
BLACK
6
CONTINUOUS
10
6.3604611811023624
20
-4.0979057480314962
11
6.3611443307086617
21
-4.1006384645669289
0
LINE
8
BLACK
6
CONTINUOUS
10
6.3611443307086617
20
-4.1006384645669289
11
6.3617505905511811
21
-4.1018509448818898
0
LINE
8
BLACK
6
CONTINUOUS
10
6.3617505905511811
20
-4.1018509448818898
11
6.3629176377952756
21
-4.1030179921259844
0
LINE
8
BLACK
6
CONTINUOUS
10
6.3629176377952756
20
-4.1030179921259844
11
6.3647211417322831
21
-4.1036191732283465
0
LINE
8
BLACK
6
CONTINUOUS
10
6.3647211417322831
20
-4.1036191732283465
11
6.365837519685039
21
-4.1036191732283465
0
LINE
8
BLACK
6
CONTINUOUS
10
6.365837519685039
20
-4.1036191732283465
11
6.3676409842519686
21
-4.1030179921259844
0
LINE
8
BLACK
6
CONTINUOUS
10
6.3676409842519686
20
-4.1030179921259844
11
6.3681937007874012
21
-4.1024653149606296
0
LINE
8
BLACK
6
CONTINUOUS
10
6.3681937007874012
20
-4.1024653149606296
11
6.3685768897637791
21
-4.1022092519685041
0
LINE
8
BLACK
6
CONTINUOUS
10
6.3685768897637791
20
-4.1022092519685041
11
6.3694808267716532
21
-4.1022092519685041
0
LINE
8
BLACK
6
CONTINUOUS
10
6.3694808267716532
20
-4.1022092519685041
11
6.3701200787401575
21
-4.1028485039370075
0
LINE
8
BLACK
6
CONTINUOUS
10
6.3701200787401575
20
-4.1028485039370075
11
6.3701200787401575
21
-4.1037524409448816
0
LINE
8
BLACK
6
CONTINUOUS
10
6.3701200787401575
20
-4.1037524409448816
11
6.3698640157480311
21
-4.1041356299212595
0
LINE
8
BLACK
6
CONTINUOUS
10
6.3698640157480311
20
-4.1041356299212595
11
6.3691140944881885
21
-4.104885551181102
0
LINE
8
BLACK
6
CONTINUOUS
10
6.3691140944881885
20
-4.104885551181102
11
6.3690648818897637
21
-4.1049183858267719
0
LINE
8
BLACK
6
CONTINUOUS
10
6.3690648818897637
20
-4.1049183858267719
11
6.3690527952755902
21
-4.1049426377952756
0
LINE
8
BLACK
6
CONTINUOUS
10
6.3690527952755902
20
-4.1049426377952756
11
6.368888149606299
21
-4.1050364960629917
0
LINE
8
BLACK
6
CONTINUOUS
10
6.368888149606299
20
-4.1050364960629917
11
6.3687309055118106
21
-4.1051415748031497
0
LINE
8
BLACK
6
CONTINUOUS
10
6.3687309055118106
20
-4.1051415748031497
11
6.3687038976377952
21
-4.1051415748031497
0
LINE
8
BLACK
6
CONTINUOUS
10
6.3687038976377952
20
-4.1051415748031497
11
6.3686524409448815
21
-4.1051709055118106
0
LINE
8
BLACK
6
CONTINUOUS
10
6.3686524409448815
20
-4.1051709055118106
11
6.3664027559055114
21
-4.1059207874015744
0
LINE
8
BLACK
6
CONTINUOUS
10
6.3664027559055114
20
-4.1059207874015744
11
6.3662148031496057
21
-4.1059444488188976
0
LINE
8
BLACK
6
CONTINUOUS
10
6.3662148031496057
20
-4.1059444488188976
11
6.366029251968504
21
-4.1059813779527561
0
LINE
8
BLACK
6
CONTINUOUS
10
6.366029251968504
20
-4.1059813779527561
11
6.364529409448819
21
-4.1059813779527561
0
LINE
8
BLACK
6
CONTINUOUS
10
6.364529409448819
20
-4.1059813779527561
11
6.3643437401574801
21
-4.1059444094488189
0
LINE
8
BLACK
6
CONTINUOUS
10
6.3643437401574801
20
-4.1059444094488189
11
6.3641559448818894
21
-4.1059207874015744
0
LINE
8
BLACK
6
CONTINUOUS
10
6.3641559448818894
20
-4.1059207874015744
11
6.3619061811023618
21
-4.1051709055118106
0
LINE
8
BLACK
6
CONTINUOUS
10
6.3619061811023618
20
-4.1051709055118106
11
6.361854724409449
21
-4.1051415748031497
0
LINE
8
BLACK
6
CONTINUOUS
10
6.361854724409449
20
-4.1051415748031497
11
6.3618277165354327
21
-4.1051415748031497
0
LINE
8
BLACK
6
CONTINUOUS
10
6.3618277165354327
20
-4.1051415748031497
11
6.3616703149606302
21
-4.1050364173228342
0
LINE
8
BLACK
6
CONTINUOUS
10
6.3616703149606302
20
-4.1050364173228342
11
6.3615058267716531
21
-4.1049426377952756
0
LINE
8
BLACK
6
CONTINUOUS
10
6.3615058267716531
20
-4.1049426377952756
11
6.3614937007874017
21
-4.1049184251968507
0
LINE
8
BLACK
6
CONTINUOUS
10
6.3614937007874017
20
-4.1049184251968507
11
6.361444488188976
21
-4.104885551181102
0
LINE
8
BLACK
6
CONTINUOUS
10
6.361444488188976
20
-4.104885551181102
11
6.3599447244094485
21
-4.1033857086614169
0
LINE
8
BLACK
6
CONTINUOUS
10
6.3599447244094485
20
-4.1033857086614169
11
6.3598394881889764
21
-4.103228228346457
0
LINE
8
BLACK
6
CONTINUOUS
10
6.3598394881889764
20
-4.103228228346457
11
6.3597234645669287
21
-4.1030787401574802
0
LINE
8
BLACK
6
CONTINUOUS
10
6.3597234645669287
20
-4.1030787401574802
11
6.3589735826771649
21
-4.1015789370078739
0
LINE
8
BLACK
6
CONTINUOUS
10
6.3589735826771649
20
-4.1015789370078739
11
6.3589394094488192
21
-4.101454133858268
0
LINE
8
BLACK
6
CONTINUOUS
10
6.3589394094488192
20
-4.101454133858268
11
6.3588841732283461
21
-4.101337204724409
0
LINE
8
BLACK
6
CONTINUOUS
10
6.3588841732283461
20
-4.101337204724409
11
6.3581342519685036
21
-4.0983375984251964
0
LINE
8
BLACK
6
CONTINUOUS
10
6.3581342519685036
20
-4.0983375984251964
11
6.3581272047244095
21
-4.0981931102362203
0
LINE
8
BLACK
6
CONTINUOUS
10
6.3581272047244095
20
-4.0981931102362203
11
6.3580989763779527
21
-4.0980511417322836
0
LINE
8
BLACK
6
CONTINUOUS
10
6.3580989763779527
20
-4.0980511417322836
11
6.3580989763779527
21
-4.0958014173228348
0
LINE
8
BLACK
6
CONTINUOUS
10
6.3580989763779527
20
-4.0958014173228348
11
6.3581272047244095
21
-4.0956594094488192
0
LINE
8
BLACK
6
CONTINUOUS
10
6.3581272047244095
20
-4.0956594094488192
11
6.3581342519685036
21
-4.095514960629921
0
LINE
8
BLACK
6
CONTINUOUS
10
6.3581342519685036
20
-4.095514960629921
11
6.3588841732283461
21
-4.0925153149606297
0
LINE
8
BLACK
6
CONTINUOUS
10
6.3588841732283461
20
-4.0925153149606297
11
6.3589394094488192
21
-4.0923983464566929
0
LINE
8
BLACK
6
CONTINUOUS
10
6.3589394094488192
20
-4.0923983464566929
11
6.3589735826771649
21
-4.0922735826771657
0
LINE
8
BLACK
6
CONTINUOUS
10
6.3589735826771649
20
-4.0922735826771657
11
6.3597234645669287
21
-4.0907737795275594
0
LINE
8
BLACK
6
CONTINUOUS
10
6.3597234645669287
20
-4.0907737795275594
11
6.3598396062992126
21
-4.0906241338582676
0
LINE
8
BLACK
6
CONTINUOUS
10
6.3598396062992126
20
-4.0906241338582676
11
6.3599447244094485
21
-4.0904668110236218
0
LINE
8
BLACK
6
CONTINUOUS
10
6.3599447244094485
20
-4.0904668110236218
11
6.361444488188976
21
-4.0889670078740155
0
LINE
8
BLACK
6
CONTINUOUS
10
6.361444488188976
20
-4.0889670078740155
11
6.361493661417323
21
-4.0889341338582676
0
LINE
8
BLACK
6
CONTINUOUS
10
6.361493661417323
20
-4.0889341338582676
11
6.3615057874015744
21
-4.0889099212598428
0
LINE
8
BLACK
6
CONTINUOUS
10
6.3615057874015744
20
-4.0889099212598428
11
6.3616703149606302
21
-4.0888161023622045
0
LINE
8
BLACK
6
CONTINUOUS
10
6.3616703149606302
20
-4.0888161023622045
11
6.3618277165354327
21
-4.0887109842519687
0
LINE
8
BLACK
6
CONTINUOUS
10
6.3618277165354327
20
-4.0887109842519687
11
6.3618548031496065
21
-4.0887109842519687
0
LINE
8
BLACK
6
CONTINUOUS
10
6.3618548031496065
20
-4.0887109842519687
11
6.3619061811023618
21
-4.0886816929133856
0
LINE
8
BLACK
6
CONTINUOUS
10
6.3619061811023618
20
-4.0886816929133856
11
6.3641559055118107
21
-4.087931771653543
0
LINE
8
BLACK
6
CONTINUOUS
10
6.3641559055118107
20
-4.087931771653543
11
6.3643435039370075
21
-4.0879081102362207
0
LINE
8
BLACK
6
CONTINUOUS
10
6.3643435039370075
20
-4.0879081102362207
11
6.364529409448819
21
-4.0878711417322835
0
LINE
8
BLACK
6
CONTINUOUS
10
6.364529409448819
20
-4.0878711417322835
11
6.366029251968504
21
-4.0878711417322835
0
LINE
8
BLACK
6
CONTINUOUS
10
6.366029251968504
20
-4.0878711417322835
11
6.3662151181102358
21
-4.0879081102362207
0
LINE
8
BLACK
6
CONTINUOUS
10
6.3847866535433067
20
-4.0878730708661415
11
6.3847912598425198
21
-4.0878712598425198
0
LINE
8
BLACK
6
CONTINUOUS
10
6.3847912598425198
20
-4.0878712598425198
11
6.3848031889763774
21
-4.0878763385826771
0
LINE
8
BLACK
6
CONTINUOUS
10
6.3848031889763774
20
-4.0878763385826771
11
6.3852288976377949
21
-4.0879610629921261
0
LINE
8
BLACK
6
CONTINUOUS
10
6.3852288976377949
20
-4.0879610629921261
11
6.3853999212598422
21
-4.0881320866141735
0
LINE
8
BLACK
6
CONTINUOUS
10
6.3853999212598422
20
-4.0881320866141735
11
6.3856222047244096
21
-4.0882273622047247
0
LINE
8
BLACK
6
CONTINUOUS
10
6.3856222047244096
20
-4.0882273622047247
11
6.3857068503937002
21
-4.0884390157480315
0
LINE
8
BLACK
6
CONTINUOUS
10
6.3857068503937002
20
-4.0884390157480315
11
6.3858680708661417
21
-4.0886002362204721
0
LINE
8
BLACK
6
CONTINUOUS
10
6.3858680708661417
20
-4.0886002362204721
11
6.3858680708661417
21
-4.0888420078740157
0
LINE
8
BLACK
6
CONTINUOUS
10
6.3858680708661417
20
-4.0888420078740157
11
6.3859579133858269
21
-4.0890666141732286
0
LINE
8
BLACK
6
CONTINUOUS
10
6.3859579133858269
20
-4.0890666141732286
11
6.3858680708661417
21
-4.0894911023622047
0
LINE
8
BLACK
6
CONTINUOUS
10
6.3858680708661417
20
-4.0894911023622047
11
6.3858680708661417
21
-4.0895042519685036
0
LINE
8
BLACK
6
CONTINUOUS
10
6.3858680708661417
20
-4.0895042519685036
11
6.3858645275590549
21
-4.0895077559055117
0
LINE
8
BLACK
6
CONTINUOUS
10
6.3858645275590549
20
-4.0895077559055117
11
6.3858624803149606
21
-4.0895175196850388
0
LINE
8
BLACK
6
CONTINUOUS
10
6.3858624803149606
20
-4.0895175196850388
11
6.3791133070866142
21
-4.1052655511811027
0
LINE
8
BLACK
6
CONTINUOUS
10
6.3791133070866142
20
-4.1052655511811027
11
6.3788525984251967
21
-4.1056455905511813
0
LINE
8
BLACK
6
CONTINUOUS
10
6.3788525984251967
20
-4.1056455905511813
11
6.3780133464566928
21
-4.1059812992125986
0
LINE
8
BLACK
6
CONTINUOUS
10
6.3780133464566928
20
-4.1059812992125986
11
6.3771824015748031
21
-4.1056251574803149
0
LINE
8
BLACK
6
CONTINUOUS
10
6.3771824015748031
20
-4.1056251574803149
11
6.3768466929133858
21
-4.104785905511811
0
LINE
8
BLACK
6
CONTINUOUS
10
6.3768466929133858
20
-4.104785905511811
11
6.376942125984252
21
-4.1043349999999998
0
LINE
8
BLACK
6
CONTINUOUS
10
6.376942125984252
20
-4.1043349999999998
11
6.3829857086614172
21
-4.0902333464566931
0
LINE
8
BLACK
6
CONTINUOUS
10
6.3829857086614172
20
-4.0902333464566931
11
6.374278188976378
21
-4.0902333464566931
0
LINE
8
BLACK
6
CONTINUOUS
10
6.374278188976378
20
-4.0902333464566931
11
6.3738261811023618
21
-4.0901434251968505
0
LINE
8
BLACK
6
CONTINUOUS
10
6.3738261811023618
20
-4.0901434251968505
11
6.3731870078740158
21
-4.0895042519685036
0
LINE
8
BLACK
6
CONTINUOUS
10
6.3731870078740158
20
-4.0895042519685036
11
6.3731870078740158
21
-4.0886002362204721
0
LINE
8
BLACK
6
CONTINUOUS
10
6.3731870078740158
20
-4.0886002362204721
11
6.3738261811023618
21
-4.0879610629921261
0
LINE
8
BLACK
6
CONTINUOUS
10
6.3738261811023618
20
-4.0879610629921261
11
6.374278188976378
21
-4.0878711417322835
0
LINE
8
BLACK
6
CONTINUOUS
10
6.374278188976378
20
-4.0878711417322835
11
6.3847768897637796
21
-4.0878711417322835
0
LINE
8
BLACK
6
CONTINUOUS
10
6.3847768897637796
20
-4.0878711417322835
11
6.3847866535433067
21
-4.0878730708661415
0
LINE
8
BLACK
6
CONTINUOUS
10
6.403902913385827
20
-4.0800711023622043
11
6.4049682677165354
21
-4.0811364566929136
0
LINE
8
BLACK
6
CONTINUOUS
10
6.4049682677165354
20
-4.0811364566929136
11
6.40511811023622
21
-4.0818897637795271
0
LINE
8
BLACK
6
CONTINUOUS
10
6.40511811023622
20
-4.0818897637795271
11
6.40511811023622
21
-4.1133858267716539
0
LINE
8
BLACK
6
CONTINUOUS
10
6.40511811023622
20
-4.1133858267716539
11
6.4049682677165354
21
-4.1141391338582673
0
LINE
8
BLACK
6
CONTINUOUS
10
6.4049682677165354
20
-4.1141391338582673
11
6.403902913385827
21
-4.1152044881889767
0
LINE
8
BLACK
6
CONTINUOUS
10
6.403902913385827
20
-4.1152044881889767
11
6.4031496062992126
21
-4.1153543307086613
0
LINE
8
BLACK
6
CONTINUOUS
10
6.4031496062992126
20
-4.1153543307086613
11
6.3401574803149607
21
-4.1153543307086613
0
LINE
8
BLACK
6
CONTINUOUS
10
6.3401574803149607
20
-4.1153543307086613
11
6.3394041732283464
21
-4.1152044881889767
0
LINE
8
BLACK
6
CONTINUOUS
10
6.3394041732283464
20
-4.1152044881889767
11
6.3383388188976379
21
-4.1141391338582673
0
LINE
8
BLACK
6
CONTINUOUS
10
6.3383388188976379
20
-4.1141391338582673
11
6.3381889763779524
21
-4.1133858267716539
0
LINE
8
BLACK
6
CONTINUOUS
10
6.3381889763779524
20
-4.1133858267716539
11
6.3381889763779524
21
-4.0818897637795271
0
LINE
8
BLACK
6
CONTINUOUS
10
6.3381889763779524
20
-4.0818897637795271
11
6.3383388188976379
21
-4.0811364566929136
0
LINE
8
BLACK
6
CONTINUOUS
10
6.3383388188976379
20
-4.0811364566929136
11
6.3394041732283464
21
-4.0800711023622043
0
LINE
8
BLACK
6
CONTINUOUS
10
6.3394041732283464
20
-4.0800711023622043
11
6.3401574803149607
21
-4.0799212598425196
0
LINE
8
BLACK
6
CONTINUOUS
10
6.3401574803149607
20
-4.0799212598425196
11
6.4031496062992126
21
-4.0799212598425196
0
LINE
8
BLACK
6
CONTINUOUS
10
6.4031496062992126
20
-4.0799212598425196
11
6.403902913385827
21
-4.0800711023622043
0
LINE
8
BLACK
6
CONTINUOUS
10
6.3421259842519682
20
-4.0838582677165354
11
6.3421259842519682
21
-4.1114173228346456
0
LINE
8
BLACK
6
CONTINUOUS
10
6.3421259842519682
20
-4.1114173228346456
11
6.4011811023622043
21
-4.1114173228346456
0
LINE
8
BLACK
6
CONTINUOUS
10
6.4011811023622043
20
-4.1114173228346456
11
6.4011811023622043
21
-4.0838582677165354
0
LINE
8
BLACK
6
CONTINUOUS
10
6.4011811023622043
20
-4.0838582677165354
11
6.3421259842519682
21
-4.0838582677165354
0
LINE
8
BLACK
6
CONTINUOUS
10
6.0938529133858266
20
-4.0869632283464563
11
6.0940405511811022
21
-4.0869868897637796
0
LINE
8
BLACK
6
CONTINUOUS
10
6.0940405511811022
20
-4.0869868897637796
11
6.0962902362204723
21
-4.0877368110236221
0
LINE
8
BLACK
6
CONTINUOUS
10
6.0962902362204723
20
-4.0877368110236221
11
6.096341535433071
21
-4.0877660629921255
0
LINE
8
BLACK
6
CONTINUOUS
10
6.096341535433071
20
-4.0877660629921255
11
6.0963686614173227
21
-4.0877660629921255
0
LINE
8
BLACK
6
CONTINUOUS
10
6.0963686614173227
20
-4.0877660629921255
11
6.0965263385826773
21
-4.0878714173228348
0
LINE
8
BLACK
6
CONTINUOUS
10
6.0965263385826773
20
-4.0878714173228348
11
6.096690590551181
21
-4.0879650393700784
0
LINE
8
BLACK
6
CONTINUOUS
10
6.096690590551181
20
-4.0879650393700784
11
6.0967026377952758
21
-4.0879891732283467
0
LINE
8
BLACK
6
CONTINUOUS
10
6.0967026377952758
20
-4.0879891732283467
11
6.0967518897637794
21
-4.0880220866141732
0
LINE
8
BLACK
6
CONTINUOUS
10
6.0967518897637794
20
-4.0880220866141732
11
6.0975017716535431
21
-4.088771968503937
0
LINE
8
BLACK
6
CONTINUOUS
10
6.0975017716535431
20
-4.088771968503937
11
6.0977578346456696
21
-4.0891551574803149
0
LINE
8
BLACK
6
CONTINUOUS
10
6.0977578346456696
20
-4.0891551574803149
11
6.0977578740157483
21
-4.0900590944881889
0
LINE
8
BLACK
6
CONTINUOUS
10
6.0977578740157483
20
-4.0900590944881889
11
6.097118622047244
21
-4.0906983464566924
0
LINE
8
BLACK
6
CONTINUOUS
10
6.097118622047244
20
-4.0906983464566924
11
6.0962147244094487
21
-4.0906983858267711
0
LINE
8
BLACK
6
CONTINUOUS
10
6.0962147244094487
20
-4.0906983858267711
11
6.095831496062992
21
-4.0904423622047243
0
LINE
8
BLACK
6
CONTINUOUS
10
6.095831496062992
20
-4.0904423622047243
11
6.0952786614173231
21
-4.0898895669291342
0
LINE
8
BLACK
6
CONTINUOUS
10
6.0952786614173231
20
-4.0898895669291342
11
6.093475433070866
21
-4.0892884645669287
0
LINE
8
BLACK
6
CONTINUOUS
10
6.093475433070866
20
-4.0892884645669287
11
6.0923588188976376
21
-4.0892884645669287
0
LINE
8
BLACK
6
CONTINUOUS
10
6.0923588188976376
20
-4.0892884645669287
11
6.0905555118110231
21
-4.0898895669291342
0
LINE
8
BLACK
6
CONTINUOUS
10
6.0905555118110231
20
-4.0898895669291342
11
6.0893883858267719
21
-4.0910566929133854
0
LINE
8
BLACK
6
CONTINUOUS
10
6.0893883858267719
20
-4.0910566929133854
11
6.0887821653543304
21
-4.0922691338582675
0
LINE
8
BLACK
6
CONTINUOUS
10
6.0887821653543304
20
-4.0922691338582675
11
6.0880989763779523
21
-4.095001889763779
0
LINE
8
BLACK
6
CONTINUOUS
10
6.0880989763779523
20
-4.095001889763779
11
6.0880989763779523
21
-4.0969608661417318
0
LINE
8
BLACK
6
CONTINUOUS
10
6.0880989763779523
20
-4.0969608661417318
11
6.0887821259842516
21
-4.0996935826771654
0
LINE
8
BLACK
6
CONTINUOUS
10
6.0887821259842516
20
-4.0996935826771654
11
6.0893883858267719
21
-4.1009060629921255
0
LINE
8
BLACK
6
CONTINUOUS
10
6.0893883858267719
20
-4.1009060629921255
11
6.0905554330708664
21
-4.10207311023622
0
LINE
8
BLACK
6
CONTINUOUS
10
6.0905554330708664
20
-4.10207311023622
11
6.0923589370078739
21
-4.102674291338583
0
LINE
8
BLACK
6
CONTINUOUS
10
6.0923589370078739
20
-4.102674291338583
11
6.0934753149606298
21
-4.102674291338583
0
LINE
8
BLACK
6
CONTINUOUS
10
6.0934753149606298
20
-4.102674291338583
11
6.0952787795275585
21
-4.10207311023622
0
LINE
8
BLACK
6
CONTINUOUS
10
6.0952787795275585
20
-4.10207311023622
11
6.095831496062992
21
-4.1015204330708661
0
LINE
8
BLACK
6
CONTINUOUS
10
6.095831496062992
20
-4.1015204330708661
11
6.0962146850393699
21
-4.1012643700787397
0
LINE
8
BLACK
6
CONTINUOUS
10
6.0962146850393699
20
-4.1012643700787397
11
6.097118622047244
21
-4.1012643700787397
0
LINE
8
BLACK
6
CONTINUOUS
10
6.097118622047244
20
-4.1012643700787397
11
6.0977578740157483
21
-4.101903622047244
0
LINE
8
BLACK
6
CONTINUOUS
10
6.0977578740157483
20
-4.101903622047244
11
6.0977578740157483
21
-4.1028075590551181
0
LINE
8
BLACK
6
CONTINUOUS
10
6.0977578740157483
20
-4.1028075590551181
11
6.0975018110236219
21
-4.103190748031496
0
LINE
8
BLACK
6
CONTINUOUS
10
6.0975018110236219
20
-4.103190748031496
11
6.0967518897637794
21
-4.1039406692913385
0
LINE
8
BLACK
6
CONTINUOUS
10
6.0967518897637794
20
-4.1039406692913385
11
6.0967026771653545
21
-4.1039735039370075
0
LINE
8
BLACK
6
CONTINUOUS
10
6.0967026771653545
20
-4.1039735039370075
11
6.096690590551181
21
-4.1039977559055121
0
LINE
8
BLACK
6
CONTINUOUS
10
6.096690590551181
20
-4.1039977559055121
11
6.0965259448818898
21
-4.1040916141732282
0
LINE
8
BLACK
6
CONTINUOUS
10
6.0965259448818898
20
-4.1040916141732282
11
6.0963687007874015
21
-4.1041966929133853
0
LINE
8
BLACK
6
CONTINUOUS
10
6.0963687007874015
20
-4.1041966929133853
11
6.096341692913386
21
-4.1041966929133853
0
LINE
8
BLACK
6
CONTINUOUS
10
6.096341692913386
20
-4.1041966929133853
11
6.0962902362204723
21
-4.1042260236220471
0
LINE
8
BLACK
6
CONTINUOUS
10
6.0962902362204723
20
-4.1042260236220471
11
6.0940405511811022
21
-4.1049759055118109
0
LINE
8
BLACK
6
CONTINUOUS
10
6.0940405511811022
20
-4.1049759055118109
11
6.0938525984251966
21
-4.1049995669291341
0
LINE
8
BLACK
6
CONTINUOUS
10
6.0938525984251966
20
-4.1049995669291341
11
6.0936670472440939
21
-4.1050364960629917
0
LINE
8
BLACK
6
CONTINUOUS
10
6.0936670472440939
20
-4.1050364960629917
11
6.0921672047244089
21
-4.1050364960629917
0
LINE
8
BLACK
6
CONTINUOUS
10
6.0921672047244089
20
-4.1050364960629917
11
6.0919815354330709
21
-4.1049995275590554
0
LINE
8
BLACK
6
CONTINUOUS
10
6.0919815354330709
20
-4.1049995275590554
11
6.0917937401574802
21
-4.1049759055118109
0
LINE
8
BLACK
6
CONTINUOUS
10
6.0917937401574802
20
-4.1049759055118109
11
6.0895439763779526
21
-4.1042260236220471
0
LINE
8
BLACK
6
CONTINUOUS
10
6.0895439763779526
20
-4.1042260236220471
11
6.0894925196850389
21
-4.1041966929133853
0
LINE
8
BLACK
6
CONTINUOUS
10
6.0894925196850389
20
-4.1041966929133853
11
6.0894655118110235
21
-4.1041966929133853
0
LINE
8
BLACK
6
CONTINUOUS
10
6.0894655118110235
20
-4.1041966929133853
11
6.0893081102362201
21
-4.1040915354330707
0
LINE
8
BLACK
6
CONTINUOUS
10
6.0893081102362201
20
-4.1040915354330707
11
6.0891436220472439
21
-4.1039977559055121
0
LINE
8
BLACK
6
CONTINUOUS
10
6.0891436220472439
20
-4.1039977559055121
11
6.0891314960629916
21
-4.1039735433070863
0
LINE
8
BLACK
6
CONTINUOUS
10
6.0891314960629916
20
-4.1039735433070863
11
6.0890822834645668
21
-4.1039406692913385
0
LINE
8
BLACK
6
CONTINUOUS
10
6.0890822834645668
20
-4.1039406692913385
11
6.0875825196850393
21
-4.1024408267716534
0
LINE
8
BLACK
6
CONTINUOUS
10
6.0875825196850393
20
-4.1024408267716534
11
6.0874772834645672
21
-4.1022833464566926
0
LINE
8
BLACK
6
CONTINUOUS
10
6.0874772834645672
20
-4.1022833464566926
11
6.0873612598425195
21
-4.1021338582677167
0
LINE
8
BLACK
6
CONTINUOUS
10
6.0873612598425195
20
-4.1021338582677167
11
6.0866113779527558
21
-4.1006340551181104
0
LINE
8
BLACK
6
CONTINUOUS
10
6.0866113779527558
20
-4.1006340551181104
11
6.0865772047244091
21
-4.1005092519685036
0
LINE
8
BLACK
6
CONTINUOUS
10
6.0865772047244091
20
-4.1005092519685036
11
6.0865219685039369
21
-4.1003923228346455
0
LINE
8
BLACK
6
CONTINUOUS
10
6.0865219685039369
20
-4.1003923228346455
11
6.0857720472440944
21
-4.0973927165354329
0
LINE
8
BLACK
6
CONTINUOUS
10
6.0857720472440944
20
-4.0973927165354329
11
6.0857649999999994
21
-4.0972482283464569
0
LINE
8
BLACK
6
CONTINUOUS
10
6.0857649999999994
20
-4.0972482283464569
11
6.0857367716535435
21
-4.0971062598425192
0
LINE
8
BLACK
6
CONTINUOUS
10
6.0857367716535435
20
-4.0971062598425192
11
6.0857367716535435
21
-4.0948565354330704
0
LINE
8
BLACK
6
CONTINUOUS
10
6.0857367716535435
20
-4.0948565354330704
11
6.0857649999999994
21
-4.0947145275590549
0
LINE
8
BLACK
6
CONTINUOUS
10
6.0857649999999994
20
-4.0947145275590549
11
6.0857720472440944
21
-4.0945700787401575
0
LINE
8
BLACK
6
CONTINUOUS
10
6.0857720472440944
20
-4.0945700787401575
11
6.0865219685039369
21
-4.0915704330708662
0
LINE
8
BLACK
6
CONTINUOUS
10
6.0865219685039369
20
-4.0915704330708662
11
6.0865772047244091
21
-4.0914534645669294
0
LINE
8
BLACK
6
CONTINUOUS
10
6.0865772047244091
20
-4.0914534645669294
11
6.0866113779527558
21
-4.0913287007874013
0
LINE
8
BLACK
6
CONTINUOUS
10
6.0866113779527558
20
-4.0913287007874013
11
6.0873612598425195
21
-4.089828897637795
0
LINE
8
BLACK
6
CONTINUOUS
10
6.0873612598425195
20
-4.089828897637795
11
6.0874774015748034
21
-4.0896792519685041
0
LINE
8
BLACK
6
CONTINUOUS
10
6.0874774015748034
20
-4.0896792519685041
11
6.0875825196850393
21
-4.0895219291338583
0
LINE
8
BLACK
6
CONTINUOUS
10
6.0875825196850393
20
-4.0895219291338583
11
6.0890822834645668
21
-4.088022125984252
0
LINE
8
BLACK
6
CONTINUOUS
10
6.0890822834645668
20
-4.088022125984252
11
6.0891314566929129
21
-4.0879892519685042
0
LINE
8
BLACK
6
CONTINUOUS
10
6.0891314566929129
20
-4.0879892519685042
11
6.0891435826771652
21
-4.0879650393700784
0
LINE
8
BLACK
6
CONTINUOUS
10
6.0891435826771652
20
-4.0879650393700784
11
6.0893081102362201
21
-4.087871220472441
0
LINE
8
BLACK
6
CONTINUOUS
10
6.0893081102362201
20
-4.087871220472441
11
6.0894655118110235
21
-4.0877661023622043
0
LINE
8
BLACK
6
CONTINUOUS
10
6.0894655118110235
20
-4.0877661023622043
11
6.0894925984251964
21
-4.0877661023622043
0
LINE
8
BLACK
6
CONTINUOUS
10
6.0894925984251964
20
-4.0877661023622043
11
6.0895439763779526
21
-4.0877368110236221
0
LINE
8
BLACK
6
CONTINUOUS
10
6.0895439763779526
20
-4.0877368110236221
11
6.0917937007874015
21
-4.0869868897637796
0
LINE
8
BLACK
6
CONTINUOUS
10
6.0917937007874015
20
-4.0869868897637796
11
6.0919812992125983
21
-4.0869632283464563
0
LINE
8
BLACK
6
CONTINUOUS
10
6.0919812992125983
20
-4.0869632283464563
11
6.0921672047244089
21
-4.08692625984252
0
LINE
8
BLACK
6
CONTINUOUS
10
6.0921672047244089
20
-4.08692625984252
11
6.0936670472440939
21
-4.08692625984252
0
LINE
8
BLACK
6
CONTINUOUS
10
6.0936670472440939
20
-4.08692625984252
11
6.0938529133858266
21
-4.0869632283464563
0
LINE
8
BLACK
6
CONTINUOUS
10
6.108723188976378
20
-4.0869377952755901
11
6.1087488582677167
21
-4.0869292519685034
0
LINE
8
BLACK
6
CONTINUOUS
10
6.1087488582677167
20
-4.0869292519685034
11
6.1089313779527554
21
-4.0869792125984254
0
LINE
8
BLACK
6
CONTINUOUS
10
6.1089313779527554
20
-4.0869792125984254
11
6.1091171653543306
21
-4.0870161811023618
0
LINE
8
BLACK
6
CONTINUOUS
10
6.1091171653543306
20
-4.0870161811023618
11
6.1091362992125982
21
-4.0870353149606302
0
LINE
8
BLACK
6
CONTINUOUS
10
6.1091362992125982
20
-4.0870353149606302
11
6.1091933858267717
21
-4.0870509448818897
0
LINE
8
BLACK
6
CONTINUOUS
10
6.1091933858267717
20
-4.0870509448818897
11
6.110693188976378
21
-4.0878008661417322
0
LINE
8
BLACK
6
CONTINUOUS
10
6.110693188976378
20
-4.0878008661417322
11
6.1108426377952751
21
-4.0879168897637799
0
LINE
8
BLACK
6
CONTINUOUS
10
6.1108426377952751
20
-4.0879168897637799
11
6.111000118110236
21
-4.0880220866141732
0
LINE
8
BLACK
6
CONTINUOUS
10
6.111000118110236
20
-4.0880220866141732
11
6.1117499999999998
21
-4.088771968503937
0
LINE
8
BLACK
6
CONTINUOUS
10
6.1117499999999998
20
-4.088771968503937
11
6.1118551574803144
21
-4.0889293307086616
0
LINE
8
BLACK
6
CONTINUOUS
10
6.1118551574803144
20
-4.0889293307086616
11
6.1119712992125983
21
-4.0890789763779525
0
LINE
8
BLACK
6
CONTINUOUS
10
6.1119712992125983
20
-4.0890789763779525
11
6.1127211811023621
21
-4.0905788188976375
0
LINE
8
BLACK
6
CONTINUOUS
10
6.1127211811023621
20
-4.0905788188976375
11
6.1127367716535428
21
-4.0906358267716536
0
LINE
8
BLACK
6
CONTINUOUS
10
6.1127367716535428
20
-4.0906358267716536
11
6.11275594488189
21
-4.0906549999999999
0
LINE
8
BLACK
6
CONTINUOUS
10
6.11275594488189
20
-4.0906549999999999
11
6.1127928740157476
21
-4.0908407874015751
0
LINE
8
BLACK
6
CONTINUOUS
10
6.1127928740157476
20
-4.0908407874015751
11
6.1128428740157483
21
-4.0910233070866138
0
LINE
8
BLACK
6
CONTINUOUS
10
6.1128428740157483
20
-4.0910233070866138
11
6.1128342913385829
21
-4.0910489370078738
0
LINE
8
BLACK
6
CONTINUOUS
10
6.1128342913385829
20
-4.0910489370078738
11
6.1128458661417318
21
-4.0911070078740153
0
LINE
8
BLACK
6
CONTINUOUS
10
6.1128458661417318
20
-4.0911070078740153
11
6.1128458661417318
21
-4.091856889763779
0
LINE
8
BLACK
6
CONTINUOUS
10
6.1128458661417318
20
-4.091856889763779
11
6.1128342913385829
21
-4.0919149212598427
0
LINE
8
BLACK
6
CONTINUOUS
10
6.1128342913385829
20
-4.0919149212598427
11
6.1128428740157483
21
-4.0919405905511814
0
LINE
8
BLACK
6
CONTINUOUS
10
6.1128428740157483
20
-4.0919405905511814
11
6.1127928740157476
21
-4.0921230708661414
0
LINE
8
BLACK
6
CONTINUOUS
10
6.1127928740157476
20
-4.0921230708661414
11
6.11275594488189
21
-4.0923088976377953
0
LINE
8
BLACK
6
CONTINUOUS
10
6.11275594488189
20
-4.0923088976377953
11
6.1127367716535428
21
-4.0923280314960628
0
LINE
8
BLACK
6
CONTINUOUS
10
6.1127367716535428
20
-4.0923280314960628
11
6.1127211811023621
21
-4.0923850787401577
0
LINE
8
BLACK
6
CONTINUOUS
10
6.1127211811023621
20
-4.0923850787401577
11
6.1119712992125983
21
-4.093884881889764
0
LINE
8
BLACK
6
CONTINUOUS
10
6.1119712992125983
20
-4.093884881889764
11
6.1118551574803144
21
-4.0940344881889761
0
LINE
8
BLACK
6
CONTINUOUS
10
6.1118551574803144
20
-4.0940344881889761
11
6.1117500393700785
21
-4.0941918503937007
0
LINE
8
BLACK
6
CONTINUOUS
10
6.1117500393700785
20
-4.0941918503937007
11
6.1110853543307089
21
-4.0948564960629916
0
LINE
8
BLACK
6
CONTINUOUS
10
6.1110853543307089
20
-4.0948564960629916
11
6.1117500393700785
21
-4.0955211811023622
0
LINE
8
BLACK
6
CONTINUOUS
10
6.1117500393700785
20
-4.0955211811023622
11
6.1118551574803144
21
-4.0956785039370081
0
LINE
8
BLACK
6
CONTINUOUS
10
6.1118551574803144
20
-4.0956785039370081
11
6.1119712992125983
21
-4.0958281496062989
0
LINE
8
BLACK
6
CONTINUOUS
10
6.1119712992125983
20
-4.0958281496062989
11
6.1127211811023621
21
-4.0973279527559052
0
LINE
8
BLACK
6
CONTINUOUS
10
6.1127211811023621
20
-4.0973279527559052
11
6.1127367716535428
21
-4.0973849606299213
0
LINE
8
BLACK
6
CONTINUOUS
10
6.1127367716535428
20
-4.0973849606299213
11
6.11275594488189
21
-4.0974041338582676
0
LINE
8
BLACK
6
CONTINUOUS
10
6.11275594488189
20
-4.0974041338582676
11
6.1127928740157476
21
-4.0975899212598428
0
LINE
8
BLACK
6
CONTINUOUS
10
6.1127928740157476
20
-4.0975899212598428
11
6.1128428740157483
21
-4.0977724409448815
0
LINE
8
BLACK
6
CONTINUOUS
10
6.1128428740157483
20
-4.0977724409448815
11
6.1128342913385829
21
-4.0977980708661415
0
LINE
8
BLACK
6
CONTINUOUS
10
6.1128342913385829
20
-4.0977980708661415
11
6.1128458661417318
21
-4.097856141732283
0
LINE
8
BLACK
6
CONTINUOUS
10
6.1128458661417318
20
-4.097856141732283
11
6.1128458661417318
21
-4.1008557874015743
0
LINE
8
BLACK
6
CONTINUOUS
10
6.1128458661417318
20
-4.1008557874015743
11
6.1128342913385829
21
-4.100913818897638
0
LINE
8
BLACK
6
CONTINUOUS
10
6.1128342913385829
20
-4.100913818897638
11
6.1128428740157483
21
-4.1009394881889767
0
LINE
8
BLACK
6
CONTINUOUS
10
6.1128428740157483
20
-4.1009394881889767
11
6.1127928740157476
21
-4.1011219685039366
0
LINE
8
BLACK
6
CONTINUOUS
10
6.1127928740157476
20
-4.1011219685039366
11
6.11275594488189
21
-4.1013077952755905
0
LINE
8
BLACK
6
CONTINUOUS
10
6.11275594488189
20
-4.1013077952755905
11
6.1127367716535428
21
-4.1013269291338581
0
LINE
8
BLACK
6
CONTINUOUS
10
6.1127367716535428
20
-4.1013269291338581
11
6.1127211811023621
21
-4.1013839763779529
0
LINE
8
BLACK
6
CONTINUOUS
10
6.1127211811023621
20
-4.1013839763779529
11
6.1119712992125983
21
-4.1028837795275592
0
LINE
8
BLACK
6
CONTINUOUS
10
6.1119712992125983
20
-4.1028837795275592
11
6.1118551574803144
21
-4.1030333858267714
0
LINE
8
BLACK
6
CONTINUOUS
10
6.1118551574803144
20
-4.1030333858267714
11
6.1117500393700785
21
-4.103190748031496
0
LINE
8
BLACK
6
CONTINUOUS
10
6.1117500393700785
20
-4.103190748031496
11
6.111000118110236
21
-4.1039406692913385
0
LINE
8
BLACK
6
CONTINUOUS
10
6.111000118110236
20
-4.1039406692913385
11
6.1108427559055114
21
-4.1040457480314956
0
LINE
8
BLACK
6
CONTINUOUS
10
6.1108427559055114
20
-4.1040457480314956
11
6.1106931496062993
21
-4.1041619291338582
0
LINE
8
BLACK
6
CONTINUOUS
10
6.1106931496062993
20
-4.1041619291338582
11
6.109193346456693
21
-4.104911811023622
0
LINE
8
BLACK
6
CONTINUOUS
10
6.109193346456693
20
-4.104911811023622
11
6.1091362992125982
21
-4.1049274015748027
0
LINE
8
BLACK
6
CONTINUOUS
10
6.1091362992125982
20
-4.1049274015748027
11
6.1091171653543306
21
-4.10494657480315
0
LINE
8
BLACK
6
CONTINUOUS
10
6.1091171653543306
20
-4.10494657480315
11
6.1089313385826767
21
-4.1049835039370075
0
LINE
8
BLACK
6
CONTINUOUS
10
6.1089313385826767
20
-4.1049835039370075
11
6.1087488582677167
21
-4.1050335039370074
0
LINE
8
BLACK
6
CONTINUOUS
10
6.1087488582677167
20
-4.1050335039370074
11
6.108723188976378
21
-4.1050249212598429
0
LINE
8
BLACK
6
CONTINUOUS
10
6.108723188976378
20
-4.1050249212598429
11
6.1086651574803152
21
-4.1050364960629917
0
LINE
8
BLACK
6
CONTINUOUS
10
6.1086651574803152
20
-4.1050364960629917
11
6.1056655118110239
21
-4.1050364960629917
0
LINE
8
BLACK
6
CONTINUOUS
10
6.1056655118110239
20
-4.1050364960629917
11
6.1056074409448815
21
-4.1050249212598429
0
LINE
8
BLACK
6
CONTINUOUS
10
6.1056074409448815
20
-4.1050249212598429
11
6.1055818110236215
21
-4.1050335039370074
0
LINE
8
BLACK
6
CONTINUOUS
10
6.1055818110236215
20
-4.1050335039370074
11
6.1053992913385828
21
-4.1049835039370075
0
LINE
8
BLACK
6
CONTINUOUS
10
6.1053992913385828
20
-4.1049835039370075
11
6.1052135039370077
21
-4.10494657480315
0
LINE
8
BLACK
6
CONTINUOUS
10
6.1052135039370077
20
-4.10494657480315
11
6.1051943307086614
21
-4.1049274015748027
0
LINE
8
BLACK
6
CONTINUOUS
10
6.1051943307086614
20
-4.1049274015748027
11
6.1051373228346453
21
-4.104911811023622
0
LINE
8
BLACK
6
CONTINUOUS
10
6.1051373228346453
20
-4.104911811023622
11
6.103637519685039
21
-4.1041619291338582
0
LINE
8
BLACK
6
CONTINUOUS
10
6.103637519685039
20
-4.1041619291338582
11
6.1034877559055118
21
-4.1040457086614168
0
LINE
8
BLACK
6
CONTINUOUS
10
6.1034877559055118
20
-4.1040457086614168
11
6.1033305118110235
21
-4.1039406299212597
0
LINE
8
BLACK
6
CONTINUOUS
10
6.1033305118110235
20
-4.1039406299212597
11
6.1025806299212597
21
-4.103190748031496
0
LINE
8
BLACK
6
CONTINUOUS
10
6.1025806299212597
20
-4.103190748031496
11
6.1024754330708664
21
-4.1030332677165351
0
LINE
8
BLACK
6
CONTINUOUS
10
6.1024754330708664
20
-4.1030332677165351
11
6.1023594094488187
21
-4.102883818897638
0
LINE
8
BLACK
6
CONTINUOUS
10
6.1023594094488187
20
-4.102883818897638
11
6.1016094881889762
21
-4.1013840157480317
0
LINE
8
BLACK
6
CONTINUOUS
10
6.1016094881889762
20
-4.1013840157480317
11
6.1015938582677167
21
-4.1013269291338581
0
LINE
8
BLACK
6
CONTINUOUS
10
6.1015938582677167
20
-4.1013269291338581
11
6.1015747244094483
21
-4.1013077952755905
0
LINE
8
BLACK
6
CONTINUOUS
10
6.1015747244094483
20
-4.1013077952755905
11
6.101537755905512
21
-4.1011220078740154
0
LINE
8
BLACK
6
CONTINUOUS
10
6.101537755905512
20
-4.1011220078740154
11
6.1014877952755908
21
-4.1009394881889767
0
LINE
8
BLACK
6
CONTINUOUS
10
6.1014877952755908
20
-4.1009394881889767
11
6.1014963385826766
21
-4.100913818897638
0
LINE
8
BLACK
6
CONTINUOUS
10
6.1014963385826766
20
-4.100913818897638
11
6.1014848031496065
21
-4.1008557874015743
0
LINE
8
BLACK
6
CONTINUOUS
10
6.1014848031496065
20
-4.1008557874015743
11
6.1014848031496065
21
-4.097856141732283
0
LINE
8
BLACK
6
CONTINUOUS
10
6.1014848031496065
20
-4.097856141732283
11
6.1014963385826766
21
-4.0977980708661415
0
LINE
8
BLACK
6
CONTINUOUS
10
6.1014963385826766
20
-4.0977980708661415
11
6.1014877952755908
21
-4.0977724409448815
0
LINE
8
BLACK
6
CONTINUOUS
10
6.1014877952755908
20
-4.0977724409448815
11
6.101537755905512
21
-4.097589881889764
0
LINE
8
BLACK
6
CONTINUOUS
10
6.101537755905512
20
-4.097589881889764
11
6.1015747244094483
21
-4.0974041338582676
0
LINE
8
BLACK
6
CONTINUOUS
10
6.1015747244094483
20
-4.0974041338582676
11
6.1015938582677167
21
-4.0973849606299213
0
LINE
8
BLACK
6
CONTINUOUS
10
6.1015938582677167
20
-4.0973849606299213
11
6.1016094881889762
21
-4.0973279133858265
0
LINE
8
BLACK
6
CONTINUOUS
10
6.1016094881889762
20
-4.0973279133858265
11
6.1023594094488187
21
-4.0958281102362202
0
LINE
8
BLACK
6
CONTINUOUS
10
6.1023594094488187
20
-4.0958281102362202
11
6.1024754330708664
21
-4.0956786220472443
0
LINE
8
BLACK
6
CONTINUOUS
10
6.1024754330708664
20
-4.0956786220472443
11
6.1025806299212597
21
-4.0955211811023622
0
LINE
8
BLACK
6
CONTINUOUS
10
6.1025806299212597
20
-4.0955211811023622
11
6.1032452755905506
21
-4.0948564960629916
0
LINE
8
BLACK
6
CONTINUOUS
10
6.1032452755905506
20
-4.0948564960629916
11
6.1025806299212597
21
-4.0941918503937007
0
LINE
8
BLACK
6
CONTINUOUS
10
6.1025806299212597
20
-4.0941918503937007
11
6.1024754330708664
21
-4.0940343700787398
0
LINE
8
BLACK
6
CONTINUOUS
10
6.1024754330708664
20
-4.0940343700787398
11
6.1023594094488187
21
-4.0938849212598427
0
LINE
8
BLACK
6
CONTINUOUS
10
6.1023594094488187
20
-4.0938849212598427
11
6.1016094881889762
21
-4.0923851181102364
0
LINE
8
BLACK
6
CONTINUOUS
10
6.1016094881889762
20
-4.0923851181102364
11
6.1015938582677167
21
-4.0923280314960628
0
LINE
8
BLACK
6
CONTINUOUS
10
6.1015938582677167
20
-4.0923280314960628
11
6.1015747244094483
21
-4.0923088976377953
0
LINE
8
BLACK
6
CONTINUOUS
10
6.1015747244094483
20
-4.0923088976377953
11
6.101537755905512
21
-4.0921231102362201
0
LINE
8
BLACK
6
CONTINUOUS
10
6.101537755905512
20
-4.0921231102362201
11
6.1014877952755908
21
-4.0919405905511814
0
LINE
8
BLACK
6
CONTINUOUS
10
6.1014877952755908
20
-4.0919405905511814
11
6.1014963385826766
21
-4.0919149212598427
0
LINE
8
BLACK
6
CONTINUOUS
10
6.1014963385826766
20
-4.0919149212598427
11
6.1014848031496065
21
-4.091856889763779
0
LINE
8
BLACK
6
CONTINUOUS
10
6.1014848031496065
20
-4.091856889763779
11
6.1014848031496065
21
-4.0911070078740153
0
LINE
8
BLACK
6
CONTINUOUS
10
6.1014848031496065
20
-4.0911070078740153
11
6.1014963385826766
21
-4.0910489370078738
0
LINE
8
BLACK
6
CONTINUOUS
10
6.1014963385826766
20
-4.0910489370078738
11
6.1014877952755908
21
-4.0910233070866138
0
LINE
8
BLACK
6
CONTINUOUS
10
6.1014877952755908
20
-4.0910233070866138
11
6.101537755905512
21
-4.0908407874015751
0
LINE
8
BLACK
6
CONTINUOUS
10
6.101537755905512
20
-4.0908407874015751
11
6.1015747244094483
21
-4.0906549999999999
0
LINE
8
BLACK
6
CONTINUOUS
10
6.1015747244094483
20
-4.0906549999999999
11
6.1015938582677167
21
-4.0906358267716536
0
LINE
8
BLACK
6
CONTINUOUS
10
6.1015938582677167
20
-4.0906358267716536
11
6.1016094881889762
21
-4.0905788188976375
0
LINE
8
BLACK
6
CONTINUOUS
10
6.1016094881889762
20
-4.0905788188976375
11
6.1023594094488187
21
-4.0890789370078737
0
LINE
8
BLACK
6
CONTINUOUS
10
6.1023594094488187
20
-4.0890789370078737
11
6.1024756299212601
21
-4.0889291732283466
0
LINE
8
BLACK
6
CONTINUOUS
10
6.1024756299212601
20
-4.0889291732283466
11
6.1025806692913385
21
-4.0887720078740157
0
LINE
8
BLACK
6
CONTINUOUS
10
6.1025806692913385
20
-4.0887720078740157
11
6.1033305511811022
21
-4.0880220866141732
0
LINE
8
BLACK
6
CONTINUOUS
10
6.1033305511811022
20
-4.0880220866141732
11
6.1034880708661419
21
-4.0879168110236224
0
LINE
8
BLACK
6
CONTINUOUS
10
6.1034880708661419
20
-4.0879168110236224
11
6.1036374803149602
21
-4.0878008661417322
0
LINE
8
BLACK
6
CONTINUOUS
10
6.1036374803149602
20
-4.0878008661417322
11
6.1051373228346453
21
-4.0870509448818897
0
LINE
8
BLACK
6
CONTINUOUS
10
6.1051373228346453
20
-4.0870509448818897
11
6.1051943307086614
21
-4.0870353149606302
0
LINE
8
BLACK
6
CONTINUOUS
10
6.1051943307086614
20
-4.0870353149606302
11
6.1052135039370077
21
-4.0870161811023618
0
LINE
8
BLACK
6
CONTINUOUS
10
6.1052135039370077
20
-4.0870161811023618
11
6.1053989763779528
21
-4.0869792519685042
0
LINE
8
BLACK
6
CONTINUOUS
10
6.1053989763779528
20
-4.0869792519685042
11
6.1055818110236215
21
-4.0869292125984247
0
LINE
8
BLACK
6
CONTINUOUS
10
6.1055818110236215
20
-4.0869292125984247
11
6.105607519685039
21
-4.0869377559055113
0
LINE
8
BLACK
6
CONTINUOUS
10
6.105607519685039
20
-4.0869377559055113
11
6.1056655118110239
21
-4.08692625984252
0
LINE
8
BLACK
6
CONTINUOUS
10
6.1056655118110239
20
-4.08692625984252
11
6.1086651574803152
21
-4.08692625984252
0
LINE
8
BLACK
6
CONTINUOUS
10
6.1086651574803152
20
-4.08692625984252
11
6.108723188976378
21
-4.0869377952755901
0
LINE
8
BLACK
6
CONTINUOUS
10
6.1048653937007868
20
-4.0965770472440948
11
6.1043864960629923
21
-4.097055984251968
0
LINE
8
BLACK
6
CONTINUOUS
10
6.1043864960629923
20
-4.097055984251968
11
6.1038470078740152
21
-4.0981350000000001
0
LINE
8
BLACK
6
CONTINUOUS
10
6.1038470078740152
20
-4.0981350000000001
11
6.1038470078740152
21
-4.1005769291338581
0
LINE
8
BLACK
6
CONTINUOUS
10
6.1038470078740152
20
-4.1005769291338581
11
6.1043864960629923
21
-4.1016559055118114
0
LINE
8
BLACK
6
CONTINUOUS
10
6.1043864960629923
20
-4.1016559055118114
11
6.1048653937007868
21
-4.1021348425196846
0
LINE
8
BLACK
6
CONTINUOUS
10
6.1048653937007868
20
-4.1021348425196846
11
6.1059443307086614
21
-4.102674291338583
0
LINE
8
BLACK
6
CONTINUOUS
10
6.1059443307086614
20
-4.102674291338583
11
6.1083863385826769
21
-4.102674291338583
0
LINE
8
BLACK
6
CONTINUOUS
10
6.1083863385826769
20
-4.102674291338583
11
6.1094653543307089
21
-4.1021347637795271
0
LINE
8
BLACK
6
CONTINUOUS
10
6.1094653543307089
20
-4.1021347637795271
11
6.1099441338582672
21
-4.101655984251968
0
LINE
8
BLACK
6
CONTINUOUS
10
6.1099441338582672
20
-4.101655984251968
11
6.110483661417323
21
-4.1005769685039368
0
LINE
8
BLACK
6
CONTINUOUS
10
6.110483661417323
20
-4.1005769685039368
11
6.110483661417323
21
-4.0981349212598426
0
LINE
8
BLACK
6
CONTINUOUS
10
6.110483661417323
20
-4.0981349212598426
11
6.1099441338582672
21
-4.0970559055118105
0
LINE
8
BLACK
6
CONTINUOUS
10
6.1099441338582672
20
-4.0970559055118105
11
6.1094653543307089
21
-4.0965771259842523
0
LINE
8
BLACK
6
CONTINUOUS
10
6.1094653543307089
20
-4.0965771259842523
11
6.1083863385826769
21
-4.0960376377952752
0
LINE
8
BLACK
6
CONTINUOUS
10
6.1083863385826769
20
-4.0960376377952752
11
6.1059443307086614
21
-4.0960376377952752
0
LINE
8
BLACK
6
CONTINUOUS
10
6.1059443307086614
20
-4.0960376377952752
11
6.1048653937007868
21
-4.0965770472440948
0
LINE
8
BLACK
6
CONTINUOUS
10
6.1048653149606293
20
-4.0898279921259846
11
6.1043864960629923
21
-4.0903067716535428
0
LINE
8
BLACK
6
CONTINUOUS
10
6.1043864960629923
20
-4.0903067716535428
11
6.1038470078740152
21
-4.0913858267716536
0
LINE
8
BLACK
6
CONTINUOUS
10
6.1038470078740152
20
-4.0913858267716536
11
6.1038470078740152
21
-4.0915780314960628
0
LINE
8
BLACK
6
CONTINUOUS
10
6.1038470078740152
20
-4.0915780314960628
11
6.1043864960629923
21
-4.0926570078740161
0
LINE
8
BLACK
6
CONTINUOUS
10
6.1043864960629923
20
-4.0926570078740161
11
6.1048653543307081
21
-4.0931359055118106
0
LINE
8
BLACK
6
CONTINUOUS
10
6.1048653543307081
20
-4.0931359055118106
11
6.1059443700787401
21
-4.0936754330708665
0
LINE
8
BLACK
6
CONTINUOUS
10
6.1059443700787401
20
-4.0936754330708665
11
6.1083862992125981
21
-4.0936754330708665
0
LINE
8
BLACK
6
CONTINUOUS
10
6.1083862992125981
20
-4.0936754330708665
11
6.1094653543307089
21
-4.0931359055118106
0
LINE
8
BLACK
6
CONTINUOUS
10
6.1094653543307089
20
-4.0931359055118106
11
6.1099441338582672
21
-4.0926570866141727
0
LINE
8
BLACK
6
CONTINUOUS
10
6.1099441338582672
20
-4.0926570866141727
11
6.110483661417323
21
-4.0915780708661416
0
LINE
8
BLACK
6
CONTINUOUS
10
6.110483661417323
20
-4.0915780708661416
11
6.110483661417323
21
-4.0913857874015749
0
LINE
8
BLACK
6
CONTINUOUS
10
6.110483661417323
20
-4.0913857874015749
11
6.1099441732283459
21
-4.0903068503937003
0
LINE
8
BLACK
6
CONTINUOUS
10
6.1099441732283459
20
-4.0903068503937003
11
6.1094652755905514
21
-4.0898279527559058
0
LINE
8
BLACK
6
CONTINUOUS
10
6.1094652755905514
20
-4.0898279527559058
11
6.1083862992125981
21
-4.0892884645669287
0
LINE
8
BLACK
6
CONTINUOUS
10
6.1083862992125981
20
-4.0892884645669287
11
6.1059443700787401
21
-4.0892884645669287
0
LINE
8
BLACK
6
CONTINUOUS
10
6.1059443700787401
20
-4.0892884645669287
11
6.1048653149606293
21
-4.0898279921259846
0
LINE
8
BLACK
6
CONTINUOUS
10
6.1315407086614169
20
-4.0791262204724408
11
6.1326060629921262
21
-4.0801915748031492
0
LINE
8
BLACK
6
CONTINUOUS
10
6.1326060629921262
20
-4.0801915748031492
11
6.1327559055118108
21
-4.0809448818897636
0
LINE
8
BLACK
6
CONTINUOUS
10
6.1327559055118108
20
-4.0809448818897636
11
6.1327559055118108
21
-4.1124409448818895
0
LINE
8
BLACK
6
CONTINUOUS
10
6.1327559055118108
20
-4.1124409448818895
11
6.1326060629921262
21
-4.1131942519685039
0
LINE
8
BLACK
6
CONTINUOUS
10
6.1326060629921262
20
-4.1131942519685039
11
6.1315407086614169
21
-4.1142596062992123
0
LINE
8
BLACK
6
CONTINUOUS
10
6.1315407086614169
20
-4.1142596062992123
11
6.1307874015748034
21
-4.1144094488188978
0
LINE
8
BLACK
6
CONTINUOUS
10
6.1307874015748034
20
-4.1144094488188978
11
6.0677952755905507
21
-4.1144094488188978
0
LINE
8
BLACK
6
CONTINUOUS
10
6.0677952755905507
20
-4.1144094488188978
11
6.0670419685039372
21
-4.1142596062992123
0
LINE
8
BLACK
6
CONTINUOUS
10
6.0670419685039372
20
-4.1142596062992123
11
6.0659766141732279
21
-4.1131942519685039
0
LINE
8
BLACK
6
CONTINUOUS
10
6.0659766141732279
20
-4.1131942519685039
11
6.0658267716535432
21
-4.1124409448818895
0
LINE
8
BLACK
6
CONTINUOUS
10
6.0658267716535432
20
-4.1124409448818895
11
6.0658267716535432
21
-4.0809448818897636
0
LINE
8
BLACK
6
CONTINUOUS
10
6.0658267716535432
20
-4.0809448818897636
11
6.0659766141732279
21
-4.0801915748031492
0
LINE
8
BLACK
6
CONTINUOUS
10
6.0659766141732279
20
-4.0801915748031492
11
6.0670419685039372
21
-4.0791262204724408
0
LINE
8
BLACK
6
CONTINUOUS
10
6.0670419685039372
20
-4.0791262204724408
11
6.0677952755905507
21
-4.0789763779527561
0
LINE
8
BLACK
6
CONTINUOUS
10
6.0677952755905507
20
-4.0789763779527561
11
6.1307874015748034
21
-4.0789763779527561
0
LINE
8
BLACK
6
CONTINUOUS
10
6.1307874015748034
20
-4.0789763779527561
11
6.1315407086614169
21
-4.0791262204724408
0
LINE
8
BLACK
6
CONTINUOUS
10
6.069763779527559
20
-4.0829133858267719
11
6.069763779527559
21
-4.1104724409448821
0
LINE
8
BLACK
6
CONTINUOUS
10
6.069763779527559
20
-4.1104724409448821
11
6.1288188976377951
21
-4.1104724409448821
0
LINE
8
BLACK
6
CONTINUOUS
10
6.1288188976377951
20
-4.1104724409448821
11
6.1288188976377951
21
-4.0829133858267719
0
LINE
8
BLACK
6
CONTINUOUS
10
6.1288188976377951
20
-4.0829133858267719
11
6.069763779527559
21
-4.0829133858267719
0
LINE
8
BLACK
6
CONTINUOUS
10
6.6589052755905511
20
-4.0397978740157479
11
6.6590551181102358
21
-4.0405511811023622
0
LINE
8
BLACK
6
CONTINUOUS
10
6.6590551181102358
20
-4.0405511811023622
11
6.6590551181102358
21
-4.0602362204724409
0
LINE
8
BLACK
6
CONTINUOUS
10
6.6590551181102358
20
-4.0602362204724409
11
6.6728346456692913
21
-4.0602362204724409
0
LINE
8
BLACK
6
CONTINUOUS
10
6.6728346456692913
20
-4.0602362204724409
11
6.6735879527559057
21
-4.0603860629921256
0
LINE
8
BLACK
6
CONTINUOUS
10
6.6735879527559057
20
-4.0603860629921256
11
6.6746533070866141
21
-4.0614514173228349
0
LINE
8
BLACK
6
CONTINUOUS
10
6.6746533070866141
20
-4.0614514173228349
11
6.6746533070866141
21
-4.0629580314960627
0
LINE
8
BLACK
6
CONTINUOUS
10
6.6746533070866141
20
-4.0629580314960627
11
6.6735879527559057
21
-4.0640233858267711
0
LINE
8
BLACK
6
CONTINUOUS
10
6.6735879527559057
20
-4.0640233858267711
11
6.6728346456692913
21
-4.0641732283464567
0
LINE
8
BLACK
6
CONTINUOUS
10
6.6728346456692913
20
-4.0641732283464567
11
6.6590551181102358
21
-4.0641732283464567
0
LINE
8
BLACK
6
CONTINUOUS
10
6.6590551181102358
20
-4.0641732283464567
11
6.6590551181102358
21
-4.0838582677165354
0
LINE
8
BLACK
6
CONTINUOUS
10
6.6590551181102358
20
-4.0838582677165354
11
6.6589052755905511
21
-4.0846115748031497
0
LINE
8
BLACK
6
CONTINUOUS
10
6.6589052755905511
20
-4.0846115748031497
11
6.6578399212598427
21
-4.0856769291338582
0
LINE
8
BLACK
6
CONTINUOUS
10
6.6578399212598427
20
-4.0856769291338582
11
6.656333307086614
21
-4.0856769291338582
0
LINE
8
BLACK
6
CONTINUOUS
10
6.656333307086614
20
-4.0856769291338582
11
6.6552679527559055
21
-4.0846115748031497
0
LINE
8
BLACK
6
CONTINUOUS
10
6.6552679527559055
20
-4.0846115748031497
11
6.65511811023622
21
-4.0838582677165354
0
LINE
8
BLACK
6
CONTINUOUS
10
6.65511811023622
20
-4.0838582677165354
11
6.65511811023622
21
-4.0658829133858267
0
LINE
8
BLACK
6
CONTINUOUS
10
6.65511811023622
20
-4.0658829133858267
11
6.6345564960629924
21
-4.0795906692913384
0
LINE
8
BLACK
6
CONTINUOUS
10
6.6345564960629924
20
-4.0795906692913384
11
6.6342875590551182
21
-4.0797016929133854
0
LINE
8
BLACK
6
CONTINUOUS
10
6.6342875590551182
20
-4.0797016929133854
11
6.6342178740157483
21
-4.079771417322835
0
LINE
8
BLACK
6
CONTINUOUS
10
6.6342178740157483
20
-4.079771417322835
11
6.6341187795275589
21
-4.079771417322835
0
LINE
8
BLACK
6
CONTINUOUS
10
6.6341187795275589
20
-4.079771417322835
11
6.6338465748031492
21
-4.0798838188976374
0
LINE
8
BLACK
6
CONTINUOUS
10
6.6338465748031492
20
-4.0798838188976374
11
6.6332845669291336
21
-4.079771417322835
0
LINE
8
BLACK
6
CONTINUOUS
10
6.6332845669291336
20
-4.079771417322835
11
6.6327112598425195
21
-4.079771417322835
0
LINE
8
BLACK
6
CONTINUOUS
10
6.6327112598425195
20
-4.079771417322835
11
6.6325679133858264
21
-4.0796280708661419
0
LINE
8
BLACK
6
CONTINUOUS
10
6.6325679133858264
20
-4.0796280708661419
11
6.6323692125984248
21
-4.0795883464566929
0
LINE
8
BLACK
6
CONTINUOUS
10
6.6323692125984248
20
-4.0795883464566929
11
6.6320512598425196
21
-4.0791114173228342
0
LINE
8
BLACK
6
CONTINUOUS
10
6.6320512598425196
20
-4.0791114173228342
11
6.6316459055118111
21
-4.0787060629921257
0
LINE
8
BLACK
6
CONTINUOUS
10
6.6316459055118111
20
-4.0787060629921257
11
6.63158842519685
21
-4.0784171653543302
0
LINE
8
BLACK
6
CONTINUOUS
10
6.63158842519685
20
-4.0784171653543302
11
6.6315335039370078
21
-4.0783347637795275
0
LINE
8
BLACK
6
CONTINUOUS
10
6.6315335039370078
20
-4.0783347637795275
11
6.6315527952755904
21
-4.07823811023622
0
LINE
8
BLACK
6
CONTINUOUS
10
6.6315527952755904
20
-4.07823811023622
11
6.6314960629921256
21
-4.0779527559055113
0
LINE
8
BLACK
6
CONTINUOUS
10
6.6314960629921256
20
-4.0779527559055113
11
6.6314960629921256
21
-4.0641732283464567
0
LINE
8
BLACK
6
CONTINUOUS
10
6.6314960629921256
20
-4.0641732283464567
11
6.6137795275590552
21
-4.0641732283464567
0
LINE
8
BLACK
6
CONTINUOUS
10
6.6137795275590552
20
-4.0641732283464567
11
6.6130262204724408
21
-4.0640233858267711
0
LINE
8
BLACK
6
CONTINUOUS
10
6.6130262204724408
20
-4.0640233858267711
11
6.6119608661417324
21
-4.0629580314960627
0
LINE
8
BLACK
6
CONTINUOUS
10
6.6119608661417324
20
-4.0629580314960627
11
6.6119608661417324
21
-4.0614514173228349
0
LINE
8
BLACK
6
CONTINUOUS
10
6.6119608661417324
20
-4.0614514173228349
11
6.6130262204724408
21
-4.0603860629921256
0
LINE
8
BLACK
6
CONTINUOUS
10
6.6130262204724408
20
-4.0603860629921256
11
6.6137795275590552
21
-4.0602362204724409
0
LINE
8
BLACK
6
CONTINUOUS
10
6.6137795275590552
20
-4.0602362204724409
11
6.6314960629921256
21
-4.0602362204724409
0
LINE
8
BLACK
6
CONTINUOUS
10
6.6314960629921256
20
-4.0602362204724409
11
6.6314960629921256
21
-4.0464566929133854
0
LINE
8
BLACK
6
CONTINUOUS
10
6.6314960629921256
20
-4.0464566929133854
11
6.6315527952755904
21
-4.046171299212598
0
LINE
8
BLACK
6
CONTINUOUS
10
6.6315527952755904
20
-4.046171299212598
11
6.6315335039370078
21
-4.0460746850393701
0
LINE
8
BLACK
6
CONTINUOUS
10
6.6315335039370078
20
-4.0460746850393701
11
6.63158842519685
21
-4.0459922440944878
0
LINE
8
BLACK
6
CONTINUOUS
10
6.63158842519685
20
-4.0459922440944878
11
6.6316459055118111
21
-4.0457033858267719
0
LINE
8
BLACK
6
CONTINUOUS
10
6.6316459055118111
20
-4.0457033858267719
11
6.6320512598425196
21
-4.0452979921259837
0
LINE
8
BLACK
6
CONTINUOUS
10
6.6320512598425196
20
-4.0452979921259837
11
6.6323692125984248
21
-4.0448211023622047
0
LINE
8
BLACK
6
CONTINUOUS
10
6.6323692125984248
20
-4.0448211023622047
11
6.6325679133858264
21
-4.044781338582677
0
LINE
8
BLACK
6
CONTINUOUS
10
6.6325679133858264
20
-4.044781338582677
11
6.6327112598425195
21
-4.0446380314960626
0
LINE
8
BLACK
6
CONTINUOUS
10
6.6327112598425195
20
-4.0446380314960626
11
6.6332845669291336
21
-4.0446380314960626
0
LINE
8
BLACK
6
CONTINUOUS
10
6.6332845669291336
20
-4.0446380314960626
11
6.6338465748031492
21
-4.0445256299212602
0
LINE
8
BLACK
6
CONTINUOUS
10
6.6338465748031492
20
-4.0445256299212602
11
6.6341187795275589
21
-4.0446380314960626
0
LINE
8
BLACK
6
CONTINUOUS
10
6.6341187795275589
20
-4.0446380314960626
11
6.6342178740157483
21
-4.0446380314960626
0
LINE
8
BLACK
6
CONTINUOUS
10
6.6342178740157483
20
-4.0446380314960626
11
6.6342875590551182
21
-4.0447077165354326
0
LINE
8
BLACK
6
CONTINUOUS
10
6.6342875590551182
20
-4.0447077165354326
11
6.6345564960629924
21
-4.0448187795275592
0
LINE
8
BLACK
6
CONTINUOUS
10
6.6345564960629924
20
-4.0448187795275592
11
6.65511811023622
21
-4.0585264960629921
0
LINE
8
BLACK
6
CONTINUOUS
10
6.65511811023622
20
-4.0585264960629921
11
6.65511811023622
21
-4.0405511811023622
0
LINE
8
BLACK
6
CONTINUOUS
10
6.65511811023622
20
-4.0405511811023622
11
6.6552679527559055
21
-4.0397978740157479
0
LINE
8
BLACK
6
CONTINUOUS
10
6.6552679527559055
20
-4.0397978740157479
11
6.656333307086614
21
-4.0387325196850394
0
LINE
8
BLACK
6
CONTINUOUS
10
6.656333307086614
20
-4.0387325196850394
11
6.6578399212598427
21
-4.0387325196850394
0
LINE
8
BLACK
6
CONTINUOUS
10
6.6578399212598427
20
-4.0387325196850394
11
6.6589052755905511
21
-4.0397978740157479
0
LINE
8
BLACK
6
CONTINUOUS
10
6.6354330708661413
20
-4.0742745275590551
11
6.6535378346456691
21
-4.0622047244094484
0
LINE
8
BLACK
6
CONTINUOUS
10
6.6535378346456691
20
-4.0622047244094484
11
6.6354330708661413
21
-4.0501348818897638
0
LINE
8
BLACK
6
CONTINUOUS
10
6.6354330708661413
20
-4.0501348818897638
11
6.6354330708661413
21
-4.0742745275590551
0
LINE
8
BLACK
6
CONTINUOUS
10
6.7090210236220473
20
-4.0288899999999996
11
6.7100863779527558
21
-4.0299553543307089
0
LINE
8
BLACK
6
CONTINUOUS
10
6.7100863779527558
20
-4.0299553543307089
11
6.7102362204724404
21
-4.0307086614173224
0
LINE
8
BLACK
6
CONTINUOUS
10
6.7102362204724404
20
-4.0307086614173224
11
6.7102362204724404
21
-4.0937007874015743
0
LINE
8
BLACK
6
CONTINUOUS
10
6.7102362204724404
20
-4.0937007874015743
11
6.7100863779527558
21
-4.0944540944881886
0
LINE
8
BLACK
6
CONTINUOUS
10
6.7100863779527558
20
-4.0944540944881886
11
6.7090210236220473
21
-4.095519448818898
0
LINE
8
BLACK
6
CONTINUOUS
10
6.7090210236220473
20
-4.095519448818898
11
6.708267716535433
21
-4.0956692913385826
0
LINE
8
BLACK
6
CONTINUOUS
10
6.708267716535433
20
-4.0956692913385826
11
6.5783464566929135
21
-4.0956692913385826
0
LINE
8
BLACK
6
CONTINUOUS
10
6.5783464566929135
20
-4.0956692913385826
11
6.5775931496062991
21
-4.095519448818898
0
LINE
8
BLACK
6
CONTINUOUS
10
6.5775931496062991
20
-4.095519448818898
11
6.5765277952755907
21
-4.0944540944881886
0
LINE
8
BLACK
6
CONTINUOUS
10
6.5765277952755907
20
-4.0944540944881886
11
6.5763779527559052
21
-4.0937007874015743
0
LINE
8
BLACK
6
CONTINUOUS
10
6.5763779527559052
20
-4.0937007874015743
11
6.5763779527559052
21
-4.0820693307086611
0
LINE
8
BLACK
6
CONTINUOUS
10
6.5763779527559052
20
-4.0820693307086611
11
6.5758811811023623
21
-4.0825661023622049
0
LINE
8
BLACK
6
CONTINUOUS
10
6.5758811811023623
20
-4.0825661023622049
11
6.5748167716535431
21
-4.0830070078740155
0
LINE
8
BLACK
6
CONTINUOUS
10
6.5748167716535431
20
-4.0830070078740155
11
6.5742407086614172
21
-4.0830637401574803
0
LINE
8
BLACK
6
CONTINUOUS
10
6.5742407086614172
20
-4.0830637401574803
11
6.5517435433070865
21
-4.0830637401574803
0
LINE
8
BLACK
6
CONTINUOUS
10
6.5517435433070865
20
-4.0830637401574803
11
6.5511674803149607
21
-4.0830070078740155
0
LINE
8
BLACK
6
CONTINUOUS
10
6.5511674803149607
20
-4.0830070078740155
11
6.5501030708661414
21
-4.0825661023622049
0
LINE
8
BLACK
6
CONTINUOUS
10
6.5501030708661414
20
-4.0825661023622049
11
6.5492884251968499
21
-4.0817514566929134
0
LINE
8
BLACK
6
CONTINUOUS
10
6.5492884251968499
20
-4.0817514566929134
11
6.5488475196850393
21
-4.0806870472440941
0
LINE
8
BLACK
6
CONTINUOUS
10
6.5488475196850393
20
-4.0806870472440941
11
6.5488475196850393
21
-4.0795349212598424
0
LINE
8
BLACK
6
CONTINUOUS
10
6.5488475196850393
20
-4.0795349212598424
11
6.5492884251968499
21
-4.0784705118110232
0
LINE
8
BLACK
6
CONTINUOUS
10
6.5492884251968499
20
-4.0784705118110232
11
6.5501030708661414
21
-4.0776558661417326
0
LINE
8
BLACK
6
CONTINUOUS
10
6.5501030708661414
20
-4.0776558661417326
11
6.5511674803149607
21
-4.0772149606299211
0
LINE
8
BLACK
6
CONTINUOUS
10
6.5511674803149607
20
-4.0772149606299211
11
6.5517435433070865
21
-4.0771582283464562
0
LINE
8
BLACK
6
CONTINUOUS
10
6.5517435433070865
20
-4.0771582283464562
11
6.5600393700787398
21
-4.0771582283464562
0
LINE
8
BLACK
6
CONTINUOUS
10
6.5600393700787398
20
-4.0771582283464562
11
6.5600393700787398
21
-4.0497442519685034
0
LINE
8
BLACK
6
CONTINUOUS
10
6.5600393700787398
20
-4.0497442519685034
11
6.5575809842519686
21
-4.0522026377952756
0
LINE
8
BLACK
6
CONTINUOUS
10
6.5575809842519686
20
-4.0522026377952756
11
6.5573546062992127
21
-4.052388385826772
0
LINE
8
BLACK
6
CONTINUOUS
10
6.5573546062992127
20
-4.052388385826772
11
6.557303464566929
21
-4.0524474015748027
0
LINE
8
BLACK
6
CONTINUOUS
10
6.557303464566929
20
-4.0524474015748027
11
6.5572144881889765
21
-4.0525033464566924
0
LINE
8
BLACK
6
CONTINUOUS
10
6.5572144881889765
20
-4.0525033464566924
11
6.5571335433070868
21
-4.0525698425196852
0
LINE
8
BLACK
6
CONTINUOUS
10
6.5571335433070868
20
-4.0525698425196852
11
6.5570615748031491
21
-4.0525996456692912
0
LINE
8
BLACK
6
CONTINUOUS
10
6.5570615748031491
20
-4.0525996456692912
11
6.5568135826771652
21
-4.0527557480314957
0
LINE
8
BLACK
6
CONTINUOUS
10
6.5568135826771652
20
-4.0527557480314957
11
6.5530640551181101
21
-4.0546305118110233
0
LINE
8
BLACK
6
CONTINUOUS
10
6.5530640551181101
20
-4.0546305118110233
11
6.55252342519685
21
-4.0548374015748028
0
LINE
8
BLACK
6
CONTINUOUS
10
6.55252342519685
20
-4.0548374015748028
11
6.5513742125984251
21
-4.05491905511811
0
LINE
8
BLACK
6
CONTINUOUS
10
6.5513742125984251
20
-4.05491905511811
11
6.55028125984252
21
-4.0545547244094484
0
LINE
8
BLACK
6
CONTINUOUS
10
6.55028125984252
20
-4.0545547244094484
11
6.5494108661417325
21
-4.0537998818897636
0
LINE
8
BLACK
6
CONTINUOUS
10
6.5494108661417325
20
-4.0537998818897636
11
6.54889562992126
21
-4.0527693700787397
0
LINE
8
BLACK
6
CONTINUOUS
10
6.54889562992126
20
-4.0527693700787397
11
6.5488139763779527
21
-4.0516201574803148
0
LINE
8
BLACK
6
CONTINUOUS
10
6.5488139763779527
20
-4.0516201574803148
11
6.5491783070866143
21
-4.0505272047244096
0
LINE
8
BLACK
6
CONTINUOUS
10
6.5491783070866143
20
-4.0505272047244096
11
6.5499331496062991
21
-4.0496568110236222
0
LINE
8
BLACK
6
CONTINUOUS
10
6.5499331496062991
20
-4.0496568110236222
11
6.550423031496063
21
-4.0493484645669291
0
LINE
8
BLACK
6
CONTINUOUS
10
6.550423031496063
20
-4.0493484645669291
11
6.5537439763779526
21
-4.0476879921259838
0
LINE
8
BLACK
6
CONTINUOUS
10
6.5537439763779526
20
-4.0476879921259838
11
6.5569478740157479
21
-4.0444840944881886
0
LINE
8
BLACK
6
CONTINUOUS
10
6.5569478740157479
20
-4.0444840944881886
11
6.5605352755905511
21
-4.0391029921259838
0
LINE
8
BLACK
6
CONTINUOUS
10
6.5605352755905511
20
-4.0391029921259838
11
6.5605366141732278
21
-4.0391012992125983
0
LINE
8
BLACK
6
CONTINUOUS
10
6.5605366141732278
20
-4.0391012992125983
11
6.5605370078740153
21
-4.0391004330708657
0
LINE
8
BLACK
6
CONTINUOUS
10
6.5605370078740153
20
-4.0391004330708657
11
6.5605390157480317
21
-4.0390983858267715
0
LINE
8
BLACK
6
CONTINUOUS
10
6.5605390157480317
20
-4.0390983858267715
11
6.5609020472440944
21
-4.0386551574803145
0
LINE
8
BLACK
6
CONTINUOUS
10
6.5609020472440944
20
-4.0386551574803145
11
6.5611449212598423
21
-4.0384924803149609
0
LINE
8
BLACK
6
CONTINUOUS
10
6.5611449212598423
20
-4.0384924803149609
11
6.5613516535433067
21
-4.0382857874015743
0
LINE
8
BLACK
6
CONTINUOUS
10
6.5613516535433067
20
-4.0382857874015743
11
6.5616189370078741
21
-4.0381750393700786
0
LINE
8
BLACK
6
CONTINUOUS
10
6.5616189370078741
20
-4.0381750393700786
11
6.5618593307086615
21
-4.0380140944881893
0
LINE
8
BLACK
6
CONTINUOUS
10
6.5618593307086615
20
-4.0380140944881893
11
6.5621459448818893
21
-4.0379567322834644
0
LINE
8
BLACK
6
CONTINUOUS
10
6.5621459448818893
20
-4.0379567322834644
11
6.562416062992126
21
-4.0378448818897636
0
LINE
8
BLACK
6
CONTINUOUS
10
6.562416062992126
20
-4.0378448818897636
11
6.5627053543307081
21
-4.0378448818897636
0
LINE
8
BLACK
6
CONTINUOUS
10
6.5627053543307081
20
-4.0378448818897636
11
6.5629890157480313
21
-4.0377881496062988
0
LINE
8
BLACK
6
CONTINUOUS
10
6.5629890157480313
20
-4.0377881496062988
11
6.563275787401575
21
-4.0378448818897636
0
LINE
8
BLACK
6
CONTINUOUS
10
6.563275787401575
20
-4.0378448818897636
11
6.5635681889763777
21
-4.0378448818897636
0
LINE
8
BLACK
6
CONTINUOUS
10
6.5635681889763777
20
-4.0378448818897636
11
6.5638354330708664
21
-4.0379555905511806
0
LINE
8
BLACK
6
CONTINUOUS
10
6.5638354330708664
20
-4.0379555905511806
11
6.5641192519685037
21
-4.0380117322834641
0
LINE
8
BLACK
6
CONTINUOUS
10
6.5641192519685037
20
-4.0380117322834641
11
6.564362519685039
21
-4.0381738976377948
0
LINE
8
BLACK
6
CONTINUOUS
10
6.564362519685039
20
-4.0381738976377948
11
6.564632598425197
21
-4.0382857874015743
0
LINE
8
BLACK
6
CONTINUOUS
10
6.564632598425197
20
-4.0382857874015743
11
6.5648370472440947
21
-4.038490236220472
0
LINE
8
BLACK
6
CONTINUOUS
10
6.5648370472440947
20
-4.038490236220472
11
6.5650778740157483
21
-4.0386507874015747
0
LINE
8
BLACK
6
CONTINUOUS
10
6.5650778740157483
20
-4.0386507874015747
11
6.5652405905511806
21
-4.0388937795275588
0
LINE
8
BLACK
6
CONTINUOUS
10
6.5652405905511806
20
-4.0388937795275588
11
6.5654472440944884
21
-4.0391004330708657
0
LINE
8
BLACK
6
CONTINUOUS
10
6.5654472440944884
20
-4.0391004330708657
11
6.5655579133858266
21
-4.0393676377952756
0
LINE
8
BLACK
6
CONTINUOUS
10
6.5655579133858266
20
-4.0393676377952756
11
6.5657189370078735
21
-4.0396080708661417
0
LINE
8
BLACK
6
CONTINUOUS
10
6.5657189370078735
20
-4.0396080708661417
11
6.5657762598425196
21
-4.0398947244094483
0
LINE
8
BLACK
6
CONTINUOUS
10
6.5657762598425196
20
-4.0398947244094483
11
6.5658881496062991
21
-4.040164842519685
0
LINE
8
BLACK
6
CONTINUOUS
10
6.5658881496062991
20
-4.040164842519685
11
6.5659442519685038
21
-4.0407347637795272
0
LINE
8
BLACK
6
CONTINUOUS
10
6.5659442519685038
20
-4.0407347637795272
11
6.5659448818897639
21
-4.0407377952755903
0
LINE
8
BLACK
6
CONTINUOUS
10
6.5659448818897639
20
-4.0407377952755903
11
6.5659446456692914
21
-4.0407388188976379
0
LINE
8
BLACK
6
CONTINUOUS
10
6.5659446456692914
20
-4.0407388188976379
11
6.5659448818897639
21
-4.0407409055118109
0
LINE
8
BLACK
6
CONTINUOUS
10
6.5659448818897639
20
-4.0407409055118109
11
6.5659448818897639
21
-4.0771582283464562
0
LINE
8
BLACK
6
CONTINUOUS
10
6.5659448818897639
20
-4.0771582283464562
11
6.5742407086614172
21
-4.0771582283464562
0
LINE
8
BLACK
6
CONTINUOUS
10
6.5742407086614172
20
-4.0771582283464562
11
6.5748167716535431
21
-4.0772149606299211
0
LINE
8
BLACK
6
CONTINUOUS
10
6.5748167716535431
20
-4.0772149606299211
11
6.5758811811023623
21
-4.0776558661417326
0
LINE
8
BLACK
6
CONTINUOUS
10
6.5758811811023623
20
-4.0776558661417326
11
6.5763779527559052
21
-4.0781526377952755
0
LINE
8
BLACK
6
CONTINUOUS
10
6.5763779527559052
20
-4.0781526377952755
11
6.5763779527559052
21
-4.0307086614173224
0
LINE
8
BLACK
6
CONTINUOUS
10
6.5763779527559052
20
-4.0307086614173224
11
6.5765277952755907
21
-4.0299553543307089
0
LINE
8
BLACK
6
CONTINUOUS
10
6.5765277952755907
20
-4.0299553543307089
11
6.5775931496062991
21
-4.0288899999999996
0
LINE
8
BLACK
6
CONTINUOUS
10
6.5775931496062991
20
-4.0288899999999996
11
6.5783464566929135
21
-4.028740157480315
0
LINE
8
BLACK
6
CONTINUOUS
10
6.5783464566929135
20
-4.028740157480315
11
6.708267716535433
21
-4.028740157480315
0
LINE
8
BLACK
6
CONTINUOUS
10
6.708267716535433
20
-4.028740157480315
11
6.7090210236220473
21
-4.0288899999999996
0
LINE
8
BLACK
6
CONTINUOUS
10
6.5803149606299209
20
-4.0326771653543307
11
6.5803149606299209
21
-4.0917322834645669
0
LINE
8
BLACK
6
CONTINUOUS
10
6.5803149606299209
20
-4.0917322834645669
11
6.7062992125984247
21
-4.0917322834645669
0
LINE
8
BLACK
6
CONTINUOUS
10
6.7062992125984247
20
-4.0917322834645669
11
6.7062992125984247
21
-4.0326771653543307
0
LINE
8
BLACK
6
CONTINUOUS
10
6.7062992125984247
20
-4.0326771653543307
11
6.5803149606299209
21
-4.0326771653543307
0
LINE
8
BLACK
6
CONTINUOUS
10
6.9007287007874014
20
-3.8637425984251967
11
6.900806456692913
21
-3.8637370866141731
0
LINE
8
BLACK
6
CONTINUOUS
10
6.900806456692913
20
-3.8637370866141731
11
6.9009087007874017
21
-3.8637603149606297
0
LINE
8
BLACK
6
CONTINUOUS
10
6.9009087007874017
20
-3.8637603149606297
11
6.9010132283464563
21
-3.8637706299212597
0
LINE
8
BLACK
6
CONTINUOUS
10
6.9010132283464563
20
-3.8637706299212597
11
6.9010853149606302
21
-3.8638004724409449
0
LINE
8
BLACK
6
CONTINUOUS
10
6.9010853149606302
20
-3.8638004724409449
11
6.9013709055118104
21
-3.8638654330708659
0
LINE
8
BLACK
6
CONTINUOUS
10
6.9013709055118104
20
-3.8638654330708659
11
6.906995196850394
21
-3.8657401968503935
0
LINE
8
BLACK
6
CONTINUOUS
10
6.906995196850394
20
-3.8657401968503935
11
6.9075237401574805
21
-3.8659761811023623
0
LINE
8
BLACK
6
CONTINUOUS
10
6.9075237401574805
20
-3.8659761811023623
11
6.9076038188976376
21
-3.8660456299212598
0
LINE
8
BLACK
6
CONTINUOUS
10
6.9076038188976376
20
-3.8660456299212598
11
6.9077018897637794
21
-3.8660862598425196
0
LINE
8
BLACK
6
CONTINUOUS
10
6.9077018897637794
20
-3.8660862598425196
11
6.90814937007874
21
-3.8664535039370076
0
LINE
8
BLACK
6
CONTINUOUS
10
6.90814937007874
20
-3.8664535039370076
11
6.9118989370078738
21
-3.8702030314960627
0
LINE
8
BLACK
6
CONTINUOUS
10
6.9118989370078738
20
-3.8702030314960627
11
6.9122661811023622
21
-3.870650472440945
0
LINE
8
BLACK
6
CONTINUOUS
10
6.9122661811023622
20
-3.870650472440945
11
6.9123067716535429
21
-3.870748503937008
0
LINE
8
BLACK
6
CONTINUOUS
10
6.9123067716535429
20
-3.870748503937008
11
6.9123762598425191
21
-3.8708286220472439
0
LINE
8
BLACK
6
CONTINUOUS
10
6.9123762598425191
20
-3.8708286220472439
11
6.9126122440944879
21
-3.8713572047244091
0
LINE
8
BLACK
6
CONTINUOUS
10
6.9126122440944879
20
-3.8713572047244091
11
6.9144870078740155
21
-3.8769814566929135
0
LINE
8
BLACK
6
CONTINUOUS
10
6.9144870078740155
20
-3.8769814566929135
11
6.9145519291338582
21
-3.877267086614173
0
LINE
8
BLACK
6
CONTINUOUS
10
6.9145519291338582
20
-3.877267086614173
11
6.9145818110236217
21
-3.8773391732283464
0
LINE
8
BLACK
6
CONTINUOUS
10
6.9145818110236217
20
-3.8773391732283464
11
6.9145920866141735
21
-3.8774436220472439
0
LINE
8
BLACK
6
CONTINUOUS
10
6.9145920866141735
20
-3.8774436220472439
11
6.9146153543307083
21
-3.8775459055118109
0
LINE
8
BLACK
6
CONTINUOUS
10
6.9146153543307083
20
-3.8775459055118109
11
6.9146098031496059
21
-3.8776236220472442
0
LINE
8
BLACK
6
CONTINUOUS
10
6.9146098031496059
20
-3.8776236220472442
11
6.9146385433070865
21
-3.8779152362204723
0
LINE
8
BLACK
6
CONTINUOUS
10
6.9146385433070865
20
-3.8779152362204723
11
6.9146385433070865
21
-3.8816647637795274
0
LINE
8
BLACK
6
CONTINUOUS
10
6.9146385433070865
20
-3.8816647637795274
11
6.9145818110236217
21
-3.8822408267716533
0
LINE
8
BLACK
6
CONTINUOUS
10
6.9145818110236217
20
-3.8822408267716533
11
6.914140905511811
21
-3.8833052362204725
0
LINE
8
BLACK
6
CONTINUOUS
10
6.914140905511811
20
-3.8833052362204725
11
6.9133262598425196
21
-3.8841198818897635
0
LINE
8
BLACK
6
CONTINUOUS
10
6.9133262598425196
20
-3.8841198818897635
11
6.9122618503937003
21
-3.8845607874015746
0
LINE
8
BLACK
6
CONTINUOUS
10
6.9122618503937003
20
-3.8845607874015746
11
6.9111097244094486
21
-3.8845607874015746
0
LINE
8
BLACK
6
CONTINUOUS
10
6.9111097244094486
20
-3.8845607874015746
11
6.9100453149606293
21
-3.8841198818897635
0
LINE
8
BLACK
6
CONTINUOUS
10
6.9100453149606293
20
-3.8841198818897635
11
6.9092306692913388
21
-3.8833052362204725
0
LINE
8
BLACK
6
CONTINUOUS
10
6.9092306692913388
20
-3.8833052362204725
11
6.9087897637795272
21
-3.8822408267716533
0
LINE
8
BLACK
6
CONTINUOUS
10
6.9087897637795272
20
-3.8822408267716533
11
6.9087330314960624
21
-3.8816647637795274
0
LINE
8
BLACK
6
CONTINUOUS
10
6.9087330314960624
20
-3.8816647637795274
11
6.9087330314960624
21
-3.8783943700787402
0
LINE
8
BLACK
6
CONTINUOUS
10
6.9087330314960624
20
-3.8783943700787402
11
6.9072302362204727
21
-3.8738859842519684
0
LINE
8
BLACK
6
CONTINUOUS
10
6.9072302362204727
20
-3.8738859842519684
11
6.9044664173228343
21
-3.8711222047244092
0
LINE
8
BLACK
6
CONTINUOUS
10
6.9044664173228343
20
-3.8711222047244092
11
6.8999580314960625
21
-3.869619409448819
0
LINE
8
BLACK
6
CONTINUOUS
10
6.8999580314960625
20
-3.869619409448819
11
6.8723157086614171
21
-3.869619409448819
0
LINE
8
BLACK
6
CONTINUOUS
10
6.8723157086614171
20
-3.869619409448819
11
6.8717396456692912
21
-3.8695626771653542
0
LINE
8
BLACK
6
CONTINUOUS
10
6.8717396456692912
20
-3.8695626771653542
11
6.8706752362204719
21
-3.8691217716535431
0
LINE
8
BLACK
6
CONTINUOUS
10
6.8706752362204719
20
-3.8691217716535431
11
6.8698605905511814
21
-3.8683071259842521
0
LINE
8
BLACK
6
CONTINUOUS
10
6.8698605905511814
20
-3.8683071259842521
11
6.8694196850393698
21
-3.8672427165354328
0
LINE
8
BLACK
6
CONTINUOUS
10
6.8694196850393698
20
-3.8672427165354328
11
6.8694196850393698
21
-3.8660905905511811
0
LINE
8
BLACK
6
CONTINUOUS
10
6.8694196850393698
20
-3.8660905905511811
11
6.8698605905511814
21
-3.8650261811023623
0
LINE
8
BLACK
6
CONTINUOUS
10
6.8698605905511814
20
-3.8650261811023623
11
6.8706752362204719
21
-3.8642115354330708
0
LINE
8
BLACK
6
CONTINUOUS
10
6.8706752362204719
20
-3.8642115354330708
11
6.8717396456692912
21
-3.8637706299212597
0
LINE
8
BLACK
6
CONTINUOUS
10
6.8717396456692912
20
-3.8637706299212597
11
6.8723157086614171
21
-3.8637138976377954
0
LINE
8
BLACK
6
CONTINUOUS
10
6.8723157086614171
20
-3.8637138976377954
11
6.9004371653543304
21
-3.8637138976377954
0
LINE
8
BLACK
6
CONTINUOUS
10
6.9004371653543304
20
-3.8637138976377954
11
6.9007287007874014
21
-3.8637425984251967
0
LINE
8
BLACK
6
CONTINUOUS
10
6.9133262598425196
20
-3.8248414566929134
11
6.914140905511811
21
-3.8256561023622044
0
LINE
8
BLACK
6
CONTINUOUS
10
6.914140905511811
20
-3.8256561023622044
11
6.9145818110236217
21
-3.8267205118110237
0
LINE
8
BLACK
6
CONTINUOUS
10
6.9145818110236217
20
-3.8267205118110237
11
6.9146385433070865
21
-3.8272965748031496
0
LINE
8
BLACK
6
CONTINUOUS
10
6.9146385433070865
20
-3.8272965748031496
11
6.9146385433070865
21
-3.8497937401574802
0
LINE
8
BLACK
6
CONTINUOUS
10
6.9146385433070865
20
-3.8497937401574802
11
6.9145818110236217
21
-3.8503698031496061
0
LINE
8
BLACK
6
CONTINUOUS
10
6.9145818110236217
20
-3.8503698031496061
11
6.914140905511811
21
-3.8514342125984249
0
LINE
8
BLACK
6
CONTINUOUS
10
6.914140905511811
20
-3.8514342125984249
11
6.9133262598425196
21
-3.8522488582677163
0
LINE
8
BLACK
6
CONTINUOUS
10
6.9133262598425196
20
-3.8522488582677163
11
6.9122618503937003
21
-3.8526897637795274
0
LINE
8
BLACK
6
CONTINUOUS
10
6.9122618503937003
20
-3.8526897637795274
11
6.9111097244094486
21
-3.8526897637795274
0
LINE
8
BLACK
6
CONTINUOUS
10
6.9111097244094486
20
-3.8526897637795274
11
6.9100453149606293
21
-3.8522488582677163
0
LINE
8
BLACK
6
CONTINUOUS
10
6.9100453149606293
20
-3.8522488582677163
11
6.9092306692913388
21
-3.8514342125984249
0
LINE
8
BLACK
6
CONTINUOUS
10
6.9092306692913388
20
-3.8514342125984249
11
6.9087897637795272
21
-3.8503698031496061
0
LINE
8
BLACK
6
CONTINUOUS
10
6.9087897637795272
20
-3.8503698031496061
11
6.9087330314960624
21
-3.8497937401574802
0
LINE
8
BLACK
6
CONTINUOUS
10
6.9087330314960624
20
-3.8497937401574802
11
6.9087330314960624
21
-3.8414979133858265
0
LINE
8
BLACK
6
CONTINUOUS
10
6.9087330314960624
20
-3.8414979133858265
11
6.8813190551181105
21
-3.8414979133858265
0
LINE
8
BLACK
6
CONTINUOUS
10
6.8813190551181105
20
-3.8414979133858265
11
6.8837774409448818
21
-3.8439562992125982
0
LINE
8
BLACK
6
CONTINUOUS
10
6.8837774409448818
20
-3.8439562992125982
11
6.8839632677165357
21
-3.8441826771653544
0
LINE
8
BLACK
6
CONTINUOUS
10
6.8839632677165357
20
-3.8441826771653544
11
6.8840222047244097
21
-3.8442338188976377
0
LINE
8
BLACK
6
CONTINUOUS
10
6.8840222047244097
20
-3.8442338188976377
11
6.884078070866142
21
-3.8443225590551182
0
LINE
8
BLACK
6
CONTINUOUS
10
6.884078070866142
20
-3.8443225590551182
11
6.8841446850393702
21
-3.8444037401574804
0
LINE
8
BLACK
6
CONTINUOUS
10
6.8841446850393702
20
-3.8444037401574804
11
6.8841745275590549
21
-3.8444758661417322
0
LINE
8
BLACK
6
CONTINUOUS
10
6.8841745275590549
20
-3.8444758661417322
11
6.8843305511811019
21
-3.8447237007874016
0
LINE
8
BLACK
6
CONTINUOUS
10
6.8843305511811019
20
-3.8447237007874016
11
6.8862053149606295
21
-3.8484732283464567
0
LINE
8
BLACK
6
CONTINUOUS
10
6.8862053149606295
20
-3.8484732283464567
11
6.886412204724409
21
-3.8490138188976375
0
LINE
8
BLACK
6
CONTINUOUS
10
6.886412204724409
20
-3.8490138188976375
11
6.8864938582677162
21
-3.8501630314960629
0
LINE
8
BLACK
6
CONTINUOUS
10
6.8864938582677162
20
-3.8501630314960629
11
6.8861295275590546
21
-3.8512560236220472
0
LINE
8
BLACK
6
CONTINUOUS
10
6.8861295275590546
20
-3.8512560236220472
11
6.8853746850393698
21
-3.8521263779527559
0
LINE
8
BLACK
6
CONTINUOUS
10
6.8853746850393698
20
-3.8521263779527559
11
6.8843441732283459
21
-3.8526416535433068
0
LINE
8
BLACK
6
CONTINUOUS
10
6.8843441732283459
20
-3.8526416535433068
11
6.883194960629921
21
-3.852723307086614
0
LINE
8
BLACK
6
CONTINUOUS
10
6.883194960629921
20
-3.852723307086614
11
6.8821020078740158
21
-3.8523589763779529
0
LINE
8
BLACK
6
CONTINUOUS
10
6.8821020078740158
20
-3.8523589763779529
11
6.8812316141732284
21
-3.8516041338582676
0
LINE
8
BLACK
6
CONTINUOUS
10
6.8812316141732284
20
-3.8516041338582676
11
6.8809232677165353
21
-3.8511142519685038
0
LINE
8
BLACK
6
CONTINUOUS
10
6.8809232677165353
20
-3.8511142519685038
11
6.87926279527559
21
-3.8477933070866142
0
LINE
8
BLACK
6
CONTINUOUS
10
6.87926279527559
20
-3.8477933070866142
11
6.8760588188976373
21
-3.8445893307086614
0
LINE
8
BLACK
6
CONTINUOUS
10
6.8760588188976373
20
-3.8445893307086614
11
6.87067779527559
21
-3.8410020078740157
0
LINE
8
BLACK
6
CONTINUOUS
10
6.87067779527559
20
-3.8410020078740157
11
6.8706761023622045
21
-3.8410006299212598
0
LINE
8
BLACK
6
CONTINUOUS
10
6.8706761023622045
20
-3.8410006299212598
11
6.8706752362204719
21
-3.841000275590551
0
LINE
8
BLACK
6
CONTINUOUS
10
6.8706752362204719
20
-3.841000275590551
11
6.8706731889763777
21
-3.8409982283464568
0
LINE
8
BLACK
6
CONTINUOUS
10
6.8706731889763777
20
-3.8409982283464568
11
6.8702299606299215
21
-3.8406352362204723
0
LINE
8
BLACK
6
CONTINUOUS
10
6.8702299606299215
20
-3.8406352362204723
11
6.8700672834645671
21
-3.8403923228346457
0
LINE
8
BLACK
6
CONTINUOUS
10
6.8700672834645671
20
-3.8403923228346457
11
6.8698605905511814
21
-3.8401856299212596
0
LINE
8
BLACK
6
CONTINUOUS
10
6.8698605905511814
20
-3.8401856299212596
11
6.8697498425196848
21
-3.8399183070866143
0
LINE
8
BLACK
6
CONTINUOUS
10
6.8697498425196848
20
-3.8399183070866143
11
6.8695888976377955
21
-3.8396779527559053
0
LINE
8
BLACK
6
CONTINUOUS
10
6.8695888976377955
20
-3.8396779527559053
11
6.8695315354330706
21
-3.8393912992125983
0
LINE
8
BLACK
6
CONTINUOUS
10
6.8695315354330706
20
-3.8393912992125983
11
6.8694196850393698
21
-3.8391212204724408
0
LINE
8
BLACK
6
CONTINUOUS
10
6.8694196850393698
20
-3.8391212204724408
11
6.8694196850393698
21
-3.8388318897637794
0
LINE
8
BLACK
6
CONTINUOUS
10
6.8694196850393698
20
-3.8388318897637794
11
6.869362952755905
21
-3.8385482677165355
0
LINE
8
BLACK
6
CONTINUOUS
10
6.869362952755905
20
-3.8385482677165355
11
6.8694196850393698
21
-3.8382614566929134
0
LINE
8
BLACK
6
CONTINUOUS
10
6.8694196850393698
20
-3.8382614566929134
11
6.8694196850393698
21
-3.837969094488189
0
LINE
8
BLACK
6
CONTINUOUS
10
6.8694196850393698
20
-3.837969094488189
11
6.8695303937007877
21
-3.8377018110236221
0
LINE
8
BLACK
6
CONTINUOUS
10
6.8695303937007877
20
-3.8377018110236221
11
6.8695865354330703
21
-3.8374180314960631
0
LINE
8
BLACK
6
CONTINUOUS
10
6.8695865354330703
20
-3.8374180314960631
11
6.8697487007874019
21
-3.8371747637795273
0
LINE
8
BLACK
6
CONTINUOUS
10
6.8697487007874019
20
-3.8371747637795273
11
6.8698605905511814
21
-3.8369046850393702
0
LINE
8
BLACK
6
CONTINUOUS
10
6.8698605905511814
20
-3.8369046850393702
11
6.8700651181102357
21
-3.8367001181102363
0
LINE
8
BLACK
6
CONTINUOUS
10
6.8700651181102357
20
-3.8367001181102363
11
6.8702256299212596
21
-3.8364594094488189
0
LINE
8
BLACK
6
CONTINUOUS
10
6.8702256299212596
20
-3.8364594094488189
11
6.8704685039370075
21
-3.8362967322834645
0
LINE
8
BLACK
6
CONTINUOUS
10
6.8704685039370075
20
-3.8362967322834645
11
6.8706752362204719
21
-3.8360900393700788
0
LINE
8
BLACK
6
CONTINUOUS
10
6.8706752362204719
20
-3.8360900393700788
11
6.8709425196850393
21
-3.8359792913385826
0
LINE
8
BLACK
6
CONTINUOUS
10
6.8709425196850393
20
-3.8359792913385826
11
6.8711829133858267
21
-3.8358183464566928
0
LINE
8
BLACK
6
CONTINUOUS
10
6.8711829133858267
20
-3.8358183464566928
11
6.8714695275590554
21
-3.8357609842519684
0
LINE
8
BLACK
6
CONTINUOUS
10
6.8714695275590554
20
-3.8357609842519684
11
6.8717396456692912
21
-3.8356491338582677
0
LINE
8
BLACK
6
CONTINUOUS
10
6.8717396456692912
20
-3.8356491338582677
11
6.8723095669291334
21
-3.8355929921259841
0
LINE
8
BLACK
6
CONTINUOUS
10
6.8723095669291334
20
-3.8355929921259841
11
6.8723125984251965
21
-3.8355924015748029
0
LINE
8
BLACK
6
CONTINUOUS
10
6.8723125984251965
20
-3.8355924015748029
11
6.8723136220472441
21
-3.8355925984251966
0
LINE
8
BLACK
6
CONTINUOUS
10
6.8723136220472441
20
-3.8355925984251966
11
6.8723157086614171
21
-3.8355924015748029
0
LINE
8
BLACK
6
CONTINUOUS
10
6.8723157086614171
20
-3.8355924015748029
11
6.9087330314960624
21
-3.8355924015748029
0
LINE
8
BLACK
6
CONTINUOUS
10
6.9087330314960624
20
-3.8355924015748029
11
6.9087330314960624
21
-3.8272965748031496
0
LINE
8
BLACK
6
CONTINUOUS
10
6.9087330314960624
20
-3.8272965748031496
11
6.9087897637795272
21
-3.8267205118110237
0
LINE
8
BLACK
6
CONTINUOUS
10
6.9087897637795272
20
-3.8267205118110237
11
6.9092306692913388
21
-3.8256561023622044
0
LINE
8
BLACK
6
CONTINUOUS
10
6.9092306692913388
20
-3.8256561023622044
11
6.9100453149606293
21
-3.8248414566929134
0
LINE
8
BLACK
6
CONTINUOUS
10
6.9100453149606293
20
-3.8248414566929134
11
6.9111097244094486
21
-3.8244005511811023
0
LINE
8
BLACK
6
CONTINUOUS
10
6.9111097244094486
20
-3.8244005511811023
11
6.9122618503937003
21
-3.8244005511811023
0
LINE
8
BLACK
6
CONTINUOUS
10
6.9122618503937003
20
-3.8244005511811023
11
6.9133262598425196
21
-3.8248414566929134
0
LINE
8
BLACK
6
CONTINUOUS
10
6.990989527559055
20
-3.6155041732283464
11
6.9920548818897634
21
-3.6165695275590553
0
LINE
8
BLACK
6
CONTINUOUS
10
6.9920548818897634
20
-3.6165695275590553
11
6.992204724409449
21
-3.6173228346456692
0
LINE
8
BLACK
6
CONTINUOUS
10
6.992204724409449
20
-3.6173228346456692
11
6.992204724409449
21
-4.0897637795275585
0
LINE
8
BLACK
6
CONTINUOUS
10
6.992204724409449
20
-4.0897637795275585
11
6.9920548818897634
21
-4.0905170866141729
0
LINE
8
BLACK
6
CONTINUOUS
10
6.9920548818897634
20
-4.0905170866141729
11
6.990989527559055
21
-4.0915824409448822
0
LINE
8
BLACK
6
CONTINUOUS
10
6.990989527559055
20
-4.0915824409448822
11
6.9902362204724406
21
-4.0917322834645669
0
LINE
8
BLACK
6
CONTINUOUS
10
6.9902362204724406
20
-4.0917322834645669
11
6.8307874015748027
21
-4.0917322834645669
0
LINE
8
BLACK
6
CONTINUOUS
10
6.8307874015748027
20
-4.0917322834645669
11
6.8300340944881892
21
-4.0915824409448822
0
LINE
8
BLACK
6
CONTINUOUS
10
6.8300340944881892
20
-4.0915824409448822
11
6.8289687401574799
21
-4.0905170866141729
0
LINE
8
BLACK
6
CONTINUOUS
10
6.8289687401574799
20
-4.0905170866141729
11
6.8288188976377953
21
-4.0897637795275585
0
LINE
8
BLACK
6
CONTINUOUS
10
6.8288188976377953
20
-4.0897637795275585
11
6.8288188976377953
21
-3.6173228346456692
0
LINE
8
BLACK
6
CONTINUOUS
10
6.8288188976377953
20
-3.6173228346456692
11
6.8289687401574799
21
-3.6165695275590553
0
LINE
8
BLACK
6
CONTINUOUS
10
6.8289687401574799
20
-3.6165695275590553
11
6.8300340944881892
21
-3.6155041732283464
0
LINE
8
BLACK
6
CONTINUOUS
10
6.8300340944881892
20
-3.6155041732283464
11
6.8307874015748027
21
-3.6153543307086613
0
LINE
8
BLACK
6
CONTINUOUS
10
6.8307874015748027
20
-3.6153543307086613
11
6.9902362204724406
21
-3.6153543307086613
0
LINE
8
BLACK
6
CONTINUOUS
10
6.9902362204724406
20
-3.6153543307086613
11
6.990989527559055
21
-3.6155041732283464
0
LINE
8
BLACK
6
CONTINUOUS
10
6.832755905511811
20
-3.619291338582677
11
6.832755905511811
21
-3.9804770472440945
0
LINE
8
BLACK
6
CONTINUOUS
10
6.832755905511811
20
-3.9804770472440945
11
6.8597627952755902
21
-3.9995738188976375
0
LINE
8
BLACK
6
CONTINUOUS
10
6.8597627952755902
20
-3.9995738188976375
11
6.8602913385826767
21
-4.0001311023622046
0
LINE
8
BLACK
6
CONTINUOUS
10
6.8602913385826767
20
-4.0001311023622046
11
6.8603490157480316
21
-4.0004674015748032
0
LINE
8
BLACK
6
CONTINUOUS
10
6.8603490157480316
20
-4.0004674015748032
11
6.8605461417322831
21
-4.0007461417322832
0
LINE
8
BLACK
6
CONTINUOUS
10
6.8605461417322831
20
-4.0007461417322832
11
6.860471496062992
21
-4.0011811023622048
0
LINE
8
BLACK
6
CONTINUOUS
10
6.860471496062992
20
-4.0011811023622048
11
6.8605461417322831
21
-4.0016160629921256
0
LINE
8
BLACK
6
CONTINUOUS
10
6.8605461417322831
20
-4.0016160629921256
11
6.8603490157480316
21
-4.0018947637795277
0
LINE
8
BLACK
6
CONTINUOUS
10
6.8603490157480316
20
-4.0018947637795277
11
6.8602913385826767
21
-4.002231102362205
0
LINE
8
BLACK
6
CONTINUOUS
10
6.8602913385826767
20
-4.002231102362205
11
6.8597627952755902
21
-4.0027883858267712
0
LINE
8
BLACK
6
CONTINUOUS
10
6.8597627952755902
20
-4.0027883858267712
11
6.832755905511811
21
-4.0218851181102364
0
LINE
8
BLACK
6
CONTINUOUS
10
6.832755905511811
20
-4.0218851181102364
11
6.832755905511811
21
-4.0877952755905511
0
LINE
8
BLACK
6
CONTINUOUS
10
6.832755905511811
20
-4.0877952755905511
11
6.9882677165354332
21
-4.0877952755905511
0
LINE
8
BLACK
6
CONTINUOUS
10
6.9882677165354332
20
-4.0877952755905511
11
6.9882677165354332
21
-3.619291338582677
0
LINE
8
BLACK
6
CONTINUOUS
10
6.9882677165354332
20
-3.619291338582677
11
6.832755905511811
21
-3.619291338582677
0
LINE
8
BLACK
6
CONTINUOUS
10
6.832755905511811
20
-4.0170632283464567
11
6.8552166929133858
21
-4.0011811023622048
0
LINE
8
BLACK
6
CONTINUOUS
10
6.8552166929133858
20
-4.0011811023622048
11
6.832755905511811
21
-3.9852989370078737
0
LINE
8
BLACK
6
CONTINUOUS
10
6.832755905511811
20
-3.9852989370078737
11
6.832755905511811
21
-4.0170632283464567
0
LINE
8
BLACK
6
CONTINUOUS
10
5.9745674409448819
20
-4.0556733858267719
11
5.9745995275590547
21
-4.0556627165354326
0
LINE
8
BLACK
6
CONTINUOUS
10
5.9745995275590547
20
-4.0556627165354326
11
5.9748275590551181
21
-4.0557251574803148
0
LINE
8
BLACK
6
CONTINUOUS
10
5.9748275590551181
20
-4.0557251574803148
11
5.9750599212598425
21
-4.0557713779527562
0
LINE
8
BLACK
6
CONTINUOUS
10
5.9750599212598425
20
-4.0557713779527562
11
5.9750838582677162
21
-4.0557953149606298
0
LINE
8
BLACK
6
CONTINUOUS
10
5.9750838582677162
20
-4.0557953149606298
11
5.975155157480315
21
-4.0558148425196849
0
LINE
8
BLACK
6
CONTINUOUS
10
5.975155157480315
20
-4.0558148425196849
11
5.9770299212598426
21
-4.0567522047244093
0
LINE
8
BLACK
6
CONTINUOUS
10
5.9770299212598426
20
-4.0567522047244093
11
5.9772166535433069
21
-4.0568971259842517
0
LINE
8
BLACK
6
CONTINUOUS
10
5.9772166535433069
20
-4.0568971259842517
11
5.977413661417323
21
-4.0570287401574801
0
LINE
8
BLACK
6
CONTINUOUS
10
5.977413661417323
20
-4.0570287401574801
11
5.9783510236220474
21
-4.0579661417322832
0
LINE
8
BLACK
6
CONTINUOUS
10
5.9783510236220474
20
-4.0579661417322832
11
5.9784824803149608
21
-4.058162874015748
0
LINE
8
BLACK
6
CONTINUOUS
10
5.9784824803149608
20
-4.058162874015748
11
5.9786275984251969
21
-4.0583498818897636
0
LINE
8
BLACK
6
CONTINUOUS
10
5.9786275984251969
20
-4.0583498818897636
11
5.9795649606299213
21
-4.0602246062992124
0
LINE
8
BLACK
6
CONTINUOUS
10
5.9795649606299213
20
-4.0602246062992124
11
5.9795844881889764
21
-4.0602959448818901
0
LINE
8
BLACK
6
CONTINUOUS
10
5.9795844881889764
20
-4.0602959448818901
11
5.97960842519685
21
-4.0603198818897637
0
LINE
8
BLACK
6
CONTINUOUS
10
5.97960842519685
20
-4.0603198818897637
11
5.9796546062992126
21
-4.0605520472440944
0
LINE
8
BLACK
6
CONTINUOUS
10
5.9796546062992126
20
-4.0605520472440944
11
5.9797170866141727
21
-4.0607802362204719
0
LINE
8
BLACK
6
CONTINUOUS
10
5.9797170866141727
20
-4.0607802362204719
11
5.9797063779527555
21
-4.0608122834645668
0
LINE
8
BLACK
6
CONTINUOUS
10
5.9797063779527555
20
-4.0608122834645668
11
5.9797208267716533
21
-4.0608848818897636
0
LINE
8
BLACK
6
CONTINUOUS
10
5.9797208267716533
20
-4.0608848818897636
11
5.9797208267716533
21
-4.0646344094488187
0
LINE
8
BLACK
6
CONTINUOUS
10
5.9797208267716533
20
-4.0646344094488187
11
5.9797063779527555
21
-4.0647069685039368
0
LINE
8
BLACK
6
CONTINUOUS
10
5.9797063779527555
20
-4.0647069685039368
11
5.9797170866141727
21
-4.0647390551181104
0
LINE
8
BLACK
6
CONTINUOUS
10
5.9797170866141727
20
-4.0647390551181104
11
5.9796546062992126
21
-4.0649672047244092
0
LINE
8
BLACK
6
CONTINUOUS
10
5.9796546062992126
20
-4.0649672047244092
11
5.97960842519685
21
-4.0651994094488186
0
LINE
8
BLACK
6
CONTINUOUS
10
5.97960842519685
20
-4.0651994094488186
11
5.9795844881889764
21
-4.0652233070866144
0
LINE
8
BLACK
6
CONTINUOUS
10
5.9795844881889764
20
-4.0652233070866144
11
5.9795649606299213
21
-4.0652946850393699
0
LINE
8
BLACK
6
CONTINUOUS
10
5.9795649606299213
20
-4.0652946850393699
11
5.9786275984251969
21
-4.0671694094488187
0
LINE
8
BLACK
6
CONTINUOUS
10
5.9786275984251969
20
-4.0671694094488187
11
5.9784825590551183
21
-4.0673562598425193
0
LINE
8
BLACK
6
CONTINUOUS
10
5.9784825590551183
20
-4.0673562598425193
11
5.9783510236220474
21
-4.0675531496062991
0
LINE
8
BLACK
6
CONTINUOUS
10
5.9783510236220474
20
-4.0675531496062991
11
5.9774136220472442
21
-4.0684905118110235
0
LINE
8
BLACK
6
CONTINUOUS
10
5.9774136220472442
20
-4.0684905118110235
11
5.9772168897637794
21
-4.0686219291338581
0
LINE
8
BLACK
6
CONTINUOUS
10
5.9772168897637794
20
-4.0686219291338581
11
5.9770299606299213
21
-4.0687670472440942
0
LINE
8
BLACK
6
CONTINUOUS
10
5.9770299606299213
20
-4.0687670472440942
11
5.9751551968503938
21
-4.0697044488188974
0
LINE
8
BLACK
6
CONTINUOUS
10
5.9751551968503938
20
-4.0697044488188974
11
5.9750838188976374
21
-4.0697239763779525
0
LINE
8
BLACK
6
CONTINUOUS
10
5.9750838188976374
20
-4.0697239763779525
11
5.9750599212598425
21
-4.069747913385827
0
LINE
8
BLACK
6
CONTINUOUS
10
5.9750599212598425
20
-4.069747913385827
11
5.9748277165354331
21
-4.0697940944881887
0
LINE
8
BLACK
6
CONTINUOUS
10
5.9748277165354331
20
-4.0697940944881887
11
5.9745995669291334
21
-4.0698565748031497
0
LINE
8
BLACK
6
CONTINUOUS
10
5.9745995669291334
20
-4.0698565748031497
11
5.9745674409448819
21
-4.0698458661417325
0
LINE
8
BLACK
6
CONTINUOUS
10
5.9745674409448819
20
-4.0698458661417325
11
5.9744949212598426
21
-4.0698603149606294
0
LINE
8
BLACK
6
CONTINUOUS
10
5.9744949212598426
20
-4.0698603149606294
11
5.958559409448819
21
-4.0698603149606294
0
LINE
8
BLACK
6
CONTINUOUS
10
5.958559409448819
20
-4.0698603149606294
11
5.9579944094488191
21
-4.069747913385827
0
LINE
8
BLACK
6
CONTINUOUS
10
5.9579944094488191
20
-4.069747913385827
11
5.9571954330708659
21
-4.0689489370078737
0
LINE
8
BLACK
6
CONTINUOUS
10
5.9571954330708659
20
-4.0689489370078737
11
5.9571954330708659
21
-4.0678189370078739
0
LINE
8
BLACK
6
CONTINUOUS
10
5.9571954330708659
20
-4.0678189370078739
11
5.9579944094488191
21
-4.0670199606299215
0
LINE
8
BLACK
6
CONTINUOUS
10
5.9579944094488191
20
-4.0670199606299215
11
5.958559409448819
21
-4.0669075590551182
0
LINE
8
BLACK
6
CONTINUOUS
10
5.958559409448819
20
-4.0669075590551182
11
5.9741463779527555
21
-4.0669075590551182
0
LINE
8
BLACK
6
CONTINUOUS
10
5.9741463779527555
20
-4.0669075590551182
11
5.9754951574803146
21
-4.0662331102362206
0
LINE
8
BLACK
6
CONTINUOUS
10
5.9754951574803146
20
-4.0662331102362206
11
5.9760937401574798
21
-4.0656345669291341
0
LINE
8
BLACK
6
CONTINUOUS
10
5.9760937401574798
20
-4.0656345669291341
11
5.9767680708661413
21
-4.0642859055118112
0
LINE
8
BLACK
6
CONTINUOUS
10
5.9767680708661413
20
-4.0642859055118112
11
5.9767680708661413
21
-4.0612333464566932
0
LINE
8
BLACK
6
CONTINUOUS
10
5.9767680708661413
20
-4.0612333464566932
11
5.9760937401574798
21
-4.0598846850393704
0
LINE
8
BLACK
6
CONTINUOUS
10
5.9760937401574798
20
-4.0598846850393704
11
5.9754950787401571
21
-4.0592860629921255
0
LINE
8
BLACK
6
CONTINUOUS
10
5.9754950787401571
20
-4.0592860629921255
11
5.9741464173228342
21
-4.0586117322834641
0
LINE
8
BLACK
6
CONTINUOUS
10
5.9741464173228342
20
-4.0586117322834641
11
5.958559409448819
21
-4.0586117322834641
0
LINE
8
BLACK
6
CONTINUOUS
10
5.958559409448819
20
-4.0586117322834641
11
5.9579944094488191
21
-4.0584993307086616
0
LINE
8
BLACK
6
CONTINUOUS
10
5.9579944094488191
20
-4.0584993307086616
11
5.9571954330708659
21
-4.0577003543307084
0
LINE
8
BLACK
6
CONTINUOUS
10
5.9571954330708659
20
-4.0577003543307084
11
5.9571954330708659
21
-4.0565703543307086
0
LINE
8
BLACK
6
CONTINUOUS
10
5.9571954330708659
20
-4.0565703543307086
11
5.9579944094488191
21
-4.0557713779527562
0
LINE
8
BLACK
6
CONTINUOUS
10
5.9579944094488191
20
-4.0557713779527562
11
5.958559409448819
21
-4.0556589763779529
0
LINE
8
BLACK
6
CONTINUOUS
10
5.958559409448819
20
-4.0556589763779529
11
5.9744949212598426
21
-4.0556589763779529
0
LINE
8
BLACK
6
CONTINUOUS
10
5.9744949212598426
20
-4.0556589763779529
11
5.9745674409448819
21
-4.0556733858267719
0
LINE
8
BLACK
6
CONTINUOUS
10
5.9745674409448819
20
-4.0359883070866145
11
5.9745995669291334
21
-4.0359776377952752
0
LINE
8
BLACK
6
CONTINUOUS
10
5.9745995669291334
20
-4.0359776377952752
11
5.9748277165354331
21
-4.0360400787401574
0
LINE
8
BLACK
6
CONTINUOUS
10
5.9748277165354331
20
-4.0360400787401574
11
5.9750599212598425
21
-4.0360862992125988
0
LINE
8
BLACK
6
CONTINUOUS
10
5.9750599212598425
20
-4.0360862992125988
11
5.9750838188976374
21
-4.0361101968503936
0
LINE
8
BLACK
6
CONTINUOUS
10
5.9750838188976374
20
-4.0361101968503936
11
5.9751551968503938
21
-4.0361297637795275
0
LINE
8
BLACK
6
CONTINUOUS
10
5.9751551968503938
20
-4.0361297637795275
11
5.9770299606299213
21
-4.0370671653543306
0
LINE
8
BLACK
6
CONTINUOUS
10
5.9770299606299213
20
-4.0370671653543306
11
5.9772168897637794
21
-4.037212244094488
0
LINE
8
BLACK
6
CONTINUOUS
10
5.9772168897637794
20
-4.037212244094488
11
5.9774136220472442
21
-4.0373437007874013
0
LINE
8
BLACK
6
CONTINUOUS
10
5.9774136220472442
20
-4.0373437007874013
11
5.9783510236220474
21
-4.0382810629921257
0
LINE
8
BLACK
6
CONTINUOUS
10
5.9783510236220474
20
-4.0382810629921257
11
5.9784825590551183
21
-4.0384779133858268
0
LINE
8
BLACK
6
CONTINUOUS
10
5.9784825590551183
20
-4.0384779133858268
11
5.9786275984251969
21
-4.0386648031496062
0
LINE
8
BLACK
6
CONTINUOUS
10
5.9786275984251969
20
-4.0386648031496062
11
5.9795649606299213
21
-4.040539527559055
0
LINE
8
BLACK
6
CONTINUOUS
10
5.9795649606299213
20
-4.040539527559055
11
5.9795844881889764
21
-4.0406108661417326
0
LINE
8
BLACK
6
CONTINUOUS
10
5.9795844881889764
20
-4.0406108661417326
11
5.97960842519685
21
-4.0406348031496062
0
LINE
8
BLACK
6
CONTINUOUS
10
5.97960842519685
20
-4.0406348031496062
11
5.9796546062992126
21
-4.0408669685039369
0
LINE
8
BLACK
6
CONTINUOUS
10
5.9796546062992126
20
-4.0408669685039369
11
5.9797170866141727
21
-4.0410951574803144
0
LINE
8
BLACK
6
CONTINUOUS
10
5.9797170866141727
20
-4.0410951574803144
11
5.9797063779527555
21
-4.0411272047244093
0
LINE
8
BLACK
6
CONTINUOUS
10
5.9797063779527555
20
-4.0411272047244093
11
5.9797208267716533
21
-4.0411998031496061
0
LINE
8
BLACK
6
CONTINUOUS
10
5.9797208267716533
20
-4.0411998031496061
11
5.9797208267716533
21
-4.0458867322834644
0
LINE
8
BLACK
6
CONTINUOUS
10
5.9797208267716533
20
-4.0458867322834644
11
5.9797063779527555
21
-4.0459592913385825
0
LINE
8
BLACK
6
CONTINUOUS
10
5.9797063779527555
20
-4.0459592913385825
11
5.9797170866141727
21
-4.0459913779527561
0
LINE
8
BLACK
6
CONTINUOUS
10
5.9797170866141727
20
-4.0459913779527561
11
5.9796546062992126
21
-4.0462195275590549
0
LINE
8
BLACK
6
CONTINUOUS
10
5.9796546062992126
20
-4.0462195275590549
11
5.97960842519685
21
-4.0464517322834643
0
LINE
8
BLACK
6
CONTINUOUS
10
5.97960842519685
20
-4.0464517322834643
11
5.9795844881889764
21
-4.0464756299212601
0
LINE
8
BLACK
6
CONTINUOUS
10
5.9795844881889764
20
-4.0464756299212601
11
5.9795649606299213
21
-4.0465470078740156
0
LINE
8
BLACK
6
CONTINUOUS
10
5.9795649606299213
20
-4.0465470078740156
11
5.9786275984251969
21
-4.0484217322834644
0
LINE
8
BLACK
6
CONTINUOUS
10
5.9786275984251969
20
-4.0484217322834644
11
5.9784825590551183
21
-4.0486085826771649
0
LINE
8
BLACK
6
CONTINUOUS
10
5.9784825590551183
20
-4.0486085826771649
11
5.9783510236220474
21
-4.0488054724409448
0
LINE
8
BLACK
6
CONTINUOUS
10
5.9783510236220474
20
-4.0488054724409448
11
5.9774136220472442
21
-4.0497428346456692
0
LINE
8
BLACK
6
CONTINUOUS
10
5.9774136220472442
20
-4.0497428346456692
11
5.9769346062992126
21
-4.0500628740157483
0
LINE
8
BLACK
6
CONTINUOUS
10
5.9769346062992126
20
-4.0500628740157483
11
5.9758046850393702
21
-4.0500628346456695
0
LINE
8
BLACK
6
CONTINUOUS
10
5.9758046850393702
20
-4.0500628346456695
11
5.9750056692913383
21
-4.0492637795275588
0
LINE
8
BLACK
6
CONTINUOUS
10
5.9750056692913383
20
-4.0492637795275588
11
5.975005708661417
21
-4.0481338582677164
0
LINE
8
BLACK
6
CONTINUOUS
10
5.975005708661417
20
-4.0481338582677164
11
5.9753257480314961
21
-4.0476548818897635
0
LINE
8
BLACK
6
CONTINUOUS
10
5.9753257480314961
20
-4.0476548818897635
11
5.9760937401574798
21
-4.0468868897637797
0
LINE
8
BLACK
6
CONTINUOUS
10
5.9760937401574798
20
-4.0468868897637797
11
5.9767680708661413
21
-4.0455382283464569
0
LINE
8
BLACK
6
CONTINUOUS
10
5.9767680708661413
20
-4.0455382283464569
11
5.9767680708661413
21
-4.0415482677165357
0
LINE
8
BLACK
6
CONTINUOUS
10
5.9767680708661413
20
-4.0415482677165357
11
5.9760937401574798
21
-4.0401996062992129
0
LINE
8
BLACK
6
CONTINUOUS
10
5.9760937401574798
20
-4.0401996062992129
11
5.9754951574803146
21
-4.0396010629921255
0
LINE
8
BLACK
6
CONTINUOUS
10
5.9754951574803146
20
-4.0396010629921255
11
5.9741463779527555
21
-4.0389266535433066
0
LINE
8
BLACK
6
CONTINUOUS
10
5.9741463779527555
20
-4.0389266535433066
11
5.9701565354330706
21
-4.0389266535433066
0
LINE
8
BLACK
6
CONTINUOUS
10
5.9701565354330706
20
-4.0389266535433066
11
5.9688077559055115
21
-4.0396010236220468
0
LINE
8
BLACK
6
CONTINUOUS
10
5.9688077559055115
20
-4.0396010236220468
11
5.968209212598425
21
-4.0401996062992129
0
LINE
8
BLACK
6
CONTINUOUS
10
5.968209212598425
20
-4.0401996062992129
11
5.9675348425196848
21
-4.0415483464566933
0
LINE
8
BLACK
6
CONTINUOUS
10
5.9675348425196848
20
-4.0415483464566933
11
5.9675348425196848
21
-4.0455381496062994
0
LINE
8
BLACK
6
CONTINUOUS
10
5.9675348425196848
20
-4.0455381496062994
11
5.968209212598425
21
-4.0468868897637797
0
LINE
8
BLACK
6
CONTINUOUS
10
5.968209212598425
20
-4.0468868897637797
11
5.9689771653543309
21
-4.0476548818897635
0
LINE
8
BLACK
6
CONTINUOUS
10
5.9689771653543309
20
-4.0476548818897635
11
5.9692972047244091
21
-4.0481338976377952
0
LINE
8
BLACK
6
CONTINUOUS
10
5.9692972047244091
20
-4.0481338976377952
11
5.9692972047244091
21
-4.0482118897637793
0
LINE
8
BLACK
6
CONTINUOUS
10
5.9692972047244091
20
-4.0482118897637793
11
5.9693466535433073
21
-4.0482723622047248
0
LINE
8
BLACK
6
CONTINUOUS
10
5.9693466535433073
20
-4.0482723622047248
11
5.9692972047244091
21
-4.0487668503937009
0
LINE
8
BLACK
6
CONTINUOUS
10
5.9692972047244091
20
-4.0487668503937009
11
5.9692972047244091
21
-4.0492638188976375
0
LINE
8
BLACK
6
CONTINUOUS
10
5.9692972047244091
20
-4.0492638188976375
11
5.9692419685039368
21
-4.049319015748031
0
LINE
8
BLACK
6
CONTINUOUS
10
5.9692419685039368
20
-4.049319015748031
11
5.9692342125984252
21
-4.0493967716535435
0
LINE
8
BLACK
6
CONTINUOUS
10
5.9692342125984252
20
-4.0493967716535435
11
5.9688494488188972
21
-4.0497115354330706
0
LINE
8
BLACK
6
CONTINUOUS
10
5.9688494488188972
20
-4.0497115354330706
11
5.968498188976378
21
-4.0500628346456695
0
LINE
8
BLACK
6
CONTINUOUS
10
5.968498188976378
20
-4.0500628346456695
11
5.9684201181102363
21
-4.0500628346456695
0
LINE
8
BLACK
6
CONTINUOUS
10
5.9684201181102363
20
-4.0500628346456695
11
5.9683596850393696
21
-4.0501122834645669
0
LINE
8
BLACK
6
CONTINUOUS
10
5.9683596850393696
20
-4.0501122834645669
11
5.9677862992125981
21
-4.0501679133858266
0
LINE
8
BLACK
6
CONTINUOUS
10
5.9677862992125981
20
-4.0501679133858266
11
5.958412519685039
21
-4.0492305511811022
0
LINE
8
BLACK
6
CONTINUOUS
10
5.958412519685039
20
-4.0492305511811022
11
5.9580680314960626
21
-4.0491254724409451
0
LINE
8
BLACK
6
CONTINUOUS
10
5.9580680314960626
20
-4.0491254724409451
11
5.9579944094488191
21
-4.0491254724409451
0
LINE
8
BLACK
6
CONTINUOUS
10
5.9579944094488191
20
-4.0491254724409451
11
5.9579620866141729
21
-4.049093149606299
0
LINE
8
BLACK
6
CONTINUOUS
10
5.9579620866141729
20
-4.049093149606299
11
5.9578614960629919
21
-4.0490624803149604
0
LINE
8
BLACK
6
CONTINUOUS
10
5.9578614960629919
20
-4.0490624803149604
11
5.9575467716535435
21
-4.0486778346456695
0
LINE
8
BLACK
6
CONTINUOUS
10
5.9575467716535435
20
-4.0486778346456695
11
5.9571954330708659
21
-4.0483264960629919
0
LINE
8
BLACK
6
CONTINUOUS
10
5.9571954330708659
20
-4.0483264960629919
11
5.9571748818897641
21
-4.0482233464566928
0
LINE
8
BLACK
6
CONTINUOUS
10
5.9571748818897641
20
-4.0482233464566928
11
5.9571459842519685
21
-4.0481879921259845
0
LINE
8
BLACK
6
CONTINUOUS
10
5.9571459842519685
20
-4.0481879921259845
11
5.9571533070866138
21
-4.0481147244094489
0
LINE
8
BLACK
6
CONTINUOUS
10
5.9571533070866138
20
-4.0481147244094489
11
5.9570830314960626
21
-4.047761496062992
0
LINE
8
BLACK
6
CONTINUOUS
10
5.9570830314960626
20
-4.047761496062992
11
5.9570830314960626
21
-4.0383876771653542
0
LINE
8
BLACK
6
CONTINUOUS
10
5.9570830314960626
20
-4.0383876771653542
11
5.9571954330708659
21
-4.0378226771653543
0
LINE
8
BLACK
6
CONTINUOUS
10
5.9571954330708659
20
-4.0378226771653543
11
5.9579944094488191
21
-4.0370237007874019
0
LINE
8
BLACK
6
CONTINUOUS
10
5.9579944094488191
20
-4.0370237007874019
11
5.9591244094488189
21
-4.0370237007874019
0
LINE
8
BLACK
6
CONTINUOUS
10
5.9591244094488189
20
-4.0370237007874019
11
5.9599233858267713
21
-4.0378226771653543
0
LINE
8
BLACK
6
CONTINUOUS
10
5.9599233858267713
20
-4.0378226771653543
11
5.9600357874015746
21
-4.0383876771653542
0
LINE
8
BLACK
6
CONTINUOUS
10
5.9600357874015746
20
-4.0383876771653542
11
5.9600357874015746
21
-4.0464253543307089
0
LINE
8
BLACK
6
CONTINUOUS
10
5.9600357874015746
20
-4.0464253543307089
11
5.9649214173228344
21
-4.0469139370078739
0
LINE
8
BLACK
6
CONTINUOUS
10
5.9649214173228344
20
-4.0469139370078739
11
5.9647379527559057
21
-4.0465470078740156
0
LINE
8
BLACK
6
CONTINUOUS
10
5.9647379527559057
20
-4.0465470078740156
11
5.9647183858267718
21
-4.0464756299212601
0
LINE
8
BLACK
6
CONTINUOUS
10
5.9647183858267718
20
-4.0464756299212601
11
5.9646944881889761
21
-4.0464517322834643
0
LINE
8
BLACK
6
CONTINUOUS
10
5.9646944881889761
20
-4.0464517322834643
11
5.9646482677165356
21
-4.0462195275590549
0
LINE
8
BLACK
6
CONTINUOUS
10
5.9646482677165356
20
-4.0462195275590549
11
5.9645858267716534
21
-4.0459913779527561
0
LINE
8
BLACK
6
CONTINUOUS
10
5.9645858267716534
20
-4.0459913779527561
11
5.9645964960629918
21
-4.0459592519685037
0
LINE
8
BLACK
6
CONTINUOUS
10
5.9645964960629918
20
-4.0459592519685037
11
5.9645820866141728
21
-4.0458867322834644
0
LINE
8
BLACK
6
CONTINUOUS
10
5.9645820866141728
20
-4.0458867322834644
11
5.9645820866141728
21
-4.0411998031496061
0
LINE
8
BLACK
6
CONTINUOUS
10
5.9645820866141728
20
-4.0411998031496061
11
5.9645964960629918
21
-4.0411272440944881
0
LINE
8
BLACK
6
CONTINUOUS
10
5.9645964960629918
20
-4.0411272440944881
11
5.9645858267716534
21
-4.0410951574803144
0
LINE
8
BLACK
6
CONTINUOUS
10
5.9645858267716534
20
-4.0410951574803144
11
5.9646482677165356
21
-4.0408669685039369
0
LINE
8
BLACK
6
CONTINUOUS
10
5.9646482677165356
20
-4.0408669685039369
11
5.9646944881889761
21
-4.0406348031496062
0
LINE
8
BLACK
6
CONTINUOUS
10
5.9646944881889761
20
-4.0406348031496062
11
5.9647183858267718
21
-4.0406108661417326
0
LINE
8
BLACK
6
CONTINUOUS
10
5.9647183858267718
20
-4.0406108661417326
11
5.9647379527559057
21
-4.040539527559055
0
LINE
8
BLACK
6
CONTINUOUS
10
5.9647379527559057
20
-4.040539527559055
11
5.9656753543307088
21
-4.0386647637795274
0
LINE
8
BLACK
6
CONTINUOUS
10
5.9656753543307088
20
-4.0386647637795274
11
5.9658203543307087
21
-4.0384778740157481
0
LINE
8
BLACK
6
CONTINUOUS
10
5.9658203543307087
20
-4.0384778740157481
11
5.9659518897637795
21
-4.0382810629921257
0
LINE
8
BLACK
6
CONTINUOUS
10
5.9659518897637795
20
-4.0382810629921257
11
5.9668892519685039
21
-4.0373437401574801
0
LINE
8
BLACK
6
CONTINUOUS
10
5.9668892519685039
20
-4.0373437401574801
11
5.9670858661417325
21
-4.0372123622047242
0
LINE
8
BLACK
6
CONTINUOUS
10
5.9670858661417325
20
-4.0372123622047242
11
5.9672729527559056
21
-4.0370671653543306
0
LINE
8
BLACK
6
CONTINUOUS
10
5.9672729527559056
20
-4.0370671653543306
11
5.9691477165354332
21
-4.0361297637795275
0
LINE
8
BLACK
6
CONTINUOUS
10
5.9691477165354332
20
-4.0361297637795275
11
5.9692190551181099
21
-4.0361101968503936
0
LINE
8
BLACK
6
CONTINUOUS
10
5.9692190551181099
20
-4.0361101968503936
11
5.9692429921259844
21
-4.0360862992125988
0
LINE
8
BLACK
6
CONTINUOUS
10
5.9692429921259844
20
-4.0360862992125988
11
5.9694751574803151
21
-4.0360400787401574
0
LINE
8
BLACK
6
CONTINUOUS
10
5.9694751574803151
20
-4.0360400787401574
11
5.9697033464566926
21
-4.0359776377952752
0
LINE
8
BLACK
6
CONTINUOUS
10
5.9697033464566926
20
-4.0359776377952752
11
5.9697354330708663
21
-4.0359883070866145
0
LINE
8
BLACK
6
CONTINUOUS
10
5.9697354330708663
20
-4.0359883070866145
11
5.9698079921259843
21
-4.0359738976377955
0
LINE
8
BLACK
6
CONTINUOUS
10
5.9698079921259843
20
-4.0359738976377955
11
5.9744949212598426
21
-4.0359738976377955
0
LINE
8
BLACK
6
CONTINUOUS
10
5.9744949212598426
20
-4.0359738976377955
11
5.9745674409448819
21
-4.0359883070866145
0
LINE
8
BLACK
6
CONTINUOUS
10
6.0054777165354327
20
-4.0161340944881889
11
6.006116338582677
21
-4.016560826771653
0
LINE
8
BLACK
6
CONTINUOUS
10
6.006116338582677
20
-4.016560826771653
11
6.0317068897637798
21
-4.0421513779527558
0
LINE
8
BLACK
6
CONTINUOUS
10
6.0317068897637798
20
-4.0421513779527558
11
6.0321336220472439
21
-4.0427900000000001
0
LINE
8
BLACK
6
CONTINUOUS
10
6.0321336220472439
20
-4.0427900000000001
11
6.0322834645669294
21
-4.0435433070866145
0
LINE
8
BLACK
6
CONTINUOUS
10
6.0322834645669294
20
-4.0435433070866145
11
6.0322834645669294
21
-4.088818897637795
0
LINE
8
BLACK
6
CONTINUOUS
10
6.0322834645669294
20
-4.088818897637795
11
6.0321336220472439
21
-4.0895722047244094
0
LINE
8
BLACK
6
CONTINUOUS
10
6.0321336220472439
20
-4.0895722047244094
11
6.0310682677165355
21
-4.0906375590551178
0
LINE
8
BLACK
6
CONTINUOUS
10
6.0310682677165355
20
-4.0906375590551178
11
6.0303149606299211
21
-4.0907874015748034
0
LINE
8
BLACK
6
CONTINUOUS
10
6.0303149606299211
20
-4.0907874015748034
11
5.9082677165354331
21
-4.0907874015748034
0
LINE
8
BLACK
6
CONTINUOUS
10
5.9082677165354331
20
-4.0907874015748034
11
5.9075144094488188
21
-4.0906375590551178
0
LINE
8
BLACK
6
CONTINUOUS
10
5.9075144094488188
20
-4.0906375590551178
11
5.9064490551181104
21
-4.0895722047244094
0
LINE
8
BLACK
6
CONTINUOUS
10
5.9064490551181104
20
-4.0895722047244094
11
5.9062992125984248
21
-4.088818897637795
0
LINE
8
BLACK
6
CONTINUOUS
10
5.9062992125984248
20
-4.088818897637795
11
5.9062992125984248
21
-4.0179527559055117
0
LINE
8
BLACK
6
CONTINUOUS
10
5.9062992125984248
20
-4.0179527559055117
11
5.9064490551181104
21
-4.0171994488188973
0
LINE
8
BLACK
6
CONTINUOUS
10
5.9064490551181104
20
-4.0171994488188973
11
5.9075144094488188
21
-4.0161340944881889
0
LINE
8
BLACK
6
CONTINUOUS
10
5.9075144094488188
20
-4.0161340944881889
11
5.9082677165354331
21
-4.0159842519685043
0
LINE
8
BLACK
6
CONTINUOUS
10
5.9082677165354331
20
-4.0159842519685043
11
6.0047244094488184
21
-4.0159842519685043
0
LINE
8
BLACK
6
CONTINUOUS
10
6.0047244094488184
20
-4.0159842519685043
11
6.0054777165354327
21
-4.0161340944881889
0
LINE
8
BLACK
6
CONTINUOUS
10
5.9102362204724406
20
-4.01992125984252
11
5.9102362204724406
21
-4.0868503937007876
0
LINE
8
BLACK
6
CONTINUOUS
10
5.9102362204724406
20
-4.0868503937007876
11
6.0283464566929137
21
-4.0868503937007876
0
LINE
8
BLACK
6
CONTINUOUS
10
6.0283464566929137
20
-4.0868503937007876
11
6.0283464566929137
21
-4.0443586614173226
0
LINE
8
BLACK
6
CONTINUOUS
10
6.0283464566929137
20
-4.0443586614173226
11
6.0039090551181102
21
-4.01992125984252
0
LINE
8
BLACK
6
CONTINUOUS
10
6.0039090551181102
20
-4.01992125984252
11
5.9102362204724406
21
-4.01992125984252
0
LINE
8
BLACK
6
CONTINUOUS
10
6.2202240944881888
20
-4.0390967716535435
11
6.2203364960629921
21
-4.0396617716535435
0
LINE
8
BLACK
6
CONTINUOUS
10
6.2203364960629921
20
-4.0396617716535435
11
6.2203364960629921
21
-4.0552487007874012
0
LINE
8
BLACK
6
CONTINUOUS
10
6.2203364960629921
20
-4.0552487007874012
11
6.221010905511811
21
-4.056597519685039
0
LINE
8
BLACK
6
CONTINUOUS
10
6.221010905511811
20
-4.056597519685039
11
6.2216094488188975
21
-4.0571961023622043
0
LINE
8
BLACK
6
CONTINUOUS
10
6.2216094488188975
20
-4.0571961023622043
11
6.2229581496062991
21
-4.0578704330708657
0
LINE
8
BLACK
6
CONTINUOUS
10
6.2229581496062991
20
-4.0578704330708657
11
6.2260106692913384
21
-4.0578704330708657
0
LINE
8
BLACK
6
CONTINUOUS
10
6.2260106692913384
20
-4.0578704330708657
11
6.2273593307086612
21
-4.0571960629921255
0
LINE
8
BLACK
6
CONTINUOUS
10
6.2273593307086612
20
-4.0571960629921255
11
6.227957992125984
21
-4.0565974409448815
0
LINE
8
BLACK
6
CONTINUOUS
10
6.227957992125984
20
-4.0565974409448815
11
6.2286323228346454
21
-4.0552487795275587
0
LINE
8
BLACK
6
CONTINUOUS
10
6.2286323228346454
20
-4.0552487795275587
11
6.2286323228346454
21
-4.0396617716535435
0
LINE
8
BLACK
6
CONTINUOUS
10
6.2286323228346454
20
-4.0396617716535435
11
6.2287447244094487
21
-4.0390967716535435
0
LINE
8
BLACK
6
CONTINUOUS
10
6.2287447244094487
20
-4.0390967716535435
11
6.2295437007874011
21
-4.0382977952755903
0
LINE
8
BLACK
6
CONTINUOUS
10
6.2295437007874011
20
-4.0382977952755903
11
6.2306737007874018
21
-4.0382977952755903
0
LINE
8
BLACK
6
CONTINUOUS
10
6.2306737007874018
20
-4.0382977952755903
11
6.2314726771653541
21
-4.0390967716535435
0
LINE
8
BLACK
6
CONTINUOUS
10
6.2314726771653541
20
-4.0390967716535435
11
6.2315850787401574
21
-4.0396617716535435
0
LINE
8
BLACK
6
CONTINUOUS
10
6.2315850787401574
20
-4.0396617716535435
11
6.2315850787401574
21
-4.055597283464567
0
LINE
8
BLACK
6
CONTINUOUS
10
6.2315850787401574
20
-4.055597283464567
11
6.2315706299212597
21
-4.0556698425196851
0
LINE
8
BLACK
6
CONTINUOUS
10
6.2315706299212597
20
-4.0556698425196851
11
6.2315813385826768
21
-4.0557019291338579
0
LINE
8
BLACK
6
CONTINUOUS
10
6.2315813385826768
20
-4.0557019291338579
11
6.2315188582677168
21
-4.0559300787401575
0
LINE
8
BLACK
6
CONTINUOUS
10
6.2315188582677168
20
-4.0559300787401575
11
6.2314726771653541
21
-4.056162283464567
0
LINE
8
BLACK
6
CONTINUOUS
10
6.2314726771653541
20
-4.056162283464567
11
6.2314487401574805
21
-4.0561861811023618
0
LINE
8
BLACK
6
CONTINUOUS
10
6.2314487401574805
20
-4.0561861811023618
11
6.2314292125984254
21
-4.0562575590551182
0
LINE
8
BLACK
6
CONTINUOUS
10
6.2314292125984254
20
-4.0562575590551182
11
6.230491850393701
21
-4.058132283464567
0
LINE
8
BLACK
6
CONTINUOUS
10
6.230491850393701
20
-4.058132283464567
11
6.230346732283464
21
-4.0583192519685038
0
LINE
8
BLACK
6
CONTINUOUS
10
6.230346732283464
20
-4.0583192519685038
11
6.2302152755905507
21
-4.0585160236220474
0
LINE
8
BLACK
6
CONTINUOUS
10
6.2302152755905507
20
-4.0585160236220474
11
6.2292779133858263
21
-4.0594534251968506
0
LINE
8
BLACK
6
CONTINUOUS
10
6.2292779133858263
20
-4.0594534251968506
11
6.229080905511811
21
-4.0595850000000002
0
LINE
8
BLACK
6
CONTINUOUS
10
6.229080905511811
20
-4.0595850000000002
11
6.2288941732283467
21
-4.0597299606299213
0
LINE
8
BLACK
6
CONTINUOUS
10
6.2288941732283467
20
-4.0597299606299213
11
6.2270194094488192
21
-4.0606673228346457
0
LINE
8
BLACK
6
CONTINUOUS
10
6.2270194094488192
20
-4.0606673228346457
11
6.2269481102362203
21
-4.0606868110236221
0
LINE
8
BLACK
6
CONTINUOUS
10
6.2269481102362203
20
-4.0606868110236221
11
6.2269241732283467
21
-4.0607107874015744
0
LINE
8
BLACK
6
CONTINUOUS
10
6.2269241732283467
20
-4.0607107874015744
11
6.2266918110236222
21
-4.0607569685039371
0
LINE
8
BLACK
6
CONTINUOUS
10
6.2266918110236222
20
-4.0607569685039371
11
6.2264637795275588
21
-4.0608194488188971
0
LINE
8
BLACK
6
CONTINUOUS
10
6.2264637795275588
20
-4.0608194488188971
11
6.2264316929133861
21
-4.0608087401574799
0
LINE
8
BLACK
6
CONTINUOUS
10
6.2264316929133861
20
-4.0608087401574799
11
6.2263591732283468
21
-4.0608231889763777
0
LINE
8
BLACK
6
CONTINUOUS
10
6.2263591732283468
20
-4.0608231889763777
11
6.2226096456692908
21
-4.0608231889763777
0
LINE
8
BLACK
6
CONTINUOUS
10
6.2226096456692908
20
-4.0608231889763777
11
6.222537047244094
21
-4.0608087401574799
0
LINE
8
BLACK
6
CONTINUOUS
10
6.222537047244094
20
-4.0608087401574799
11
6.222505
21
-4.0608194488188971
0
LINE
8
BLACK
6
CONTINUOUS
10
6.222505
20
-4.0608194488188971
11
6.2222768110236215
21
-4.0607569685039371
0
LINE
8
BLACK
6
CONTINUOUS
10
6.2222768110236215
20
-4.0607569685039371
11
6.2220446456692908
21
-4.0607107874015744
0
LINE
8
BLACK
6
CONTINUOUS
10
6.2220446456692908
20
-4.0607107874015744
11
6.2220207086614172
21
-4.0606868503937008
0
LINE
8
BLACK
6
CONTINUOUS
10
6.2220207086614172
20
-4.0606868503937008
11
6.2219493700787396
21
-4.0606673228346457
0
LINE
8
BLACK
6
CONTINUOUS
10
6.2219493700787396
20
-4.0606673228346457
11
6.2200746456692908
21
-4.0597299606299213
0
LINE
8
BLACK
6
CONTINUOUS
10
6.2200746456692908
20
-4.0597299606299213
11
6.2198877559055115
21
-4.0595849212598427
0
LINE
8
BLACK
6
CONTINUOUS
10
6.2198877559055115
20
-4.0595849212598427
11
6.2196909055118113
21
-4.0594533858267718
0
LINE
8
BLACK
6
CONTINUOUS
10
6.2196909055118113
20
-4.0594533858267718
11
6.2187535433070869
21
-4.0585159842519687
0
LINE
8
BLACK
6
CONTINUOUS
10
6.2187535433070869
20
-4.0585159842519687
11
6.2186220866141735
21
-4.0583192519685038
0
LINE
8
BLACK
6
CONTINUOUS
10
6.2186220866141735
20
-4.0583192519685038
11
6.2184770078740152
21
-4.0581323228346458
0
LINE
8
BLACK
6
CONTINUOUS
10
6.2184770078740152
20
-4.0581323228346458
11
6.2175396062992121
21
-4.0562575590551182
0
LINE
8
BLACK
6
CONTINUOUS
10
6.2175396062992121
20
-4.0562575590551182
11
6.2175200393700782
21
-4.0561861811023618
0
LINE
8
BLACK
6
CONTINUOUS
10
6.2175200393700782
20
-4.0561861811023618
11
6.2174961417322834
21
-4.056162283464567
0
LINE
8
BLACK
6
CONTINUOUS
10
6.2174961417322834
20
-4.056162283464567
11
6.217449921259842
21
-4.0559300787401575
0
LINE
8
BLACK
6
CONTINUOUS
10
6.217449921259842
20
-4.0559300787401575
11
6.2173874803149607
21
-4.0557019291338579
0
LINE
8
BLACK
6
CONTINUOUS
10
6.2173874803149607
20
-4.0557019291338579
11
6.2173981496062991
21
-4.0556698031496063
0
LINE
8
BLACK
6
CONTINUOUS
10
6.2173981496062991
20
-4.0556698031496063
11
6.2173837401574801
21
-4.055597283464567
0
LINE
8
BLACK
6
CONTINUOUS
10
6.2173837401574801
20
-4.055597283464567
11
6.2173837401574801
21
-4.0396617716535435
0
LINE
8
BLACK
6
CONTINUOUS
10
6.2173837401574801
20
-4.0396617716535435
11
6.2174961417322834
21
-4.0390967716535435
0
LINE
8
BLACK
6
CONTINUOUS
10
6.2174961417322834
20
-4.0390967716535435
11
6.2182951181102357
21
-4.0382977952755903
0
LINE
8
BLACK
6
CONTINUOUS
10
6.2182951181102357
20
-4.0382977952755903
11
6.2194251181102365
21
-4.0382977952755903
0
LINE
8
BLACK
6
CONTINUOUS
10
6.2194251181102365
20
-4.0382977952755903
11
6.2202240944881888
21
-4.0390967716535435
0
LINE
8
BLACK
6
CONTINUOUS
10
6.2441994094488189
20
-4.0376090944881886
11
6.2447047244094485
21
-4.0386197244094486
0
LINE
8
BLACK
6
CONTINUOUS
10
6.2447047244094485
20
-4.0386197244094486
11
6.2446327165354329
21
-4.0391912598425197
0
LINE
8
BLACK
6
CONTINUOUS
10
6.2446327165354329
20
-4.0391912598425197
11
6.2405935826771648
21
-4.0513087401574799
0
LINE
8
BLACK
6
CONTINUOUS
10
6.2405935826771648
20
-4.0513087401574799
11
6.2464426377952753
21
-4.0513087401574799
0
LINE
8
BLACK
6
CONTINUOUS
10
6.2464426377952753
20
-4.0513087401574799
11
6.2464426377952753
21
-4.0462234645669293
0
LINE
8
BLACK
6
CONTINUOUS
10
6.2464426377952753
20
-4.0462234645669293
11
6.2465550393700786
21
-4.0456584645669293
0
LINE
8
BLACK
6
CONTINUOUS
10
6.2465550393700786
20
-4.0456584645669293
11
6.247354015748031
21
-4.0448594881889761
0
LINE
8
BLACK
6
CONTINUOUS
10
6.247354015748031
20
-4.0448594881889761
11
6.2484840157480317
21
-4.0448594881889761
0
LINE
8
BLACK
6
CONTINUOUS
10
6.2484840157480317
20
-4.0448594881889761
11
6.249282992125984
21
-4.0456584645669293
0
LINE
8
BLACK
6
CONTINUOUS
10
6.249282992125984
20
-4.0456584645669293
11
6.2493953937007873
21
-4.0462234645669293
0
LINE
8
BLACK
6
CONTINUOUS
10
6.2493953937007873
20
-4.0462234645669293
11
6.2493953937007873
21
-4.0513087401574799
0
LINE
8
BLACK
6
CONTINUOUS
10
6.2493953937007873
20
-4.0513087401574799
11
6.2507311417322837
21
-4.0513087401574799
0
LINE
8
BLACK
6
CONTINUOUS
10
6.2507311417322837
20
-4.0513087401574799
11
6.2512961417322837
21
-4.0514211417322832
0
LINE
8
BLACK
6
CONTINUOUS
10
6.2512961417322837
20
-4.0514211417322832
11
6.252095118110236
21
-4.0522201181102364
0
LINE
8
BLACK
6
CONTINUOUS
10
6.252095118110236
20
-4.0522201181102364
11
6.252095118110236
21
-4.0533501181102363
0
LINE
8
BLACK
6
CONTINUOUS
10
6.252095118110236
20
-4.0533501181102363
11
6.2512961417322837
21
-4.0541490944881886
0
LINE
8
BLACK
6
CONTINUOUS
10
6.2512961417322837
20
-4.0541490944881886
11
6.2507311417322837
21
-4.0542614960629919
0
LINE
8
BLACK
6
CONTINUOUS
10
6.2507311417322837
20
-4.0542614960629919
11
6.2493953937007873
21
-4.0542614960629919
0
LINE
8
BLACK
6
CONTINUOUS
10
6.2493953937007873
20
-4.0542614960629919
11
6.2493953937007873
21
-4.0593468110236222
0
LINE
8
BLACK
6
CONTINUOUS
10
6.2493953937007873
20
-4.0593468110236222
11
6.249282992125984
21
-4.0599118110236221
0
LINE
8
BLACK
6
CONTINUOUS
10
6.249282992125984
20
-4.0599118110236221
11
6.2484840157480317
21
-4.0607107874015744
0
LINE
8
BLACK
6
CONTINUOUS
10
6.2484840157480317
20
-4.0607107874015744
11
6.247354015748031
21
-4.0607107874015744
0
LINE
8
BLACK
6
CONTINUOUS
10
6.247354015748031
20
-4.0607107874015744
11
6.2465550393700786
21
-4.0599118110236221
0
LINE
8
BLACK
6
CONTINUOUS
10
6.2465550393700786
20
-4.0599118110236221
11
6.2464426377952753
21
-4.0593468110236222
0
LINE
8
BLACK
6
CONTINUOUS
10
6.2464426377952753
20
-4.0593468110236222
11
6.2464426377952753
21
-4.0542614960629919
0
LINE
8
BLACK
6
CONTINUOUS
10
6.2464426377952753
20
-4.0542614960629919
11
6.238545196850394
21
-4.0542614960629919
0
LINE
8
BLACK
6
CONTINUOUS
10
6.238545196850394
20
-4.0542614960629919
11
6.2379801968503932
21
-4.0541490944881886
0
LINE
8
BLACK
6
CONTINUOUS
10
6.2379801968503932
20
-4.0541490944881886
11
6.2378083464566929
21
-4.0539772440944883
0
LINE
8
BLACK
6
CONTINUOUS
10
6.2378083464566929
20
-4.0539772440944883
11
6.2375778740157477
21
-4.0539004330708659
0
LINE
8
BLACK
6
CONTINUOUS
10
6.2375778740157477
20
-4.0539004330708659
11
6.2374242125984249
21
-4.0535931102362204
0
LINE
8
BLACK
6
CONTINUOUS
10
6.2374242125984249
20
-4.0535931102362204
11
6.2371812204724408
21
-4.0533501181102363
0
LINE
8
BLACK
6
CONTINUOUS
10
6.2371812204724408
20
-4.0533501181102363
11
6.2371812204724408
21
-4.0531071259842522
0
LINE
8
BLACK
6
CONTINUOUS
10
6.2371812204724408
20
-4.0531071259842522
11
6.2370725590551181
21
-4.0528898031496059
0
LINE
8
BLACK
6
CONTINUOUS
10
6.2370725590551181
20
-4.0528898031496059
11
6.2371445669291337
21
-4.0523182283464569
0
LINE
8
BLACK
6
CONTINUOUS
10
6.2371445669291337
20
-4.0523182283464569
11
6.2418314566929132
21
-4.0382575196850397
0
LINE
8
BLACK
6
CONTINUOUS
10
6.2418314566929132
20
-4.0382575196850397
11
6.2421167716535431
21
-4.037757047244094
0
LINE
8
BLACK
6
CONTINUOUS
10
6.2421167716535431
20
-4.037757047244094
11
6.2431274015748031
21
-4.0372517322834645
0
LINE
8
BLACK
6
CONTINUOUS
10
6.2431274015748031
20
-4.0372517322834645
11
6.2441994094488189
21
-4.0376090944881886
0
LINE
8
BLACK
6
CONTINUOUS
10
6.2700446456692909
20
-4.0131419685039367
11
6.2706832677165352
21
-4.0135687007874017
0
LINE
8
BLACK
6
CONTINUOUS
10
6.2706832677165352
20
-4.0135687007874017
11
6.2962738188976379
21
-4.0391592519685036
0
LINE
8
BLACK
6
CONTINUOUS
10
6.2962738188976379
20
-4.0391592519685036
11
6.2967005511811021
21
-4.0397978740157479
0
LINE
8
BLACK
6
CONTINUOUS
10
6.2967005511811021
20
-4.0397978740157479
11
6.2968503937007876
21
-4.0405511811023622
0
LINE
8
BLACK
6
CONTINUOUS
10
6.2968503937007876
20
-4.0405511811023622
11
6.2968503937007876
21
-4.0858267716535428
0
LINE
8
BLACK
6
CONTINUOUS
10
6.2968503937007876
20
-4.0858267716535428
11
6.2967005511811021
21
-4.0865800787401572
0
LINE
8
BLACK
6
CONTINUOUS
10
6.2967005511811021
20
-4.0865800787401572
11
6.2956351968503936
21
-4.0876454330708665
0
LINE
8
BLACK
6
CONTINUOUS
10
6.2956351968503936
20
-4.0876454330708665
11
6.2948818897637793
21
-4.0877952755905511
0
LINE
8
BLACK
6
CONTINUOUS
10
6.2948818897637793
20
-4.0877952755905511
11
6.1728346456692913
21
-4.0877952755905511
0
LINE
8
BLACK
6
CONTINUOUS
10
6.1728346456692913
20
-4.0877952755905511
11
6.1720813385826769
21
-4.0876454330708665
0
LINE
8
BLACK
6
CONTINUOUS
10
6.1720813385826769
20
-4.0876454330708665
11
6.1710159842519685
21
-4.0865800787401572
0
LINE
8
BLACK
6
CONTINUOUS
10
6.1710159842519685
20
-4.0865800787401572
11
6.170866141732283
21
-4.0858267716535428
0
LINE
8
BLACK
6
CONTINUOUS
10
6.170866141732283
20
-4.0858267716535428
11
6.170866141732283
21
-4.0149606299212595
0
LINE
8
BLACK
6
CONTINUOUS
10
6.170866141732283
20
-4.0149606299212595
11
6.1710159842519685
21
-4.014207322834646
0
LINE
8
BLACK
6
CONTINUOUS
10
6.1710159842519685
20
-4.014207322834646
11
6.1720813385826769
21
-4.0131419685039367
0
LINE
8
BLACK
6
CONTINUOUS
10
6.1720813385826769
20
-4.0131419685039367
11
6.1728346456692913
21
-4.012992125984252
0
LINE
8
BLACK
6
CONTINUOUS
10
6.1728346456692913
20
-4.012992125984252
11
6.2692913385826774
21
-4.012992125984252
0
LINE
8
BLACK
6
CONTINUOUS
10
6.2692913385826774
20
-4.012992125984252
11
6.2700446456692909
21
-4.0131419685039367
0
LINE
8
BLACK
6
CONTINUOUS
10
6.1748031496062987
20
-4.0169291338582678
11
6.1748031496062987
21
-4.0838582677165354
0
LINE
8
BLACK
6
CONTINUOUS
10
6.1748031496062987
20
-4.0838582677165354
11
6.2929133858267718
21
-4.0838582677165354
0
LINE
8
BLACK
6
CONTINUOUS
10
6.2929133858267718
20
-4.0838582677165354
11
6.2929133858267718
21
-4.0413665354330703
0
LINE
8
BLACK
6
CONTINUOUS
10
6.2929133858267718
20
-4.0413665354330703
11
6.2684759842519684
21
-4.0169291338582678
0
LINE
8
BLACK
6
CONTINUOUS
10
6.2684759842519684
20
-4.0169291338582678
11
6.1748031496062987
21
-4.0169291338582678
0
LINE
8
BLACK
6
CONTINUOUS
10
6.5239135826771655
20
-4.0378168503937006
11
6.5239913385826771
21
-4.037811338582677
0
LINE
8
BLACK
6
CONTINUOUS
10
6.5239913385826771
20
-4.037811338582677
11
6.5240935826771649
21
-4.037834566929134
0
LINE
8
BLACK
6
CONTINUOUS
10
6.5240935826771649
20
-4.037834566929134
11
6.5241981102362203
21
-4.0378448818897636
0
LINE
8
BLACK
6
CONTINUOUS
10
6.5241981102362203
20
-4.0378448818897636
11
6.5242701968503933
21
-4.0378747244094484
0
LINE
8
BLACK
6
CONTINUOUS
10
6.5242701968503933
20
-4.0378747244094484
11
6.5245557874015745
21
-4.0379396850393698
0
LINE
8
BLACK
6
CONTINUOUS
10
6.5245557874015745
20
-4.0379396850393698
11
6.5301800787401572
21
-4.0398144488188974
0
LINE
8
BLACK
6
CONTINUOUS
10
6.5301800787401572
20
-4.0398144488188974
11
6.5307086220472437
21
-4.0400504330708662
0
LINE
8
BLACK
6
CONTINUOUS
10
6.5307086220472437
20
-4.0400504330708662
11
6.5307887401574805
21
-4.0401199212598424
0
LINE
8
BLACK
6
CONTINUOUS
10
6.5307887401574805
20
-4.0401199212598424
11
6.5308868110236222
21
-4.0401605511811018
0
LINE
8
BLACK
6
CONTINUOUS
10
6.5308868110236222
20
-4.0401605511811018
11
6.531334251968504
21
-4.0405277559055115
0
LINE
8
BLACK
6
CONTINUOUS
10
6.531334251968504
20
-4.0405277559055115
11
6.5350837795275591
21
-4.0442772834645666
0
LINE
8
BLACK
6
CONTINUOUS
10
6.5350837795275591
20
-4.0442772834645666
11
6.5352696062992122
21
-4.0445036614173224
0
LINE
8
BLACK
6
CONTINUOUS
10
6.5352696062992122
20
-4.0445036614173224
11
6.5353285433070862
21
-4.0445548031496061
0
LINE
8
BLACK
6
CONTINUOUS
10
6.5353285433070862
20
-4.0445548031496061
11
6.5353844094488185
21
-4.0446435433070862
0
LINE
8
BLACK
6
CONTINUOUS
10
6.5353844094488185
20
-4.0446435433070862
11
6.5354510236220467
21
-4.0447247244094484
0
LINE
8
BLACK
6
CONTINUOUS
10
6.5354510236220467
20
-4.0447247244094484
11
6.5354808661417323
21
-4.0447968503937011
0
LINE
8
BLACK
6
CONTINUOUS
10
6.5354808661417323
20
-4.0447968503937011
11
6.5356368897637793
21
-4.04504468503937
0
LINE
8
BLACK
6
CONTINUOUS
10
6.5356368897637793
20
-4.04504468503937
11
6.5375116535433069
21
-4.0487942125984251
0
LINE
8
BLACK
6
CONTINUOUS
10
6.5375116535433069
20
-4.0487942125984251
11
6.5375277559055114
21
-4.0488362992125984
0
LINE
8
BLACK
6
CONTINUOUS
10
6.5375277559055114
20
-4.0488362992125984
11
6.5375404724409449
21
-4.0488534645669292
0
LINE
8
BLACK
6
CONTINUOUS
10
6.5375404724409449
20
-4.0488534645669292
11
6.5376265354330707
21
-4.0490943700787403
0
LINE
8
BLACK
6
CONTINUOUS
10
6.5376265354330707
20
-4.0490943700787403
11
6.5377185433070863
21
-4.0493348031496064
0
LINE
8
BLACK
6
CONTINUOUS
10
6.5377185433070863
20
-4.0493348031496064
11
6.537720039370079
21
-4.0493560629921257
0
LINE
8
BLACK
6
CONTINUOUS
10
6.537720039370079
20
-4.0493560629921257
11
6.5377352362204721
21
-4.0493985826771652
0
LINE
8
BLACK
6
CONTINUOUS
10
6.5377352362204721
20
-4.0493985826771652
11
6.5396099999999997
21
-4.0568976377952755
0
LINE
8
BLACK
6
CONTINUOUS
10
6.5396099999999997
20
-4.0568976377952755
11
6.5396247637795275
21
-4.0569974803149602
0
LINE
8
BLACK
6
CONTINUOUS
10
6.5396247637795275
20
-4.0569974803149602
11
6.5396414173228345
21
-4.057037716535433
0
LINE
8
BLACK
6
CONTINUOUS
10
6.5396414173228345
20
-4.057037716535433
11
6.5396627559055114
21
-4.0572547244094483
0
LINE
8
BLACK
6
CONTINUOUS
10
6.5396627559055114
20
-4.0572547244094483
11
6.5396946456692913
21
-4.057470236220472
0
LINE
8
BLACK
6
CONTINUOUS
10
6.5396946456692913
20
-4.057470236220472
11
6.5396882283464564
21
-4.0575132283464566
0
LINE
8
BLACK
6
CONTINUOUS
10
6.5396882283464564
20
-4.0575132283464566
11
6.5396981496062994
21
-4.0576137795275589
0
LINE
8
BLACK
6
CONTINUOUS
10
6.5396981496062994
20
-4.0576137795275589
11
6.5396981496062994
21
-4.0632380708661415
0
LINE
8
BLACK
6
CONTINUOUS
10
6.5396981496062994
20
-4.0632380708661415
11
6.5396882283464564
21
-4.0633385826771651
0
LINE
8
BLACK
6
CONTINUOUS
10
6.5396882283464564
20
-4.0633385826771651
11
6.5396946456692913
21
-4.0633816141732284
0
LINE
8
BLACK
6
CONTINUOUS
10
6.5396946456692913
20
-4.0633816141732284
11
6.5396627559055114
21
-4.0635970866141733
0
LINE
8
BLACK
6
CONTINUOUS
10
6.5396627559055114
20
-4.0635970866141733
11
6.5396414173228345
21
-4.0638141338582674
0
LINE
8
BLACK
6
CONTINUOUS
10
6.5396414173228345
20
-4.0638141338582674
11
6.5396247637795275
21
-4.0638543307086614
0
LINE
8
BLACK
6
CONTINUOUS
10
6.5396247637795275
20
-4.0638543307086614
11
6.5396099999999997
21
-4.0639542125984249
0
LINE
8
BLACK
6
CONTINUOUS
10
6.5396099999999997
20
-4.0639542125984249
11
6.5377352362204721
21
-4.0714532677165352
0
LINE
8
BLACK
6
CONTINUOUS
10
6.5377352362204721
20
-4.0714532677165352
11
6.537720039370079
21
-4.0714957480314959
0
LINE
8
BLACK
6
CONTINUOUS
10
6.537720039370079
20
-4.0714957480314959
11
6.5377185433070863
21
-4.071517047244094
0
LINE
8
BLACK
6
CONTINUOUS
10
6.5377185433070863
20
-4.071517047244094
11
6.5376267716535432
21
-4.0717567716535434
0
LINE
8
BLACK
6
CONTINUOUS
10
6.5376267716535432
20
-4.0717567716535434
11
6.5375404724409449
21
-4.0719983858267712
0
LINE
8
BLACK
6
CONTINUOUS
10
6.5375404724409449
20
-4.0719983858267712
11
6.5375277559055114
21
-4.0720155118110233
0
LINE
8
BLACK
6
CONTINUOUS
10
6.5375277559055114
20
-4.0720155118110233
11
6.5375116535433069
21
-4.0720576377952753
0
LINE
8
BLACK
6
CONTINUOUS
10
6.5375116535433069
20
-4.0720576377952753
11
6.5356368897637793
21
-4.0758071653543304
0
LINE
8
BLACK
6
CONTINUOUS
10
6.5356368897637793
20
-4.0758071653543304
11
6.5354808267716535
21
-4.076055039370079
0
LINE
8
BLACK
6
CONTINUOUS
10
6.5354808267716535
20
-4.076055039370079
11
6.5354510236220467
21
-4.0761270866141732
0
LINE
8
BLACK
6
CONTINUOUS
10
6.5354510236220467
20
-4.0761270866141732
11
6.535384488188976
21
-4.0762081102362204
0
LINE
8
BLACK
6
CONTINUOUS
10
6.535384488188976
20
-4.0762081102362204
11
6.5353285433070862
21
-4.0762970472440943
0
LINE
8
BLACK
6
CONTINUOUS
10
6.5353285433070862
20
-4.0762970472440943
11
6.5352695275590547
21
-4.076348188976378
0
LINE
8
BLACK
6
CONTINUOUS
10
6.5352695275590547
20
-4.076348188976378
11
6.5350838188976379
21
-4.076574527559055
0
LINE
8
BLACK
6
CONTINUOUS
10
6.5350838188976379
20
-4.076574527559055
11
6.531334251968504
21
-4.0803241338582676
0
LINE
8
BLACK
6
CONTINUOUS
10
6.531334251968504
20
-4.0803241338582676
11
6.5308868110236222
21
-4.0806913385826773
0
LINE
8
BLACK
6
CONTINUOUS
10
6.5308868110236222
20
-4.0806913385826773
11
6.5307887401574805
21
-4.080731929133858
0
LINE
8
BLACK
6
CONTINUOUS
10
6.5307887401574805
20
-4.080731929133858
11
6.5307086220472437
21
-4.0808014566929129
0
LINE
8
BLACK
6
CONTINUOUS
10
6.5307086220472437
20
-4.0808014566929129
11
6.5301800787401572
21
-4.0810374409448817
0
LINE
8
BLACK
6
CONTINUOUS
10
6.5301800787401572
20
-4.0810374409448817
11
6.5245557874015745
21
-4.0829122047244093
0
LINE
8
BLACK
6
CONTINUOUS
10
6.5245557874015745
20
-4.0829122047244093
11
6.5242701968503933
21
-4.082977125984252
0
LINE
8
BLACK
6
CONTINUOUS
10
6.5242701968503933
20
-4.082977125984252
11
6.5241981102362203
21
-4.0830070078740155
0
LINE
8
BLACK
6
CONTINUOUS
10
6.5241981102362203
20
-4.0830070078740155
11
6.5240935826771649
21
-4.0830172834645673
0
LINE
8
BLACK
6
CONTINUOUS
10
6.5240935826771649
20
-4.0830172834645673
11
6.5239913385826771
21
-4.0830405511811021
0
LINE
8
BLACK
6
CONTINUOUS
10
6.5239913385826771
20
-4.0830405511811021
11
6.5239135826771655
21
-4.0830349999999997
0
LINE
8
BLACK
6
CONTINUOUS
10
6.5239135826771655
20
-4.0830349999999997
11
6.5236220472440944
21
-4.0830637401574803
0
LINE
8
BLACK
6
CONTINUOUS
10
6.5236220472440944
20
-4.0830637401574803
11
6.5142482283464567
21
-4.0830637401574803
0
LINE
8
BLACK
6
CONTINUOUS
10
6.5142482283464567
20
-4.0830637401574803
11
6.5136721653543308
21
-4.0830070078740155
0
LINE
8
BLACK
6
CONTINUOUS
10
6.5136721653543308
20
-4.0830070078740155
11
6.5126077559055116
21
-4.0825661023622049
0
LINE
8
BLACK
6
CONTINUOUS
10
6.5126077559055116
20
-4.0825661023622049
11
6.5117931102362201
21
-4.0817514566929134
0
LINE
8
BLACK
6
CONTINUOUS
10
6.5117931102362201
20
-4.0817514566929134
11
6.5113522047244095
21
-4.0806870472440941
0
LINE
8
BLACK
6
CONTINUOUS
10
6.5113522047244095
20
-4.0806870472440941
11
6.5112954724409446
21
-4.0801109842519683
0
LINE
8
BLACK
6
CONTINUOUS
10
6.5112954724409446
20
-4.0801109842519683
11
6.5112954724409446
21
-4.0407409055118109
0
LINE
8
BLACK
6
CONTINUOUS
10
6.5112954724409446
20
-4.0407409055118109
11
6.5113522047244095
21
-4.040164842519685
0
LINE
8
BLACK
6
CONTINUOUS
10
6.5113522047244095
20
-4.040164842519685
11
6.5117931102362201
21
-4.0391004330708657
0
LINE
8
BLACK
6
CONTINUOUS
10
6.5117931102362201
20
-4.0391004330708657
11
6.5126077559055116
21
-4.0382857874015743
0
LINE
8
BLACK
6
CONTINUOUS
10
6.5126077559055116
20
-4.0382857874015743
11
6.5136721653543308
21
-4.0378448818897636
0
LINE
8
BLACK
6
CONTINUOUS
10
6.5136721653543308
20
-4.0378448818897636
11
6.5142482283464567
21
-4.0377881496062988
0
LINE
8
BLACK
6
CONTINUOUS
10
6.5142482283464567
20
-4.0377881496062988
11
6.5236220472440944
21
-4.0377881496062988
0
LINE
8
BLACK
6
CONTINUOUS
10
6.5236220472440944
20
-4.0377881496062988
11
6.5239135826771655
21
-4.0378168503937006
0
LINE
8
BLACK
6
CONTINUOUS
10
6.5172009842519687
20
-4.0771582283464562
11
6.5231429133858265
21
-4.0771582283464562
0
LINE
8
BLACK
6
CONTINUOUS
10
6.5231429133858265
20
-4.0771582283464562
11
6.5276512992125983
21
-4.0756553937007869
0
LINE
8
BLACK
6
CONTINUOUS
10
6.5276512992125983
20
-4.0756553937007869
11
6.5305690944881887
21
-4.0727375590551178
0
LINE
8
BLACK
6
CONTINUOUS
10
6.5305690944881887
20
-4.0727375590551178
11
6.5320846062992128
21
-4.0697065748031491
0
LINE
8
BLACK
6
CONTINUOUS
10
6.5320846062992128
20
-4.0697065748031491
11
6.5337926377952753
21
-4.062874527559055
0
LINE
8
BLACK
6
CONTINUOUS
10
6.5337926377952753
20
-4.062874527559055
11
6.5337926377952753
21
-4.0579773228346454
0
LINE
8
BLACK
6
CONTINUOUS
10
6.5337926377952753
20
-4.0579773228346454
11
6.5320846062992128
21
-4.0511452755905513
0
LINE
8
BLACK
6
CONTINUOUS
10
6.5320846062992128
20
-4.0511452755905513
11
6.5305691338582674
21
-4.0481142913385826
0
LINE
8
BLACK
6
CONTINUOUS
10
6.5305691338582674
20
-4.0481142913385826
11
6.5276512992125983
21
-4.0451964566929135
0
LINE
8
BLACK
6
CONTINUOUS
10
6.5276512992125983
20
-4.0451964566929135
11
6.5231429133858265
21
-4.0436936614173229
0
LINE
8
BLACK
6
CONTINUOUS
10
6.5231429133858265
20
-4.0436936614173229
11
6.5172009842519687
21
-4.0436936614173229
0
LINE
8
BLACK
6
CONTINUOUS
10
6.5172009842519687
20
-4.0436936614173229
11
6.5172009842519687
21
-4.0771582283464562
0
LINE
8
BLACK
6
CONTINUOUS
10
6.3662151181102358
20
-4.0209789763779531
11
6.3664027559055114
21
-4.0210026377952754
0
LINE
8
BLACK
6
CONTINUOUS
10
6.3664027559055114
20
-4.0210026377952754
11
6.3686524409448815
21
-4.021752559055118
0
LINE
8
BLACK
6
CONTINUOUS
10
6.3686524409448815
20
-4.021752559055118
11
6.3687037401574802
21
-4.0217818110236223
0
LINE
8
BLACK
6
CONTINUOUS
10
6.3687037401574802
20
-4.0217818110236223
11
6.3687308661417319
21
-4.0217818110236223
0
LINE
8
BLACK
6
CONTINUOUS
10
6.3687308661417319
20
-4.0217818110236223
11
6.3688885433070865
21
-4.0218871653543307
0
LINE
8
BLACK
6
CONTINUOUS
10
6.3688885433070865
20
-4.0218871653543307
11
6.3690527952755902
21
-4.0219807874015743
0
LINE
8
BLACK
6
CONTINUOUS
10
6.3690527952755902
20
-4.0219807874015743
11
6.369064842519685
21
-4.0220049212598425
0
LINE
8
BLACK
6
CONTINUOUS
10
6.369064842519685
20
-4.0220049212598425
11
6.3691140944881885
21
-4.0220378346456691
0
LINE
8
BLACK
6
CONTINUOUS
10
6.3691140944881885
20
-4.0220378346456691
11
6.3698639763779523
21
-4.0227877165354329
0
LINE
8
BLACK
6
CONTINUOUS
10
6.3698639763779523
20
-4.0227877165354329
11
6.3701200393700788
21
-4.0231709055118108
0
LINE
8
BLACK
6
CONTINUOUS
10
6.3701200393700788
20
-4.0231709055118108
11
6.3701200787401575
21
-4.0240748425196848
0
LINE
8
BLACK
6
CONTINUOUS
10
6.3701200787401575
20
-4.0240748425196848
11
6.3694808267716532
21
-4.0247140944881892
0
LINE
8
BLACK
6
CONTINUOUS
10
6.3694808267716532
20
-4.0247140944881892
11
6.3685769291338579
21
-4.0247141338582679
0
LINE
8
BLACK
6
CONTINUOUS
10
6.3685769291338579
20
-4.0247141338582679
11
6.3681937007874012
21
-4.0244581102362202
0
LINE
8
BLACK
6
CONTINUOUS
10
6.3681937007874012
20
-4.0244581102362202
11
6.3676408661417323
21
-4.0239053149606301
0
LINE
8
BLACK
6
CONTINUOUS
10
6.3676408661417323
20
-4.0239053149606301
11
6.3658376377952752
21
-4.0233042125984255
0
LINE
8
BLACK
6
CONTINUOUS
10
6.3658376377952752
20
-4.0233042125984255
11
6.3647210236220468
21
-4.0233042125984255
0
LINE
8
BLACK
6
CONTINUOUS
10
6.3647210236220468
20
-4.0233042125984255
11
6.3629177165354331
21
-4.0239053149606301
0
LINE
8
BLACK
6
CONTINUOUS
10
6.3629177165354331
20
-4.0239053149606301
11
6.3617505905511811
21
-4.0250724409448821
0
LINE
8
BLACK
6
CONTINUOUS
10
6.3617505905511811
20
-4.0250724409448821
11
6.3611443700787405
21
-4.0262848818897634
0
LINE
8
BLACK
6
CONTINUOUS
10
6.3611443700787405
20
-4.0262848818897634
11
6.3604611811023624
21
-4.0290176377952758
0
LINE
8
BLACK
6
CONTINUOUS
10
6.3604611811023624
20
-4.0290176377952758
11
6.3604611811023624
21
-4.0309766141732286
0
LINE
8
BLACK
6
CONTINUOUS
10
6.3604611811023624
20
-4.0309766141732286
11
6.3611443307086617
21
-4.0337093307086613
0
LINE
8
BLACK
6
CONTINUOUS
10
6.3611443307086617
20
-4.0337093307086613
11
6.3617505905511811
21
-4.0349218110236222
0
LINE
8
BLACK
6
CONTINUOUS
10
6.3617505905511811
20
-4.0349218110236222
11
6.3629176377952756
21
-4.0360888582677168
0
LINE
8
BLACK
6
CONTINUOUS
10
6.3629176377952756
20
-4.0360888582677168
11
6.3647211417322831
21
-4.0366900393700789
0
LINE
8
BLACK
6
CONTINUOUS
10
6.3647211417322831
20
-4.0366900393700789
11
6.365837519685039
21
-4.0366900393700789
0
LINE
8
BLACK
6
CONTINUOUS
10
6.365837519685039
20
-4.0366900393700789
11
6.3676409842519686
21
-4.0360888582677168
0
LINE
8
BLACK
6
CONTINUOUS
10
6.3676409842519686
20
-4.0360888582677168
11
6.3681937007874012
21
-4.035536181102362
0
LINE
8
BLACK
6
CONTINUOUS
10
6.3681937007874012
20
-4.035536181102362
11
6.3685768897637791
21
-4.0352801181102365
0
LINE
8
BLACK
6
CONTINUOUS
10
6.3685768897637791
20
-4.0352801181102365
11
6.3694808267716532
21
-4.0352801181102365
0
LINE
8
BLACK
6
CONTINUOUS
10
6.3694808267716532
20
-4.0352801181102365
11
6.3701200787401575
21
-4.0359193700787399
0
LINE
8
BLACK
6
CONTINUOUS
10
6.3701200787401575
20
-4.0359193700787399
11
6.3701200787401575
21
-4.036823307086614
0
LINE
8
BLACK
6
CONTINUOUS
10
6.3701200787401575
20
-4.036823307086614
11
6.3698640157480311
21
-4.0372064960629919
0
LINE
8
BLACK
6
CONTINUOUS
10
6.3698640157480311
20
-4.0372064960629919
11
6.3691140944881885
21
-4.0379564173228344
0
LINE
8
BLACK
6
CONTINUOUS
10
6.3691140944881885
20
-4.0379564173228344
11
6.3690648818897637
21
-4.0379892519685034
0
LINE
8
BLACK
6
CONTINUOUS
10
6.3690648818897637
20
-4.0379892519685034
11
6.3690527952755902
21
-4.038013503937008
0
LINE
8
BLACK
6
CONTINUOUS
10
6.3690527952755902
20
-4.038013503937008
11
6.368888149606299
21
-4.0381073622047241
0
LINE
8
BLACK
6
CONTINUOUS
10
6.368888149606299
20
-4.0381073622047241
11
6.3687309055118106
21
-4.0382124409448821
0
LINE
8
BLACK
6
CONTINUOUS
10
6.3687309055118106
20
-4.0382124409448821
11
6.3687038976377952
21
-4.0382124409448821
0
LINE
8
BLACK
6
CONTINUOUS
10
6.3687038976377952
20
-4.0382124409448821
11
6.3686524409448815
21
-4.038241771653543
0
LINE
8
BLACK
6
CONTINUOUS
10
6.3686524409448815
20
-4.038241771653543
11
6.3664027559055114
21
-4.0389916535433068
0
LINE
8
BLACK
6
CONTINUOUS
10
6.3664027559055114
20
-4.0389916535433068
11
6.3662148031496057
21
-4.03901531496063
0
LINE
8
BLACK
6
CONTINUOUS
10
6.3662148031496057
20
-4.03901531496063
11
6.366029251968504
21
-4.0390522440944885
0
LINE
8
BLACK
6
CONTINUOUS
10
6.366029251968504
20
-4.0390522440944885
11
6.364529409448819
21
-4.0390522440944885
0
LINE
8
BLACK
6
CONTINUOUS
10
6.364529409448819
20
-4.0390522440944885
11
6.3643437401574801
21
-4.0390152755905513
0
LINE
8
BLACK
6
CONTINUOUS
10
6.3643437401574801
20
-4.0390152755905513
11
6.3641559448818894
21
-4.0389916535433068
0
LINE
8
BLACK
6
CONTINUOUS
10
6.3641559448818894
20
-4.0389916535433068
11
6.3619061811023618
21
-4.038241771653543
0
LINE
8
BLACK
6
CONTINUOUS
10
6.3619061811023618
20
-4.038241771653543
11
6.361854724409449
21
-4.0382124409448821
0
LINE
8
BLACK
6
CONTINUOUS
10
6.361854724409449
20
-4.0382124409448821
11
6.3618277165354327
21
-4.0382124409448821
0
LINE
8
BLACK
6
CONTINUOUS
10
6.3618277165354327
20
-4.0382124409448821
11
6.3616703149606302
21
-4.0381072834645666
0
LINE
8
BLACK
6
CONTINUOUS
10
6.3616703149606302
20
-4.0381072834645666
11
6.3615058267716531
21
-4.038013503937008
0
LINE
8
BLACK
6
CONTINUOUS
10
6.3615058267716531
20
-4.038013503937008
11
6.3614937007874017
21
-4.0379892913385822
0
LINE
8
BLACK
6
CONTINUOUS
10
6.3614937007874017
20
-4.0379892913385822
11
6.361444488188976
21
-4.0379564173228344
0
LINE
8
BLACK
6
CONTINUOUS
10
6.361444488188976
20
-4.0379564173228344
11
6.3599447244094485
21
-4.0364565748031493
0
LINE
8
BLACK
6
CONTINUOUS
10
6.3599447244094485
20
-4.0364565748031493
11
6.3598394881889764
21
-4.0362990944881885
0
LINE
8
BLACK
6
CONTINUOUS
10
6.3598394881889764
20
-4.0362990944881885
11
6.3597234645669287
21
-4.0361496062992126
0
LINE
8
BLACK
6
CONTINUOUS
10
6.3597234645669287
20
-4.0361496062992126
11
6.3589735826771649
21
-4.0346498031496063
0
LINE
8
BLACK
6
CONTINUOUS
10
6.3589735826771649
20
-4.0346498031496063
11
6.3589394094488192
21
-4.0345249999999995
0
LINE
8
BLACK
6
CONTINUOUS
10
6.3589394094488192
20
-4.0345249999999995
11
6.3588841732283461
21
-4.0344080708661414
0
LINE
8
BLACK
6
CONTINUOUS
10
6.3588841732283461
20
-4.0344080708661414
11
6.3581342519685036
21
-4.0314084645669288
0
LINE
8
BLACK
6
CONTINUOUS
10
6.3581342519685036
20
-4.0314084645669288
11
6.3581272047244095
21
-4.0312639763779528
0
LINE
8
BLACK
6
CONTINUOUS
10
6.3581272047244095
20
-4.0312639763779528
11
6.3580989763779527
21
-4.031122007874016
0
LINE
8
BLACK
6
CONTINUOUS
10
6.3580989763779527
20
-4.031122007874016
11
6.3580989763779527
21
-4.0288722834645672
0
LINE
8
BLACK
6
CONTINUOUS
10
6.3580989763779527
20
-4.0288722834645672
11
6.3581272047244095
21
-4.0287302755905507
0
LINE
8
BLACK
6
CONTINUOUS
10
6.3581272047244095
20
-4.0287302755905507
11
6.3581342519685036
21
-4.0285858267716534
0
LINE
8
BLACK
6
CONTINUOUS
10
6.3581342519685036
20
-4.0285858267716534
11
6.3588841732283461
21
-4.0255861811023621
0
LINE
8
BLACK
6
CONTINUOUS
10
6.3588841732283461
20
-4.0255861811023621
11
6.3589394094488192
21
-4.0254692125984253
0
LINE
8
BLACK
6
CONTINUOUS
10
6.3589394094488192
20
-4.0254692125984253
11
6.3589735826771649
21
-4.0253444488188972
0
LINE
8
BLACK
6
CONTINUOUS
10
6.3589735826771649
20
-4.0253444488188972
11
6.3597234645669287
21
-4.0238446456692909
0
LINE
8
BLACK
6
CONTINUOUS
10
6.3597234645669287
20
-4.0238446456692909
11
6.3598396062992126
21
-4.023695
0
LINE
8
BLACK
6
CONTINUOUS
10
6.3598396062992126
20
-4.023695
11
6.3599447244094485
21
-4.0235376771653542
0
LINE
8
BLACK
6
CONTINUOUS
10
6.3599447244094485
20
-4.0235376771653542
11
6.361444488188976
21
-4.0220378740157479
0
LINE
8
BLACK
6
CONTINUOUS
10
6.361444488188976
20
-4.0220378740157479
11
6.361493661417323
21
-4.0220050000000001
0
LINE
8
BLACK
6
CONTINUOUS
10
6.361493661417323
20
-4.0220050000000001
11
6.3615057874015744
21
-4.0219807874015743
0
LINE
8
BLACK
6
CONTINUOUS
10
6.3615057874015744
20
-4.0219807874015743
11
6.3616703149606302
21
-4.0218869685039369
0
LINE
8
BLACK
6
CONTINUOUS
10
6.3616703149606302
20
-4.0218869685039369
11
6.3618277165354327
21
-4.0217818503937011
0
LINE
8
BLACK
6
CONTINUOUS
10
6.3618277165354327
20
-4.0217818503937011
11
6.3618548031496065
21
-4.0217818503937011
0
LINE
8
BLACK
6
CONTINUOUS
10
6.3618548031496065
20
-4.0217818503937011
11
6.3619061811023618
21
-4.021752559055118
0
LINE
8
BLACK
6
CONTINUOUS
10
6.3619061811023618
20
-4.021752559055118
11
6.3641559055118107
21
-4.0210026377952754
0
LINE
8
BLACK
6
CONTINUOUS
10
6.3641559055118107
20
-4.0210026377952754
11
6.3643435039370075
21
-4.0209789763779531
0
LINE
8
BLACK
6
CONTINUOUS
10
6.3643435039370075
20
-4.0209789763779531
11
6.364529409448819
21
-4.0209420078740159
0
LINE
8
BLACK
6
CONTINUOUS
10
6.364529409448819
20
-4.0209420078740159
11
6.366029251968504
21
-4.0209420078740159
0
LINE
8
BLACK
6
CONTINUOUS
10
6.366029251968504
20
-4.0209420078740159
11
6.3662151181102358
21
-4.0209789763779531
0
LINE
8
BLACK
6
CONTINUOUS
10
6.3837290944881886
20
-4.0210319291338585
11
6.3843682677165354
21
-4.0216711023622045
0
LINE
8
BLACK
6
CONTINUOUS
10
6.3843682677165354
20
-4.0216711023622045
11
6.3843682677165354
21
-4.022575118110236
0
LINE
8
BLACK
6
CONTINUOUS
10
6.3843682677165354
20
-4.022575118110236
11
6.3837290944881886
21
-4.0232142913385829
0
LINE
8
BLACK
6
CONTINUOUS
10
6.3837290944881886
20
-4.0232142913385829
11
6.3832770866141733
21
-4.0233042125984255
0
LINE
8
BLACK
6
CONTINUOUS
10
6.3832770866141733
20
-4.0233042125984255
11
6.3768468897637796
21
-4.0233042125984255
0
LINE
8
BLACK
6
CONTINUOUS
10
6.3768468897637796
20
-4.0233042125984255
11
6.3764560236220467
21
-4.0272127165354332
0
LINE
8
BLACK
6
CONTINUOUS
10
6.3764560236220467
20
-4.0272127165354332
11
6.3767496456692916
21
-4.0270659448818895
0
LINE
8
BLACK
6
CONTINUOUS
10
6.3767496456692916
20
-4.0270659448818895
11
6.3768066535433068
21
-4.02705031496063
0
LINE
8
BLACK
6
CONTINUOUS
10
6.3768066535433068
20
-4.02705031496063
11
6.3768258267716531
21
-4.0270311811023625
0
LINE
8
BLACK
6
CONTINUOUS
10
6.3768258267716531
20
-4.0270311811023625
11
6.3770112992125982
21
-4.026994251968504
0
LINE
8
BLACK
6
CONTINUOUS
10
6.3770112992125982
20
-4.026994251968504
11
6.3771941338582678
21
-4.0269442125984254
0
LINE
8
BLACK
6
CONTINUOUS
10
6.3771941338582678
20
-4.0269442125984254
11
6.3772198425196853
21
-4.026952755905512
0
LINE
8
BLACK
6
CONTINUOUS
10
6.3772198425196853
20
-4.026952755905512
11
6.3772778346456693
21
-4.0269412598425198
0
LINE
8
BLACK
6
CONTINUOUS
10
6.3772778346456693
20
-4.0269412598425198
11
6.3810273622047244
21
-4.0269412598425198
0
LINE
8
BLACK
6
CONTINUOUS
10
6.3810273622047244
20
-4.0269412598425198
11
6.3810853937007872
21
-4.0269527952755908
0
LINE
8
BLACK
6
CONTINUOUS
10
6.3810853937007872
20
-4.0269527952755908
11
6.3811110629921259
21
-4.0269442519685041
0
LINE
8
BLACK
6
CONTINUOUS
10
6.3811110629921259
20
-4.0269442519685041
11
6.3812935826771655
21
-4.0269942125984253
0
LINE
8
BLACK
6
CONTINUOUS
10
6.3812935826771655
20
-4.0269942125984253
11
6.3814793700787398
21
-4.0270311811023625
0
LINE
8
BLACK
6
CONTINUOUS
10
6.3814793700787398
20
-4.0270311811023625
11
6.3814985039370073
21
-4.02705031496063
0
LINE
8
BLACK
6
CONTINUOUS
10
6.3814985039370073
20
-4.02705031496063
11
6.3815555905511809
21
-4.0270659448818895
0
LINE
8
BLACK
6
CONTINUOUS
10
6.3815555905511809
20
-4.0270659448818895
11
6.3830553937007872
21
-4.027815866141732
0
LINE
8
BLACK
6
CONTINUOUS
10
6.3830553937007872
20
-4.027815866141732
11
6.3832048425196852
21
-4.0279318897637797
0
LINE
8
BLACK
6
CONTINUOUS
10
6.3832048425196852
20
-4.0279318897637797
11
6.3833623228346452
21
-4.028037086614173
0
LINE
8
BLACK
6
CONTINUOUS
10
6.3833623228346452
20
-4.028037086614173
11
6.384112204724409
21
-4.0287869685039368
0
LINE
8
BLACK
6
CONTINUOUS
10
6.384112204724409
20
-4.0287869685039368
11
6.3842173622047245
21
-4.0289443307086614
0
LINE
8
BLACK
6
CONTINUOUS
10
6.3842173622047245
20
-4.0289443307086614
11
6.3843335039370075
21
-4.0290939763779523
0
LINE
8
BLACK
6
CONTINUOUS
10
6.3843335039370075
20
-4.0290939763779523
11
6.3850833858267713
21
-4.0305938188976373
0
LINE
8
BLACK
6
CONTINUOUS
10
6.3850833858267713
20
-4.0305938188976373
11
6.3850989763779529
21
-4.0306508267716534
0
LINE
8
BLACK
6
CONTINUOUS
10
6.3850989763779529
20
-4.0306508267716534
11
6.3851181496062992
21
-4.0306699999999998
0
LINE
8
BLACK
6
CONTINUOUS
10
6.3851181496062992
20
-4.0306699999999998
11
6.3851550787401576
21
-4.0308557874015749
0
LINE
8
BLACK
6
CONTINUOUS
10
6.3851550787401576
20
-4.0308557874015749
11
6.3852050787401575
21
-4.0310383070866145
0
LINE
8
BLACK
6
CONTINUOUS
10
6.3852050787401575
20
-4.0310383070866145
11
6.3851964960629921
21
-4.0310639370078736
0
LINE
8
BLACK
6
CONTINUOUS
10
6.3851964960629921
20
-4.0310639370078736
11
6.3852080708661418
21
-4.031122007874016
0
LINE
8
BLACK
6
CONTINUOUS
10
6.3852080708661418
20
-4.031122007874016
11
6.3852080708661418
21
-4.0348715354330711
0
LINE
8
BLACK
6
CONTINUOUS
10
6.3852080708661418
20
-4.0348715354330711
11
6.3851964960629921
21
-4.0349295669291338
0
LINE
8
BLACK
6
CONTINUOUS
10
6.3851964960629921
20
-4.0349295669291338
11
6.3852050787401575
21
-4.0349552362204726
0
LINE
8
BLACK
6
CONTINUOUS
10
6.3852050787401575
20
-4.0349552362204726
11
6.3851550787401576
21
-4.0351377165354334
0
LINE
8
BLACK
6
CONTINUOUS
10
6.3851550787401576
20
-4.0351377165354334
11
6.3851181496062992
21
-4.0353235433070864
0
LINE
8
BLACK
6
CONTINUOUS
10
6.3851181496062992
20
-4.0353235433070864
11
6.3850989763779529
21
-4.035342677165354
0
LINE
8
BLACK
6
CONTINUOUS
10
6.3850989763779529
20
-4.035342677165354
11
6.3850833858267713
21
-4.0353997244094488
0
LINE
8
BLACK
6
CONTINUOUS
10
6.3850833858267713
20
-4.0353997244094488
11
6.3843335039370075
21
-4.0368995275590551
0
LINE
8
BLACK
6
CONTINUOUS
10
6.3843335039370075
20
-4.0368995275590551
11
6.3842173622047245
21
-4.0370491338582672
0
LINE
8
BLACK
6
CONTINUOUS
10
6.3842173622047245
20
-4.0370491338582672
11
6.3841122440944877
21
-4.0372064960629919
0
LINE
8
BLACK
6
CONTINUOUS
10
6.3841122440944877
20
-4.0372064960629919
11
6.3833623228346452
21
-4.0379564173228344
0
LINE
8
BLACK
6
CONTINUOUS
10
6.3833623228346452
20
-4.0379564173228344
11
6.3832049606299215
21
-4.0380614960629924
0
LINE
8
BLACK
6
CONTINUOUS
10
6.3832049606299215
20
-4.0380614960629924
11
6.3830553543307085
21
-4.0381776771653541
0
LINE
8
BLACK
6
CONTINUOUS
10
6.3830553543307085
20
-4.0381776771653541
11
6.3815555511811022
21
-4.0389275590551179
0
LINE
8
BLACK
6
CONTINUOUS
10
6.3815555511811022
20
-4.0389275590551179
11
6.3814985039370073
21
-4.0389431496062995
0
LINE
8
BLACK
6
CONTINUOUS
10
6.3814985039370073
20
-4.0389431496062995
11
6.3814793700787398
21
-4.0389623228346458
0
LINE
8
BLACK
6
CONTINUOUS
10
6.3814793700787398
20
-4.0389623228346458
11
6.3812935433070868
21
-4.0389992519685034
0
LINE
8
BLACK
6
CONTINUOUS
10
6.3812935433070868
20
-4.0389992519685034
11
6.3811110629921259
21
-4.0390492519685042
0
LINE
8
BLACK
6
CONTINUOUS
10
6.3811110629921259
20
-4.0390492519685042
11
6.3810853937007872
21
-4.0390406692913388
0
LINE
8
BLACK
6
CONTINUOUS
10
6.3810853937007872
20
-4.0390406692913388
11
6.3810273622047244
21
-4.0390522440944885
0
LINE
8
BLACK
6
CONTINUOUS
10
6.3810273622047244
20
-4.0390522440944885
11
6.3772778346456693
21
-4.0390522440944885
0
LINE
8
BLACK
6
CONTINUOUS
10
6.3772778346456693
20
-4.0390522440944885
11
6.3772197637795278
21
-4.0390406692913388
0
LINE
8
BLACK
6
CONTINUOUS
10
6.3772197637795278
20
-4.0390406692913388
11
6.3771941338582678
21
-4.0390492519685042
0
LINE
8
BLACK
6
CONTINUOUS
10
6.3771941338582678
20
-4.0390492519685042
11
6.3770116141732283
21
-4.0389992519685034
0
LINE
8
BLACK
6
CONTINUOUS
10
6.3770116141732283
20
-4.0389992519685034
11
6.3768258267716531
21
-4.0389623228346458
0
LINE
8
BLACK
6
CONTINUOUS
10
6.3768258267716531
20
-4.0389623228346458
11
6.3768066535433068
21
-4.0389431496062995
0
LINE
8
BLACK
6
CONTINUOUS
10
6.3768066535433068
20
-4.0389431496062995
11
6.3767496456692916
21
-4.0389275590551179
0
LINE
8
BLACK
6
CONTINUOUS
10
6.3767496456692916
20
-4.0389275590551179
11
6.3752498425196853
21
-4.0381776771653541
0
LINE
8
BLACK
6
CONTINUOUS
10
6.3752498425196853
20
-4.0381776771653541
11
6.3751001968503935
21
-4.0380615354330711
0
LINE
8
BLACK
6
CONTINUOUS
10
6.3751001968503935
20
-4.0380615354330711
11
6.3749428740157477
21
-4.0379564173228344
0
LINE
8
BLACK
6
CONTINUOUS
10
6.3749428740157477
20
-4.0379564173228344
11
6.3741929527559051
21
-4.0372064960629919
0
LINE
8
BLACK
6
CONTINUOUS
10
6.3741929527559051
20
-4.0372064960629919
11
6.3739369291338583
21
-4.036823307086614
0
LINE
8
BLACK
6
CONTINUOUS
10
6.3739369291338583
20
-4.036823307086614
11
6.3739369291338583
21
-4.0359193700787399
0
LINE
8
BLACK
6
CONTINUOUS
10
6.3739369291338583
20
-4.0359193700787399
11
6.374576141732283
21
-4.0352801574803152
0
LINE
8
BLACK
6
CONTINUOUS
10
6.374576141732283
20
-4.0352801574803152
11
6.3754800787401571
21
-4.0352801574803152
0
LINE
8
BLACK
6
CONTINUOUS
10
6.3754800787401571
20
-4.0352801574803152
11
6.375863267716535
21
-4.035536181102362
0
LINE
8
BLACK
6
CONTINUOUS
10
6.375863267716535
20
-4.035536181102362
11
6.3764775984251969
21
-4.0361505118110239
0
LINE
8
BLACK
6
CONTINUOUS
10
6.3764775984251969
20
-4.0361505118110239
11
6.3775566535433068
21
-4.0366900393700789
0
LINE
8
BLACK
6
CONTINUOUS
10
6.3775566535433068
20
-4.0366900393700789
11
6.3807485433070861
21
-4.0366900393700789
0
LINE
8
BLACK
6
CONTINUOUS
10
6.3807485433070861
20
-4.0366900393700789
11
6.3818275590551181
21
-4.0361505118110239
0
LINE
8
BLACK
6
CONTINUOUS
10
6.3818275590551181
20
-4.0361505118110239
11
6.3823063385826773
21
-4.0356717322834648
0
LINE
8
BLACK
6
CONTINUOUS
10
6.3823063385826773
20
-4.0356717322834648
11
6.3828458661417322
21
-4.0345927165354327
0
LINE
8
BLACK
6
CONTINUOUS
10
6.3828458661417322
20
-4.0345927165354327
11
6.3828458661417322
21
-4.0314007874015747
0
LINE
8
BLACK
6
CONTINUOUS
10
6.3828458661417322
20
-4.0314007874015747
11
6.382306377952756
21
-4.0303218503937011
0
LINE
8
BLACK
6
CONTINUOUS
10
6.382306377952756
20
-4.0303218503937011
11
6.3818274803149606
21
-4.0298429527559056
0
LINE
8
BLACK
6
CONTINUOUS
10
6.3818274803149606
20
-4.0298429527559056
11
6.3807485039370073
21
-4.0293034645669294
0
LINE
8
BLACK
6
CONTINUOUS
10
6.3807485039370073
20
-4.0293034645669294
11
6.3775566929133856
21
-4.0293034645669294
0
LINE
8
BLACK
6
CONTINUOUS
10
6.3775566929133856
20
-4.0293034645669294
11
6.3764775984251969
21
-4.0298429921259844
0
LINE
8
BLACK
6
CONTINUOUS
10
6.3764775984251969
20
-4.0298429921259844
11
6.375863267716535
21
-4.0304573622047242
0
LINE
8
BLACK
6
CONTINUOUS
10
6.375863267716535
20
-4.0304573622047242
11
6.3754800393700783
21
-4.0307133858267719
0
LINE
8
BLACK
6
CONTINUOUS
10
6.3754800393700783
20
-4.0307133858267719
11
6.3754175984251971
21
-4.0307133464566931
0
LINE
8
BLACK
6
CONTINUOUS
10
6.3754175984251971
20
-4.0307133464566931
11
6.3753692913385827
21
-4.0307529133858271
0
LINE
8
BLACK
6
CONTINUOUS
10
6.3753692913385827
20
-4.0307529133858271
11
6.3749738188976375
21
-4.0307133464566931
0
LINE
8
BLACK
6
CONTINUOUS
10
6.3749738188976375
20
-4.0307133464566931
11
6.3745761023622043
21
-4.0307133464566931
0
LINE
8
BLACK
6
CONTINUOUS
10
6.3745761023622043
20
-4.0307133464566931
11
6.3745318897637793
21
-4.0306691338582672
0
LINE
8
BLACK
6
CONTINUOUS
10
6.3745318897637793
20
-4.0306691338582672
11
6.3744697637795271
21
-4.0306629527559057
0
LINE
8
BLACK
6
CONTINUOUS
10
6.3744697637795271
20
-4.0306629527559057
11
6.3742179133858263
21
-4.0303551181102364
0
LINE
8
BLACK
6
CONTINUOUS
10
6.3742179133858263
20
-4.0303551181102364
11
6.3739368897637796
21
-4.0300740944881888
0
LINE
8
BLACK
6
CONTINUOUS
10
6.3739368897637796
20
-4.0300740944881888
11
6.3739368897637796
21
-4.0300116535433066
0
LINE
8
BLACK
6
CONTINUOUS
10
6.3739368897637796
20
-4.0300116535433066
11
6.3738973622047244
21
-4.0299633464566931
0
LINE
8
BLACK
6
CONTINUOUS
10
6.3738973622047244
20
-4.0299633464566931
11
6.3738528740157481
21
-4.0295046456692916
0
LINE
8
BLACK
6
CONTINUOUS
10
6.3738528740157481
20
-4.0295046456692916
11
6.3746027952755906
21
-4.0220055905511813
0
LINE
8
BLACK
6
CONTINUOUS
10
6.3746027952755906
20
-4.0220055905511813
11
6.3746868503937009
21
-4.0217299606299211
0
LINE
8
BLACK
6
CONTINUOUS
10
6.3746868503937009
20
-4.0217299606299211
11
6.3746868503937009
21
-4.0216711023622045
0
LINE
8
BLACK
6
CONTINUOUS
10
6.3746868503937009
20
-4.0216711023622045
11
6.3747126771653546
21
-4.021645236220472
0
LINE
8
BLACK
6
CONTINUOUS
10
6.3747126771653546
20
-4.021645236220472
11
6.3747372440944883
21
-4.0215647637795273
0
LINE
8
BLACK
6
CONTINUOUS
10
6.3747372440944883
20
-4.0215647637795273
11
6.3750449212598426
21
-4.021312992125984
0
LINE
8
BLACK
6
CONTINUOUS
10
6.3750449212598426
20
-4.021312992125984
11
6.3753260236220468
21
-4.0210319291338585
0
LINE
8
BLACK
6
CONTINUOUS
10
6.3753260236220468
20
-4.0210319291338585
11
6.3754085433070866
21
-4.0210154724409444
0
LINE
8
BLACK
6
CONTINUOUS
10
6.3754085433070866
20
-4.0210154724409444
11
6.3754368503937009
21
-4.0209923622047246
0
LINE
8
BLACK
6
CONTINUOUS
10
6.3754368503937009
20
-4.0209923622047246
11
6.3754954330708662
21
-4.0209981889763782
0
LINE
8
BLACK
6
CONTINUOUS
10
6.3754954330708662
20
-4.0209981889763782
11
6.375778031496063
21
-4.0209420078740159
0
LINE
8
BLACK
6
CONTINUOUS
10
6.375778031496063
20
-4.0209420078740159
11
6.3832770866141733
21
-4.0209420078740159
0
LINE
8
BLACK
6
CONTINUOUS
10
6.3832770866141733
20
-4.0209420078740159
11
6.3837290944881886
21
-4.0210319291338585
0
LINE
8
BLACK
6
CONTINUOUS
10
6.403902913385827
20
-4.0131419685039367
11
6.4049682677165354
21
-4.014207322834646
0
LINE
8
BLACK
6
CONTINUOUS
10
6.4049682677165354
20
-4.014207322834646
11
6.40511811023622
21
-4.0149606299212595
0
LINE
8
BLACK
6
CONTINUOUS
10
6.40511811023622
20
-4.0149606299212595
11
6.40511811023622
21
-4.0464566929133854
0
LINE
8
BLACK
6
CONTINUOUS
10
6.40511811023622
20
-4.0464566929133854
11
6.4049682677165354
21
-4.0472099999999998
0
LINE
8
BLACK
6
CONTINUOUS
10
6.4049682677165354
20
-4.0472099999999998
11
6.403902913385827
21
-4.0482753543307082
0
LINE
8
BLACK
6
CONTINUOUS
10
6.403902913385827
20
-4.0482753543307082
11
6.4031496062992126
21
-4.0484251968503937
0
LINE
8
BLACK
6
CONTINUOUS
10
6.4031496062992126
20
-4.0484251968503937
11
6.3401574803149607
21
-4.0484251968503937
0
LINE
8
BLACK
6
CONTINUOUS
10
6.3401574803149607
20
-4.0484251968503937
11
6.3394041732283464
21
-4.0482753543307082
0
LINE
8
BLACK
6
CONTINUOUS
10
6.3394041732283464
20
-4.0482753543307082
11
6.3383388188976379
21
-4.0472099999999998
0
LINE
8
BLACK
6
CONTINUOUS
10
6.3383388188976379
20
-4.0472099999999998
11
6.3381889763779524
21
-4.0464566929133854
0
LINE
8
BLACK
6
CONTINUOUS
10
6.3381889763779524
20
-4.0464566929133854
11
6.3381889763779524
21
-4.0149606299212595
0
LINE
8
BLACK
6
CONTINUOUS
10
6.3381889763779524
20
-4.0149606299212595
11
6.3383388188976379
21
-4.014207322834646
0
LINE
8
BLACK
6
CONTINUOUS
10
6.3383388188976379
20
-4.014207322834646
11
6.3394041732283464
21
-4.0131419685039367
0
LINE
8
BLACK
6
CONTINUOUS
10
6.3394041732283464
20
-4.0131419685039367
11
6.3401574803149607
21
-4.012992125984252
0
LINE
8
BLACK
6
CONTINUOUS
10
6.3401574803149607
20
-4.012992125984252
11
6.4031496062992126
21
-4.012992125984252
0
LINE
8
BLACK
6
CONTINUOUS
10
6.4031496062992126
20
-4.012992125984252
11
6.403902913385827
21
-4.0131419685039367
0
LINE
8
BLACK
6
CONTINUOUS
10
6.3421259842519682
20
-4.0169291338582678
11
6.3421259842519682
21
-4.044488188976378
0
LINE
8
BLACK
6
CONTINUOUS
10
6.3421259842519682
20
-4.044488188976378
11
6.4011811023622043
21
-4.044488188976378
0
LINE
8
BLACK
6
CONTINUOUS
10
6.4011811023622043
20
-4.044488188976378
11
6.4011811023622043
21
-4.0169291338582678
0
LINE
8
BLACK
6
CONTINUOUS
10
6.4011811023622043
20
-4.0169291338582678
11
6.3421259842519682
21
-4.0169291338582678
0
LINE
8
BLACK
6
CONTINUOUS
10
6.0938529133858266
20
-3.9969632283464565
11
6.0940405511811022
21
-3.9969868897637792
0
LINE
8
BLACK
6
CONTINUOUS
10
6.0940405511811022
20
-3.9969868897637792
11
6.0962902362204723
21
-3.9977368110236218
0
LINE
8
BLACK
6
CONTINUOUS
10
6.0962902362204723
20
-3.9977368110236218
11
6.096341535433071
21
-3.9977660629921261
0
LINE
8
BLACK
6
CONTINUOUS
10
6.096341535433071
20
-3.9977660629921261
11
6.0963686614173227
21
-3.9977660629921261
0
LINE
8
BLACK
6
CONTINUOUS
10
6.0963686614173227
20
-3.9977660629921261
11
6.0965263385826773
21
-3.9978714173228345
0
LINE
8
BLACK
6
CONTINUOUS
10
6.0965263385826773
20
-3.9978714173228345
11
6.096690590551181
21
-3.9979650393700785
0
LINE
8
BLACK
6
CONTINUOUS
10
6.096690590551181
20
-3.9979650393700785
11
6.0967026377952758
21
-3.9979891732283463
0
LINE
8
BLACK
6
CONTINUOUS
10
6.0967026377952758
20
-3.9979891732283463
11
6.0967518897637794
21
-3.9980220866141734
0
LINE
8
BLACK
6
CONTINUOUS
10
6.0967518897637794
20
-3.9980220866141734
11
6.0975017716535431
21
-3.9987719685039371
0
LINE
8
BLACK
6
CONTINUOUS
10
6.0975017716535431
20
-3.9987719685039371
11
6.0977578346456696
21
-3.999155157480315
0
LINE
8
BLACK
6
CONTINUOUS
10
6.0977578346456696
20
-3.999155157480315
11
6.0977578740157483
21
-4.0000590944881891
0
LINE
8
BLACK
6
CONTINUOUS
10
6.0977578740157483
20
-4.0000590944881891
11
6.097118622047244
21
-4.0006983464566925
0
LINE
8
BLACK
6
CONTINUOUS
10
6.097118622047244
20
-4.0006983464566925
11
6.0962147244094487
21
-4.0006983858267713
0
LINE
8
BLACK
6
CONTINUOUS
10
6.0962147244094487
20
-4.0006983858267713
11
6.095831496062992
21
-4.0004423622047245
0
LINE
8
BLACK
6
CONTINUOUS
10
6.095831496062992
20
-4.0004423622047245
11
6.0952786614173231
21
-3.9998895669291339
0
LINE
8
BLACK
6
CONTINUOUS
10
6.0952786614173231
20
-3.9998895669291339
11
6.093475433070866
21
-3.9992884645669289
0
LINE
8
BLACK
6
CONTINUOUS
10
6.093475433070866
20
-3.9992884645669289
11
6.0923588188976376
21
-3.9992884645669289
0
LINE
8
BLACK
6
CONTINUOUS
10
6.0923588188976376
20
-3.9992884645669289
11
6.0905555118110231
21
-3.9998895669291339
0
LINE
8
BLACK
6
CONTINUOUS
10
6.0905555118110231
20
-3.9998895669291339
11
6.0893883858267719
21
-4.0010566929133855
0
LINE
8
BLACK
6
CONTINUOUS
10
6.0893883858267719
20
-4.0010566929133855
11
6.0887821653543304
21
-4.0022691338582677
0
LINE
8
BLACK
6
CONTINUOUS
10
6.0887821653543304
20
-4.0022691338582677
11
6.0880989763779523
21
-4.0050018897637791
0
LINE
8
BLACK
6
CONTINUOUS
10
6.0880989763779523
20
-4.0050018897637791
11
6.0880989763779523
21
-4.006960866141732
0
LINE
8
BLACK
6
CONTINUOUS
10
6.0880989763779523
20
-4.006960866141732
11
6.0887821259842516
21
-4.0096935826771656
0
LINE
8
BLACK
6
CONTINUOUS
10
6.0887821259842516
20
-4.0096935826771656
11
6.0893883858267719
21
-4.0109060629921256
0
LINE
8
BLACK
6
CONTINUOUS
10
6.0893883858267719
20
-4.0109060629921256
11
6.0905554330708664
21
-4.0120731102362202
0
LINE
8
BLACK
6
CONTINUOUS
10
6.0905554330708664
20
-4.0120731102362202
11
6.0923589370078739
21
-4.0126742913385822
0
LINE
8
BLACK
6
CONTINUOUS
10
6.0923589370078739
20
-4.0126742913385822
11
6.0934753149606298
21
-4.0126742913385822
0
LINE
8
BLACK
6
CONTINUOUS
10
6.0934753149606298
20
-4.0126742913385822
11
6.0952787795275585
21
-4.0120731102362202
0
LINE
8
BLACK
6
CONTINUOUS
10
6.0952787795275585
20
-4.0120731102362202
11
6.095831496062992
21
-4.0115204330708663
0
LINE
8
BLACK
6
CONTINUOUS
10
6.095831496062992
20
-4.0115204330708663
11
6.0962146850393699
21
-4.0112643700787398
0
LINE
8
BLACK
6
CONTINUOUS
10
6.0962146850393699
20
-4.0112643700787398
11
6.097118622047244
21
-4.0112643700787398
0
LINE
8
BLACK
6
CONTINUOUS
10
6.097118622047244
20
-4.0112643700787398
11
6.0977578740157483
21
-4.0119036220472442
0
LINE
8
BLACK
6
CONTINUOUS
10
6.0977578740157483
20
-4.0119036220472442
11
6.0977578740157483
21
-4.0128075590551182
0
LINE
8
BLACK
6
CONTINUOUS
10
6.0977578740157483
20
-4.0128075590551182
11
6.0975018110236219
21
-4.0131907480314961
0
LINE
8
BLACK
6
CONTINUOUS
10
6.0975018110236219
20
-4.0131907480314961
11
6.0967518897637794
21
-4.0139406692913386
0
LINE
8
BLACK
6
CONTINUOUS
10
6.0967518897637794
20
-4.0139406692913386
11
6.0967026771653545
21
-4.0139735039370077
0
LINE
8
BLACK
6
CONTINUOUS
10
6.0967026771653545
20
-4.0139735039370077
11
6.096690590551181
21
-4.0139977559055113
0
LINE
8
BLACK
6
CONTINUOUS
10
6.096690590551181
20
-4.0139977559055113
11
6.0965259448818898
21
-4.0140916141732284
0
LINE
8
BLACK
6
CONTINUOUS
10
6.0965259448818898
20
-4.0140916141732284
11
6.0963687007874015
21
-4.0141966929133854
0
LINE
8
BLACK
6
CONTINUOUS
10
6.0963687007874015
20
-4.0141966929133854
11
6.096341692913386
21
-4.0141966929133854
0
LINE
8
BLACK
6
CONTINUOUS
10
6.096341692913386
20
-4.0141966929133854
11
6.0962902362204723
21
-4.0142260236220473
0
LINE
8
BLACK
6
CONTINUOUS
10
6.0962902362204723
20
-4.0142260236220473
11
6.0940405511811022
21
-4.014975905511811
0
LINE
8
BLACK
6
CONTINUOUS
10
6.0940405511811022
20
-4.014975905511811
11
6.0938525984251966
21
-4.0149995669291334
0
LINE
8
BLACK
6
CONTINUOUS
10
6.0938525984251966
20
-4.0149995669291334
11
6.0936670472440939
21
-4.0150364960629918
0
LINE
8
BLACK
6
CONTINUOUS
10
6.0936670472440939
20
-4.0150364960629918
11
6.0921672047244089
21
-4.0150364960629918
0
LINE
8
BLACK
6
CONTINUOUS
10
6.0921672047244089
20
-4.0150364960629918
11
6.0919815354330709
21
-4.0149995275590546
0
LINE
8
BLACK
6
CONTINUOUS
10
6.0919815354330709
20
-4.0149995275590546
11
6.0917937401574802
21
-4.014975905511811
0
LINE
8
BLACK
6
CONTINUOUS
10
6.0917937401574802
20
-4.014975905511811
11
6.0895439763779526
21
-4.0142260236220473
0
LINE
8
BLACK
6
CONTINUOUS
10
6.0895439763779526
20
-4.0142260236220473
11
6.0894925196850389
21
-4.0141966929133854
0
LINE
8
BLACK
6
CONTINUOUS
10
6.0894925196850389
20
-4.0141966929133854
11
6.0894655118110235
21
-4.0141966929133854
0
LINE
8
BLACK
6
CONTINUOUS
10
6.0894655118110235
20
-4.0141966929133854
11
6.0893081102362201
21
-4.0140915354330708
0
LINE
8
BLACK
6
CONTINUOUS
10
6.0893081102362201
20
-4.0140915354330708
11
6.0891436220472439
21
-4.0139977559055113
0
LINE
8
BLACK
6
CONTINUOUS
10
6.0891436220472439
20
-4.0139977559055113
11
6.0891314960629916
21
-4.0139735433070864
0
LINE
8
BLACK
6
CONTINUOUS
10
6.0891314960629916
20
-4.0139735433070864
11
6.0890822834645668
21
-4.0139406692913386
0
LINE
8
BLACK
6
CONTINUOUS
10
6.0890822834645668
20
-4.0139406692913386
11
6.0875825196850393
21
-4.0124408267716536
0
LINE
8
BLACK
6
CONTINUOUS
10
6.0875825196850393
20
-4.0124408267716536
11
6.0874772834645672
21
-4.0122833464566927
0
LINE
8
BLACK
6
CONTINUOUS
10
6.0874772834645672
20
-4.0122833464566927
11
6.0873612598425195
21
-4.0121338582677168
0
LINE
8
BLACK
6
CONTINUOUS
10
6.0873612598425195
20
-4.0121338582677168
11
6.0866113779527558
21
-4.0106340551181106
0
LINE
8
BLACK
6
CONTINUOUS
10
6.0866113779527558
20
-4.0106340551181106
11
6.0865772047244091
21
-4.0105092519685037
0
LINE
8
BLACK
6
CONTINUOUS
10
6.0865772047244091
20
-4.0105092519685037
11
6.0865219685039369
21
-4.0103923228346456
0
LINE
8
BLACK
6
CONTINUOUS
10
6.0865219685039369
20
-4.0103923228346456
11
6.0857720472440944
21
-4.0073927165354331
0
LINE
8
BLACK
6
CONTINUOUS
10
6.0857720472440944
20
-4.0073927165354331
11
6.0857649999999994
21
-4.007248228346457
0
LINE
8
BLACK
6
CONTINUOUS
10
6.0857649999999994
20
-4.007248228346457
11
6.0857367716535435
21
-4.0071062598425193
0
LINE
8
BLACK
6
CONTINUOUS
10
6.0857367716535435
20
-4.0071062598425193
11
6.0857367716535435
21
-4.0048565354330705
0
LINE
8
BLACK
6
CONTINUOUS
10
6.0857367716535435
20
-4.0048565354330705
11
6.0857649999999994
21
-4.004714527559055
0
LINE
8
BLACK
6
CONTINUOUS
10
6.0857649999999994
20
-4.004714527559055
11
6.0857720472440944
21
-4.0045700787401577
0
LINE
8
BLACK
6
CONTINUOUS
10
6.0857720472440944
20
-4.0045700787401577
11
6.0865219685039369
21
-4.0015704330708664
0
LINE
8
BLACK
6
CONTINUOUS
10
6.0865219685039369
20
-4.0015704330708664
11
6.0865772047244091
21
-4.0014534645669286
0
LINE
8
BLACK
6
CONTINUOUS
10
6.0865772047244091
20
-4.0014534645669286
11
6.0866113779527558
21
-4.0013287007874014
0
LINE
8
BLACK
6
CONTINUOUS
10
6.0866113779527558
20
-4.0013287007874014
11
6.0873612598425195
21
-3.9998288976377951
0
LINE
8
BLACK
6
CONTINUOUS
10
6.0873612598425195
20
-3.9998288976377951
11
6.0874774015748034
21
-3.9996792519685038
0
LINE
8
BLACK
6
CONTINUOUS
10
6.0874774015748034
20
-3.9996792519685038
11
6.0875825196850393
21
-3.999521929133858
0
LINE
8
BLACK
6
CONTINUOUS
10
6.0875825196850393
20
-3.999521929133858
11
6.0890822834645668
21
-3.9980221259842517
0
LINE
8
BLACK
6
CONTINUOUS
10
6.0890822834645668
20
-3.9980221259842517
11
6.0891314566929129
21
-3.9979892519685039
0
LINE
8
BLACK
6
CONTINUOUS
10
6.0891314566929129
20
-3.9979892519685039
11
6.0891435826771652
21
-3.9979650393700785
0
LINE
8
BLACK
6
CONTINUOUS
10
6.0891435826771652
20
-3.9979650393700785
11
6.0893081102362201
21
-3.9978712204724407
0
LINE
8
BLACK
6
CONTINUOUS
10
6.0893081102362201
20
-3.9978712204724407
11
6.0894655118110235
21
-3.9977661023622044
0
LINE
8
BLACK
6
CONTINUOUS
10
6.0894655118110235
20
-3.9977661023622044
11
6.0894925984251964
21
-3.9977661023622044
0
LINE
8
BLACK
6
CONTINUOUS
10
6.0894925984251964
20
-3.9977661023622044
11
6.0895439763779526
21
-3.9977368110236218
0
LINE
8
BLACK
6
CONTINUOUS
10
6.0895439763779526
20
-3.9977368110236218
11
6.0917937007874015
21
-3.9969868897637792
0
LINE
8
BLACK
6
CONTINUOUS
10
6.0917937007874015
20
-3.9969868897637792
11
6.0919812992125983
21
-3.9969632283464565
0
LINE
8
BLACK
6
CONTINUOUS
10
6.0919812992125983
20
-3.9969632283464565
11
6.0921672047244089
21
-3.9969262598425197
0
LINE
8
BLACK
6
CONTINUOUS
10
6.0921672047244089
20
-3.9969262598425197
11
6.0936670472440939
21
-3.9969262598425197
0
LINE
8
BLACK
6
CONTINUOUS
10
6.0936670472440939
20
-3.9969262598425197
11
6.0938529133858266
21
-3.9969632283464565
0
LINE
8
BLACK
6
CONTINUOUS
10
6.1106169685039369
20
-3.9970161811023619
11
6.1112561417322837
21
-3.9976553543307087
0
LINE
8
BLACK
6
CONTINUOUS
10
6.1112561417322837
20
-3.9976553543307087
11
6.1112561417322837
21
-3.9985593700787398
0
LINE
8
BLACK
6
CONTINUOUS
10
6.1112561417322837
20
-3.9985593700787398
11
6.1106169685039369
21
-3.9991985433070867
0
LINE
8
BLACK
6
CONTINUOUS
10
6.1106169685039369
20
-3.9991985433070867
11
6.1101649606299215
21
-3.9992884645669289
0
LINE
8
BLACK
6
CONTINUOUS
10
6.1101649606299215
20
-3.9992884645669289
11
6.1074442125984252
21
-3.9992884645669289
0
LINE
8
BLACK
6
CONTINUOUS
10
6.1074442125984252
20
-3.9992884645669289
11
6.1063651574803144
21
-3.9998279527559055
0
LINE
8
BLACK
6
CONTINUOUS
10
6.1063651574803144
20
-3.9998279527559055
11
6.1058334251968507
21
-4.0003596456692909
0
LINE
8
BLACK
6
CONTINUOUS
10
6.1058334251968507
20
-4.0003596456692909
11
6.1045120078740158
21
-4.0023418503937007
0
LINE
8
BLACK
6
CONTINUOUS
10
6.1045120078740158
20
-4.0023418503937007
11
6.104220275590551
21
-4.0035087007874015
0
LINE
8
BLACK
6
CONTINUOUS
10
6.104220275590551
20
-4.0035087007874015
11
6.1051373228346453
21
-4.0030501968503938
0
LINE
8
BLACK
6
CONTINUOUS
10
6.1051373228346453
20
-4.0030501968503938
11
6.1051943307086614
21
-4.0030345669291334
0
LINE
8
BLACK
6
CONTINUOUS
10
6.1051943307086614
20
-4.0030345669291334
11
6.1052135039370077
21
-4.0030154330708658
0
LINE
8
BLACK
6
CONTINUOUS
10
6.1052135039370077
20
-4.0030154330708658
11
6.1053989763779528
21
-4.0029785039370074
0
LINE
8
BLACK
6
CONTINUOUS
10
6.1053989763779528
20
-4.0029785039370074
11
6.1055818110236215
21
-4.0029284645669287
0
LINE
8
BLACK
6
CONTINUOUS
10
6.1055818110236215
20
-4.0029284645669287
11
6.105607519685039
21
-4.0029370078740154
0
LINE
8
BLACK
6
CONTINUOUS
10
6.105607519685039
20
-4.0029370078740154
11
6.1056655118110239
21
-4.0029255118110232
0
LINE
8
BLACK
6
CONTINUOUS
10
6.1056655118110239
20
-4.0029255118110232
11
6.1086651574803152
21
-4.0029255118110232
0
LINE
8
BLACK
6
CONTINUOUS
10
6.1086651574803152
20
-4.0029255118110232
11
6.108723188976378
21
-4.0029370472440942
0
LINE
8
BLACK
6
CONTINUOUS
10
6.108723188976378
20
-4.0029370472440942
11
6.1087488582677167
21
-4.0029285039370075
0
LINE
8
BLACK
6
CONTINUOUS
10
6.1087488582677167
20
-4.0029285039370075
11
6.1089313779527554
21
-4.0029784645669286
0
LINE
8
BLACK
6
CONTINUOUS
10
6.1089313779527554
20
-4.0029784645669286
11
6.1091171653543306
21
-4.0030154330708658
0
LINE
8
BLACK
6
CONTINUOUS
10
6.1091171653543306
20
-4.0030154330708658
11
6.1091362992125982
21
-4.0030345669291334
0
LINE
8
BLACK
6
CONTINUOUS
10
6.1091362992125982
20
-4.0030345669291334
11
6.1091933858267717
21
-4.0030501968503938
0
LINE
8
BLACK
6
CONTINUOUS
10
6.1091933858267717
20
-4.0030501968503938
11
6.110693188976378
21
-4.0038001181102363
0
LINE
8
BLACK
6
CONTINUOUS
10
6.110693188976378
20
-4.0038001181102363
11
6.1108426377952751
21
-4.0039161417322831
0
LINE
8
BLACK
6
CONTINUOUS
10
6.1108426377952751
20
-4.0039161417322831
11
6.111000118110236
21
-4.0040213385826773
0
LINE
8
BLACK
6
CONTINUOUS
10
6.111000118110236
20
-4.0040213385826773
11
6.1117499999999998
21
-4.0047712204724411
0
LINE
8
BLACK
6
CONTINUOUS
10
6.1117499999999998
20
-4.0047712204724411
11
6.1118551574803144
21
-4.0049285826771657
0
LINE
8
BLACK
6
CONTINUOUS
10
6.1118551574803144
20
-4.0049285826771657
11
6.1119712992125983
21
-4.0050782283464565
0
LINE
8
BLACK
6
CONTINUOUS
10
6.1119712992125983
20
-4.0050782283464565
11
6.1127211811023621
21
-4.0065780708661416
0
LINE
8
BLACK
6
CONTINUOUS
10
6.1127211811023621
20
-4.0065780708661416
11
6.1127367716535428
21
-4.0066350787401577
0
LINE
8
BLACK
6
CONTINUOUS
10
6.1127367716535428
20
-4.0066350787401577
11
6.11275594488189
21
-4.006654251968504
0
LINE
8
BLACK
6
CONTINUOUS
10
6.11275594488189
20
-4.006654251968504
11
6.1127928740157476
21
-4.0068400393700783
0
LINE
8
BLACK
6
CONTINUOUS
10
6.1127928740157476
20
-4.0068400393700783
11
6.1128428740157483
21
-4.0070225590551178
0
LINE
8
BLACK
6
CONTINUOUS
10
6.1128428740157483
20
-4.0070225590551178
11
6.1128342913385829
21
-4.0070481889763778
0
LINE
8
BLACK
6
CONTINUOUS
10
6.1128342913385829
20
-4.0070481889763778
11
6.1128458661417318
21
-4.0071062598425193
0
LINE
8
BLACK
6
CONTINUOUS
10
6.1128458661417318
20
-4.0071062598425193
11
6.1128458661417318
21
-4.0108557874015744
0
LINE
8
BLACK
6
CONTINUOUS
10
6.1128458661417318
20
-4.0108557874015744
11
6.1128342913385829
21
-4.0109138188976381
0
LINE
8
BLACK
6
CONTINUOUS
10
6.1128342913385829
20
-4.0109138188976381
11
6.1128428740157483
21
-4.0109394881889759
0
LINE
8
BLACK
6
CONTINUOUS
10
6.1128428740157483
20
-4.0109394881889759
11
6.1127928740157476
21
-4.0111219685039368
0
LINE
8
BLACK
6
CONTINUOUS
10
6.1127928740157476
20
-4.0111219685039368
11
6.11275594488189
21
-4.0113077952755907
0
LINE
8
BLACK
6
CONTINUOUS
10
6.11275594488189
20
-4.0113077952755907
11
6.1127367716535428
21
-4.0113269291338582
0
LINE
8
BLACK
6
CONTINUOUS
10
6.1127367716535428
20
-4.0113269291338582
11
6.1127211811023621
21
-4.0113839763779531
0
LINE
8
BLACK
6
CONTINUOUS
10
6.1127211811023621
20
-4.0113839763779531
11
6.1119712992125983
21
-4.0128837795275594
0
LINE
8
BLACK
6
CONTINUOUS
10
6.1119712992125983
20
-4.0128837795275594
11
6.1118551574803144
21
-4.0130333858267715
0
LINE
8
BLACK
6
CONTINUOUS
10
6.1118551574803144
20
-4.0130333858267715
11
6.1117500393700785
21
-4.0131907480314961
0
LINE
8
BLACK
6
CONTINUOUS
10
6.1117500393700785
20
-4.0131907480314961
11
6.111000118110236
21
-4.0139406692913386
0
LINE
8
BLACK
6
CONTINUOUS
10
6.111000118110236
20
-4.0139406692913386
11
6.1108427559055114
21
-4.0140457480314957
0
LINE
8
BLACK
6
CONTINUOUS
10
6.1108427559055114
20
-4.0140457480314957
11
6.1106931496062993
21
-4.0141619291338584
0
LINE
8
BLACK
6
CONTINUOUS
10
6.1106931496062993
20
-4.0141619291338584
11
6.109193346456693
21
-4.0149118110236222
0
LINE
8
BLACK
6
CONTINUOUS
10
6.109193346456693
20
-4.0149118110236222
11
6.1091362992125982
21
-4.0149274015748029
0
LINE
8
BLACK
6
CONTINUOUS
10
6.1091362992125982
20
-4.0149274015748029
11
6.1091171653543306
21
-4.0149465748031492
0
LINE
8
BLACK
6
CONTINUOUS
10
6.1091171653543306
20
-4.0149465748031492
11
6.1089313385826767
21
-4.0149835039370076
0
LINE
8
BLACK
6
CONTINUOUS
10
6.1089313385826767
20
-4.0149835039370076
11
6.1087488582677167
21
-4.0150335039370075
0
LINE
8
BLACK
6
CONTINUOUS
10
6.1087488582677167
20
-4.0150335039370075
11
6.108723188976378
21
-4.0150249212598421
0
LINE
8
BLACK
6
CONTINUOUS
10
6.108723188976378
20
-4.0150249212598421
11
6.1086651574803152
21
-4.0150364960629918
0
LINE
8
BLACK
6
CONTINUOUS
10
6.1086651574803152
20
-4.0150364960629918
11
6.1056655118110239
21
-4.0150364960629918
0
LINE
8
BLACK
6
CONTINUOUS
10
6.1056655118110239
20
-4.0150364960629918
11
6.1056074409448815
21
-4.0150249212598421
0
LINE
8
BLACK
6
CONTINUOUS
10
6.1056074409448815
20
-4.0150249212598421
11
6.1055818110236215
21
-4.0150335039370075
0
LINE
8
BLACK
6
CONTINUOUS
10
6.1055818110236215
20
-4.0150335039370075
11
6.1053992913385828
21
-4.0149835039370076
0
LINE
8
BLACK
6
CONTINUOUS
10
6.1053992913385828
20
-4.0149835039370076
11
6.1052135039370077
21
-4.0149465748031492
0
LINE
8
BLACK
6
CONTINUOUS
10
6.1052135039370077
20
-4.0149465748031492
11
6.1051943307086614
21
-4.0149274015748029
0
LINE
8
BLACK
6
CONTINUOUS
10
6.1051943307086614
20
-4.0149274015748029
11
6.1051373228346453
21
-4.0149118110236222
0
LINE
8
BLACK
6
CONTINUOUS
10
6.1051373228346453
20
-4.0149118110236222
11
6.103637519685039
21
-4.0141619291338584
0
LINE
8
BLACK
6
CONTINUOUS
10
6.103637519685039
20
-4.0141619291338584
11
6.1034877559055118
21
-4.014045708661417
0
LINE
8
BLACK
6
CONTINUOUS
10
6.1034877559055118
20
-4.014045708661417
11
6.1033305118110235
21
-4.0139406299212599
0
LINE
8
BLACK
6
CONTINUOUS
10
6.1033305118110235
20
-4.0139406299212599
11
6.1025806299212597
21
-4.0131907480314961
0
LINE
8
BLACK
6
CONTINUOUS
10
6.1025806299212597
20
-4.0131907480314961
11
6.1024754330708664
21
-4.0130332677165352
0
LINE
8
BLACK
6
CONTINUOUS
10
6.1024754330708664
20
-4.0130332677165352
11
6.1023594094488187
21
-4.0128838188976381
0
LINE
8
BLACK
6
CONTINUOUS
10
6.1023594094488187
20
-4.0128838188976381
11
6.1016094881889762
21
-4.0113840157480318
0
LINE
8
BLACK
6
CONTINUOUS
10
6.1016094881889762
20
-4.0113840157480318
11
6.1015938582677167
21
-4.0113269291338582
0
LINE
8
BLACK
6
CONTINUOUS
10
6.1015938582677167
20
-4.0113269291338582
11
6.1015747244094483
21
-4.0113077952755907
0
LINE
8
BLACK
6
CONTINUOUS
10
6.1015747244094483
20
-4.0113077952755907
11
6.101537755905512
21
-4.0111220078740155
0
LINE
8
BLACK
6
CONTINUOUS
10
6.101537755905512
20
-4.0111220078740155
11
6.1014877952755908
21
-4.0109394881889759
0
LINE
8
BLACK
6
CONTINUOUS
10
6.1014877952755908
20
-4.0109394881889759
11
6.1014963385826766
21
-4.0109138188976381
0
LINE
8
BLACK
6
CONTINUOUS
10
6.1014963385826766
20
-4.0109138188976381
11
6.1014848031496065
21
-4.0108557874015744
0
LINE
8
BLACK
6
CONTINUOUS
10
6.1014848031496065
20
-4.0108557874015744
11
6.1014848031496065
21
-4.0048565354330705
0
LINE
8
BLACK
6
CONTINUOUS
10
6.1014848031496065
20
-4.0048565354330705
11
6.1015130314960633
21
-4.004714527559055
0
LINE
8
BLACK
6
CONTINUOUS
10
6.1015130314960633
20
-4.004714527559055
11
6.1015200787401573
21
-4.0045700787401577
0
LINE
8
BLACK
6
CONTINUOUS
10
6.1015200787401573
20
-4.0045700787401577
11
6.1022699999999999
21
-4.0015704330708664
0
LINE
8
BLACK
6
CONTINUOUS
10
6.1022699999999999
20
-4.0015704330708664
11
6.1023559448818894
21
-4.0013884645669293
0
LINE
8
BLACK
6
CONTINUOUS
10
6.1023559448818894
20
-4.0013884645669293
11
6.1024330708661418
21
-4.0012017322834641
0
LINE
8
BLACK
6
CONTINUOUS
10
6.1024330708661418
20
-4.0012017322834641
11
6.1039328740157481
21
-3.9989520078740157
0
LINE
8
BLACK
6
CONTINUOUS
10
6.1039328740157481
20
-3.9989520078740157
11
6.1040155511811021
21
-3.9988690944881888
0
LINE
8
BLACK
6
CONTINUOUS
10
6.1040155511811021
20
-3.9988690944881888
11
6.1040804724409448
21
-3.9987720078740159
0
LINE
8
BLACK
6
CONTINUOUS
10
6.1040804724409448
20
-3.9987720078740159
11
6.1048303543307085
21
-3.9980220866141734
0
LINE
8
BLACK
6
CONTINUOUS
10
6.1048303543307085
20
-3.9980220866141734
11
6.1049880708661419
21
-3.9979166929133858
0
LINE
8
BLACK
6
CONTINUOUS
10
6.1049880708661419
20
-3.9979166929133858
11
6.1051373228346453
21
-3.9978008661417324
0
LINE
8
BLACK
6
CONTINUOUS
10
6.1051373228346453
20
-3.9978008661417324
11
6.1066371653543303
21
-3.9970509448818898
0
LINE
8
BLACK
6
CONTINUOUS
10
6.1066371653543303
20
-3.9970509448818898
11
6.1066941732283464
21
-3.9970353149606299
0
LINE
8
BLACK
6
CONTINUOUS
10
6.1066941732283464
20
-3.9970353149606299
11
6.1067133464566927
21
-3.9970161811023619
0
LINE
8
BLACK
6
CONTINUOUS
10
6.1067133464566927
20
-3.9970161811023619
11
6.1068988188976379
21
-3.9969792519685039
0
LINE
8
BLACK
6
CONTINUOUS
10
6.1068988188976379
20
-3.9969792519685039
11
6.1070816535433066
21
-3.9969292125984253
0
LINE
8
BLACK
6
CONTINUOUS
10
6.1070816535433066
20
-3.9969292125984253
11
6.1071073622047241
21
-3.9969377559055119
0
LINE
8
BLACK
6
CONTINUOUS
10
6.1071073622047241
20
-3.9969377559055119
11
6.107165354330709
21
-3.9969262598425197
0
LINE
8
BLACK
6
CONTINUOUS
10
6.107165354330709
20
-3.9969262598425197
11
6.1101649606299215
21
-3.9969262598425197
0
LINE
8
BLACK
6
CONTINUOUS
10
6.1101649606299215
20
-3.9969262598425197
11
6.1106169685039369
21
-3.9970161811023619
0
LINE
8
BLACK
6
CONTINUOUS
10
6.1048653149606293
20
-4.0058272440944878
11
6.1043864960629923
21
-4.0063060236220469
0
LINE
8
BLACK
6
CONTINUOUS
10
6.1043864960629923
20
-4.0063060236220469
11
6.1038470078740152
21
-4.0073850787401577
0
LINE
8
BLACK
6
CONTINUOUS
10
6.1038470078740152
20
-4.0073850787401577
11
6.1038470078740152
21
-4.0105769291338582
0
LINE
8
BLACK
6
CONTINUOUS
10
6.1038470078740152
20
-4.0105769291338582
11
6.1043864960629923
21
-4.0116559055118106
0
LINE
8
BLACK
6
CONTINUOUS
10
6.1043864960629923
20
-4.0116559055118106
11
6.1048653937007868
21
-4.0121348425196848
0
LINE
8
BLACK
6
CONTINUOUS
10
6.1048653937007868
20
-4.0121348425196848
11
6.1059443307086614
21
-4.0126742913385822
0
LINE
8
BLACK
6
CONTINUOUS
10
6.1059443307086614
20
-4.0126742913385822
11
6.1083863385826769
21
-4.0126742913385822
0
LINE
8
BLACK
6
CONTINUOUS
10
6.1083863385826769
20
-4.0126742913385822
11
6.1094653543307089
21
-4.0121347637795273
0
LINE
8
BLACK
6
CONTINUOUS
10
6.1094653543307089
20
-4.0121347637795273
11
6.1099441338582672
21
-4.0116559842519681
0
LINE
8
BLACK
6
CONTINUOUS
10
6.1099441338582672
20
-4.0116559842519681
11
6.110483661417323
21
-4.010576968503937
0
LINE
8
BLACK
6
CONTINUOUS
10
6.110483661417323
20
-4.010576968503937
11
6.110483661417323
21
-4.0073850393700789
0
LINE
8
BLACK
6
CONTINUOUS
10
6.110483661417323
20
-4.0073850393700789
11
6.1099441732283459
21
-4.0063061023622044
0
LINE
8
BLACK
6
CONTINUOUS
10
6.1099441732283459
20
-4.0063061023622044
11
6.1094652755905514
21
-4.005827204724409
0
LINE
8
BLACK
6
CONTINUOUS
10
6.1094652755905514
20
-4.005827204724409
11
6.1083862992125981
21
-4.0052877165354328
0
LINE
8
BLACK
6
CONTINUOUS
10
6.1083862992125981
20
-4.0052877165354328
11
6.1059443700787401
21
-4.0052877165354328
0
LINE
8
BLACK
6
CONTINUOUS
10
6.1059443700787401
20
-4.0052877165354328
11
6.1048653149606293
21
-4.0058272440944878
0
LINE
8
BLACK
6
CONTINUOUS
10
6.1315407086614169
20
-3.9891262204724409
11
6.1326060629921262
21
-3.9901915748031493
0
LINE
8
BLACK
6
CONTINUOUS
10
6.1326060629921262
20
-3.9901915748031493
11
6.1327559055118108
21
-3.9909448818897637
0
LINE
8
BLACK
6
CONTINUOUS
10
6.1327559055118108
20
-3.9909448818897637
11
6.1327559055118108
21
-4.0224409448818896
0
LINE
8
BLACK
6
CONTINUOUS
10
6.1327559055118108
20
-4.0224409448818896
11
6.1326060629921262
21
-4.023194251968504
0
LINE
8
BLACK
6
CONTINUOUS
10
6.1326060629921262
20
-4.023194251968504
11
6.1315407086614169
21
-4.0242596062992124
0
LINE
8
BLACK
6
CONTINUOUS
10
6.1315407086614169
20
-4.0242596062992124
11
6.1307874015748034
21
-4.0244094488188979
0
LINE
8
BLACK
6
CONTINUOUS
10
6.1307874015748034
20
-4.0244094488188979
11
6.0677952755905507
21
-4.0244094488188979
0
LINE
8
BLACK
6
CONTINUOUS
10
6.0677952755905507
20
-4.0244094488188979
11
6.0670419685039372
21
-4.0242596062992124
0
LINE
8
BLACK
6
CONTINUOUS
10
6.0670419685039372
20
-4.0242596062992124
11
6.0659766141732279
21
-4.023194251968504
0
LINE
8
BLACK
6
CONTINUOUS
10
6.0659766141732279
20
-4.023194251968504
11
6.0658267716535432
21
-4.0224409448818896
0
LINE
8
BLACK
6
CONTINUOUS
10
6.0658267716535432
20
-4.0224409448818896
11
6.0658267716535432
21
-3.9909448818897637
0
LINE
8
BLACK
6
CONTINUOUS
10
6.0658267716535432
20
-3.9909448818897637
11
6.0659766141732279
21
-3.9901915748031493
0
LINE
8
BLACK
6
CONTINUOUS
10
6.0659766141732279
20
-3.9901915748031493
11
6.0670419685039372
21
-3.9891262204724409
0
LINE
8
BLACK
6
CONTINUOUS
10
6.0670419685039372
20
-3.9891262204724409
11
6.0677952755905507
21
-3.9889763779527558
0
LINE
8
BLACK
6
CONTINUOUS
10
6.0677952755905507
20
-3.9889763779527558
11
6.1307874015748034
21
-3.9889763779527558
0
LINE
8
BLACK
6
CONTINUOUS
10
6.1307874015748034
20
-3.9889763779527558
11
6.1315407086614169
21
-3.9891262204724409
0
LINE
8
BLACK
6
CONTINUOUS
10
6.069763779527559
20
-3.9929133858267716
11
6.069763779527559
21
-4.0204724409448822
0
LINE
8
BLACK
6
CONTINUOUS
10
6.069763779527559
20
-4.0204724409448822
11
6.1288188976377951
21
-4.0204724409448822
0
LINE
8
BLACK
6
CONTINUOUS
10
6.1288188976377951
20
-4.0204724409448822
11
6.1288188976377951
21
-3.9929133858267716
0
LINE
8
BLACK
6
CONTINUOUS
10
6.1288188976377951
20
-3.9929133858267716
11
6.069763779527559
21
-3.9929133858267716
0
LINE
8
BLACK
6
CONTINUOUS
10
6.6356941732283463
20
-3.9505685433070865
11
6.6367585826771656
21
-3.9510094488188976
0
LINE
8
BLACK
6
CONTINUOUS
10
6.6367585826771656
20
-3.9510094488188976
11
6.6375732283464561
21
-3.9518240944881891
0
LINE
8
BLACK
6
CONTINUOUS
10
6.6375732283464561
20
-3.9518240944881891
11
6.6380141338582677
21
-3.9528885039370079
0
LINE
8
BLACK
6
CONTINUOUS
10
6.6380141338582677
20
-3.9528885039370079
11
6.6380141338582677
21
-3.9540406299212596
0
LINE
8
BLACK
6
CONTINUOUS
10
6.6380141338582677
20
-3.9540406299212596
11
6.6375732283464561
21
-3.9551050393700788
0
LINE
8
BLACK
6
CONTINUOUS
10
6.6375732283464561
20
-3.9551050393700788
11
6.6367585826771656
21
-3.9559196850393699
0
LINE
8
BLACK
6
CONTINUOUS
10
6.6367585826771656
20
-3.9559196850393699
11
6.6356941732283463
21
-3.9563605905511809
0
LINE
8
BLACK
6
CONTINUOUS
10
6.6356941732283463
20
-3.9563605905511809
11
6.6351181102362204
21
-3.9564173228346458
0
LINE
8
BLACK
6
CONTINUOUS
10
6.6351181102362204
20
-3.9564173228346458
11
6.6251075196850389
21
-3.9564173228346458
0
LINE
8
BLACK
6
CONTINUOUS
10
6.6251075196850389
20
-3.9564173228346458
11
6.6251688188976372
21
-3.9564581889763777
0
LINE
8
BLACK
6
CONTINUOUS
10
6.6251688188976372
20
-3.9564581889763777
11
6.6252122047244093
21
-3.9566752362204722
0
LINE
8
BLACK
6
CONTINUOUS
10
6.6252122047244093
20
-3.9566752362204722
11
6.6253687401574801
21
-3.9568317716535431
0
LINE
8
BLACK
6
CONTINUOUS
10
6.6253687401574801
20
-3.9568317716535431
11
6.6255324015748034
21
-3.9576545275590549
0
LINE
8
BLACK
6
CONTINUOUS
10
6.6255324015748034
20
-3.9576545275590549
11
6.6255324015748034
21
-3.9752045275590548
0
LINE
8
BLACK
6
CONTINUOUS
10
6.6255324015748034
20
-3.9752045275590548
11
6.6290109448818892
21
-3.9752045275590548
0
LINE
8
BLACK
6
CONTINUOUS
10
6.6290109448818892
20
-3.9752045275590548
11
6.6298337007874011
21
-3.9753681889763777
0
LINE
8
BLACK
6
CONTINUOUS
10
6.6298337007874011
20
-3.9753681889763777
11
6.6309972834645672
21
-3.9765317716535433
0
LINE
8
BLACK
6
CONTINUOUS
10
6.6309972834645672
20
-3.9765317716535433
11
6.6309972834645672
21
-3.978177283464567
0
LINE
8
BLACK
6
CONTINUOUS
10
6.6309972834645672
20
-3.978177283464567
11
6.6298337007874011
21
-3.9793408661417322
0
LINE
8
BLACK
6
CONTINUOUS
10
6.6298337007874011
20
-3.9793408661417322
11
6.6290109448818892
21
-3.979504527559055
0
LINE
8
BLACK
6
CONTINUOUS
10
6.6290109448818892
20
-3.979504527559055
11
6.6177538188976373
21
-3.979504527559055
0
LINE
8
BLACK
6
CONTINUOUS
10
6.6177538188976373
20
-3.979504527559055
11
6.6169310629921254
21
-3.9793408661417322
0
LINE
8
BLACK
6
CONTINUOUS
10
6.6169310629921254
20
-3.9793408661417322
11
6.6157674803149602
21
-3.978177283464567
0
LINE
8
BLACK
6
CONTINUOUS
10
6.6157674803149602
20
-3.978177283464567
11
6.6157674803149602
21
-3.9765317716535433
0
LINE
8
BLACK
6
CONTINUOUS
10
6.6157674803149602
20
-3.9765317716535433
11
6.6169310629921254
21
-3.9753681889763777
0
LINE
8
BLACK
6
CONTINUOUS
10
6.6169310629921254
20
-3.9753681889763777
11
6.6177538188976373
21
-3.9752045275590548
0
LINE
8
BLACK
6
CONTINUOUS
10
6.6177538188976373
20
-3.9752045275590548
11
6.6212324015748028
21
-3.9752045275590548
0
LINE
8
BLACK
6
CONTINUOUS
10
6.6212324015748028
20
-3.9752045275590548
11
6.6212324015748028
21
-3.9637831496062992
0
LINE
8
BLACK
6
CONTINUOUS
10
6.6212324015748028
20
-3.9637831496062992
11
6.6211502755905514
21
-3.963865275590551
0
LINE
8
BLACK
6
CONTINUOUS
10
6.6211502755905514
20
-3.963865275590551
11
6.6208637795275589
21
-3.9640566929133856
0
LINE
8
BLACK
6
CONTINUOUS
10
6.6208637795275589
20
-3.9640566929133856
11
6.6205915354330704
21
-3.9642680314960628
0
LINE
8
BLACK
6
CONTINUOUS
10
6.6205915354330704
20
-3.9642680314960628
11
6.6187153543307087
21
-3.9652061023622047
0
LINE
8
BLACK
6
CONTINUOUS
10
6.6187153543307087
20
-3.9652061023622047
11
6.6179062598425196
21
-3.965427677165354
0
LINE
8
BLACK
6
CONTINUOUS
10
6.6179062598425196
20
-3.965427677165354
11
6.6163451574803149
21
-3.9649073228346454
0
LINE
8
BLACK
6
CONTINUOUS
10
6.6163451574803149
20
-3.9649073228346454
11
6.6156092519685039
21
-3.9634355511811021
0
LINE
8
BLACK
6
CONTINUOUS
10
6.6156092519685039
20
-3.9634355511811021
11
6.6161296062992125
21
-3.9618744488188975
0
LINE
8
BLACK
6
CONTINUOUS
10
6.6161296062992125
20
-3.9618744488188975
11
6.6167922834645667
21
-3.9613601181102363
0
LINE
8
BLACK
6
CONTINUOUS
10
6.6167922834645667
20
-3.9613601181102363
11
6.6183563779527557
21
-3.960578031496063
0
LINE
8
BLACK
6
CONTINUOUS
10
6.6183563779527557
20
-3.960578031496063
11
6.6198353937007877
21
-3.9590990157480315
0
LINE
8
BLACK
6
CONTINUOUS
10
6.6198353937007877
20
-3.9590990157480315
11
6.6215935039370075
21
-3.9564619291338583
0
LINE
8
BLACK
6
CONTINUOUS
10
6.6215935039370075
20
-3.9564619291338583
11
6.6216380314960626
21
-3.9564173228346458
0
LINE
8
BLACK
6
CONTINUOUS
10
6.6216380314960626
20
-3.9564173228346458
11
6.5980708661417324
21
-3.9564173228346458
0
LINE
8
BLACK
6
CONTINUOUS
10
6.5980708661417324
20
-3.9564173228346458
11
6.5980708661417324
21
-4.0105118110236218
0
LINE
8
BLACK
6
CONTINUOUS
10
6.5980708661417324
20
-4.0105118110236218
11
6.6351181102362204
21
-4.0105118110236218
0
LINE
8
BLACK
6
CONTINUOUS
10
6.6351181102362204
20
-4.0105118110236218
11
6.6356941732283463
21
-4.0105685433070866
0
LINE
8
BLACK
6
CONTINUOUS
10
6.6356941732283463
20
-4.0105685433070866
11
6.6367585826771656
21
-4.0110094488188972
0
LINE
8
BLACK
6
CONTINUOUS
10
6.6367585826771656
20
-4.0110094488188972
11
6.6375732283464561
21
-4.0118240944881887
0
LINE
8
BLACK
6
CONTINUOUS
10
6.6375732283464561
20
-4.0118240944881887
11
6.6380141338582677
21
-4.0128885039370079
0
LINE
8
BLACK
6
CONTINUOUS
10
6.6380141338582677
20
-4.0128885039370079
11
6.6380141338582677
21
-4.0140406299212597
0
LINE
8
BLACK
6
CONTINUOUS
10
6.6380141338582677
20
-4.0140406299212597
11
6.6375732283464561
21
-4.0151050393700789
0
LINE
8
BLACK
6
CONTINUOUS
10
6.6375732283464561
20
-4.0151050393700789
11
6.6367585826771656
21
-4.0159196850393704
0
LINE
8
BLACK
6
CONTINUOUS
10
6.6367585826771656
20
-4.0159196850393704
11
6.6356941732283463
21
-4.016360590551181
0
LINE
8
BLACK
6
CONTINUOUS
10
6.6356941732283463
20
-4.016360590551181
11
6.6351181102362204
21
-4.0164173228346458
0
LINE
8
BLACK
6
CONTINUOUS
10
6.6351181102362204
20
-4.0164173228346458
11
6.5951181102362204
21
-4.0164173228346458
0
LINE
8
BLACK
6
CONTINUOUS
10
6.5951181102362204
20
-4.0164173228346458
11
6.5945420472440945
21
-4.016360590551181
0
LINE
8
BLACK
6
CONTINUOUS
10
6.5945420472440945
20
-4.016360590551181
11
6.5934776377952753
21
-4.0159196850393704
0
LINE
8
BLACK
6
CONTINUOUS
10
6.5934776377952753
20
-4.0159196850393704
11
6.5926629921259838
21
-4.0151050393700789
0
LINE
8
BLACK
6
CONTINUOUS
10
6.5926629921259838
20
-4.0151050393700789
11
6.5922220866141732
21
-4.0140406299212597
0
LINE
8
BLACK
6
CONTINUOUS
10
6.5922220866141732
20
-4.0140406299212597
11
6.5921653543307084
21
-4.0134645669291338
0
LINE
8
BLACK
6
CONTINUOUS
10
6.5921653543307084
20
-4.0134645669291338
11
6.5921653543307084
21
-3.9534645669291337
0
LINE
8
BLACK
6
CONTINUOUS
10
6.5921653543307084
20
-3.9534645669291337
11
6.5922220866141732
21
-3.9528885039370079
0
LINE
8
BLACK
6
CONTINUOUS
10
6.5922220866141732
20
-3.9528885039370079
11
6.5926629921259838
21
-3.9518240944881891
0
LINE
8
BLACK
6
CONTINUOUS
10
6.5926629921259838
20
-3.9518240944881891
11
6.5934776377952753
21
-3.9510094488188976
0
LINE
8
BLACK
6
CONTINUOUS
10
6.5934776377952753
20
-3.9510094488188976
11
6.5945420472440945
21
-3.9505685433070865
0
LINE
8
BLACK
6
CONTINUOUS
10
6.5945420472440945
20
-3.9505685433070865
11
6.5951181102362204
21
-3.9505118110236221
0
LINE
8
BLACK
6
CONTINUOUS
10
6.5951181102362204
20
-3.9505118110236221
11
6.6351181102362204
21
-3.9505118110236221
0
LINE
8
BLACK
6
CONTINUOUS
10
6.6351181102362204
20
-3.9505118110236221
11
6.6356941732283463
21
-3.9505685433070865
0
LINE
8
BLACK
6
CONTINUOUS
10
6.7156941732283464
20
-3.9505685433070865
11
6.7167585826771656
21
-3.9510094488188976
0
LINE
8
BLACK
6
CONTINUOUS
10
6.7167585826771656
20
-3.9510094488188976
11
6.7175732283464562
21
-3.9518240944881891
0
LINE
8
BLACK
6
CONTINUOUS
10
6.7175732283464562
20
-3.9518240944881891
11
6.7180141338582677
21
-3.9528885039370079
0
LINE
8
BLACK
6
CONTINUOUS
10
6.7180141338582677
20
-3.9528885039370079
11
6.7180708661417325
21
-3.9534645669291337
0
LINE
8
BLACK
6
CONTINUOUS
10
6.7180708661417325
20
-3.9534645669291337
11
6.7180708661417325
21
-4.0134645669291338
0
LINE
8
BLACK
6
CONTINUOUS
10
6.7180708661417325
20
-4.0134645669291338
11
6.7180141338582677
21
-4.0140406299212597
0
LINE
8
BLACK
6
CONTINUOUS
10
6.7180141338582677
20
-4.0140406299212597
11
6.7175732283464562
21
-4.0151050393700789
0
LINE
8
BLACK
6
CONTINUOUS
10
6.7175732283464562
20
-4.0151050393700789
11
6.7167585826771656
21
-4.0159196850393704
0
LINE
8
BLACK
6
CONTINUOUS
10
6.7167585826771656
20
-4.0159196850393704
11
6.7156941732283464
21
-4.016360590551181
0
LINE
8
BLACK
6
CONTINUOUS
10
6.7156941732283464
20
-4.016360590551181
11
6.7151181102362205
21
-4.0164173228346458
0
LINE
8
BLACK
6
CONTINUOUS
10
6.7151181102362205
20
-4.0164173228346458
11
6.6751181102362205
21
-4.0164173228346458
0
LINE
8
BLACK
6
CONTINUOUS
10
6.6751181102362205
20
-4.0164173228346458
11
6.6745420472440946
21
-4.016360590551181
0
LINE
8
BLACK
6
CONTINUOUS
10
6.6745420472440946
20
-4.016360590551181
11
6.6734776377952754
21
-4.0159196850393704
0
LINE
8
BLACK
6
CONTINUOUS
10
6.6734776377952754
20
-4.0159196850393704
11
6.6726629921259839
21
-4.0151050393700789
0
LINE
8
BLACK
6
CONTINUOUS
10
6.6726629921259839
20
-4.0151050393700789
11
6.6722220866141733
21
-4.0140406299212597
0
LINE
8
BLACK
6
CONTINUOUS
10
6.6722220866141733
20
-4.0140406299212597
11
6.6722220866141733
21
-4.0128885039370079
0
LINE
8
BLACK
6
CONTINUOUS
10
6.6722220866141733
20
-4.0128885039370079
11
6.6726629921259839
21
-4.0118240944881887
0
LINE
8
BLACK
6
CONTINUOUS
10
6.6726629921259839
20
-4.0118240944881887
11
6.6734776377952754
21
-4.0110094488188972
0
LINE
8
BLACK
6
CONTINUOUS
10
6.6734776377952754
20
-4.0110094488188972
11
6.6745420472440946
21
-4.0105685433070866
0
LINE
8
BLACK
6
CONTINUOUS
10
6.6745420472440946
20
-4.0105685433070866
11
6.6751181102362205
21
-4.0105118110236218
0
LINE
8
BLACK
6
CONTINUOUS
10
6.6751181102362205
20
-4.0105118110236218
11
6.7121653543307085
21
-4.0105118110236218
0
LINE
8
BLACK
6
CONTINUOUS
10
6.7121653543307085
20
-4.0105118110236218
11
6.7121653543307085
21
-3.9564173228346458
0
LINE
8
BLACK
6
CONTINUOUS
10
6.7121653543307085
20
-3.9564173228346458
11
6.6849923622047243
21
-3.9564173228346458
0
LINE
8
BLACK
6
CONTINUOUS
10
6.6849923622047243
20
-3.9564173228346458
11
6.685406811023622
21
-3.9568317716535431
0
LINE
8
BLACK
6
CONTINUOUS
10
6.685406811023622
20
-3.9568317716535431
11
6.685406811023622
21
-3.9584772834645667
0
LINE
8
BLACK
6
CONTINUOUS
10
6.685406811023622
20
-3.9584772834645667
11
6.6842432283464568
21
-3.9596408661417324
0
LINE
8
BLACK
6
CONTINUOUS
10
6.6842432283464568
20
-3.9596408661417324
11
6.6834204724409449
21
-3.9598045275590552
0
LINE
8
BLACK
6
CONTINUOUS
10
6.6834204724409449
20
-3.9598045275590552
11
6.676189527559055
21
-3.9598045275590552
0
LINE
8
BLACK
6
CONTINUOUS
10
6.676189527559055
20
-3.9598045275590552
11
6.676189527559055
21
-3.9648854724409448
0
LINE
8
BLACK
6
CONTINUOUS
10
6.676189527559055
20
-3.9648854724409448
11
6.6806061811023625
21
-3.9648854724409448
0
LINE
8
BLACK
6
CONTINUOUS
10
6.6806061811023625
20
-3.9648854724409448
11
6.6814289370078734
21
-3.9650491338582676
0
LINE
8
BLACK
6
CONTINUOUS
10
6.6814289370078734
20
-3.9650491338582676
11
6.6825925196850395
21
-3.9662127165354328
0
LINE
8
BLACK
6
CONTINUOUS
10
6.6825925196850395
20
-3.9662127165354328
11
6.6825925196850395
21
-3.9678582283464565
0
LINE
8
BLACK
6
CONTINUOUS
10
6.6825925196850395
20
-3.9678582283464565
11
6.6814289370078734
21
-3.9690218110236222
0
LINE
8
BLACK
6
CONTINUOUS
10
6.6814289370078734
20
-3.9690218110236222
11
6.6806061811023625
21
-3.969185472440945
0
LINE
8
BLACK
6
CONTINUOUS
10
6.6806061811023625
20
-3.969185472440945
11
6.676189527559055
21
-3.969185472440945
0
LINE
8
BLACK
6
CONTINUOUS
10
6.676189527559055
20
-3.969185472440945
11
6.676189527559055
21
-3.9773545275590552
0
LINE
8
BLACK
6
CONTINUOUS
10
6.676189527559055
20
-3.9773545275590552
11
6.6760258661417318
21
-3.978177283464567
0
LINE
8
BLACK
6
CONTINUOUS
10
6.6760258661417318
20
-3.978177283464567
11
6.6748622834645666
21
-3.9793408661417322
0
LINE
8
BLACK
6
CONTINUOUS
10
6.6748622834645666
20
-3.9793408661417322
11
6.6732167716535429
21
-3.9793408661417322
0
LINE
8
BLACK
6
CONTINUOUS
10
6.6732167716535429
20
-3.9793408661417322
11
6.6720531889763777
21
-3.978177283464567
0
LINE
8
BLACK
6
CONTINUOUS
10
6.6720531889763777
20
-3.978177283464567
11
6.6718895275590553
21
-3.9773545275590552
0
LINE
8
BLACK
6
CONTINUOUS
10
6.6718895275590553
20
-3.9773545275590552
11
6.6718895275590553
21
-3.9576545275590549
0
LINE
8
BLACK
6
CONTINUOUS
10
6.6718895275590553
20
-3.9576545275590549
11
6.6720531889763777
21
-3.9568317716535431
0
LINE
8
BLACK
6
CONTINUOUS
10
6.6720531889763777
20
-3.9568317716535431
11
6.6732167716535429
21
-3.9556681889763778
0
LINE
8
BLACK
6
CONTINUOUS
10
6.6732167716535429
20
-3.9556681889763778
11
6.6732245669291341
21
-3.9556666141732282
0
LINE
8
BLACK
6
CONTINUOUS
10
6.6732245669291341
20
-3.9556666141732282
11
6.6726629921259839
21
-3.9551050393700788
0
LINE
8
BLACK
6
CONTINUOUS
10
6.6726629921259839
20
-3.9551050393700788
11
6.6722220866141733
21
-3.9540406299212596
0
LINE
8
BLACK
6
CONTINUOUS
10
6.6722220866141733
20
-3.9540406299212596
11
6.6722220866141733
21
-3.9528885039370079
0
LINE
8
BLACK
6
CONTINUOUS
10
6.6722220866141733
20
-3.9528885039370079
11
6.6726629921259839
21
-3.9518240944881891
0
LINE
8
BLACK
6
CONTINUOUS
10
6.6726629921259839
20
-3.9518240944881891
11
6.6734776377952754
21
-3.9510094488188976
0
LINE
8
BLACK
6
CONTINUOUS
10
6.6734776377952754
20
-3.9510094488188976
11
6.6745420472440946
21
-3.9505685433070865
0
LINE
8
BLACK
6
CONTINUOUS
10
6.6745420472440946
20
-3.9505685433070865
11
6.6751181102362205
21
-3.9505118110236221
0
LINE
8
BLACK
6
CONTINUOUS
10
6.6751181102362205
20
-3.9505118110236221
11
6.7151181102362205
21
-3.9505118110236221
0
LINE
8
BLACK
6
CONTINUOUS
10
6.7151181102362205
20
-3.9505118110236221
11
6.7156941732283464
21
-3.9505685433070865
0
LINE
8
BLACK
6
CONTINUOUS
10
6.6390396456692908
20
-3.9830717716535431
11
6.6393813779527555
21
-3.9831148818897635
0
LINE
8
BLACK
6
CONTINUOUS
10
6.6393813779527555
20
-3.9831148818897635
11
6.6421956299212601
21
-3.9840529921259842
0
LINE
8
BLACK
6
CONTINUOUS
10
6.6421956299212601
20
-3.9840529921259842
11
6.6422891338582675
21
-3.9841062992125984
0
LINE
8
BLACK
6
CONTINUOUS
10
6.6422891338582675
20
-3.9841062992125984
11
6.6423384251968498
21
-3.9841062992125984
0
LINE
8
BLACK
6
CONTINUOUS
10
6.6423384251968498
20
-3.9841062992125984
11
6.6426248425196848
21
-3.9842976377952755
0
LINE
8
BLACK
6
CONTINUOUS
10
6.6426248425196848
20
-3.9842976377952755
11
6.6429244094488187
21
-3.9844684251968503
0
LINE
8
BLACK
6
CONTINUOUS
10
6.6429244094488187
20
-3.9844684251968503
11
6.6429464566929131
21
-3.9845125196850395
0
LINE
8
BLACK
6
CONTINUOUS
10
6.6429464566929131
20
-3.9845125196850395
11
6.6430359448818894
21
-3.9845723228346457
0
LINE
8
BLACK
6
CONTINUOUS
10
6.6430359448818894
20
-3.9845723228346457
11
6.6439740551181101
21
-3.9855103937007872
0
LINE
8
BLACK
6
CONTINUOUS
10
6.6439740551181101
20
-3.9855103937007872
11
6.6444401181102357
21
-3.9862078740157481
0
LINE
8
BLACK
6
CONTINUOUS
10
6.6444401181102357
20
-3.9862078740157481
11
6.6444401574803145
21
-3.9878534251968505
0
LINE
8
BLACK
6
CONTINUOUS
10
6.6444401574803145
20
-3.9878534251968505
11
6.643276614173228
21
-3.9890170078740157
0
LINE
8
BLACK
6
CONTINUOUS
10
6.643276614173228
20
-3.9890170078740157
11
6.6416310629921256
21
-3.9890170472440944
0
LINE
8
BLACK
6
CONTINUOUS
10
6.6416310629921256
20
-3.9890170472440944
11
6.6409335826771656
21
-3.9885510236220472
0
LINE
8
BLACK
6
CONTINUOUS
10
6.6409335826771656
20
-3.9885510236220472
11
6.6403542913385829
21
-3.9879717716535432
0
LINE
8
BLACK
6
CONTINUOUS
10
6.6403542913385829
20
-3.9879717716535432
11
6.6383525984251968
21
-3.9873045275590551
0
LINE
8
BLACK
6
CONTINUOUS
10
6.6383525984251968
20
-3.9873045275590551
11
6.6371740944881887
21
-3.9873045275590551
0
LINE
8
BLACK
6
CONTINUOUS
10
6.6371740944881887
20
-3.9873045275590551
11
6.6351722834645672
21
-3.987971811023622
0
LINE
8
BLACK
6
CONTINUOUS
10
6.6351722834645672
20
-3.987971811023622
11
6.6339017716535436
21
-3.9892423228346456
0
LINE
8
BLACK
6
CONTINUOUS
10
6.6339017716535436
20
-3.9892423228346456
11
6.6332251968503932
21
-3.9905954724409449
0
LINE
8
BLACK
6
CONTINUOUS
10
6.6332251968503932
20
-3.9905954724409449
11
6.632408582677165
21
-3.9938620078740157
0
LINE
8
BLACK
6
CONTINUOUS
10
6.632408582677165
20
-3.9938620078740157
11
6.632408582677165
21
-3.9961470472440945
0
LINE
8
BLACK
6
CONTINUOUS
10
6.632408582677165
20
-3.9961470472440945
11
6.6332251968503932
21
-3.9994135826771653
0
LINE
8
BLACK
6
CONTINUOUS
10
6.6332251968503932
20
-3.9994135826771653
11
6.6339017322834648
21
-4.0007666141732283
0
LINE
8
BLACK
6
CONTINUOUS
10
6.6339017322834648
20
-4.0007666141732283
11
6.6351722834645672
21
-4.0020372440944882
0
LINE
8
BLACK
6
CONTINUOUS
10
6.6351722834645672
20
-4.0020372440944882
11
6.6371741338582675
21
-4.0027045275590547
0
LINE
8
BLACK
6
CONTINUOUS
10
6.6371741338582675
20
-4.0027045275590547
11
6.6383525196850393
21
-4.0027045275590547
0
LINE
8
BLACK
6
CONTINUOUS
10
6.6383525196850393
20
-4.0027045275590547
11
6.6403543307086617
21
-4.0020372440944882
0
LINE
8
BLACK
6
CONTINUOUS
10
6.6403543307086617
20
-4.0020372440944882
11
6.6409335433070869
21
-4.0014580708661418
0
LINE
8
BLACK
6
CONTINUOUS
10
6.6409335433070869
20
-4.0014580708661418
11
6.6416310629921256
21
-4.0009920078740153
0
LINE
8
BLACK
6
CONTINUOUS
10
6.6416310629921256
20
-4.0009920078740153
11
6.643276614173228
21
-4.0009920078740153
0
LINE
8
BLACK
6
CONTINUOUS
10
6.643276614173228
20
-4.0009920078740153
11
6.6444401574803145
21
-4.0021555511811027
0
LINE
8
BLACK
6
CONTINUOUS
10
6.6444401574803145
20
-4.0021555511811027
11
6.6444401574803145
21
-4.0038011023622042
0
LINE
8
BLACK
6
CONTINUOUS
10
6.6444401574803145
20
-4.0038011023622042
11
6.6439740944881889
21
-4.0044986220472438
0
LINE
8
BLACK
6
CONTINUOUS
10
6.6439740944881889
20
-4.0044986220472438
11
6.6430359842519682
21
-4.0054367322834645
0
LINE
8
BLACK
6
CONTINUOUS
10
6.6430359842519682
20
-4.0054367322834645
11
6.6429463779527556
21
-4.0054965748031499
0
LINE
8
BLACK
6
CONTINUOUS
10
6.6429463779527556
20
-4.0054965748031499
11
6.6429243700787399
21
-4.0055406692913387
0
LINE
8
BLACK
6
CONTINUOUS
10
6.6429243700787399
20
-4.0055406692913387
11
6.6426251574803148
21
-4.005711220472441
0
LINE
8
BLACK
6
CONTINUOUS
10
6.6426251574803148
20
-4.005711220472441
11
6.6423385039370073
21
-4.0059027952755901
0
LINE
8
BLACK
6
CONTINUOUS
10
6.6423385039370073
20
-4.0059027952755901
11
6.6422891732283462
21
-4.0059027952755901
0
LINE
8
BLACK
6
CONTINUOUS
10
6.6422891732283462
20
-4.0059027952755901
11
6.6421955905511814
21
-4.0059561417322831
0
LINE
8
BLACK
6
CONTINUOUS
10
6.6421955905511814
20
-4.0059561417322831
11
6.6393813385826768
21
-4.006894212598425
0
LINE
8
BLACK
6
CONTINUOUS
10
6.6393813385826768
20
-4.006894212598425
11
6.6390394094488183
21
-4.0069372834645671
0
LINE
8
BLACK
6
CONTINUOUS
10
6.6390394094488183
20
-4.0069372834645671
11
6.638701456692913
21
-4.0070045275590553
0
LINE
8
BLACK
6
CONTINUOUS
10
6.638701456692913
20
-4.0070045275590553
11
6.6368252362204725
21
-4.0070045275590553
0
LINE
8
BLACK
6
CONTINUOUS
10
6.6368252362204725
20
-4.0070045275590553
11
6.6364872440944884
21
-4.0069372834645671
0
LINE
8
BLACK
6
CONTINUOUS
10
6.6364872440944884
20
-4.0069372834645671
11
6.6361453543307087
21
-4.006894212598425
0
LINE
8
BLACK
6
CONTINUOUS
10
6.6361453543307087
20
-4.006894212598425
11
6.6333310629921263
21
-4.0059561417322831
0
LINE
8
BLACK
6
CONTINUOUS
10
6.6333310629921263
20
-4.0059561417322831
11
6.6332374803149605
21
-4.0059027952755901
0
LINE
8
BLACK
6
CONTINUOUS
10
6.6332374803149605
20
-4.0059027952755901
11
6.6331881496062994
21
-4.0059027952755901
0
LINE
8
BLACK
6
CONTINUOUS
10
6.6331881496062994
20
-4.0059027952755901
11
6.6329015748031495
21
-4.0057112992125985
0
LINE
8
BLACK
6
CONTINUOUS
10
6.6329015748031495
20
-4.0057112992125985
11
6.6326022834645668
21
-4.0055407086614174
0
LINE
8
BLACK
6
CONTINUOUS
10
6.6326022834645668
20
-4.0055407086614174
11
6.6325801968503937
21
-4.0054965748031499
0
LINE
8
BLACK
6
CONTINUOUS
10
6.6325801968503937
20
-4.0054965748031499
11
6.6324906299212598
21
-4.0054367322834645
0
LINE
8
BLACK
6
CONTINUOUS
10
6.6324906299212598
20
-4.0054367322834645
11
6.6306144488188972
21
-4.0035605118110231
0
LINE
8
BLACK
6
CONTINUOUS
10
6.6306144488188972
20
-4.0035605118110231
11
6.6304229133858268
21
-4.0032738582677165
0
LINE
8
BLACK
6
CONTINUOUS
10
6.6304229133858268
20
-4.0032738582677165
11
6.6302117322834642
21
-4.0030017322834643
0
LINE
8
BLACK
6
CONTINUOUS
10
6.6302117322834642
20
-4.0030017322834643
11
6.6292736614173231
21
-4.0011255511811026
0
LINE
8
BLACK
6
CONTINUOUS
10
6.6292736614173231
20
-4.0011255511811026
11
6.6292114566929135
21
-4.0008984645669292
0
LINE
8
BLACK
6
CONTINUOUS
10
6.6292114566929135
20
-4.0008984645669292
11
6.6291108661417324
21
-4.0006855118110236
0
LINE
8
BLACK
6
CONTINUOUS
10
6.6291108661417324
20
-4.0006855118110236
11
6.6281727952755904
21
-3.9969331496062992
0
LINE
8
BLACK
6
CONTINUOUS
10
6.6281727952755904
20
-3.9969331496062992
11
6.6281599606299215
21
-3.9966701181102362
0
LINE
8
BLACK
6
CONTINUOUS
10
6.6281599606299215
20
-3.9966701181102362
11
6.6281085826771653
21
-3.9964116929133859
0
LINE
8
BLACK
6
CONTINUOUS
10
6.6281085826771653
20
-3.9964116929133859
11
6.6281085826771653
21
-3.993597401574803
0
LINE
8
BLACK
6
CONTINUOUS
10
6.6281085826771653
20
-3.993597401574803
11
6.6281599606299215
21
-3.993338937007874
0
LINE
8
BLACK
6
CONTINUOUS
10
6.6281599606299215
20
-3.993338937007874
11
6.6281727952755904
21
-3.9930759448818898
0
LINE
8
BLACK
6
CONTINUOUS
10
6.6281727952755904
20
-3.9930759448818898
11
6.6291108661417324
21
-3.9893235433070866
0
LINE
8
BLACK
6
CONTINUOUS
10
6.6291108661417324
20
-3.9893235433070866
11
6.6292114566929135
21
-3.9891105511811022
0
LINE
8
BLACK
6
CONTINUOUS
10
6.6292114566929135
20
-3.9891105511811022
11
6.6292736614173231
21
-3.9888835039370076
0
LINE
8
BLACK
6
CONTINUOUS
10
6.6292736614173231
20
-3.9888835039370076
11
6.6302117322834642
21
-3.9870073228346454
0
LINE
8
BLACK
6
CONTINUOUS
10
6.6302117322834642
20
-3.9870073228346454
11
6.630423031496063
21
-3.9867350393700787
0
LINE
8
BLACK
6
CONTINUOUS
10
6.630423031496063
20
-3.9867350393700787
11
6.6306144881889759
21
-3.9864485433070866
0
LINE
8
BLACK
6
CONTINUOUS
10
6.6306144881889759
20
-3.9864485433070866
11
6.6324906692913386
21
-3.9845723622047244
0
LINE
8
BLACK
6
CONTINUOUS
10
6.6324906692913386
20
-3.9845723622047244
11
6.6325802362204724
21
-3.9845124803149607
0
LINE
8
BLACK
6
CONTINUOUS
10
6.6325802362204724
20
-3.9845124803149607
11
6.6326022834645668
21
-3.9844684251968503
0
LINE
8
BLACK
6
CONTINUOUS
10
6.6326022834645668
20
-3.9844684251968503
11
6.6329014566929132
21
-3.9842978346456692
0
LINE
8
BLACK
6
CONTINUOUS
10
6.6329014566929132
20
-3.9842978346456692
11
6.6331881496062994
21
-3.9841062992125984
0
LINE
8
BLACK
6
CONTINUOUS
10
6.6331881496062994
20
-3.9841062992125984
11
6.6332374803149605
21
-3.9841062992125984
0
LINE
8
BLACK
6
CONTINUOUS
10
6.6332374803149605
20
-3.9841062992125984
11
6.6333310629921263
21
-3.9840529527559054
0
LINE
8
BLACK
6
CONTINUOUS
10
6.6333310629921263
20
-3.9840529527559054
11
6.6361453543307087
21
-3.9831148425196847
0
LINE
8
BLACK
6
CONTINUOUS
10
6.6361453543307087
20
-3.9831148425196847
11
6.6364874803149601
21
-3.9830716929133856
0
LINE
8
BLACK
6
CONTINUOUS
10
6.6364874803149601
20
-3.9830716929133856
11
6.6368252362204725
21
-3.9830045275590549
0
LINE
8
BLACK
6
CONTINUOUS
10
6.6368252362204725
20
-3.9830045275590549
11
6.638701456692913
21
-3.9830045275590549
0
LINE
8
BLACK
6
CONTINUOUS
10
6.638701456692913
20
-3.9830045275590549
11
6.6390396456692908
21
-3.9830717716535431
0
LINE
8
BLACK
6
CONTINUOUS
10
6.6561885433070866
20
-3.9831681889763777
11
6.6564099212598427
21
-3.9831681889763777
0
LINE
8
BLACK
6
CONTINUOUS
10
6.6564099212598427
20
-3.9831681889763777
11
6.6568525984251963
21
-3.9836108661417322
0
LINE
8
BLACK
6
CONTINUOUS
10
6.6568525984251963
20
-3.9836108661417322
11
6.6573735826771649
21
-3.983958188976378
0
LINE
8
BLACK
6
CONTINUOUS
10
6.6573735826771649
20
-3.983958188976378
11
6.657416968503937
21
-3.9841752362204725
0
LINE
8
BLACK
6
CONTINUOUS
10
6.657416968503937
20
-3.9841752362204725
11
6.6575735039370079
21
-3.9843317716535434
0
LINE
8
BLACK
6
CONTINUOUS
10
6.6575735039370079
20
-3.9843317716535434
11
6.6577371653543302
21
-3.9851545275590552
0
LINE
8
BLACK
6
CONTINUOUS
10
6.6577371653543302
20
-3.9851545275590552
11
6.6577371653543302
21
-4.0027045275590547
0
LINE
8
BLACK
6
CONTINUOUS
10
6.6577371653543302
20
-4.0027045275590547
11
6.661215708661417
21
-4.0027045275590547
0
LINE
8
BLACK
6
CONTINUOUS
10
6.661215708661417
20
-4.0027045275590547
11
6.6620384645669288
21
-4.002868188976378
0
LINE
8
BLACK
6
CONTINUOUS
10
6.6620384645669288
20
-4.002868188976378
11
6.663202047244094
21
-4.0040317716535432
0
LINE
8
BLACK
6
CONTINUOUS
10
6.663202047244094
20
-4.0040317716535432
11
6.663202047244094
21
-4.0056772834645669
0
LINE
8
BLACK
6
CONTINUOUS
10
6.663202047244094
20
-4.0056772834645669
11
6.6620384645669288
21
-4.0068408661417321
0
LINE
8
BLACK
6
CONTINUOUS
10
6.6620384645669288
20
-4.0068408661417321
11
6.661215708661417
21
-4.0070045275590553
0
LINE
8
BLACK
6
CONTINUOUS
10
6.661215708661417
20
-4.0070045275590553
11
6.649958582677165
21
-4.0070045275590553
0
LINE
8
BLACK
6
CONTINUOUS
10
6.649958582677165
20
-4.0070045275590553
11
6.6491358267716532
21
-4.0068408661417321
0
LINE
8
BLACK
6
CONTINUOUS
10
6.6491358267716532
20
-4.0068408661417321
11
6.6479722440944879
21
-4.0056772834645669
0
LINE
8
BLACK
6
CONTINUOUS
10
6.6479722440944879
20
-4.0056772834645669
11
6.6479722440944879
21
-4.0040317716535432
0
LINE
8
BLACK
6
CONTINUOUS
10
6.6479722440944879
20
-4.0040317716535432
11
6.6491358267716532
21
-4.002868188976378
0
LINE
8
BLACK
6
CONTINUOUS
10
6.6491358267716532
20
-4.002868188976378
11
6.649958582677165
21
-4.0027045275590547
0
LINE
8
BLACK
6
CONTINUOUS
10
6.649958582677165
20
-4.0027045275590547
11
6.6534371653543305
21
-4.0027045275590547
0
LINE
8
BLACK
6
CONTINUOUS
10
6.6534371653543305
20
-4.0027045275590547
11
6.6534371653543305
21
-3.991283149606299
0
LINE
8
BLACK
6
CONTINUOUS
10
6.6534371653543305
20
-3.991283149606299
11
6.6533550393700782
21
-3.9913652755905509
0
LINE
8
BLACK
6
CONTINUOUS
10
6.6533550393700782
20
-3.9913652755905509
11
6.6530685433070866
21
-3.9915566929133859
0
LINE
8
BLACK
6
CONTINUOUS
10
6.6530685433070866
20
-3.9915566929133859
11
6.6527962992125982
21
-3.9917680314960631
0
LINE
8
BLACK
6
CONTINUOUS
10
6.6527962992125982
20
-3.9917680314960631
11
6.6509201181102364
21
-3.9927061023622046
0
LINE
8
BLACK
6
CONTINUOUS
10
6.6509201181102364
20
-3.9927061023622046
11
6.6501110236220473
21
-3.9929276771653543
0
LINE
8
BLACK
6
CONTINUOUS
10
6.6501110236220473
20
-3.9929276771653543
11
6.6485499212598427
21
-3.9924073228346457
0
LINE
8
BLACK
6
CONTINUOUS
10
6.6485499212598427
20
-3.9924073228346457
11
6.6478140157480317
21
-3.9909355511811024
0
LINE
8
BLACK
6
CONTINUOUS
10
6.6478140157480317
20
-3.9909355511811024
11
6.6483343700787403
21
-3.9893744488188974
0
LINE
8
BLACK
6
CONTINUOUS
10
6.6483343700787403
20
-3.9893744488188974
11
6.6489970472440945
21
-3.9888601181102361
0
LINE
8
BLACK
6
CONTINUOUS
10
6.6489970472440945
20
-3.9888601181102361
11
6.6505611417322834
21
-3.9880780314960629
0
LINE
8
BLACK
6
CONTINUOUS
10
6.6505611417322834
20
-3.9880780314960629
11
6.6520401574803145
21
-3.9865990157480313
0
LINE
8
BLACK
6
CONTINUOUS
10
6.6520401574803145
20
-3.9865990157480313
11
6.6537982677165353
21
-3.9839619291338582
0
LINE
8
BLACK
6
CONTINUOUS
10
6.6537982677165353
20
-3.9839619291338582
11
6.6543908267716532
21
-3.9833681496062989
0
LINE
8
BLACK
6
CONTINUOUS
10
6.6543908267716532
20
-3.9833681496062989
11
6.6546078346456694
21
-3.9833247244094485
0
LINE
8
BLACK
6
CONTINUOUS
10
6.6546078346456694
20
-3.9833247244094485
11
6.654764409448819
21
-3.9831681889763777
0
LINE
8
BLACK
6
CONTINUOUS
10
6.654764409448819
20
-3.9831681889763777
11
6.6553906299212597
21
-3.9831681889763777
0
LINE
8
BLACK
6
CONTINUOUS
10
6.6553906299212597
20
-3.9831681889763777
11
6.6560044094488191
21
-3.983045433070866
0
LINE
8
BLACK
6
CONTINUOUS
10
6.6560044094488191
20
-3.983045433070866
11
6.6561885433070866
21
-3.9831681889763777
0
LINE
8
BLACK
6
CONTINUOUS
10
6.6749504330708662
20
-3.9831681889763777
11
6.6751718110236222
21
-3.9831681889763777
0
LINE
8
BLACK
6
CONTINUOUS
10
6.6751718110236222
20
-3.9831681889763777
11
6.6756144881889758
21
-3.9836108661417322
0
LINE
8
BLACK
6
CONTINUOUS
10
6.6756144881889758
20
-3.9836108661417322
11
6.6761354724409445
21
-3.983958188976378
0
LINE
8
BLACK
6
CONTINUOUS
10
6.6761354724409445
20
-3.983958188976378
11
6.6761788582677166
21
-3.9841752362204725
0
LINE
8
BLACK
6
CONTINUOUS
10
6.6761788582677166
20
-3.9841752362204725
11
6.6763353937007874
21
-3.9843317716535434
0
LINE
8
BLACK
6
CONTINUOUS
10
6.6763353937007874
20
-3.9843317716535434
11
6.6764990551181098
21
-3.9851545275590552
0
LINE
8
BLACK
6
CONTINUOUS
10
6.6764990551181098
20
-3.9851545275590552
11
6.6764990551181098
21
-4.0027045275590547
0
LINE
8
BLACK
6
CONTINUOUS
10
6.6764990551181098
20
-4.0027045275590547
11
6.6799775984251966
21
-4.0027045275590547
0
LINE
8
BLACK
6
CONTINUOUS
10
6.6799775984251966
20
-4.0027045275590547
11
6.6808003543307084
21
-4.002868188976378
0
LINE
8
BLACK
6
CONTINUOUS
10
6.6808003543307084
20
-4.002868188976378
11
6.6819639370078736
21
-4.0040317716535432
0
LINE
8
BLACK
6
CONTINUOUS
10
6.6819639370078736
20
-4.0040317716535432
11
6.6819639370078736
21
-4.0056772834645669
0
LINE
8
BLACK
6
CONTINUOUS
10
6.6819639370078736
20
-4.0056772834645669
11
6.6808003543307084
21
-4.0068408661417321
0
LINE
8
BLACK
6
CONTINUOUS
10
6.6808003543307084
20
-4.0068408661417321
11
6.6799775984251966
21
-4.0070045275590553
0
LINE
8
BLACK
6
CONTINUOUS
10
6.6799775984251966
20
-4.0070045275590553
11
6.6687204724409446
21
-4.0070045275590553
0
LINE
8
BLACK
6
CONTINUOUS
10
6.6687204724409446
20
-4.0070045275590553
11
6.6678977165354327
21
-4.0068408661417321
0
LINE
8
BLACK
6
CONTINUOUS
10
6.6678977165354327
20
-4.0068408661417321
11
6.6667341338582675
21
-4.0056772834645669
0
LINE
8
BLACK
6
CONTINUOUS
10
6.6667341338582675
20
-4.0056772834645669
11
6.6667341338582675
21
-4.0040317716535432
0
LINE
8
BLACK
6
CONTINUOUS
10
6.6667341338582675
20
-4.0040317716535432
11
6.6678977165354327
21
-4.002868188976378
0
LINE
8
BLACK
6
CONTINUOUS
10
6.6678977165354327
20
-4.002868188976378
11
6.6687204724409446
21
-4.0027045275590547
0
LINE
8
BLACK
6
CONTINUOUS
10
6.6687204724409446
20
-4.0027045275590547
11
6.6721990551181101
21
-4.0027045275590547
0
LINE
8
BLACK
6
CONTINUOUS
10
6.6721990551181101
20
-4.0027045275590547
11
6.6721990551181101
21
-3.991283149606299
0
LINE
8
BLACK
6
CONTINUOUS
10
6.6721990551181101
20
-3.991283149606299
11
6.6721169291338578
21
-3.9913652755905509
0
LINE
8
BLACK
6
CONTINUOUS
10
6.6721169291338578
20
-3.9913652755905509
11
6.6718304330708662
21
-3.9915566929133859
0
LINE
8
BLACK
6
CONTINUOUS
10
6.6718304330708662
20
-3.9915566929133859
11
6.6715581889763778
21
-3.9917680314960631
0
LINE
8
BLACK
6
CONTINUOUS
10
6.6715581889763778
20
-3.9917680314960631
11
6.669682007874016
21
-3.9927061023622046
0
LINE
8
BLACK
6
CONTINUOUS
10
6.669682007874016
20
-3.9927061023622046
11
6.6688729133858269
21
-3.9929276771653543
0
LINE
8
BLACK
6
CONTINUOUS
10
6.6688729133858269
20
-3.9929276771653543
11
6.6673118110236222
21
-3.9924073228346457
0
LINE
8
BLACK
6
CONTINUOUS
10
6.6673118110236222
20
-3.9924073228346457
11
6.6665759055118112
21
-3.9909355511811024
0
LINE
8
BLACK
6
CONTINUOUS
10
6.6665759055118112
20
-3.9909355511811024
11
6.6670962598425199
21
-3.9893744488188974
0
LINE
8
BLACK
6
CONTINUOUS
10
6.6670962598425199
20
-3.9893744488188974
11
6.667758937007874
21
-3.9888601181102361
0
LINE
8
BLACK
6
CONTINUOUS
10
6.667758937007874
20
-3.9888601181102361
11
6.669323031496063
21
-3.9880780314960629
0
LINE
8
BLACK
6
CONTINUOUS
10
6.669323031496063
20
-3.9880780314960629
11
6.6708020472440941
21
-3.9865990157480313
0
LINE
8
BLACK
6
CONTINUOUS
10
6.6708020472440941
20
-3.9865990157480313
11
6.6725601574803148
21
-3.9839619291338582
0
LINE
8
BLACK
6
CONTINUOUS
10
6.6725601574803148
20
-3.9839619291338582
11
6.6731527165354327
21
-3.9833681496062989
0
LINE
8
BLACK
6
CONTINUOUS
10
6.6731527165354327
20
-3.9833681496062989
11
6.673369724409449
21
-3.9833247244094485
0
LINE
8
BLACK
6
CONTINUOUS
10
6.673369724409449
20
-3.9833247244094485
11
6.6735262992125985
21
-3.9831681889763777
0
LINE
8
BLACK
6
CONTINUOUS
10
6.6735262992125985
20
-3.9831681889763777
11
6.6741525196850393
21
-3.9831681889763777
0
LINE
8
BLACK
6
CONTINUOUS
10
6.6741525196850393
20
-3.9831681889763777
11
6.6747662992125987
21
-3.983045433070866
0
LINE
8
BLACK
6
CONTINUOUS
10
6.6747662992125987
20
-3.983045433070866
11
6.6749504330708662
21
-3.9831681889763777
0
LINE
8
BLACK
6
CONTINUOUS
10
6.4882623622047246
20
-3.9737348818897638
11
6.4884500000000003
21
-3.9737585433070866
0
LINE
8
BLACK
6
CONTINUOUS
10
6.4884500000000003
20
-3.9737585433070866
11
6.4906996850393703
21
-3.9745084645669291
0
LINE
8
BLACK
6
CONTINUOUS
10
6.4906996850393703
20
-3.9745084645669291
11
6.4907509842519682
21
-3.974537716535433
0
LINE
8
BLACK
6
CONTINUOUS
10
6.4907509842519682
20
-3.974537716535433
11
6.4907781102362208
21
-3.974537716535433
0
LINE
8
BLACK
6
CONTINUOUS
10
6.4907781102362208
20
-3.974537716535433
11
6.4909357874015745
21
-3.9746430708661418
0
LINE
8
BLACK
6
CONTINUOUS
10
6.4909357874015745
20
-3.9746430708661418
11
6.4911000393700782
21
-3.9747366929133858
0
LINE
8
BLACK
6
CONTINUOUS
10
6.4911000393700782
20
-3.9747366929133858
11
6.4911120866141729
21
-3.9747608267716537
0
LINE
8
BLACK
6
CONTINUOUS
10
6.4911120866141729
20
-3.9747608267716537
11
6.4911613385826774
21
-3.9747937401574802
0
LINE
8
BLACK
6
CONTINUOUS
10
6.4911613385826774
20
-3.9747937401574802
11
6.4919112204724412
21
-3.975543622047244
0
LINE
8
BLACK
6
CONTINUOUS
10
6.4919112204724412
20
-3.975543622047244
11
6.4921672834645667
21
-3.9759268110236219
0
LINE
8
BLACK
6
CONTINUOUS
10
6.4921672834645667
20
-3.9759268110236219
11
6.4921673228346455
21
-3.9768307480314959
0
LINE
8
BLACK
6
CONTINUOUS
10
6.4921673228346455
20
-3.9768307480314959
11
6.4915280708661411
21
-3.9774699999999998
0
LINE
8
BLACK
6
CONTINUOUS
10
6.4915280708661411
20
-3.9774699999999998
11
6.4906241732283467
21
-3.9774700393700786
0
LINE
8
BLACK
6
CONTINUOUS
10
6.4906241732283467
20
-3.9774700393700786
11
6.4902409448818892
21
-3.9772140157480314
0
LINE
8
BLACK
6
CONTINUOUS
10
6.4902409448818892
20
-3.9772140157480314
11
6.4896881102362203
21
-3.9766612204724407
0
LINE
8
BLACK
6
CONTINUOUS
10
6.4896881102362203
20
-3.9766612204724407
11
6.4878848818897632
21
-3.9760601181102362
0
LINE
8
BLACK
6
CONTINUOUS
10
6.4878848818897632
20
-3.9760601181102362
11
6.4867682677165357
21
-3.9760601181102362
0
LINE
8
BLACK
6
CONTINUOUS
10
6.4867682677165357
20
-3.9760601181102362
11
6.4849649606299211
21
-3.9766612204724407
0
LINE
8
BLACK
6
CONTINUOUS
10
6.4849649606299211
20
-3.9766612204724407
11
6.4837978346456691
21
-3.9778283464566928
0
LINE
8
BLACK
6
CONTINUOUS
10
6.4837978346456691
20
-3.9778283464566928
11
6.4831916141732284
21
-3.9790407874015745
0
LINE
8
BLACK
6
CONTINUOUS
10
6.4831916141732284
20
-3.9790407874015745
11
6.4825084251968503
21
-3.9817735433070864
0
LINE
8
BLACK
6
CONTINUOUS
10
6.4825084251968503
20
-3.9817735433070864
11
6.4825084251968503
21
-3.9837325196850393
0
LINE
8
BLACK
6
CONTINUOUS
10
6.4825084251968503
20
-3.9837325196850393
11
6.4831915748031497
21
-3.9864652362204724
0
LINE
8
BLACK
6
CONTINUOUS
10
6.4831915748031497
20
-3.9864652362204724
11
6.4837978346456691
21
-3.9876777165354329
0
LINE
8
BLACK
6
CONTINUOUS
10
6.4837978346456691
20
-3.9876777165354329
11
6.4849648818897636
21
-3.9888447637795275
0
LINE
8
BLACK
6
CONTINUOUS
10
6.4849648818897636
20
-3.9888447637795275
11
6.4867683858267711
21
-3.9894459448818895
0
LINE
8
BLACK
6
CONTINUOUS
10
6.4867683858267711
20
-3.9894459448818895
11
6.4878847637795278
21
-3.9894459448818895
0
LINE
8
BLACK
6
CONTINUOUS
10
6.4878847637795278
20
-3.9894459448818895
11
6.4896882283464565
21
-3.9888447637795275
0
LINE
8
BLACK
6
CONTINUOUS
10
6.4896882283464565
20
-3.9888447637795275
11
6.4902409448818892
21
-3.9882920866141731
0
LINE
8
BLACK
6
CONTINUOUS
10
6.4902409448818892
20
-3.9882920866141731
11
6.490624133858268
21
-3.9880360236220471
0
LINE
8
BLACK
6
CONTINUOUS
10
6.490624133858268
20
-3.9880360236220471
11
6.4915280708661411
21
-3.9880360236220471
0
LINE
8
BLACK
6
CONTINUOUS
10
6.4915280708661411
20
-3.9880360236220471
11
6.4921673228346455
21
-3.988675275590551
0
LINE
8
BLACK
6
CONTINUOUS
10
6.4921673228346455
20
-3.988675275590551
11
6.4921673228346455
21
-3.9895792125984251
0
LINE
8
BLACK
6
CONTINUOUS
10
6.4921673228346455
20
-3.9895792125984251
11
6.4919112598425199
21
-3.989962401574803
0
LINE
8
BLACK
6
CONTINUOUS
10
6.4919112598425199
20
-3.989962401574803
11
6.4911613385826774
21
-3.9907123228346455
0
LINE
8
BLACK
6
CONTINUOUS
10
6.4911613385826774
20
-3.9907123228346455
11
6.4911121259842517
21
-3.990745157480315
0
LINE
8
BLACK
6
CONTINUOUS
10
6.4911121259842517
20
-3.990745157480315
11
6.4911000393700782
21
-3.9907694094488186
0
LINE
8
BLACK
6
CONTINUOUS
10
6.4911000393700782
20
-3.9907694094488186
11
6.490935393700787
21
-3.9908632677165352
0
LINE
8
BLACK
6
CONTINUOUS
10
6.490935393700787
20
-3.9908632677165352
11
6.4907781496062995
21
-3.9909683464566927
0
LINE
8
BLACK
6
CONTINUOUS
10
6.4907781496062995
20
-3.9909683464566927
11
6.4907511417322832
21
-3.9909683464566927
0
LINE
8
BLACK
6
CONTINUOUS
10
6.4907511417322832
20
-3.9909683464566927
11
6.4906996850393703
21
-3.9909976771653541
0
LINE
8
BLACK
6
CONTINUOUS
10
6.4906996850393703
20
-3.9909976771653541
11
6.4884500000000003
21
-3.9917475590551179
0
LINE
8
BLACK
6
CONTINUOUS
10
6.4884500000000003
20
-3.9917475590551179
11
6.4882620472440946
21
-3.9917712204724407
0
LINE
8
BLACK
6
CONTINUOUS
10
6.4882620472440946
20
-3.9917712204724407
11
6.488076496062992
21
-3.9918081496062991
0
LINE
8
BLACK
6
CONTINUOUS
10
6.488076496062992
20
-3.9918081496062991
11
6.4865766535433069
21
-3.9918081496062991
0
LINE
8
BLACK
6
CONTINUOUS
10
6.4865766535433069
20
-3.9918081496062991
11
6.486390984251968
21
-3.991771181102362
0
LINE
8
BLACK
6
CONTINUOUS
10
6.486390984251968
20
-3.991771181102362
11
6.4862031889763774
21
-3.9917475590551179
0
LINE
8
BLACK
6
CONTINUOUS
10
6.4862031889763774
20
-3.9917475590551179
11
6.4839534251968498
21
-3.9909976771653541
0
LINE
8
BLACK
6
CONTINUOUS
10
6.4839534251968498
20
-3.9909976771653541
11
6.483901968503937
21
-3.9909683464566927
0
LINE
8
BLACK
6
CONTINUOUS
10
6.483901968503937
20
-3.9909683464566927
11
6.4838749606299215
21
-3.9909683464566927
0
LINE
8
BLACK
6
CONTINUOUS
10
6.4838749606299215
20
-3.9909683464566927
11
6.4837175590551182
21
-3.9908631889763777
0
LINE
8
BLACK
6
CONTINUOUS
10
6.4837175590551182
20
-3.9908631889763777
11
6.483553070866142
21
-3.9907694094488186
0
LINE
8
BLACK
6
CONTINUOUS
10
6.483553070866142
20
-3.9907694094488186
11
6.4835409448818897
21
-3.9907451968503938
0
LINE
8
BLACK
6
CONTINUOUS
10
6.4835409448818897
20
-3.9907451968503938
11
6.483491732283464
21
-3.9907123228346455
0
LINE
8
BLACK
6
CONTINUOUS
10
6.483491732283464
20
-3.9907123228346455
11
6.4819919685039364
21
-3.9892124803149605
0
LINE
8
BLACK
6
CONTINUOUS
10
6.4819919685039364
20
-3.9892124803149605
11
6.4818867322834643
21
-3.989055
0
LINE
8
BLACK
6
CONTINUOUS
10
6.4818867322834643
20
-3.989055
11
6.4817707086614176
21
-3.9889055118110237
0
LINE
8
BLACK
6
CONTINUOUS
10
6.4817707086614176
20
-3.9889055118110237
11
6.4810208267716538
21
-3.9874057086614174
0
LINE
8
BLACK
6
CONTINUOUS
10
6.4810208267716538
20
-3.9874057086614174
11
6.4809866535433072
21
-3.987280905511811
0
LINE
8
BLACK
6
CONTINUOUS
10
6.4809866535433072
20
-3.987280905511811
11
6.4809314173228341
21
-3.9871639763779525
0
LINE
8
BLACK
6
CONTINUOUS
10
6.4809314173228341
20
-3.9871639763779525
11
6.4801814960629915
21
-3.9841643700787399
0
LINE
8
BLACK
6
CONTINUOUS
10
6.4801814960629915
20
-3.9841643700787399
11
6.4801744488188975
21
-3.9840198818897639
0
LINE
8
BLACK
6
CONTINUOUS
10
6.4801744488188975
20
-3.9840198818897639
11
6.4801462204724407
21
-3.9838779133858266
0
LINE
8
BLACK
6
CONTINUOUS
10
6.4801462204724407
20
-3.9838779133858266
11
6.4801462204724407
21
-3.9816281889763778
0
LINE
8
BLACK
6
CONTINUOUS
10
6.4801462204724407
20
-3.9816281889763778
11
6.4801744488188975
21
-3.9814861811023623
0
LINE
8
BLACK
6
CONTINUOUS
10
6.4801744488188975
20
-3.9814861811023623
11
6.4801814960629915
21
-3.9813417322834646
0
LINE
8
BLACK
6
CONTINUOUS
10
6.4801814960629915
20
-3.9813417322834646
11
6.4809314173228341
21
-3.9783420866141732
0
LINE
8
BLACK
6
CONTINUOUS
10
6.4809314173228341
20
-3.9783420866141732
11
6.4809866535433072
21
-3.9782251181102359
0
LINE
8
BLACK
6
CONTINUOUS
10
6.4809866535433072
20
-3.9782251181102359
11
6.4810208267716538
21
-3.9781003543307087
0
LINE
8
BLACK
6
CONTINUOUS
10
6.4810208267716538
20
-3.9781003543307087
11
6.4817707086614176
21
-3.9766005511811024
0
LINE
8
BLACK
6
CONTINUOUS
10
6.4817707086614176
20
-3.9766005511811024
11
6.4818868503937006
21
-3.9764509055118111
0
LINE
8
BLACK
6
CONTINUOUS
10
6.4818868503937006
20
-3.9764509055118111
11
6.4819919685039364
21
-3.9762935826771653
0
LINE
8
BLACK
6
CONTINUOUS
10
6.4819919685039364
20
-3.9762935826771653
11
6.483491732283464
21
-3.974793779527559
0
LINE
8
BLACK
6
CONTINUOUS
10
6.483491732283464
20
-3.974793779527559
11
6.4835409055118109
21
-3.9747609055118107
0
LINE
8
BLACK
6
CONTINUOUS
10
6.4835409055118109
20
-3.9747609055118107
11
6.4835530314960632
21
-3.9747366929133858
0
LINE
8
BLACK
6
CONTINUOUS
10
6.4835530314960632
20
-3.9747366929133858
11
6.4837175590551182
21
-3.974642874015748
0
LINE
8
BLACK
6
CONTINUOUS
10
6.4837175590551182
20
-3.974642874015748
11
6.4838749606299215
21
-3.9745377559055117
0
LINE
8
BLACK
6
CONTINUOUS
10
6.4838749606299215
20
-3.9745377559055117
11
6.4839020472440945
21
-3.9745377559055117
0
LINE
8
BLACK
6
CONTINUOUS
10
6.4839020472440945
20
-3.9745377559055117
11
6.4839534251968498
21
-3.9745084645669291
0
LINE
8
BLACK
6
CONTINUOUS
10
6.4839534251968498
20
-3.9745084645669291
11
6.4862031496062986
21
-3.9737585433070866
0
LINE
8
BLACK
6
CONTINUOUS
10
6.4862031496062986
20
-3.9737585433070866
11
6.4863907480314955
21
-3.9737348818897638
0
LINE
8
BLACK
6
CONTINUOUS
10
6.4863907480314955
20
-3.9737348818897638
11
6.4865766535433069
21
-3.9736979133858266
0
LINE
8
BLACK
6
CONTINUOUS
10
6.4865766535433069
20
-3.9736979133858266
11
6.488076496062992
21
-3.9736979133858266
0
LINE
8
BLACK
6
CONTINUOUS
10
6.488076496062992
20
-3.9736979133858266
11
6.4882623622047246
21
-3.9737348818897638
0
LINE
8
BLACK
6
CONTINUOUS
10
6.5031326377952752
20
-3.9737094488188975
11
6.5031583070866139
21
-3.9737009055118109
0
LINE
8
BLACK
6
CONTINUOUS
10
6.5031583070866139
20
-3.9737009055118109
11
6.5033408267716535
21
-3.973750866141732
0
LINE
8
BLACK
6
CONTINUOUS
10
6.5033408267716535
20
-3.973750866141732
11
6.5035266141732286
21
-3.9737878346456692
0
LINE
8
BLACK
6
CONTINUOUS
10
6.5035266141732286
20
-3.9737878346456692
11
6.5035457480314962
21
-3.9738069685039368
0
LINE
8
BLACK
6
CONTINUOUS
10
6.5035457480314962
20
-3.9738069685039368
11
6.5036028346456689
21
-3.9738225984251967
0
LINE
8
BLACK
6
CONTINUOUS
10
6.5036028346456689
20
-3.9738225984251967
11
6.5051026377952752
21
-3.9745725196850392
0
LINE
8
BLACK
6
CONTINUOUS
10
6.5051026377952752
20
-3.9745725196850392
11
6.5052520866141732
21
-3.9746885433070864
0
LINE
8
BLACK
6
CONTINUOUS
10
6.5052520866141732
20
-3.9746885433070864
11
6.5054095669291341
21
-3.9747937401574802
0
LINE
8
BLACK
6
CONTINUOUS
10
6.5054095669291341
20
-3.9747937401574802
11
6.5061594488188979
21
-3.975543622047244
0
LINE
8
BLACK
6
CONTINUOUS
10
6.5061594488188979
20
-3.975543622047244
11
6.5062646062992124
21
-3.9757009842519686
0
LINE
8
BLACK
6
CONTINUOUS
10
6.5062646062992124
20
-3.9757009842519686
11
6.5063807480314964
21
-3.9758506299212599
0
LINE
8
BLACK
6
CONTINUOUS
10
6.5063807480314964
20
-3.9758506299212599
11
6.5071306299212601
21
-3.977350472440945
0
LINE
8
BLACK
6
CONTINUOUS
10
6.5071306299212601
20
-3.977350472440945
11
6.5071462204724408
21
-3.9774074803149606
0
LINE
8
BLACK
6
CONTINUOUS
10
6.5071462204724408
20
-3.9774074803149606
11
6.5071653937007872
21
-3.9774266535433069
0
LINE
8
BLACK
6
CONTINUOUS
10
6.5071653937007872
20
-3.9774266535433069
11
6.5072023228346456
21
-3.9776124409448816
0
LINE
8
BLACK
6
CONTINUOUS
10
6.5072023228346456
20
-3.9776124409448816
11
6.5072523228346455
21
-3.9777949606299212
0
LINE
8
BLACK
6
CONTINUOUS
10
6.5072523228346455
20
-3.9777949606299212
11
6.5072437401574801
21
-3.9778205905511812
0
LINE
8
BLACK
6
CONTINUOUS
10
6.5072437401574801
20
-3.9778205905511812
11
6.5072553149606298
21
-3.9778786614173227
0
LINE
8
BLACK
6
CONTINUOUS
10
6.5072553149606298
20
-3.9778786614173227
11
6.5072553149606298
21
-3.9838779133858266
0
LINE
8
BLACK
6
CONTINUOUS
10
6.5072553149606298
20
-3.9838779133858266
11
6.5072270472440943
21
-3.9840198818897639
0
LINE
8
BLACK
6
CONTINUOUS
10
6.5072270472440943
20
-3.9840198818897639
11
6.507220039370079
21
-3.9841643700787399
0
LINE
8
BLACK
6
CONTINUOUS
10
6.507220039370079
20
-3.9841643700787399
11
6.5064701574803152
21
-3.9871639763779525
0
LINE
8
BLACK
6
CONTINUOUS
10
6.5064701574803152
20
-3.9871639763779525
11
6.506384015748031
21
-3.9873462598425196
0
LINE
8
BLACK
6
CONTINUOUS
10
6.506384015748031
20
-3.9873462598425196
11
6.5063070472440945
21
-3.9875326771653543
0
LINE
8
BLACK
6
CONTINUOUS
10
6.5063070472440945
20
-3.9875326771653543
11
6.5048072834645669
21
-3.9897824015748031
0
LINE
8
BLACK
6
CONTINUOUS
10
6.5048072834645669
20
-3.9897824015748031
11
6.5047246062992121
21
-3.9898652362204725
0
LINE
8
BLACK
6
CONTINUOUS
10
6.5047246062992121
20
-3.9898652362204725
11
6.5046596850393703
21
-3.989962401574803
0
LINE
8
BLACK
6
CONTINUOUS
10
6.5046596850393703
20
-3.989962401574803
11
6.5039097637795278
21
-3.9907123228346455
0
LINE
8
BLACK
6
CONTINUOUS
10
6.5039097637795278
20
-3.9907123228346455
11
6.5037524015748032
21
-3.990817401574803
0
LINE
8
BLACK
6
CONTINUOUS
10
6.5037524015748032
20
-3.990817401574803
11
6.5036027952755902
21
-3.9909335826771652
0
LINE
8
BLACK
6
CONTINUOUS
10
6.5036027952755902
20
-3.9909335826771652
11
6.5021029921259839
21
-3.991683464566929
0
LINE
8
BLACK
6
CONTINUOUS
10
6.5021029921259839
20
-3.991683464566929
11
6.5020459448818899
21
-3.9916990551181102
0
LINE
8
BLACK
6
CONTINUOUS
10
6.5020459448818899
20
-3.9916990551181102
11
6.5020268110236215
21
-3.9917182283464565
0
LINE
8
BLACK
6
CONTINUOUS
10
6.5020268110236215
20
-3.9917182283464565
11
6.5018409842519684
21
-3.991755157480315
0
LINE
8
BLACK
6
CONTINUOUS
10
6.5018409842519684
20
-3.991755157480315
11
6.5016585039370076
21
-3.9918051574803148
0
LINE
8
BLACK
6
CONTINUOUS
10
6.5016585039370076
20
-3.9918051574803148
11
6.5016328346456689
21
-3.9917965748031494
0
LINE
8
BLACK
6
CONTINUOUS
10
6.5016328346456689
20
-3.9917965748031494
11
6.5015748031496061
21
-3.9918081496062991
0
LINE
8
BLACK
6
CONTINUOUS
10
6.5015748031496061
20
-3.9918081496062991
11
6.4985751574803148
21
-3.9918081496062991
0
LINE
8
BLACK
6
CONTINUOUS
10
6.4985751574803148
20
-3.9918081496062991
11
6.4981231496062994
21
-3.9917182283464565
0
LINE
8
BLACK
6
CONTINUOUS
10
6.4981231496062994
20
-3.9917182283464565
11
6.4974839763779526
21
-3.9910790551181101
0
LINE
8
BLACK
6
CONTINUOUS
10
6.4974839763779526
20
-3.9910790551181101
11
6.4974839763779526
21
-3.9901750393700786
0
LINE
8
BLACK
6
CONTINUOUS
10
6.4974839763779526
20
-3.9901750393700786
11
6.4981231496062994
21
-3.9895358661417322
0
LINE
8
BLACK
6
CONTINUOUS
10
6.4981231496062994
20
-3.9895358661417322
11
6.4985751574803148
21
-3.9894459448818895
0
LINE
8
BLACK
6
CONTINUOUS
10
6.4985751574803148
20
-3.9894459448818895
11
6.5012959842519686
21
-3.9894459448818895
0
LINE
8
BLACK
6
CONTINUOUS
10
6.5012959842519686
20
-3.9894459448818895
11
6.5023749999999998
21
-3.9889064173228346
0
LINE
8
BLACK
6
CONTINUOUS
10
6.5023749999999998
20
-3.9889064173228346
11
6.5029065354330706
21
-3.9883748818897637
0
LINE
8
BLACK
6
CONTINUOUS
10
6.5029065354330706
20
-3.9883748818897637
11
6.5042281102362205
21
-3.9863924803149606
0
LINE
8
BLACK
6
CONTINUOUS
10
6.5042281102362205
20
-3.9863924803149606
11
6.5045198031496065
21
-3.9852256692913386
0
LINE
8
BLACK
6
CONTINUOUS
10
6.5045198031496065
20
-3.9852256692913386
11
6.5036027952755902
21
-3.9856842125984251
0
LINE
8
BLACK
6
CONTINUOUS
10
6.5036027952755902
20
-3.9856842125984251
11
6.5035457480314962
21
-3.9856998031496063
0
LINE
8
BLACK
6
CONTINUOUS
10
6.5035457480314962
20
-3.9856998031496063
11
6.5035266141732286
21
-3.9857189763779526
0
LINE
8
BLACK
6
CONTINUOUS
10
6.5035266141732286
20
-3.9857189763779526
11
6.5033407874015747
21
-3.985755905511811
0
LINE
8
BLACK
6
CONTINUOUS
10
6.5033407874015747
20
-3.985755905511811
11
6.5031583070866139
21
-3.9858059055118109
0
LINE
8
BLACK
6
CONTINUOUS
10
6.5031583070866139
20
-3.9858059055118109
11
6.5031326377952752
21
-3.9857973228346455
0
LINE
8
BLACK
6
CONTINUOUS
10
6.5031326377952752
20
-3.9857973228346455
11
6.5030746062992124
21
-3.9858088976377952
0
LINE
8
BLACK
6
CONTINUOUS
10
6.5030746062992124
20
-3.9858088976377952
11
6.5000749606299211
21
-3.9858088976377952
0
LINE
8
BLACK
6
CONTINUOUS
10
6.5000749606299211
20
-3.9858088976377952
11
6.5000168897637796
21
-3.9857973228346455
0
LINE
8
BLACK
6
CONTINUOUS
10
6.5000168897637796
20
-3.9857973228346455
11
6.4999912598425196
21
-3.9858059055118109
0
LINE
8
BLACK
6
CONTINUOUS
10
6.4999912598425196
20
-3.9858059055118109
11
6.49980874015748
21
-3.985755905511811
0
LINE
8
BLACK
6
CONTINUOUS
10
6.49980874015748
20
-3.985755905511811
11
6.4996229527559057
21
-3.9857189763779526
0
LINE
8
BLACK
6
CONTINUOUS
10
6.4996229527559057
20
-3.9857189763779526
11
6.4996037795275585
21
-3.9856998031496063
0
LINE
8
BLACK
6
CONTINUOUS
10
6.4996037795275585
20
-3.9856998031496063
11
6.4995467716535433
21
-3.9856842125984251
0
LINE
8
BLACK
6
CONTINUOUS
10
6.4995467716535433
20
-3.9856842125984251
11
6.498046968503937
21
-3.9849343307086613
0
LINE
8
BLACK
6
CONTINUOUS
10
6.498046968503937
20
-3.9849343307086613
11
6.497897204724409
21
-3.9848181102362203
0
LINE
8
BLACK
6
CONTINUOUS
10
6.497897204724409
20
-3.9848181102362203
11
6.4977399606299215
21
-3.9847130314960628
0
LINE
8
BLACK
6
CONTINUOUS
10
6.4977399606299215
20
-3.9847130314960628
11
6.4969900787401578
21
-3.983963149606299
0
LINE
8
BLACK
6
CONTINUOUS
10
6.4969900787401578
20
-3.983963149606299
11
6.4968848818897635
21
-3.9838056692913386
0
LINE
8
BLACK
6
CONTINUOUS
10
6.4968848818897635
20
-3.9838056692913386
11
6.4967688582677168
21
-3.9836562204724411
0
LINE
8
BLACK
6
CONTINUOUS
10
6.4967688582677168
20
-3.9836562204724411
11
6.4960189370078742
21
-3.9821564173228348
0
LINE
8
BLACK
6
CONTINUOUS
10
6.4960189370078742
20
-3.9821564173228348
11
6.4960033070866139
21
-3.9820993307086612
0
LINE
8
BLACK
6
CONTINUOUS
10
6.4960033070866139
20
-3.9820993307086612
11
6.4959841732283463
21
-3.9820801968503936
0
LINE
8
BLACK
6
CONTINUOUS
10
6.4959841732283463
20
-3.9820801968503936
11
6.4959472047244091
21
-3.9818944094488189
0
LINE
8
BLACK
6
CONTINUOUS
10
6.4959472047244091
20
-3.9818944094488189
11
6.495897244094488
21
-3.9817118897637793
0
LINE
8
BLACK
6
CONTINUOUS
10
6.495897244094488
20
-3.9817118897637793
11
6.4959057874015746
21
-3.981686220472441
0
LINE
8
BLACK
6
CONTINUOUS
10
6.4959057874015746
20
-3.981686220472441
11
6.4958942519685037
21
-3.9816281889763778
0
LINE
8
BLACK
6
CONTINUOUS
10
6.4958942519685037
20
-3.9816281889763778
11
6.4958942519685037
21
-3.9778786614173227
0
LINE
8
BLACK
6
CONTINUOUS
10
6.4958942519685037
20
-3.9778786614173227
11
6.4959057874015746
21
-3.9778205905511812
0
LINE
8
BLACK
6
CONTINUOUS
10
6.4959057874015746
20
-3.9778205905511812
11
6.495897244094488
21
-3.9777949606299212
0
LINE
8
BLACK
6
CONTINUOUS
10
6.495897244094488
20
-3.9777949606299212
11
6.4959472047244091
21
-3.9776124409448816
0
LINE
8
BLACK
6
CONTINUOUS
10
6.4959472047244091
20
-3.9776124409448816
11
6.4959841732283463
21
-3.9774266535433069
0
LINE
8
BLACK
6
CONTINUOUS
10
6.4959841732283463
20
-3.9774266535433069
11
6.4960033070866139
21
-3.9774074803149606
0
LINE
8
BLACK
6
CONTINUOUS
10
6.4960033070866139
20
-3.9774074803149606
11
6.4960189370078742
21
-3.977350472440945
0
LINE
8
BLACK
6
CONTINUOUS
10
6.4960189370078742
20
-3.977350472440945
11
6.4967688582677168
21
-3.9758505905511812
0
LINE
8
BLACK
6
CONTINUOUS
10
6.4967688582677168
20
-3.9758505905511812
11
6.4968850787401573
21
-3.9757008267716536
0
LINE
8
BLACK
6
CONTINUOUS
10
6.4968850787401573
20
-3.9757008267716536
11
6.4969901181102356
21
-3.9755436614173227
0
LINE
8
BLACK
6
CONTINUOUS
10
6.4969901181102356
20
-3.9755436614173227
11
6.4977400000000003
21
-3.9747937401574802
0
LINE
8
BLACK
6
CONTINUOUS
10
6.4977400000000003
20
-3.9747937401574802
11
6.497897519685039
21
-3.9746884645669289
0
LINE
8
BLACK
6
CONTINUOUS
10
6.497897519685039
20
-3.9746884645669289
11
6.4980469291338583
21
-3.9745725196850392
0
LINE
8
BLACK
6
CONTINUOUS
10
6.4980469291338583
20
-3.9745725196850392
11
6.4995467716535433
21
-3.9738225984251967
0
LINE
8
BLACK
6
CONTINUOUS
10
6.4995467716535433
20
-3.9738225984251967
11
6.4996037795275585
21
-3.9738069685039368
0
LINE
8
BLACK
6
CONTINUOUS
10
6.4996037795275585
20
-3.9738069685039368
11
6.4996229527559057
21
-3.9737878346456692
0
LINE
8
BLACK
6
CONTINUOUS
10
6.4996229527559057
20
-3.9737878346456692
11
6.49980842519685
21
-3.9737509055118108
0
LINE
8
BLACK
6
CONTINUOUS
10
6.49980842519685
20
-3.9737509055118108
11
6.4999912598425196
21
-3.9737008661417321
0
LINE
8
BLACK
6
CONTINUOUS
10
6.4999912598425196
20
-3.9737008661417321
11
6.5000169685039371
21
-3.9737094094488188
0
LINE
8
BLACK
6
CONTINUOUS
10
6.5000169685039371
20
-3.9737094094488188
11
6.5000749606299211
21
-3.9736979133858266
0
LINE
8
BLACK
6
CONTINUOUS
10
6.5000749606299211
20
-3.9736979133858266
11
6.5030746062992124
21
-3.9736979133858266
0
LINE
8
BLACK
6
CONTINUOUS
10
6.5030746062992124
20
-3.9736979133858266
11
6.5031326377952752
21
-3.9737094488188975
0
LINE
8
BLACK
6
CONTINUOUS
10
6.4992747637795274
20
-3.9765996456692911
11
6.4987959448818895
21
-3.9770784251968503
0
LINE
8
BLACK
6
CONTINUOUS
10
6.4987959448818895
20
-3.9770784251968503
11
6.4982564566929133
21
-3.9781574803149606
0
LINE
8
BLACK
6
CONTINUOUS
10
6.4982564566929133
20
-3.9781574803149606
11
6.4982564566929133
21
-3.9813493307086611
0
LINE
8
BLACK
6
CONTINUOUS
10
6.4982564566929133
20
-3.9813493307086611
11
6.4987959448818895
21
-3.982428307086614
0
LINE
8
BLACK
6
CONTINUOUS
10
6.4987959448818895
20
-3.982428307086614
11
6.4992748425196849
21
-3.9829072440944882
0
LINE
8
BLACK
6
CONTINUOUS
10
6.4992748425196849
20
-3.9829072440944882
11
6.5003537795275586
21
-3.9834466929133856
0
LINE
8
BLACK
6
CONTINUOUS
10
6.5003537795275586
20
-3.9834466929133856
11
6.5027957874015749
21
-3.9834466929133856
0
LINE
8
BLACK
6
CONTINUOUS
10
6.5027957874015749
20
-3.9834466929133856
11
6.5038748031496061
21
-3.9829071653543306
0
LINE
8
BLACK
6
CONTINUOUS
10
6.5038748031496061
20
-3.9829071653543306
11
6.5043535826771652
21
-3.9824283858267715
0
LINE
8
BLACK
6
CONTINUOUS
10
6.5043535826771652
20
-3.9824283858267715
11
6.5048931102362202
21
-3.9813493700787399
0
LINE
8
BLACK
6
CONTINUOUS
10
6.5048931102362202
20
-3.9813493700787399
11
6.5048931102362202
21
-3.9781574409448819
0
LINE
8
BLACK
6
CONTINUOUS
10
6.5048931102362202
20
-3.9781574409448819
11
6.504353622047244
21
-3.9770785039370078
0
LINE
8
BLACK
6
CONTINUOUS
10
6.504353622047244
20
-3.9770785039370078
11
6.5038747244094486
21
-3.9765996062992124
0
LINE
8
BLACK
6
CONTINUOUS
10
6.5038747244094486
20
-3.9765996062992124
11
6.5027957480314962
21
-3.9760601181102362
0
LINE
8
BLACK
6
CONTINUOUS
10
6.5027957480314962
20
-3.9760601181102362
11
6.5003538188976373
21
-3.9760601181102362
0
LINE
8
BLACK
6
CONTINUOUS
10
6.5003538188976373
20
-3.9760601181102362
11
6.4992747637795274
21
-3.9765996456692911
0
LINE
8
BLACK
6
CONTINUOUS
10
6.5259501574803149
20
-3.9658978740157478
11
6.5270155118110234
21
-3.9669632283464566
0
LINE
8
BLACK
6
CONTINUOUS
10
6.5270155118110234
20
-3.9669632283464566
11
6.5271653543307089
21
-3.9677165354330706
0
LINE
8
BLACK
6
CONTINUOUS
10
6.5271653543307089
20
-3.9677165354330706
11
6.5271653543307089
21
-3.9992125984251969
0
LINE
8
BLACK
6
CONTINUOUS
10
6.5271653543307089
20
-3.9992125984251969
11
6.5270155118110234
21
-3.9999659055118109
0
LINE
8
BLACK
6
CONTINUOUS
10
6.5270155118110234
20
-3.9999659055118109
11
6.5259501574803149
21
-4.0010312598425193
0
LINE
8
BLACK
6
CONTINUOUS
10
6.5259501574803149
20
-4.0010312598425193
11
6.5251968503937006
21
-4.0011811023622048
0
LINE
8
BLACK
6
CONTINUOUS
10
6.5251968503937006
20
-4.0011811023622048
11
6.4622047244094487
21
-4.0011811023622048
0
LINE
8
BLACK
6
CONTINUOUS
10
6.4622047244094487
20
-4.0011811023622048
11
6.4614514173228343
21
-4.0010312598425193
0
LINE
8
BLACK
6
CONTINUOUS
10
6.4614514173228343
20
-4.0010312598425193
11
6.4603860629921259
21
-3.9999659055118109
0
LINE
8
BLACK
6
CONTINUOUS
10
6.4603860629921259
20
-3.9999659055118109
11
6.4602362204724404
21
-3.9992125984251969
0
LINE
8
BLACK
6
CONTINUOUS
10
6.4602362204724404
20
-3.9992125984251969
11
6.4602362204724404
21
-3.9677165354330706
0
LINE
8
BLACK
6
CONTINUOUS
10
6.4602362204724404
20
-3.9677165354330706
11
6.4603860629921259
21
-3.9669632283464566
0
LINE
8
BLACK
6
CONTINUOUS
10
6.4603860629921259
20
-3.9669632283464566
11
6.4614514173228343
21
-3.9658978740157478
0
LINE
8
BLACK
6
CONTINUOUS
10
6.4614514173228343
20
-3.9658978740157478
11
6.4622047244094487
21
-3.9657480314960627
0
LINE
8
BLACK
6
CONTINUOUS
10
6.4622047244094487
20
-3.9657480314960627
11
6.5251968503937006
21
-3.9657480314960627
0
LINE
8
BLACK
6
CONTINUOUS
10
6.5251968503937006
20
-3.9657480314960627
11
6.5259501574803149
21
-3.9658978740157478
0
LINE
8
BLACK
6
CONTINUOUS
10
6.4641732283464561
20
-3.9696850393700784
11
6.4641732283464561
21
-3.9972440944881891
0
LINE
8
BLACK
6
CONTINUOUS
10
6.4641732283464561
20
-3.9972440944881891
11
6.5232283464566931
21
-3.9972440944881891
0
LINE
8
BLACK
6
CONTINUOUS
10
6.5232283464566931
20
-3.9972440944881891
11
6.5232283464566931
21
-3.9696850393700784
0
LINE
8
BLACK
6
CONTINUOUS
10
6.5232283464566931
20
-3.9696850393700784
11
6.4641732283464561
21
-3.9696850393700784
0
LINE
8
BLACK
6
CONTINUOUS
10
6.643188031496063
20
-3.9555255118110235
11
6.643234803149606
21
-3.9555099606299211
0
LINE
8
BLACK
6
CONTINUOUS
10
6.643234803149606
20
-3.9555099606299211
11
6.6435670866141727
21
-3.9556009448818896
0
LINE
8
BLACK
6
CONTINUOUS
10
6.6435670866141727
20
-3.9556009448818896
11
6.6439051181102364
21
-3.9556681889763778
0
LINE
8
BLACK
6
CONTINUOUS
10
6.6439051181102364
20
-3.9556681889763778
11
6.643939960629921
21
-3.9557030314960628
0
LINE
8
BLACK
6
CONTINUOUS
10
6.643939960629921
20
-3.9557030314960628
11
6.6440438582677164
21
-3.9557314960629921
0
LINE
8
BLACK
6
CONTINUOUS
10
6.6440438582677164
20
-3.9557314960629921
11
6.6459200787401569
21
-3.9566696062992124
0
LINE
8
BLACK
6
CONTINUOUS
10
6.6459200787401569
20
-3.9566696062992124
11
6.6461923228346453
21
-3.9568809055118108
0
LINE
8
BLACK
6
CONTINUOUS
10
6.6461923228346453
20
-3.9568809055118108
11
6.6464788582677166
21
-3.9570723622047241
0
LINE
8
BLACK
6
CONTINUOUS
10
6.6464788582677166
20
-3.9570723622047241
11
6.6474169291338585
21
-3.9580104330708661
0
LINE
8
BLACK
6
CONTINUOUS
10
6.6474169291338585
20
-3.9580104330708661
11
6.6476082283464564
21
-3.9582967716535431
0
LINE
8
BLACK
6
CONTINUOUS
10
6.6476082283464564
20
-3.9582967716535431
11
6.6478196850393703
21
-3.9585692125984253
0
LINE
8
BLACK
6
CONTINUOUS
10
6.6478196850393703
20
-3.9585692125984253
11
6.6487577952755901
21
-3.9604454330708663
0
LINE
8
BLACK
6
CONTINUOUS
10
6.6487577952755901
20
-3.9604454330708663
11
6.648819960629921
21
-3.9606724803149604
0
LINE
8
BLACK
6
CONTINUOUS
10
6.648819960629921
20
-3.9606724803149604
11
6.6489205905511808
21
-3.9608854724409448
0
LINE
8
BLACK
6
CONTINUOUS
10
6.6489205905511808
20
-3.9608854724409448
11
6.6498586614173227
21
-3.9646378346456692
0
LINE
8
BLACK
6
CONTINUOUS
10
6.6498586614173227
20
-3.9646378346456692
11
6.6498714566929129
21
-3.9649010236220472
0
LINE
8
BLACK
6
CONTINUOUS
10
6.6498714566929129
20
-3.9649010236220472
11
6.6499228346456691
21
-3.9651592913385825
0
LINE
8
BLACK
6
CONTINUOUS
10
6.6499228346456691
20
-3.9651592913385825
11
6.6499228346456691
21
-3.9698497637795276
0
LINE
8
BLACK
6
CONTINUOUS
10
6.6499228346456691
20
-3.9698497637795276
11
6.6498714566929129
21
-3.9701080314960628
0
LINE
8
BLACK
6
CONTINUOUS
10
6.6498714566929129
20
-3.9701080314960628
11
6.6498586614173227
21
-3.9703712204724408
0
LINE
8
BLACK
6
CONTINUOUS
10
6.6498586614173227
20
-3.9703712204724408
11
6.6489205905511808
21
-3.9741235826771653
0
LINE
8
BLACK
6
CONTINUOUS
10
6.6489205905511808
20
-3.9741235826771653
11
6.6488199212598422
21
-3.9743366141732284
0
LINE
8
BLACK
6
CONTINUOUS
10
6.6488199212598422
20
-3.9743366141732284
11
6.6487577559055113
21
-3.9745637007874013
0
LINE
8
BLACK
6
CONTINUOUS
10
6.6487577559055113
20
-3.9745637007874013
11
6.6478196456692915
21
-3.9764398818897635
0
LINE
8
BLACK
6
CONTINUOUS
10
6.6478196456692915
20
-3.9764398818897635
11
6.6476084645669289
21
-3.9767119291338582
0
LINE
8
BLACK
6
CONTINUOUS
10
6.6476084645669289
20
-3.9767119291338582
11
6.6474169685039373
21
-3.9769985826771652
0
LINE
8
BLACK
6
CONTINUOUS
10
6.6474169685039373
20
-3.9769985826771652
11
6.6464788976377953
21
-3.9779366929133859
0
LINE
8
BLACK
6
CONTINUOUS
10
6.6464788976377953
20
-3.9779366929133859
11
6.6461924409448816
21
-3.9781280708661417
0
LINE
8
BLACK
6
CONTINUOUS
10
6.6461924409448816
20
-3.9781280708661417
11
6.6459200787401569
21
-3.9783394881889764
0
LINE
8
BLACK
6
CONTINUOUS
10
6.6459200787401569
20
-3.9783394881889764
11
6.6440438582677164
21
-3.9792775590551179
0
LINE
8
BLACK
6
CONTINUOUS
10
6.6440438582677164
20
-3.9792775590551179
11
6.643939960629921
21
-3.9793059842519685
0
LINE
8
BLACK
6
CONTINUOUS
10
6.643939960629921
20
-3.9793059842519685
11
6.6439051181102364
21
-3.9793408661417322
0
LINE
8
BLACK
6
CONTINUOUS
10
6.6439051181102364
20
-3.9793408661417322
11
6.6435670078740152
21
-3.9794081102362204
0
LINE
8
BLACK
6
CONTINUOUS
10
6.6435670078740152
20
-3.9794081102362204
11
6.6432347637795273
21
-3.9794990944881889
0
LINE
8
BLACK
6
CONTINUOUS
10
6.6432347637795273
20
-3.9794990944881889
11
6.6431879921259842
21
-3.9794835039370078
0
LINE
8
BLACK
6
CONTINUOUS
10
6.6431879921259842
20
-3.9794835039370078
11
6.6430823622047246
21
-3.979504527559055
0
LINE
8
BLACK
6
CONTINUOUS
10
6.6430823622047246
20
-3.979504527559055
11
6.6412061811023619
21
-3.979504527559055
0
LINE
8
BLACK
6
CONTINUOUS
10
6.6412061811023619
20
-3.979504527559055
11
6.6411005905511811
21
-3.9794835039370078
0
LINE
8
BLACK
6
CONTINUOUS
10
6.6411005905511811
20
-3.9794835039370078
11
6.6410537795275593
21
-3.9794991338582677
0
LINE
8
BLACK
6
CONTINUOUS
10
6.6410537795275593
20
-3.9794991338582677
11
6.6407211811023616
21
-3.9794080314960629
0
LINE
8
BLACK
6
CONTINUOUS
10
6.6407211811023616
20
-3.9794080314960629
11
6.6403834251968501
21
-3.9793408661417322
0
LINE
8
BLACK
6
CONTINUOUS
10
6.6403834251968501
20
-3.9793408661417322
11
6.6403485433070868
21
-3.9793059842519685
0
LINE
8
BLACK
6
CONTINUOUS
10
6.6403485433070868
20
-3.9793059842519685
11
6.6402446850393702
21
-3.9792775590551179
0
LINE
8
BLACK
6
CONTINUOUS
10
6.6402446850393702
20
-3.9792775590551179
11
6.6383685039370075
21
-3.9783394881889764
0
LINE
8
BLACK
6
CONTINUOUS
10
6.6383685039370075
20
-3.9783394881889764
11
6.6380961023622049
21
-3.9781280708661417
0
LINE
8
BLACK
6
CONTINUOUS
10
6.6380961023622049
20
-3.9781280708661417
11
6.6378097244094487
21
-3.9779367322834647
0
LINE
8
BLACK
6
CONTINUOUS
10
6.6378097244094487
20
-3.9779367322834647
11
6.636871614173228
21
-3.976998622047244
0
LINE
8
BLACK
6
CONTINUOUS
10
6.636871614173228
20
-3.976998622047244
11
6.6366801574803151
21
-3.9767120866141732
0
LINE
8
BLACK
6
CONTINUOUS
10
6.6366801574803151
20
-3.9767120866141732
11
6.6364688582677163
21
-3.9764398425196847
0
LINE
8
BLACK
6
CONTINUOUS
10
6.6364688582677163
20
-3.9764398425196847
11
6.6355307874015743
21
-3.9745636614173225
0
LINE
8
BLACK
6
CONTINUOUS
10
6.6355307874015743
20
-3.9745636614173225
11
6.6354685826771655
21
-3.9743365748031496
0
LINE
8
BLACK
6
CONTINUOUS
10
6.6354685826771655
20
-3.9743365748031496
11
6.6353679921259845
21
-3.974123622047244
0
LINE
8
BLACK
6
CONTINUOUS
10
6.6353679921259845
20
-3.974123622047244
11
6.6344299212598425
21
-3.9703712204724408
0
LINE
8
BLACK
6
CONTINUOUS
10
6.6344299212598425
20
-3.9703712204724408
11
6.6344170866141727
21
-3.9701081889763778
0
LINE
8
BLACK
6
CONTINUOUS
10
6.6344170866141727
20
-3.9701081889763778
11
6.6343657086614174
21
-3.9698497637795276
0
LINE
8
BLACK
6
CONTINUOUS
10
6.6343657086614174
20
-3.9698497637795276
11
6.6343657086614174
21
-3.9651592913385825
0
LINE
8
BLACK
6
CONTINUOUS
10
6.6343657086614174
20
-3.9651592913385825
11
6.6344170866141727
21
-3.9649008267716535
0
LINE
8
BLACK
6
CONTINUOUS
10
6.6344170866141727
20
-3.9649008267716535
11
6.6344299212598425
21
-3.9646378346456692
0
LINE
8
BLACK
6
CONTINUOUS
10
6.6344299212598425
20
-3.9646378346456692
11
6.6353679921259845
21
-3.9608854724409448
0
LINE
8
BLACK
6
CONTINUOUS
10
6.6353679921259845
20
-3.9608854724409448
11
6.6354685826771655
21
-3.9606724803149604
0
LINE
8
BLACK
6
CONTINUOUS
10
6.6354685826771655
20
-3.9606724803149604
11
6.6355307874015743
21
-3.9604454330708663
0
LINE
8
BLACK
6
CONTINUOUS
10
6.6355307874015743
20
-3.9604454330708663
11
6.6364688582677163
21
-3.9585692125984253
0
LINE
8
BLACK
6
CONTINUOUS
10
6.6364688582677163
20
-3.9585692125984253
11
6.6366802362204727
21
-3.9582968110236219
0
LINE
8
BLACK
6
CONTINUOUS
10
6.6366802362204727
20
-3.9582968110236219
11
6.6368716535433068
21
-3.9580103937007873
0
LINE
8
BLACK
6
CONTINUOUS
10
6.6368716535433068
20
-3.9580103937007873
11
6.6378097637795275
21
-3.9570723228346454
0
LINE
8
BLACK
6
CONTINUOUS
10
6.6378097637795275
20
-3.9570723228346454
11
6.6380963779527553
21
-3.9568807874015746
0
LINE
8
BLACK
6
CONTINUOUS
10
6.6380963779527553
20
-3.9568807874015746
11
6.6383684645669288
21
-3.9566696456692911
0
LINE
8
BLACK
6
CONTINUOUS
10
6.6383684645669288
20
-3.9566696456692911
11
6.6402446456692914
21
-3.9557315354330709
0
LINE
8
BLACK
6
CONTINUOUS
10
6.6402446456692914
20
-3.9557315354330709
11
6.640348503937008
21
-3.9557030708661416
0
LINE
8
BLACK
6
CONTINUOUS
10
6.640348503937008
20
-3.9557030708661416
11
6.6403834251968501
21
-3.9556681889763778
0
LINE
8
BLACK
6
CONTINUOUS
10
6.6403834251968501
20
-3.9556681889763778
11
6.6407215748031492
21
-3.9556009055118109
0
LINE
8
BLACK
6
CONTINUOUS
10
6.6407215748031492
20
-3.9556009055118109
11
6.6410537401574805
21
-3.9555099606299211
0
LINE
8
BLACK
6
CONTINUOUS
10
6.6410537401574805
20
-3.9555099606299211
11
6.6411004724409448
21
-3.9555255118110235
0
LINE
8
BLACK
6
CONTINUOUS
10
6.6411004724409448
20
-3.9555255118110235
11
6.6412061811023619
21
-3.955504527559055
0
LINE
8
BLACK
6
CONTINUOUS
10
6.6412061811023619
20
-3.955504527559055
11
6.6430823622047246
21
-3.955504527559055
0
LINE
8
BLACK
6
CONTINUOUS
10
6.6430823622047246
20
-3.955504527559055
11
6.643188031496063
21
-3.9555255118110235
0
LINE
8
BLACK
6
CONTINUOUS
10
6.640603543307086
20
-3.9603596062992126
11
6.640158858267716
21
-3.9608042913385826
0
LINE
8
BLACK
6
CONTINUOUS
10
6.640158858267716
20
-3.9608042913385826
11
6.6394823622047241
21
-3.9621573622047244
0
LINE
8
BLACK
6
CONTINUOUS
10
6.6394823622047241
20
-3.9621573622047244
11
6.6386657086614171
21
-3.9654238976377951
0
LINE
8
BLACK
6
CONTINUOUS
10
6.6386657086614171
20
-3.9654238976377951
11
6.6386657086614171
21
-3.9695851181102362
0
LINE
8
BLACK
6
CONTINUOUS
10
6.6386657086614171
20
-3.9695851181102362
11
6.6394823228346453
21
-3.9728516535433069
0
LINE
8
BLACK
6
CONTINUOUS
10
6.6394823228346453
20
-3.9728516535433069
11
6.6401588976377948
21
-3.9742048031496062
0
LINE
8
BLACK
6
CONTINUOUS
10
6.6401588976377948
20
-3.9742048031496062
11
6.6406035039370082
21
-3.9746494094488187
0
LINE
8
BLACK
6
CONTINUOUS
10
6.6406035039370082
20
-3.9746494094488187
11
6.6417137401574804
21
-3.9752045275590548
0
LINE
8
BLACK
6
CONTINUOUS
10
6.6417137401574804
20
-3.9752045275590548
11
6.6425748425196849
21
-3.9752045275590548
0
LINE
8
BLACK
6
CONTINUOUS
10
6.6425748425196849
20
-3.9752045275590548
11
6.6436849606299209
21
-3.9746494488188975
0
LINE
8
BLACK
6
CONTINUOUS
10
6.6436849606299209
20
-3.9746494488188975
11
6.6441296456692909
21
-3.9742047637795275
0
LINE
8
BLACK
6
CONTINUOUS
10
6.6441296456692909
20
-3.9742047637795275
11
6.6448061811023624
21
-3.9728516929133857
0
LINE
8
BLACK
6
CONTINUOUS
10
6.6448061811023624
20
-3.9728516929133857
11
6.6456228346456694
21
-3.9695850393700787
0
LINE
8
BLACK
6
CONTINUOUS
10
6.6456228346456694
20
-3.9695850393700787
11
6.6456228346456694
21
-3.9654239763779526
0
LINE
8
BLACK
6
CONTINUOUS
10
6.6456228346456694
20
-3.9654239763779526
11
6.6448061417322837
21
-3.9621572440944881
0
LINE
8
BLACK
6
CONTINUOUS
10
6.6448061417322837
20
-3.9621572440944881
11
6.6441296456692909
21
-3.9608042519685038
0
LINE
8
BLACK
6
CONTINUOUS
10
6.6441296456692909
20
-3.9608042519685038
11
6.6436850393700784
21
-3.9603596456692913
0
LINE
8
BLACK
6
CONTINUOUS
10
6.6436850393700784
20
-3.9603596456692913
11
6.6425748031496061
21
-3.9598045275590552
0
LINE
8
BLACK
6
CONTINUOUS
10
6.6425748031496061
20
-3.9598045275590552
11
6.6417137795275591
21
-3.9598045275590552
0
LINE
8
BLACK
6
CONTINUOUS
10
6.6417137795275591
20
-3.9598045275590552
11
6.640603543307086
21
-3.9603596062992126
0
LINE
8
BLACK
6
CONTINUOUS
10
6.6582020472440941
20
-3.9633984251968504
11
6.6583657086614174
21
-3.9642211811023622
0
LINE
8
BLACK
6
CONTINUOUS
10
6.6583657086614174
20
-3.9642211811023622
11
6.6583657086614174
21
-3.9740326771653542
0
LINE
8
BLACK
6
CONTINUOUS
10
6.6583657086614174
20
-3.9740326771653542
11
6.6587562598425194
21
-3.9748138976377954
0
LINE
8
BLACK
6
CONTINUOUS
10
6.6587562598425194
20
-3.9748138976377954
11
6.6595375196850393
21
-3.9752045275590548
0
LINE
8
BLACK
6
CONTINUOUS
10
6.6595375196850393
20
-3.9752045275590548
11
6.6613367322834645
21
-3.9752045275590548
0
LINE
8
BLACK
6
CONTINUOUS
10
6.6613367322834645
20
-3.9752045275590548
11
6.6624468503937004
21
-3.9746494488188975
0
LINE
8
BLACK
6
CONTINUOUS
10
6.6624468503937004
20
-3.9746494488188975
11
6.6625085433070863
21
-3.9745877952755904
0
LINE
8
BLACK
6
CONTINUOUS
10
6.6625085433070863
20
-3.9745877952755904
11
6.6625085433070863
21
-3.9642211811023622
0
LINE
8
BLACK
6
CONTINUOUS
10
6.6625085433070863
20
-3.9642211811023622
11
6.6626722047244096
21
-3.9633984251968504
0
LINE
8
BLACK
6
CONTINUOUS
10
6.6626722047244096
20
-3.9633984251968504
11
6.6638357874015748
21
-3.9622348425196852
0
LINE
8
BLACK
6
CONTINUOUS
10
6.6638357874015748
20
-3.9622348425196852
11
6.6654812992125985
21
-3.9622348425196852
0
LINE
8
BLACK
6
CONTINUOUS
10
6.6654812992125985
20
-3.9622348425196852
11
6.6666448818897637
21
-3.9633984251968504
0
LINE
8
BLACK
6
CONTINUOUS
10
6.6666448818897637
20
-3.9633984251968504
11
6.6668085433070861
21
-3.9642211811023622
0
LINE
8
BLACK
6
CONTINUOUS
10
6.6668085433070861
20
-3.9642211811023622
11
6.6668085433070861
21
-3.9773545275590552
0
LINE
8
BLACK
6
CONTINUOUS
10
6.6668085433070861
20
-3.9773545275590552
11
6.6666448818897637
21
-3.978177283464567
0
LINE
8
BLACK
6
CONTINUOUS
10
6.6666448818897637
20
-3.978177283464567
11
6.6654812992125985
21
-3.9793408661417322
0
LINE
8
BLACK
6
CONTINUOUS
10
6.6654812992125985
20
-3.9793408661417322
11
6.6638357874015748
21
-3.9793408661417322
0
LINE
8
BLACK
6
CONTINUOUS
10
6.6638357874015748
20
-3.9793408661417322
11
6.6634502362204726
21
-3.97895531496063
0
LINE
8
BLACK
6
CONTINUOUS
10
6.6634502362204726
20
-3.97895531496063
11
6.6628057480314959
21
-3.9792775590551179
0
LINE
8
BLACK
6
CONTINUOUS
10
6.6628057480314959
20
-3.9792775590551179
11
6.6627018503937006
21
-3.9793059842519685
0
LINE
8
BLACK
6
CONTINUOUS
10
6.6627018503937006
20
-3.9793059842519685
11
6.662667007874016
21
-3.9793408661417322
0
LINE
8
BLACK
6
CONTINUOUS
10
6.662667007874016
20
-3.9793408661417322
11
6.6623288976377948
21
-3.9794081102362204
0
LINE
8
BLACK
6
CONTINUOUS
10
6.6623288976377948
20
-3.9794081102362204
11
6.6619966535433068
21
-3.9794990944881889
0
LINE
8
BLACK
6
CONTINUOUS
10
6.6619966535433068
20
-3.9794990944881889
11
6.6619498818897638
21
-3.9794835039370078
0
LINE
8
BLACK
6
CONTINUOUS
10
6.6619498818897638
20
-3.9794835039370078
11
6.6618442519685042
21
-3.979504527559055
0
LINE
8
BLACK
6
CONTINUOUS
10
6.6618442519685042
20
-3.979504527559055
11
6.6590299606299208
21
-3.979504527559055
0
LINE
8
BLACK
6
CONTINUOUS
10
6.6590299606299208
20
-3.979504527559055
11
6.6589243700787399
21
-3.9794835039370078
0
LINE
8
BLACK
6
CONTINUOUS
10
6.6589243700787399
20
-3.9794835039370078
11
6.6588775590551181
21
-3.9794991338582677
0
LINE
8
BLACK
6
CONTINUOUS
10
6.6588775590551181
20
-3.9794991338582677
11
6.6585449606299214
21
-3.9794080314960629
0
LINE
8
BLACK
6
CONTINUOUS
10
6.6585449606299214
20
-3.9794080314960629
11
6.658207204724409
21
-3.9793408661417322
0
LINE
8
BLACK
6
CONTINUOUS
10
6.658207204724409
20
-3.9793408661417322
11
6.6581723228346457
21
-3.9793059842519685
0
LINE
8
BLACK
6
CONTINUOUS
10
6.6581723228346457
20
-3.9793059842519685
11
6.658068464566929
21
-3.9792775590551179
0
LINE
8
BLACK
6
CONTINUOUS
10
6.658068464566929
20
-3.9792775590551179
11
6.6561922834645664
21
-3.9783394881889764
0
LINE
8
BLACK
6
CONTINUOUS
10
6.6561922834645664
20
-3.9783394881889764
11
6.6558540551181098
21
-3.9780769685039368
0
LINE
8
BLACK
6
CONTINUOUS
10
6.6558540551181098
20
-3.9780769685039368
11
6.6557450787401571
21
-3.9780406692913384
0
LINE
8
BLACK
6
CONTINUOUS
10
6.6557450787401571
20
-3.9780406692913384
11
6.6556509055118109
21
-3.9779192913385826
0
LINE
8
BLACK
6
CONTINUOUS
10
6.6556509055118109
20
-3.9779192913385826
11
6.6555295669291334
21
-3.9778251574803147
0
LINE
8
BLACK
6
CONTINUOUS
10
6.6555295669291334
20
-3.9778251574803147
11
6.6554932283464563
21
-3.9777161417322833
0
LINE
8
BLACK
6
CONTINUOUS
10
6.6554932283464563
20
-3.9777161417322833
11
6.6552307480314958
21
-3.9773779527559054
0
LINE
8
BLACK
6
CONTINUOUS
10
6.6552307480314958
20
-3.9773779527559054
11
6.6542926771653539
21
-3.9755017322834645
0
LINE
8
BLACK
6
CONTINUOUS
10
6.6542926771653539
20
-3.9755017322834645
11
6.6542642125984255
21
-3.9753978346456691
0
LINE
8
BLACK
6
CONTINUOUS
10
6.6542642125984255
20
-3.9753978346456691
11
6.65422937007874
21
-3.9753629921259841
0
LINE
8
BLACK
6
CONTINUOUS
10
6.65422937007874
20
-3.9753629921259841
11
6.6541620866141731
21
-3.9750248818897638
0
LINE
8
BLACK
6
CONTINUOUS
10
6.6541620866141731
20
-3.9750248818897638
11
6.6540711417322838
21
-3.9746926377952754
0
LINE
8
BLACK
6
CONTINUOUS
10
6.6540711417322838
20
-3.9746926377952754
11
6.6540866929133857
21
-3.9746458661417323
0
LINE
8
BLACK
6
CONTINUOUS
10
6.6540866929133857
20
-3.9746458661417323
11
6.6540657086614168
21
-3.9745402362204723
0
LINE
8
BLACK
6
CONTINUOUS
10
6.6540657086614168
20
-3.9745402362204723
11
6.6540657086614168
21
-3.9642211811023622
0
LINE
8
BLACK
6
CONTINUOUS
10
6.6540657086614168
20
-3.9642211811023622
11
6.65422937007874
21
-3.9633984251968504
0
LINE
8
BLACK
6
CONTINUOUS
10
6.65422937007874
20
-3.9633984251968504
11
6.6553929527559053
21
-3.9622348425196852
0
LINE
8
BLACK
6
CONTINUOUS
10
6.6553929527559053
20
-3.9622348425196852
11
6.6570384645669289
21
-3.9622348425196852
0
LINE
8
BLACK
6
CONTINUOUS
10
6.6570384645669289
20
-3.9622348425196852
11
6.6582020472440941
21
-3.9633984251968504
0
LINE
8
BLACK
6
CONTINUOUS
10
5.9389331889763781
20
-3.9325765354330708
11
5.9418615354330706
21
-3.9342672047244092
0
LINE
8
BLACK
6
CONTINUOUS
10
5.9418615354330706
20
-3.9342672047244092
11
5.9442524803149608
21
-3.9366581496062993
0
LINE
8
BLACK
6
CONTINUOUS
10
5.9442524803149608
20
-3.9366581496062993
11
5.9459431496062987
21
-3.9395864960629918
0
LINE
8
BLACK
6
CONTINUOUS
10
5.9459431496062987
20
-3.9395864960629918
11
5.9468183070866143
21
-3.9428526377952755
0
LINE
8
BLACK
6
CONTINUOUS
10
5.9468183070866143
20
-3.9428526377952755
11
5.9468183070866143
21
-3.9462339763779526
0
LINE
8
BLACK
6
CONTINUOUS
10
5.9468183070866143
20
-3.9462339763779526
11
5.9459431496062987
21
-3.9495001181102363
0
LINE
8
BLACK
6
CONTINUOUS
10
5.9459431496062987
20
-3.9495001181102363
11
5.9442524803149608
21
-3.9524284645669292
0
LINE
8
BLACK
6
CONTINUOUS
10
5.9442524803149608
20
-3.9524284645669292
11
5.9418615354330706
21
-3.9548194094488189
0
LINE
8
BLACK
6
CONTINUOUS
10
5.9418615354330706
20
-3.9548194094488189
11
5.9389331889763781
21
-3.9565100787401573
0
LINE
8
BLACK
6
CONTINUOUS
10
5.9389331889763781
20
-3.9565100787401573
11
5.9356670472440944
21
-3.9573852362204724
0
LINE
8
BLACK
6
CONTINUOUS
10
5.9356670472440944
20
-3.9573852362204724
11
5.9322857086614169
21
-3.9573852362204724
0
LINE
8
BLACK
6
CONTINUOUS
10
5.9322857086614169
20
-3.9573852362204724
11
5.9290195669291341
21
-3.9565100787401573
0
LINE
8
BLACK
6
CONTINUOUS
10
5.9290195669291341
20
-3.9565100787401573
11
5.9260912204724407
21
-3.9548194094488189
0
LINE
8
BLACK
6
CONTINUOUS
10
5.9260912204724407
20
-3.9548194094488189
11
5.9237002755905515
21
-3.9524284645669292
0
LINE
8
BLACK
6
CONTINUOUS
10
5.9237002755905515
20
-3.9524284645669292
11
5.9220096062992127
21
-3.9495001181102363
0
LINE
8
BLACK
6
CONTINUOUS
10
5.9220096062992127
20
-3.9495001181102363
11
5.9211344488188979
21
-3.9462339763779526
0
LINE
8
BLACK
6
CONTINUOUS
10
5.9211344488188979
20
-3.9462339763779526
11
5.9211344488188979
21
-3.9431415354330706
0
LINE
8
BLACK
6
CONTINUOUS
10
5.9211344488188979
20
-3.9431415354330706
11
5.9211344488188979
21
-3.9428526377952755
0
LINE
8
BLACK
6
CONTINUOUS
10
5.9211344488188979
20
-3.9428526377952755
11
5.9220096062992127
21
-3.9395864960629918
0
LINE
8
BLACK
6
CONTINUOUS
10
5.9220096062992127
20
-3.9395864960629918
11
5.9237002755905515
21
-3.9366581496062993
0
LINE
8
BLACK
6
CONTINUOUS
10
5.9237002755905515
20
-3.9366581496062993
11
5.9260912204724407
21
-3.9342672047244092
0
LINE
8
BLACK
6
CONTINUOUS
10
5.9260912204724407
20
-3.9342672047244092
11
5.9290195669291341
21
-3.9325765354330708
0
LINE
8
BLACK
6
CONTINUOUS
10
5.9290195669291341
20
-3.9325765354330708
11
5.9322857086614169
21
-3.9317013779527556
0
LINE
8
BLACK
6
CONTINUOUS
10
5.9322857086614169
20
-3.9317013779527556
11
5.9356670472440944
21
-3.9317013779527556
0
LINE
8
BLACK
6
CONTINUOUS
10
5.9356670472440944
20
-3.9317013779527556
11
5.9389331889763781
21
-3.9325765354330708
0
LINE
8
BLACK
6
CONTINUOUS
10
5.9269291338582679
20
-3.9459450787401575
11
5.9280020078740154
21
-3.9485352362204722
0
LINE
8
BLACK
6
CONTINUOUS
10
5.9280020078740154
20
-3.9485352362204722
11
5.9299844488188977
21
-3.9505176771653541
0
LINE
8
BLACK
6
CONTINUOUS
10
5.9299844488188977
20
-3.9505176771653541
11
5.9325746062992124
21
-3.9515905511811025
0
LINE
8
BLACK
6
CONTINUOUS
10
5.9325746062992124
20
-3.9515905511811025
11
5.9353781496062989
21
-3.9515905511811025
0
LINE
8
BLACK
6
CONTINUOUS
10
5.9353781496062989
20
-3.9515905511811025
11
5.9379683070866136
21
-3.9505176771653541
0
LINE
8
BLACK
6
CONTINUOUS
10
5.9379683070866136
20
-3.9505176771653541
11
5.9399507480314959
21
-3.9485352362204722
0
LINE
8
BLACK
6
CONTINUOUS
10
5.9399507480314959
20
-3.9485352362204722
11
5.9410236220472443
21
-3.9459450787401575
0
LINE
8
BLACK
6
CONTINUOUS
10
5.9410236220472443
20
-3.9459450787401575
11
5.9410236220472443
21
-3.9431415354330706
0
LINE
8
BLACK
6
CONTINUOUS
10
5.9410236220472443
20
-3.9431415354330706
11
5.9399507480314959
21
-3.9405513779527559
0
LINE
8
BLACK
6
CONTINUOUS
10
5.9399507480314959
20
-3.9405513779527559
11
5.9379683070866136
21
-3.938568937007874
0
LINE
8
BLACK
6
CONTINUOUS
10
5.9379683070866136
20
-3.938568937007874
11
5.9353781496062989
21
-3.9374960629921261
0
LINE
8
BLACK
6
CONTINUOUS
10
5.9353781496062989
20
-3.9374960629921261
11
5.9325746062992124
21
-3.9374960629921261
0
LINE
8
BLACK
6
CONTINUOUS
10
5.9325746062992124
20
-3.9374960629921261
11
5.9299844488188977
21
-3.938568937007874
0
LINE
8
BLACK
6
CONTINUOUS
10
5.9299844488188977
20
-3.938568937007874
11
5.9280020078740154
21
-3.9405513779527559
0
LINE
8
BLACK
6
CONTINUOUS
10
5.9280020078740154
20
-3.9405513779527559
11
5.9269291338582679
21
-3.9431415354330706
0
LINE
8
BLACK
6
CONTINUOUS
10
5.9269291338582679
20
-3.9431415354330706
11
5.9269291338582679
21
-3.9459450787401575
0
LINE
8
BLACK
6
CONTINUOUS
10
5.7606205905511807
20
-3.8106243700787399
11
5.7614352362204722
21
-3.8114390157480313
0
LINE
8
BLACK
6
CONTINUOUS
10
5.7614352362204722
20
-3.8114390157480313
11
5.7618761417322837
21
-3.8125034251968501
0
LINE
8
BLACK
6
CONTINUOUS
10
5.7618761417322837
20
-3.8125034251968501
11
5.7619328740157476
21
-3.8130794881889765
0
LINE
8
BLACK
6
CONTINUOUS
10
5.7619328740157476
20
-3.8130794881889765
11
5.7619328740157476
21
-3.8442534251968503
0
LINE
8
BLACK
6
CONTINUOUS
10
5.7619328740157476
20
-3.8442534251968503
11
5.7632816141732279
21
-3.846950905511811
0
LINE
8
BLACK
6
CONTINUOUS
10
5.7632816141732279
20
-3.846950905511811
11
5.7644787401574797
21
-3.8481480708661415
0
LINE
8
BLACK
6
CONTINUOUS
10
5.7644787401574797
20
-3.8481480708661415
11
5.7671762204724404
21
-3.8494968110236218
0
LINE
8
BLACK
6
CONTINUOUS
10
5.7671762204724404
20
-3.8494968110236218
11
5.7732811811023623
21
-3.8494968110236218
0
LINE
8
BLACK
6
CONTINUOUS
10
5.7732811811023623
20
-3.8494968110236218
11
5.7759786220472442
21
-3.8481480708661415
0
LINE
8
BLACK
6
CONTINUOUS
10
5.7759786220472442
20
-3.8481480708661415
11
5.777175748031496
21
-3.846950905511811
0
LINE
8
BLACK
6
CONTINUOUS
10
5.777175748031496
20
-3.846950905511811
11
5.7785245275590551
21
-3.8442534251968503
0
LINE
8
BLACK
6
CONTINUOUS
10
5.7785245275590551
20
-3.8442534251968503
11
5.7785245275590551
21
-3.8130794881889765
0
LINE
8
BLACK
6
CONTINUOUS
10
5.7785245275590551
20
-3.8130794881889765
11
5.7785812598425199
21
-3.8125034251968501
0
LINE
8
BLACK
6
CONTINUOUS
10
5.7785812598425199
20
-3.8125034251968501
11
5.7790221653543306
21
-3.8114390157480313
0
LINE
8
BLACK
6
CONTINUOUS
10
5.7790221653543306
20
-3.8114390157480313
11
5.779836811023622
21
-3.8106243700787399
0
LINE
8
BLACK
6
CONTINUOUS
10
5.779836811023622
20
-3.8106243700787399
11
5.7809012204724404
21
-3.8101834645669292
0
LINE
8
BLACK
6
CONTINUOUS
10
5.7809012204724404
20
-3.8101834645669292
11
5.782053346456693
21
-3.8101834645669292
0
LINE
8
BLACK
6
CONTINUOUS
10
5.782053346456693
20
-3.8101834645669292
11
5.7831177559055114
21
-3.8106243700787399
0
LINE
8
BLACK
6
CONTINUOUS
10
5.7831177559055114
20
-3.8106243700787399
11
5.7839324015748028
21
-3.8114390157480313
0
LINE
8
BLACK
6
CONTINUOUS
10
5.7839324015748028
20
-3.8114390157480313
11
5.7843733070866143
21
-3.8125034251968501
0
LINE
8
BLACK
6
CONTINUOUS
10
5.7843733070866143
20
-3.8125034251968501
11
5.7844300393700783
21
-3.8130794881889765
0
LINE
8
BLACK
6
CONTINUOUS
10
5.7844300393700783
20
-3.8130794881889765
11
5.7844300393700783
21
-3.8449504724409449
0
LINE
8
BLACK
6
CONTINUOUS
10
5.7844300393700783
20
-3.8449504724409449
11
5.7843733070866143
21
-3.8455265354330708
0
LINE
8
BLACK
6
CONTINUOUS
10
5.7843733070866143
20
-3.8455265354330708
11
5.7843327165354328
21
-3.8456244881889763
0
LINE
8
BLACK
6
CONTINUOUS
10
5.7843327165354328
20
-3.8456244881889763
11
5.7843251968503937
21
-3.8457303937007872
0
LINE
8
BLACK
6
CONTINUOUS
10
5.7843251968503937
20
-3.8457303937007872
11
5.7841183070866142
21
-3.8462709842519684
0
LINE
8
BLACK
6
CONTINUOUS
10
5.7841183070866142
20
-3.8462709842519684
11
5.7822435433070867
21
-3.8500205118110236
0
LINE
8
BLACK
6
CONTINUOUS
10
5.7822435433070867
20
-3.8500205118110236
11
5.7820874803149609
21
-3.8502683858267717
0
LINE
8
BLACK
6
CONTINUOUS
10
5.7820874803149609
20
-3.8502683858267717
11
5.782057677165354
21
-3.8503404330708659
0
LINE
8
BLACK
6
CONTINUOUS
10
5.782057677165354
20
-3.8503404330708659
11
5.7819911417322833
21
-3.8504214566929131
0
LINE
8
BLACK
6
CONTINUOUS
10
5.7819911417322833
20
-3.8504214566929131
11
5.7819351968503936
21
-3.8505103937007874
0
LINE
8
BLACK
6
CONTINUOUS
10
5.7819351968503936
20
-3.8505103937007874
11
5.781876181102362
21
-3.8505615354330707
0
LINE
8
BLACK
6
CONTINUOUS
10
5.781876181102362
20
-3.8505615354330707
11
5.7816904330708656
21
-3.8507879133858265
0
LINE
8
BLACK
6
CONTINUOUS
10
5.7816904330708656
20
-3.8507879133858265
11
5.7798157086614168
21
-3.852662677165354
0
LINE
8
BLACK
6
CONTINUOUS
10
5.7798157086614168
20
-3.852662677165354
11
5.779589330708661
21
-3.8528484251968504
0
LINE
8
BLACK
6
CONTINUOUS
10
5.779589330708661
20
-3.8528484251968504
11
5.7795381496062994
21
-3.8529074803149603
0
LINE
8
BLACK
6
CONTINUOUS
10
5.7795381496062994
20
-3.8529074803149603
11
5.7794491732283459
21
-3.8529634645669288
0
LINE
8
BLACK
6
CONTINUOUS
10
5.7794491732283459
20
-3.8529634645669288
11
5.7793682283464562
21
-3.8530299212598424
0
LINE
8
BLACK
6
CONTINUOUS
10
5.7793682283464562
20
-3.8530299212598424
11
5.7792962598425195
21
-3.8530597244094489
0
LINE
8
BLACK
6
CONTINUOUS
10
5.7792962598425195
20
-3.8530597244094489
11
5.7790482677165356
21
-3.8532158267716534
0
LINE
8
BLACK
6
CONTINUOUS
10
5.7790482677165356
20
-3.8532158267716534
11
5.7752987401574805
21
-3.855090590551181
0
LINE
8
BLACK
6
CONTINUOUS
10
5.7752987401574805
20
-3.855090590551181
11
5.7747581102362204
21
-3.8552974803149604
0
LINE
8
BLACK
6
CONTINUOUS
10
5.7747581102362204
20
-3.8552974803149604
11
5.774652283464567
21
-3.8553049606299212
0
LINE
8
BLACK
6
CONTINUOUS
10
5.774652283464567
20
-3.8553049606299212
11
5.7745542913385828
21
-3.8553455905511811
0
LINE
8
BLACK
6
CONTINUOUS
10
5.7745542913385828
20
-3.8553455905511811
11
5.7739782283464569
21
-3.8554023228346455
0
LINE
8
BLACK
6
CONTINUOUS
10
5.7739782283464569
20
-3.8554023228346455
11
5.7664791732283467
21
-3.8554023228346455
0
LINE
8
BLACK
6
CONTINUOUS
10
5.7664791732283467
20
-3.8554023228346455
11
5.7659031102362199
21
-3.8553455905511811
0
LINE
8
BLACK
6
CONTINUOUS
10
5.7659031102362199
20
-3.8553455905511811
11
5.7658051181102357
21
-3.855305
0
LINE
8
BLACK
6
CONTINUOUS
10
5.7658051181102357
20
-3.855305
11
5.7656992519685035
21
-3.8552974803149604
0
LINE
8
BLACK
6
CONTINUOUS
10
5.7656992519685035
20
-3.8552974803149604
11
5.7651586614173231
21
-3.855090590551181
0
LINE
8
BLACK
6
CONTINUOUS
10
5.7651586614173231
20
-3.855090590551181
11
5.761409133858268
21
-3.8532158267716534
0
LINE
8
BLACK
6
CONTINUOUS
10
5.761409133858268
20
-3.8532158267716534
11
5.7611611023622045
21
-3.8530597244094489
0
LINE
8
BLACK
6
CONTINUOUS
10
5.7611611023622045
20
-3.8530597244094489
11
5.7610891732283465
21
-3.8530299212598424
0
LINE
8
BLACK
6
CONTINUOUS
10
5.7610891732283465
20
-3.8530299212598424
11
5.761008188976378
21
-3.8529634645669288
0
LINE
8
BLACK
6
CONTINUOUS
10
5.761008188976378
20
-3.8529634645669288
11
5.7609192519685042
21
-3.8529074803149603
0
LINE
8
BLACK
6
CONTINUOUS
10
5.7609192519685042
20
-3.8529074803149603
11
5.760868031496063
21
-3.8528484251968504
0
LINE
8
BLACK
6
CONTINUOUS
10
5.760868031496063
20
-3.8528484251968504
11
5.7606416929133859
21
-3.852662677165354
0
LINE
8
BLACK
6
CONTINUOUS
10
5.7606416929133859
20
-3.852662677165354
11
5.7587669291338583
21
-3.8507878740157477
0
LINE
8
BLACK
6
CONTINUOUS
10
5.7587669291338583
20
-3.8507878740157477
11
5.7585811811023619
21
-3.8505615354330707
0
LINE
8
BLACK
6
CONTINUOUS
10
5.7585811811023619
20
-3.8505615354330707
11
5.7585222047244091
21
-3.8505103937007874
0
LINE
8
BLACK
6
CONTINUOUS
10
5.7585222047244091
20
-3.8505103937007874
11
5.7584662204724406
21
-3.8504214566929131
0
LINE
8
BLACK
6
CONTINUOUS
10
5.7584662204724406
20
-3.8504214566929131
11
5.7583997244094487
21
-3.8503404330708659
0
LINE
8
BLACK
6
CONTINUOUS
10
5.7583997244094487
20
-3.8503404330708659
11
5.758369881889764
21
-3.8502683858267717
0
LINE
8
BLACK
6
CONTINUOUS
10
5.758369881889764
20
-3.8502683858267717
11
5.758213858267716
21
-3.8500205118110236
0
LINE
8
BLACK
6
CONTINUOUS
10
5.758213858267716
20
-3.8500205118110236
11
5.7563390944881885
21
-3.8462709842519684
0
LINE
8
BLACK
6
CONTINUOUS
10
5.7563390944881885
20
-3.8462709842519684
11
5.756132204724409
21
-3.8457303543307084
0
LINE
8
BLACK
6
CONTINUOUS
10
5.756132204724409
20
-3.8457303543307084
11
5.7561246850393699
21
-3.845624527559055
0
LINE
8
BLACK
6
CONTINUOUS
10
5.7561246850393699
20
-3.845624527559055
11
5.7560840944881893
21
-3.8455265354330708
0
LINE
8
BLACK
6
CONTINUOUS
10
5.7560840944881893
20
-3.8455265354330708
11
5.7560273622047244
21
-3.8449504724409449
0
LINE
8
BLACK
6
CONTINUOUS
10
5.7560273622047244
20
-3.8449504724409449
11
5.7560273622047244
21
-3.8130794881889765
0
LINE
8
BLACK
6
CONTINUOUS
10
5.7560273622047244
20
-3.8130794881889765
11
5.7560840944881893
21
-3.8125034251968501
0
LINE
8
BLACK
6
CONTINUOUS
10
5.7560840944881893
20
-3.8125034251968501
11
5.7565249999999999
21
-3.8114390157480313
0
LINE
8
BLACK
6
CONTINUOUS
10
5.7565249999999999
20
-3.8114390157480313
11
5.7573396456692914
21
-3.8106243700787399
0
LINE
8
BLACK
6
CONTINUOUS
10
5.7573396456692914
20
-3.8106243700787399
11
5.7584040551181097
21
-3.8101834645669292
0
LINE
8
BLACK
6
CONTINUOUS
10
5.7584040551181097
20
-3.8101834645669292
11
5.7595561811023623
21
-3.8101834645669292
0
LINE
8
BLACK
6
CONTINUOUS
10
5.7595561811023623
20
-3.8101834645669292
11
5.7606205905511807
21
-3.8106243700787399
0
LINE
8
BLACK
6
CONTINUOUS
10
5.8098824409448815
20
-3.8101834645669292
11
5.8101748425196851
21
-3.8101834645669292
0
LINE
8
BLACK
6
CONTINUOUS
10
5.8101748425196851
20
-3.8101834645669292
11
5.8104420866141728
21
-3.8102941732283462
0
LINE
8
BLACK
6
CONTINUOUS
10
5.8104420866141728
20
-3.8102941732283462
11
5.810725905511811
21
-3.8103503149606297
0
LINE
8
BLACK
6
CONTINUOUS
10
5.810725905511811
20
-3.8103503149606297
11
5.8109691732283464
21
-3.8105124803149604
0
LINE
8
BLACK
6
CONTINUOUS
10
5.8109691732283464
20
-3.8105124803149604
11
5.8112392519685034
21
-3.8106243700787399
0
LINE
8
BLACK
6
CONTINUOUS
10
5.8112392519685034
20
-3.8106243700787399
11
5.8114437007874011
21
-3.8108288188976376
0
LINE
8
BLACK
6
CONTINUOUS
10
5.8114437007874011
20
-3.8108288188976376
11
5.8116845275590547
21
-3.8109893700787403
0
LINE
8
BLACK
6
CONTINUOUS
10
5.8116845275590547
20
-3.8109893700787403
11
5.8118472440944879
21
-3.8112323622047244
0
LINE
8
BLACK
6
CONTINUOUS
10
5.8118472440944879
20
-3.8112323622047244
11
5.8120538976377949
21
-3.8114390157480313
0
LINE
8
BLACK
6
CONTINUOUS
10
5.8120538976377949
20
-3.8114390157480313
11
5.812164566929134
21
-3.8117062204724408
0
LINE
8
BLACK
6
CONTINUOUS
10
5.812164566929134
20
-3.8117062204724408
11
5.8123255905511808
21
-3.8119466535433069
0
LINE
8
BLACK
6
CONTINUOUS
10
5.8123255905511808
20
-3.8119466535433069
11
5.8123829133858269
21
-3.8122333070866139
0
LINE
8
BLACK
6
CONTINUOUS
10
5.8123829133858269
20
-3.8122333070866139
11
5.8124948031496064
21
-3.8125034251968501
0
LINE
8
BLACK
6
CONTINUOUS
10
5.8124948031496064
20
-3.8125034251968501
11
5.8125509055118112
21
-3.8130733464566928
0
LINE
8
BLACK
6
CONTINUOUS
10
5.8125509055118112
20
-3.8130733464566928
11
5.8125515354330703
21
-3.8130763779527559
0
LINE
8
BLACK
6
CONTINUOUS
10
5.8125515354330703
20
-3.8130763779527559
11
5.8125512992125987
21
-3.813077401574803
0
LINE
8
BLACK
6
CONTINUOUS
10
5.8125512992125987
20
-3.813077401574803
11
5.8125515354330703
21
-3.8130794881889765
0
LINE
8
BLACK
6
CONTINUOUS
10
5.8125515354330703
20
-3.8130794881889765
11
5.8125515354330703
21
-3.8494968110236218
0
LINE
8
BLACK
6
CONTINUOUS
10
5.8125515354330703
20
-3.8494968110236218
11
5.8208473622047245
21
-3.8494968110236218
0
LINE
8
BLACK
6
CONTINUOUS
10
5.8208473622047245
20
-3.8494968110236218
11
5.8214234251968504
21
-3.8495535433070867
0
LINE
8
BLACK
6
CONTINUOUS
10
5.8214234251968504
20
-3.8495535433070867
11
5.8224878346456688
21
-3.8499944488188977
0
LINE
8
BLACK
6
CONTINUOUS
10
5.8224878346456688
20
-3.8499944488188977
11
5.8233024803149602
21
-3.8508090944881888
0
LINE
8
BLACK
6
CONTINUOUS
10
5.8233024803149602
20
-3.8508090944881888
11
5.8237433858267718
21
-3.851873503937008
0
LINE
8
BLACK
6
CONTINUOUS
10
5.8237433858267718
20
-3.851873503937008
11
5.8237433858267718
21
-3.8530256299212597
0
LINE
8
BLACK
6
CONTINUOUS
10
5.8237433858267718
20
-3.8530256299212597
11
5.8233024803149602
21
-3.8540900393700785
0
LINE
8
BLACK
6
CONTINUOUS
10
5.8233024803149602
20
-3.8540900393700785
11
5.8224878346456688
21
-3.85490468503937
0
LINE
8
BLACK
6
CONTINUOUS
10
5.8224878346456688
20
-3.85490468503937
11
5.8214234251968504
21
-3.8553455905511811
0
LINE
8
BLACK
6
CONTINUOUS
10
5.8214234251968504
20
-3.8553455905511811
11
5.8208473622047245
21
-3.8554023228346455
0
LINE
8
BLACK
6
CONTINUOUS
10
5.8208473622047245
20
-3.8554023228346455
11
5.7983501968503939
21
-3.8554023228346455
0
LINE
8
BLACK
6
CONTINUOUS
10
5.7983501968503939
20
-3.8554023228346455
11
5.797774133858268
21
-3.8553455905511811
0
LINE
8
BLACK
6
CONTINUOUS
10
5.797774133858268
20
-3.8553455905511811
11
5.7967097244094488
21
-3.85490468503937
0
LINE
8
BLACK
6
CONTINUOUS
10
5.7967097244094488
20
-3.85490468503937
11
5.7958950787401573
21
-3.8540900393700785
0
LINE
8
BLACK
6
CONTINUOUS
10
5.7958950787401573
20
-3.8540900393700785
11
5.7954541732283467
21
-3.8530256299212597
0
LINE
8
BLACK
6
CONTINUOUS
10
5.7954541732283467
20
-3.8530256299212597
11
5.7954541732283467
21
-3.851873503937008
0
LINE
8
BLACK
6
CONTINUOUS
10
5.7954541732283467
20
-3.851873503937008
11
5.7958950787401573
21
-3.8508090944881888
0
LINE
8
BLACK
6
CONTINUOUS
10
5.7958950787401573
20
-3.8508090944881888
11
5.7967097244094488
21
-3.8499944488188977
0
LINE
8
BLACK
6
CONTINUOUS
10
5.7967097244094488
20
-3.8499944488188977
11
5.797774133858268
21
-3.8495535433070867
0
LINE
8
BLACK
6
CONTINUOUS
10
5.797774133858268
20
-3.8495535433070867
11
5.7983501968503939
21
-3.8494968110236218
0
LINE
8
BLACK
6
CONTINUOUS
10
5.7983501968503939
20
-3.8494968110236218
11
5.8066460236220472
21
-3.8494968110236218
0
LINE
8
BLACK
6
CONTINUOUS
10
5.8066460236220472
20
-3.8494968110236218
11
5.8066460236220472
21
-3.822082834645669
0
LINE
8
BLACK
6
CONTINUOUS
10
5.8066460236220472
20
-3.822082834645669
11
5.804187637795275
21
-3.8245412204724407
0
LINE
8
BLACK
6
CONTINUOUS
10
5.804187637795275
20
-3.8245412204724407
11
5.8039612598425192
21
-3.8247269685039371
0
LINE
8
BLACK
6
CONTINUOUS
10
5.8039612598425192
20
-3.8247269685039371
11
5.8039101181102364
21
-3.8247859842519683
0
LINE
8
BLACK
6
CONTINUOUS
10
5.8039101181102364
20
-3.8247859842519683
11
5.8038211417322829
21
-3.824841929133858
0
LINE
8
BLACK
6
CONTINUOUS
10
5.8038211417322829
20
-3.824841929133858
11
5.8037401968503932
21
-3.8249084251968504
0
LINE
8
BLACK
6
CONTINUOUS
10
5.8037401968503932
20
-3.8249084251968504
11
5.8036682283464565
21
-3.8249382283464568
0
LINE
8
BLACK
6
CONTINUOUS
10
5.8036682283464565
20
-3.8249382283464568
11
5.8034202362204725
21
-3.8250943307086613
0
LINE
8
BLACK
6
CONTINUOUS
10
5.8034202362204725
20
-3.8250943307086613
11
5.7996707086614174
21
-3.8269690944881889
0
LINE
8
BLACK
6
CONTINUOUS
10
5.7996707086614174
20
-3.8269690944881889
11
5.7991300787401574
21
-3.8271759842519684
0
LINE
8
BLACK
6
CONTINUOUS
10
5.7991300787401574
20
-3.8271759842519684
11
5.7979808661417325
21
-3.8272576377952756
0
LINE
8
BLACK
6
CONTINUOUS
10
5.7979808661417325
20
-3.8272576377952756
11
5.7968879133858264
21
-3.826893307086614
0
LINE
8
BLACK
6
CONTINUOUS
10
5.7968879133858264
20
-3.826893307086614
11
5.796017519685039
21
-3.8261384645669292
0
LINE
8
BLACK
6
CONTINUOUS
10
5.796017519685039
20
-3.8261384645669292
11
5.7955022834645664
21
-3.8251079527559053
0
LINE
8
BLACK
6
CONTINUOUS
10
5.7955022834645664
20
-3.8251079527559053
11
5.7954206299212601
21
-3.8239587401574804
0
LINE
8
BLACK
6
CONTINUOUS
10
5.7954206299212601
20
-3.8239587401574804
11
5.7957849606299208
21
-3.8228657874015748
0
LINE
8
BLACK
6
CONTINUOUS
10
5.7957849606299208
20
-3.8228657874015748
11
5.7965398031496065
21
-3.8219953937007873
0
LINE
8
BLACK
6
CONTINUOUS
10
5.7965398031496065
20
-3.8219953937007873
11
5.7970296850393703
21
-3.8216870472440942
0
LINE
8
BLACK
6
CONTINUOUS
10
5.7970296850393703
20
-3.8216870472440942
11
5.8003506299212599
21
-3.8200265748031494
0
LINE
8
BLACK
6
CONTINUOUS
10
5.8003506299212599
20
-3.8200265748031494
11
5.8035545275590552
21
-3.8168226771653542
0
LINE
8
BLACK
6
CONTINUOUS
10
5.8035545275590552
20
-3.8168226771653542
11
5.8071419291338584
21
-3.8114415748031494
0
LINE
8
BLACK
6
CONTINUOUS
10
5.8071419291338584
20
-3.8114415748031494
11
5.8071432677165351
21
-3.8114398818897639
0
LINE
8
BLACK
6
CONTINUOUS
10
5.8071432677165351
20
-3.8114398818897639
11
5.8071436614173226
21
-3.8114390157480313
0
LINE
8
BLACK
6
CONTINUOUS
10
5.8071436614173226
20
-3.8114390157480313
11
5.8071456692913381
21
-3.8114369685039371
0
LINE
8
BLACK
6
CONTINUOUS
10
5.8071456692913381
20
-3.8114369685039371
11
5.8075087007874018
21
-3.81099374015748
0
LINE
8
BLACK
6
CONTINUOUS
10
5.8075087007874018
20
-3.81099374015748
11
5.8077515748031496
21
-3.810831062992126
0
LINE
8
BLACK
6
CONTINUOUS
10
5.8077515748031496
20
-3.810831062992126
11
5.8079583070866141
21
-3.8106243700787399
0
LINE
8
BLACK
6
CONTINUOUS
10
5.8079583070866141
20
-3.8106243700787399
11
5.8082255905511806
21
-3.8105136220472442
0
LINE
8
BLACK
6
CONTINUOUS
10
5.8082255905511806
20
-3.8105136220472442
11
5.8084659842519688
21
-3.8103526771653544
0
LINE
8
BLACK
6
CONTINUOUS
10
5.8084659842519688
20
-3.8103526771653544
11
5.8087525984251966
21
-3.81029531496063
0
LINE
8
BLACK
6
CONTINUOUS
10
5.8087525984251966
20
-3.81029531496063
11
5.8090227165354333
21
-3.8101834645669292
0
LINE
8
BLACK
6
CONTINUOUS
10
5.8090227165354333
20
-3.8101834645669292
11
5.8093120078740155
21
-3.8101834645669292
0
LINE
8
BLACK
6
CONTINUOUS
10
5.8093120078740155
20
-3.8101834645669292
11
5.8095956692913386
21
-3.8101267322834644
0
LINE
8
BLACK
6
CONTINUOUS
10
5.8095956692913386
20
-3.8101267322834644
11
5.8098824409448815
21
-3.8101834645669292
0
LINE
8
BLACK
6
CONTINUOUS
10
5.9568752755905514
20
-3.742379566929134
11
5.9579396850393698
21
-3.7428204724409446
0
LINE
8
BLACK
6
CONTINUOUS
10
5.9579396850393698
20
-3.7428204724409446
11
5.9587543307086612
21
-3.7436351181102361
0
LINE
8
BLACK
6
CONTINUOUS
10
5.9587543307086612
20
-3.7436351181102361
11
5.9591952362204719
21
-3.7446995275590549
0
LINE
8
BLACK
6
CONTINUOUS
10
5.9591952362204719
20
-3.7446995275590549
11
5.9592519685039367
21
-3.7452755905511812
0
LINE
8
BLACK
6
CONTINUOUS
10
5.9592519685039367
20
-3.7452755905511812
11
5.9592519685039367
21
-3.961811023622047
0
LINE
8
BLACK
6
CONTINUOUS
10
5.9592519685039367
20
-3.961811023622047
11
5.9591952362204719
21
-3.9623870866141733
0
LINE
8
BLACK
6
CONTINUOUS
10
5.9591952362204719
20
-3.9623870866141733
11
5.9587543307086612
21
-3.9634514960629921
0
LINE
8
BLACK
6
CONTINUOUS
10
5.9587543307086612
20
-3.9634514960629921
11
5.9579396850393698
21
-3.9642661417322835
0
LINE
8
BLACK
6
CONTINUOUS
10
5.9579396850393698
20
-3.9642661417322835
11
5.9568752755905514
21
-3.9647070472440946
0
LINE
8
BLACK
6
CONTINUOUS
10
5.9568752755905514
20
-3.9647070472440946
11
5.9562992125984247
21
-3.964763779527559
0
LINE
8
BLACK
6
CONTINUOUS
10
5.9562992125984247
20
-3.964763779527559
11
5.6216535433070867
21
-3.964763779527559
0
LINE
8
BLACK
6
CONTINUOUS
10
5.6216535433070867
20
-3.964763779527559
11
5.6210774803149608
21
-3.9647070472440946
0
LINE
8
BLACK
6
CONTINUOUS
10
5.6210774803149608
20
-3.9647070472440946
11
5.6200130708661415
21
-3.9642661417322835
0
LINE
8
BLACK
6
CONTINUOUS
10
5.6200130708661415
20
-3.9642661417322835
11
5.6191984251968501
21
-3.9634514960629921
0
LINE
8
BLACK
6
CONTINUOUS
10
5.6191984251968501
20
-3.9634514960629921
11
5.6187575196850394
21
-3.9623870866141733
0
LINE
8
BLACK
6
CONTINUOUS
10
5.6187575196850394
20
-3.9623870866141733
11
5.6187007874015746
21
-3.961811023622047
0
LINE
8
BLACK
6
CONTINUOUS
10
5.6187007874015746
20
-3.961811023622047
11
5.6187007874015746
21
-3.7452755905511812
0
LINE
8
BLACK
6
CONTINUOUS
10
5.6187007874015746
20
-3.7452755905511812
11
5.6187575196850394
21
-3.7446995275590549
0
LINE
8
BLACK
6
CONTINUOUS
10
5.6187575196850394
20
-3.7446995275590549
11
5.6191984251968501
21
-3.7436351181102361
0
LINE
8
BLACK
6
CONTINUOUS
10
5.6191984251968501
20
-3.7436351181102361
11
5.6200130708661415
21
-3.7428204724409446
0
LINE
8
BLACK
6
CONTINUOUS
10
5.6200130708661415
20
-3.7428204724409446
11
5.6210774803149608
21
-3.742379566929134
0
LINE
8
BLACK
6
CONTINUOUS
10
5.6210774803149608
20
-3.742379566929134
11
5.6216535433070867
21
-3.7423228346456692
0
LINE
8
BLACK
6
CONTINUOUS
10
5.6216535433070867
20
-3.7423228346456692
11
5.9562992125984247
21
-3.7423228346456692
0
LINE
8
BLACK
6
CONTINUOUS
10
5.9562992125984247
20
-3.7423228346456692
11
5.9568752755905514
21
-3.742379566929134
0
LINE
8
BLACK
6
CONTINUOUS
10
5.6246062992125987
20
-3.7482283464566928
11
5.6246062992125987
21
-3.9588582677165354
0
LINE
8
BLACK
6
CONTINUOUS
10
5.6246062992125987
20
-3.9588582677165354
11
5.9533464566929135
21
-3.9588582677165354
0
LINE
8
BLACK
6
CONTINUOUS
10
5.9533464566929135
20
-3.9588582677165354
11
5.9533464566929135
21
-3.7482283464566928
0
LINE
8
BLACK
6
CONTINUOUS
10
5.9533464566929135
20
-3.7482283464566928
11
5.6246062992125987
21
-3.7482283464566928
0
LINE
8
BLACK
6
CONTINUOUS
10
6.0066627559055119
20
-3.9022424803149605
11
6.0066884251968506
21
-3.9022339370078738
0
LINE
8
BLACK
6
CONTINUOUS
10
6.0066884251968506
20
-3.9022339370078738
11
6.0068709055118106
21
-3.9022838976377954
0
LINE
8
BLACK
6
CONTINUOUS
10
6.0068709055118106
20
-3.9022838976377954
11
6.0070567322834645
21
-3.9023208661417321
0
LINE
8
BLACK
6
CONTINUOUS
10
6.0070567322834645
20
-3.9023208661417321
11
6.0070758661417321
21
-3.9023399999999997
0
LINE
8
BLACK
6
CONTINUOUS
10
6.0070758661417321
20
-3.9023399999999997
11
6.0071329133858269
21
-3.9023556299212596
0
LINE
8
BLACK
6
CONTINUOUS
10
6.0071329133858269
20
-3.9023556299212596
11
6.0086327952755907
21
-3.9031055511811021
0
LINE
8
BLACK
6
CONTINUOUS
10
6.0086327952755907
20
-3.9031055511811021
11
6.0087825196850391
21
-3.9032217716535431
0
LINE
8
BLACK
6
CONTINUOUS
10
6.0087825196850391
20
-3.9032217716535431
11
6.0089397244094487
21
-3.9033268110236219
0
LINE
8
BLACK
6
CONTINUOUS
10
6.0089397244094487
20
-3.9033268110236219
11
6.0096896456692912
21
-3.9040766929133857
0
LINE
8
BLACK
6
CONTINUOUS
10
6.0096896456692912
20
-3.9040766929133857
11
6.0097948818897633
21
-3.9042342125984253
0
LINE
8
BLACK
6
CONTINUOUS
10
6.0097948818897633
20
-3.9042342125984253
11
6.0099108661417322
21
-3.9043836220472441
0
LINE
8
BLACK
6
CONTINUOUS
10
6.0099108661417322
20
-3.9043836220472441
11
6.0106607874015747
21
-3.9058834645669291
0
LINE
8
BLACK
6
CONTINUOUS
10
6.0106607874015747
20
-3.9058834645669291
11
6.0106763779527554
21
-3.9059404724409448
0
LINE
8
BLACK
6
CONTINUOUS
10
6.0106763779527554
20
-3.9059404724409448
11
6.0106955511811027
21
-3.9059596456692911
0
LINE
8
BLACK
6
CONTINUOUS
10
6.0106955511811027
20
-3.9059596456692911
11
6.0107324409448815
21
-3.9061451181102362
0
LINE
8
BLACK
6
CONTINUOUS
10
6.0107324409448815
20
-3.9061451181102362
11
6.0107825196850388
21
-3.9063279527559054
0
LINE
8
BLACK
6
CONTINUOUS
10
6.0107825196850388
20
-3.9063279527559054
11
6.0107739370078734
21
-3.9063536614173229
0
LINE
8
BLACK
6
CONTINUOUS
10
6.0107739370078734
20
-3.9063536614173229
11
6.010782165354331
21
-3.9063951574803149
0
LINE
8
BLACK
6
CONTINUOUS
10
6.010782165354331
20
-3.9063951574803149
11
6.016426102362205
21
-3.9024444488188976
0
LINE
8
BLACK
6
CONTINUOUS
10
6.016426102362205
20
-3.9024444488188976
11
6.0168479527559056
21
-3.9022589370078737
0
LINE
8
BLACK
6
CONTINUOUS
10
6.0168479527559056
20
-3.9022589370078737
11
6.0177381496062994
21
-3.9024160236220471
0
LINE
8
BLACK
6
CONTINUOUS
10
6.0177381496062994
20
-3.9024160236220471
11
6.0182565354330704
21
-3.9031566141732283
0
LINE
8
BLACK
6
CONTINUOUS
10
6.0182565354330704
20
-3.9031566141732283
11
6.0180994488188979
21
-3.9040467716535434
0
LINE
8
BLACK
6
CONTINUOUS
10
6.0180994488188979
20
-3.9040467716535434
11
6.0177807086614168
21
-3.9043796456692914
0
LINE
8
BLACK
6
CONTINUOUS
10
6.0177807086614168
20
-3.9043796456692914
11
6.0107854724409444
21
-3.9092762992125984
0
LINE
8
BLACK
6
CONTINUOUS
10
6.0107854724409444
20
-3.9092762992125984
11
6.0107854724409444
21
-3.911229803149606
0
LINE
8
BLACK
6
CONTINUOUS
10
6.0107854724409444
20
-3.911229803149606
11
6.0171034251968498
21
-3.911229803149606
0
LINE
8
BLACK
6
CONTINUOUS
10
6.0171034251968498
20
-3.911229803149606
11
6.017555433070866
21
-3.9113197244094486
0
LINE
8
BLACK
6
CONTINUOUS
10
6.017555433070866
20
-3.9113197244094486
11
6.0181946062992129
21
-3.911958897637795
0
LINE
8
BLACK
6
CONTINUOUS
10
6.0181946062992129
20
-3.911958897637795
11
6.0181946062992129
21
-3.9128629133858266
0
LINE
8
BLACK
6
CONTINUOUS
10
6.0181946062992129
20
-3.9128629133858266
11
6.017555433070866
21
-3.913502086614173
0
LINE
8
BLACK
6
CONTINUOUS
10
6.017555433070866
20
-3.913502086614173
11
6.0171034251968498
21
-3.9135920078740156
0
LINE
8
BLACK
6
CONTINUOUS
10
6.0171034251968498
20
-3.9135920078740156
11
6.0013553937007869
21
-3.9135920078740156
0
LINE
8
BLACK
6
CONTINUOUS
10
6.0013553937007869
20
-3.9135920078740156
11
6.0009033858267715
21
-3.913502086614173
0
LINE
8
BLACK
6
CONTINUOUS
10
6.0009033858267715
20
-3.913502086614173
11
6.0002642125984247
21
-3.9128629133858266
0
LINE
8
BLACK
6
CONTINUOUS
10
6.0002642125984247
20
-3.9128629133858266
11
6.0001742913385829
21
-3.9124109055118108
0
LINE
8
BLACK
6
CONTINUOUS
10
6.0001742913385829
20
-3.9124109055118108
11
6.0001742913385829
21
-3.9064116535433069
0
LINE
8
BLACK
6
CONTINUOUS
10
6.0001742913385829
20
-3.9064116535433069
11
6.000185826771653
21
-3.9063535826771654
0
LINE
8
BLACK
6
CONTINUOUS
10
6.000185826771653
20
-3.9063535826771654
11
6.0001772834645664
21
-3.9063279527559054
0
LINE
8
BLACK
6
CONTINUOUS
10
6.0001772834645664
20
-3.9063279527559054
11
6.0002272440944884
21
-3.9061453937007875
0
LINE
8
BLACK
6
CONTINUOUS
10
6.0002272440944884
20
-3.9061453937007875
11
6.0002642125984247
21
-3.9059596456692911
0
LINE
8
BLACK
6
CONTINUOUS
10
6.0002642125984247
20
-3.9059596456692911
11
6.0002833464566931
21
-3.9059404724409448
0
LINE
8
BLACK
6
CONTINUOUS
10
6.0002833464566931
20
-3.9059404724409448
11
6.0002989763779526
21
-3.9058834251968504
0
LINE
8
BLACK
6
CONTINUOUS
10
6.0002989763779526
20
-3.9058834251968504
11
6.0010488976377951
21
-3.9043836220472441
0
LINE
8
BLACK
6
CONTINUOUS
10
6.0010488976377951
20
-3.9043836220472441
11
6.0011651181102357
21
-3.9042338582677165
0
LINE
8
BLACK
6
CONTINUOUS
10
6.0011651181102357
20
-3.9042338582677165
11
6.0012701574803149
21
-3.9040766929133857
0
LINE
8
BLACK
6
CONTINUOUS
10
6.0012701574803149
20
-3.9040766929133857
11
6.0020200393700787
21
-3.9033267716535431
0
LINE
8
BLACK
6
CONTINUOUS
10
6.0020200393700787
20
-3.9033267716535431
11
6.0021777559055121
21
-3.903221377952756
0
LINE
8
BLACK
6
CONTINUOUS
10
6.0021777559055121
20
-3.903221377952756
11
6.0023270078740154
21
-3.9031055511811021
0
LINE
8
BLACK
6
CONTINUOUS
10
6.0023270078740154
20
-3.9031055511811021
11
6.0038268503937005
21
-3.9023556299212596
0
LINE
8
BLACK
6
CONTINUOUS
10
6.0038268503937005
20
-3.9023556299212596
11
6.0038838582677165
21
-3.9023399999999997
0
LINE
8
BLACK
6
CONTINUOUS
10
6.0038838582677165
20
-3.9023399999999997
11
6.0039030314960629
21
-3.9023208661417321
0
LINE
8
BLACK
6
CONTINUOUS
10
6.0039030314960629
20
-3.9023208661417321
11
6.004088503937008
21
-3.9022839370078741
0
LINE
8
BLACK
6
CONTINUOUS
10
6.004088503937008
20
-3.9022839370078741
11
6.0042713385826767
21
-3.902233897637795
0
LINE
8
BLACK
6
CONTINUOUS
10
6.0042713385826767
20
-3.902233897637795
11
6.0042970472440942
21
-3.9022424409448817
0
LINE
8
BLACK
6
CONTINUOUS
10
6.0042970472440942
20
-3.9022424409448817
11
6.0043550393700782
21
-3.9022309448818895
0
LINE
8
BLACK
6
CONTINUOUS
10
6.0043550393700782
20
-3.9022309448818895
11
6.0066047244094483
21
-3.9022309448818895
0
LINE
8
BLACK
6
CONTINUOUS
10
6.0066047244094483
20
-3.9022309448818895
11
6.0066627559055119
21
-3.9022424803149605
0
LINE
8
BLACK
6
CONTINUOUS
10
6.0035548425196845
20
-3.9051326377952753
11
6.0030759842519688
21
-3.9056114566929132
0
LINE
8
BLACK
6
CONTINUOUS
10
6.0030759842519688
20
-3.9056114566929132
11
6.0025364960629917
21
-3.9066905118110236
0
LINE
8
BLACK
6
CONTINUOUS
10
6.0025364960629917
20
-3.9066905118110236
11
6.0025364960629917
21
-3.911229803149606
0
LINE
8
BLACK
6
CONTINUOUS
10
6.0025364960629917
20
-3.911229803149606
11
6.0084232677165357
21
-3.911229803149606
0
LINE
8
BLACK
6
CONTINUOUS
10
6.0084232677165357
20
-3.911229803149606
11
6.0084232677165357
21
-3.9066905118110236
0
LINE
8
BLACK
6
CONTINUOUS
10
6.0084232677165357
20
-3.9066905118110236
11
6.0078837007874011
21
-3.9056114566929132
0
LINE
8
BLACK
6
CONTINUOUS
10
6.0078837007874011
20
-3.9056114566929132
11
6.0074049212598428
21
-3.9051326377952753
0
LINE
8
BLACK
6
CONTINUOUS
10
6.0074049212598428
20
-3.9051326377952753
11
6.0063259055118108
21
-3.9045931496062991
0
LINE
8
BLACK
6
CONTINUOUS
10
6.0063259055118108
20
-3.9045931496062991
11
6.0046338976377953
21
-3.9045931496062991
0
LINE
8
BLACK
6
CONTINUOUS
10
6.0046338976377953
20
-3.9045931496062991
11
6.0035548425196845
21
-3.9051326377952753
0
LINE
8
BLACK
6
CONTINUOUS
10
6.0141618503937009
20
-3.88724437007874
11
6.0141875196850396
21
-3.8872358267716534
0
LINE
8
BLACK
6
CONTINUOUS
10
6.0141875196850396
20
-3.8872358267716534
11
6.0143699999999995
21
-3.8872857874015749
0
LINE
8
BLACK
6
CONTINUOUS
10
6.0143699999999995
20
-3.8872857874015749
11
6.0145558267716535
21
-3.8873227559055117
0
LINE
8
BLACK
6
CONTINUOUS
10
6.0145558267716535
20
-3.8873227559055117
11
6.014574960629921
21
-3.8873418897637793
0
LINE
8
BLACK
6
CONTINUOUS
10
6.014574960629921
20
-3.8873418897637793
11
6.0146320078740159
21
-3.8873575196850392
0
LINE
8
BLACK
6
CONTINUOUS
10
6.0146320078740159
20
-3.8873575196850392
11
6.0161318110236222
21
-3.8881074015748029
0
LINE
8
BLACK
6
CONTINUOUS
10
6.0161318110236222
20
-3.8881074015748029
11
6.0162814173228343
21
-3.8882235433070864
0
LINE
8
BLACK
6
CONTINUOUS
10
6.0162814173228343
20
-3.8882235433070864
11
6.0164387795275589
21
-3.8883286614173227
0
LINE
8
BLACK
6
CONTINUOUS
10
6.0164387795275589
20
-3.8883286614173227
11
6.0171887007874014
21
-3.8890785826771652
0
LINE
8
BLACK
6
CONTINUOUS
10
6.0171887007874014
20
-3.8890785826771652
11
6.0172938188976373
21
-3.8892359055118111
0
LINE
8
BLACK
6
CONTINUOUS
10
6.0172938188976373
20
-3.8892359055118111
11
6.0174099606299212
21
-3.8893855511811024
0
LINE
8
BLACK
6
CONTINUOUS
10
6.0174099606299212
20
-3.8893855511811024
11
6.0181598425196849
21
-3.8908853543307087
0
LINE
8
BLACK
6
CONTINUOUS
10
6.0181598425196849
20
-3.8908853543307087
11
6.0181754330708657
21
-3.8909423622047243
0
LINE
8
BLACK
6
CONTINUOUS
10
6.0181754330708657
20
-3.8909423622047243
11
6.0181946062992129
21
-3.8909615354330707
0
LINE
8
BLACK
6
CONTINUOUS
10
6.0181946062992129
20
-3.8909615354330707
11
6.0182315354330704
21
-3.8911473228346454
0
LINE
8
BLACK
6
CONTINUOUS
10
6.0182315354330704
20
-3.8911473228346454
11
6.0182815354330703
21
-3.8913298425196849
0
LINE
8
BLACK
6
CONTINUOUS
10
6.0182815354330703
20
-3.8913298425196849
11
6.0182729527559058
21
-3.8913554724409449
0
LINE
8
BLACK
6
CONTINUOUS
10
6.0182729527559058
20
-3.8913554724409449
11
6.0182845275590546
21
-3.8914135433070864
0
LINE
8
BLACK
6
CONTINUOUS
10
6.0182845275590546
20
-3.8914135433070864
11
6.0182845275590546
21
-3.8951630708661416
0
LINE
8
BLACK
6
CONTINUOUS
10
6.0182845275590546
20
-3.8951630708661416
11
6.0182729527559058
21
-3.8952211023622048
0
LINE
8
BLACK
6
CONTINUOUS
10
6.0182729527559058
20
-3.8952211023622048
11
6.0182815354330703
21
-3.895246771653543
0
LINE
8
BLACK
6
CONTINUOUS
10
6.0182815354330703
20
-3.895246771653543
11
6.0182315354330704
21
-3.8954292519685039
0
LINE
8
BLACK
6
CONTINUOUS
10
6.0182315354330704
20
-3.8954292519685039
11
6.0181946062992129
21
-3.8956150787401573
0
LINE
8
BLACK
6
CONTINUOUS
10
6.0181946062992129
20
-3.8956150787401573
11
6.0181754330708657
21
-3.8956342125984249
0
LINE
8
BLACK
6
CONTINUOUS
10
6.0181754330708657
20
-3.8956342125984249
11
6.0181598425196849
21
-3.8956912598425197
0
LINE
8
BLACK
6
CONTINUOUS
10
6.0181598425196849
20
-3.8956912598425197
11
6.0174099606299212
21
-3.897191062992126
0
LINE
8
BLACK
6
CONTINUOUS
10
6.0174099606299212
20
-3.897191062992126
11
6.0172938188976373
21
-3.8973406692913386
0
LINE
8
BLACK
6
CONTINUOUS
10
6.0172938188976373
20
-3.8973406692913386
11
6.0171887007874014
21
-3.8974980314960628
0
LINE
8
BLACK
6
CONTINUOUS
10
6.0171887007874014
20
-3.8974980314960628
11
6.0164387795275589
21
-3.8982479527559053
0
LINE
8
BLACK
6
CONTINUOUS
10
6.0164387795275589
20
-3.8982479527559053
11
6.016055590551181
21
-3.8985039763779525
0
LINE
8
BLACK
6
CONTINUOUS
10
6.016055590551181
20
-3.8985039763779525
11
6.0151516535433069
21
-3.8985039763779525
0
LINE
8
BLACK
6
CONTINUOUS
10
6.0151516535433069
20
-3.8985039763779525
11
6.0145124409448814
21
-3.8978647637795274
0
LINE
8
BLACK
6
CONTINUOUS
10
6.0145124409448814
20
-3.8978647637795274
11
6.0145124409448814
21
-3.8969608267716533
0
LINE
8
BLACK
6
CONTINUOUS
10
6.0145124409448814
20
-3.8969608267716533
11
6.014768464566929
21
-3.8965776377952754
0
LINE
8
BLACK
6
CONTINUOUS
10
6.014768464566929
20
-3.8965776377952754
11
6.0153827952755901
21
-3.8959632677165352
0
LINE
8
BLACK
6
CONTINUOUS
10
6.0153827952755901
20
-3.8959632677165352
11
6.0159223228346459
21
-3.8948842519685036
0
LINE
8
BLACK
6
CONTINUOUS
10
6.0159223228346459
20
-3.8948842519685036
11
6.0159223228346459
21
-3.8916923228346456
0
LINE
8
BLACK
6
CONTINUOUS
10
6.0159223228346459
20
-3.8916923228346456
11
6.0153827952755901
21
-3.890613307086614
0
LINE
8
BLACK
6
CONTINUOUS
10
6.0153827952755901
20
-3.890613307086614
11
6.0149040157480318
21
-3.8901345275590549
0
LINE
8
BLACK
6
CONTINUOUS
10
6.0149040157480318
20
-3.8901345275590549
11
6.0138249999999998
21
-3.8895950393700787
0
LINE
8
BLACK
6
CONTINUOUS
10
6.0138249999999998
20
-3.8895950393700787
11
6.0106331102362205
21
-3.8895950393700787
0
LINE
8
BLACK
6
CONTINUOUS
10
6.0106331102362205
20
-3.8895950393700787
11
6.0095541338582672
21
-3.8901344881889761
0
LINE
8
BLACK
6
CONTINUOUS
10
6.0095541338582672
20
-3.8901344881889761
11
6.0090752362204727
21
-3.8906133858267715
0
LINE
8
BLACK
6
CONTINUOUS
10
6.0090752362204727
20
-3.8906133858267715
11
6.0085357480314956
21
-3.8916924015748031
0
LINE
8
BLACK
6
CONTINUOUS
10
6.0085357480314956
20
-3.8916924015748031
11
6.0085357480314956
21
-3.8948842125984253
0
LINE
8
BLACK
6
CONTINUOUS
10
6.0085357480314956
20
-3.8948842125984253
11
6.0090752362204727
21
-3.8959631889763777
0
LINE
8
BLACK
6
CONTINUOUS
10
6.0090752362204727
20
-3.8959631889763777
11
6.0096896456692912
21
-3.8965776377952754
0
LINE
8
BLACK
6
CONTINUOUS
10
6.0096896456692912
20
-3.8965776377952754
11
6.0099456692913389
21
-3.8969608661417321
0
LINE
8
BLACK
6
CONTINUOUS
10
6.0099456692913389
20
-3.8969608661417321
11
6.0099456299212601
21
-3.8970232677165355
0
LINE
8
BLACK
6
CONTINUOUS
10
6.0099456299212601
20
-3.8970232677165355
11
6.0099851968503932
21
-3.8970716141732282
0
LINE
8
BLACK
6
CONTINUOUS
10
6.0099851968503932
20
-3.8970716141732282
11
6.0099456299212601
21
-3.8974670472440942
0
LINE
8
BLACK
6
CONTINUOUS
10
6.0099456299212601
20
-3.8974670472440942
11
6.0099456299212601
21
-3.8978647637795274
0
LINE
8
BLACK
6
CONTINUOUS
10
6.0099456299212601
20
-3.8978647637795274
11
6.009901456692913
21
-3.8979088976377954
0
LINE
8
BLACK
6
CONTINUOUS
10
6.009901456692913
20
-3.8979088976377954
11
6.0098952362204727
21
-3.8979711417322833
0
LINE
8
BLACK
6
CONTINUOUS
10
6.0098952362204727
20
-3.8979711417322833
11
6.0095873228346459
21
-3.8982230314960629
0
LINE
8
BLACK
6
CONTINUOUS
10
6.0095873228346459
20
-3.8982230314960629
11
6.0093063779527558
21
-3.8985040157480313
0
LINE
8
BLACK
6
CONTINUOUS
10
6.0093063779527558
20
-3.8985040157480313
11
6.0092439370078736
21
-3.8985039763779525
0
LINE
8
BLACK
6
CONTINUOUS
10
6.0092439370078736
20
-3.8985039763779525
11
6.0091956299212601
21
-3.8985435433070865
0
LINE
8
BLACK
6
CONTINUOUS
10
6.0091956299212601
20
-3.8985435433070865
11
6.0087369291338577
21
-3.8985880314960628
0
LINE
8
BLACK
6
CONTINUOUS
10
6.0087369291338577
20
-3.8985880314960628
11
6.0012378740157475
21
-3.8978381102362203
0
LINE
8
BLACK
6
CONTINUOUS
10
6.0012378740157475
20
-3.8978381102362203
11
6.0009622834645668
21
-3.89775405511811
0
LINE
8
BLACK
6
CONTINUOUS
10
6.0009622834645668
20
-3.89775405511811
11
6.0009033858267715
21
-3.89775405511811
0
LINE
8
BLACK
6
CONTINUOUS
10
6.0009033858267715
20
-3.89775405511811
11
6.000877519685039
21
-3.897728188976378
0
LINE
8
BLACK
6
CONTINUOUS
10
6.000877519685039
20
-3.897728188976378
11
6.0007970472440944
21
-3.8977036614173226
0
LINE
8
BLACK
6
CONTINUOUS
10
6.0007970472440944
20
-3.8977036614173226
11
6.0005452755905511
21
-3.8973959448818896
0
LINE
8
BLACK
6
CONTINUOUS
10
6.0005452755905511
20
-3.8973959448818896
11
6.0002642125984247
21
-3.8971148818897636
0
LINE
8
BLACK
6
CONTINUOUS
10
6.0002642125984247
20
-3.8971148818897636
11
6.0002477559055114
21
-3.8970323228346455
0
LINE
8
BLACK
6
CONTINUOUS
10
6.0002477559055114
20
-3.8970323228346455
11
6.0002246456692916
21
-3.89700405511811
0
LINE
8
BLACK
6
CONTINUOUS
10
6.0002246456692916
20
-3.89700405511811
11
6.0002304724409443
21
-3.8969454330708659
0
LINE
8
BLACK
6
CONTINUOUS
10
6.0002304724409443
20
-3.8969454330708659
11
6.0001742913385829
21
-3.8966628740157478
0
LINE
8
BLACK
6
CONTINUOUS
10
6.0001742913385829
20
-3.8966628740157478
11
6.0001742913385829
21
-3.8891638188976376
0
LINE
8
BLACK
6
CONTINUOUS
10
6.0001742913385829
20
-3.8891638188976376
11
6.0002642125984247
21
-3.8887118110236218
0
LINE
8
BLACK
6
CONTINUOUS
10
6.0002642125984247
20
-3.8887118110236218
11
6.0009033858267715
21
-3.8880726377952755
0
LINE
8
BLACK
6
CONTINUOUS
10
6.0009033858267715
20
-3.8880726377952755
11
6.0018074015748031
21
-3.8880726377952755
0
LINE
8
BLACK
6
CONTINUOUS
10
6.0018074015748031
20
-3.8880726377952755
11
6.002446574803149
21
-3.8887118110236218
0
LINE
8
BLACK
6
CONTINUOUS
10
6.002446574803149
20
-3.8887118110236218
11
6.0025364960629917
21
-3.8891638188976376
0
LINE
8
BLACK
6
CONTINUOUS
10
6.0025364960629917
20
-3.8891638188976376
11
6.0025364960629917
21
-3.8955939763779526
0
LINE
8
BLACK
6
CONTINUOUS
10
6.0025364960629917
20
-3.8955939763779526
11
6.0064450000000003
21
-3.895984842519685
0
LINE
8
BLACK
6
CONTINUOUS
10
6.0064450000000003
20
-3.895984842519685
11
6.0062982283464565
21
-3.8956912992125985
0
LINE
8
BLACK
6
CONTINUOUS
10
6.0062982283464565
20
-3.8956912992125985
11
6.0062825984251971
21
-3.8956342125984249
0
LINE
8
BLACK
6
CONTINUOUS
10
6.0062825984251971
20
-3.8956342125984249
11
6.0062634645669286
21
-3.8956150787401573
0
LINE
8
BLACK
6
CONTINUOUS
10
6.0062634645669286
20
-3.8956150787401573
11
6.0062264960629923
21
-3.8954292913385826
0
LINE
8
BLACK
6
CONTINUOUS
10
6.0062264960629923
20
-3.8954292913385826
11
6.0061765354330712
21
-3.895246771653543
0
LINE
8
BLACK
6
CONTINUOUS
10
6.0061765354330712
20
-3.895246771653543
11
6.0061850787401569
21
-3.8952211023622048
0
LINE
8
BLACK
6
CONTINUOUS
10
6.0061850787401569
20
-3.8952211023622048
11
6.0061735433070869
21
-3.8951630708661416
0
LINE
8
BLACK
6
CONTINUOUS
10
6.0061735433070869
20
-3.8951630708661416
11
6.0061735433070869
21
-3.8914135433070864
0
LINE
8
BLACK
6
CONTINUOUS
10
6.0061735433070869
20
-3.8914135433070864
11
6.0061850787401569
21
-3.8913554724409449
0
LINE
8
BLACK
6
CONTINUOUS
10
6.0061850787401569
20
-3.8913554724409449
11
6.0061765354330712
21
-3.8913298425196849
0
LINE
8
BLACK
6
CONTINUOUS
10
6.0061765354330712
20
-3.8913298425196849
11
6.0062264960629923
21
-3.8911472834645666
0
LINE
8
BLACK
6
CONTINUOUS
10
6.0062264960629923
20
-3.8911472834645666
11
6.0062634645669286
21
-3.8909615354330707
0
LINE
8
BLACK
6
CONTINUOUS
10
6.0062634645669286
20
-3.8909615354330707
11
6.0062825984251971
21
-3.8909423622047243
0
LINE
8
BLACK
6
CONTINUOUS
10
6.0062825984251971
20
-3.8909423622047243
11
6.0062982283464565
21
-3.8908853149606299
0
LINE
8
BLACK
6
CONTINUOUS
10
6.0062982283464565
20
-3.8908853149606299
11
6.0070481496062991
21
-3.8893855118110237
0
LINE
8
BLACK
6
CONTINUOUS
10
6.0070481496062991
20
-3.8893855118110237
11
6.0071641732283467
21
-3.8892360236220473
0
LINE
8
BLACK
6
CONTINUOUS
10
6.0071641732283467
20
-3.8892360236220473
11
6.0072693700787401
21
-3.8890785826771652
0
LINE
8
BLACK
6
CONTINUOUS
10
6.0072693700787401
20
-3.8890785826771652
11
6.0080192519685038
21
-3.8883287007874014
0
LINE
8
BLACK
6
CONTINUOUS
10
6.0080192519685038
20
-3.8883287007874014
11
6.0081766141732285
21
-3.8882235039370077
0
LINE
8
BLACK
6
CONTINUOUS
10
6.0081766141732285
20
-3.8882235039370077
11
6.0083262598425193
21
-3.8881074015748029
0
LINE
8
BLACK
6
CONTINUOUS
10
6.0083262598425193
20
-3.8881074015748029
11
6.0098261023622044
21
-3.8873575196850392
0
LINE
8
BLACK
6
CONTINUOUS
10
6.0098261023622044
20
-3.8873575196850392
11
6.0098831102362205
21
-3.8873418897637793
0
LINE
8
BLACK
6
CONTINUOUS
10
6.0098831102362205
20
-3.8873418897637793
11
6.0099022834645668
21
-3.8873227559055117
0
LINE
8
BLACK
6
CONTINUOUS
10
6.0099022834645668
20
-3.8873227559055117
11
6.0100880708661419
21
-3.8872857874015749
0
LINE
8
BLACK
6
CONTINUOUS
10
6.0100880708661419
20
-3.8872857874015749
11
6.0102705905511806
21
-3.8872358267716534
0
LINE
8
BLACK
6
CONTINUOUS
10
6.0102705905511806
20
-3.8872358267716534
11
6.0102962204724406
21
-3.88724437007874
0
LINE
8
BLACK
6
CONTINUOUS
10
6.0102962204724406
20
-3.88724437007874
11
6.0103542913385821
21
-3.887232834645669
0
LINE
8
BLACK
6
CONTINUOUS
10
6.0103542913385821
20
-3.887232834645669
11
6.0141038188976372
21
-3.887232834645669
0
LINE
8
BLACK
6
CONTINUOUS
10
6.0141038188976372
20
-3.887232834645669
11
6.0141618503937009
21
-3.88724437007874
0
LINE
8
BLACK
6
CONTINUOUS
10
6.0264422834645668
20
-3.8674726771653543
11
6.0275076377952752
21
-3.8685380314960631
0
LINE
8
BLACK
6
CONTINUOUS
10
6.0275076377952752
20
-3.8685380314960631
11
6.0276574803149607
21
-3.869291338582677
0
LINE
8
BLACK
6
CONTINUOUS
10
6.0276574803149607
20
-3.869291338582677
11
6.0276574803149607
21
-3.9322834645669289
0
LINE
8
BLACK
6
CONTINUOUS
10
6.0276574803149607
20
-3.9322834645669289
11
6.0275076377952752
21
-3.9330367716535433
0
LINE
8
BLACK
6
CONTINUOUS
10
6.0275076377952752
20
-3.9330367716535433
11
6.0264422834645668
21
-3.9341021259842517
0
LINE
8
BLACK
6
CONTINUOUS
10
6.0264422834645668
20
-3.9341021259842517
11
6.0256889763779524
21
-3.9342519685039368
0
LINE
8
BLACK
6
CONTINUOUS
10
6.0256889763779524
20
-3.9342519685039368
11
5.9941929133858265
21
-3.9342519685039368
0
LINE
8
BLACK
6
CONTINUOUS
10
5.9941929133858265
20
-3.9342519685039368
11
5.9934396062992121
21
-3.9341021259842517
0
LINE
8
BLACK
6
CONTINUOUS
10
5.9934396062992121
20
-3.9341021259842517
11
5.9923742519685037
21
-3.9330367716535433
0
LINE
8
BLACK
6
CONTINUOUS
10
5.9923742519685037
20
-3.9330367716535433
11
5.9922244094488191
21
-3.9322834645669289
0
LINE
8
BLACK
6
CONTINUOUS
10
5.9922244094488191
20
-3.9322834645669289
11
5.9922244094488191
21
-3.869291338582677
0
LINE
8
BLACK
6
CONTINUOUS
10
5.9922244094488191
20
-3.869291338582677
11
5.9923742519685037
21
-3.8685380314960631
0
LINE
8
BLACK
6
CONTINUOUS
10
5.9923742519685037
20
-3.8685380314960631
11
5.9934396062992121
21
-3.8674726771653543
0
LINE
8
BLACK
6
CONTINUOUS
10
5.9934396062992121
20
-3.8674726771653543
11
5.9941929133858265
21
-3.8673228346456692
0
LINE
8
BLACK
6
CONTINUOUS
10
5.9941929133858265
20
-3.8673228346456692
11
6.0256889763779524
21
-3.8673228346456692
0
LINE
8
BLACK
6
CONTINUOUS
10
6.0256889763779524
20
-3.8673228346456692
11
6.0264422834645668
21
-3.8674726771653543
0
LINE
8
BLACK
6
CONTINUOUS
10
5.9961614173228348
20
-3.8712598425196849
11
5.9961614173228348
21
-3.930314960629921
0
LINE
8
BLACK
6
CONTINUOUS
10
5.9961614173228348
20
-3.930314960629921
11
6.023720472440945
21
-3.930314960629921
0
LINE
8
BLACK
6
CONTINUOUS
10
6.023720472440945
20
-3.930314960629921
11
6.023720472440945
21
-3.8712598425196849
0
LINE
8
BLACK
6
CONTINUOUS
10
6.023720472440945
20
-3.8712598425196849
11
5.9961614173228348
21
-3.8712598425196849
0
LINE
8
BLACK
6
CONTINUOUS
10
6.0775288976377952
20
-3.9022424803149605
11
6.077554566929134
21
-3.9022339370078738
0
LINE
8
BLACK
6
CONTINUOUS
10
6.077554566929134
20
-3.9022339370078738
11
6.0777370472440939
21
-3.9022838976377954
0
LINE
8
BLACK
6
CONTINUOUS
10
6.0777370472440939
20
-3.9022838976377954
11
6.0779228740157478
21
-3.9023208661417321
0
LINE
8
BLACK
6
CONTINUOUS
10
6.0779228740157478
20
-3.9023208661417321
11
6.0779420078740154
21
-3.9023399999999997
0
LINE
8
BLACK
6
CONTINUOUS
10
6.0779420078740154
20
-3.9023399999999997
11
6.0779990551181102
21
-3.9023556299212596
0
LINE
8
BLACK
6
CONTINUOUS
10
6.0779990551181102
20
-3.9023556299212596
11
6.079498937007874
21
-3.9031055511811021
0
LINE
8
BLACK
6
CONTINUOUS
10
6.079498937007874
20
-3.9031055511811021
11
6.0796486614173224
21
-3.9032217716535431
0
LINE
8
BLACK
6
CONTINUOUS
10
6.0796486614173224
20
-3.9032217716535431
11
6.079805866141732
21
-3.9033268110236219
0
LINE
8
BLACK
6
CONTINUOUS
10
6.079805866141732
20
-3.9033268110236219
11
6.0805557874015745
21
-3.9040766929133857
0
LINE
8
BLACK
6
CONTINUOUS
10
6.0805557874015745
20
-3.9040766929133857
11
6.0806610236220475
21
-3.9042342125984253
0
LINE
8
BLACK
6
CONTINUOUS
10
6.0806610236220475
20
-3.9042342125984253
11
6.0807770078740155
21
-3.9043836220472441
0
LINE
8
BLACK
6
CONTINUOUS
10
6.0807770078740155
20
-3.9043836220472441
11
6.0815269291338581
21
-3.9058834645669291
0
LINE
8
BLACK
6
CONTINUOUS
10
6.0815269291338581
20
-3.9058834645669291
11
6.0815425196850397
21
-3.9059404724409448
0
LINE
8
BLACK
6
CONTINUOUS
10
6.0815425196850397
20
-3.9059404724409448
11
6.081561692913386
21
-3.9059596456692911
0
LINE
8
BLACK
6
CONTINUOUS
10
6.081561692913386
20
-3.9059596456692911
11
6.0815985826771648
21
-3.9061451181102362
0
LINE
8
BLACK
6
CONTINUOUS
10
6.0815985826771648
20
-3.9061451181102362
11
6.0816486614173231
21
-3.9063279527559054
0
LINE
8
BLACK
6
CONTINUOUS
10
6.0816486614173231
20
-3.9063279527559054
11
6.0816400787401577
21
-3.9063536614173229
0
LINE
8
BLACK
6
CONTINUOUS
10
6.0816400787401577
20
-3.9063536614173229
11
6.0816483070866143
21
-3.9063951574803149
0
LINE
8
BLACK
6
CONTINUOUS
10
6.0816483070866143
20
-3.9063951574803149
11
6.0872922440944883
21
-3.9024444488188976
0
LINE
8
BLACK
6
CONTINUOUS
10
6.0872922440944883
20
-3.9024444488188976
11
6.0877140944881889
21
-3.9022589370078737
0
LINE
8
BLACK
6
CONTINUOUS
10
6.0877140944881889
20
-3.9022589370078737
11
6.0886042913385827
21
-3.9024160236220471
0
LINE
8
BLACK
6
CONTINUOUS
10
6.0886042913385827
20
-3.9024160236220471
11
6.0891226771653546
21
-3.9031566141732283
0
LINE
8
BLACK
6
CONTINUOUS
10
6.0891226771653546
20
-3.9031566141732283
11
6.0889655905511813
21
-3.9040467716535434
0
LINE
8
BLACK
6
CONTINUOUS
10
6.0889655905511813
20
-3.9040467716535434
11
6.088646850393701
21
-3.9043796456692914
0
LINE
8
BLACK
6
CONTINUOUS
10
6.088646850393701
20
-3.9043796456692914
11
6.0816516141732286
21
-3.9092762992125984
0
LINE
8
BLACK
6
CONTINUOUS
10
6.0816516141732286
20
-3.9092762992125984
11
6.0816516141732286
21
-3.911229803149606
0
LINE
8
BLACK
6
CONTINUOUS
10
6.0816516141732286
20
-3.911229803149606
11
6.087969566929134
21
-3.911229803149606
0
LINE
8
BLACK
6
CONTINUOUS
10
6.087969566929134
20
-3.911229803149606
11
6.0884215748031494
21
-3.9113197244094486
0
LINE
8
BLACK
6
CONTINUOUS
10
6.0884215748031494
20
-3.9113197244094486
11
6.0890607480314962
21
-3.911958897637795
0
LINE
8
BLACK
6
CONTINUOUS
10
6.0890607480314962
20
-3.911958897637795
11
6.0890607480314962
21
-3.9128629133858266
0
LINE
8
BLACK
6
CONTINUOUS
10
6.0890607480314962
20
-3.9128629133858266
11
6.0884215748031494
21
-3.913502086614173
0
LINE
8
BLACK
6
CONTINUOUS
10
6.0884215748031494
20
-3.913502086614173
11
6.087969566929134
21
-3.9135920078740156
0
LINE
8
BLACK
6
CONTINUOUS
10
6.087969566929134
20
-3.9135920078740156
11
6.0722215354330711
21
-3.9135920078740156
0
LINE
8
BLACK
6
CONTINUOUS
10
6.0722215354330711
20
-3.9135920078740156
11
6.0717695275590549
21
-3.913502086614173
0
LINE
8
BLACK
6
CONTINUOUS
10
6.0717695275590549
20
-3.913502086614173
11
6.0711303543307089
21
-3.9128629133858266
0
LINE
8
BLACK
6
CONTINUOUS
10
6.0711303543307089
20
-3.9128629133858266
11
6.0710404330708663
21
-3.9124109055118108
0
LINE
8
BLACK
6
CONTINUOUS
10
6.0710404330708663
20
-3.9124109055118108
11
6.0710404330708663
21
-3.9064116535433069
0
LINE
8
BLACK
6
CONTINUOUS
10
6.0710404330708663
20
-3.9064116535433069
11
6.0710519685039372
21
-3.9063535826771654
0
LINE
8
BLACK
6
CONTINUOUS
10
6.0710519685039372
20
-3.9063535826771654
11
6.0710434251968506
21
-3.9063279527559054
0
LINE
8
BLACK
6
CONTINUOUS
10
6.0710434251968506
20
-3.9063279527559054
11
6.0710933858267717
21
-3.9061453937007875
0
LINE
8
BLACK
6
CONTINUOUS
10
6.0710933858267717
20
-3.9061453937007875
11
6.0711303543307089
21
-3.9059596456692911
0
LINE
8
BLACK
6
CONTINUOUS
10
6.0711303543307089
20
-3.9059596456692911
11
6.0711494881889765
21
-3.9059404724409448
0
LINE
8
BLACK
6
CONTINUOUS
10
6.0711494881889765
20
-3.9059404724409448
11
6.071165118110236
21
-3.9058834251968504
0
LINE
8
BLACK
6
CONTINUOUS
10
6.071165118110236
20
-3.9058834251968504
11
6.0719150393700785
21
-3.9043836220472441
0
LINE
8
BLACK
6
CONTINUOUS
10
6.0719150393700785
20
-3.9043836220472441
11
6.0720312598425199
21
-3.9042338582677165
0
LINE
8
BLACK
6
CONTINUOUS
10
6.0720312598425199
20
-3.9042338582677165
11
6.0721362992125982
21
-3.9040766929133857
0
LINE
8
BLACK
6
CONTINUOUS
10
6.0721362992125982
20
-3.9040766929133857
11
6.072886181102362
21
-3.9033267716535431
0
LINE
8
BLACK
6
CONTINUOUS
10
6.072886181102362
20
-3.9033267716535431
11
6.0730438976377954
21
-3.903221377952756
0
LINE
8
BLACK
6
CONTINUOUS
10
6.0730438976377954
20
-3.903221377952756
11
6.0731931496062987
21
-3.9031055511811021
0
LINE
8
BLACK
6
CONTINUOUS
10
6.0731931496062987
20
-3.9031055511811021
11
6.0746929921259838
21
-3.9023556299212596
0
LINE
8
BLACK
6
CONTINUOUS
10
6.0746929921259838
20
-3.9023556299212596
11
6.0747499999999999
21
-3.9023399999999997
0
LINE
8
BLACK
6
CONTINUOUS
10
6.0747499999999999
20
-3.9023399999999997
11
6.0747691732283462
21
-3.9023208661417321
0
LINE
8
BLACK
6
CONTINUOUS
10
6.0747691732283462
20
-3.9023208661417321
11
6.0749546456692913
21
-3.9022839370078741
0
LINE
8
BLACK
6
CONTINUOUS
10
6.0749546456692913
20
-3.9022839370078741
11
6.0751374803149609
21
-3.902233897637795
0
LINE
8
BLACK
6
CONTINUOUS
10
6.0751374803149609
20
-3.902233897637795
11
6.0751631889763775
21
-3.9022424409448817
0
LINE
8
BLACK
6
CONTINUOUS
10
6.0751631889763775
20
-3.9022424409448817
11
6.0752211811023624
21
-3.9022309448818895
0
LINE
8
BLACK
6
CONTINUOUS
10
6.0752211811023624
20
-3.9022309448818895
11
6.0774708661417325
21
-3.9022309448818895
0
LINE
8
BLACK
6
CONTINUOUS
10
6.0774708661417325
20
-3.9022309448818895
11
6.0775288976377952
21
-3.9022424803149605
0
LINE
8
BLACK
6
CONTINUOUS
10
6.0744209842519687
20
-3.9051326377952753
11
6.0739421259842521
21
-3.9056114566929132
0
LINE
8
BLACK
6
CONTINUOUS
10
6.0739421259842521
20
-3.9056114566929132
11
6.0734026377952759
21
-3.9066905118110236
0
LINE
8
BLACK
6
CONTINUOUS
10
6.0734026377952759
20
-3.9066905118110236
11
6.0734026377952759
21
-3.911229803149606
0
LINE
8
BLACK
6
CONTINUOUS
10
6.0734026377952759
20
-3.911229803149606
11
6.079289409448819
21
-3.911229803149606
0
LINE
8
BLACK
6
CONTINUOUS
10
6.079289409448819
20
-3.911229803149606
11
6.079289409448819
21
-3.9066905118110236
0
LINE
8
BLACK
6
CONTINUOUS
10
6.079289409448819
20
-3.9066905118110236
11
6.0787498425196853
21
-3.9056114566929132
0
LINE
8
BLACK
6
CONTINUOUS
10
6.0787498425196853
20
-3.9056114566929132
11
6.0782710629921262
21
-3.9051326377952753
0
LINE
8
BLACK
6
CONTINUOUS
10
6.0782710629921262
20
-3.9051326377952753
11
6.0771920472440941
21
-3.9045931496062991
0
LINE
8
BLACK
6
CONTINUOUS
10
6.0771920472440941
20
-3.9045931496062991
11
6.0755000393700787
21
-3.9045931496062991
0
LINE
8
BLACK
6
CONTINUOUS
10
6.0755000393700787
20
-3.9045931496062991
11
6.0744209842519687
21
-3.9051326377952753
0
LINE
8
BLACK
6
CONTINUOUS
10
6.0838114173228348
20
-3.8872120078740156
11
6.0839013385826775
21
-3.8876640157480313
0
LINE
8
BLACK
6
CONTINUOUS
10
6.0839013385826775
20
-3.8876640157480313
11
6.0839013385826775
21
-3.8887326377952753
0
LINE
8
BLACK
6
CONTINUOUS
10
6.0839013385826775
20
-3.8887326377952753
11
6.087969566929134
21
-3.8887326377952753
0
LINE
8
BLACK
6
CONTINUOUS
10
6.087969566929134
20
-3.8887326377952753
11
6.0884215748031494
21
-3.888822559055118
0
LINE
8
BLACK
6
CONTINUOUS
10
6.0884215748031494
20
-3.888822559055118
11
6.0890607480314962
21
-3.8894617322834644
0
LINE
8
BLACK
6
CONTINUOUS
10
6.0890607480314962
20
-3.8894617322834644
11
6.0890607480314962
21
-3.8903657480314959
0
LINE
8
BLACK
6
CONTINUOUS
10
6.0890607480314962
20
-3.8903657480314959
11
6.0884215748031494
21
-3.8910049212598423
0
LINE
8
BLACK
6
CONTINUOUS
10
6.0884215748031494
20
-3.8910049212598423
11
6.087969566929134
21
-3.891094842519685
0
LINE
8
BLACK
6
CONTINUOUS
10
6.087969566929134
20
-3.891094842519685
11
6.0839013385826775
21
-3.891094842519685
0
LINE
8
BLACK
6
CONTINUOUS
10
6.0839013385826775
20
-3.891094842519685
11
6.0839013385826775
21
-3.8974127952755904
0
LINE
8
BLACK
6
CONTINUOUS
10
6.0839013385826775
20
-3.8974127952755904
11
6.0838114173228348
21
-3.8978648031496061
0
LINE
8
BLACK
6
CONTINUOUS
10
6.0838114173228348
20
-3.8978648031496061
11
6.0836739370078741
21
-3.8980022834645669
0
LINE
8
BLACK
6
CONTINUOUS
10
6.0836739370078741
20
-3.8980022834645669
11
6.0836124803149607
21
-3.898186653543307
0
LINE
8
BLACK
6
CONTINUOUS
10
6.0836124803149607
20
-3.898186653543307
11
6.0833666535433073
21
-3.8983095669291337
0
LINE
8
BLACK
6
CONTINUOUS
10
6.0833666535433073
20
-3.8983095669291337
11
6.083172244094488
21
-3.8985039763779525
0
LINE
8
BLACK
6
CONTINUOUS
10
6.083172244094488
20
-3.8985039763779525
11
6.0829778346456695
21
-3.8985039763779525
0
LINE
8
BLACK
6
CONTINUOUS
10
6.0829778346456695
20
-3.8985039763779525
11
6.0828039763779529
21
-3.8985909055118109
0
LINE
8
BLACK
6
CONTINUOUS
10
6.0828039763779529
20
-3.8985909055118109
11
6.0823467322834643
21
-3.8985332677165352
0
LINE
8
BLACK
6
CONTINUOUS
10
6.0823467322834643
20
-3.8985332677165352
11
6.071098149606299
21
-3.8947837401574801
0
LINE
8
BLACK
6
CONTINUOUS
10
6.071098149606299
20
-3.8947837401574801
11
6.0706977952755903
21
-3.8945555118110233
0
LINE
8
BLACK
6
CONTINUOUS
10
6.0706977952755903
20
-3.8945555118110233
11
6.0702935433070868
21
-3.8937470078740155
0
LINE
8
BLACK
6
CONTINUOUS
10
6.0702935433070868
20
-3.8937470078740155
11
6.0705794094488184
21
-3.8928894094488187
0
LINE
8
BLACK
6
CONTINUOUS
10
6.0705794094488184
20
-3.8928894094488187
11
6.0713879133858271
21
-3.8924851574803148
0
LINE
8
BLACK
6
CONTINUOUS
10
6.0713879133858271
20
-3.8924851574803148
11
6.0718451574803147
21
-3.8925427952755904
0
LINE
8
BLACK
6
CONTINUOUS
10
6.0718451574803147
20
-3.8925427952755904
11
6.0815391338582678
21
-3.8957740944881887
0
LINE
8
BLACK
6
CONTINUOUS
10
6.0815391338582678
20
-3.8957740944881887
11
6.0815391338582678
21
-3.891094842519685
0
LINE
8
BLACK
6
CONTINUOUS
10
6.0815391338582678
20
-3.891094842519685
11
6.0774708661417325
21
-3.891094842519685
0
LINE
8
BLACK
6
CONTINUOUS
10
6.0774708661417325
20
-3.891094842519685
11
6.0770188582677163
21
-3.8910049212598423
0
LINE
8
BLACK
6
CONTINUOUS
10
6.0770188582677163
20
-3.8910049212598423
11
6.0763796850393703
21
-3.8903657480314959
0
LINE
8
BLACK
6
CONTINUOUS
10
6.0763796850393703
20
-3.8903657480314959
11
6.0763796850393703
21
-3.8894617322834644
0
LINE
8
BLACK
6
CONTINUOUS
10
6.0763796850393703
20
-3.8894617322834644
11
6.0770188582677163
21
-3.888822559055118
0
LINE
8
BLACK
6
CONTINUOUS
10
6.0770188582677163
20
-3.888822559055118
11
6.0774708661417325
21
-3.8887326377952753
0
LINE
8
BLACK
6
CONTINUOUS
10
6.0774708661417325
20
-3.8887326377952753
11
6.0815391338582678
21
-3.8887326377952753
0
LINE
8
BLACK
6
CONTINUOUS
10
6.0815391338582678
20
-3.8887326377952753
11
6.0815391338582678
21
-3.8876640157480313
0
LINE
8
BLACK
6
CONTINUOUS
10
6.0815391338582678
20
-3.8876640157480313
11
6.0816290551181105
21
-3.8872120078740156
0
LINE
8
BLACK
6
CONTINUOUS
10
6.0816290551181105
20
-3.8872120078740156
11
6.0822682283464564
21
-3.8865728346456692
0
LINE
8
BLACK
6
CONTINUOUS
10
6.0822682283464564
20
-3.8865728346456692
11
6.083172244094488
21
-3.8865728346456692
0
LINE
8
BLACK
6
CONTINUOUS
10
6.083172244094488
20
-3.8865728346456692
11
6.0838114173228348
21
-3.8872120078740156
0
LINE
8
BLACK
6
CONTINUOUS
10
6.0973084251968501
20
-3.8674726771653543
11
6.0983737795275585
21
-3.8685380314960631
0
LINE
8
BLACK
6
CONTINUOUS
10
6.0983737795275585
20
-3.8685380314960631
11
6.0985236220472441
21
-3.869291338582677
0
LINE
8
BLACK
6
CONTINUOUS
10
6.0985236220472441
20
-3.869291338582677
11
6.0985236220472441
21
-3.9322834645669289
0
LINE
8
BLACK
6
CONTINUOUS
10
6.0985236220472441
20
-3.9322834645669289
11
6.0983737795275585
21
-3.9330367716535433
0
LINE
8
BLACK
6
CONTINUOUS
10
6.0983737795275585
20
-3.9330367716535433
11
6.0973084251968501
21
-3.9341021259842517
0
LINE
8
BLACK
6
CONTINUOUS
10
6.0973084251968501
20
-3.9341021259842517
11
6.0965551181102358
21
-3.9342519685039368
0
LINE
8
BLACK
6
CONTINUOUS
10
6.0965551181102358
20
-3.9342519685039368
11
6.0650590551181098
21
-3.9342519685039368
0
LINE
8
BLACK
6
CONTINUOUS
10
6.0650590551181098
20
-3.9342519685039368
11
6.0643057480314964
21
-3.9341021259842517
0
LINE
8
BLACK
6
CONTINUOUS
10
6.0643057480314964
20
-3.9341021259842517
11
6.063240393700787
21
-3.9330367716535433
0
LINE
8
BLACK
6
CONTINUOUS
10
6.063240393700787
20
-3.9330367716535433
11
6.0630905511811024
21
-3.9322834645669289
0
LINE
8
BLACK
6
CONTINUOUS
10
6.0630905511811024
20
-3.9322834645669289
11
6.0630905511811024
21
-3.869291338582677
0
LINE
8
BLACK
6
CONTINUOUS
10
6.0630905511811024
20
-3.869291338582677
11
6.063240393700787
21
-3.8685380314960631
0
LINE
8
BLACK
6
CONTINUOUS
10
6.063240393700787
20
-3.8685380314960631
11
6.0643057480314964
21
-3.8674726771653543
0
LINE
8
BLACK
6
CONTINUOUS
10
6.0643057480314964
20
-3.8674726771653543
11
6.0650590551181098
21
-3.8673228346456692
0
LINE
8
BLACK
6
CONTINUOUS
10
6.0650590551181098
20
-3.8673228346456692
11
6.0965551181102358
21
-3.8673228346456692
0
LINE
8
BLACK
6
CONTINUOUS
10
6.0965551181102358
20
-3.8673228346456692
11
6.0973084251968501
21
-3.8674726771653543
0
LINE
8
BLACK
6
CONTINUOUS
10
6.0670275590551181
20
-3.8712598425196849
11
6.0670275590551181
21
-3.930314960629921
0
LINE
8
BLACK
6
CONTINUOUS
10
6.0670275590551181
20
-3.930314960629921
11
6.0945866141732283
21
-3.930314960629921
0
LINE
8
BLACK
6
CONTINUOUS
10
6.0945866141732283
20
-3.930314960629921
11
6.0945866141732283
21
-3.8712598425196849
0
LINE
8
BLACK
6
CONTINUOUS
10
6.0945866141732283
20
-3.8712598425196849
11
6.0670275590551181
21
-3.8712598425196849
0
LINE
8
BLACK
6
CONTINUOUS
10
6.5553599999999994
20
-3.7811785433070866
11
6.5561746456692909
21
-3.781993188976378
0
LINE
8
BLACK
6
CONTINUOUS
10
6.5561746456692909
20
-3.781993188976378
11
6.5566155511811024
21
-3.7830575984251968
0
LINE
8
BLACK
6
CONTINUOUS
10
6.5566155511811024
20
-3.7830575984251968
11
6.5566722834645672
21
-3.7836336614173227
0
LINE
8
BLACK
6
CONTINUOUS
10
6.5566722834645672
20
-3.7836336614173227
11
6.5566722834645672
21
-3.8084334251968501
0
LINE
8
BLACK
6
CONTINUOUS
10
6.5566722834645672
20
-3.8084334251968501
11
6.5576460629921263
21
-3.8103809842519683
0
LINE
8
BLACK
6
CONTINUOUS
10
6.5576460629921263
20
-3.8103809842519683
11
6.5584682283464568
21
-3.811203188976378
0
LINE
8
BLACK
6
CONTINUOUS
10
6.5584682283464568
20
-3.811203188976378
11
6.5604158267716537
21
-3.8121769685039371
0
LINE
8
BLACK
6
CONTINUOUS
10
6.5604158267716537
20
-3.8121769685039371
11
6.5650209842519684
21
-3.8121769685039371
0
LINE
8
BLACK
6
CONTINUOUS
10
6.5650209842519684
20
-3.8121769685039371
11
6.5669685039370078
21
-3.811203188976378
0
LINE
8
BLACK
6
CONTINUOUS
10
6.5669685039370078
20
-3.811203188976378
11
6.5677906692913384
21
-3.810381023622047
0
LINE
8
BLACK
6
CONTINUOUS
10
6.5677906692913384
20
-3.810381023622047
11
6.5687645275590549
21
-3.8084333858267714
0
LINE
8
BLACK
6
CONTINUOUS
10
6.5687645275590549
20
-3.8084333858267714
11
6.5687645275590549
21
-3.7836336614173227
0
LINE
8
BLACK
6
CONTINUOUS
10
6.5687645275590549
20
-3.7836336614173227
11
6.5688212598425197
21
-3.7830575984251968
0
LINE
8
BLACK
6
CONTINUOUS
10
6.5688212598425197
20
-3.7830575984251968
11
6.5692621653543304
21
-3.781993188976378
0
LINE
8
BLACK
6
CONTINUOUS
10
6.5692621653543304
20
-3.781993188976378
11
6.5700768110236218
21
-3.7811785433070866
0
LINE
8
BLACK
6
CONTINUOUS
10
6.5700768110236218
20
-3.7811785433070866
11
6.5711412204724411
21
-3.7807376377952755
0
LINE
8
BLACK
6
CONTINUOUS
10
6.5711412204724411
20
-3.7807376377952755
11
6.5722933464566928
21
-3.7807376377952755
0
LINE
8
BLACK
6
CONTINUOUS
10
6.5722933464566928
20
-3.7807376377952755
11
6.5733577559055121
21
-3.7811785433070866
0
LINE
8
BLACK
6
CONTINUOUS
10
6.5733577559055121
20
-3.7811785433070866
11
6.5741724015748026
21
-3.781993188976378
0
LINE
8
BLACK
6
CONTINUOUS
10
6.5741724015748026
20
-3.781993188976378
11
6.5746133070866142
21
-3.7830575984251968
0
LINE
8
BLACK
6
CONTINUOUS
10
6.5746133070866142
20
-3.7830575984251968
11
6.574670039370079
21
-3.7836336614173227
0
LINE
8
BLACK
6
CONTINUOUS
10
6.574670039370079
20
-3.7836336614173227
11
6.574670039370079
21
-3.8091304724409447
0
LINE
8
BLACK
6
CONTINUOUS
10
6.574670039370079
20
-3.8091304724409447
11
6.5746133070866142
21
-3.8097065354330706
0
LINE
8
BLACK
6
CONTINUOUS
10
6.5746133070866142
20
-3.8097065354330706
11
6.5745726377952751
21
-3.8098046062992124
0
LINE
8
BLACK
6
CONTINUOUS
10
6.5745726377952751
20
-3.8098046062992124
11
6.5745651574803148
21
-3.8099103937007874
0
LINE
8
BLACK
6
CONTINUOUS
10
6.5745651574803148
20
-3.8099103937007874
11
6.5743582677165353
21
-3.810451023622047
0
LINE
8
BLACK
6
CONTINUOUS
10
6.5743582677165353
20
-3.810451023622047
11
6.572858464566929
21
-3.8134506299212596
0
LINE
8
BLACK
6
CONTINUOUS
10
6.572858464566929
20
-3.8134506299212596
11
6.572702440944882
21
-3.8136984251968502
0
LINE
8
BLACK
6
CONTINUOUS
10
6.572702440944882
20
-3.8136984251968502
11
6.5726725984251964
21
-3.8137705118110237
0
LINE
8
BLACK
6
CONTINUOUS
10
6.5726725984251964
20
-3.8137705118110237
11
6.5726059448818894
21
-3.8138516929133859
0
LINE
8
BLACK
6
CONTINUOUS
10
6.5726059448818894
20
-3.8138516929133859
11
6.5725500787401572
21
-3.8139404724409447
0
LINE
8
BLACK
6
CONTINUOUS
10
6.5725500787401572
20
-3.8139404724409447
11
6.5724912204724406
21
-3.8139914960629921
0
LINE
8
BLACK
6
CONTINUOUS
10
6.5724912204724406
20
-3.8139914960629921
11
6.5723053937007876
21
-3.8142179527559055
0
LINE
8
BLACK
6
CONTINUOUS
10
6.5723053937007876
20
-3.8142179527559055
11
6.5708055905511813
21
-3.8157177952755905
0
LINE
8
BLACK
6
CONTINUOUS
10
6.5708055905511813
20
-3.8157177952755905
11
6.5705792125984255
21
-3.8159035433070865
0
LINE
8
BLACK
6
CONTINUOUS
10
6.5705792125984255
20
-3.8159035433070865
11
6.570528031496063
21
-3.8159625984251968
0
LINE
8
BLACK
6
CONTINUOUS
10
6.570528031496063
20
-3.8159625984251968
11
6.5704390551181104
21
-3.8160185826771653
0
LINE
8
BLACK
6
CONTINUOUS
10
6.5704390551181104
20
-3.8160185826771653
11
6.5703581102362207
21
-3.8160850393700785
0
LINE
8
BLACK
6
CONTINUOUS
10
6.5703581102362207
20
-3.8160850393700785
11
6.5702861417322831
21
-3.8161148425196849
0
LINE
8
BLACK
6
CONTINUOUS
10
6.5702861417322831
20
-3.8161148425196849
11
6.5700381496062992
21
-3.8162709448818899
0
LINE
8
BLACK
6
CONTINUOUS
10
6.5700381496062992
20
-3.8162709448818899
11
6.5670385433070866
21
-3.8177707480314962
0
LINE
8
BLACK
6
CONTINUOUS
10
6.5670385433070866
20
-3.8177707480314962
11
6.5664979133858266
21
-3.8179776377952757
0
LINE
8
BLACK
6
CONTINUOUS
10
6.5664979133858266
20
-3.8179776377952757
11
6.5663920866141732
21
-3.817985118110236
0
LINE
8
BLACK
6
CONTINUOUS
10
6.5663920866141732
20
-3.817985118110236
11
6.5662940944881889
21
-3.8180257480314959
0
LINE
8
BLACK
6
CONTINUOUS
10
6.5662940944881889
20
-3.8180257480314959
11
6.565718031496063
21
-3.8180824803149607
0
LINE
8
BLACK
6
CONTINUOUS
10
6.565718031496063
20
-3.8180824803149607
11
6.5597187795275591
21
-3.8180824803149607
0
LINE
8
BLACK
6
CONTINUOUS
10
6.5597187795275591
20
-3.8180824803149607
11
6.5591427165354332
21
-3.8180257480314959
0
LINE
8
BLACK
6
CONTINUOUS
10
6.5591427165354332
20
-3.8180257480314959
11
6.5590446850393702
21
-3.817985118110236
0
LINE
8
BLACK
6
CONTINUOUS
10
6.5590446850393702
20
-3.817985118110236
11
6.5589388976377947
21
-3.8179776377952757
0
LINE
8
BLACK
6
CONTINUOUS
10
6.5589388976377947
20
-3.8179776377952757
11
6.5583982677165356
21
-3.8177707480314962
0
LINE
8
BLACK
6
CONTINUOUS
10
6.5583982677165356
20
-3.8177707480314962
11
6.5553986220472442
21
-3.8162709448818899
0
LINE
8
BLACK
6
CONTINUOUS
10
6.5553986220472442
20
-3.8162709448818899
11
6.5551506692913382
21
-3.8161148818897637
0
LINE
8
BLACK
6
CONTINUOUS
10
6.5551506692913382
20
-3.8161148818897637
11
6.5550786220472439
21
-3.8160850393700785
0
LINE
8
BLACK
6
CONTINUOUS
10
6.5550786220472439
20
-3.8160850393700785
11
6.5549975196850392
21
-3.8160184645669291
0
LINE
8
BLACK
6
CONTINUOUS
10
6.5549975196850392
20
-3.8160184645669291
11
6.5549087401574804
21
-3.8159625984251968
0
LINE
8
BLACK
6
CONTINUOUS
10
6.5549087401574804
20
-3.8159625984251968
11
6.5548575984251967
21
-3.815903622047244
0
LINE
8
BLACK
6
CONTINUOUS
10
6.5548575984251967
20
-3.815903622047244
11
6.5546311811023621
21
-3.8157177952755905
0
LINE
8
BLACK
6
CONTINUOUS
10
6.5546311811023621
20
-3.8157177952755905
11
6.5531313779527558
21
-3.8142179527559055
0
LINE
8
BLACK
6
CONTINUOUS
10
6.5531313779527558
20
-3.8142179527559055
11
6.5529456299212594
21
-3.8139916141732284
0
LINE
8
BLACK
6
CONTINUOUS
10
6.5529456299212594
20
-3.8139916141732284
11
6.5528866535433066
21
-3.8139404724409447
0
LINE
8
BLACK
6
CONTINUOUS
10
6.5528866535433066
20
-3.8139404724409447
11
6.5528306692913381
21
-3.8138515354330709
0
LINE
8
BLACK
6
CONTINUOUS
10
6.5528306692913381
20
-3.8138515354330709
11
6.5527641732283461
21
-3.8137705118110237
0
LINE
8
BLACK
6
CONTINUOUS
10
6.5527641732283461
20
-3.8137705118110237
11
6.5527343307086614
21
-3.813698464566929
0
LINE
8
BLACK
6
CONTINUOUS
10
6.5527343307086614
20
-3.813698464566929
11
6.5525783070866144
21
-3.8134505905511809
0
LINE
8
BLACK
6
CONTINUOUS
10
6.5525783070866144
20
-3.8134505905511809
11
6.5510785039370081
21
-3.8104509842519683
0
LINE
8
BLACK
6
CONTINUOUS
10
6.5510785039370081
20
-3.8104509842519683
11
6.5508716141732286
21
-3.8099103543307087
0
LINE
8
BLACK
6
CONTINUOUS
10
6.5508716141732286
20
-3.8099103543307087
11
6.5508640944881886
21
-3.8098045275590549
0
LINE
8
BLACK
6
CONTINUOUS
10
6.5508640944881886
20
-3.8098045275590549
11
6.550823503937008
21
-3.8097065354330706
0
LINE
8
BLACK
6
CONTINUOUS
10
6.550823503937008
20
-3.8097065354330706
11
6.5507667716535432
21
-3.8091304724409447
0
LINE
8
BLACK
6
CONTINUOUS
10
6.5507667716535432
20
-3.8091304724409447
11
6.5507667716535432
21
-3.7836336614173227
0
LINE
8
BLACK
6
CONTINUOUS
10
6.5507667716535432
20
-3.7836336614173227
11
6.550823503937008
21
-3.7830575984251968
0
LINE
8
BLACK
6
CONTINUOUS
10
6.550823503937008
20
-3.7830575984251968
11
6.5512644094488186
21
-3.781993188976378
0
LINE
8
BLACK
6
CONTINUOUS
10
6.5512644094488186
20
-3.781993188976378
11
6.5520790551181101
21
-3.7811785433070866
0
LINE
8
BLACK
6
CONTINUOUS
10
6.5520790551181101
20
-3.7811785433070866
11
6.5531434645669293
21
-3.7807376377952755
0
LINE
8
BLACK
6
CONTINUOUS
10
6.5531434645669293
20
-3.7807376377952755
11
6.554295590551181
21
-3.7807376377952755
0
LINE
8
BLACK
6
CONTINUOUS
10
6.554295590551181
20
-3.7807376377952755
11
6.5553599999999994
21
-3.7811785433070866
0
LINE
8
BLACK
6
CONTINUOUS
10
6.6007897637795274
20
-3.7807376377952755
11
6.6018541732283467
21
-3.7811785433070866
0
LINE
8
BLACK
6
CONTINUOUS
10
6.6018541732283467
20
-3.7811785433070866
11
6.6026688188976372
21
-3.781993188976378
0
LINE
8
BLACK
6
CONTINUOUS
10
6.6026688188976372
20
-3.781993188976378
11
6.6031097244094488
21
-3.7830575984251968
0
LINE
8
BLACK
6
CONTINUOUS
10
6.6031097244094488
20
-3.7830575984251968
11
6.6031097244094488
21
-3.7842097244094486
0
LINE
8
BLACK
6
CONTINUOUS
10
6.6031097244094488
20
-3.7842097244094486
11
6.6026688188976372
21
-3.7852741338582678
0
LINE
8
BLACK
6
CONTINUOUS
10
6.6026688188976372
20
-3.7852741338582678
11
6.6018541732283467
21
-3.7860887795275588
0
LINE
8
BLACK
6
CONTINUOUS
10
6.6018541732283467
20
-3.7860887795275588
11
6.6007897637795274
21
-3.7865296850393699
0
LINE
8
BLACK
6
CONTINUOUS
10
6.6007897637795274
20
-3.7865296850393699
11
6.6002137007874015
21
-3.7865864173228347
0
LINE
8
BLACK
6
CONTINUOUS
10
6.6002137007874015
20
-3.7865864173228347
11
6.5949114960629922
21
-3.7865864173228347
0
LINE
8
BLACK
6
CONTINUOUS
10
6.5949114960629922
20
-3.7865864173228347
11
6.5929638582677166
21
-3.7875601968503938
0
LINE
8
BLACK
6
CONTINUOUS
10
6.5929638582677166
20
-3.7875601968503938
11
6.5920097244094489
21
-3.7885143700787403
0
LINE
8
BLACK
6
CONTINUOUS
10
6.5920097244094489
20
-3.7885143700787403
11
6.5894559448818892
21
-3.7923450000000001
0
LINE
8
BLACK
6
CONTINUOUS
10
6.5894559448818892
20
-3.7923450000000001
11
6.5892087007874016
21
-3.7933338976377953
0
LINE
8
BLACK
6
CONTINUOUS
10
6.5892087007874016
20
-3.7933338976377953
11
6.5898942913385827
21
-3.7929911417322835
0
LINE
8
BLACK
6
CONTINUOUS
10
6.5898942913385827
20
-3.7929911417322835
11
6.5904349212598428
21
-3.792784251968504
0
LINE
8
BLACK
6
CONTINUOUS
10
6.5904349212598428
20
-3.792784251968504
11
6.5905407086614174
21
-3.7927767322834645
0
LINE
8
BLACK
6
CONTINUOUS
10
6.5905407086614174
20
-3.7927767322834645
11
6.5906387401574804
21
-3.7927361417322834
0
LINE
8
BLACK
6
CONTINUOUS
10
6.5906387401574804
20
-3.7927361417322834
11
6.5912148031496063
21
-3.792679409448819
0
LINE
8
BLACK
6
CONTINUOUS
10
6.5912148031496063
20
-3.792679409448819
11
6.5972140551181102
21
-3.792679409448819
0
LINE
8
BLACK
6
CONTINUOUS
10
6.5972140551181102
20
-3.792679409448819
11
6.5977901181102361
21
-3.7927361417322834
0
LINE
8
BLACK
6
CONTINUOUS
10
6.5977901181102361
20
-3.7927361417322834
11
6.5978881102362203
21
-3.7927767322834645
0
LINE
8
BLACK
6
CONTINUOUS
10
6.5978881102362203
20
-3.7927767322834645
11
6.5979939370078737
21
-3.792784251968504
0
LINE
8
BLACK
6
CONTINUOUS
10
6.5979939370078737
20
-3.792784251968504
11
6.5985345669291338
21
-3.7929911417322835
0
LINE
8
BLACK
6
CONTINUOUS
10
6.5985345669291338
20
-3.7929911417322835
11
6.6015342125984251
21
-3.7944909448818898
0
LINE
8
BLACK
6
CONTINUOUS
10
6.6015342125984251
20
-3.7944909448818898
11
6.601782204724409
21
-3.7946470078740155
0
LINE
8
BLACK
6
CONTINUOUS
10
6.601782204724409
20
-3.7946470078740155
11
6.6018541732283467
21
-3.7946768503937007
0
LINE
8
BLACK
6
CONTINUOUS
10
6.6018541732283467
20
-3.7946768503937007
11
6.6019351181102364
21
-3.7947433070866139
0
LINE
8
BLACK
6
CONTINUOUS
10
6.6019351181102364
20
-3.7947433070866139
11
6.6020240944881889
21
-3.7947992913385824
0
LINE
8
BLACK
6
CONTINUOUS
10
6.6020240944881889
20
-3.7947992913385824
11
6.6020752362204727
21
-3.7948582677165352
0
LINE
8
BLACK
6
CONTINUOUS
10
6.6020752362204727
20
-3.7948582677165352
11
6.6023016141732285
21
-3.7950440551181099
0
LINE
8
BLACK
6
CONTINUOUS
10
6.6023016141732285
20
-3.7950440551181099
11
6.6038014173228348
21
-3.7965438582677162
0
LINE
8
BLACK
6
CONTINUOUS
10
6.6038014173228348
20
-3.7965438582677162
11
6.6039871653543303
21
-3.7967701968503937
0
LINE
8
BLACK
6
CONTINUOUS
10
6.6039871653543303
20
-3.7967701968503937
11
6.6040461811023619
21
-3.7968213779527558
0
LINE
8
BLACK
6
CONTINUOUS
10
6.6040461811023619
20
-3.7968213779527558
11
6.6041021259842516
21
-3.79691031496063
0
LINE
8
BLACK
6
CONTINUOUS
10
6.6041021259842516
20
-3.79691031496063
11
6.6041686220472435
21
-3.7969912992125985
0
LINE
8
BLACK
6
CONTINUOUS
10
6.6041686220472435
20
-3.7969912992125985
11
6.6041984251968504
21
-3.7970632283464565
0
LINE
8
BLACK
6
CONTINUOUS
10
6.6041984251968504
20
-3.7970632283464565
11
6.6043545275590549
21
-3.7973112598425196
0
LINE
8
BLACK
6
CONTINUOUS
10
6.6043545275590549
20
-3.7973112598425196
11
6.6058543307086612
21
-3.8003109055118109
0
LINE
8
BLACK
6
CONTINUOUS
10
6.6058543307086612
20
-3.8003109055118109
11
6.6060612204724407
21
-3.800851535433071
0
LINE
8
BLACK
6
CONTINUOUS
10
6.6060612204724407
20
-3.800851535433071
11
6.606068700787401
21
-3.8009573228346456
0
LINE
8
BLACK
6
CONTINUOUS
10
6.606068700787401
20
-3.8009573228346456
11
6.6061093307086614
21
-3.8010553543307086
0
LINE
8
BLACK
6
CONTINUOUS
10
6.6061093307086614
20
-3.8010553543307086
11
6.6061660629921262
21
-3.8016314173228345
0
LINE
8
BLACK
6
CONTINUOUS
10
6.6061660629921262
20
-3.8016314173228345
11
6.6061660629921262
21
-3.8091304724409447
0
LINE
8
BLACK
6
CONTINUOUS
10
6.6061660629921262
20
-3.8091304724409447
11
6.6061093307086614
21
-3.8097065354330706
0
LINE
8
BLACK
6
CONTINUOUS
10
6.6061093307086614
20
-3.8097065354330706
11
6.606068700787401
21
-3.8098045275590549
0
LINE
8
BLACK
6
CONTINUOUS
10
6.606068700787401
20
-3.8098045275590549
11
6.6060612204724407
21
-3.8099103543307087
0
LINE
8
BLACK
6
CONTINUOUS
10
6.6060612204724407
20
-3.8099103543307087
11
6.6058543307086612
21
-3.8104509842519683
0
LINE
8
BLACK
6
CONTINUOUS
10
6.6058543307086612
20
-3.8104509842519683
11
6.6043545275590549
21
-3.8134505905511809
0
LINE
8
BLACK
6
CONTINUOUS
10
6.6043545275590549
20
-3.8134505905511809
11
6.6041984645669292
21
-3.813698464566929
0
LINE
8
BLACK
6
CONTINUOUS
10
6.6041984645669292
20
-3.813698464566929
11
6.6041686614173223
21
-3.8137705118110237
0
LINE
8
BLACK
6
CONTINUOUS
10
6.6041686614173223
20
-3.8137705118110237
11
6.6041021259842516
21
-3.8138515354330709
0
LINE
8
BLACK
6
CONTINUOUS
10
6.6041021259842516
20
-3.8138515354330709
11
6.6040461811023619
21
-3.8139404724409447
0
LINE
8
BLACK
6
CONTINUOUS
10
6.6040461811023619
20
-3.8139404724409447
11
6.6039871653543303
21
-3.8139916141732284
0
LINE
8
BLACK
6
CONTINUOUS
10
6.6039871653543303
20
-3.8139916141732284
11
6.6038014566929135
21
-3.8142179527559055
0
LINE
8
BLACK
6
CONTINUOUS
10
6.6038014566929135
20
-3.8142179527559055
11
6.6023016535433072
21
-3.8157177952755905
0
LINE
8
BLACK
6
CONTINUOUS
10
6.6023016535433072
20
-3.8157177952755905
11
6.6020752755905514
21
-3.8159035433070865
0
LINE
8
BLACK
6
CONTINUOUS
10
6.6020752755905514
20
-3.8159035433070865
11
6.6020240944881889
21
-3.8159625984251968
0
LINE
8
BLACK
6
CONTINUOUS
10
6.6020240944881889
20
-3.8159625984251968
11
6.6019351181102364
21
-3.8160185826771653
0
LINE
8
BLACK
6
CONTINUOUS
10
6.6019351181102364
20
-3.8160185826771653
11
6.6018541732283467
21
-3.8160850393700785
0
LINE
8
BLACK
6
CONTINUOUS
10
6.6018541732283467
20
-3.8160850393700785
11
6.601782204724409
21
-3.8161148425196849
0
LINE
8
BLACK
6
CONTINUOUS
10
6.601782204724409
20
-3.8161148425196849
11
6.6015342125984251
21
-3.8162709448818899
0
LINE
8
BLACK
6
CONTINUOUS
10
6.6015342125984251
20
-3.8162709448818899
11
6.5985345669291338
21
-3.8177707480314962
0
LINE
8
BLACK
6
CONTINUOUS
10
6.5985345669291338
20
-3.8177707480314962
11
6.5979939370078737
21
-3.8179776377952757
0
LINE
8
BLACK
6
CONTINUOUS
10
6.5979939370078737
20
-3.8179776377952757
11
6.5978881102362203
21
-3.817985118110236
0
LINE
8
BLACK
6
CONTINUOUS
10
6.5978881102362203
20
-3.817985118110236
11
6.5977901181102361
21
-3.8180257480314959
0
LINE
8
BLACK
6
CONTINUOUS
10
6.5977901181102361
20
-3.8180257480314959
11
6.5972140551181102
21
-3.8180824803149607
0
LINE
8
BLACK
6
CONTINUOUS
10
6.5972140551181102
20
-3.8180824803149607
11
6.5912148031496063
21
-3.8180824803149607
0
LINE
8
BLACK
6
CONTINUOUS
10
6.5912148031496063
20
-3.8180824803149607
11
6.5906387401574804
21
-3.8180257480314959
0
LINE
8
BLACK
6
CONTINUOUS
10
6.5906387401574804
20
-3.8180257480314959
11
6.5905407086614174
21
-3.817985118110236
0
LINE
8
BLACK
6
CONTINUOUS
10
6.5905407086614174
20
-3.817985118110236
11
6.5904349212598428
21
-3.8179776377952757
0
LINE
8
BLACK
6
CONTINUOUS
10
6.5904349212598428
20
-3.8179776377952757
11
6.5898942913385827
21
-3.8177707480314962
0
LINE
8
BLACK
6
CONTINUOUS
10
6.5898942913385827
20
-3.8177707480314962
11
6.5868946850393701
21
-3.8162709448818899
0
LINE
8
BLACK
6
CONTINUOUS
10
6.5868946850393701
20
-3.8162709448818899
11
6.5866467322834641
21
-3.8161148818897637
0
LINE
8
BLACK
6
CONTINUOUS
10
6.5866467322834641
20
-3.8161148818897637
11
6.5865746850393698
21
-3.8160850393700785
0
LINE
8
BLACK
6
CONTINUOUS
10
6.5865746850393698
20
-3.8160850393700785
11
6.5864935826771651
21
-3.8160184645669291
0
LINE
8
BLACK
6
CONTINUOUS
10
6.5864935826771651
20
-3.8160184645669291
11
6.5864048031496063
21
-3.8159625984251968
0
LINE
8
BLACK
6
CONTINUOUS
10
6.5864048031496063
20
-3.8159625984251968
11
6.5863536614173226
21
-3.815903622047244
0
LINE
8
BLACK
6
CONTINUOUS
10
6.5863536614173226
20
-3.815903622047244
11
6.586127244094488
21
-3.8157177952755905
0
LINE
8
BLACK
6
CONTINUOUS
10
6.586127244094488
20
-3.8157177952755905
11
6.5846274409448817
21
-3.8142179527559055
0
LINE
8
BLACK
6
CONTINUOUS
10
6.5846274409448817
20
-3.8142179527559055
11
6.5844415748031491
21
-3.8139914960629921
0
LINE
8
BLACK
6
CONTINUOUS
10
6.5844415748031491
20
-3.8139914960629921
11
6.5843827559055113
21
-3.8139404724409447
0
LINE
8
BLACK
6
CONTINUOUS
10
6.5843827559055113
20
-3.8139404724409447
11
6.584326889763779
21
-3.8138517322834646
0
LINE
8
BLACK
6
CONTINUOUS
10
6.584326889763779
20
-3.8138517322834646
11
6.5842602362204721
21
-3.8137705118110237
0
LINE
8
BLACK
6
CONTINUOUS
10
6.5842602362204721
20
-3.8137705118110237
11
6.5842303543307086
21
-3.8136983858267715
0
LINE
8
BLACK
6
CONTINUOUS
10
6.5842303543307086
20
-3.8136983858267715
11
6.5840743700787403
21
-3.8134505905511809
0
LINE
8
BLACK
6
CONTINUOUS
10
6.5840743700787403
20
-3.8134505905511809
11
6.5825745275590553
21
-3.810451023622047
0
LINE
8
BLACK
6
CONTINUOUS
10
6.5825745275590553
20
-3.810451023622047
11
6.5823676377952758
21
-3.8099103937007874
0
LINE
8
BLACK
6
CONTINUOUS
10
6.5823676377952758
20
-3.8099103937007874
11
6.582360078740157
21
-3.8098044881889761
0
LINE
8
BLACK
6
CONTINUOUS
10
6.582360078740157
20
-3.8098044881889761
11
6.5823195275590551
21
-3.8097065354330706
0
LINE
8
BLACK
6
CONTINUOUS
10
6.5823195275590551
20
-3.8097065354330706
11
6.5822627952755903
21
-3.8091304724409447
0
LINE
8
BLACK
6
CONTINUOUS
10
6.5822627952755903
20
-3.8091304724409447
11
6.5822627952755903
21
-3.7971319685039369
0
LINE
8
BLACK
6
CONTINUOUS
10
6.5822627952755903
20
-3.7971319685039369
11
6.5822726771653546
21
-3.7970314173228346
0
LINE
8
BLACK
6
CONTINUOUS
10
6.5822726771653546
20
-3.7970314173228346
11
6.5822662992125984
21
-3.7969884251968504
0
LINE
8
BLACK
6
CONTINUOUS
10
6.5822662992125984
20
-3.7969884251968504
11
6.5822981496062987
21
-3.796772874015748
0
LINE
8
BLACK
6
CONTINUOUS
10
6.5822981496062987
20
-3.796772874015748
11
6.5823195275590551
21
-3.796555905511811
0
LINE
8
BLACK
6
CONTINUOUS
10
6.5823195275590551
20
-3.796555905511811
11
6.5823361417322834
21
-3.7965157086614174
0
LINE
8
BLACK
6
CONTINUOUS
10
6.5823361417322834
20
-3.7965157086614174
11
6.58235094488189
21
-3.7964157874015747
0
LINE
8
BLACK
6
CONTINUOUS
10
6.58235094488189
20
-3.7964157874015747
11
6.583850787401575
21
-3.7904165354330708
0
LINE
8
BLACK
6
CONTINUOUS
10
6.583850787401575
20
-3.7904165354330708
11
6.5839720866141729
21
-3.7900770078740158
0
LINE
8
BLACK
6
CONTINUOUS
10
6.5839720866141729
20
-3.7900770078740158
11
6.5839862204724406
21
-3.7900056299212599
0
LINE
8
BLACK
6
CONTINUOUS
10
6.5839862204724406
20
-3.7900056299212599
11
6.5840207480314961
21
-3.7899408267716534
0
LINE
8
BLACK
6
CONTINUOUS
10
6.5840207480314961
20
-3.7899408267716534
11
6.5840455511811022
21
-3.7898714566929135
0
LINE
8
BLACK
6
CONTINUOUS
10
6.5840455511811022
20
-3.7898714566929135
11
6.5840890551181097
21
-3.7898127165354332
0
LINE
8
BLACK
6
CONTINUOUS
10
6.5840890551181097
20
-3.7898127165354332
11
6.5842585433070866
21
-3.789494842519685
0
LINE
8
BLACK
6
CONTINUOUS
10
6.5842585433070866
20
-3.789494842519685
11
6.5872581496062992
21
-3.7849953937007874
0
LINE
8
BLACK
6
CONTINUOUS
10
6.5872581496062992
20
-3.7849953937007874
11
6.5872594488188971
21
-3.7849937401574802
0
LINE
8
BLACK
6
CONTINUOUS
10
6.5872594488188971
20
-3.7849937401574802
11
6.5872598818897634
21
-3.7849927952755906
0
LINE
8
BLACK
6
CONTINUOUS
10
6.5872598818897634
20
-3.7849927952755906
11
6.5874475196850391
21
-3.7847641338582676
0
LINE
8
BLACK
6
CONTINUOUS
10
6.5874475196850391
20
-3.7847641338582676
11
6.5876248818897638
21
-3.7845475590551181
0
LINE
8
BLACK
6
CONTINUOUS
10
6.5876248818897638
20
-3.7845475590551181
11
6.5876257480314955
21
-3.7845469685039368
0
LINE
8
BLACK
6
CONTINUOUS
10
6.5876257480314955
20
-3.7845469685039368
11
6.5876270866141731
21
-3.7845453543307084
0
LINE
8
BLACK
6
CONTINUOUS
10
6.5876270866141731
20
-3.7845453543307084
11
6.5891268897637794
21
-3.7830455511811021
0
LINE
8
BLACK
6
CONTINUOUS
10
6.5891268897637794
20
-3.7830455511811021
11
6.5893532283464564
21
-3.7828597637795274
0
LINE
8
BLACK
6
CONTINUOUS
10
6.5893532283464564
20
-3.7828597637795274
11
6.5894044094488189
21
-3.7828007874015745
0
LINE
8
BLACK
6
CONTINUOUS
10
6.5894044094488189
20
-3.7828007874015745
11
6.5894933464566927
21
-3.782744803149606
0
LINE
8
BLACK
6
CONTINUOUS
10
6.5894933464566927
20
-3.782744803149606
11
6.5895743307086612
21
-3.7826783464566929
0
LINE
8
BLACK
6
CONTINUOUS
10
6.5895743307086612
20
-3.7826783464566929
11
6.5896462598425192
21
-3.7826485039370077
0
LINE
8
BLACK
6
CONTINUOUS
10
6.5896462598425192
20
-3.7826485039370077
11
6.5898942913385827
21
-3.7824924409448819
0
LINE
8
BLACK
6
CONTINUOUS
10
6.5898942913385827
20
-3.7824924409448819
11
6.5928939370078741
21
-3.7809926377952756
0
LINE
8
BLACK
6
CONTINUOUS
10
6.5928939370078741
20
-3.7809926377952756
11
6.5934345669291341
21
-3.7807857480314961
0
LINE
8
BLACK
6
CONTINUOUS
10
6.5934345669291341
20
-3.7807857480314961
11
6.5935403543307087
21
-3.7807782283464566
0
LINE
8
BLACK
6
CONTINUOUS
10
6.5935403543307087
20
-3.7807782283464566
11
6.5936383858267718
21
-3.7807376377952755
0
LINE
8
BLACK
6
CONTINUOUS
10
6.5936383858267718
20
-3.7807376377952755
11
6.5942144488188976
21
-3.7806809055118111
0
LINE
8
BLACK
6
CONTINUOUS
10
6.5942144488188976
20
-3.7806809055118111
11
6.6002137007874015
21
-3.7806809055118111
0
LINE
8
BLACK
6
CONTINUOUS
10
6.6002137007874015
20
-3.7806809055118111
11
6.6007897637795274
21
-3.7807376377952755
0
LINE
8
BLACK
6
CONTINUOUS
10
6.5899642913385827
20
-3.7995587007874017
11
6.5891421259842522
21
-3.8003808267716535
0
LINE
8
BLACK
6
CONTINUOUS
10
6.5891421259842522
20
-3.8003808267716535
11
6.5881683070866144
21
-3.8023284645669291
0
LINE
8
BLACK
6
CONTINUOUS
10
6.5881683070866144
20
-3.8023284645669291
11
6.5881683070866144
21
-3.8084333858267714
0
LINE
8
BLACK
6
CONTINUOUS
10
6.5881683070866144
20
-3.8084333858267714
11
6.5891420866141734
21
-3.8103809448818895
0
LINE
8
BLACK
6
CONTINUOUS
10
6.5891420866141734
20
-3.8103809448818895
11
6.5899642913385827
21
-3.811203188976378
0
LINE
8
BLACK
6
CONTINUOUS
10
6.5899642913385827
20
-3.811203188976378
11
6.5919118503937009
21
-3.8121769685039371
0
LINE
8
BLACK
6
CONTINUOUS
10
6.5919118503937009
20
-3.8121769685039371
11
6.5965170078740156
21
-3.8121769685039371
0
LINE
8
BLACK
6
CONTINUOUS
10
6.5965170078740156
20
-3.8121769685039371
11
6.5984645669291337
21
-3.811203188976378
0
LINE
8
BLACK
6
CONTINUOUS
10
6.5984645669291337
20
-3.811203188976378
11
6.5992867322834643
21
-3.8103809842519683
0
LINE
8
BLACK
6
CONTINUOUS
10
6.5992867322834643
20
-3.8103809842519683
11
6.6002605511811021
21
-3.8084334251968501
0
LINE
8
BLACK
6
CONTINUOUS
10
6.6002605511811021
20
-3.8084334251968501
11
6.6002605511811021
21
-3.8023284251968503
0
LINE
8
BLACK
6
CONTINUOUS
10
6.6002605511811021
20
-3.8023284251968503
11
6.5992867322834643
21
-3.8003808267716535
0
LINE
8
BLACK
6
CONTINUOUS
10
6.5992867322834643
20
-3.8003808267716535
11
6.5984646062992125
21
-3.7995587007874017
0
LINE
8
BLACK
6
CONTINUOUS
10
6.5984646062992125
20
-3.7995587007874017
11
6.5965170078740156
21
-3.7985849212598426
0
LINE
8
BLACK
6
CONTINUOUS
10
6.5965170078740156
20
-3.7985849212598426
11
6.5919118503937009
21
-3.7985849212598426
0
LINE
8
BLACK
6
CONTINUOUS
10
6.5919118503937009
20
-3.7985849212598426
11
6.5899642913385827
21
-3.7995587007874017
0
LINE
8
BLACK
6
CONTINUOUS
10
6.6649067716535431
20
-3.6700173622047245
11
6.6659711811023623
21
-3.6704582677165352
0
LINE
8
BLACK
6
CONTINUOUS
10
6.6659711811023623
20
-3.6704582677165352
11
6.6667858267716538
21
-3.6712729133858266
0
LINE
8
BLACK
6
CONTINUOUS
10
6.6667858267716538
20
-3.6712729133858266
11
6.6672267322834644
21
-3.6723373228346454
0
LINE
8
BLACK
6
CONTINUOUS
10
6.6672267322834644
20
-3.6723373228346454
11
6.6672834645669292
21
-3.6729133858267717
0
LINE
8
BLACK
6
CONTINUOUS
10
6.6672834645669292
20
-3.6729133858267717
11
6.6672834645669292
21
-3.9288188976377953
0
LINE
8
BLACK
6
CONTINUOUS
10
6.6672834645669292
20
-3.9288188976377953
11
6.6672267322834644
21
-3.9293949606299212
0
LINE
8
BLACK
6
CONTINUOUS
10
6.6672267322834644
20
-3.9293949606299212
11
6.6667858267716538
21
-3.93045937007874
0
LINE
8
BLACK
6
CONTINUOUS
10
6.6667858267716538
20
-3.93045937007874
11
6.6659711811023623
21
-3.9312740157480315
0
LINE
8
BLACK
6
CONTINUOUS
10
6.6659711811023623
20
-3.9312740157480315
11
6.6649067716535431
21
-3.9317149212598426
0
LINE
8
BLACK
6
CONTINUOUS
10
6.6649067716535431
20
-3.9317149212598426
11
6.6643307086614172
21
-3.9317716535433069
0
LINE
8
BLACK
6
CONTINUOUS
10
6.6643307086614172
20
-3.9317716535433069
11
6.4911023622047246
21
-3.9317716535433069
0
LINE
8
BLACK
6
CONTINUOUS
10
6.4911023622047246
20
-3.9317716535433069
11
6.4905262992125987
21
-3.9317149212598426
0
LINE
8
BLACK
6
CONTINUOUS
10
6.4905262992125987
20
-3.9317149212598426
11
6.4894618897637795
21
-3.9312740157480315
0
LINE
8
BLACK
6
CONTINUOUS
10
6.4894618897637795
20
-3.9312740157480315
11
6.488647244094488
21
-3.93045937007874
0
LINE
8
BLACK
6
CONTINUOUS
10
6.488647244094488
20
-3.93045937007874
11
6.4882063385826774
21
-3.9293949606299212
0
LINE
8
BLACK
6
CONTINUOUS
10
6.4882063385826774
20
-3.9293949606299212
11
6.4881496062992126
21
-3.9288188976377953
0
LINE
8
BLACK
6
CONTINUOUS
10
6.4881496062992126
20
-3.9288188976377953
11
6.4881496062992126
21
-3.7122834645669291
0
LINE
8
BLACK
6
CONTINUOUS
10
6.4881496062992126
20
-3.7122834645669291
11
6.4882063385826774
21
-3.7117074015748033
0
LINE
8
BLACK
6
CONTINUOUS
10
6.4882063385826774
20
-3.7117074015748033
11
6.488647244094488
21
-3.710642992125984
0
LINE
8
BLACK
6
CONTINUOUS
10
6.488647244094488
20
-3.710642992125984
11
6.4890144488188977
21
-3.7101955511811022
0
LINE
8
BLACK
6
CONTINUOUS
10
6.4890144488188977
20
-3.7101955511811022
11
6.5283845275590551
21
-3.6708254724409448
0
LINE
8
BLACK
6
CONTINUOUS
10
6.5283845275590551
20
-3.6708254724409448
11
6.5288320078740156
21
-3.6704582283464564
0
LINE
8
BLACK
6
CONTINUOUS
10
6.5288320078740156
20
-3.6704582283464564
11
6.5294555118110233
21
-3.6701999606299212
0
LINE
8
BLACK
6
CONTINUOUS
10
6.5294555118110233
20
-3.6701999606299212
11
6.5298963779527561
21
-3.6700173622047245
0
LINE
8
BLACK
6
CONTINUOUS
10
6.5298963779527561
20
-3.6700173622047245
11
6.530472440944882
21
-3.6699606299212597
0
LINE
8
BLACK
6
CONTINUOUS
10
6.530472440944882
20
-3.6699606299212597
11
6.6643307086614172
21
-3.6699606299212597
0
LINE
8
BLACK
6
CONTINUOUS
10
6.6643307086614172
20
-3.6699606299212597
11
6.6649067716535431
21
-3.6700173622047245
0
LINE
8
BLACK
6
CONTINUOUS
10
6.5316955118110238
20
-3.6758661417322833
11
6.4940551181102357
21
-3.713506535433071
0
LINE
8
BLACK
6
CONTINUOUS
10
6.4940551181102357
20
-3.713506535433071
11
6.4940551181102357
21
-3.9258661417322833
0
LINE
8
BLACK
6
CONTINUOUS
10
6.4940551181102357
20
-3.9258661417322833
11
6.6613779527559052
21
-3.9258661417322833
0
LINE
8
BLACK
6
CONTINUOUS
10
6.6613779527559052
20
-3.9258661417322833
11
6.6613779527559052
21
-3.6758661417322833
0
LINE
8
BLACK
6
CONTINUOUS
10
6.6613779527559052
20
-3.6758661417322833
11
6.5316955118110238
21
-3.6758661417322833
0
LINE
8
BLACK
6
CONTINUOUS
10
6.3377849606299215
20
-3.8448498425196851
11
6.3377850000000002
21
-3.8457537401574804
0
LINE
8
BLACK
6
CONTINUOUS
10
6.3377850000000002
20
-3.8457537401574804
11
6.3375289763779525
21
-3.846136968503937
0
LINE
8
BLACK
6
CONTINUOUS
10
6.3375289763779525
20
-3.846136968503937
11
6.3369761811023624
21
-3.8466897637795276
0
LINE
8
BLACK
6
CONTINUOUS
10
6.3369761811023624
20
-3.8466897637795276
11
6.3363750787401569
21
-3.848493031496063
0
LINE
8
BLACK
6
CONTINUOUS
10
6.3363750787401569
20
-3.848493031496063
11
6.3363750787401569
21
-3.8496096062992127
0
LINE
8
BLACK
6
CONTINUOUS
10
6.3363750787401569
20
-3.8496096062992127
11
6.3369761811023624
21
-3.8514129527559056
0
LINE
8
BLACK
6
CONTINUOUS
10
6.3369761811023624
20
-3.8514129527559056
11
6.3381433464566932
21
-3.8525800787401572
0
LINE
8
BLACK
6
CONTINUOUS
10
6.3381433464566932
20
-3.8525800787401572
11
6.3393557480314957
21
-3.8531862598425195
0
LINE
8
BLACK
6
CONTINUOUS
10
6.3393557480314957
20
-3.8531862598425195
11
6.3420885039370081
21
-3.8538694881889763
0
LINE
8
BLACK
6
CONTINUOUS
10
6.3420885039370081
20
-3.8538694881889763
11
6.3440475196850397
21
-3.8538694881889763
0
LINE
8
BLACK
6
CONTINUOUS
10
6.3440475196850397
20
-3.8538694881889763
11
6.3467801968503936
21
-3.8531862992125983
0
LINE
8
BLACK
6
CONTINUOUS
10
6.3467801968503936
20
-3.8531862992125983
11
6.3479926771653545
21
-3.8525800393700789
0
LINE
8
BLACK
6
CONTINUOUS
10
6.3479926771653545
20
-3.8525800393700789
11
6.3491597244094491
21
-3.8514129921259843
0
LINE
8
BLACK
6
CONTINUOUS
10
6.3491597244094491
20
-3.8514129921259843
11
6.3497609055118112
21
-3.8496095275590552
0
LINE
8
BLACK
6
CONTINUOUS
10
6.3497609055118112
20
-3.8496095275590552
11
6.3497609055118112
21
-3.8484931102362205
0
LINE
8
BLACK
6
CONTINUOUS
10
6.3497609055118112
20
-3.8484931102362205
11
6.3491597244094491
21
-3.8466896456692914
0
LINE
8
BLACK
6
CONTINUOUS
10
6.3491597244094491
20
-3.8466896456692914
11
6.3486070472440943
21
-3.846136968503937
0
LINE
8
BLACK
6
CONTINUOUS
10
6.3486070472440943
20
-3.846136968503937
11
6.3483510236220475
21
-3.8457537795275591
0
LINE
8
BLACK
6
CONTINUOUS
10
6.3483510236220475
20
-3.8457537795275591
11
6.3483510236220475
21
-3.8448498425196851
0
LINE
8
BLACK
6
CONTINUOUS
10
6.3483510236220475
20
-3.8448498425196851
11
6.3489902362204722
21
-3.8442106299212599
0
LINE
8
BLACK
6
CONTINUOUS
10
6.3489902362204722
20
-3.8442106299212599
11
6.3498941732283463
21
-3.8442106299212599
0
LINE
8
BLACK
6
CONTINUOUS
10
6.3498941732283463
20
-3.8442106299212599
11
6.3502773622047242
21
-3.8444666535433072
0
LINE
8
BLACK
6
CONTINUOUS
10
6.3502773622047242
20
-3.8444666535433072
11
6.3510272834645667
21
-3.8452165748031497
0
LINE
8
BLACK
6
CONTINUOUS
10
6.3510272834645667
20
-3.8452165748031497
11
6.3510601181102357
21
-3.8452657480314958
0
LINE
8
BLACK
6
CONTINUOUS
10
6.3510601181102357
20
-3.8452657480314958
11
6.3510843700787403
21
-3.8452778740157481
0
LINE
8
BLACK
6
CONTINUOUS
10
6.3510843700787403
20
-3.8452778740157481
11
6.3511780708661414
21
-3.845442244094488
0
LINE
8
BLACK
6
CONTINUOUS
10
6.3511780708661414
20
-3.845442244094488
11
6.3512833464566931
21
-3.8455997637795276
0
LINE
8
BLACK
6
CONTINUOUS
10
6.3512833464566931
20
-3.8455997637795276
11
6.3512833464566931
21
-3.8456268503937006
0
LINE
8
BLACK
6
CONTINUOUS
10
6.3512833464566931
20
-3.8456268503937006
11
6.3513126377952753
21
-3.8456782283464568
0
LINE
8
BLACK
6
CONTINUOUS
10
6.3513126377952753
20
-3.8456782283464568
11
6.3520625196850391
21
-3.8479279133858268
0
LINE
8
BLACK
6
CONTINUOUS
10
6.3520625196850391
20
-3.8479279133858268
11
6.3520861811023623
21
-3.8481157874015746
0
LINE
8
BLACK
6
CONTINUOUS
10
6.3520861811023623
20
-3.8481157874015746
11
6.3521231102362199
21
-3.8483014173228347
0
LINE
8
BLACK
6
CONTINUOUS
10
6.3521231102362199
20
-3.8483014173228347
11
6.3521231102362199
21
-3.8498012598425198
0
LINE
8
BLACK
6
CONTINUOUS
10
6.3521231102362199
20
-3.8498012598425198
11
6.3520861417322836
21
-3.8499868897637795
0
LINE
8
BLACK
6
CONTINUOUS
10
6.3520861417322836
20
-3.8499868897637795
11
6.3520625196850391
21
-3.8501747244094489
0
LINE
8
BLACK
6
CONTINUOUS
10
6.3520625196850391
20
-3.8501747244094489
11
6.3513126377952753
21
-3.8524244881889764
0
LINE
8
BLACK
6
CONTINUOUS
10
6.3513126377952753
20
-3.8524244881889764
11
6.3512833070866144
21
-3.852475905511811
0
LINE
8
BLACK
6
CONTINUOUS
10
6.3512833070866144
20
-3.852475905511811
11
6.3512833070866144
21
-3.8525029527559056
0
LINE
8
BLACK
6
CONTINUOUS
10
6.3512833070866144
20
-3.8525029527559056
11
6.3511781496062989
21
-3.8526603149606298
0
LINE
8
BLACK
6
CONTINUOUS
10
6.3511781496062989
20
-3.8526603149606298
11
6.3510843700787403
21
-3.8528248425196852
0
LINE
8
BLACK
6
CONTINUOUS
10
6.3510843700787403
20
-3.8528248425196852
11
6.3510601574803145
21
-3.8528369291338582
0
LINE
8
BLACK
6
CONTINUOUS
10
6.3510601574803145
20
-3.8528369291338582
11
6.3510272834645667
21
-3.8528861811023623
0
LINE
8
BLACK
6
CONTINUOUS
10
6.3510272834645667
20
-3.8528861811023623
11
6.3495274409448816
21
-3.8543859448818898
0
LINE
8
BLACK
6
CONTINUOUS
10
6.3495274409448816
20
-3.8543859448818898
11
6.3493699606299208
21
-3.8544911417322836
0
LINE
8
BLACK
6
CONTINUOUS
10
6.3493699606299208
20
-3.8544911417322836
11
6.3492204724409449
21
-3.8546072047244095
0
LINE
8
BLACK
6
CONTINUOUS
10
6.3492204724409449
20
-3.8546072047244095
11
6.3477206692913386
21
-3.8553570866141733
0
LINE
8
BLACK
6
CONTINUOUS
10
6.3477206692913386
20
-3.8553570866141733
11
6.3475958661417318
21
-3.8553912204724408
0
LINE
8
BLACK
6
CONTINUOUS
10
6.3475958661417318
20
-3.8553912204724408
11
6.3474789370078737
21
-3.8554464960629922
0
LINE
8
BLACK
6
CONTINUOUS
10
6.3474789370078737
20
-3.8554464960629922
11
6.3444793307086611
21
-3.8561964173228347
0
LINE
8
BLACK
6
CONTINUOUS
10
6.3444793307086611
20
-3.8561964173228347
11
6.344334842519685
21
-3.8562034251968504
0
LINE
8
BLACK
6
CONTINUOUS
10
6.344334842519685
20
-3.8562034251968504
11
6.3441928740157483
21
-3.8562316929133855
0
LINE
8
BLACK
6
CONTINUOUS
10
6.3441928740157483
20
-3.8562316929133855
11
6.3419431496062995
21
-3.8562316929133855
0
LINE
8
BLACK
6
CONTINUOUS
10
6.3419431496062995
20
-3.8562316929133855
11
6.341801141732283
21
-3.8562034251968504
0
LINE
8
BLACK
6
CONTINUOUS
10
6.341801141732283
20
-3.8562034251968504
11
6.3416566929133857
21
-3.8561964173228347
0
LINE
8
BLACK
6
CONTINUOUS
10
6.3416566929133857
20
-3.8561964173228347
11
6.3386570472440944
21
-3.8554464960629922
0
LINE
8
BLACK
6
CONTINUOUS
10
6.3386570472440944
20
-3.8554464960629922
11
6.3385400787401576
21
-3.8553912204724408
0
LINE
8
BLACK
6
CONTINUOUS
10
6.3385400787401576
20
-3.8553912204724408
11
6.3384153149606295
21
-3.8553570866141733
0
LINE
8
BLACK
6
CONTINUOUS
10
6.3384153149606295
20
-3.8553570866141733
11
6.3369155118110232
21
-3.8546072047244095
0
LINE
8
BLACK
6
CONTINUOUS
10
6.3369155118110232
20
-3.8546072047244095
11
6.3367658661417323
21
-3.8544910629921261
0
LINE
8
BLACK
6
CONTINUOUS
10
6.3367658661417323
20
-3.8544910629921261
11
6.3366085039370077
21
-3.8543859448818898
0
LINE
8
BLACK
6
CONTINUOUS
10
6.3366085039370077
20
-3.8543859448818898
11
6.3351087401574802
21
-3.8528861417322835
0
LINE
8
BLACK
6
CONTINUOUS
10
6.3351087401574802
20
-3.8528861417322835
11
6.3350758661417323
21
-3.8528369291338582
0
LINE
8
BLACK
6
CONTINUOUS
10
6.3350758661417323
20
-3.8528369291338582
11
6.3350516535433066
21
-3.8528248425196852
0
LINE
8
BLACK
6
CONTINUOUS
10
6.3350516535433066
20
-3.8528248425196852
11
6.3349578740157479
21
-3.8526603543307085
0
LINE
8
BLACK
6
CONTINUOUS
10
6.3349578740157479
20
-3.8526603543307085
11
6.3348527165354334
21
-3.8525029527559056
0
LINE
8
BLACK
6
CONTINUOUS
10
6.3348527165354334
20
-3.8525029527559056
11
6.3348527165354334
21
-3.8524758661417322
0
LINE
8
BLACK
6
CONTINUOUS
10
6.3348527165354334
20
-3.8524758661417322
11
6.3348234251968503
21
-3.8524244881889764
0
LINE
8
BLACK
6
CONTINUOUS
10
6.3348234251968503
20
-3.8524244881889764
11
6.3340735039370077
21
-3.8501747637795276
0
LINE
8
BLACK
6
CONTINUOUS
10
6.3340735039370077
20
-3.8501747637795276
11
6.3340498425196845
21
-3.849987125984252
0
LINE
8
BLACK
6
CONTINUOUS
10
6.3340498425196845
20
-3.849987125984252
11
6.3340128740157482
21
-3.8498012598425198
0
LINE
8
BLACK
6
CONTINUOUS
10
6.3340128740157482
20
-3.8498012598425198
11
6.3340128740157482
21
-3.8483014173228347
0
LINE
8
BLACK
6
CONTINUOUS
10
6.3340128740157482
20
-3.8483014173228347
11
6.3340498425196845
21
-3.8481155118110237
0
LINE
8
BLACK
6
CONTINUOUS
10
6.3340498425196845
20
-3.8481155118110237
11
6.3340735039370077
21
-3.8479279133858268
0
LINE
8
BLACK
6
CONTINUOUS
10
6.3340735039370077
20
-3.8479279133858268
11
6.3348234251968503
21
-3.8456782283464568
0
LINE
8
BLACK
6
CONTINUOUS
10
6.3348234251968503
20
-3.8456782283464568
11
6.3348526771653546
21
-3.8456268897637793
0
LINE
8
BLACK
6
CONTINUOUS
10
6.3348526771653546
20
-3.8456268897637793
11
6.3348526771653546
21
-3.8455998031496064
0
LINE
8
BLACK
6
CONTINUOUS
10
6.3348526771653546
20
-3.8455998031496064
11
6.334958031496063
21
-3.845442086614173
0
LINE
8
BLACK
6
CONTINUOUS
10
6.334958031496063
20
-3.845442086614173
11
6.3350516535433066
21
-3.8452778740157481
0
LINE
8
BLACK
6
CONTINUOUS
10
6.3350516535433066
20
-3.8452778740157481
11
6.3350757874015748
21
-3.8452657874015745
0
LINE
8
BLACK
6
CONTINUOUS
10
6.3350757874015748
20
-3.8452657874015745
11
6.3351087007874014
21
-3.8452165748031497
0
LINE
8
BLACK
6
CONTINUOUS
10
6.3351087007874014
20
-3.8452165748031497
11
6.3358585826771652
21
-3.8444666929133859
0
LINE
8
BLACK
6
CONTINUOUS
10
6.3358585826771652
20
-3.8444666929133859
11
6.3362417716535431
21
-3.8442106299212599
0
LINE
8
BLACK
6
CONTINUOUS
10
6.3362417716535431
20
-3.8442106299212599
11
6.3371457086614171
21
-3.8442105905511812
0
LINE
8
BLACK
6
CONTINUOUS
10
6.3371457086614171
20
-3.8442105905511812
11
6.3377849606299215
21
-3.8448498425196851
0
LINE
8
BLACK
6
CONTINUOUS
10
6.3398790157480311
20
-3.8291594881889761
11
6.3400669291338581
21
-3.8291831889763777
0
LINE
8
BLACK
6
CONTINUOUS
10
6.3400669291338581
20
-3.8291831889763777
11
6.3423166535433069
21
-3.8299330708661414
0
LINE
8
BLACK
6
CONTINUOUS
10
6.3423166535433069
20
-3.8299330708661414
11
6.3423681102362206
21
-3.8299624015748033
0
LINE
8
BLACK
6
CONTINUOUS
10
6.3423681102362206
20
-3.8299624015748033
11
6.342395118110236
21
-3.8299624015748033
0
LINE
8
BLACK
6
CONTINUOUS
10
6.342395118110236
20
-3.8299624015748033
11
6.3425523622047244
21
-3.8300674409448816
0
LINE
8
BLACK
6
CONTINUOUS
10
6.3425523622047244
20
-3.8300674409448816
11
6.3427170078740156
21
-3.8301613385826769
0
LINE
8
BLACK
6
CONTINUOUS
10
6.3427170078740156
20
-3.8301613385826769
11
6.3427290944881891
21
-3.8301855511811023
0
LINE
8
BLACK
6
CONTINUOUS
10
6.3427290944881891
20
-3.8301855511811023
11
6.3427783070866139
21
-3.8302184251968505
0
LINE
8
BLACK
6
CONTINUOUS
10
6.3427783070866139
20
-3.8302184251968505
11
6.3497609055118112
21
-3.8372010236220473
0
LINE
8
BLACK
6
CONTINUOUS
10
6.3497609055118112
20
-3.8372010236220473
11
6.3497609055118112
21
-3.8303037007874017
0
LINE
8
BLACK
6
CONTINUOUS
10
6.3497609055118112
20
-3.8303037007874017
11
6.3498508267716538
21
-3.8298516929133859
0
LINE
8
BLACK
6
CONTINUOUS
10
6.3498508267716538
20
-3.8298516929133859
11
6.3504899999999997
21
-3.8292125196850391
0
LINE
8
BLACK
6
CONTINUOUS
10
6.3504899999999997
20
-3.8292125196850391
11
6.3513940157480313
21
-3.8292125196850391
0
LINE
8
BLACK
6
CONTINUOUS
10
6.3513940157480313
20
-3.8292125196850391
11
6.3520331889763781
21
-3.8298516929133859
0
LINE
8
BLACK
6
CONTINUOUS
10
6.3520331889763781
20
-3.8298516929133859
11
6.3521231102362199
21
-3.8303037007874017
0
LINE
8
BLACK
6
CONTINUOUS
10
6.3521231102362199
20
-3.8303037007874017
11
6.3521231102362199
21
-3.8400524803149607
0
LINE
8
BLACK
6
CONTINUOUS
10
6.3521231102362199
20
-3.8400524803149607
11
6.3520331889763781
21
-3.8405044881889765
0
LINE
8
BLACK
6
CONTINUOUS
10
6.3520331889763781
20
-3.8405044881889765
11
6.3513940157480313
21
-3.8411436614173229
0
LINE
8
BLACK
6
CONTINUOUS
10
6.3513940157480313
20
-3.8411436614173229
11
6.3513939763779526
21
-3.8411437007874016
0
LINE
8
BLACK
6
CONTINUOUS
10
6.3513939763779526
20
-3.8411437007874016
11
6.3504900393700785
21
-3.8411436614173229
0
LINE
8
BLACK
6
CONTINUOUS
10
6.3504900393700785
20
-3.8411436614173229
11
6.3504899999999997
21
-3.8411436614173229
0
LINE
8
BLACK
6
CONTINUOUS
10
6.3504899999999997
20
-3.8411436614173229
11
6.3504898818897635
21
-3.8411435433070866
0
LINE
8
BLACK
6
CONTINUOUS
10
6.3504898818897635
20
-3.8411435433070866
11
6.3501068503937006
21
-3.8408876377952756
0
LINE
8
BLACK
6
CONTINUOUS
10
6.3501068503937006
20
-3.8408876377952756
11
6.3413051574803152
21
-3.8320859055118111
0
LINE
8
BLACK
6
CONTINUOUS
10
6.3413051574803152
20
-3.8320859055118111
11
6.3395016929133856
21
-3.831484803149606
0
LINE
8
BLACK
6
CONTINUOUS
10
6.3395016929133856
20
-3.831484803149606
11
6.3384724409448818
21
-3.831484803149606
0
LINE
8
BLACK
6
CONTINUOUS
10
6.3384724409448818
20
-3.831484803149606
11
6.3373934645669294
21
-3.8320242519685039
0
LINE
8
BLACK
6
CONTINUOUS
10
6.3373934645669294
20
-3.8320242519685039
11
6.336914566929134
21
-3.8325031496062993
0
LINE
8
BLACK
6
CONTINUOUS
10
6.336914566929134
20
-3.8325031496062993
11
6.3363750787401569
21
-3.8335821653543305
0
LINE
8
BLACK
6
CONTINUOUS
10
6.3363750787401569
20
-3.8335821653543305
11
6.3363750787401569
21
-3.8367739763779527
0
LINE
8
BLACK
6
CONTINUOUS
10
6.3363750787401569
20
-3.8367739763779527
11
6.336914566929134
21
-3.8378529527559055
0
LINE
8
BLACK
6
CONTINUOUS
10
6.336914566929134
20
-3.8378529527559055
11
6.3375289763779525
21
-3.8384674015748033
0
LINE
8
BLACK
6
CONTINUOUS
10
6.3375289763779525
20
-3.8384674015748033
11
6.3377850000000002
21
-3.8388506299212599
0
LINE
8
BLACK
6
CONTINUOUS
10
6.3377850000000002
20
-3.8388506299212599
11
6.3377849606299215
21
-3.8397545275590552
0
LINE
8
BLACK
6
CONTINUOUS
10
6.3377849606299215
20
-3.8397545275590552
11
6.3371457086614171
21
-3.8403937795275591
0
LINE
8
BLACK
6
CONTINUOUS
10
6.3371457086614171
20
-3.8403937795275591
11
6.3362417716535431
21
-3.8403937401574804
0
LINE
8
BLACK
6
CONTINUOUS
10
6.3362417716535431
20
-3.8403937401574804
11
6.3358585826771652
21
-3.8401376771653544
0
LINE
8
BLACK
6
CONTINUOUS
10
6.3358585826771652
20
-3.8401376771653544
11
6.3351087007874014
21
-3.8393877952755906
0
LINE
8
BLACK
6
CONTINUOUS
10
6.3351087007874014
20
-3.8393877952755906
11
6.3350035039370081
21
-3.8392303149606297
0
LINE
8
BLACK
6
CONTINUOUS
10
6.3350035039370081
20
-3.8392303149606297
11
6.3348874803149604
21
-3.8390808661417322
0
LINE
8
BLACK
6
CONTINUOUS
10
6.3348874803149604
20
-3.8390808661417322
11
6.3341375590551179
21
-3.8375810629921259
0
LINE
8
BLACK
6
CONTINUOUS
10
6.3341375590551179
20
-3.8375810629921259
11
6.3341219291338584
21
-3.8375239763779527
0
LINE
8
BLACK
6
CONTINUOUS
10
6.3341219291338584
20
-3.8375239763779527
11
6.3341027952755908
21
-3.8375048425196852
0
LINE
8
BLACK
6
CONTINUOUS
10
6.3341027952755908
20
-3.8375048425196852
11
6.3340658267716536
21
-3.83731905511811
0
LINE
8
BLACK
6
CONTINUOUS
10
6.3340658267716536
20
-3.83731905511811
11
6.3340158661417325
21
-3.8371365354330709
0
LINE
8
BLACK
6
CONTINUOUS
10
6.3340158661417325
20
-3.8371365354330709
11
6.3340244094488192
21
-3.8371108661417321
0
LINE
8
BLACK
6
CONTINUOUS
10
6.3340244094488192
20
-3.8371108661417321
11
6.3340128740157482
21
-3.8370528346456694
0
LINE
8
BLACK
6
CONTINUOUS
10
6.3340128740157482
20
-3.8370528346456694
11
6.3340128740157482
21
-3.8333033070866143
0
LINE
8
BLACK
6
CONTINUOUS
10
6.3340128740157482
20
-3.8333033070866143
11
6.3340244094488192
21
-3.8332452362204723
0
LINE
8
BLACK
6
CONTINUOUS
10
6.3340244094488192
20
-3.8332452362204723
11
6.3340158661417325
21
-3.8332196062992123
0
LINE
8
BLACK
6
CONTINUOUS
10
6.3340158661417325
20
-3.8332196062992123
11
6.3340658267716536
21
-3.8330370472440944
0
LINE
8
BLACK
6
CONTINUOUS
10
6.3340658267716536
20
-3.8330370472440944
11
6.3341027952755908
21
-3.8328512992125985
0
LINE
8
BLACK
6
CONTINUOUS
10
6.3341027952755908
20
-3.8328512992125985
11
6.3341219291338584
21
-3.8328321259842517
0
LINE
8
BLACK
6
CONTINUOUS
10
6.3341219291338584
20
-3.8328321259842517
11
6.3341375590551179
21
-3.8327750787401573
0
LINE
8
BLACK
6
CONTINUOUS
10
6.3341375590551179
20
-3.8327750787401573
11
6.3348874803149604
21
-3.831275275590551
0
LINE
8
BLACK
6
CONTINUOUS
10
6.3348874803149604
20
-3.831275275590551
11
6.3350035039370081
21
-3.8311257874015747
0
LINE
8
BLACK
6
CONTINUOUS
10
6.3350035039370081
20
-3.8311257874015747
11
6.3351087007874014
21
-3.830968346456693
0
LINE
8
BLACK
6
CONTINUOUS
10
6.3351087007874014
20
-3.830968346456693
11
6.3358585826771652
21
-3.8302184645669288
0
LINE
8
BLACK
6
CONTINUOUS
10
6.3358585826771652
20
-3.8302184645669288
11
6.3360159448818898
21
-3.8301132677165355
0
LINE
8
BLACK
6
CONTINUOUS
10
6.3360159448818898
20
-3.8301132677165355
11
6.3361655905511807
21
-3.8299971653543308
0
LINE
8
BLACK
6
CONTINUOUS
10
6.3361655905511807
20
-3.8299971653543308
11
6.3376654330708657
21
-3.829247283464567
0
LINE
8
BLACK
6
CONTINUOUS
10
6.3376654330708657
20
-3.829247283464567
11
6.3377224409448818
21
-3.8292316535433071
0
LINE
8
BLACK
6
CONTINUOUS
10
6.3377224409448818
20
-3.8292316535433071
11
6.3377416141732281
21
-3.8292125196850391
0
LINE
8
BLACK
6
CONTINUOUS
10
6.3377416141732281
20
-3.8292125196850391
11
6.3379274015748033
21
-3.8291755511811023
0
LINE
8
BLACK
6
CONTINUOUS
10
6.3379274015748033
20
-3.8291755511811023
11
6.338109921259842
21
-3.8291255905511812
0
LINE
8
BLACK
6
CONTINUOUS
10
6.338109921259842
20
-3.8291255905511812
11
6.3381355511811019
21
-3.8291341338582678
0
LINE
8
BLACK
6
CONTINUOUS
10
6.3381355511811019
20
-3.8291341338582678
11
6.3381936220472443
21
-3.8291225984251969
0
LINE
8
BLACK
6
CONTINUOUS
10
6.3381936220472443
20
-3.8291225984251969
11
6.3396934251968506
21
-3.8291225984251969
0
LINE
8
BLACK
6
CONTINUOUS
10
6.3396934251968506
20
-3.8291225984251969
11
6.3398790157480311
21
-3.8291594881889761
0
LINE
8
BLACK
6
CONTINUOUS
10
6.360280866141732
20
-3.8093624409448816
11
6.3613462204724405
21
-3.8104277952755905
0
LINE
8
BLACK
6
CONTINUOUS
10
6.3613462204724405
20
-3.8104277952755905
11
6.361496062992126
21
-3.8111811023622044
0
LINE
8
BLACK
6
CONTINUOUS
10
6.361496062992126
20
-3.8111811023622044
11
6.361496062992126
21
-3.8741732283464567
0
LINE
8
BLACK
6
CONTINUOUS
10
6.361496062992126
20
-3.8741732283464567
11
6.3613462204724405
21
-3.8749265354330706
0
LINE
8
BLACK
6
CONTINUOUS
10
6.3613462204724405
20
-3.8749265354330706
11
6.360280866141732
21
-3.8759918897637795
0
LINE
8
BLACK
6
CONTINUOUS
10
6.360280866141732
20
-3.8759918897637795
11
6.3595275590551177
21
-3.8761417322834646
0
LINE
8
BLACK
6
CONTINUOUS
10
6.3595275590551177
20
-3.8761417322834646
11
6.3280314960629918
21
-3.8761417322834646
0
LINE
8
BLACK
6
CONTINUOUS
10
6.3280314960629918
20
-3.8761417322834646
11
6.3272781889763774
21
-3.8759918897637795
0
LINE
8
BLACK
6
CONTINUOUS
10
6.3272781889763774
20
-3.8759918897637795
11
6.326212834645669
21
-3.8749265354330706
0
LINE
8
BLACK
6
CONTINUOUS
10
6.326212834645669
20
-3.8749265354330706
11
6.3260629921259843
21
-3.8741732283464567
0
LINE
8
BLACK
6
CONTINUOUS
10
6.3260629921259843
20
-3.8741732283464567
11
6.3260629921259843
21
-3.8111811023622044
0
LINE
8
BLACK
6
CONTINUOUS
10
6.3260629921259843
20
-3.8111811023622044
11
6.326212834645669
21
-3.8104277952755905
0
LINE
8
BLACK
6
CONTINUOUS
10
6.326212834645669
20
-3.8104277952755905
11
6.3272781889763774
21
-3.8093624409448816
0
LINE
8
BLACK
6
CONTINUOUS
10
6.3272781889763774
20
-3.8093624409448816
11
6.3280314960629918
21
-3.8092125984251965
0
LINE
8
BLACK
6
CONTINUOUS
10
6.3280314960629918
20
-3.8092125984251965
11
6.3595275590551177
21
-3.8092125984251965
0
LINE
8
BLACK
6
CONTINUOUS
10
6.3595275590551177
20
-3.8092125984251965
11
6.360280866141732
21
-3.8093624409448816
0
LINE
8
BLACK
6
CONTINUOUS
10
6.3300000000000001
20
-3.8131496062992123
11
6.3300000000000001
21
-3.8722047244094489
0
LINE
8
BLACK
6
CONTINUOUS
10
6.3300000000000001
20
-3.8722047244094489
11
6.3575590551181103
21
-3.8722047244094489
0
LINE
8
BLACK
6
CONTINUOUS
10
6.3575590551181103
20
-3.8722047244094489
11
6.3575590551181103
21
-3.8131496062992123
0
LINE
8
BLACK
6
CONTINUOUS
10
6.3575590551181103
20
-3.8131496062992123
11
6.3300000000000001
21
-3.8131496062992123
0
LINE
8
BLACK
6
CONTINUOUS
10
6.2111661023622045
20
-3.7758797244094486
11
6.2112111023622045
21
-3.7758647637795275
0
LINE
8
BLACK
6
CONTINUOUS
10
6.2112111023622045
20
-3.7758647637795275
11
6.2115304724409448
21
-3.7759522047244092
0
LINE
8
BLACK
6
CONTINUOUS
10
6.2115304724409448
20
-3.7759522047244092
11
6.2118555511811024
21
-3.7760168897637794
0
LINE
8
BLACK
6
CONTINUOUS
10
6.2118555511811024
20
-3.7760168897637794
11
6.211889094488189
21
-3.776050433070866
0
LINE
8
BLACK
6
CONTINUOUS
10
6.211889094488189
20
-3.776050433070866
11
6.2119889370078738
21
-3.7760777952755906
0
LINE
8
BLACK
6
CONTINUOUS
10
6.2119889370078738
20
-3.7760777952755906
11
6.2146135826771651
21
-3.7773901181102363
0
LINE
8
BLACK
6
CONTINUOUS
10
6.2146135826771651
20
-3.7773901181102363
11
6.2148752755905514
21
-3.7775931889763781
0
LINE
8
BLACK
6
CONTINUOUS
10
6.2148752755905514
20
-3.7775931889763781
11
6.2151507480314958
21
-3.7777772834645669
0
LINE
8
BLACK
6
CONTINUOUS
10
6.2151507480314958
20
-3.7777772834645669
11
6.2164631102362202
21
-3.7790896456692913
0
LINE
8
BLACK
6
CONTINUOUS
10
6.2164631102362202
20
-3.7790896456692913
11
6.2166471653543303
21
-3.7793650787401574
0
LINE
8
BLACK
6
CONTINUOUS
10
6.2166471653543303
20
-3.7793650787401574
11
6.2168502755905513
21
-3.779626811023622
0
LINE
8
BLACK
6
CONTINUOUS
10
6.2168502755905513
20
-3.779626811023622
11
6.2181625984251969
21
-3.7822514566929133
0
LINE
8
BLACK
6
CONTINUOUS
10
6.2181625984251969
20
-3.7822514566929133
11
6.2181899212598424
21
-3.7823512598425197
0
LINE
8
BLACK
6
CONTINUOUS
10
6.2181899212598424
20
-3.7823512598425197
11
6.2182235039370077
21
-3.7823848425196851
0
LINE
8
BLACK
6
CONTINUOUS
10
6.2182235039370077
20
-3.7823848425196851
11
6.2182881496062992
21
-3.7827098818897635
0
LINE
8
BLACK
6
CONTINUOUS
10
6.2182881496062992
20
-3.7827098818897635
11
6.21837562992126
21
-3.7830292913385826
0
LINE
8
BLACK
6
CONTINUOUS
10
6.21837562992126
20
-3.7830292913385826
11
6.2183606299212597
21
-3.7830742519685039
0
LINE
8
BLACK
6
CONTINUOUS
10
6.2183606299212597
20
-3.7830742519685039
11
6.2183808267716536
21
-3.7831758267716533
0
LINE
8
BLACK
6
CONTINUOUS
10
6.2183808267716536
20
-3.7831758267716533
11
6.2183808267716536
21
-3.7884251968503935
0
LINE
8
BLACK
6
CONTINUOUS
10
6.2183808267716536
20
-3.7884251968503935
11
6.2183606299212597
21
-3.7885267322834646
0
LINE
8
BLACK
6
CONTINUOUS
10
6.2183606299212597
20
-3.7885267322834646
11
6.21837562992126
21
-3.7885717322834647
0
LINE
8
BLACK
6
CONTINUOUS
10
6.21837562992126
20
-3.7885717322834647
11
6.2182881496062992
21
-3.7888911023622045
0
LINE
8
BLACK
6
CONTINUOUS
10
6.2182881496062992
20
-3.7888911023622045
11
6.2182235039370077
21
-3.7892161811023621
0
LINE
8
BLACK
6
CONTINUOUS
10
6.2182235039370077
20
-3.7892161811023621
11
6.2181899212598424
21
-3.7892497244094487
0
LINE
8
BLACK
6
CONTINUOUS
10
6.2181899212598424
20
-3.7892497244094487
11
6.2181625984251969
21
-3.7893495669291339
0
LINE
8
BLACK
6
CONTINUOUS
10
6.2181625984251969
20
-3.7893495669291339
11
6.2168502755905513
21
-3.7919742125984253
0
LINE
8
BLACK
6
CONTINUOUS
10
6.2168502755905513
20
-3.7919742125984253
11
6.2166471653543303
21
-3.7922359055118111
0
LINE
8
BLACK
6
CONTINUOUS
10
6.2166471653543303
20
-3.7922359055118111
11
6.2164631102362202
21
-3.7925113779527559
0
LINE
8
BLACK
6
CONTINUOUS
10
6.2164631102362202
20
-3.7925113779527559
11
6.2151507480314958
21
-3.7938237401574804
0
LINE
8
BLACK
6
CONTINUOUS
10
6.2151507480314958
20
-3.7938237401574804
11
6.2148752755905514
21
-3.7940077952755904
0
LINE
8
BLACK
6
CONTINUOUS
10
6.2148752755905514
20
-3.7940077952755904
11
6.2146135826771651
21
-3.7942109055118109
0
LINE
8
BLACK
6
CONTINUOUS
10
6.2146135826771651
20
-3.7942109055118109
11
6.2119889370078738
21
-3.7955232283464566
0
LINE
8
BLACK
6
CONTINUOUS
10
6.2119889370078738
20
-3.7955232283464566
11
6.211889094488189
21
-3.7955505511811021
0
LINE
8
BLACK
6
CONTINUOUS
10
6.211889094488189
20
-3.7955505511811021
11
6.2118555511811024
21
-3.7955841338582674
0
LINE
8
BLACK
6
CONTINUOUS
10
6.2118555511811024
20
-3.7955841338582674
11
6.2115304724409448
21
-3.7956487795275589
0
LINE
8
BLACK
6
CONTINUOUS
10
6.2115304724409448
20
-3.7956487795275589
11
6.2112111023622045
21
-3.7957362598425197
0
LINE
8
BLACK
6
CONTINUOUS
10
6.2112111023622045
20
-3.7957362598425197
11
6.2111661023622045
21
-3.7957212598425194
0
LINE
8
BLACK
6
CONTINUOUS
10
6.2111661023622045
20
-3.7957212598425194
11
6.2110645669291333
21
-3.7957414566929133
0
LINE
8
BLACK
6
CONTINUOUS
10
6.2110645669291333
20
-3.7957414566929133
11
6.1887548425196846
21
-3.7957414566929133
0
LINE
8
BLACK
6
CONTINUOUS
10
6.1887548425196846
20
-3.7957414566929133
11
6.1879638582677163
21
-3.7955841338582674
0
LINE
8
BLACK
6
CONTINUOUS
10
6.1879638582677163
20
-3.7955841338582674
11
6.1868452362204724
21
-3.7944655118110235
0
LINE
8
BLACK
6
CONTINUOUS
10
6.1868452362204724
20
-3.7944655118110235
11
6.1868452362204724
21
-3.7928835433070867
0
LINE
8
BLACK
6
CONTINUOUS
10
6.1868452362204724
20
-3.7928835433070867
11
6.1879638582677163
21
-3.7917649212598423
0
LINE
8
BLACK
6
CONTINUOUS
10
6.1879638582677163
20
-3.7917649212598423
11
6.1887548425196846
21
-3.7916075984251969
0
LINE
8
BLACK
6
CONTINUOUS
10
6.1887548425196846
20
-3.7916075984251969
11
6.2105766535433071
21
-3.7916075984251969
0
LINE
8
BLACK
6
CONTINUOUS
10
6.2105766535433071
20
-3.7916075984251969
11
6.2124648425196849
21
-3.7906635039370076
0
LINE
8
BLACK
6
CONTINUOUS
10
6.2124648425196849
20
-3.7906635039370076
11
6.2133028740157483
21
-3.7898254724409446
0
LINE
8
BLACK
6
CONTINUOUS
10
6.2133028740157483
20
-3.7898254724409446
11
6.2142469685039368
21
-3.7879372834645668
0
LINE
8
BLACK
6
CONTINUOUS
10
6.2142469685039368
20
-3.7879372834645668
11
6.2142469685039368
21
-3.7836637401574804
0
LINE
8
BLACK
6
CONTINUOUS
10
6.2142469685039368
20
-3.7836637401574804
11
6.2133028740157483
21
-3.7817755511811022
0
LINE
8
BLACK
6
CONTINUOUS
10
6.2133028740157483
20
-3.7817755511811022
11
6.2124648425196849
21
-3.7809375196850392
0
LINE
8
BLACK
6
CONTINUOUS
10
6.2124648425196849
20
-3.7809375196850392
11
6.2105766535433071
21
-3.7799934251968503
0
LINE
8
BLACK
6
CONTINUOUS
10
6.2105766535433071
20
-3.7799934251968503
11
6.1887548425196846
21
-3.7799934251968503
0
LINE
8
BLACK
6
CONTINUOUS
10
6.1887548425196846
20
-3.7799934251968503
11
6.1879638582677163
21
-3.7798361023622045
0
LINE
8
BLACK
6
CONTINUOUS
10
6.1879638582677163
20
-3.7798361023622045
11
6.1868452362204724
21
-3.7787174803149606
0
LINE
8
BLACK
6
CONTINUOUS
10
6.1868452362204724
20
-3.7787174803149606
11
6.1868452362204724
21
-3.7771355118110237
0
LINE
8
BLACK
6
CONTINUOUS
10
6.1868452362204724
20
-3.7771355118110237
11
6.1879638582677163
21
-3.7760168897637794
0
LINE
8
BLACK
6
CONTINUOUS
10
6.1879638582677163
20
-3.7760168897637794
11
6.1887548425196846
21
-3.7758595669291339
0
LINE
8
BLACK
6
CONTINUOUS
10
6.1887548425196846
20
-3.7758595669291339
11
6.2110645669291333
21
-3.7758595669291339
0
LINE
8
BLACK
6
CONTINUOUS
10
6.2110645669291333
20
-3.7758595669291339
11
6.2111661023622045
21
-3.7758797244094486
0
LINE
8
BLACK
6
CONTINUOUS
10
6.1969537795275587
20
-3.748365118110236
11
6.1972824803149607
21
-3.7484065748031496
0
LINE
8
BLACK
6
CONTINUOUS
10
6.1972824803149607
20
-3.7484065748031496
11
6.2012194881889764
21
-3.7497189370078741
0
LINE
8
BLACK
6
CONTINUOUS
10
6.2012194881889764
20
-3.7497189370078741
11
6.201309409448819
21
-3.7497701968503936
0
LINE
8
BLACK
6
CONTINUOUS
10
6.201309409448819
20
-3.7497701968503936
11
6.2013568503937009
21
-3.7497701968503936
0
LINE
8
BLACK
6
CONTINUOUS
10
6.2013568503937009
20
-3.7497701968503936
11
6.2016321653543303
21
-3.7499541732283466
0
LINE
8
BLACK
6
CONTINUOUS
10
6.2016321653543303
20
-3.7499541732283466
11
6.2019201181102357
21
-3.750118307086614
0
LINE
8
BLACK
6
CONTINUOUS
10
6.2019201181102357
20
-3.750118307086614
11
6.2019413385826772
21
-3.750160748031496
0
LINE
8
BLACK
6
CONTINUOUS
10
6.2019413385826772
20
-3.750160748031496
11
6.2020274015748029
21
-3.7502182677165354
0
LINE
8
BLACK
6
CONTINUOUS
10
6.2020274015748029
20
-3.7502182677165354
11
6.2142469685039368
21
-3.7624378346456693
0
LINE
8
BLACK
6
CONTINUOUS
10
6.2142469685039368
20
-3.7624378346456693
11
6.2142469685039368
21
-3.7503674409448817
0
LINE
8
BLACK
6
CONTINUOUS
10
6.2142469685039368
20
-3.7503674409448817
11
6.2144042913385826
21
-3.7495764566929135
0
LINE
8
BLACK
6
CONTINUOUS
10
6.2144042913385826
20
-3.7495764566929135
11
6.2155229133858265
21
-3.7484578346456692
0
LINE
8
BLACK
6
CONTINUOUS
10
6.2155229133858265
20
-3.7484578346456692
11
6.2171048818897638
21
-3.7484578346456692
0
LINE
8
BLACK
6
CONTINUOUS
10
6.2171048818897638
20
-3.7484578346456692
11
6.2182235039370077
21
-3.7495764566929135
0
LINE
8
BLACK
6
CONTINUOUS
10
6.2182235039370077
20
-3.7495764566929135
11
6.2183808267716536
21
-3.7503674409448817
0
LINE
8
BLACK
6
CONTINUOUS
10
6.2183808267716536
20
-3.7503674409448817
11
6.2183808267716536
21
-3.7674278346456691
0
LINE
8
BLACK
6
CONTINUOUS
10
6.2183808267716536
20
-3.7674278346456691
11
6.2182235039370077
21
-3.7682188188976378
0
LINE
8
BLACK
6
CONTINUOUS
10
6.2182235039370077
20
-3.7682188188976378
11
6.2171048818897638
21
-3.7693374409448817
0
LINE
8
BLACK
6
CONTINUOUS
10
6.2171048818897638
20
-3.7693374409448817
11
6.2155229133858265
21
-3.7693374409448817
0
LINE
8
BLACK
6
CONTINUOUS
10
6.2155229133858265
20
-3.7693374409448817
11
6.2148523622047245
21
-3.7688893700787403
0
LINE
8
BLACK
6
CONTINUOUS
10
6.2148523622047245
20
-3.7688893700787403
11
6.1994493700787396
21
-3.7534863779527559
0
LINE
8
BLACK
6
CONTINUOUS
10
6.1994493700787396
20
-3.7534863779527559
11
6.19629342519685
21
-3.7524343700787401
0
LINE
8
BLACK
6
CONTINUOUS
10
6.19629342519685
20
-3.7524343700787401
11
6.1944920866141731
21
-3.7524343700787401
0
LINE
8
BLACK
6
CONTINUOUS
10
6.1944920866141731
20
-3.7524343700787401
11
6.1926038976377953
21
-3.753378464566929
0
LINE
8
BLACK
6
CONTINUOUS
10
6.1926038976377953
20
-3.753378464566929
11
6.1917658661417319
21
-3.754216496062992
0
LINE
8
BLACK
6
CONTINUOUS
10
6.1917658661417319
20
-3.754216496062992
11
6.1908217716535434
21
-3.7561047244094485
0
LINE
8
BLACK
6
CONTINUOUS
10
6.1908217716535434
20
-3.7561047244094485
11
6.1908217716535434
21
-3.7616905118110235
0
LINE
8
BLACK
6
CONTINUOUS
10
6.1908217716535434
20
-3.7616905118110235
11
6.1917658661417319
21
-3.7635787401574801
0
LINE
8
BLACK
6
CONTINUOUS
10
6.1917658661417319
20
-3.7635787401574801
11
6.1928410629921258
21
-3.764653937007874
0
LINE
8
BLACK
6
CONTINUOUS
10
6.1928410629921258
20
-3.764653937007874
11
6.1932891338582676
21
-3.7653244488188977
0
LINE
8
BLACK
6
CONTINUOUS
10
6.1932891338582676
20
-3.7653244488188977
11
6.1932891732283464
21
-3.7669064566929134
0
LINE
8
BLACK
6
CONTINUOUS
10
6.1932891732283464
20
-3.7669064566929134
11
6.1921705511811025
21
-3.7680250787401572
0
LINE
8
BLACK
6
CONTINUOUS
10
6.1921705511811025
20
-3.7680250787401572
11
6.1905885826771652
21
-3.768025118110236
0
LINE
8
BLACK
6
CONTINUOUS
10
6.1905885826771652
20
-3.768025118110236
11
6.1899180314960631
21
-3.7675770472440946
0
LINE
8
BLACK
6
CONTINUOUS
10
6.1899180314960631
20
-3.7675770472440946
11
6.18860562992126
21
-3.7662647244094489
0
LINE
8
BLACK
6
CONTINUOUS
10
6.18860562992126
20
-3.7662647244094489
11
6.1884213385826774
21
-3.7659889763779528
0
LINE
8
BLACK
6
CONTINUOUS
10
6.1884213385826774
20
-3.7659889763779528
11
6.1882184645669289
21
-3.7657275196850395
0
LINE
8
BLACK
6
CONTINUOUS
10
6.1882184645669289
20
-3.7657275196850395
11
6.1869061023622045
21
-3.7631027952755907
0
LINE
8
BLACK
6
CONTINUOUS
10
6.1869061023622045
20
-3.7631027952755907
11
6.1868787401574803
21
-3.7630029527559055
0
LINE
8
BLACK
6
CONTINUOUS
10
6.1868787401574803
20
-3.7630029527559055
11
6.1868452362204724
21
-3.7629694488188976
0
LINE
8
BLACK
6
CONTINUOUS
10
6.1868452362204724
20
-3.7629694488188976
11
6.186780590551181
21
-3.7626444488188975
0
LINE
8
BLACK
6
CONTINUOUS
10
6.186780590551181
20
-3.7626444488188975
11
6.1866931102362202
21
-3.7623249606299214
0
LINE
8
BLACK
6
CONTINUOUS
10
6.1866931102362202
20
-3.7623249606299214
11
6.1867080708661417
21
-3.7622799606299213
0
LINE
8
BLACK
6
CONTINUOUS
10
6.1867080708661417
20
-3.7622799606299213
11
6.1866879133858266
21
-3.7621784645669289
0
LINE
8
BLACK
6
CONTINUOUS
10
6.1866879133858266
20
-3.7621784645669289
11
6.1866879133858266
21
-3.7556168110236219
0
LINE
8
BLACK
6
CONTINUOUS
10
6.1866879133858266
20
-3.7556168110236219
11
6.1867080708661417
21
-3.7555152755905512
0
LINE
8
BLACK
6
CONTINUOUS
10
6.1867080708661417
20
-3.7555152755905512
11
6.1866931102362202
21
-3.7554703149606299
0
LINE
8
BLACK
6
CONTINUOUS
10
6.1866931102362202
20
-3.7554703149606299
11
6.186780590551181
21
-3.7551507874015746
0
LINE
8
BLACK
6
CONTINUOUS
10
6.186780590551181
20
-3.7551507874015746
11
6.1868452362204724
21
-3.7548258267716537
0
LINE
8
BLACK
6
CONTINUOUS
10
6.1868452362204724
20
-3.7548258267716537
11
6.1868787401574803
21
-3.7547922834645671
0
LINE
8
BLACK
6
CONTINUOUS
10
6.1868787401574803
20
-3.7547922834645671
11
6.1869061023622045
21
-3.7546924803149606
0
LINE
8
BLACK
6
CONTINUOUS
10
6.1869061023622045
20
-3.7546924803149606
11
6.1882184645669289
21
-3.7520677559055118
0
LINE
8
BLACK
6
CONTINUOUS
10
6.1882184645669289
20
-3.7520677559055118
11
6.1884213385826774
21
-3.7518062598425197
0
LINE
8
BLACK
6
CONTINUOUS
10
6.1884213385826774
20
-3.7518062598425197
11
6.18860562992126
21
-3.7515305511811023
0
LINE
8
BLACK
6
CONTINUOUS
10
6.18860562992126
20
-3.7515305511811023
11
6.1899180314960631
21
-3.7502182283464567
0
LINE
8
BLACK
6
CONTINUOUS
10
6.1899180314960631
20
-3.7502182283464567
11
6.1901935433070863
21
-3.7500340944881887
0
LINE
8
BLACK
6
CONTINUOUS
10
6.1901935433070863
20
-3.7500340944881887
11
6.1904551574803151
21
-3.7498311023622048
0
LINE
8
BLACK
6
CONTINUOUS
10
6.1904551574803151
20
-3.7498311023622048
11
6.1930797637795276
21
-3.7485187401574804
0
LINE
8
BLACK
6
CONTINUOUS
10
6.1930797637795276
20
-3.7485187401574804
11
6.1931796062992124
21
-3.7484913779527558
0
LINE
8
BLACK
6
CONTINUOUS
10
6.1931796062992124
20
-3.7484913779527558
11
6.1932131889763777
21
-3.7484578346456692
0
LINE
8
BLACK
6
CONTINUOUS
10
6.1932131889763777
20
-3.7484578346456692
11
6.1935380708661416
21
-3.7483931889763777
0
LINE
8
BLACK
6
CONTINUOUS
10
6.1935380708661416
20
-3.7483931889763777
11
6.1938575984251969
21
-3.7483057086614173
0
LINE
8
BLACK
6
CONTINUOUS
10
6.1938575984251969
20
-3.7483057086614173
11
6.193902598425197
21
-3.7483207086614172
0
LINE
8
BLACK
6
CONTINUOUS
10
6.193902598425197
20
-3.7483207086614172
11
6.194004173228346
21
-3.7483005118110237
0
LINE
8
BLACK
6
CONTINUOUS
10
6.194004173228346
20
-3.7483005118110237
11
6.196628858267716
21
-3.7483005118110237
0
LINE
8
BLACK
6
CONTINUOUS
10
6.196628858267716
20
-3.7483005118110237
11
6.1969537795275587
21
-3.748365118110236
0
LINE
8
BLACK
6
CONTINUOUS
10
6.263410708661417
20
-3.7107260236220472
11
6.2644751181102363
21
-3.7111669291338583
0
LINE
8
BLACK
6
CONTINUOUS
10
6.2644751181102363
20
-3.7111669291338583
11
6.2652897637795277
21
-3.7119815748031497
0
LINE
8
BLACK
6
CONTINUOUS
10
6.2652897637795277
20
-3.7119815748031497
11
6.2657306692913384
21
-3.7130459842519685
0
LINE
8
BLACK
6
CONTINUOUS
10
6.2657306692913384
20
-3.7130459842519685
11
6.2657874015748032
21
-3.7136220472440944
0
LINE
8
BLACK
6
CONTINUOUS
10
6.2657874015748032
20
-3.7136220472440944
11
6.2657874015748032
21
-3.8317322834645666
0
LINE
8
BLACK
6
CONTINUOUS
10
6.2657874015748032
20
-3.8317322834645666
11
6.2657306692913384
21
-3.8323083464566929
0
LINE
8
BLACK
6
CONTINUOUS
10
6.2657306692913384
20
-3.8323083464566929
11
6.2652897637795277
21
-3.8333727559055117
0
LINE
8
BLACK
6
CONTINUOUS
10
6.2652897637795277
20
-3.8333727559055117
11
6.2644751181102363
21
-3.8341874015748032
0
LINE
8
BLACK
6
CONTINUOUS
10
6.2644751181102363
20
-3.8341874015748032
11
6.263410708661417
21
-3.8346283070866143
0
LINE
8
BLACK
6
CONTINUOUS
10
6.263410708661417
20
-3.8346283070866143
11
6.2628346456692912
21
-3.8346850393700787
0
LINE
8
BLACK
6
CONTINUOUS
10
6.2628346456692912
20
-3.8346850393700787
11
6.1840944881889763
21
-3.8346850393700787
0
LINE
8
BLACK
6
CONTINUOUS
10
6.1840944881889763
20
-3.8346850393700787
11
6.1835184251968505
21
-3.8346283070866143
0
LINE
8
BLACK
6
CONTINUOUS
10
6.1835184251968505
20
-3.8346283070866143
11
6.1830775590551177
21
-3.8344456692913385
0
LINE
8
BLACK
6
CONTINUOUS
10
6.1830775590551177
20
-3.8344456692913385
11
6.18245405511811
21
-3.834187440944882
0
LINE
8
BLACK
6
CONTINUOUS
10
6.18245405511811
20
-3.834187440944882
11
6.1820065748031494
21
-3.8338201968503935
0
LINE
8
BLACK
6
CONTINUOUS
10
6.1820065748031494
20
-3.8338201968503935
11
6.142636496062992
21
-3.7944501181102361
0
LINE
8
BLACK
6
CONTINUOUS
10
6.142636496062992
20
-3.7944501181102361
11
6.1422692913385823
21
-3.7940026771653543
0
LINE
8
BLACK
6
CONTINUOUS
10
6.1422692913385823
20
-3.7940026771653543
11
6.1419922834645666
21
-3.7933338976377953
0
LINE
8
BLACK
6
CONTINUOUS
10
6.1419922834645666
20
-3.7933338976377953
11
6.1418283858267717
21
-3.7929382677165355
0
LINE
8
BLACK
6
CONTINUOUS
10
6.1418283858267717
20
-3.7929382677165355
11
6.1417716535433069
21
-3.7923622047244092
0
LINE
8
BLACK
6
CONTINUOUS
10
6.1417716535433069
20
-3.7923622047244092
11
6.1417716535433069
21
-3.7136220472440944
0
LINE
8
BLACK
6
CONTINUOUS
10
6.1417716535433069
20
-3.7136220472440944
11
6.1418283858267717
21
-3.7130459842519685
0
LINE
8
BLACK
6
CONTINUOUS
10
6.1418283858267717
20
-3.7130459842519685
11
6.1422692913385823
21
-3.7119815748031497
0
LINE
8
BLACK
6
CONTINUOUS
10
6.1422692913385823
20
-3.7119815748031497
11
6.1430839370078738
21
-3.7111669291338583
0
LINE
8
BLACK
6
CONTINUOUS
10
6.1430839370078738
20
-3.7111669291338583
11
6.1441483464566931
21
-3.7107260236220472
0
LINE
8
BLACK
6
CONTINUOUS
10
6.1441483464566931
20
-3.7107260236220472
11
6.1447244094488189
21
-3.7106692913385828
0
LINE
8
BLACK
6
CONTINUOUS
10
6.1447244094488189
20
-3.7106692913385828
11
6.2628346456692912
21
-3.7106692913385828
0
LINE
8
BLACK
6
CONTINUOUS
10
6.2628346456692912
20
-3.7106692913385828
11
6.263410708661417
21
-3.7107260236220472
0
LINE
8
BLACK
6
CONTINUOUS
10
6.147677165354331
20
-3.7165748031496064
11
6.147677165354331
21
-3.7911391338582678
0
LINE
8
BLACK
6
CONTINUOUS
10
6.147677165354331
20
-3.7911391338582678
11
6.1853175590551182
21
-3.828779527559055
0
LINE
8
BLACK
6
CONTINUOUS
10
6.1853175590551182
20
-3.828779527559055
11
6.2598818897637791
21
-3.828779527559055
0
LINE
8
BLACK
6
CONTINUOUS
10
6.2598818897637791
20
-3.828779527559055
11
6.2598818897637791
21
-3.7165748031496064
0
LINE
8
BLACK
6
CONTINUOUS
10
6.2598818897637791
20
-3.7165748031496064
11
6.147677165354331
21
-3.7165748031496064
0
LINE
8
BLACK
6
CONTINUOUS
10
6.357784960629921
20
-3.7148498425196848
11
6.3577849999999998
21
-3.7157537401574801
0
LINE
8
BLACK
6
CONTINUOUS
10
6.3577849999999998
20
-3.7157537401574801
11
6.357528976377953
21
-3.7161369685039367
0
LINE
8
BLACK
6
CONTINUOUS
10
6.357528976377953
20
-3.7161369685039367
11
6.356976181102362
21
-3.7166897637795273
0
LINE
8
BLACK
6
CONTINUOUS
10
6.356976181102362
20
-3.7166897637795273
11
6.3563750787401574
21
-3.7184930314960627
0
LINE
8
BLACK
6
CONTINUOUS
10
6.3563750787401574
20
-3.7184930314960627
11
6.3563750787401574
21
-3.7196096062992123
0
LINE
8
BLACK
6
CONTINUOUS
10
6.3563750787401574
20
-3.7196096062992123
11
6.356976181102362
21
-3.7214129527559052
0
LINE
8
BLACK
6
CONTINUOUS
10
6.356976181102362
20
-3.7214129527559052
11
6.3581433464566928
21
-3.7225800787401573
0
LINE
8
BLACK
6
CONTINUOUS
10
6.3581433464566928
20
-3.7225800787401573
11
6.3593557480314962
21
-3.7231862598425196
0
LINE
8
BLACK
6
CONTINUOUS
10
6.3593557480314962
20
-3.7231862598425196
11
6.3620885039370076
21
-3.7238694881889765
0
LINE
8
BLACK
6
CONTINUOUS
10
6.3620885039370076
20
-3.7238694881889765
11
6.3640475196850392
21
-3.7238694881889765
0
LINE
8
BLACK
6
CONTINUOUS
10
6.3640475196850392
20
-3.7238694881889765
11
6.3667801968503932
21
-3.7231862992125984
0
LINE
8
BLACK
6
CONTINUOUS
10
6.3667801968503932
20
-3.7231862992125984
11
6.3679926771653541
21
-3.7225800393700785
0
LINE
8
BLACK
6
CONTINUOUS
10
6.3679926771653541
20
-3.7225800393700785
11
6.3691597244094487
21
-3.721412992125984
0
LINE
8
BLACK
6
CONTINUOUS
10
6.3691597244094487
20
-3.721412992125984
11
6.3697609055118107
21
-3.7196095275590548
0
LINE
8
BLACK
6
CONTINUOUS
10
6.3697609055118107
20
-3.7196095275590548
11
6.3697609055118107
21
-3.7184931102362202
0
LINE
8
BLACK
6
CONTINUOUS
10
6.3697609055118107
20
-3.7184931102362202
11
6.3691597244094487
21
-3.7166896456692911
0
LINE
8
BLACK
6
CONTINUOUS
10
6.3691597244094487
20
-3.7166896456692911
11
6.3686070472440948
21
-3.7161369685039367
0
LINE
8
BLACK
6
CONTINUOUS
10
6.3686070472440948
20
-3.7161369685039367
11
6.3683510236220471
21
-3.7157537795275588
0
LINE
8
BLACK
6
CONTINUOUS
10
6.3683510236220471
20
-3.7157537795275588
11
6.3683510236220471
21
-3.7148498425196848
0
LINE
8
BLACK
6
CONTINUOUS
10
6.3683510236220471
20
-3.7148498425196848
11
6.3689902362204727
21
-3.7142106299212596
0
LINE
8
BLACK
6
CONTINUOUS
10
6.3689902362204727
20
-3.7142106299212596
11
6.3698941732283467
21
-3.7142106299212596
0
LINE
8
BLACK
6
CONTINUOUS
10
6.3698941732283467
20
-3.7142106299212596
11
6.3702773622047246
21
-3.7144666535433069
0
LINE
8
BLACK
6
CONTINUOUS
10
6.3702773622047246
20
-3.7144666535433069
11
6.3710272834645671
21
-3.7152165748031494
0
LINE
8
BLACK
6
CONTINUOUS
10
6.3710272834645671
20
-3.7152165748031494
11
6.3710601181102362
21
-3.7152657480314959
0
LINE
8
BLACK
6
CONTINUOUS
10
6.3710601181102362
20
-3.7152657480314959
11
6.3710843700787398
21
-3.7152778740157482
0
LINE
8
BLACK
6
CONTINUOUS
10
6.3710843700787398
20
-3.7152778740157482
11
6.3711780708661419
21
-3.7154422440944881
0
LINE
8
BLACK
6
CONTINUOUS
10
6.3711780708661419
20
-3.7154422440944881
11
6.3712833464566927
21
-3.7155997637795273
0
LINE
8
BLACK
6
CONTINUOUS
10
6.3712833464566927
20
-3.7155997637795273
11
6.3712833464566927
21
-3.7156268503937007
0
LINE
8
BLACK
6
CONTINUOUS
10
6.3712833464566927
20
-3.7156268503937007
11
6.3713126377952758
21
-3.7156782283464564
0
LINE
8
BLACK
6
CONTINUOUS
10
6.3713126377952758
20
-3.7156782283464564
11
6.3720625196850396
21
-3.7179279133858265
0
LINE
8
BLACK
6
CONTINUOUS
10
6.3720625196850396
20
-3.7179279133858265
11
6.3720861811023619
21
-3.7181157874015747
0
LINE
8
BLACK
6
CONTINUOUS
10
6.3720861811023619
20
-3.7181157874015747
11
6.3721231102362204
21
-3.7183014173228344
0
LINE
8
BLACK
6
CONTINUOUS
10
6.3721231102362204
20
-3.7183014173228344
11
6.3721231102362204
21
-3.7198012598425194
0
LINE
8
BLACK
6
CONTINUOUS
10
6.3721231102362204
20
-3.7198012598425194
11
6.3720861417322832
21
-3.7199868897637796
0
LINE
8
BLACK
6
CONTINUOUS
10
6.3720861417322832
20
-3.7199868897637796
11
6.3720625196850396
21
-3.7201747244094485
0
LINE
8
BLACK
6
CONTINUOUS
10
6.3720625196850396
20
-3.7201747244094485
11
6.3713126377952758
21
-3.7224244881889761
0
LINE
8
BLACK
6
CONTINUOUS
10
6.3713126377952758
20
-3.7224244881889761
11
6.3712833070866139
21
-3.7224759055118111
0
LINE
8
BLACK
6
CONTINUOUS
10
6.3712833070866139
20
-3.7224759055118111
11
6.3712833070866139
21
-3.7225029527559053
0
LINE
8
BLACK
6
CONTINUOUS
10
6.3712833070866139
20
-3.7225029527559053
11
6.3711781496062994
21
-3.7226603149606299
0
LINE
8
BLACK
6
CONTINUOUS
10
6.3711781496062994
20
-3.7226603149606299
11
6.3710843700787398
21
-3.7228248425196848
0
LINE
8
BLACK
6
CONTINUOUS
10
6.3710843700787398
20
-3.7228248425196848
11
6.371060157480315
21
-3.7228369291338583
0
LINE
8
BLACK
6
CONTINUOUS
10
6.371060157480315
20
-3.7228369291338583
11
6.3710272834645671
21
-3.7228861811023619
0
LINE
8
BLACK
6
CONTINUOUS
10
6.3710272834645671
20
-3.7228861811023619
11
6.3695274409448821
21
-3.7243859448818899
0
LINE
8
BLACK
6
CONTINUOUS
10
6.3695274409448821
20
-3.7243859448818899
11
6.3693699606299212
21
-3.7244911417322832
0
LINE
8
BLACK
6
CONTINUOUS
10
6.3693699606299212
20
-3.7244911417322832
11
6.3692204724409445
21
-3.7246072047244092
0
LINE
8
BLACK
6
CONTINUOUS
10
6.3692204724409445
20
-3.7246072047244092
11
6.3677206692913382
21
-3.725357086614173
0
LINE
8
BLACK
6
CONTINUOUS
10
6.3677206692913382
20
-3.725357086614173
11
6.3675958661417322
21
-3.7253912204724409
0
LINE
8
BLACK
6
CONTINUOUS
10
6.3675958661417322
20
-3.7253912204724409
11
6.3674789370078742
21
-3.7254464960629918
0
LINE
8
BLACK
6
CONTINUOUS
10
6.3674789370078742
20
-3.7254464960629918
11
6.3644793307086616
21
-3.7261964173228344
0
LINE
8
BLACK
6
CONTINUOUS
10
6.3644793307086616
20
-3.7261964173228344
11
6.3643348425196846
21
-3.7262034251968501
0
LINE
8
BLACK
6
CONTINUOUS
10
6.3643348425196846
20
-3.7262034251968501
11
6.3641928740157478
21
-3.7262316929133856
0
LINE
8
BLACK
6
CONTINUOUS
10
6.3641928740157478
20
-3.7262316929133856
11
6.361943149606299
21
-3.7262316929133856
0
LINE
8
BLACK
6
CONTINUOUS
10
6.361943149606299
20
-3.7262316929133856
11
6.3618011417322835
21
-3.7262034251968501
0
LINE
8
BLACK
6
CONTINUOUS
10
6.3618011417322835
20
-3.7262034251968501
11
6.3616566929133853
21
-3.7261964173228344
0
LINE
8
BLACK
6
CONTINUOUS
10
6.3616566929133853
20
-3.7261964173228344
11
6.358657047244094
21
-3.7254464960629918
0
LINE
8
BLACK
6
CONTINUOUS
10
6.358657047244094
20
-3.7254464960629918
11
6.3585400787401571
21
-3.7253912204724409
0
LINE
8
BLACK
6
CONTINUOUS
10
6.3585400787401571
20
-3.7253912204724409
11
6.3584153149606299
21
-3.725357086614173
0
LINE
8
BLACK
6
CONTINUOUS
10
6.3584153149606299
20
-3.725357086614173
11
6.3569155118110237
21
-3.7246072047244092
0
LINE
8
BLACK
6
CONTINUOUS
10
6.3569155118110237
20
-3.7246072047244092
11
6.3567658661417319
21
-3.7244910629921257
0
LINE
8
BLACK
6
CONTINUOUS
10
6.3567658661417319
20
-3.7244910629921257
11
6.3566085039370082
21
-3.7243859448818899
0
LINE
8
BLACK
6
CONTINUOUS
10
6.3566085039370082
20
-3.7243859448818899
11
6.3551087401574797
21
-3.7228861417322832
0
LINE
8
BLACK
6
CONTINUOUS
10
6.3551087401574797
20
-3.7228861417322832
11
6.3550758661417319
21
-3.7228369291338583
0
LINE
8
BLACK
6
CONTINUOUS
10
6.3550758661417319
20
-3.7228369291338583
11
6.355051653543307
21
-3.7228248425196848
0
LINE
8
BLACK
6
CONTINUOUS
10
6.355051653543307
20
-3.7228248425196848
11
6.3549578740157475
21
-3.7226603543307086
0
LINE
8
BLACK
6
CONTINUOUS
10
6.3549578740157475
20
-3.7226603543307086
11
6.3548527165354329
21
-3.7225029527559053
0
LINE
8
BLACK
6
CONTINUOUS
10
6.3548527165354329
20
-3.7225029527559053
11
6.3548527165354329
21
-3.7224758661417323
0
LINE
8
BLACK
6
CONTINUOUS
10
6.3548527165354329
20
-3.7224758661417323
11
6.3548234251968498
21
-3.7224244881889761
0
LINE
8
BLACK
6
CONTINUOUS
10
6.3548234251968498
20
-3.7224244881889761
11
6.3540735039370073
21
-3.7201747637795273
0
LINE
8
BLACK
6
CONTINUOUS
10
6.3540735039370073
20
-3.7201747637795273
11
6.354049842519685
21
-3.7199871259842521
0
LINE
8
BLACK
6
CONTINUOUS
10
6.354049842519685
20
-3.7199871259842521
11
6.3540128740157478
21
-3.7198012598425194
0
LINE
8
BLACK
6
CONTINUOUS
10
6.3540128740157478
20
-3.7198012598425194
11
6.3540128740157478
21
-3.7183014173228344
0
LINE
8
BLACK
6
CONTINUOUS
10
6.3540128740157478
20
-3.7183014173228344
11
6.354049842519685
21
-3.7181155118110234
0
LINE
8
BLACK
6
CONTINUOUS
10
6.354049842519685
20
-3.7181155118110234
11
6.3540735039370073
21
-3.7179279133858265
0
LINE
8
BLACK
6
CONTINUOUS
10
6.3540735039370073
20
-3.7179279133858265
11
6.3548234251968498
21
-3.7156782283464564
0
LINE
8
BLACK
6
CONTINUOUS
10
6.3548234251968498
20
-3.7156782283464564
11
6.3548526771653542
21
-3.7156268897637794
0
LINE
8
BLACK
6
CONTINUOUS
10
6.3548526771653542
20
-3.7156268897637794
11
6.3548526771653542
21
-3.715599803149606
0
LINE
8
BLACK
6
CONTINUOUS
10
6.3548526771653542
20
-3.715599803149606
11
6.3549580314960625
21
-3.7154420866141731
0
LINE
8
BLACK
6
CONTINUOUS
10
6.3549580314960625
20
-3.7154420866141731
11
6.355051653543307
21
-3.7152778740157482
0
LINE
8
BLACK
6
CONTINUOUS
10
6.355051653543307
20
-3.7152778740157482
11
6.3550757874015744
21
-3.7152657874015746
0
LINE
8
BLACK
6
CONTINUOUS
10
6.3550757874015744
20
-3.7152657874015746
11
6.3551087007874019
21
-3.7152165748031494
0
LINE
8
BLACK
6
CONTINUOUS
10
6.3551087007874019
20
-3.7152165748031494
11
6.3558585826771656
21
-3.7144666929133856
0
LINE
8
BLACK
6
CONTINUOUS
10
6.3558585826771656
20
-3.7144666929133856
11
6.3562417716535435
21
-3.7142106299212596
0
LINE
8
BLACK
6
CONTINUOUS
10
6.3562417716535435
20
-3.7142106299212596
11
6.3571457086614176
21
-3.7142105905511809
0
LINE
8
BLACK
6
CONTINUOUS
10
6.3571457086614176
20
-3.7142105905511809
11
6.357784960629921
21
-3.7148498425196848
0
LINE
8
BLACK
6
CONTINUOUS
10
6.3667838582677163
20
-3.699101771653543
11
6.366873779527559
21
-3.6995537795275588
0
LINE
8
BLACK
6
CONTINUOUS
10
6.366873779527559
20
-3.6995537795275588
11
6.366873779527559
21
-3.7006224015748033
0
LINE
8
BLACK
6
CONTINUOUS
10
6.366873779527559
20
-3.7006224015748033
11
6.3709420078740155
21
-3.7006224015748033
0
LINE
8
BLACK
6
CONTINUOUS
10
6.3709420078740155
20
-3.7006224015748033
11
6.3713940157480318
21
-3.7007123228346455
0
LINE
8
BLACK
6
CONTINUOUS
10
6.3713940157480318
20
-3.7007123228346455
11
6.3720331889763777
21
-3.7013514960629919
0
LINE
8
BLACK
6
CONTINUOUS
10
6.3720331889763777
20
-3.7013514960629919
11
6.3720331889763777
21
-3.7022555118110234
0
LINE
8
BLACK
6
CONTINUOUS
10
6.3720331889763777
20
-3.7022555118110234
11
6.3713940157480318
21
-3.7028946850393698
0
LINE
8
BLACK
6
CONTINUOUS
10
6.3713940157480318
20
-3.7028946850393698
11
6.3709420078740155
21
-3.7029846062992124
0
LINE
8
BLACK
6
CONTINUOUS
10
6.3709420078740155
20
-3.7029846062992124
11
6.366873779527559
21
-3.7029846062992124
0
LINE
8
BLACK
6
CONTINUOUS
10
6.366873779527559
20
-3.7029846062992124
11
6.366873779527559
21
-3.7093025590551179
0
LINE
8
BLACK
6
CONTINUOUS
10
6.366873779527559
20
-3.7093025590551179
11
6.3667838582677163
21
-3.7097545669291336
0
LINE
8
BLACK
6
CONTINUOUS
10
6.3667838582677163
20
-3.7097545669291336
11
6.3666463779527556
21
-3.7098920472440944
0
LINE
8
BLACK
6
CONTINUOUS
10
6.3666463779527556
20
-3.7098920472440944
11
6.3665849212598422
21
-3.7100764173228344
0
LINE
8
BLACK
6
CONTINUOUS
10
6.3665849212598422
20
-3.7100764173228344
11
6.3663390944881888
21
-3.7101993307086611
0
LINE
8
BLACK
6
CONTINUOUS
10
6.3663390944881888
20
-3.7101993307086611
11
6.3661446850393704
21
-3.71039374015748
0
LINE
8
BLACK
6
CONTINUOUS
10
6.3661446850393704
20
-3.71039374015748
11
6.365950275590551
21
-3.71039374015748
0
LINE
8
BLACK
6
CONTINUOUS
10
6.365950275590551
20
-3.71039374015748
11
6.3657764173228344
21
-3.7104806692913384
0
LINE
8
BLACK
6
CONTINUOUS
10
6.3657764173228344
20
-3.7104806692913384
11
6.3653191732283467
21
-3.7104230314960631
0
LINE
8
BLACK
6
CONTINUOUS
10
6.3653191732283467
20
-3.7104230314960631
11
6.3540705905511814
21
-3.706673503937008
0
LINE
8
BLACK
6
CONTINUOUS
10
6.3540705905511814
20
-3.706673503937008
11
6.3536702362204727
21
-3.7064452755905513
0
LINE
8
BLACK
6
CONTINUOUS
10
6.3536702362204727
20
-3.7064452755905513
11
6.3532659842519683
21
-3.7056367716535434
0
LINE
8
BLACK
6
CONTINUOUS
10
6.3532659842519683
20
-3.7056367716535434
11
6.3535518503937007
21
-3.7047791732283462
0
LINE
8
BLACK
6
CONTINUOUS
10
6.3535518503937007
20
-3.7047791732283462
11
6.3543603543307086
21
-3.7043749212598422
0
LINE
8
BLACK
6
CONTINUOUS
10
6.3543603543307086
20
-3.7043749212598422
11
6.3548175984251971
21
-3.7044325590551179
0
LINE
8
BLACK
6
CONTINUOUS
10
6.3548175984251971
20
-3.7044325590551179
11
6.3645115748031493
21
-3.7076638582677166
0
LINE
8
BLACK
6
CONTINUOUS
10
6.3645115748031493
20
-3.7076638582677166
11
6.3645115748031493
21
-3.7029846062992124
0
LINE
8
BLACK
6
CONTINUOUS
10
6.3645115748031493
20
-3.7029846062992124
11
6.360443307086614
21
-3.7029846062992124
0
LINE
8
BLACK
6
CONTINUOUS
10
6.360443307086614
20
-3.7029846062992124
11
6.3599912992125986
21
-3.7028946850393698
0
LINE
8
BLACK
6
CONTINUOUS
10
6.3599912992125986
20
-3.7028946850393698
11
6.3593521259842518
21
-3.7022555118110234
0
LINE
8
BLACK
6
CONTINUOUS
10
6.3593521259842518
20
-3.7022555118110234
11
6.3593521259842518
21
-3.7013514960629919
0
LINE
8
BLACK
6
CONTINUOUS
10
6.3593521259842518
20
-3.7013514960629919
11
6.3599912992125986
21
-3.7007123228346455
0
LINE
8
BLACK
6
CONTINUOUS
10
6.3599912992125986
20
-3.7007123228346455
11
6.360443307086614
21
-3.7006224015748033
0
LINE
8
BLACK
6
CONTINUOUS
10
6.360443307086614
20
-3.7006224015748033
11
6.3645115748031493
21
-3.7006224015748033
0
LINE
8
BLACK
6
CONTINUOUS
10
6.3645115748031493
20
-3.7006224015748033
11
6.3645115748031493
21
-3.6995537795275588
0
LINE
8
BLACK
6
CONTINUOUS
10
6.3645115748031493
20
-3.6995537795275588
11
6.364601496062992
21
-3.699101771653543
0
LINE
8
BLACK
6
CONTINUOUS
10
6.364601496062992
20
-3.699101771653543
11
6.3652406692913388
21
-3.6984625984251966
0
LINE
8
BLACK
6
CONTINUOUS
10
6.3652406692913388
20
-3.6984625984251966
11
6.3661446850393704
21
-3.6984625984251966
0
LINE
8
BLACK
6
CONTINUOUS
10
6.3661446850393704
20
-3.6984625984251966
11
6.3667838582677163
21
-3.699101771653543
0
LINE
8
BLACK
6
CONTINUOUS
10
6.3802808661417325
20
-3.6793624409448817
11
6.3813462204724409
21
-3.6804277952755906
0
LINE
8
BLACK
6
CONTINUOUS
10
6.3813462204724409
20
-3.6804277952755906
11
6.3814960629921256
21
-3.6811811023622045
0
LINE
8
BLACK
6
CONTINUOUS
10
6.3814960629921256
20
-3.6811811023622045
11
6.3814960629921256
21
-3.7441732283464568
0
LINE
8
BLACK
6
CONTINUOUS
10
6.3814960629921256
20
-3.7441732283464568
11
6.3813462204724409
21
-3.7449265354330707
0
LINE
8
BLACK
6
CONTINUOUS
10
6.3813462204724409
20
-3.7449265354330707
11
6.3802808661417325
21
-3.7459918897637796
0
LINE
8
BLACK
6
CONTINUOUS
10
6.3802808661417325
20
-3.7459918897637796
11
6.3795275590551181
21
-3.7461417322834647
0
LINE
8
BLACK
6
CONTINUOUS
10
6.3795275590551181
20
-3.7461417322834647
11
6.3480314960629922
21
-3.7461417322834647
0
LINE
8
BLACK
6
CONTINUOUS
10
6.3480314960629922
20
-3.7461417322834647
11
6.3472781889763779
21
-3.7459918897637796
0
LINE
8
BLACK
6
CONTINUOUS
10
6.3472781889763779
20
-3.7459918897637796
11
6.3462128346456694
21
-3.7449265354330707
0
LINE
8
BLACK
6
CONTINUOUS
10
6.3462128346456694
20
-3.7449265354330707
11
6.3460629921259839
21
-3.7441732283464568
0
LINE
8
BLACK
6
CONTINUOUS
10
6.3460629921259839
20
-3.7441732283464568
11
6.3460629921259839
21
-3.6811811023622045
0
LINE
8
BLACK
6
CONTINUOUS
10
6.3460629921259839
20
-3.6811811023622045
11
6.3462128346456694
21
-3.6804277952755906
0
LINE
8
BLACK
6
CONTINUOUS
10
6.3462128346456694
20
-3.6804277952755906
11
6.3472781889763779
21
-3.6793624409448817
0
LINE
8
BLACK
6
CONTINUOUS
10
6.3472781889763779
20
-3.6793624409448817
11
6.3480314960629922
21
-3.6792125984251967
0
LINE
8
BLACK
6
CONTINUOUS
10
6.3480314960629922
20
-3.6792125984251967
11
6.3795275590551181
21
-3.6792125984251967
0
LINE
8
BLACK
6
CONTINUOUS
10
6.3795275590551181
20
-3.6792125984251967
11
6.3802808661417325
21
-3.6793624409448817
0
LINE
8
BLACK
6
CONTINUOUS
10
6.3499999999999996
20
-3.6831496062992124
11
6.3499999999999996
21
-3.7422047244094485
0
LINE
8
BLACK
6
CONTINUOUS
10
6.3499999999999996
20
-3.7422047244094485
11
6.3775590551181098
21
-3.7422047244094485
0
LINE
8
BLACK
6
CONTINUOUS
10
6.3775590551181098
20
-3.7422047244094485
11
6.3775590551181098
21
-3.6831496062992124
0
LINE
8
BLACK
6
CONTINUOUS
10
6.3775590551181098
20
-3.6831496062992124
11
6.3499999999999996
21
-3.6831496062992124
0
LINE
8
BLACK
6
CONTINUOUS
10
6.0032113779527556
20
-3.6929220472440942
11
6.0032370472440943
21
-3.6929135039370076
0
LINE
8
BLACK
6
CONTINUOUS
10
6.0032370472440943
20
-3.6929135039370076
11
6.0034195669291339
21
-3.6929634645669291
0
LINE
8
BLACK
6
CONTINUOUS
10
6.0034195669291339
20
-3.6929634645669291
11
6.0036053543307082
21
-3.6930004330708659
0
LINE
8
BLACK
6
CONTINUOUS
10
6.0036053543307082
20
-3.6930004330708659
11
6.0036244881889766
21
-3.6930195669291339
0
LINE
8
BLACK
6
CONTINUOUS
10
6.0036244881889766
20
-3.6930195669291339
11
6.0036815748031493
21
-3.6930351968503938
0
LINE
8
BLACK
6
CONTINUOUS
10
6.0036815748031493
20
-3.6930351968503938
11
6.0051813779527556
21
-3.6937851181102364
0
LINE
8
BLACK
6
CONTINUOUS
10
6.0051813779527556
20
-3.6937851181102364
11
6.0053308267716536
21
-3.6939011417322836
0
LINE
8
BLACK
6
CONTINUOUS
10
6.0053308267716536
20
-3.6939011417322836
11
6.0054883070866136
21
-3.6940063385826769
0
LINE
8
BLACK
6
CONTINUOUS
10
6.0054883070866136
20
-3.6940063385826769
11
6.0062381889763774
21
-3.6947562204724407
0
LINE
8
BLACK
6
CONTINUOUS
10
6.0062381889763774
20
-3.6947562204724407
11
6.0063433464566929
21
-3.6949135826771653
0
LINE
8
BLACK
6
CONTINUOUS
10
6.0063433464566929
20
-3.6949135826771653
11
6.0064594881889759
21
-3.6950632283464566
0
LINE
8
BLACK
6
CONTINUOUS
10
6.0064594881889759
20
-3.6950632283464566
11
6.0072093700787397
21
-3.6965630708661417
0
LINE
8
BLACK
6
CONTINUOUS
10
6.0072093700787397
20
-3.6965630708661417
11
6.0072249606299213
21
-3.6966200787401573
0
LINE
8
BLACK
6
CONTINUOUS
10
6.0072249606299213
20
-3.6966200787401573
11
6.0072441338582676
21
-3.6966392519685041
0
LINE
8
BLACK
6
CONTINUOUS
10
6.0072441338582676
20
-3.6966392519685041
11
6.0072810629921261
21
-3.6968250393700788
0
LINE
8
BLACK
6
CONTINUOUS
10
6.0072810629921261
20
-3.6968250393700788
11
6.0073310629921259
21
-3.6970075590551179
0
LINE
8
BLACK
6
CONTINUOUS
10
6.0073310629921259
20
-3.6970075590551179
11
6.0073224803149605
21
-3.6970331889763779
0
LINE
8
BLACK
6
CONTINUOUS
10
6.0073224803149605
20
-3.6970331889763779
11
6.0073340551181102
21
-3.6970912598425194
0
LINE
8
BLACK
6
CONTINUOUS
10
6.0073340551181102
20
-3.6970912598425194
11
6.0073340551181102
21
-3.6978411417322832
0
LINE
8
BLACK
6
CONTINUOUS
10
6.0073340551181102
20
-3.6978411417322832
11
6.0073224803149605
21
-3.6978991732283464
0
LINE
8
BLACK
6
CONTINUOUS
10
6.0073224803149605
20
-3.6978991732283464
11
6.0073310629921259
21
-3.6979248425196851
0
LINE
8
BLACK
6
CONTINUOUS
10
6.0073310629921259
20
-3.6979248425196851
11
6.0072810629921261
21
-3.6981073228346455
0
LINE
8
BLACK
6
CONTINUOUS
10
6.0072810629921261
20
-3.6981073228346455
11
6.0072441338582676
21
-3.698293149606299
0
LINE
8
BLACK
6
CONTINUOUS
10
6.0072441338582676
20
-3.698293149606299
11
6.0072249606299213
21
-3.698312283464567
0
LINE
8
BLACK
6
CONTINUOUS
10
6.0072249606299213
20
-3.698312283464567
11
6.0072093700787397
21
-3.6983693307086614
0
LINE
8
BLACK
6
CONTINUOUS
10
6.0072093700787397
20
-3.6983693307086614
11
6.0064594881889759
21
-3.6998691338582677
0
LINE
8
BLACK
6
CONTINUOUS
10
6.0064594881889759
20
-3.6998691338582677
11
6.0063433464566929
21
-3.7000187401574802
0
LINE
8
BLACK
6
CONTINUOUS
10
6.0063433464566929
20
-3.7000187401574802
11
6.0062382283464562
21
-3.7001761023622048
0
LINE
8
BLACK
6
CONTINUOUS
10
6.0062382283464562
20
-3.7001761023622048
11
6.0055735433070865
21
-3.7008407480314958
0
LINE
8
BLACK
6
CONTINUOUS
10
6.0055735433070865
20
-3.7008407480314958
11
6.0062382283464562
21
-3.7015054330708659
0
LINE
8
BLACK
6
CONTINUOUS
10
6.0062382283464562
20
-3.7015054330708659
11
6.0063433464566929
21
-3.7016627559055117
0
LINE
8
BLACK
6
CONTINUOUS
10
6.0063433464566929
20
-3.7016627559055117
11
6.0064594881889759
21
-3.7018124015748031
0
LINE
8
BLACK
6
CONTINUOUS
10
6.0064594881889759
20
-3.7018124015748031
11
6.0072093700787397
21
-3.7033122047244094
0
LINE
8
BLACK
6
CONTINUOUS
10
6.0072093700787397
20
-3.7033122047244094
11
6.0072249606299213
21
-3.703369212598425
0
LINE
8
BLACK
6
CONTINUOUS
10
6.0072249606299213
20
-3.703369212598425
11
6.0072441338582676
21
-3.7033883858267718
0
LINE
8
BLACK
6
CONTINUOUS
10
6.0072441338582676
20
-3.7033883858267718
11
6.0072810629921261
21
-3.7035741732283465
0
LINE
8
BLACK
6
CONTINUOUS
10
6.0072810629921261
20
-3.7035741732283465
11
6.0073310629921259
21
-3.7037566929133856
0
LINE
8
BLACK
6
CONTINUOUS
10
6.0073310629921259
20
-3.7037566929133856
11
6.0073224803149605
21
-3.7037823228346456
0
LINE
8
BLACK
6
CONTINUOUS
10
6.0073224803149605
20
-3.7037823228346456
11
6.0073340551181102
21
-3.7038403937007871
0
LINE
8
BLACK
6
CONTINUOUS
10
6.0073340551181102
20
-3.7038403937007871
11
6.0073340551181102
21
-3.7068400393700784
0
LINE
8
BLACK
6
CONTINUOUS
10
6.0073340551181102
20
-3.7068400393700784
11
6.0073224803149605
21
-3.7068980708661416
0
LINE
8
BLACK
6
CONTINUOUS
10
6.0073224803149605
20
-3.7068980708661416
11
6.0073310629921259
21
-3.7069237401574804
0
LINE
8
BLACK
6
CONTINUOUS
10
6.0073310629921259
20
-3.7069237401574804
11
6.0072810629921261
21
-3.7071062204724408
0
LINE
8
BLACK
6
CONTINUOUS
10
6.0072810629921261
20
-3.7071062204724408
11
6.0072441338582676
21
-3.7072920472440942
0
LINE
8
BLACK
6
CONTINUOUS
10
6.0072441338582676
20
-3.7072920472440942
11
6.0072249606299213
21
-3.7073111811023622
0
LINE
8
BLACK
6
CONTINUOUS
10
6.0072249606299213
20
-3.7073111811023622
11
6.0072093700787397
21
-3.7073682283464566
0
LINE
8
BLACK
6
CONTINUOUS
10
6.0072093700787397
20
-3.7073682283464566
11
6.0064594881889759
21
-3.7088680314960629
0
LINE
8
BLACK
6
CONTINUOUS
10
6.0064594881889759
20
-3.7088680314960629
11
6.0063433464566929
21
-3.7090176377952755
0
LINE
8
BLACK
6
CONTINUOUS
10
6.0063433464566929
20
-3.7090176377952755
11
6.0062382283464562
21
-3.7091750000000001
0
LINE
8
BLACK
6
CONTINUOUS
10
6.0062382283464562
20
-3.7091750000000001
11
6.0054883070866136
21
-3.7099249212598426
0
LINE
8
BLACK
6
CONTINUOUS
10
6.0054883070866136
20
-3.7099249212598426
11
6.0053309448818899
21
-3.7100299999999997
0
LINE
8
BLACK
6
CONTINUOUS
10
6.0053309448818899
20
-3.7100299999999997
11
6.0051813385826769
21
-3.7101461811023619
0
LINE
8
BLACK
6
CONTINUOUS
10
6.0051813385826769
20
-3.7101461811023619
11
6.0036815354330706
21
-3.7108960629921257
0
LINE
8
BLACK
6
CONTINUOUS
10
6.0036815354330706
20
-3.7108960629921257
11
6.0036244881889766
21
-3.7109116535433069
0
LINE
8
BLACK
6
CONTINUOUS
10
6.0036244881889766
20
-3.7109116535433069
11
6.0036053543307082
21
-3.7109308267716536
0
LINE
8
BLACK
6
CONTINUOUS
10
6.0036053543307082
20
-3.7109308267716536
11
6.0034195275590552
21
-3.7109677559055116
0
LINE
8
BLACK
6
CONTINUOUS
10
6.0034195275590552
20
-3.7109677559055116
11
6.0032370472440943
21
-3.7110177559055115
0
LINE
8
BLACK
6
CONTINUOUS
10
6.0032370472440943
20
-3.7110177559055115
11
6.0032113779527556
21
-3.7110091732283466
0
LINE
8
BLACK
6
CONTINUOUS
10
6.0032113779527556
20
-3.7110091732283466
11
6.0031533464566929
21
-3.7110207480314958
0
LINE
8
BLACK
6
CONTINUOUS
10
6.0031533464566929
20
-3.7110207480314958
11
6.0001537007874015
21
-3.7110207480314958
0
LINE
8
BLACK
6
CONTINUOUS
10
6.0001537007874015
20
-3.7110207480314958
11
6.00009562992126
21
-3.7110091732283466
0
LINE
8
BLACK
6
CONTINUOUS
10
6.00009562992126
20
-3.7110091732283466
11
6.00007
21
-3.7110177559055115
0
LINE
8
BLACK
6
CONTINUOUS
10
6.00007
20
-3.7110177559055115
11
5.9998874803149604
21
-3.7109677559055116
0
LINE
8
BLACK
6
CONTINUOUS
10
5.9998874803149604
20
-3.7109677559055116
11
5.9997016929133853
21
-3.7109308267716536
0
LINE
8
BLACK
6
CONTINUOUS
10
5.9997016929133853
20
-3.7109308267716536
11
5.999682519685039
21
-3.7109116535433069
0
LINE
8
BLACK
6
CONTINUOUS
10
5.999682519685039
20
-3.7109116535433069
11
5.9996255118110238
21
-3.7108960629921257
0
LINE
8
BLACK
6
CONTINUOUS
10
5.9996255118110238
20
-3.7108960629921257
11
5.9981257086614175
21
-3.7101461811023619
0
LINE
8
BLACK
6
CONTINUOUS
10
5.9981257086614175
20
-3.7101461811023619
11
5.9979759448818895
21
-3.710029960629921
0
LINE
8
BLACK
6
CONTINUOUS
10
5.9979759448818895
20
-3.710029960629921
11
5.9978187007874011
21
-3.7099248818897639
0
LINE
8
BLACK
6
CONTINUOUS
10
5.9978187007874011
20
-3.7099248818897639
11
5.9970688188976373
21
-3.7091750000000001
0
LINE
8
BLACK
6
CONTINUOUS
10
5.9970688188976373
20
-3.7091750000000001
11
5.996963622047244
21
-3.7090175196850392
0
LINE
8
BLACK
6
CONTINUOUS
10
5.996963622047244
20
-3.7090175196850392
11
5.9968475984251963
21
-3.7088680708661417
0
LINE
8
BLACK
6
CONTINUOUS
10
5.9968475984251963
20
-3.7088680708661417
11
5.9960976771653538
21
-3.7073682677165354
0
LINE
8
BLACK
6
CONTINUOUS
10
5.9960976771653538
20
-3.7073682677165354
11
5.9960820472440943
21
-3.7073111811023622
0
LINE
8
BLACK
6
CONTINUOUS
10
5.9960820472440943
20
-3.7073111811023622
11
5.9960629133858268
21
-3.7072920472440942
0
LINE
8
BLACK
6
CONTINUOUS
10
5.9960629133858268
20
-3.7072920472440942
11
5.9960259448818896
21
-3.7071062598425195
0
LINE
8
BLACK
6
CONTINUOUS
10
5.9960259448818896
20
-3.7071062598425195
11
5.9959759842519684
21
-3.7069237401574804
0
LINE
8
BLACK
6
CONTINUOUS
10
5.9959759842519684
20
-3.7069237401574804
11
5.9959845275590551
21
-3.7068980708661416
0
LINE
8
BLACK
6
CONTINUOUS
10
5.9959845275590551
20
-3.7068980708661416
11
5.9959729921259841
21
-3.7068400393700784
0
LINE
8
BLACK
6
CONTINUOUS
10
5.9959729921259841
20
-3.7068400393700784
11
5.9959729921259841
21
-3.7038403937007871
0
LINE
8
BLACK
6
CONTINUOUS
10
5.9959729921259841
20
-3.7038403937007871
11
5.9959845275590551
21
-3.7037823228346456
0
LINE
8
BLACK
6
CONTINUOUS
10
5.9959845275590551
20
-3.7037823228346456
11
5.9959759842519684
21
-3.7037566929133856
0
LINE
8
BLACK
6
CONTINUOUS
10
5.9959759842519684
20
-3.7037566929133856
11
5.9960259448818896
21
-3.7035741338582677
0
LINE
8
BLACK
6
CONTINUOUS
10
5.9960259448818896
20
-3.7035741338582677
11
5.9960629133858268
21
-3.7033883858267718
0
LINE
8
BLACK
6
CONTINUOUS
10
5.9960629133858268
20
-3.7033883858267718
11
5.9960820472440943
21
-3.703369212598425
0
LINE
8
BLACK
6
CONTINUOUS
10
5.9960820472440943
20
-3.703369212598425
11
5.9960976771653538
21
-3.7033121653543306
0
LINE
8
BLACK
6
CONTINUOUS
10
5.9960976771653538
20
-3.7033121653543306
11
5.9968475984251963
21
-3.7018123622047243
0
LINE
8
BLACK
6
CONTINUOUS
10
5.9968475984251963
20
-3.7018123622047243
11
5.996963622047244
21
-3.701662874015748
0
LINE
8
BLACK
6
CONTINUOUS
10
5.996963622047244
20
-3.701662874015748
11
5.9970688188976373
21
-3.7015054330708659
0
LINE
8
BLACK
6
CONTINUOUS
10
5.9970688188976373
20
-3.7015054330708659
11
5.9977334645669291
21
-3.7008407480314958
0
LINE
8
BLACK
6
CONTINUOUS
10
5.9977334645669291
20
-3.7008407480314958
11
5.9970688188976373
21
-3.7001761023622048
0
LINE
8
BLACK
6
CONTINUOUS
10
5.9970688188976373
20
-3.7001761023622048
11
5.996963622047244
21
-3.700018622047244
0
LINE
8
BLACK
6
CONTINUOUS
10
5.996963622047244
20
-3.700018622047244
11
5.9968475984251963
21
-3.6998691732283464
0
LINE
8
BLACK
6
CONTINUOUS
10
5.9968475984251963
20
-3.6998691732283464
11
5.9960976771653538
21
-3.6983693700787401
0
LINE
8
BLACK
6
CONTINUOUS
10
5.9960976771653538
20
-3.6983693700787401
11
5.9960820472440943
21
-3.698312283464567
0
LINE
8
BLACK
6
CONTINUOUS
10
5.9960820472440943
20
-3.698312283464567
11
5.9960629133858268
21
-3.698293149606299
0
LINE
8
BLACK
6
CONTINUOUS
10
5.9960629133858268
20
-3.698293149606299
11
5.9960259448818896
21
-3.6981073622047242
0
LINE
8
BLACK
6
CONTINUOUS
10
5.9960259448818896
20
-3.6981073622047242
11
5.9959759842519684
21
-3.6979248425196851
0
LINE
8
BLACK
6
CONTINUOUS
10
5.9959759842519684
20
-3.6979248425196851
11
5.9959845275590551
21
-3.6978991732283464
0
LINE
8
BLACK
6
CONTINUOUS
10
5.9959845275590551
20
-3.6978991732283464
11
5.9959729921259841
21
-3.6978411417322832
0
LINE
8
BLACK
6
CONTINUOUS
10
5.9959729921259841
20
-3.6978411417322832
11
5.9959729921259841
21
-3.6970912598425194
0
LINE
8
BLACK
6
CONTINUOUS
10
5.9959729921259841
20
-3.6970912598425194
11
5.9959845275590551
21
-3.6970331889763779
0
LINE
8
BLACK
6
CONTINUOUS
10
5.9959845275590551
20
-3.6970331889763779
11
5.9959759842519684
21
-3.6970075590551179
0
LINE
8
BLACK
6
CONTINUOUS
10
5.9959759842519684
20
-3.6970075590551179
11
5.9960259448818896
21
-3.6968250393700788
0
LINE
8
BLACK
6
CONTINUOUS
10
5.9960259448818896
20
-3.6968250393700788
11
5.9960629133858268
21
-3.6966392519685041
0
LINE
8
BLACK
6
CONTINUOUS
10
5.9960629133858268
20
-3.6966392519685041
11
5.9960820472440943
21
-3.6966200787401573
0
LINE
8
BLACK
6
CONTINUOUS
10
5.9960820472440943
20
-3.6966200787401573
11
5.9960976771653538
21
-3.6965630708661417
0
LINE
8
BLACK
6
CONTINUOUS
10
5.9960976771653538
20
-3.6965630708661417
11
5.9968475984251963
21
-3.6950631889763779
0
LINE
8
BLACK
6
CONTINUOUS
10
5.9968475984251963
20
-3.6950631889763779
11
5.9969638188976377
21
-3.6949134251968503
0
LINE
8
BLACK
6
CONTINUOUS
10
5.9969638188976377
20
-3.6949134251968503
11
5.9970688582677161
21
-3.6947562598425194
0
LINE
8
BLACK
6
CONTINUOUS
10
5.9970688582677161
20
-3.6947562598425194
11
5.9978187401574798
21
-3.6940063385826769
0
LINE
8
BLACK
6
CONTINUOUS
10
5.9978187401574798
20
-3.6940063385826769
11
5.9979762598425195
21
-3.6939010629921261
0
LINE
8
BLACK
6
CONTINUOUS
10
5.9979762598425195
20
-3.6939010629921261
11
5.9981256692913387
21
-3.6937851181102364
0
LINE
8
BLACK
6
CONTINUOUS
10
5.9981256692913387
20
-3.6937851181102364
11
5.9996255118110238
21
-3.6930351968503938
0
LINE
8
BLACK
6
CONTINUOUS
10
5.9996255118110238
20
-3.6930351968503938
11
5.999682519685039
21
-3.6930195669291339
0
LINE
8
BLACK
6
CONTINUOUS
10
5.999682519685039
20
-3.6930195669291339
11
5.9997016929133853
21
-3.6930004330708659
0
LINE
8
BLACK
6
CONTINUOUS
10
5.9997016929133853
20
-3.6930004330708659
11
5.9998871653543304
21
-3.6929635039370079
0
LINE
8
BLACK
6
CONTINUOUS
10
5.9998871653543304
20
-3.6929635039370079
11
6.00007
21
-3.6929134645669293
0
LINE
8
BLACK
6
CONTINUOUS
10
6.00007
20
-3.6929134645669293
11
6.0000957086614175
21
-3.6929220078740155
0
LINE
8
BLACK
6
CONTINUOUS
10
6.0000957086614175
20
-3.6929220078740155
11
6.0001537007874015
21
-3.6929105118110237
0
LINE
8
BLACK
6
CONTINUOUS
10
6.0001537007874015
20
-3.6929105118110237
11
6.0031533464566929
21
-3.6929105118110237
0
LINE
8
BLACK
6
CONTINUOUS
10
6.0031533464566929
20
-3.6929105118110237
11
6.0032113779527556
21
-3.6929220472440942
0
LINE
8
BLACK
6
CONTINUOUS
10
5.9993535826771653
20
-3.7025612992125985
11
5.9988746850393699
21
-3.7030402362204722
0
LINE
8
BLACK
6
CONTINUOUS
10
5.9988746850393699
20
-3.7030402362204722
11
5.9983351968503937
21
-3.7041192519685038
0
LINE
8
BLACK
6
CONTINUOUS
10
5.9983351968503937
20
-3.7041192519685038
11
5.9983351968503937
21
-3.7065611811023622
0
LINE
8
BLACK
6
CONTINUOUS
10
5.9983351968503937
20
-3.7065611811023622
11
5.9988746850393699
21
-3.7076401574803151
0
LINE
8
BLACK
6
CONTINUOUS
10
5.9988746850393699
20
-3.7076401574803151
11
5.9993535826771653
21
-3.7081190944881888
0
LINE
8
BLACK
6
CONTINUOUS
10
5.9993535826771653
20
-3.7081190944881888
11
6.000432519685039
21
-3.7086585433070867
0
LINE
8
BLACK
6
CONTINUOUS
10
6.000432519685039
20
-3.7086585433070867
11
6.0028745275590554
21
-3.7086585433070867
0
LINE
8
BLACK
6
CONTINUOUS
10
6.0028745275590554
20
-3.7086585433070867
11
6.0039535433070865
21
-3.7081190157480313
0
LINE
8
BLACK
6
CONTINUOUS
10
6.0039535433070865
20
-3.7081190157480313
11
6.0044323228346457
21
-3.7076402362204726
0
LINE
8
BLACK
6
CONTINUOUS
10
6.0044323228346457
20
-3.7076402362204726
11
6.0049718503937006
21
-3.706561220472441
0
LINE
8
BLACK
6
CONTINUOUS
10
6.0049718503937006
20
-3.706561220472441
11
6.0049718503937006
21
-3.7041191732283463
0
LINE
8
BLACK
6
CONTINUOUS
10
6.0049718503937006
20
-3.7041191732283463
11
6.0044323228346457
21
-3.7030401574803147
0
LINE
8
BLACK
6
CONTINUOUS
10
6.0044323228346457
20
-3.7030401574803147
11
6.0039535433070865
21
-3.702561377952756
0
LINE
8
BLACK
6
CONTINUOUS
10
6.0039535433070865
20
-3.702561377952756
11
6.0028745275590554
21
-3.7020218897637793
0
LINE
8
BLACK
6
CONTINUOUS
10
6.0028745275590554
20
-3.7020218897637793
11
6.000432519685039
21
-3.7020218897637793
0
LINE
8
BLACK
6
CONTINUOUS
10
6.000432519685039
20
-3.7020218897637793
11
5.9993535826771653
21
-3.7025612992125985
0
LINE
8
BLACK
6
CONTINUOUS
10
5.9993535039370078
20
-3.6958122440944883
11
5.9988746850393699
21
-3.696291023622047
0
LINE
8
BLACK
6
CONTINUOUS
10
5.9988746850393699
20
-3.696291023622047
11
5.9983351968503937
21
-3.6973700787401573
0
LINE
8
BLACK
6
CONTINUOUS
10
5.9983351968503937
20
-3.6973700787401573
11
5.9983351968503937
21
-3.6975622834645669
0
LINE
8
BLACK
6
CONTINUOUS
10
5.9983351968503937
20
-3.6975622834645669
11
5.9988746850393699
21
-3.6986412598425198
0
LINE
8
BLACK
6
CONTINUOUS
10
5.9988746850393699
20
-3.6986412598425198
11
5.9993535433070866
21
-3.6991201574803148
0
LINE
8
BLACK
6
CONTINUOUS
10
5.9993535433070866
20
-3.6991201574803148
11
6.0004325590551177
21
-3.6996596850393701
0
LINE
8
BLACK
6
CONTINUOUS
10
6.0004325590551177
20
-3.6996596850393701
11
6.0028744881889766
21
-3.6996596850393701
0
LINE
8
BLACK
6
CONTINUOUS
10
6.0028744881889766
20
-3.6996596850393701
11
6.0039535433070865
21
-3.6991201574803148
0
LINE
8
BLACK
6
CONTINUOUS
10
6.0039535433070865
20
-3.6991201574803148
11
6.0044323228346457
21
-3.6986413385826773
0
LINE
8
BLACK
6
CONTINUOUS
10
6.0044323228346457
20
-3.6986413385826773
11
6.0049718503937006
21
-3.6975623228346457
0
LINE
8
BLACK
6
CONTINUOUS
10
6.0049718503937006
20
-3.6975623228346457
11
6.0049718503937006
21
-3.6973700393700786
0
LINE
8
BLACK
6
CONTINUOUS
10
6.0049718503937006
20
-3.6973700393700786
11
6.0044323622047244
21
-3.6962911023622045
0
LINE
8
BLACK
6
CONTINUOUS
10
6.0044323622047244
20
-3.6962911023622045
11
6.003953464566929
21
-3.6958122047244095
0
LINE
8
BLACK
6
CONTINUOUS
10
6.003953464566929
20
-3.6958122047244095
11
6.0028744881889766
21
-3.6952727165354329
0
LINE
8
BLACK
6
CONTINUOUS
10
6.0028744881889766
20
-3.6952727165354329
11
6.0004325590551177
21
-3.6952727165354329
0
LINE
8
BLACK
6
CONTINUOUS
10
6.0004325590551177
20
-3.6952727165354329
11
5.9993535039370078
21
-3.6958122440944883
0
LINE
8
BLACK
6
CONTINUOUS
10
5.9882132677165352
20
-3.6929220472440942
11
5.9882389370078739
21
-3.6929135039370076
0
LINE
8
BLACK
6
CONTINUOUS
10
5.9882389370078739
20
-3.6929135039370076
11
5.9884214566929135
21
-3.6929634645669291
0
LINE
8
BLACK
6
CONTINUOUS
10
5.9884214566929135
20
-3.6929634645669291
11
5.9886072440944877
21
-3.6930004330708659
0
LINE
8
BLACK
6
CONTINUOUS
10
5.9886072440944877
20
-3.6930004330708659
11
5.9886263779527562
21
-3.6930195669291339
0
LINE
8
BLACK
6
CONTINUOUS
10
5.9886263779527562
20
-3.6930195669291339
11
5.9886834645669289
21
-3.6930351968503938
0
LINE
8
BLACK
6
CONTINUOUS
10
5.9886834645669289
20
-3.6930351968503938
11
5.9901832677165352
21
-3.6937851181102364
0
LINE
8
BLACK
6
CONTINUOUS
10
5.9901832677165352
20
-3.6937851181102364
11
5.9903329921259845
21
-3.6939013385826769
0
LINE
8
BLACK
6
CONTINUOUS
10
5.9903329921259845
20
-3.6939013385826769
11
5.9904901968503932
21
-3.6940063779527557
0
LINE
8
BLACK
6
CONTINUOUS
10
5.9904901968503932
20
-3.6940063779527557
11
5.9912401181102357
21
-3.6947562598425194
0
LINE
8
BLACK
6
CONTINUOUS
10
5.9912401181102357
20
-3.6947562598425194
11
5.991345472440945
21
-3.6949139763779528
0
LINE
8
BLACK
6
CONTINUOUS
10
5.991345472440945
20
-3.6949139763779528
11
5.9914613385826767
21
-3.6950632283464566
0
LINE
8
BLACK
6
CONTINUOUS
10
5.9914613385826767
20
-3.6950632283464566
11
5.9922112598425192
21
-3.6965630708661417
0
LINE
8
BLACK
6
CONTINUOUS
10
5.9922112598425192
20
-3.6965630708661417
11
5.9922268503937008
21
-3.6966200787401573
0
LINE
8
BLACK
6
CONTINUOUS
10
5.9922268503937008
20
-3.6966200787401573
11
5.9922460236220472
21
-3.6966392519685041
0
LINE
8
BLACK
6
CONTINUOUS
10
5.9922460236220472
20
-3.6966392519685041
11
5.9922829133858269
21
-3.6968247244094488
0
LINE
8
BLACK
6
CONTINUOUS
10
5.9922829133858269
20
-3.6968247244094488
11
5.9923329921259842
21
-3.6970075590551179
0
LINE
8
BLACK
6
CONTINUOUS
10
5.9923329921259842
20
-3.6970075590551179
11
5.9923244094488188
21
-3.6970332677165354
0
LINE
8
BLACK
6
CONTINUOUS
10
5.9923244094488188
20
-3.6970332677165354
11
5.9923359448818898
21
-3.6970912598425194
0
LINE
8
BLACK
6
CONTINUOUS
10
5.9923359448818898
20
-3.6970912598425194
11
5.9923359448818898
21
-3.6993409448818895
0
LINE
8
BLACK
6
CONTINUOUS
10
5.9923359448818898
20
-3.6993409448818895
11
5.9923244094488188
21
-3.6993988976377952
0
LINE
8
BLACK
6
CONTINUOUS
10
5.9923244094488188
20
-3.6993988976377952
11
5.9923329921259842
21
-3.6994246456692914
0
LINE
8
BLACK
6
CONTINUOUS
10
5.9923329921259842
20
-3.6994246456692914
11
5.9922829133858269
21
-3.6996074409448818
0
LINE
8
BLACK
6
CONTINUOUS
10
5.9922829133858269
20
-3.6996074409448818
11
5.9922460236220472
21
-3.6997929527559053
0
LINE
8
BLACK
6
CONTINUOUS
10
5.9922460236220472
20
-3.6997929527559053
11
5.9922268503937008
21
-3.6998120866141733
0
LINE
8
BLACK
6
CONTINUOUS
10
5.9922268503937008
20
-3.6998120866141733
11
5.9922112598425192
21
-3.6998691338582677
0
LINE
8
BLACK
6
CONTINUOUS
10
5.9922112598425192
20
-3.6998691338582677
11
5.9914613385826767
21
-3.7013689763779527
0
LINE
8
BLACK
6
CONTINUOUS
10
5.9914613385826767
20
-3.7013689763779527
11
5.991345472440945
21
-3.7015181889763777
0
LINE
8
BLACK
6
CONTINUOUS
10
5.991345472440945
20
-3.7015181889763777
11
5.9912401181102357
21
-3.7016759448818899
0
LINE
8
BLACK
6
CONTINUOUS
10
5.9912401181102357
20
-3.7016759448818899
11
5.9904901968503932
21
-3.7024258267716537
0
LINE
8
BLACK
6
CONTINUOUS
10
5.9904901968503932
20
-3.7024258267716537
11
5.9903329921259845
21
-3.7025308267716532
0
LINE
8
BLACK
6
CONTINUOUS
10
5.9903329921259845
20
-3.7025308267716532
11
5.9901832677165352
21
-3.702647086614173
0
LINE
8
BLACK
6
CONTINUOUS
10
5.9901832677165352
20
-3.702647086614173
11
5.9886834645669289
21
-3.7033970078740155
0
LINE
8
BLACK
6
CONTINUOUS
10
5.9886834645669289
20
-3.7033970078740155
11
5.9886263779527562
21
-3.7034125984251967
0
LINE
8
BLACK
6
CONTINUOUS
10
5.9886263779527562
20
-3.7034125984251967
11
5.9886072440944877
21
-3.7034317716535434
0
LINE
8
BLACK
6
CONTINUOUS
10
5.9886072440944877
20
-3.7034317716535434
11
5.9884214566929135
21
-3.7034687007874014
0
LINE
8
BLACK
6
CONTINUOUS
10
5.9884214566929135
20
-3.7034687007874014
11
5.9882389370078739
21
-3.7035187007874013
0
LINE
8
BLACK
6
CONTINUOUS
10
5.9882389370078739
20
-3.7035187007874013
11
5.9882132677165352
21
-3.7035101181102363
0
LINE
8
BLACK
6
CONTINUOUS
10
5.9882132677165352
20
-3.7035101181102363
11
5.9881716929133857
21
-3.7035183858267717
0
LINE
8
BLACK
6
CONTINUOUS
10
5.9881716929133857
20
-3.7035183858267717
11
5.9921224409448817
21
-3.7091623228346458
0
LINE
8
BLACK
6
CONTINUOUS
10
5.9921224409448817
20
-3.7091623228346458
11
5.9923079527559056
21
-3.7095841732283463
0
LINE
8
BLACK
6
CONTINUOUS
10
5.9923079527559056
20
-3.7095841732283463
11
5.9921508661417322
21
-3.7104743700787401
0
LINE
8
BLACK
6
CONTINUOUS
10
5.9921508661417322
20
-3.7104743700787401
11
5.9914102755905514
21
-3.7109927559055116
0
LINE
8
BLACK
6
CONTINUOUS
10
5.9914102755905514
20
-3.7109927559055116
11
5.9905201181102363
21
-3.7108356692913387
0
LINE
8
BLACK
6
CONTINUOUS
10
5.9905201181102363
20
-3.7108356692913387
11
5.9901872440944883
21
-3.710516929133858
0
LINE
8
BLACK
6
CONTINUOUS
10
5.9901872440944883
20
-3.710516929133858
11
5.9852905511811025
21
-3.7035216929133856
0
LINE
8
BLACK
6
CONTINUOUS
10
5.9852905511811025
20
-3.7035216929133856
11
5.9833370866141733
21
-3.7035216929133856
0
LINE
8
BLACK
6
CONTINUOUS
10
5.9833370866141733
20
-3.7035216929133856
11
5.9833370866141733
21
-3.7098396456692915
0
LINE
8
BLACK
6
CONTINUOUS
10
5.9833370866141733
20
-3.7098396456692915
11
5.9832471653543307
21
-3.7102916535433068
0
LINE
8
BLACK
6
CONTINUOUS
10
5.9832471653543307
20
-3.7102916535433068
11
5.9826079921259838
21
-3.7109308267716536
0
LINE
8
BLACK
6
CONTINUOUS
10
5.9826079921259838
20
-3.7109308267716536
11
5.9817039763779523
21
-3.7109308267716536
0
LINE
8
BLACK
6
CONTINUOUS
10
5.9817039763779523
20
-3.7109308267716536
11
5.9810648031496063
21
-3.7102916535433068
0
LINE
8
BLACK
6
CONTINUOUS
10
5.9810648031496063
20
-3.7102916535433068
11
5.9809748818897637
21
-3.7098396456692915
0
LINE
8
BLACK
6
CONTINUOUS
10
5.9809748818897637
20
-3.7098396456692915
11
5.9809748818897637
21
-3.6940916141732281
0
LINE
8
BLACK
6
CONTINUOUS
10
5.9809748818897637
20
-3.6940916141732281
11
5.9810648031496063
21
-3.6936396062992127
0
LINE
8
BLACK
6
CONTINUOUS
10
5.9810648031496063
20
-3.6936396062992127
11
5.9817039763779523
21
-3.6930004330708659
0
LINE
8
BLACK
6
CONTINUOUS
10
5.9817039763779523
20
-3.6930004330708659
11
5.9821559842519685
21
-3.6929105118110237
0
LINE
8
BLACK
6
CONTINUOUS
10
5.9821559842519685
20
-3.6929105118110237
11
5.9881552362204724
21
-3.6929105118110237
0
LINE
8
BLACK
6
CONTINUOUS
10
5.9881552362204724
20
-3.6929105118110237
11
5.9882132677165352
21
-3.6929220472440942
0
LINE
8
BLACK
6
CONTINUOUS
10
5.9833370866141733
20
-3.7011594881889764
11
5.9878763779527562
21
-3.7011594881889764
0
LINE
8
BLACK
6
CONTINUOUS
10
5.9878763779527562
20
-3.7011594881889764
11
5.9889553937007873
21
-3.700619960629921
0
LINE
8
BLACK
6
CONTINUOUS
10
5.9889553937007873
20
-3.700619960629921
11
5.9894342125984252
21
-3.7001411023622048
0
LINE
8
BLACK
6
CONTINUOUS
10
5.9894342125984252
20
-3.7001411023622048
11
5.9899737401574802
21
-3.6990620866141732
0
LINE
8
BLACK
6
CONTINUOUS
10
5.9899737401574802
20
-3.6990620866141732
11
5.9899737401574802
21
-3.6973700787401573
0
LINE
8
BLACK
6
CONTINUOUS
10
5.9899737401574802
20
-3.6973700787401573
11
5.9894342125984252
21
-3.6962910629921257
0
LINE
8
BLACK
6
CONTINUOUS
10
5.9894342125984252
20
-3.6962910629921257
11
5.9889553937007873
21
-3.6958122047244095
0
LINE
8
BLACK
6
CONTINUOUS
10
5.9889553937007873
20
-3.6958122047244095
11
5.9878763779527562
21
-3.6952727165354329
0
LINE
8
BLACK
6
CONTINUOUS
10
5.9878763779527562
20
-3.6952727165354329
11
5.9833370866141733
21
-3.6952727165354329
0
LINE
8
BLACK
6
CONTINUOUS
10
5.9833370866141733
20
-3.6952727165354329
11
5.9833370866141733
21
-3.7011594881889764
0
LINE
8
BLACK
6
CONTINUOUS
10
6.0260288976377954
20
-3.6851104724409449
11
6.0270942519685038
21
-3.6861758267716533
0
LINE
8
BLACK
6
CONTINUOUS
10
6.0270942519685038
20
-3.6861758267716533
11
6.0272440944881884
21
-3.6869291338582677
0
LINE
8
BLACK
6
CONTINUOUS
10
6.0272440944881884
20
-3.6869291338582677
11
6.0272440944881884
21
-3.7184251968503936
0
LINE
8
BLACK
6
CONTINUOUS
10
6.0272440944881884
20
-3.7184251968503936
11
6.0270942519685038
21
-3.719178503937008
0
LINE
8
BLACK
6
CONTINUOUS
10
6.0270942519685038
20
-3.719178503937008
11
6.0260288976377954
21
-3.7202438582677164
0
LINE
8
BLACK
6
CONTINUOUS
10
6.0260288976377954
20
-3.7202438582677164
11
6.025275590551181
21
-3.7203937007874015
0
LINE
8
BLACK
6
CONTINUOUS
10
6.025275590551181
20
-3.7203937007874015
11
5.9622834645669291
21
-3.7203937007874015
0
LINE
8
BLACK
6
CONTINUOUS
10
5.9622834645669291
20
-3.7203937007874015
11
5.9615301574803148
21
-3.7202438582677164
0
LINE
8
BLACK
6
CONTINUOUS
10
5.9615301574803148
20
-3.7202438582677164
11
5.9604648031496064
21
-3.719178503937008
0
LINE
8
BLACK
6
CONTINUOUS
10
5.9604648031496064
20
-3.719178503937008
11
5.9603149606299208
21
-3.7184251968503936
0
LINE
8
BLACK
6
CONTINUOUS
10
5.9603149606299208
20
-3.7184251968503936
11
5.9603149606299208
21
-3.6869291338582677
0
LINE
8
BLACK
6
CONTINUOUS
10
5.9603149606299208
20
-3.6869291338582677
11
5.9604648031496064
21
-3.6861758267716533
0
LINE
8
BLACK
6
CONTINUOUS
10
5.9604648031496064
20
-3.6861758267716533
11
5.9615301574803148
21
-3.6851104724409449
0
LINE
8
BLACK
6
CONTINUOUS
10
5.9615301574803148
20
-3.6851104724409449
11
5.9622834645669291
21
-3.6849606299212598
0
LINE
8
BLACK
6
CONTINUOUS
10
5.9622834645669291
20
-3.6849606299212598
11
6.025275590551181
21
-3.6849606299212598
0
LINE
8
BLACK
6
CONTINUOUS
10
6.025275590551181
20
-3.6849606299212598
11
6.0260288976377954
21
-3.6851104724409449
0
LINE
8
BLACK
6
CONTINUOUS
10
5.9642519685039366
20
-3.6888976377952756
11
5.9642519685039366
21
-3.7164566929133858
0
LINE
8
BLACK
6
CONTINUOUS
10
5.9642519685039366
20
-3.7164566929133858
11
6.0233070866141727
21
-3.7164566929133858
0
LINE
8
BLACK
6
CONTINUOUS
10
6.0233070866141727
20
-3.7164566929133858
11
6.0233070866141727
21
-3.6888976377952756
0
LINE
8
BLACK
6
CONTINUOUS
10
6.0233070866141727
20
-3.6888976377952756
11
5.9642519685039366
21
-3.6888976377952756
0
LINE
8
BLACK
6
CONTINUOUS
10
5.7677899212598422
20
-3.658774251968504
11
5.7679775590551179
21
-3.6587979133858268
0
LINE
8
BLACK
6
CONTINUOUS
10
5.7679775590551179
20
-3.6587979133858268
11
5.770227244094488
21
-3.6595478346456694
0
LINE
8
BLACK
6
CONTINUOUS
10
5.770227244094488
20
-3.6595478346456694
11
5.7702785433070867
21
-3.6595770866141732
0
LINE
8
BLACK
6
CONTINUOUS
10
5.7702785433070867
20
-3.6595770866141732
11
5.7703056692913384
21
-3.6595770866141732
0
LINE
8
BLACK
6
CONTINUOUS
10
5.7703056692913384
20
-3.6595770866141732
11
5.770463346456693
21
-3.6596824409448816
0
LINE
8
BLACK
6
CONTINUOUS
10
5.770463346456693
20
-3.6596824409448816
11
5.7706275984251967
21
-3.6597760629921261
0
LINE
8
BLACK
6
CONTINUOUS
10
5.7706275984251967
20
-3.6597760629921261
11
5.7706396456692914
21
-3.6598001968503935
0
LINE
8
BLACK
6
CONTINUOUS
10
5.7706396456692914
20
-3.6598001968503935
11
5.770688897637795
21
-3.6598331102362205
0
LINE
8
BLACK
6
CONTINUOUS
10
5.770688897637795
20
-3.6598331102362205
11
5.7714387795275588
21
-3.6605829921259843
0
LINE
8
BLACK
6
CONTINUOUS
10
5.7714387795275588
20
-3.6605829921259843
11
5.7716948425196852
21
-3.6609661811023622
0
LINE
8
BLACK
6
CONTINUOUS
10
5.7716948425196852
20
-3.6609661811023622
11
5.771694881889764
21
-3.6618701181102362
0
LINE
8
BLACK
6
CONTINUOUS
10
5.771694881889764
20
-3.6618701181102362
11
5.7710556299212596
21
-3.6625093700787401
0
LINE
8
BLACK
6
CONTINUOUS
10
5.7710556299212596
20
-3.6625093700787401
11
5.7701517322834643
21
-3.6625094094488189
0
LINE
8
BLACK
6
CONTINUOUS
10
5.7701517322834643
20
-3.6625094094488189
11
5.7697685039370077
21
-3.6622533858267716
0
LINE
8
BLACK
6
CONTINUOUS
10
5.7697685039370077
20
-3.6622533858267716
11
5.7692156692913388
21
-3.661700590551181
0
LINE
8
BLACK
6
CONTINUOUS
10
5.7692156692913388
20
-3.661700590551181
11
5.7674124409448817
21
-3.6610994881889765
0
LINE
8
BLACK
6
CONTINUOUS
10
5.7674124409448817
20
-3.6610994881889765
11
5.7662958267716533
21
-3.6610994881889765
0
LINE
8
BLACK
6
CONTINUOUS
10
5.7662958267716533
20
-3.6610994881889765
11
5.7644925196850396
21
-3.661700590551181
0
LINE
8
BLACK
6
CONTINUOUS
10
5.7644925196850396
20
-3.661700590551181
11
5.7633253937007876
21
-3.6628677165354331
0
LINE
8
BLACK
6
CONTINUOUS
10
5.7633253937007876
20
-3.6628677165354331
11
5.762719173228346
21
-3.6640801574803148
0
LINE
8
BLACK
6
CONTINUOUS
10
5.762719173228346
20
-3.6640801574803148
11
5.7620359842519679
21
-3.6668129133858267
0
LINE
8
BLACK
6
CONTINUOUS
10
5.7620359842519679
20
-3.6668129133858267
11
5.7620359842519679
21
-3.6687718897637795
0
LINE
8
BLACK
6
CONTINUOUS
10
5.7620359842519679
20
-3.6687718897637795
11
5.7627191338582673
21
-3.6715046062992127
0
LINE
8
BLACK
6
CONTINUOUS
10
5.7627191338582673
20
-3.6715046062992127
11
5.7633253937007876
21
-3.6727170866141732
0
LINE
8
BLACK
6
CONTINUOUS
10
5.7633253937007876
20
-3.6727170866141732
11
5.7644924409448821
21
-3.6738841338582677
0
LINE
8
BLACK
6
CONTINUOUS
10
5.7644924409448821
20
-3.6738841338582677
11
5.7662959448818896
21
-3.6744853149606298
0
LINE
8
BLACK
6
CONTINUOUS
10
5.7662959448818896
20
-3.6744853149606298
11
5.7674123228346454
21
-3.6744853149606298
0
LINE
8
BLACK
6
CONTINUOUS
10
5.7674123228346454
20
-3.6744853149606298
11
5.769215787401575
21
-3.6738841338582677
0
LINE
8
BLACK
6
CONTINUOUS
10
5.769215787401575
20
-3.6738841338582677
11
5.7697685039370077
21
-3.6733314566929134
0
LINE
8
BLACK
6
CONTINUOUS
10
5.7697685039370077
20
-3.6733314566929134
11
5.7701516929133856
21
-3.6730753937007874
0
LINE
8
BLACK
6
CONTINUOUS
10
5.7701516929133856
20
-3.6730753937007874
11
5.7710556299212596
21
-3.6730753937007874
0
LINE
8
BLACK
6
CONTINUOUS
10
5.7710556299212596
20
-3.6730753937007874
11
5.771694881889764
21
-3.6737146456692913
0
LINE
8
BLACK
6
CONTINUOUS
10
5.771694881889764
20
-3.6737146456692913
11
5.771694881889764
21
-3.6746185826771653
0
LINE
8
BLACK
6
CONTINUOUS
10
5.771694881889764
20
-3.6746185826771653
11
5.7714388188976375
21
-3.6750017716535432
0
LINE
8
BLACK
6
CONTINUOUS
10
5.7714388188976375
20
-3.6750017716535432
11
5.770688897637795
21
-3.6757516929133858
0
LINE
8
BLACK
6
CONTINUOUS
10
5.770688897637795
20
-3.6757516929133858
11
5.7706396850393702
21
-3.6757845275590548
0
LINE
8
BLACK
6
CONTINUOUS
10
5.7706396850393702
20
-3.6757845275590548
11
5.7706275984251967
21
-3.6758087795275589
0
LINE
8
BLACK
6
CONTINUOUS
10
5.7706275984251967
20
-3.6758087795275589
11
5.7704629527559055
21
-3.6759026377952755
0
LINE
8
BLACK
6
CONTINUOUS
10
5.7704629527559055
20
-3.6759026377952755
11
5.7703057086614171
21
-3.676007716535433
0
LINE
8
BLACK
6
CONTINUOUS
10
5.7703057086614171
20
-3.676007716535433
11
5.7702787007874017
21
-3.676007716535433
0
LINE
8
BLACK
6
CONTINUOUS
10
5.7702787007874017
20
-3.676007716535433
11
5.770227244094488
21
-3.6760370472440944
0
LINE
8
BLACK
6
CONTINUOUS
10
5.770227244094488
20
-3.6760370472440944
11
5.7679775590551179
21
-3.6767869291338582
0
LINE
8
BLACK
6
CONTINUOUS
10
5.7679775590551179
20
-3.6767869291338582
11
5.7677896062992122
21
-3.676810590551181
0
LINE
8
BLACK
6
CONTINUOUS
10
5.7677896062992122
20
-3.676810590551181
11
5.7676040551181105
21
-3.6768475196850394
0
LINE
8
BLACK
6
CONTINUOUS
10
5.7676040551181105
20
-3.6768475196850394
11
5.7661042125984254
21
-3.6768475196850394
0
LINE
8
BLACK
6
CONTINUOUS
10
5.7661042125984254
20
-3.6768475196850394
11
5.7659185433070865
21
-3.6768105511811022
0
LINE
8
BLACK
6
CONTINUOUS
10
5.7659185433070865
20
-3.6768105511811022
11
5.7657307480314959
21
-3.6767869291338582
0
LINE
8
BLACK
6
CONTINUOUS
10
5.7657307480314959
20
-3.6767869291338582
11
5.7634809842519683
21
-3.6760370472440944
0
LINE
8
BLACK
6
CONTINUOUS
10
5.7634809842519683
20
-3.6760370472440944
11
5.7634295275590546
21
-3.676007716535433
0
LINE
8
BLACK
6
CONTINUOUS
10
5.7634295275590546
20
-3.676007716535433
11
5.7634025196850391
21
-3.676007716535433
0
LINE
8
BLACK
6
CONTINUOUS
10
5.7634025196850391
20
-3.676007716535433
11
5.7632451181102358
21
-3.675902559055118
0
LINE
8
BLACK
6
CONTINUOUS
10
5.7632451181102358
20
-3.675902559055118
11
5.7630806299212596
21
-3.6758087795275589
0
LINE
8
BLACK
6
CONTINUOUS
10
5.7630806299212596
20
-3.6758087795275589
11
5.7630685039370073
21
-3.6757845669291336
0
LINE
8
BLACK
6
CONTINUOUS
10
5.7630685039370073
20
-3.6757845669291336
11
5.7630192913385825
21
-3.6757516929133858
0
LINE
8
BLACK
6
CONTINUOUS
10
5.7630192913385825
20
-3.6757516929133858
11
5.7615195275590549
21
-3.6742518503937007
0
LINE
8
BLACK
6
CONTINUOUS
10
5.7615195275590549
20
-3.6742518503937007
11
5.7614142913385828
21
-3.6740943700787403
0
LINE
8
BLACK
6
CONTINUOUS
10
5.7614142913385828
20
-3.6740943700787403
11
5.7612982677165352
21
-3.6739448818897635
0
LINE
8
BLACK
6
CONTINUOUS
10
5.7612982677165352
20
-3.6739448818897635
11
5.7605483858267714
21
-3.6724450787401572
0
LINE
8
BLACK
6
CONTINUOUS
10
5.7605483858267714
20
-3.6724450787401572
11
5.7605142125984248
21
-3.6723202755905513
0
LINE
8
BLACK
6
CONTINUOUS
10
5.7605142125984248
20
-3.6723202755905513
11
5.7604589763779526
21
-3.6722033464566928
0
LINE
8
BLACK
6
CONTINUOUS
10
5.7604589763779526
20
-3.6722033464566928
11
5.75970905511811
21
-3.6692037401574802
0
LINE
8
BLACK
6
CONTINUOUS
10
5.75970905511811
20
-3.6692037401574802
11
5.759702007874016
21
-3.6690592519685037
0
LINE
8
BLACK
6
CONTINUOUS
10
5.759702007874016
20
-3.6690592519685037
11
5.7596737795275592
21
-3.6689172834645669
0
LINE
8
BLACK
6
CONTINUOUS
10
5.7596737795275592
20
-3.6689172834645669
11
5.7596737795275592
21
-3.6666675590551181
0
LINE
8
BLACK
6
CONTINUOUS
10
5.7596737795275592
20
-3.6666675590551181
11
5.759702007874016
21
-3.6665255511811021
0
LINE
8
BLACK
6
CONTINUOUS
10
5.759702007874016
20
-3.6665255511811021
11
5.75970905511811
21
-3.6663811023622048
0
LINE
8
BLACK
6
CONTINUOUS
10
5.75970905511811
20
-3.6663811023622048
11
5.7604589763779526
21
-3.6633814566929135
0
LINE
8
BLACK
6
CONTINUOUS
10
5.7604589763779526
20
-3.6633814566929135
11
5.7605142125984248
21
-3.6632644881889762
0
LINE
8
BLACK
6
CONTINUOUS
10
5.7605142125984248
20
-3.6632644881889762
11
5.7605483858267714
21
-3.6631397244094486
0
LINE
8
BLACK
6
CONTINUOUS
10
5.7605483858267714
20
-3.6631397244094486
11
5.7612982677165352
21
-3.6616399212598423
0
LINE
8
BLACK
6
CONTINUOUS
10
5.7612982677165352
20
-3.6616399212598423
11
5.7614144094488191
21
-3.661490275590551
0
LINE
8
BLACK
6
CONTINUOUS
10
5.7614144094488191
20
-3.661490275590551
11
5.7615195275590549
21
-3.6613329527559055
0
LINE
8
BLACK
6
CONTINUOUS
10
5.7615195275590549
20
-3.6613329527559055
11
5.7630192913385825
21
-3.6598331496062992
0
LINE
8
BLACK
6
CONTINUOUS
10
5.7630192913385825
20
-3.6598331496062992
11
5.7630684645669286
21
-3.659800275590551
0
LINE
8
BLACK
6
CONTINUOUS
10
5.7630684645669286
20
-3.659800275590551
11
5.7630805905511808
21
-3.6597760629921261
0
LINE
8
BLACK
6
CONTINUOUS
10
5.7630805905511808
20
-3.6597760629921261
11
5.7632451181102358
21
-3.6596822440944883
0
LINE
8
BLACK
6
CONTINUOUS
10
5.7632451181102358
20
-3.6596822440944883
11
5.7634025196850391
21
-3.659577125984252
0
LINE
8
BLACK
6
CONTINUOUS
10
5.7634025196850391
20
-3.659577125984252
11
5.7634296062992121
21
-3.659577125984252
0
LINE
8
BLACK
6
CONTINUOUS
10
5.7634296062992121
20
-3.659577125984252
11
5.7634809842519683
21
-3.6595478346456694
0
LINE
8
BLACK
6
CONTINUOUS
10
5.7634809842519683
20
-3.6595478346456694
11
5.7657307086614171
21
-3.6587979133858268
0
LINE
8
BLACK
6
CONTINUOUS
10
5.7657307086614171
20
-3.6587979133858268
11
5.765918307086614
21
-3.658774251968504
0
LINE
8
BLACK
6
CONTINUOUS
10
5.765918307086614
20
-3.658774251968504
11
5.7661042125984254
21
-3.6587372834645668
0
LINE
8
BLACK
6
CONTINUOUS
10
5.7661042125984254
20
-3.6587372834645668
11
5.7676040551181105
21
-3.6587372834645668
0
LINE
8
BLACK
6
CONTINUOUS
10
5.7676040551181105
20
-3.6587372834645668
11
5.7677899212598422
21
-3.658774251968504
0
LINE
8
BLACK
6
CONTINUOUS
10
5.7814327952755908
20
-3.6588272047244095
11
5.78155437007874
21
-3.6588272047244095
0
LINE
8
BLACK
6
CONTINUOUS
10
5.78155437007874
20
-3.6588272047244095
11
5.7817975196850391
21
-3.6590703543307086
0
LINE
8
BLACK
6
CONTINUOUS
10
5.7817975196850391
20
-3.6590703543307086
11
5.7820837401574803
21
-3.6592611811023623
0
LINE
8
BLACK
6
CONTINUOUS
10
5.7820837401574803
20
-3.6592611811023623
11
5.7821075590551176
21
-3.6593803937007872
0
LINE
8
BLACK
6
CONTINUOUS
10
5.7821075590551176
20
-3.6593803937007872
11
5.7821935433070868
21
-3.6594663779527559
0
LINE
8
BLACK
6
CONTINUOUS
10
5.7821935433070868
20
-3.6594663779527559
11
5.7822834645669294
21
-3.6599183858267716
0
LINE
8
BLACK
6
CONTINUOUS
10
5.7822834645669294
20
-3.6599183858267716
11
5.7822834645669294
21
-3.6744853149606298
0
LINE
8
BLACK
6
CONTINUOUS
10
5.7822834645669294
20
-3.6744853149606298
11
5.7856017716535435
21
-3.6744853149606298
0
LINE
8
BLACK
6
CONTINUOUS
10
5.7856017716535435
20
-3.6744853149606298
11
5.7860537795275588
21
-3.6745752362204724
0
LINE
8
BLACK
6
CONTINUOUS
10
5.7860537795275588
20
-3.6745752362204724
11
5.7866929527559057
21
-3.6752144094488188
0
LINE
8
BLACK
6
CONTINUOUS
10
5.7866929527559057
20
-3.6752144094488188
11
5.7866929527559057
21
-3.6761184251968504
0
LINE
8
BLACK
6
CONTINUOUS
10
5.7866929527559057
20
-3.6761184251968504
11
5.7860537795275588
21
-3.6767575984251968
0
LINE
8
BLACK
6
CONTINUOUS
10
5.7860537795275588
20
-3.6767575984251968
11
5.7856017716535435
21
-3.6768475196850394
0
LINE
8
BLACK
6
CONTINUOUS
10
5.7856017716535435
20
-3.6768475196850394
11
5.776602913385827
21
-3.6768475196850394
0
LINE
8
BLACK
6
CONTINUOUS
10
5.776602913385827
20
-3.6768475196850394
11
5.7761509055118108
21
-3.6767575984251968
0
LINE
8
BLACK
6
CONTINUOUS
10
5.7761509055118108
20
-3.6767575984251968
11
5.7755117322834648
21
-3.6761184251968504
0
LINE
8
BLACK
6
CONTINUOUS
10
5.7755117322834648
20
-3.6761184251968504
11
5.7755117322834648
21
-3.6752144094488188
0
LINE
8
BLACK
6
CONTINUOUS
10
5.7755117322834648
20
-3.6752144094488188
11
5.7761509055118108
21
-3.6745752362204724
0
LINE
8
BLACK
6
CONTINUOUS
10
5.7761509055118108
20
-3.6745752362204724
11
5.776602913385827
21
-3.6744853149606298
0
LINE
8
BLACK
6
CONTINUOUS
10
5.776602913385827
20
-3.6744853149606298
11
5.7799212598425198
21
-3.6744853149606298
0
LINE
8
BLACK
6
CONTINUOUS
10
5.7799212598425198
20
-3.6744853149606298
11
5.7799212598425198
21
-3.6635196850393701
0
LINE
8
BLACK
6
CONTINUOUS
10
5.7799212598425198
20
-3.6635196850393701
11
5.7789378740157478
21
-3.6645030708661417
0
LINE
8
BLACK
6
CONTINUOUS
10
5.7789378740157478
20
-3.6645030708661417
11
5.7787806692913382
21
-3.6646080708661417
0
LINE
8
BLACK
6
CONTINUOUS
10
5.7787806692913382
20
-3.6646080708661417
11
5.7786309448818898
21
-3.6647243307086614
0
LINE
8
BLACK
6
CONTINUOUS
10
5.7786309448818898
20
-3.6647243307086614
11
5.7771311417322835
21
-3.665474251968504
0
LINE
8
BLACK
6
CONTINUOUS
10
5.7771311417322835
20
-3.665474251968504
11
5.7766866141732285
21
-3.6655959448818898
0
LINE
8
BLACK
6
CONTINUOUS
10
5.7766866141732285
20
-3.6655959448818898
11
5.7758290944881887
21
-3.6653101181102361
0
LINE
8
BLACK
6
CONTINUOUS
10
5.7758290944881887
20
-3.6653101181102361
11
5.7754248031496065
21
-3.6645015354330708
0
LINE
8
BLACK
6
CONTINUOUS
10
5.7754248031496065
20
-3.6645015354330708
11
5.7757106299212593
21
-3.6636440157480314
0
LINE
8
BLACK
6
CONTINUOUS
10
5.7757106299212593
20
-3.6636440157480314
11
5.7760746850393696
21
-3.6633614173228346
0
LINE
8
BLACK
6
CONTINUOUS
10
5.7760746850393696
20
-3.6633614173228346
11
5.7774030708661419
21
-3.6626972047244095
0
LINE
8
BLACK
6
CONTINUOUS
10
5.7774030708661419
20
-3.6626972047244095
11
5.778684724409449
21
-3.6614155118110236
0
LINE
8
BLACK
6
CONTINUOUS
10
5.778684724409449
20
-3.6614155118110236
11
5.7801196456692914
21
-3.6592632283464566
0
LINE
8
BLACK
6
CONTINUOUS
10
5.7801196456692914
20
-3.6592632283464566
11
5.7804451968503932
21
-3.6589370078740155
0
LINE
8
BLACK
6
CONTINUOUS
10
5.7804451968503932
20
-3.6589370078740155
11
5.7805643700787401
21
-3.658913149606299
0
LINE
8
BLACK
6
CONTINUOUS
10
5.7805643700787401
20
-3.658913149606299
11
5.7806503543307084
21
-3.6588272047244095
0
LINE
8
BLACK
6
CONTINUOUS
10
5.7806503543307084
20
-3.6588272047244095
11
5.7809941732283461
21
-3.6588272047244095
0
LINE
8
BLACK
6
CONTINUOUS
10
5.7809941732283461
20
-3.6588272047244095
11
5.7813315748031497
21
-3.6587597244094487
0
LINE
8
BLACK
6
CONTINUOUS
10
5.7813315748031497
20
-3.6587597244094487
11
5.7814327952755908
21
-3.6588272047244095
0
LINE
8
BLACK
6
CONTINUOUS
10
5.8054777165354325
20
-3.6509372440944881
11
5.8065430708661419
21
-3.6520025984251969
0
LINE
8
BLACK
6
CONTINUOUS
10
5.8065430708661419
20
-3.6520025984251969
11
5.8066929133858265
21
-3.6527559055118108
0
LINE
8
BLACK
6
CONTINUOUS
10
5.8066929133858265
20
-3.6527559055118108
11
5.8066929133858265
21
-3.6842519685039368
0
LINE
8
BLACK
6
CONTINUOUS
10
5.8066929133858265
20
-3.6842519685039368
11
5.8065430708661419
21
-3.6850052755905511
0
LINE
8
BLACK
6
CONTINUOUS
10
5.8065430708661419
20
-3.6850052755905511
11
5.8054777165354325
21
-3.6860706299212596
0
LINE
8
BLACK
6
CONTINUOUS
10
5.8054777165354325
20
-3.6860706299212596
11
5.8047244094488191
21
-3.6862204724409446
0
LINE
8
BLACK
6
CONTINUOUS
10
5.8047244094488191
20
-3.6862204724409446
11
5.7417322834645672
21
-3.6862204724409446
0
LINE
8
BLACK
6
CONTINUOUS
10
5.7417322834645672
20
-3.6862204724409446
11
5.7409789763779528
21
-3.6860706299212596
0
LINE
8
BLACK
6
CONTINUOUS
10
5.7409789763779528
20
-3.6860706299212596
11
5.7399136220472435
21
-3.6850052755905511
0
LINE
8
BLACK
6
CONTINUOUS
10
5.7399136220472435
20
-3.6850052755905511
11
5.7397637795275589
21
-3.6842519685039368
0
LINE
8
BLACK
6
CONTINUOUS
10
5.7397637795275589
20
-3.6842519685039368
11
5.7397637795275589
21
-3.6527559055118108
0
LINE
8
BLACK
6
CONTINUOUS
10
5.7397637795275589
20
-3.6527559055118108
11
5.7399136220472435
21
-3.6520025984251969
0
LINE
8
BLACK
6
CONTINUOUS
10
5.7399136220472435
20
-3.6520025984251969
11
5.7409789763779528
21
-3.6509372440944881
0
LINE
8
BLACK
6
CONTINUOUS
10
5.7409789763779528
20
-3.6509372440944881
11
5.7417322834645672
21
-3.650787401574803
0
LINE
8
BLACK
6
CONTINUOUS
10
5.7417322834645672
20
-3.650787401574803
11
5.8047244094488191
21
-3.650787401574803
0
LINE
8
BLACK
6
CONTINUOUS
10
5.8047244094488191
20
-3.650787401574803
11
5.8054777165354325
21
-3.6509372440944881
0
LINE
8
BLACK
6
CONTINUOUS
10
5.7437007874015746
20
-3.6547244094488187
11
5.7437007874015746
21
-3.6822834645669289
0
LINE
8
BLACK
6
CONTINUOUS
10
5.7437007874015746
20
-3.6822834645669289
11
5.8027559055118108
21
-3.6822834645669289
0
LINE
8
BLACK
6
CONTINUOUS
10
5.8027559055118108
20
-3.6822834645669289
11
5.8027559055118108
21
-3.6547244094488187
0
LINE
8
BLACK
6
CONTINUOUS
10
5.8027559055118108
20
-3.6547244094488187
11
5.7437007874015746
21
-3.6547244094488187
0
LINE
8
BLACK
6
CONTINUOUS
10
6.121628503937008
20
-3.6351522047244096
11
6.1218161417322836
21
-3.6351758661417324
0
LINE
8
BLACK
6
CONTINUOUS
10
6.1218161417322836
20
-3.6351758661417324
11
6.1240658267716537
21
-3.6359257874015749
0
LINE
8
BLACK
6
CONTINUOUS
10
6.1240658267716537
20
-3.6359257874015749
11
6.1241171259842515
21
-3.6359550393700788
0
LINE
8
BLACK
6
CONTINUOUS
10
6.1241171259842515
20
-3.6359550393700788
11
6.1241442519685041
21
-3.6359550393700788
0
LINE
8
BLACK
6
CONTINUOUS
10
6.1241442519685041
20
-3.6359550393700788
11
6.1243019291338578
21
-3.6360603937007872
0
LINE
8
BLACK
6
CONTINUOUS
10
6.1243019291338578
20
-3.6360603937007872
11
6.1244661811023624
21
-3.6361540157480312
0
LINE
8
BLACK
6
CONTINUOUS
10
6.1244661811023624
20
-3.6361540157480312
11
6.1244782283464563
21
-3.636178149606299
0
LINE
8
BLACK
6
CONTINUOUS
10
6.1244782283464563
20
-3.636178149606299
11
6.1245274803149607
21
-3.636211062992126
0
LINE
8
BLACK
6
CONTINUOUS
10
6.1245274803149607
20
-3.636211062992126
11
6.1252773622047245
21
-3.6369609448818898
0
LINE
8
BLACK
6
CONTINUOUS
10
6.1252773622047245
20
-3.6369609448818898
11
6.1255334251968501
21
-3.6373441338582677
0
LINE
8
BLACK
6
CONTINUOUS
10
6.1255334251968501
20
-3.6373441338582677
11
6.1255334645669288
21
-3.6382480708661418
0
LINE
8
BLACK
6
CONTINUOUS
10
6.1255334645669288
20
-3.6382480708661418
11
6.1248942125984254
21
-3.6388873228346457
0
LINE
8
BLACK
6
CONTINUOUS
10
6.1248942125984254
20
-3.6388873228346457
11
6.1239903149606301
21
-3.6388873622047244
0
LINE
8
BLACK
6
CONTINUOUS
10
6.1239903149606301
20
-3.6388873622047244
11
6.1236070866141734
21
-3.6386313385826772
0
LINE
8
BLACK
6
CONTINUOUS
10
6.1236070866141734
20
-3.6386313385826772
11
6.1230542519685036
21
-3.6380785433070866
0
LINE
8
BLACK
6
CONTINUOUS
10
6.1230542519685036
20
-3.6380785433070866
11
6.1212510236220474
21
-3.637477440944882
0
LINE
8
BLACK
6
CONTINUOUS
10
6.1212510236220474
20
-3.637477440944882
11
6.120134409448819
21
-3.637477440944882
0
LINE
8
BLACK
6
CONTINUOUS
10
6.120134409448819
20
-3.637477440944882
11
6.1183311023622045
21
-3.6380785433070866
0
LINE
8
BLACK
6
CONTINUOUS
10
6.1183311023622045
20
-3.6380785433070866
11
6.1171639763779524
21
-3.6392456692913386
0
LINE
8
BLACK
6
CONTINUOUS
10
6.1171639763779524
20
-3.6392456692913386
11
6.1165577559055118
21
-3.6404581102362203
0
LINE
8
BLACK
6
CONTINUOUS
10
6.1165577559055118
20
-3.6404581102362203
11
6.1158745669291337
21
-3.6431908661417323
0
LINE
8
BLACK
6
CONTINUOUS
10
6.1158745669291337
20
-3.6431908661417323
11
6.1158745669291337
21
-3.6451498425196851
0
LINE
8
BLACK
6
CONTINUOUS
10
6.1158745669291337
20
-3.6451498425196851
11
6.116557716535433
21
-3.6478825590551178
0
LINE
8
BLACK
6
CONTINUOUS
10
6.116557716535433
20
-3.6478825590551178
11
6.1171639763779524
21
-3.6490950393700787
0
LINE
8
BLACK
6
CONTINUOUS
10
6.1171639763779524
20
-3.6490950393700787
11
6.1183310236220469
21
-3.6502620866141733
0
LINE
8
BLACK
6
CONTINUOUS
10
6.1183310236220469
20
-3.6502620866141733
11
6.1201345275590553
21
-3.6508632677165354
0
LINE
8
BLACK
6
CONTINUOUS
10
6.1201345275590553
20
-3.6508632677165354
11
6.1212509055118112
21
-3.6508632677165354
0
LINE
8
BLACK
6
CONTINUOUS
10
6.1212509055118112
20
-3.6508632677165354
11
6.1230543700787399
21
-3.6502620866141733
0
LINE
8
BLACK
6
CONTINUOUS
10
6.1230543700787399
20
-3.6502620866141733
11
6.1236070866141734
21
-3.6497094094488189
0
LINE
8
BLACK
6
CONTINUOUS
10
6.1236070866141734
20
-3.6497094094488189
11
6.1239902755905513
21
-3.6494533464566929
0
LINE
8
BLACK
6
CONTINUOUS
10
6.1239902755905513
20
-3.6494533464566929
11
6.1248942125984254
21
-3.6494533464566929
0
LINE
8
BLACK
6
CONTINUOUS
10
6.1248942125984254
20
-3.6494533464566929
11
6.1255334645669288
21
-3.6500925984251968
0
LINE
8
BLACK
6
CONTINUOUS
10
6.1255334645669288
20
-3.6500925984251968
11
6.1255334645669288
21
-3.6509965354330709
0
LINE
8
BLACK
6
CONTINUOUS
10
6.1255334645669288
20
-3.6509965354330709
11
6.1252774015748033
21
-3.6513797244094488
0
LINE
8
BLACK
6
CONTINUOUS
10
6.1252774015748033
20
-3.6513797244094488
11
6.1245274803149607
21
-3.6521296456692913
0
LINE
8
BLACK
6
CONTINUOUS
10
6.1245274803149607
20
-3.6521296456692913
11
6.124478267716535
21
-3.6521624803149604
0
LINE
8
BLACK
6
CONTINUOUS
10
6.124478267716535
20
-3.6521624803149604
11
6.1244661811023624
21
-3.6521867322834645
0
LINE
8
BLACK
6
CONTINUOUS
10
6.1244661811023624
20
-3.6521867322834645
11
6.1243015354330703
21
-3.652280590551181
0
LINE
8
BLACK
6
CONTINUOUS
10
6.1243015354330703
20
-3.652280590551181
11
6.1241442913385828
21
-3.6523856692913386
0
LINE
8
BLACK
6
CONTINUOUS
10
6.1241442913385828
20
-3.6523856692913386
11
6.1241172834645665
21
-3.6523856692913386
0
LINE
8
BLACK
6
CONTINUOUS
10
6.1241172834645665
20
-3.6523856692913386
11
6.1240658267716537
21
-3.652415
0
LINE
8
BLACK
6
CONTINUOUS
10
6.1240658267716537
20
-3.652415
11
6.1218161417322836
21
-3.6531648818897637
0
LINE
8
BLACK
6
CONTINUOUS
10
6.1218161417322836
20
-3.6531648818897637
11
6.1216281889763779
21
-3.6531885433070865
0
LINE
8
BLACK
6
CONTINUOUS
10
6.1216281889763779
20
-3.6531885433070865
11
6.1214426377952753
21
-3.653225472440945
0
LINE
8
BLACK
6
CONTINUOUS
10
6.1214426377952753
20
-3.653225472440945
11
6.1199427952755903
21
-3.653225472440945
0
LINE
8
BLACK
6
CONTINUOUS
10
6.1199427952755903
20
-3.653225472440945
11
6.1197571259842523
21
-3.6531885039370078
0
LINE
8
BLACK
6
CONTINUOUS
10
6.1197571259842523
20
-3.6531885039370078
11
6.1195693307086616
21
-3.6531648818897637
0
LINE
8
BLACK
6
CONTINUOUS
10
6.1195693307086616
20
-3.6531648818897637
11
6.117319566929134
21
-3.652415
0
LINE
8
BLACK
6
CONTINUOUS
10
6.117319566929134
20
-3.652415
11
6.1172681102362203
21
-3.6523856692913386
0
LINE
8
BLACK
6
CONTINUOUS
10
6.1172681102362203
20
-3.6523856692913386
11
6.1172411023622049
21
-3.6523856692913386
0
LINE
8
BLACK
6
CONTINUOUS
10
6.1172411023622049
20
-3.6523856692913386
11
6.1170837007874015
21
-3.6522805118110235
0
LINE
8
BLACK
6
CONTINUOUS
10
6.1170837007874015
20
-3.6522805118110235
11
6.1169192125984253
21
-3.6521867322834645
0
LINE
8
BLACK
6
CONTINUOUS
10
6.1169192125984253
20
-3.6521867322834645
11
6.116907086614173
21
-3.6521625196850391
0
LINE
8
BLACK
6
CONTINUOUS
10
6.116907086614173
20
-3.6521625196850391
11
6.1168578740157482
21
-3.6521296456692913
0
LINE
8
BLACK
6
CONTINUOUS
10
6.1168578740157482
20
-3.6521296456692913
11
6.1153581102362207
21
-3.6506298031496063
0
LINE
8
BLACK
6
CONTINUOUS
10
6.1153581102362207
20
-3.6506298031496063
11
6.1152528740157477
21
-3.6504723228346454
0
LINE
8
BLACK
6
CONTINUOUS
10
6.1152528740157477
20
-3.6504723228346454
11
6.1151368503937009
21
-3.6503228346456691
0
LINE
8
BLACK
6
CONTINUOUS
10
6.1151368503937009
20
-3.6503228346456691
11
6.1143869685039371
21
-3.6488230314960628
0
LINE
8
BLACK
6
CONTINUOUS
10
6.1143869685039371
20
-3.6488230314960628
11
6.1143527952755905
21
-3.6486982283464564
0
LINE
8
BLACK
6
CONTINUOUS
10
6.1143527952755905
20
-3.6486982283464564
11
6.1142975590551183
21
-3.6485812992125983
0
LINE
8
BLACK
6
CONTINUOUS
10
6.1142975590551183
20
-3.6485812992125983
11
6.1135476377952758
21
-3.6455816929133857
0
LINE
8
BLACK
6
CONTINUOUS
10
6.1135476377952758
20
-3.6455816929133857
11
6.1135405905511808
21
-3.6454372047244092
0
LINE
8
BLACK
6
CONTINUOUS
10
6.1135405905511808
20
-3.6454372047244092
11
6.113512362204724
21
-3.6452952362204725
0
LINE
8
BLACK
6
CONTINUOUS
10
6.113512362204724
20
-3.6452952362204725
11
6.113512362204724
21
-3.6430455118110237
0
LINE
8
BLACK
6
CONTINUOUS
10
6.113512362204724
20
-3.6430455118110237
11
6.1135405905511808
21
-3.6429035039370077
0
LINE
8
BLACK
6
CONTINUOUS
10
6.1135405905511808
20
-3.6429035039370077
11
6.1135476377952758
21
-3.6427590551181099
0
LINE
8
BLACK
6
CONTINUOUS
10
6.1135476377952758
20
-3.6427590551181099
11
6.1142975590551183
21
-3.6397594094488186
0
LINE
8
BLACK
6
CONTINUOUS
10
6.1142975590551183
20
-3.6397594094488186
11
6.1143527952755905
21
-3.6396424409448818
0
LINE
8
BLACK
6
CONTINUOUS
10
6.1143527952755905
20
-3.6396424409448818
11
6.1143869685039371
21
-3.6395176771653541
0
LINE
8
BLACK
6
CONTINUOUS
10
6.1143869685039371
20
-3.6395176771653541
11
6.1151368503937009
21
-3.6380178740157478
0
LINE
8
BLACK
6
CONTINUOUS
10
6.1151368503937009
20
-3.6380178740157478
11
6.1152529921259839
21
-3.6378682283464565
0
LINE
8
BLACK
6
CONTINUOUS
10
6.1152529921259839
20
-3.6378682283464565
11
6.1153581102362207
21
-3.6377109055118111
0
LINE
8
BLACK
6
CONTINUOUS
10
6.1153581102362207
20
-3.6377109055118111
11
6.1168578740157482
21
-3.6362111023622048
0
LINE
8
BLACK
6
CONTINUOUS
10
6.1168578740157482
20
-3.6362111023622048
11
6.1169070472440943
21
-3.6361782283464565
0
LINE
8
BLACK
6
CONTINUOUS
10
6.1169070472440943
20
-3.6361782283464565
11
6.1169191732283466
21
-3.6361540157480312
0
LINE
8
BLACK
6
CONTINUOUS
10
6.1169191732283466
20
-3.6361540157480312
11
6.1170837007874015
21
-3.6360601968503938
0
LINE
8
BLACK
6
CONTINUOUS
10
6.1170837007874015
20
-3.6360601968503938
11
6.1172411023622049
21
-3.6359550787401576
0
LINE
8
BLACK
6
CONTINUOUS
10
6.1172411023622049
20
-3.6359550787401576
11
6.1172681889763778
21
-3.6359550787401576
0
LINE
8
BLACK
6
CONTINUOUS
10
6.1172681889763778
20
-3.6359550787401576
11
6.117319566929134
21
-3.6359257874015749
0
LINE
8
BLACK
6
CONTINUOUS
10
6.117319566929134
20
-3.6359257874015749
11
6.1195692913385829
21
-3.6351758661417324
0
LINE
8
BLACK
6
CONTINUOUS
10
6.1195692913385829
20
-3.6351758661417324
11
6.1197568897637797
21
-3.6351522047244096
0
LINE
8
BLACK
6
CONTINUOUS
10
6.1197568897637797
20
-3.6351522047244096
11
6.1199427952755903
21
-3.6351152362204724
0
LINE
8
BLACK
6
CONTINUOUS
10
6.1199427952755903
20
-3.6351152362204724
11
6.1214426377952753
21
-3.6351152362204724
0
LINE
8
BLACK
6
CONTINUOUS
10
6.1214426377952753
20
-3.6351152362204724
11
6.121628503937008
21
-3.6351522047244096
0
LINE
8
BLACK
6
CONTINUOUS
10
6.1397696456692916
20
-3.6351807480314959
11
6.1398187401574802
21
-3.6351774803149604
0
LINE
8
BLACK
6
CONTINUOUS
10
6.1398187401574802
20
-3.6351774803149604
11
6.139837992125984
21
-3.6351943307086612
0
LINE
8
BLACK
6
CONTINUOUS
10
6.139837992125984
20
-3.6351943307086612
11
6.1398923622047246
21
-3.635205157480315
0
LINE
8
BLACK
6
CONTINUOUS
10
6.1398923622047246
20
-3.635205157480315
11
6.1401862992125986
21
-3.6354990944881891
0
LINE
8
BLACK
6
CONTINUOUS
10
6.1401862992125986
20
-3.6354990944881891
11
6.140499094488189
21
-3.6357727952755905
0
LINE
8
BLACK
6
CONTINUOUS
10
6.140499094488189
20
-3.6357727952755905
11
6.1405018503937008
21
-3.6358146456692912
0
LINE
8
BLACK
6
CONTINUOUS
10
6.1405018503937008
20
-3.6358146456692912
11
6.1405315354330705
21
-3.6358443307086614
0
LINE
8
BLACK
6
CONTINUOUS
10
6.1405315354330705
20
-3.6358443307086614
11
6.1405315354330705
21
-3.6362594881889763
0
LINE
8
BLACK
6
CONTINUOUS
10
6.1405315354330705
20
-3.6362594881889763
11
6.1405592125984247
21
-3.6366747244094486
0
LINE
8
BLACK
6
CONTINUOUS
10
6.1405592125984247
20
-3.6366747244094486
11
6.1405315354330705
21
-3.6367227559055118
0
LINE
8
BLACK
6
CONTINUOUS
10
6.1405315354330705
20
-3.6367227559055118
11
6.1405315354330705
21
-3.636748346456693
0
LINE
8
BLACK
6
CONTINUOUS
10
6.1405315354330705
20
-3.636748346456693
11
6.1404968110236222
21
-3.636783031496063
0
LINE
8
BLACK
6
CONTINUOUS
10
6.1404968110236222
20
-3.636783031496063
11
6.1403292125984255
21
-3.637074094488189
0
LINE
8
BLACK
6
CONTINUOUS
10
6.1403292125984255
20
-3.637074094488189
11
6.1367414960629922
21
-3.6411742913385825
0
LINE
8
BLACK
6
CONTINUOUS
10
6.1367414960629922
20
-3.6411742913385825
11
6.136892755905512
21
-3.641204409448819
0
LINE
8
BLACK
6
CONTINUOUS
10
6.136892755905512
20
-3.641204409448819
11
6.1369118897637795
21
-3.6412235433070865
0
LINE
8
BLACK
6
CONTINUOUS
10
6.1369118897637795
20
-3.6412235433070865
11
6.1369689763779522
21
-3.6412391732283464
0
LINE
8
BLACK
6
CONTINUOUS
10
6.1369689763779522
20
-3.6412391732283464
11
6.1384687795275585
21
-3.641989094488189
0
LINE
8
BLACK
6
CONTINUOUS
10
6.1384687795275585
20
-3.641989094488189
11
6.1386182283464565
21
-3.6421051181102362
0
LINE
8
BLACK
6
CONTINUOUS
10
6.1386182283464565
20
-3.6421051181102362
11
6.1387757086614174
21
-3.64221031496063
0
LINE
8
BLACK
6
CONTINUOUS
10
6.1387757086614174
20
-3.64221031496063
11
6.1395255905511812
21
-3.6429601968503937
0
LINE
8
BLACK
6
CONTINUOUS
10
6.1395255905511812
20
-3.6429601968503937
11
6.1396307480314958
21
-3.6431175590551179
0
LINE
8
BLACK
6
CONTINUOUS
10
6.1396307480314958
20
-3.6431175590551179
11
6.1397468897637797
21
-3.6432672047244092
0
LINE
8
BLACK
6
CONTINUOUS
10
6.1397468897637797
20
-3.6432672047244092
11
6.1404967716535435
21
-3.6447670472440943
0
LINE
8
BLACK
6
CONTINUOUS
10
6.1404967716535435
20
-3.6447670472440943
11
6.1405123622047242
21
-3.6448240551181104
0
LINE
8
BLACK
6
CONTINUOUS
10
6.1405123622047242
20
-3.6448240551181104
11
6.1405315354330705
21
-3.6448432283464567
0
LINE
8
BLACK
6
CONTINUOUS
10
6.1405315354330705
20
-3.6448432283464567
11
6.140568464566929
21
-3.6450290157480314
0
LINE
8
BLACK
6
CONTINUOUS
10
6.140568464566929
20
-3.6450290157480314
11
6.1406184645669288
21
-3.645211535433071
0
LINE
8
BLACK
6
CONTINUOUS
10
6.1406184645669288
20
-3.645211535433071
11
6.1406098818897634
21
-3.6452371653543305
0
LINE
8
BLACK
6
CONTINUOUS
10
6.1406098818897634
20
-3.6452371653543305
11
6.1406214566929131
21
-3.6452952362204725
0
LINE
8
BLACK
6
CONTINUOUS
10
6.1406214566929131
20
-3.6452952362204725
11
6.1406214566929131
21
-3.6490447637795276
0
LINE
8
BLACK
6
CONTINUOUS
10
6.1406214566929131
20
-3.6490447637795276
11
6.1406098818897634
21
-3.6491027952755903
0
LINE
8
BLACK
6
CONTINUOUS
10
6.1406098818897634
20
-3.6491027952755903
11
6.1406184645669288
21
-3.6491284645669291
0
LINE
8
BLACK
6
CONTINUOUS
10
6.1406184645669288
20
-3.6491284645669291
11
6.140568464566929
21
-3.6493109448818899
0
LINE
8
BLACK
6
CONTINUOUS
10
6.140568464566929
20
-3.6493109448818899
11
6.1405315354330705
21
-3.6494967716535434
0
LINE
8
BLACK
6
CONTINUOUS
10
6.1405315354330705
20
-3.6494967716535434
11
6.1405123622047242
21
-3.6495159055118109
0
LINE
8
BLACK
6
CONTINUOUS
10
6.1405123622047242
20
-3.6495159055118109
11
6.1404967716535435
21
-3.6495729527559053
0
LINE
8
BLACK
6
CONTINUOUS
10
6.1404967716535435
20
-3.6495729527559053
11
6.1397468897637797
21
-3.6510727559055116
0
LINE
8
BLACK
6
CONTINUOUS
10
6.1397468897637797
20
-3.6510727559055116
11
6.1396307480314958
21
-3.6512223622047242
0
LINE
8
BLACK
6
CONTINUOUS
10
6.1396307480314958
20
-3.6512223622047242
11
6.1395256299212599
21
-3.6513797244094488
0
LINE
8
BLACK
6
CONTINUOUS
10
6.1395256299212599
20
-3.6513797244094488
11
6.1387757086614174
21
-3.6521296456692913
0
LINE
8
BLACK
6
CONTINUOUS
10
6.1387757086614174
20
-3.6521296456692913
11
6.1386183464566928
21
-3.6522347244094489
0
LINE
8
BLACK
6
CONTINUOUS
10
6.1386183464566928
20
-3.6522347244094489
11
6.1384687401574798
21
-3.6523509055118111
0
LINE
8
BLACK
6
CONTINUOUS
10
6.1384687401574798
20
-3.6523509055118111
11
6.1369689370078735
21
-3.6531007874015748
0
LINE
8
BLACK
6
CONTINUOUS
10
6.1369689370078735
20
-3.6531007874015748
11
6.1369118897637795
21
-3.653116377952756
0
LINE
8
BLACK
6
CONTINUOUS
10
6.1369118897637795
20
-3.653116377952756
11
6.136892755905512
21
-3.6531355511811023
0
LINE
8
BLACK
6
CONTINUOUS
10
6.136892755905512
20
-3.6531355511811023
11
6.1367069291338581
21
-3.6531724803149603
0
LINE
8
BLACK
6
CONTINUOUS
10
6.1367069291338581
20
-3.6531724803149603
11
6.1365244488188972
21
-3.6532224803149607
0
LINE
8
BLACK
6
CONTINUOUS
10
6.1365244488188972
20
-3.6532224803149607
11
6.1364987795275585
21
-3.6532138976377952
0
LINE
8
BLACK
6
CONTINUOUS
10
6.1364987795275585
20
-3.6532138976377952
11
6.1364407480314958
21
-3.653225472440945
0
LINE
8
BLACK
6
CONTINUOUS
10
6.1364407480314958
20
-3.653225472440945
11
6.1319412992125981
21
-3.653225472440945
0
LINE
8
BLACK
6
CONTINUOUS
10
6.1319412992125981
20
-3.653225472440945
11
6.1318832283464566
21
-3.6532138976377952
0
LINE
8
BLACK
6
CONTINUOUS
10
6.1318832283464566
20
-3.6532138976377952
11
6.1318575984251966
21
-3.6532224803149607
0
LINE
8
BLACK
6
CONTINUOUS
10
6.1318575984251966
20
-3.6532224803149607
11
6.131675078740157
21
-3.6531724803149603
0
LINE
8
BLACK
6
CONTINUOUS
10
6.131675078740157
20
-3.6531724803149603
11
6.1314892913385828
21
-3.6531355511811023
0
LINE
8
BLACK
6
CONTINUOUS
10
6.1314892913385828
20
-3.6531355511811023
11
6.1314701181102365
21
-3.653116377952756
0
LINE
8
BLACK
6
CONTINUOUS
10
6.1314701181102365
20
-3.653116377952756
11
6.1314131102362204
21
-3.6531007874015748
0
LINE
8
BLACK
6
CONTINUOUS
10
6.1314131102362204
20
-3.6531007874015748
11
6.1299133070866141
21
-3.6523509055118111
0
LINE
8
BLACK
6
CONTINUOUS
10
6.1299133070866141
20
-3.6523509055118111
11
6.1297636614173223
21
-3.6522347637795276
0
LINE
8
BLACK
6
CONTINUOUS
10
6.1297636614173223
20
-3.6522347637795276
11
6.1296063385826773
21
-3.6521296456692913
0
LINE
8
BLACK
6
CONTINUOUS
10
6.1296063385826773
20
-3.6521296456692913
11
6.1288564173228348
21
-3.6513797244094488
0
LINE
8
BLACK
6
CONTINUOUS
10
6.1288564173228348
20
-3.6513797244094488
11
6.1286003937007871
21
-3.6509965354330709
0
LINE
8
BLACK
6
CONTINUOUS
10
6.1286003937007871
20
-3.6509965354330709
11
6.1286003937007871
21
-3.6500925984251968
0
LINE
8
BLACK
6
CONTINUOUS
10
6.1286003937007871
20
-3.6500925984251968
11
6.1292396062992127
21
-3.6494533858267717
0
LINE
8
BLACK
6
CONTINUOUS
10
6.1292396062992127
20
-3.6494533858267717
11
6.1301435433070868
21
-3.6494533858267717
0
LINE
8
BLACK
6
CONTINUOUS
10
6.1301435433070868
20
-3.6494533858267717
11
6.1305267322834647
21
-3.6497094094488189
0
LINE
8
BLACK
6
CONTINUOUS
10
6.1305267322834647
20
-3.6497094094488189
11
6.1311410629921257
21
-3.6503237401574804
0
LINE
8
BLACK
6
CONTINUOUS
10
6.1311410629921257
20
-3.6503237401574804
11
6.1322201181102365
21
-3.6508632677165354
0
LINE
8
BLACK
6
CONTINUOUS
10
6.1322201181102365
20
-3.6508632677165354
11
6.1361619291338583
21
-3.6508632677165354
0
LINE
8
BLACK
6
CONTINUOUS
10
6.1361619291338583
20
-3.6508632677165354
11
6.1372409448818894
21
-3.6503237401574804
0
LINE
8
BLACK
6
CONTINUOUS
10
6.1372409448818894
20
-3.6503237401574804
11
6.1377197244094486
21
-3.6498449606299213
0
LINE
8
BLACK
6
CONTINUOUS
10
6.1377197244094486
20
-3.6498449606299213
11
6.1382592519685035
21
-3.6487659448818897
0
LINE
8
BLACK
6
CONTINUOUS
10
6.1382592519685035
20
-3.6487659448818897
11
6.1382592519685035
21
-3.6455740157480312
0
LINE
8
BLACK
6
CONTINUOUS
10
6.1382592519685035
20
-3.6455740157480312
11
6.1377197637795273
21
-3.6444950787401575
0
LINE
8
BLACK
6
CONTINUOUS
10
6.1377197637795273
20
-3.6444950787401575
11
6.1372408661417319
21
-3.6440161811023621
0
LINE
8
BLACK
6
CONTINUOUS
10
6.1372408661417319
20
-3.6440161811023621
11
6.1361618897637795
21
-3.6434766929133859
0
LINE
8
BLACK
6
CONTINUOUS
10
6.1361618897637795
20
-3.6434766929133859
11
6.1341910236220469
21
-3.6434766929133859
0
LINE
8
BLACK
6
CONTINUOUS
10
6.1341910236220469
20
-3.6434766929133859
11
6.1338616929133858
21
-3.6434111417322832
0
LINE
8
BLACK
6
CONTINUOUS
10
6.1338616929133858
20
-3.6434111417322832
11
6.1338126377952751
21
-3.6434144488188975
0
LINE
8
BLACK
6
CONTINUOUS
10
6.1338126377952751
20
-3.6434144488188975
11
6.1337933464566925
21
-3.643397559055118
0
LINE
8
BLACK
6
CONTINUOUS
10
6.1337933464566925
20
-3.643397559055118
11
6.1337390157480316
21
-3.6433867716535433
0
LINE
8
BLACK
6
CONTINUOUS
10
6.1337390157480316
20
-3.6433867716535433
11
6.1334448818897638
21
-3.6430926377952755
0
LINE
8
BLACK
6
CONTINUOUS
10
6.1334448818897638
20
-3.6430926377952755
11
6.1331323228346459
21
-3.6428191338582678
0
LINE
8
BLACK
6
CONTINUOUS
10
6.1331323228346459
20
-3.6428191338582678
11
6.1331295275590554
21
-3.6427772834645666
0
LINE
8
BLACK
6
CONTINUOUS
10
6.1331295275590554
20
-3.6427772834645666
11
6.1330998425196848
21
-3.6427475984251969
0
LINE
8
BLACK
6
CONTINUOUS
10
6.1330998425196848
20
-3.6427475984251969
11
6.1330998425196848
21
-3.642332125984252
0
LINE
8
BLACK
6
CONTINUOUS
10
6.1330998425196848
20
-3.642332125984252
11
6.1330721653543305
21
-3.6419172047244093
0
LINE
8
BLACK
6
CONTINUOUS
10
6.1330721653543305
20
-3.6419172047244093
11
6.1330998425196848
21
-3.6418691338582678
0
LINE
8
BLACK
6
CONTINUOUS
10
6.1330998425196848
20
-3.6418691338582678
11
6.1330998425196848
21
-3.6418435826771653
0
LINE
8
BLACK
6
CONTINUOUS
10
6.1330998425196848
20
-3.6418435826771653
11
6.1331345275590552
21
-3.6418088582677166
0
LINE
8
BLACK
6
CONTINUOUS
10
6.1331345275590552
20
-3.6418088582677166
11
6.1333021653543307
21
-3.6415178346456694
0
LINE
8
BLACK
6
CONTINUOUS
10
6.1333021653543307
20
-3.6415178346456694
11
6.1368374803149601
21
-3.637477440944882
0
LINE
8
BLACK
6
CONTINUOUS
10
6.1368374803149601
20
-3.637477440944882
11
6.1296915748031493
21
-3.637477440944882
0
LINE
8
BLACK
6
CONTINUOUS
10
6.1296915748031493
20
-3.637477440944882
11
6.129239566929134
21
-3.6373875196850394
0
LINE
8
BLACK
6
CONTINUOUS
10
6.129239566929134
20
-3.6373875196850394
11
6.1286003937007871
21
-3.636748346456693
0
LINE
8
BLACK
6
CONTINUOUS
10
6.1286003937007871
20
-3.636748346456693
11
6.1286003937007871
21
-3.6358443307086614
0
LINE
8
BLACK
6
CONTINUOUS
10
6.1286003937007871
20
-3.6358443307086614
11
6.129239566929134
21
-3.635205157480315
0
LINE
8
BLACK
6
CONTINUOUS
10
6.129239566929134
20
-3.635205157480315
11
6.1296915748031493
21
-3.6351152362204724
0
LINE
8
BLACK
6
CONTINUOUS
10
6.1296915748031493
20
-3.6351152362204724
11
6.1394403543307083
21
-3.6351152362204724
0
LINE
8
BLACK
6
CONTINUOUS
10
6.1394403543307083
20
-3.6351152362204724
11
6.1397696456692916
21
-3.6351807480314959
0
LINE
8
BLACK
6
CONTINUOUS
10
6.1593162992125983
20
-3.6273151968503936
11
6.1603816535433067
21
-3.6283805511811025
0
LINE
8
BLACK
6
CONTINUOUS
10
6.1603816535433067
20
-3.6283805511811025
11
6.1605314960629922
21
-3.6291338582677164
0
LINE
8
BLACK
6
CONTINUOUS
10
6.1605314960629922
20
-3.6291338582677164
11
6.1605314960629922
21
-3.6606299212598423
0
LINE
8
BLACK
6
CONTINUOUS
10
6.1605314960629922
20
-3.6606299212598423
11
6.1603816535433067
21
-3.6613832283464567
0
LINE
8
BLACK
6
CONTINUOUS
10
6.1603816535433067
20
-3.6613832283464567
11
6.1593162992125983
21
-3.6624485826771651
0
LINE
8
BLACK
6
CONTINUOUS
10
6.1593162992125983
20
-3.6624485826771651
11
6.1585629921259839
21
-3.6625984251968502
0
LINE
8
BLACK
6
CONTINUOUS
10
6.1585629921259839
20
-3.6625984251968502
11
6.095570866141732
21
-3.6625984251968502
0
LINE
8
BLACK
6
CONTINUOUS
10
6.095570866141732
20
-3.6625984251968502
11
6.0948175590551177
21
-3.6624485826771651
0
LINE
8
BLACK
6
CONTINUOUS
10
6.0948175590551177
20
-3.6624485826771651
11
6.0937522047244093
21
-3.6613832283464567
0
LINE
8
BLACK
6
CONTINUOUS
10
6.0937522047244093
20
-3.6613832283464567
11
6.0936023622047246
21
-3.6606299212598423
0
LINE
8
BLACK
6
CONTINUOUS
10
6.0936023622047246
20
-3.6606299212598423
11
6.0936023622047246
21
-3.6291338582677164
0
LINE
8
BLACK
6
CONTINUOUS
10
6.0936023622047246
20
-3.6291338582677164
11
6.0937522047244093
21
-3.6283805511811025
0
LINE
8
BLACK
6
CONTINUOUS
10
6.0937522047244093
20
-3.6283805511811025
11
6.0948175590551177
21
-3.6273151968503936
0
LINE
8
BLACK
6
CONTINUOUS
10
6.0948175590551177
20
-3.6273151968503936
11
6.095570866141732
21
-3.6271653543307085
0
LINE
8
BLACK
6
CONTINUOUS
10
6.095570866141732
20
-3.6271653543307085
11
6.1585629921259839
21
-3.6271653543307085
0
LINE
8
BLACK
6
CONTINUOUS
10
6.1585629921259839
20
-3.6271653543307085
11
6.1593162992125983
21
-3.6273151968503936
0
LINE
8
BLACK
6
CONTINUOUS
10
6.0975393700787404
20
-3.6311023622047243
11
6.0975393700787404
21
-3.6586614173228345
0
LINE
8
BLACK
6
CONTINUOUS
10
6.0975393700787404
20
-3.6586614173228345
11
6.1565944881889765
21
-3.6586614173228345
0
LINE
8
BLACK
6
CONTINUOUS
10
6.1565944881889765
20
-3.6586614173228345
11
6.1565944881889765
21
-3.6311023622047243
0
LINE
8
BLACK
6
CONTINUOUS
10
6.1565944881889765
20
-3.6311023622047243
11
6.0975393700787404
21
-3.6311023622047243
0
LINE
8
BLACK
6
CONTINUOUS
10
6.2832113779527559
20
-3.6129220472440946
11
6.2832370472440946
21
-3.6129135039370079
0
LINE
8
BLACK
6
CONTINUOUS
10
6.2832370472440946
20
-3.6129135039370079
11
6.2834195669291333
21
-3.6129634645669291
0
LINE
8
BLACK
6
CONTINUOUS
10
6.2834195669291333
20
-3.6129634645669291
11
6.2836053543307084
21
-3.6130004330708663
0
LINE
8
BLACK
6
CONTINUOUS
10
6.2836053543307084
20
-3.6130004330708663
11
6.283624488188976
21
-3.6130195669291338
0
LINE
8
BLACK
6
CONTINUOUS
10
6.283624488188976
20
-3.6130195669291338
11
6.2836815748031496
21
-3.6130351968503938
0
LINE
8
BLACK
6
CONTINUOUS
10
6.2836815748031496
20
-3.6130351968503938
11
6.2851813779527559
21
-3.6137851181102363
0
LINE
8
BLACK
6
CONTINUOUS
10
6.2851813779527559
20
-3.6137851181102363
11
6.285330826771653
21
-3.6139011417322835
0
LINE
8
BLACK
6
CONTINUOUS
10
6.285330826771653
20
-3.6139011417322835
11
6.2854883070866139
21
-3.6140063385826773
0
LINE
8
BLACK
6
CONTINUOUS
10
6.2854883070866139
20
-3.6140063385826773
11
6.2862381889763776
21
-3.6147562204724411
0
LINE
8
BLACK
6
CONTINUOUS
10
6.2862381889763776
20
-3.6147562204724411
11
6.2863433464566931
21
-3.6149135826771652
0
LINE
8
BLACK
6
CONTINUOUS
10
6.2863433464566931
20
-3.6149135826771652
11
6.2864594881889762
21
-3.6150632283464565
0
LINE
8
BLACK
6
CONTINUOUS
10
6.2864594881889762
20
-3.6150632283464565
11
6.2872093700787399
21
-3.6165630708661416
0
LINE
8
BLACK
6
CONTINUOUS
10
6.2872093700787399
20
-3.6165630708661416
11
6.2872249606299215
21
-3.6166200787401572
0
LINE
8
BLACK
6
CONTINUOUS
10
6.2872249606299215
20
-3.6166200787401572
11
6.2872441338582679
21
-3.616639251968504
0
LINE
8
BLACK
6
CONTINUOUS
10
6.2872441338582679
20
-3.616639251968504
11
6.2872810629921254
21
-3.6168250393700787
0
LINE
8
BLACK
6
CONTINUOUS
10
6.2872810629921254
20
-3.6168250393700787
11
6.2873310629921262
21
-3.6170075590551178
0
LINE
8
BLACK
6
CONTINUOUS
10
6.2873310629921262
20
-3.6170075590551178
11
6.2873224803149608
21
-3.6170331889763778
0
LINE
8
BLACK
6
CONTINUOUS
10
6.2873224803149608
20
-3.6170331889763778
11
6.2873340551181105
21
-3.6170912598425198
0
LINE
8
BLACK
6
CONTINUOUS
10
6.2873340551181105
20
-3.6170912598425198
11
6.2873340551181105
21
-3.6185910629921261
0
LINE
8
BLACK
6
CONTINUOUS
10
6.2873340551181105
20
-3.6185910629921261
11
6.2872970866141733
21
-3.6187766929133858
0
LINE
8
BLACK
6
CONTINUOUS
10
6.2872970866141733
20
-3.6187766929133858
11
6.2872734645669288
21
-3.6189645275590552
0
LINE
8
BLACK
6
CONTINUOUS
10
6.2872734645669288
20
-3.6189645275590552
11
6.286523582677165
21
-3.6212142913385827
0
LINE
8
BLACK
6
CONTINUOUS
10
6.286523582677165
20
-3.6212142913385827
11
6.2864942519685041
21
-3.6212657086614173
0
LINE
8
BLACK
6
CONTINUOUS
10
6.2864942519685041
20
-3.6212657086614173
11
6.2864942519685041
21
-3.6212927559055119
0
LINE
8
BLACK
6
CONTINUOUS
10
6.2864942519685041
20
-3.6212927559055119
11
6.2863891732283461
21
-3.6214499999999998
0
LINE
8
BLACK
6
CONTINUOUS
10
6.2863891732283461
20
-3.6214499999999998
11
6.28629531496063
21
-3.6216146456692915
0
LINE
8
BLACK
6
CONTINUOUS
10
6.28629531496063
20
-3.6216146456692915
11
6.2862710629921255
21
-3.6216267322834645
0
LINE
8
BLACK
6
CONTINUOUS
10
6.2862710629921255
20
-3.6216267322834645
11
6.2862382283464564
21
-3.6216759448818898
0
LINE
8
BLACK
6
CONTINUOUS
10
6.2862382283464564
20
-3.6216759448818898
11
6.2792555905511813
21
-3.6286585433070866
0
LINE
8
BLACK
6
CONTINUOUS
10
6.2792555905511813
20
-3.6286585433070866
11
6.2861529527559057
21
-3.6286585433070866
0
LINE
8
BLACK
6
CONTINUOUS
10
6.2861529527559057
20
-3.6286585433070866
11
6.286604960629921
21
-3.6287484645669292
0
LINE
8
BLACK
6
CONTINUOUS
10
6.286604960629921
20
-3.6287484645669292
11
6.2872441338582679
21
-3.6293876377952756
0
LINE
8
BLACK
6
CONTINUOUS
10
6.2872441338582679
20
-3.6293876377952756
11
6.2872441338582679
21
-3.6302916535433072
0
LINE
8
BLACK
6
CONTINUOUS
10
6.2872441338582679
20
-3.6302916535433072
11
6.286604960629921
21
-3.6309308267716536
0
LINE
8
BLACK
6
CONTINUOUS
10
6.286604960629921
20
-3.6309308267716536
11
6.2861529527559057
21
-3.6310207480314958
0
LINE
8
BLACK
6
CONTINUOUS
10
6.2861529527559057
20
-3.6310207480314958
11
6.2764041732283467
21
-3.6310207480314958
0
LINE
8
BLACK
6
CONTINUOUS
10
6.2764041732283467
20
-3.6310207480314958
11
6.2759521653543304
21
-3.6309308267716536
0
LINE
8
BLACK
6
CONTINUOUS
10
6.2759521653543304
20
-3.6309308267716536
11
6.2753129921259845
21
-3.6302916535433072
0
LINE
8
BLACK
6
CONTINUOUS
10
6.2753129921259845
20
-3.6302916535433072
11
6.2753129921259845
21
-3.6293876377952756
0
LINE
8
BLACK
6
CONTINUOUS
10
6.2753129921259845
20
-3.6293876377952756
11
6.275313070866142
21
-3.6293875196850394
0
LINE
8
BLACK
6
CONTINUOUS
10
6.275313070866142
20
-3.6293875196850394
11
6.2755690157480313
21
-3.6290044881889765
0
LINE
8
BLACK
6
CONTINUOUS
10
6.2755690157480313
20
-3.6290044881889765
11
6.2843706692913388
21
-3.6202028346456694
0
LINE
8
BLACK
6
CONTINUOUS
10
6.2843706692913388
20
-3.6202028346456694
11
6.2849718503937009
21
-3.6183993307086615
0
LINE
8
BLACK
6
CONTINUOUS
10
6.2849718503937009
20
-3.6183993307086615
11
6.2849718503937009
21
-3.6173700393700785
0
LINE
8
BLACK
6
CONTINUOUS
10
6.2849718503937009
20
-3.6173700393700785
11
6.2844323622047247
21
-3.6162911023622049
0
LINE
8
BLACK
6
CONTINUOUS
10
6.2844323622047247
20
-3.6162911023622049
11
6.2839534645669293
21
-3.6158122047244095
0
LINE
8
BLACK
6
CONTINUOUS
10
6.2839534645669293
20
-3.6158122047244095
11
6.282874488188976
21
-3.6152727165354328
0
LINE
8
BLACK
6
CONTINUOUS
10
6.282874488188976
20
-3.6152727165354328
11
6.2796826771653542
21
-3.6152727165354328
0
LINE
8
BLACK
6
CONTINUOUS
10
6.2796826771653542
20
-3.6152727165354328
11
6.2786035826771656
21
-3.6158122440944882
0
LINE
8
BLACK
6
CONTINUOUS
10
6.2786035826771656
20
-3.6158122440944882
11
6.2779892519685037
21
-3.6164266141732284
0
LINE
8
BLACK
6
CONTINUOUS
10
6.2779892519685037
20
-3.6164266141732284
11
6.277606023622047
21
-3.6166826377952757
0
LINE
8
BLACK
6
CONTINUOUS
10
6.277606023622047
20
-3.6166826377952757
11
6.2767020866141729
21
-3.6166825984251969
0
LINE
8
BLACK
6
CONTINUOUS
10
6.2767020866141729
20
-3.6166825984251969
11
6.2760628740157482
21
-3.616043346456693
0
LINE
8
BLACK
6
CONTINUOUS
10
6.2760628740157482
20
-3.616043346456693
11
6.276062913385827
21
-3.615139409448819
0
LINE
8
BLACK
6
CONTINUOUS
10
6.276062913385827
20
-3.615139409448819
11
6.2763189370078738
21
-3.6147562204724411
0
LINE
8
BLACK
6
CONTINUOUS
10
6.2763189370078738
20
-3.6147562204724411
11
6.2770688582677163
21
-3.6140063385826773
0
LINE
8
BLACK
6
CONTINUOUS
10
6.2770688582677163
20
-3.6140063385826773
11
6.2772262992125984
21
-3.6139011417322835
0
LINE
8
BLACK
6
CONTINUOUS
10
6.2772262992125984
20
-3.6139011417322835
11
6.2773757874015743
21
-3.6137851181102363
0
LINE
8
BLACK
6
CONTINUOUS
10
6.2773757874015743
20
-3.6137851181102363
11
6.2788756299212594
21
-3.6130351968503938
0
LINE
8
BLACK
6
CONTINUOUS
10
6.2788756299212594
20
-3.6130351968503938
11
6.2789326377952754
21
-3.6130195669291338
0
LINE
8
BLACK
6
CONTINUOUS
10
6.2789326377952754
20
-3.6130195669291338
11
6.2789518110236218
21
-3.6130004330708663
0
LINE
8
BLACK
6
CONTINUOUS
10
6.2789518110236218
20
-3.6130004330708663
11
6.2791372834645669
21
-3.6129635039370078
0
LINE
8
BLACK
6
CONTINUOUS
10
6.2791372834645669
20
-3.6129635039370078
11
6.2793201181102365
21
-3.6129134645669292
0
LINE
8
BLACK
6
CONTINUOUS
10
6.2793201181102365
20
-3.6129134645669292
11
6.2793458267716531
21
-3.6129220078740159
0
LINE
8
BLACK
6
CONTINUOUS
10
6.2793458267716531
20
-3.6129220078740159
11
6.279403818897638
21
-3.6129105118110236
0
LINE
8
BLACK
6
CONTINUOUS
10
6.279403818897638
20
-3.6129105118110236
11
6.2831533464566931
21
-3.6129105118110236
0
LINE
8
BLACK
6
CONTINUOUS
10
6.2831533464566931
20
-3.6129105118110236
11
6.2832113779527559
21
-3.6129220472440946
0
LINE
8
BLACK
6
CONTINUOUS
10
6.2682132677165354
20
-3.6129220472440946
11
6.2682389370078742
21
-3.6129135039370079
0
LINE
8
BLACK
6
CONTINUOUS
10
6.2682389370078742
20
-3.6129135039370079
11
6.2684214566929128
21
-3.6129634645669291
0
LINE
8
BLACK
6
CONTINUOUS
10
6.2684214566929128
20
-3.6129634645669291
11
6.268607244094488
21
-3.6130004330708663
0
LINE
8
BLACK
6
CONTINUOUS
10
6.268607244094488
20
-3.6130004330708663
11
6.2686263779527556
21
-3.6130195669291338
0
LINE
8
BLACK
6
CONTINUOUS
10
6.2686263779527556
20
-3.6130195669291338
11
6.2686834645669292
21
-3.6130351968503938
0
LINE
8
BLACK
6
CONTINUOUS
10
6.2686834645669292
20
-3.6130351968503938
11
6.2701832677165354
21
-3.6137851181102363
0
LINE
8
BLACK
6
CONTINUOUS
10
6.2701832677165354
20
-3.6137851181102363
11
6.2703329921259838
21
-3.6139013385826773
0
LINE
8
BLACK
6
CONTINUOUS
10
6.2703329921259838
20
-3.6139013385826773
11
6.2704901968503934
21
-3.614006377952756
0
LINE
8
BLACK
6
CONTINUOUS
10
6.2704901968503934
20
-3.614006377952756
11
6.271240118110236
21
-3.6147562598425198
0
LINE
8
BLACK
6
CONTINUOUS
10
6.271240118110236
20
-3.6147562598425198
11
6.2713454724409443
21
-3.6149139763779528
0
LINE
8
BLACK
6
CONTINUOUS
10
6.2713454724409443
20
-3.6149139763779528
11
6.271461338582677
21
-3.6150632283464565
0
LINE
8
BLACK
6
CONTINUOUS
10
6.271461338582677
20
-3.6150632283464565
11
6.2722112598425195
21
-3.6165630708661416
0
LINE
8
BLACK
6
CONTINUOUS
10
6.2722112598425195
20
-3.6165630708661416
11
6.2722268503937002
21
-3.6166200787401572
0
LINE
8
BLACK
6
CONTINUOUS
10
6.2722268503937002
20
-3.6166200787401572
11
6.2722460236220474
21
-3.616639251968504
0
LINE
8
BLACK
6
CONTINUOUS
10
6.2722460236220474
20
-3.616639251968504
11
6.2722829133858262
21
-3.6168247244094487
0
LINE
8
BLACK
6
CONTINUOUS
10
6.2722829133858262
20
-3.6168247244094487
11
6.2723329921259845
21
-3.6170075590551178
0
LINE
8
BLACK
6
CONTINUOUS
10
6.2723329921259845
20
-3.6170075590551178
11
6.2723244094488191
21
-3.6170332677165353
0
LINE
8
BLACK
6
CONTINUOUS
10
6.2723244094488191
20
-3.6170332677165353
11
6.2723359448818901
21
-3.6170912598425198
0
LINE
8
BLACK
6
CONTINUOUS
10
6.2723359448818901
20
-3.6170912598425198
11
6.2723359448818901
21
-3.6193409448818898
0
LINE
8
BLACK
6
CONTINUOUS
10
6.2723359448818901
20
-3.6193409448818898
11
6.2723244094488191
21
-3.6193988976377951
0
LINE
8
BLACK
6
CONTINUOUS
10
6.2723244094488191
20
-3.6193988976377951
11
6.2723329921259845
21
-3.6194246456692913
0
LINE
8
BLACK
6
CONTINUOUS
10
6.2723329921259845
20
-3.6194246456692913
11
6.2722829133858262
21
-3.6196074409448817
0
LINE
8
BLACK
6
CONTINUOUS
10
6.2722829133858262
20
-3.6196074409448817
11
6.2722460236220474
21
-3.6197929527559056
0
LINE
8
BLACK
6
CONTINUOUS
10
6.2722460236220474
20
-3.6197929527559056
11
6.2722268503937002
21
-3.6198120866141732
0
LINE
8
BLACK
6
CONTINUOUS
10
6.2722268503937002
20
-3.6198120866141732
11
6.2722112598425195
21
-3.6198691338582676
0
LINE
8
BLACK
6
CONTINUOUS
10
6.2722112598425195
20
-3.6198691338582676
11
6.271461338582677
21
-3.6213689763779526
0
LINE
8
BLACK
6
CONTINUOUS
10
6.271461338582677
20
-3.6213689763779526
11
6.2713454724409443
21
-3.6215181889763777
0
LINE
8
BLACK
6
CONTINUOUS
10
6.2713454724409443
20
-3.6215181889763777
11
6.271240118110236
21
-3.6216759448818898
0
LINE
8
BLACK
6
CONTINUOUS
10
6.271240118110236
20
-3.6216759448818898
11
6.2704901968503934
21
-3.6224258267716536
0
LINE
8
BLACK
6
CONTINUOUS
10
6.2704901968503934
20
-3.6224258267716536
11
6.2703329921259838
21
-3.6225308267716536
0
LINE
8
BLACK
6
CONTINUOUS
10
6.2703329921259838
20
-3.6225308267716536
11
6.2701832677165354
21
-3.6226470866141733
0
LINE
8
BLACK
6
CONTINUOUS
10
6.2701832677165354
20
-3.6226470866141733
11
6.2686834645669292
21
-3.6233970078740159
0
LINE
8
BLACK
6
CONTINUOUS
10
6.2686834645669292
20
-3.6233970078740159
11
6.2686263779527556
21
-3.6234125984251966
0
LINE
8
BLACK
6
CONTINUOUS
10
6.2686263779527556
20
-3.6234125984251966
11
6.268607244094488
21
-3.6234317716535434
0
LINE
8
BLACK
6
CONTINUOUS
10
6.268607244094488
20
-3.6234317716535434
11
6.2684214566929128
21
-3.6234687007874014
0
LINE
8
BLACK
6
CONTINUOUS
10
6.2684214566929128
20
-3.6234687007874014
11
6.2682389370078742
21
-3.6235187007874017
0
LINE
8
BLACK
6
CONTINUOUS
10
6.2682389370078742
20
-3.6235187007874017
11
6.2682132677165354
21
-3.6235101181102363
0
LINE
8
BLACK
6
CONTINUOUS
10
6.2682132677165354
20
-3.6235101181102363
11
6.2681716929133859
21
-3.6235183858267717
0
LINE
8
BLACK
6
CONTINUOUS
10
6.2681716929133859
20
-3.6235183858267717
11
6.2721224409448819
21
-3.6291623228346457
0
LINE
8
BLACK
6
CONTINUOUS
10
6.2721224409448819
20
-3.6291623228346457
11
6.2723079527559058
21
-3.6295841732283463
0
LINE
8
BLACK
6
CONTINUOUS
10
6.2723079527559058
20
-3.6295841732283463
11
6.2721508661417325
21
-3.6304743700787401
0
LINE
8
BLACK
6
CONTINUOUS
10
6.2721508661417325
20
-3.6304743700787401
11
6.2714102755905508
21
-3.6309927559055115
0
LINE
8
BLACK
6
CONTINUOUS
10
6.2714102755905508
20
-3.6309927559055115
11
6.2705201181102357
21
-3.6308356692913386
0
LINE
8
BLACK
6
CONTINUOUS
10
6.2705201181102357
20
-3.6308356692913386
11
6.2701872440944877
21
-3.6305169291338584
0
LINE
8
BLACK
6
CONTINUOUS
10
6.2701872440944877
20
-3.6305169291338584
11
6.2652905511811019
21
-3.6235216929133856
0
LINE
8
BLACK
6
CONTINUOUS
10
6.2652905511811019
20
-3.6235216929133856
11
6.2633370866141727
21
-3.6235216929133856
0
LINE
8
BLACK
6
CONTINUOUS
10
6.2633370866141727
20
-3.6235216929133856
11
6.2633370866141727
21
-3.6298396456692914
0
LINE
8
BLACK
6
CONTINUOUS
10
6.2633370866141727
20
-3.6298396456692914
11
6.2632471653543309
21
-3.6302916535433072
0
LINE
8
BLACK
6
CONTINUOUS
10
6.2632471653543309
20
-3.6302916535433072
11
6.2626079921259841
21
-3.6309308267716536
0
LINE
8
BLACK
6
CONTINUOUS
10
6.2626079921259841
20
-3.6309308267716536
11
6.2617039763779525
21
-3.6309308267716536
0
LINE
8
BLACK
6
CONTINUOUS
10
6.2617039763779525
20
-3.6309308267716536
11
6.2610648031496066
21
-3.6302916535433072
0
LINE
8
BLACK
6
CONTINUOUS
10
6.2610648031496066
20
-3.6302916535433072
11
6.2609748818897639
21
-3.6298396456692914
0
LINE
8
BLACK
6
CONTINUOUS
10
6.2609748818897639
20
-3.6298396456692914
11
6.2609748818897639
21
-3.6140916141732284
0
LINE
8
BLACK
6
CONTINUOUS
10
6.2609748818897639
20
-3.6140916141732284
11
6.2610648031496066
21
-3.6136396062992127
0
LINE
8
BLACK
6
CONTINUOUS
10
6.2610648031496066
20
-3.6136396062992127
11
6.2617039763779525
21
-3.6130004330708663
0
LINE
8
BLACK
6
CONTINUOUS
10
6.2617039763779525
20
-3.6130004330708663
11
6.2621559842519687
21
-3.6129105118110236
0
LINE
8
BLACK
6
CONTINUOUS
10
6.2621559842519687
20
-3.6129105118110236
11
6.2681552362204727
21
-3.6129105118110236
0
LINE
8
BLACK
6
CONTINUOUS
10
6.2681552362204727
20
-3.6129105118110236
11
6.2682132677165354
21
-3.6129220472440946
0
LINE
8
BLACK
6
CONTINUOUS
10
6.2633370866141727
20
-3.6211594881889764
11
6.2678763779527555
21
-3.6211594881889764
0
LINE
8
BLACK
6
CONTINUOUS
10
6.2678763779527555
20
-3.6211594881889764
11
6.2689553937007876
21
-3.620619960629921
0
LINE
8
BLACK
6
CONTINUOUS
10
6.2689553937007876
20
-3.620619960629921
11
6.2694342125984255
21
-3.6201411023622048
0
LINE
8
BLACK
6
CONTINUOUS
10
6.2694342125984255
20
-3.6201411023622048
11
6.2699737401574804
21
-3.6190620866141732
0
LINE
8
BLACK
6
CONTINUOUS
10
6.2699737401574804
20
-3.6190620866141732
11
6.2699737401574804
21
-3.6173700787401573
0
LINE
8
BLACK
6
CONTINUOUS
10
6.2699737401574804
20
-3.6173700787401573
11
6.2694342125984255
21
-3.6162910629921261
0
LINE
8
BLACK
6
CONTINUOUS
10
6.2694342125984255
20
-3.6162910629921261
11
6.2689553937007876
21
-3.6158122047244095
0
LINE
8
BLACK
6
CONTINUOUS
10
6.2689553937007876
20
-3.6158122047244095
11
6.2678763779527555
21
-3.6152727165354328
0
LINE
8
BLACK
6
CONTINUOUS
10
6.2678763779527555
20
-3.6152727165354328
11
6.2633370866141727
21
-3.6152727165354328
0
LINE
8
BLACK
6
CONTINUOUS
10
6.2633370866141727
20
-3.6152727165354328
11
6.2633370866141727
21
-3.6211594881889764
0
LINE
8
BLACK
6
CONTINUOUS
10
6.3060288976377947
20
-3.6051104724409448
11
6.307094251968504
21
-3.6061758267716533
0
LINE
8
BLACK
6
CONTINUOUS
10
6.307094251968504
20
-3.6061758267716533
11
6.3072440944881887
21
-3.6069291338582676
0
LINE
8
BLACK
6
CONTINUOUS
10
6.3072440944881887
20
-3.6069291338582676
11
6.3072440944881887
21
-3.6384251968503936
0
LINE
8
BLACK
6
CONTINUOUS
10
6.3072440944881887
20
-3.6384251968503936
11
6.307094251968504
21
-3.6391785039370079
0
LINE
8
BLACK
6
CONTINUOUS
10
6.307094251968504
20
-3.6391785039370079
11
6.3060288976377947
21
-3.6402438582677163
0
LINE
8
BLACK
6
CONTINUOUS
10
6.3060288976377947
20
-3.6402438582677163
11
6.3052755905511813
21
-3.6403937007874014
0
LINE
8
BLACK
6
CONTINUOUS
10
6.3052755905511813
20
-3.6403937007874014
11
6.2422834645669294
21
-3.6403937007874014
0
LINE
8
BLACK
6
CONTINUOUS
10
6.2422834645669294
20
-3.6403937007874014
11
6.241530157480315
21
-3.6402438582677163
0
LINE
8
BLACK
6
CONTINUOUS
10
6.241530157480315
20
-3.6402438582677163
11
6.2404648031496057
21
-3.6391785039370079
0
LINE
8
BLACK
6
CONTINUOUS
10
6.2404648031496057
20
-3.6391785039370079
11
6.2403149606299211
21
-3.6384251968503936
0
LINE
8
BLACK
6
CONTINUOUS
10
6.2403149606299211
20
-3.6384251968503936
11
6.2403149606299211
21
-3.6069291338582676
0
LINE
8
BLACK
6
CONTINUOUS
10
6.2403149606299211
20
-3.6069291338582676
11
6.2404648031496057
21
-3.6061758267716533
0
LINE
8
BLACK
6
CONTINUOUS
10
6.2404648031496057
20
-3.6061758267716533
11
6.241530157480315
21
-3.6051104724409448
0
LINE
8
BLACK
6
CONTINUOUS
10
6.241530157480315
20
-3.6051104724409448
11
6.2422834645669294
21
-3.6049606299212598
0
LINE
8
BLACK
6
CONTINUOUS
10
6.2422834645669294
20
-3.6049606299212598
11
6.3052755905511813
21
-3.6049606299212598
0
LINE
8
BLACK
6
CONTINUOUS
10
6.3052755905511813
20
-3.6049606299212598
11
6.3060288976377947
21
-3.6051104724409448
0
LINE
8
BLACK
6
CONTINUOUS
10
6.2442519685039368
20
-3.6088976377952755
11
6.2442519685039368
21
-3.6364566929133857
0
LINE
8
BLACK
6
CONTINUOUS
10
6.2442519685039368
20
-3.6364566929133857
11
6.3033070866141729
21
-3.6364566929133857
0
LINE
8
BLACK
6
CONTINUOUS
10
6.3033070866141729
20
-3.6364566929133857
11
6.3033070866141729
21
-3.6088976377952755
0
LINE
8
BLACK
6
CONTINUOUS
10
6.3033070866141729
20
-3.6088976377952755
11
6.2442519685039368
21
-3.6088976377952755
0
LINE
8
BLACK
6
CONTINUOUS
10
6.4129879133858267
20
-3.6130004330708663
11
6.4131094881889759
21
-3.6130004330708663
0
LINE
8
BLACK
6
CONTINUOUS
10
6.4131094881889759
20
-3.6130004330708663
11
6.4133526377952759
21
-3.6132435826771654
0
LINE
8
BLACK
6
CONTINUOUS
10
6.4133526377952759
20
-3.6132435826771654
11
6.4136388582677162
21
-3.6134344094488187
0
LINE
8
BLACK
6
CONTINUOUS
10
6.4136388582677162
20
-3.6134344094488187
11
6.4136626771653544
21
-3.613553622047244
0
LINE
8
BLACK
6
CONTINUOUS
10
6.4136626771653544
20
-3.613553622047244
11
6.4137486614173227
21
-3.6136396062992127
0
LINE
8
BLACK
6
CONTINUOUS
10
6.4137486614173227
20
-3.6136396062992127
11
6.4138385826771653
21
-3.6140916141732284
0
LINE
8
BLACK
6
CONTINUOUS
10
6.4138385826771653
20
-3.6140916141732284
11
6.4138385826771653
21
-3.6286585433070866
0
LINE
8
BLACK
6
CONTINUOUS
10
6.4138385826771653
20
-3.6286585433070866
11
6.4171568897637794
21
-3.6286585433070866
0
LINE
8
BLACK
6
CONTINUOUS
10
6.4171568897637794
20
-3.6286585433070866
11
6.4176088976377947
21
-3.6287484645669292
0
LINE
8
BLACK
6
CONTINUOUS
10
6.4176088976377947
20
-3.6287484645669292
11
6.4182480708661416
21
-3.6293876377952756
0
LINE
8
BLACK
6
CONTINUOUS
10
6.4182480708661416
20
-3.6293876377952756
11
6.4182480708661416
21
-3.6302916535433072
0
LINE
8
BLACK
6
CONTINUOUS
10
6.4182480708661416
20
-3.6302916535433072
11
6.4176088976377947
21
-3.6309308267716536
0
LINE
8
BLACK
6
CONTINUOUS
10
6.4176088976377947
20
-3.6309308267716536
11
6.4171568897637794
21
-3.6310207480314958
0
LINE
8
BLACK
6
CONTINUOUS
10
6.4171568897637794
20
-3.6310207480314958
11
6.4081580314960629
21
-3.6310207480314958
0
LINE
8
BLACK
6
CONTINUOUS
10
6.4081580314960629
20
-3.6310207480314958
11
6.4077060236220467
21
-3.6309308267716536
0
LINE
8
BLACK
6
CONTINUOUS
10
6.4077060236220467
20
-3.6309308267716536
11
6.4070668503937007
21
-3.6302916535433072
0
LINE
8
BLACK
6
CONTINUOUS
10
6.4070668503937007
20
-3.6302916535433072
11
6.4070668503937007
21
-3.6293876377952756
0
LINE
8
BLACK
6
CONTINUOUS
10
6.4070668503937007
20
-3.6293876377952756
11
6.4077060236220467
21
-3.6287484645669292
0
LINE
8
BLACK
6
CONTINUOUS
10
6.4077060236220467
20
-3.6287484645669292
11
6.4081580314960629
21
-3.6286585433070866
0
LINE
8
BLACK
6
CONTINUOUS
10
6.4081580314960629
20
-3.6286585433070866
11
6.4114763779527557
21
-3.6286585433070866
0
LINE
8
BLACK
6
CONTINUOUS
10
6.4114763779527557
20
-3.6286585433070866
11
6.4114763779527557
21
-3.6176929133858269
0
LINE
8
BLACK
6
CONTINUOUS
10
6.4114763779527557
20
-3.6176929133858269
11
6.4104929921259837
21
-3.6186762992125985
0
LINE
8
BLACK
6
CONTINUOUS
10
6.4104929921259837
20
-3.6186762992125985
11
6.4103357874015749
21
-3.6187812992125985
0
LINE
8
BLACK
6
CONTINUOUS
10
6.4103357874015749
20
-3.6187812992125985
11
6.4101860629921257
21
-3.6188975590551182
0
LINE
8
BLACK
6
CONTINUOUS
10
6.4101860629921257
20
-3.6188975590551182
11
6.4086862598425194
21
-3.6196474803149608
0
LINE
8
BLACK
6
CONTINUOUS
10
6.4086862598425194
20
-3.6196474803149608
11
6.4082417322834644
21
-3.6197691732283466
0
LINE
8
BLACK
6
CONTINUOUS
10
6.4082417322834644
20
-3.6197691732283466
11
6.4073842125984246
21
-3.6194833464566929
0
LINE
8
BLACK
6
CONTINUOUS
10
6.4073842125984246
20
-3.6194833464566929
11
6.4069799212598424
21
-3.6186747637795276
0
LINE
8
BLACK
6
CONTINUOUS
10
6.4069799212598424
20
-3.6186747637795276
11
6.4072657480314961
21
-3.6178172440944882
0
LINE
8
BLACK
6
CONTINUOUS
10
6.4072657480314961
20
-3.6178172440944882
11
6.4076298031496064
21
-3.6175346456692914
0
LINE
8
BLACK
6
CONTINUOUS
10
6.4076298031496064
20
-3.6175346456692914
11
6.4089581889763778
21
-3.6168704330708659
0
LINE
8
BLACK
6
CONTINUOUS
10
6.4089581889763778
20
-3.6168704330708659
11
6.4102398425196849
21
-3.6155887401574804
0
LINE
8
BLACK
6
CONTINUOUS
10
6.4102398425196849
20
-3.6155887401574804
11
6.4116747637795273
21
-3.6134364566929134
0
LINE
8
BLACK
6
CONTINUOUS
10
6.4116747637795273
20
-3.6134364566929134
11
6.4120003149606299
21
-3.6131102362204723
0
LINE
8
BLACK
6
CONTINUOUS
10
6.4120003149606299
20
-3.6131102362204723
11
6.412119488188976
21
-3.6130863779527558
0
LINE
8
BLACK
6
CONTINUOUS
10
6.412119488188976
20
-3.6130863779527558
11
6.4122054724409443
21
-3.6130004330708663
0
LINE
8
BLACK
6
CONTINUOUS
10
6.4122054724409443
20
-3.6130004330708663
11
6.4125492913385829
21
-3.6130004330708663
0
LINE
8
BLACK
6
CONTINUOUS
10
6.4125492913385829
20
-3.6130004330708663
11
6.4128866929133856
21
-3.6129329527559055
0
LINE
8
BLACK
6
CONTINUOUS
10
6.4128866929133856
20
-3.6129329527559055
11
6.4129879133858267
21
-3.6130004330708663
0
LINE
8
BLACK
6
CONTINUOUS
10
6.3992172047244091
20
-3.6129220472440946
11
6.3992428740157479
21
-3.6129135039370079
0
LINE
8
BLACK
6
CONTINUOUS
10
6.3992428740157479
20
-3.6129135039370079
11
6.3994253937007874
21
-3.6129634645669291
0
LINE
8
BLACK
6
CONTINUOUS
10
6.3994253937007874
20
-3.6129634645669291
11
6.3996111811023617
21
-3.6130004330708663
0
LINE
8
BLACK
6
CONTINUOUS
10
6.3996111811023617
20
-3.6130004330708663
11
6.3996303149606302
21
-3.6130195669291338
0
LINE
8
BLACK
6
CONTINUOUS
10
6.3996303149606302
20
-3.6130195669291338
11
6.3996874015748029
21
-3.6130351968503938
0
LINE
8
BLACK
6
CONTINUOUS
10
6.3996874015748029
20
-3.6130351968503938
11
6.4011872047244092
21
-3.6137851181102363
0
LINE
8
BLACK
6
CONTINUOUS
10
6.4011872047244092
20
-3.6137851181102363
11
6.4013369291338584
21
-3.6139013385826773
0
LINE
8
BLACK
6
CONTINUOUS
10
6.4013369291338584
20
-3.6139013385826773
11
6.4014941338582672
21
-3.614006377952756
0
LINE
8
BLACK
6
CONTINUOUS
10
6.4014941338582672
20
-3.614006377952756
11
6.4022440551181097
21
-3.6147562598425198
0
LINE
8
BLACK
6
CONTINUOUS
10
6.4022440551181097
20
-3.6147562598425198
11
6.4023494094488189
21
-3.6149139763779528
0
LINE
8
BLACK
6
CONTINUOUS
10
6.4023494094488189
20
-3.6149139763779528
11
6.4024652755905507
21
-3.6150632283464565
0
LINE
8
BLACK
6
CONTINUOUS
10
6.4024652755905507
20
-3.6150632283464565
11
6.4032151968503932
21
-3.6165630708661416
0
LINE
8
BLACK
6
CONTINUOUS
10
6.4032151968503932
20
-3.6165630708661416
11
6.4032307874015748
21
-3.6166200787401572
0
LINE
8
BLACK
6
CONTINUOUS
10
6.4032307874015748
20
-3.6166200787401572
11
6.4032499606299211
21
-3.616639251968504
0
LINE
8
BLACK
6
CONTINUOUS
10
6.4032499606299211
20
-3.616639251968504
11
6.4032868503937008
21
-3.6168247244094487
0
LINE
8
BLACK
6
CONTINUOUS
10
6.4032868503937008
20
-3.6168247244094487
11
6.4033369291338582
21
-3.6170075590551178
0
LINE
8
BLACK
6
CONTINUOUS
10
6.4033369291338582
20
-3.6170075590551178
11
6.4033283464566928
21
-3.6170332677165353
0
LINE
8
BLACK
6
CONTINUOUS
10
6.4033283464566928
20
-3.6170332677165353
11
6.4033398818897638
21
-3.6170912598425198
0
LINE
8
BLACK
6
CONTINUOUS
10
6.4033398818897638
20
-3.6170912598425198
11
6.4033398818897638
21
-3.6193409448818898
0
LINE
8
BLACK
6
CONTINUOUS
10
6.4033398818897638
20
-3.6193409448818898
11
6.4033283464566928
21
-3.6193988976377951
0
LINE
8
BLACK
6
CONTINUOUS
10
6.4033283464566928
20
-3.6193988976377951
11
6.4033369291338582
21
-3.6194246456692913
0
LINE
8
BLACK
6
CONTINUOUS
10
6.4033369291338582
20
-3.6194246456692913
11
6.4032868503937008
21
-3.6196074409448817
0
LINE
8
BLACK
6
CONTINUOUS
10
6.4032868503937008
20
-3.6196074409448817
11
6.4032499606299211
21
-3.6197929527559056
0
LINE
8
BLACK
6
CONTINUOUS
10
6.4032499606299211
20
-3.6197929527559056
11
6.4032307874015748
21
-3.6198120866141732
0
LINE
8
BLACK
6
CONTINUOUS
10
6.4032307874015748
20
-3.6198120866141732
11
6.4032151968503932
21
-3.6198691338582676
0
LINE
8
BLACK
6
CONTINUOUS
10
6.4032151968503932
20
-3.6198691338582676
11
6.4024652755905507
21
-3.6213689763779526
0
LINE
8
BLACK
6
CONTINUOUS
10
6.4024652755905507
20
-3.6213689763779526
11
6.4023494094488189
21
-3.6215181889763777
0
LINE
8
BLACK
6
CONTINUOUS
10
6.4023494094488189
20
-3.6215181889763777
11
6.4022440551181097
21
-3.6216759448818898
0
LINE
8
BLACK
6
CONTINUOUS
10
6.4022440551181097
20
-3.6216759448818898
11
6.4014941338582672
21
-3.6224258267716536
0
LINE
8
BLACK
6
CONTINUOUS
10
6.4014941338582672
20
-3.6224258267716536
11
6.4013369291338584
21
-3.6225308267716536
0
LINE
8
BLACK
6
CONTINUOUS
10
6.4013369291338584
20
-3.6225308267716536
11
6.4011872047244092
21
-3.6226470866141733
0
LINE
8
BLACK
6
CONTINUOUS
10
6.4011872047244092
20
-3.6226470866141733
11
6.3996874015748029
21
-3.6233970078740159
0
LINE
8
BLACK
6
CONTINUOUS
10
6.3996874015748029
20
-3.6233970078740159
11
6.3996303149606302
21
-3.6234125984251966
0
LINE
8
BLACK
6
CONTINUOUS
10
6.3996303149606302
20
-3.6234125984251966
11
6.3996111811023617
21
-3.6234317716535434
0
LINE
8
BLACK
6
CONTINUOUS
10
6.3996111811023617
20
-3.6234317716535434
11
6.3994253937007874
21
-3.6234687007874014
0
LINE
8
BLACK
6
CONTINUOUS
10
6.3994253937007874
20
-3.6234687007874014
11
6.3992428740157479
21
-3.6235187007874017
0
LINE
8
BLACK
6
CONTINUOUS
10
6.3992428740157479
20
-3.6235187007874017
11
6.3992172047244091
21
-3.6235101181102363
0
LINE
8
BLACK
6
CONTINUOUS
10
6.3992172047244091
20
-3.6235101181102363
11
6.3991756299212597
21
-3.6235183858267717
0
LINE
8
BLACK
6
CONTINUOUS
10
6.3991756299212597
20
-3.6235183858267717
11
6.4031263779527556
21
-3.6291623228346457
0
LINE
8
BLACK
6
CONTINUOUS
10
6.4031263779527556
20
-3.6291623228346457
11
6.4033118897637795
21
-3.6295841732283463
0
LINE
8
BLACK
6
CONTINUOUS
10
6.4033118897637795
20
-3.6295841732283463
11
6.4031548031496062
21
-3.6304743700787401
0
LINE
8
BLACK
6
CONTINUOUS
10
6.4031548031496062
20
-3.6304743700787401
11
6.4024142125984254
21
-3.6309927559055115
0
LINE
8
BLACK
6
CONTINUOUS
10
6.4024142125984254
20
-3.6309927559055115
11
6.4015240551181103
21
-3.6308356692913386
0
LINE
8
BLACK
6
CONTINUOUS
10
6.4015240551181103
20
-3.6308356692913386
11
6.4011911811023623
21
-3.6305169291338584
0
LINE
8
BLACK
6
CONTINUOUS
10
6.4011911811023623
20
-3.6305169291338584
11
6.3962944881889765
21
-3.6235216929133856
0
LINE
8
BLACK
6
CONTINUOUS
10
6.3962944881889765
20
-3.6235216929133856
11
6.3943410236220473
21
-3.6235216929133856
0
LINE
8
BLACK
6
CONTINUOUS
10
6.3943410236220473
20
-3.6235216929133856
11
6.3943410236220473
21
-3.6298396456692914
0
LINE
8
BLACK
6
CONTINUOUS
10
6.3943410236220473
20
-3.6298396456692914
11
6.3942511023622046
21
-3.6302916535433072
0
LINE
8
BLACK
6
CONTINUOUS
10
6.3942511023622046
20
-3.6302916535433072
11
6.3936119291338578
21
-3.6309308267716536
0
LINE
8
BLACK
6
CONTINUOUS
10
6.3936119291338578
20
-3.6309308267716536
11
6.3927079133858262
21
-3.6309308267716536
0
LINE
8
BLACK
6
CONTINUOUS
10
6.3927079133858262
20
-3.6309308267716536
11
6.3920687401574803
21
-3.6302916535433072
0
LINE
8
BLACK
6
CONTINUOUS
10
6.3920687401574803
20
-3.6302916535433072
11
6.3919788188976376
21
-3.6298396456692914
0
LINE
8
BLACK
6
CONTINUOUS
10
6.3919788188976376
20
-3.6298396456692914
11
6.3919788188976376
21
-3.6140916141732284
0
LINE
8
BLACK
6
CONTINUOUS
10
6.3919788188976376
20
-3.6140916141732284
11
6.3920687401574803
21
-3.6136396062992127
0
LINE
8
BLACK
6
CONTINUOUS
10
6.3920687401574803
20
-3.6136396062992127
11
6.3927079133858262
21
-3.6130004330708663
0
LINE
8
BLACK
6
CONTINUOUS
10
6.3927079133858262
20
-3.6130004330708663
11
6.3931599212598424
21
-3.6129105118110236
0
LINE
8
BLACK
6
CONTINUOUS
10
6.3931599212598424
20
-3.6129105118110236
11
6.3991591732283464
21
-3.6129105118110236
0
LINE
8
BLACK
6
CONTINUOUS
10
6.3991591732283464
20
-3.6129105118110236
11
6.3992172047244091
21
-3.6129220472440946
0
LINE
8
BLACK
6
CONTINUOUS
10
6.3943410236220473
20
-3.6211594881889764
11
6.3988803149606301
21
-3.6211594881889764
0
LINE
8
BLACK
6
CONTINUOUS
10
6.3988803149606301
20
-3.6211594881889764
11
6.3999593307086613
21
-3.620619960629921
0
LINE
8
BLACK
6
CONTINUOUS
10
6.3999593307086613
20
-3.620619960629921
11
6.4004381496062992
21
-3.6201411023622048
0
LINE
8
BLACK
6
CONTINUOUS
10
6.4004381496062992
20
-3.6201411023622048
11
6.4009776771653542
21
-3.6190620866141732
0
LINE
8
BLACK
6
CONTINUOUS
10
6.4009776771653542
20
-3.6190620866141732
11
6.4009776771653542
21
-3.6173700787401573
0
LINE
8
BLACK
6
CONTINUOUS
10
6.4009776771653542
20
-3.6173700787401573
11
6.4004381496062992
21
-3.6162910629921261
0
LINE
8
BLACK
6
CONTINUOUS
10
6.4004381496062992
20
-3.6162910629921261
11
6.3999593307086613
21
-3.6158122047244095
0
LINE
8
BLACK
6
CONTINUOUS
10
6.3999593307086613
20
-3.6158122047244095
11
6.3988803149606301
21
-3.6152727165354328
0
LINE
8
BLACK
6
CONTINUOUS
10
6.3988803149606301
20
-3.6152727165354328
11
6.3943410236220473
21
-3.6152727165354328
0
LINE
8
BLACK
6
CONTINUOUS
10
6.3943410236220473
20
-3.6152727165354328
11
6.3943410236220473
21
-3.6211594881889764
0
LINE
8
BLACK
6
CONTINUOUS
10
6.4370328346456693
20
-3.6051104724409448
11
6.4380981889763778
21
-3.6061758267716533
0
LINE
8
BLACK
6
CONTINUOUS
10
6.4380981889763778
20
-3.6061758267716533
11
6.4382480314960633
21
-3.6069291338582676
0
LINE
8
BLACK
6
CONTINUOUS
10
6.4382480314960633
20
-3.6069291338582676
11
6.4382480314960633
21
-3.6384251968503936
0
LINE
8
BLACK
6
CONTINUOUS
10
6.4382480314960633
20
-3.6384251968503936
11
6.4380981889763778
21
-3.6391785039370079
0
LINE
8
BLACK
6
CONTINUOUS
10
6.4380981889763778
20
-3.6391785039370079
11
6.4370328346456693
21
-3.6402438582677163
0
LINE
8
BLACK
6
CONTINUOUS
10
6.4370328346456693
20
-3.6402438582677163
11
6.436279527559055
21
-3.6403937007874014
0
LINE
8
BLACK
6
CONTINUOUS
10
6.436279527559055
20
-3.6403937007874014
11
6.3732874015748031
21
-3.6403937007874014
0
LINE
8
BLACK
6
CONTINUOUS
10
6.3732874015748031
20
-3.6403937007874014
11
6.3725340944881887
21
-3.6402438582677163
0
LINE
8
BLACK
6
CONTINUOUS
10
6.3725340944881887
20
-3.6402438582677163
11
6.3714687401574803
21
-3.6391785039370079
0
LINE
8
BLACK
6
CONTINUOUS
10
6.3714687401574803
20
-3.6391785039370079
11
6.3713188976377948
21
-3.6384251968503936
0
LINE
8
BLACK
6
CONTINUOUS
10
6.3713188976377948
20
-3.6384251968503936
11
6.3713188976377948
21
-3.6069291338582676
0
LINE
8
BLACK
6
CONTINUOUS
10
6.3713188976377948
20
-3.6069291338582676
11
6.3714687401574803
21
-3.6061758267716533
0
LINE
8
BLACK
6
CONTINUOUS
10
6.3714687401574803
20
-3.6061758267716533
11
6.3725340944881887
21
-3.6051104724409448
0
LINE
8
BLACK
6
CONTINUOUS
10
6.3725340944881887
20
-3.6051104724409448
11
6.3732874015748031
21
-3.6049606299212598
0
LINE
8
BLACK
6
CONTINUOUS
10
6.3732874015748031
20
-3.6049606299212598
11
6.436279527559055
21
-3.6049606299212598
0
LINE
8
BLACK
6
CONTINUOUS
10
6.436279527559055
20
-3.6049606299212598
11
6.4370328346456693
21
-3.6051104724409448
0
LINE
8
BLACK
6
CONTINUOUS
10
6.3752559055118105
20
-3.6088976377952755
11
6.3752559055118105
21
-3.6364566929133857
0
LINE
8
BLACK
6
CONTINUOUS
10
6.3752559055118105
20
-3.6364566929133857
11
6.4343110236220467
21
-3.6364566929133857
0
LINE
8
BLACK
6
CONTINUOUS
10
6.4343110236220467
20
-3.6364566929133857
11
6.4343110236220467
21
-3.6088976377952755
0
LINE
8
BLACK
6
CONTINUOUS
10
6.4343110236220467
20
-3.6088976377952755
11
6.3752559055118105
21
-3.6088976377952755
0
LINE
8
BLACK
6
CONTINUOUS
10
6.5371483858267716
20
-3.6111110236220472
11
6.5371740551181103
21
-3.6111024803149605
0
LINE
8
BLACK
6
CONTINUOUS
10
6.5371740551181103
20
-3.6111024803149605
11
6.537356574803149
21
-3.6111524409448816
0
LINE
8
BLACK
6
CONTINUOUS
10
6.537356574803149
20
-3.6111524409448816
11
6.5375423622047242
21
-3.6111894094488188
0
LINE
8
BLACK
6
CONTINUOUS
10
6.5375423622047242
20
-3.6111894094488188
11
6.5375614960629918
21
-3.6112085433070864
0
LINE
8
BLACK
6
CONTINUOUS
10
6.5375614960629918
20
-3.6112085433070864
11
6.5376185826771653
21
-3.6112241732283463
0
LINE
8
BLACK
6
CONTINUOUS
10
6.5376185826771653
20
-3.6112241732283463
11
6.5391183858267716
21
-3.6119740944881888
0
LINE
8
BLACK
6
CONTINUOUS
10
6.5391183858267716
20
-3.6119740944881888
11
6.5392678346456687
21
-3.6120901181102361
0
LINE
8
BLACK
6
CONTINUOUS
10
6.5392678346456687
20
-3.6120901181102361
11
6.5394253149606296
21
-3.6121953149606298
0
LINE
8
BLACK
6
CONTINUOUS
10
6.5394253149606296
20
-3.6121953149606298
11
6.5401751968503934
21
-3.6129451968503936
0
LINE
8
BLACK
6
CONTINUOUS
10
6.5401751968503934
20
-3.6129451968503936
11
6.5402803543307089
21
-3.6131025590551182
0
LINE
8
BLACK
6
CONTINUOUS
10
6.5402803543307089
20
-3.6131025590551182
11
6.5403964960629919
21
-3.6132522047244096
0
LINE
8
BLACK
6
CONTINUOUS
10
6.5403964960629919
20
-3.6132522047244096
11
6.5411463779527557
21
-3.6147520472440946
0
LINE
8
BLACK
6
CONTINUOUS
10
6.5411463779527557
20
-3.6147520472440946
11
6.5411619685039373
21
-3.6148090551181102
0
LINE
8
BLACK
6
CONTINUOUS
10
6.5411619685039373
20
-3.6148090551181102
11
6.5411811417322836
21
-3.6148282283464566
0
LINE
8
BLACK
6
CONTINUOUS
10
6.5411811417322836
20
-3.6148282283464566
11
6.5412180708661412
21
-3.6150140157480313
0
LINE
8
BLACK
6
CONTINUOUS
10
6.5412180708661412
20
-3.6150140157480313
11
6.5412680708661419
21
-3.6151965354330708
0
LINE
8
BLACK
6
CONTINUOUS
10
6.5412680708661419
20
-3.6151965354330708
11
6.5412594881889765
21
-3.6152221653543308
0
LINE
8
BLACK
6
CONTINUOUS
10
6.5412594881889765
20
-3.6152221653543308
11
6.5412710629921262
21
-3.6152802362204723
0
LINE
8
BLACK
6
CONTINUOUS
10
6.5412710629921262
20
-3.6152802362204723
11
6.5412710629921262
21
-3.6212794881889763
0
LINE
8
BLACK
6
CONTINUOUS
10
6.5412710629921262
20
-3.6212794881889763
11
6.5412427952755907
21
-3.6214214566929135
0
LINE
8
BLACK
6
CONTINUOUS
10
6.5412427952755907
20
-3.6214214566929135
11
6.5412357874015745
21
-3.6215659448818895
0
LINE
8
BLACK
6
CONTINUOUS
10
6.5412357874015745
20
-3.6215659448818895
11
6.5404859055118107
21
-3.6245655511811021
0
LINE
8
BLACK
6
CONTINUOUS
10
6.5404859055118107
20
-3.6245655511811021
11
6.5403997637795275
21
-3.6247478346456692
0
LINE
8
BLACK
6
CONTINUOUS
10
6.5403997637795275
20
-3.6247478346456692
11
6.54032279527559
21
-3.6249342519685039
0
LINE
8
BLACK
6
CONTINUOUS
10
6.54032279527559
20
-3.6249342519685039
11
6.5388230314960625
21
-3.6271839763779528
0
LINE
8
BLACK
6
CONTINUOUS
10
6.5388230314960625
20
-3.6271839763779528
11
6.5387403543307085
21
-3.6272668110236221
0
LINE
8
BLACK
6
CONTINUOUS
10
6.5387403543307085
20
-3.6272668110236221
11
6.5386754330708659
21
-3.6273639763779526
0
LINE
8
BLACK
6
CONTINUOUS
10
6.5386754330708659
20
-3.6273639763779526
11
6.5379255118110233
21
-3.6281138976377951
0
LINE
8
BLACK
6
CONTINUOUS
10
6.5379255118110233
20
-3.6281138976377951
11
6.5377681496062987
21
-3.6282189763779527
0
LINE
8
BLACK
6
CONTINUOUS
10
6.5377681496062987
20
-3.6282189763779527
11
6.5376185433070866
21
-3.6283351574803149
0
LINE
8
BLACK
6
CONTINUOUS
10
6.5376185433070866
20
-3.6283351574803149
11
6.5361187401574803
21
-3.6290850393700786
0
LINE
8
BLACK
6
CONTINUOUS
10
6.5361187401574803
20
-3.6290850393700786
11
6.5360616929133855
21
-3.6291006299212598
0
LINE
8
BLACK
6
CONTINUOUS
10
6.5360616929133855
20
-3.6291006299212598
11
6.5360425590551179
21
-3.6291198031496061
0
LINE
8
BLACK
6
CONTINUOUS
10
6.5360425590551179
20
-3.6291198031496061
11
6.535856732283464
21
-3.6291567322834646
0
LINE
8
BLACK
6
CONTINUOUS
10
6.535856732283464
20
-3.6291567322834646
11
6.535674251968504
21
-3.6292067322834645
0
LINE
8
BLACK
6
CONTINUOUS
10
6.535674251968504
20
-3.6292067322834645
11
6.5356485826771653
21
-3.6291981496062991
0
LINE
8
BLACK
6
CONTINUOUS
10
6.5356485826771653
20
-3.6291981496062991
11
6.5355905511811025
21
-3.6292097244094488
0
LINE
8
BLACK
6
CONTINUOUS
10
6.5355905511811025
20
-3.6292097244094488
11
6.5325909055118112
21
-3.6292097244094488
0
LINE
8
BLACK
6
CONTINUOUS
10
6.5325909055118112
20
-3.6292097244094488
11
6.532138897637795
21
-3.6291198031496061
0
LINE
8
BLACK
6
CONTINUOUS
10
6.532138897637795
20
-3.6291198031496061
11
6.531499724409449
21
-3.6284806299212597
0
LINE
8
BLACK
6
CONTINUOUS
10
6.531499724409449
20
-3.6284806299212597
11
6.531499724409449
21
-3.6275766141732282
0
LINE
8
BLACK
6
CONTINUOUS
10
6.531499724409449
20
-3.6275766141732282
11
6.532138897637795
21
-3.6269374409448818
0
LINE
8
BLACK
6
CONTINUOUS
10
6.532138897637795
20
-3.6269374409448818
11
6.5325909055118112
21
-3.6268475196850392
0
LINE
8
BLACK
6
CONTINUOUS
10
6.5325909055118112
20
-3.6268475196850392
11
6.5353117322834642
21
-3.6268475196850392
0
LINE
8
BLACK
6
CONTINUOUS
10
6.5353117322834642
20
-3.6268475196850392
11
6.5363907480314962
21
-3.6263079921259842
0
LINE
8
BLACK
6
CONTINUOUS
10
6.5363907480314962
20
-3.6263079921259842
11
6.5369222834645671
21
-3.6257764566929134
0
LINE
8
BLACK
6
CONTINUOUS
10
6.5369222834645671
20
-3.6257764566929134
11
6.538243858267716
21
-3.6237940551181103
0
LINE
8
BLACK
6
CONTINUOUS
10
6.538243858267716
20
-3.6237940551181103
11
6.5385355511811021
21
-3.6226272440944882
0
LINE
8
BLACK
6
CONTINUOUS
10
6.5385355511811021
20
-3.6226272440944882
11
6.5376185433070866
21
-3.6230857874015747
0
LINE
8
BLACK
6
CONTINUOUS
10
6.5376185433070866
20
-3.6230857874015747
11
6.5375614960629918
21
-3.6231013779527559
0
LINE
8
BLACK
6
CONTINUOUS
10
6.5375614960629918
20
-3.6231013779527559
11
6.5375423622047242
21
-3.6231205511811022
0
LINE
8
BLACK
6
CONTINUOUS
10
6.5375423622047242
20
-3.6231205511811022
11
6.5373565354330712
21
-3.6231574803149607
0
LINE
8
BLACK
6
CONTINUOUS
10
6.5373565354330712
20
-3.6231574803149607
11
6.5371740551181103
21
-3.6232074803149605
0
LINE
8
BLACK
6
CONTINUOUS
10
6.5371740551181103
20
-3.6232074803149605
11
6.5371483858267716
21
-3.6231988976377951
0
LINE
8
BLACK
6
CONTINUOUS
10
6.5371483858267716
20
-3.6231988976377951
11
6.5370903543307088
21
-3.6232104724409449
0
LINE
8
BLACK
6
CONTINUOUS
10
6.5370903543307088
20
-3.6232104724409449
11
6.5340907086614175
21
-3.6232104724409449
0
LINE
8
BLACK
6
CONTINUOUS
10
6.5340907086614175
20
-3.6232104724409449
11
6.5340326377952751
21
-3.6231988976377951
0
LINE
8
BLACK
6
CONTINUOUS
10
6.5340326377952751
20
-3.6231988976377951
11
6.534007007874016
21
-3.6232074803149605
0
LINE
8
BLACK
6
CONTINUOUS
10
6.534007007874016
20
-3.6232074803149605
11
6.5338244881889764
21
-3.6231574803149607
0
LINE
8
BLACK
6
CONTINUOUS
10
6.5338244881889764
20
-3.6231574803149607
11
6.5336387007874013
21
-3.6231205511811022
0
LINE
8
BLACK
6
CONTINUOUS
10
6.5336387007874013
20
-3.6231205511811022
11
6.533619527559055
21
-3.6231013779527559
0
LINE
8
BLACK
6
CONTINUOUS
10
6.533619527559055
20
-3.6231013779527559
11
6.5335625196850389
21
-3.6230857874015747
0
LINE
8
BLACK
6
CONTINUOUS
10
6.5335625196850389
20
-3.6230857874015747
11
6.5320627165354326
21
-3.6223359055118109
0
LINE
8
BLACK
6
CONTINUOUS
10
6.5320627165354326
20
-3.6223359055118109
11
6.5319129527559054
21
-3.62221968503937
0
LINE
8
BLACK
6
CONTINUOUS
10
6.5319129527559054
20
-3.62221968503937
11
6.5317557086614171
21
-3.6221146062992124
0
LINE
8
BLACK
6
CONTINUOUS
10
6.5317557086614171
20
-3.6221146062992124
11
6.5310058267716533
21
-3.6213647244094487
0
LINE
8
BLACK
6
CONTINUOUS
10
6.5310058267716533
20
-3.6213647244094487
11
6.53090062992126
21
-3.6212072440944882
0
LINE
8
BLACK
6
CONTINUOUS
10
6.53090062992126
20
-3.6212072440944882
11
6.5307846062992123
21
-3.6210577952755907
0
LINE
8
BLACK
6
CONTINUOUS
10
6.5307846062992123
20
-3.6210577952755907
11
6.5300346850393698
21
-3.6195579921259844
0
LINE
8
BLACK
6
CONTINUOUS
10
6.5300346850393698
20
-3.6195579921259844
11
6.5300190551181103
21
-3.6195009055118108
0
LINE
8
BLACK
6
CONTINUOUS
10
6.5300190551181103
20
-3.6195009055118108
11
6.5299999212598427
21
-3.6194817716535432
0
LINE
8
BLACK
6
CONTINUOUS
10
6.5299999212598427
20
-3.6194817716535432
11
6.5299629527559055
21
-3.6192959842519685
0
LINE
8
BLACK
6
CONTINUOUS
10
6.5299629527559055
20
-3.6192959842519685
11
6.5299129921259844
21
-3.619113464566929
0
LINE
8
BLACK
6
CONTINUOUS
10
6.5299129921259844
20
-3.619113464566929
11
6.5299215354330711
21
-3.6190877952755907
0
LINE
8
BLACK
6
CONTINUOUS
10
6.5299215354330711
20
-3.6190877952755907
11
6.5299100000000001
21
-3.6190297637795275
0
LINE
8
BLACK
6
CONTINUOUS
10
6.5299100000000001
20
-3.6190297637795275
11
6.5299100000000001
21
-3.6152802362204723
0
LINE
8
BLACK
6
CONTINUOUS
10
6.5299100000000001
20
-3.6152802362204723
11
6.5299215354330711
21
-3.6152221653543308
0
LINE
8
BLACK
6
CONTINUOUS
10
6.5299215354330711
20
-3.6152221653543308
11
6.5299129921259844
21
-3.6151965354330708
0
LINE
8
BLACK
6
CONTINUOUS
10
6.5299129921259844
20
-3.6151965354330708
11
6.5299629527559055
21
-3.6150140157480313
0
LINE
8
BLACK
6
CONTINUOUS
10
6.5299629527559055
20
-3.6150140157480313
11
6.5299999212598427
21
-3.6148282283464566
0
LINE
8
BLACK
6
CONTINUOUS
10
6.5299999212598427
20
-3.6148282283464566
11
6.5300190551181103
21
-3.6148090551181102
0
LINE
8
BLACK
6
CONTINUOUS
10
6.5300190551181103
20
-3.6148090551181102
11
6.5300346850393698
21
-3.6147520472440946
0
LINE
8
BLACK
6
CONTINUOUS
10
6.5300346850393698
20
-3.6147520472440946
11
6.5307846062992123
21
-3.6132521653543308
0
LINE
8
BLACK
6
CONTINUOUS
10
6.5307846062992123
20
-3.6132521653543308
11
6.5309008267716537
21
-3.6131024015748032
0
LINE
8
BLACK
6
CONTINUOUS
10
6.5309008267716537
20
-3.6131024015748032
11
6.5310058661417321
21
-3.6129452362204724
0
LINE
8
BLACK
6
CONTINUOUS
10
6.5310058661417321
20
-3.6129452362204724
11
6.5317557480314958
21
-3.6121953149606298
0
LINE
8
BLACK
6
CONTINUOUS
10
6.5317557480314958
20
-3.6121953149606298
11
6.5319132677165355
21
-3.6120900393700786
0
LINE
8
BLACK
6
CONTINUOUS
10
6.5319132677165355
20
-3.6120900393700786
11
6.5320626771653538
21
-3.6119740944881888
0
LINE
8
BLACK
6
CONTINUOUS
10
6.5320626771653538
20
-3.6119740944881888
11
6.5335625196850389
21
-3.6112241732283463
0
LINE
8
BLACK
6
CONTINUOUS
10
6.5335625196850389
20
-3.6112241732283463
11
6.533619527559055
21
-3.6112085433070864
0
LINE
8
BLACK
6
CONTINUOUS
10
6.533619527559055
20
-3.6112085433070864
11
6.5336387007874013
21
-3.6111894094488188
0
LINE
8
BLACK
6
CONTINUOUS
10
6.5336387007874013
20
-3.6111894094488188
11
6.5338241732283464
21
-3.6111524803149604
0
LINE
8
BLACK
6
CONTINUOUS
10
6.5338241732283464
20
-3.6111524803149604
11
6.534007007874016
21
-3.6111024409448818
0
LINE
8
BLACK
6
CONTINUOUS
10
6.534007007874016
20
-3.6111024409448818
11
6.5340327165354326
21
-3.6111109842519684
0
LINE
8
BLACK
6
CONTINUOUS
10
6.5340327165354326
20
-3.6111109842519684
11
6.5340907086614175
21
-3.6110994881889762
0
LINE
8
BLACK
6
CONTINUOUS
10
6.5340907086614175
20
-3.6110994881889762
11
6.5370903543307088
21
-3.6110994881889762
0
LINE
8
BLACK
6
CONTINUOUS
10
6.5370903543307088
20
-3.6110994881889762
11
6.5371483858267716
21
-3.6111110236220472
0
LINE
8
BLACK
6
CONTINUOUS
10
6.5332905118110238
20
-3.6140012204724408
11
6.5328116929133859
21
-3.6144799999999999
0
LINE
8
BLACK
6
CONTINUOUS
10
6.5328116929133859
20
-3.6144799999999999
11
6.5322722047244097
21
-3.6155590551181103
0
LINE
8
BLACK
6
CONTINUOUS
10
6.5322722047244097
20
-3.6155590551181103
11
6.5322722047244097
21
-3.6187509055118108
0
LINE
8
BLACK
6
CONTINUOUS
10
6.5322722047244097
20
-3.6187509055118108
11
6.5328116929133859
21
-3.6198298818897636
0
LINE
8
BLACK
6
CONTINUOUS
10
6.5328116929133859
20
-3.6198298818897636
11
6.5332905905511813
21
-3.6203088188976378
0
LINE
8
BLACK
6
CONTINUOUS
10
6.5332905905511813
20
-3.6203088188976378
11
6.534369527559055
21
-3.6208482677165352
0
LINE
8
BLACK
6
CONTINUOUS
10
6.534369527559055
20
-3.6208482677165352
11
6.5368115354330705
21
-3.6208482677165352
0
LINE
8
BLACK
6
CONTINUOUS
10
6.5368115354330705
20
-3.6208482677165352
11
6.5378905511811025
21
-3.6203087401574803
0
LINE
8
BLACK
6
CONTINUOUS
10
6.5378905511811025
20
-3.6203087401574803
11
6.5383693307086617
21
-3.6198299606299211
0
LINE
8
BLACK
6
CONTINUOUS
10
6.5383693307086617
20
-3.6198299606299211
11
6.5389088582677166
21
-3.6187509448818895
0
LINE
8
BLACK
6
CONTINUOUS
10
6.5389088582677166
20
-3.6187509448818895
11
6.5389088582677166
21
-3.6155590157480315
0
LINE
8
BLACK
6
CONTINUOUS
10
6.5389088582677166
20
-3.6155590157480315
11
6.5383693700787404
21
-3.6144800787401574
0
LINE
8
BLACK
6
CONTINUOUS
10
6.5383693700787404
20
-3.6144800787401574
11
6.537890472440945
21
-3.614001181102362
0
LINE
8
BLACK
6
CONTINUOUS
10
6.537890472440945
20
-3.614001181102362
11
6.5368114960629917
21
-3.6134616929133858
0
LINE
8
BLACK
6
CONTINUOUS
10
6.5368114960629917
20
-3.6134616929133858
11
6.5343695669291337
21
-3.6134616929133858
0
LINE
8
BLACK
6
CONTINUOUS
10
6.5343695669291337
20
-3.6134616929133858
11
6.5332905118110238
21
-3.6140012204724408
0
LINE
8
BLACK
6
CONTINUOUS
10
6.5221502755905512
20
-3.6111110236220472
11
6.5221759448818899
21
-3.6111024803149605
0
LINE
8
BLACK
6
CONTINUOUS
10
6.5221759448818899
20
-3.6111024803149605
11
6.5223584645669286
21
-3.6111524409448816
0
LINE
8
BLACK
6
CONTINUOUS
10
6.5223584645669286
20
-3.6111524409448816
11
6.5225442519685037
21
-3.6111894094488188
0
LINE
8
BLACK
6
CONTINUOUS
10
6.5225442519685037
20
-3.6111894094488188
11
6.5225633858267713
21
-3.6112085433070864
0
LINE
8
BLACK
6
CONTINUOUS
10
6.5225633858267713
20
-3.6112085433070864
11
6.5226204724409449
21
-3.6112241732283463
0
LINE
8
BLACK
6
CONTINUOUS
10
6.5226204724409449
20
-3.6112241732283463
11
6.5241202755905512
21
-3.6119740944881888
0
LINE
8
BLACK
6
CONTINUOUS
10
6.5241202755905512
20
-3.6119740944881888
11
6.5242699999999996
21
-3.6120903149606298
0
LINE
8
BLACK
6
CONTINUOUS
10
6.5242699999999996
20
-3.6120903149606298
11
6.5244272047244092
21
-3.6121953543307086
0
LINE
8
BLACK
6
CONTINUOUS
10
6.5244272047244092
20
-3.6121953543307086
11
6.5251771259842517
21
-3.6129452362204724
0
LINE
8
BLACK
6
CONTINUOUS
10
6.5251771259842517
20
-3.6129452362204724
11
6.5252824803149601
21
-3.6131029527559053
0
LINE
8
BLACK
6
CONTINUOUS
10
6.5252824803149601
20
-3.6131029527559053
11
6.5253983464566927
21
-3.6132522047244096
0
LINE
8
BLACK
6
CONTINUOUS
10
6.5253983464566927
20
-3.6132522047244096
11
6.5261482677165352
21
-3.6147520472440946
0
LINE
8
BLACK
6
CONTINUOUS
10
6.5261482677165352
20
-3.6147520472440946
11
6.5261638582677159
21
-3.6148090551181102
0
LINE
8
BLACK
6
CONTINUOUS
10
6.5261638582677159
20
-3.6148090551181102
11
6.5261830314960632
21
-3.6148282283464566
0
LINE
8
BLACK
6
CONTINUOUS
10
6.5261830314960632
20
-3.6148282283464566
11
6.526219921259842
21
-3.6150137007874017
0
LINE
8
BLACK
6
CONTINUOUS
10
6.526219921259842
20
-3.6150137007874017
11
6.5262700000000002
21
-3.6151965354330708
0
LINE
8
BLACK
6
CONTINUOUS
10
6.5262700000000002
20
-3.6151965354330708
11
6.5262614173228348
21
-3.6152222440944879
0
LINE
8
BLACK
6
CONTINUOUS
10
6.5262614173228348
20
-3.6152222440944879
11
6.5262729527559058
21
-3.6152802362204723
0
LINE
8
BLACK
6
CONTINUOUS
10
6.5262729527559058
20
-3.6152802362204723
11
6.5262729527559058
21
-3.6175299212598424
0
LINE
8
BLACK
6
CONTINUOUS
10
6.5262729527559058
20
-3.6175299212598424
11
6.5262614173228348
21
-3.6175878740157481
0
LINE
8
BLACK
6
CONTINUOUS
10
6.5262614173228348
20
-3.6175878740157481
11
6.5262700000000002
21
-3.6176136220472439
0
LINE
8
BLACK
6
CONTINUOUS
10
6.5262700000000002
20
-3.6176136220472439
11
6.526219921259842
21
-3.6177964173228347
0
LINE
8
BLACK
6
CONTINUOUS
10
6.526219921259842
20
-3.6177964173228347
11
6.5261830314960632
21
-3.6179819291338582
0
LINE
8
BLACK
6
CONTINUOUS
10
6.5261830314960632
20
-3.6179819291338582
11
6.5261638582677159
21
-3.6180010629921258
0
LINE
8
BLACK
6
CONTINUOUS
10
6.5261638582677159
20
-3.6180010629921258
11
6.5261482677165352
21
-3.6180581102362206
0
LINE
8
BLACK
6
CONTINUOUS
10
6.5261482677165352
20
-3.6180581102362206
11
6.5253983464566927
21
-3.6195579527559056
0
LINE
8
BLACK
6
CONTINUOUS
10
6.5253983464566927
20
-3.6195579527559056
11
6.5252824803149601
21
-3.6197071653543307
0
LINE
8
BLACK
6
CONTINUOUS
10
6.5252824803149601
20
-3.6197071653543307
11
6.5251771259842517
21
-3.6198649212598424
0
LINE
8
BLACK
6
CONTINUOUS
10
6.5251771259842517
20
-3.6198649212598424
11
6.5244272047244092
21
-3.6206148031496062
0
LINE
8
BLACK
6
CONTINUOUS
10
6.5244272047244092
20
-3.6206148031496062
11
6.5242699999999996
21
-3.6207198031496062
0
LINE
8
BLACK
6
CONTINUOUS
10
6.5242699999999996
20
-3.6207198031496062
11
6.5241202755905512
21
-3.6208360629921259
0
LINE
8
BLACK
6
CONTINUOUS
10
6.5241202755905512
20
-3.6208360629921259
11
6.5226204724409449
21
-3.6215859842519684
0
LINE
8
BLACK
6
CONTINUOUS
10
6.5226204724409449
20
-3.6215859842519684
11
6.5225633858267713
21
-3.6216015748031496
0
LINE
8
BLACK
6
CONTINUOUS
10
6.5225633858267713
20
-3.6216015748031496
11
6.5225442519685037
21
-3.6216207480314959
0
LINE
8
BLACK
6
CONTINUOUS
10
6.5225442519685037
20
-3.6216207480314959
11
6.5223584645669286
21
-3.6216576771653544
0
LINE
8
BLACK
6
CONTINUOUS
10
6.5223584645669286
20
-3.6216576771653544
11
6.5221759448818899
21
-3.6217076771653542
0
LINE
8
BLACK
6
CONTINUOUS
10
6.5221759448818899
20
-3.6217076771653542
11
6.5221502755905512
21
-3.6216990944881888
0
LINE
8
BLACK
6
CONTINUOUS
10
6.5221502755905512
20
-3.6216990944881888
11
6.5221087007874017
21
-3.6217073622047242
0
LINE
8
BLACK
6
CONTINUOUS
10
6.5221087007874017
20
-3.6217073622047242
11
6.5260594488188977
21
-3.6273512992125982
0
LINE
8
BLACK
6
CONTINUOUS
10
6.5260594488188977
20
-3.6273512992125982
11
6.5262449606299215
21
-3.6277731496062993
0
LINE
8
BLACK
6
CONTINUOUS
10
6.5262449606299215
20
-3.6277731496062993
11
6.5260878740157482
21
-3.6286633464566926
0
LINE
8
BLACK
6
CONTINUOUS
10
6.5260878740157482
20
-3.6286633464566926
11
6.5253472834645665
21
-3.6291817322834645
0
LINE
8
BLACK
6
CONTINUOUS
10
6.5253472834645665
20
-3.6291817322834645
11
6.5244571259842514
21
-3.6290246456692912
0
LINE
8
BLACK
6
CONTINUOUS
10
6.5244571259842514
20
-3.6290246456692912
11
6.5241242519685034
21
-3.6287059055118109
0
LINE
8
BLACK
6
CONTINUOUS
10
6.5241242519685034
20
-3.6287059055118109
11
6.5192275590551176
21
-3.6217106692913386
0
LINE
8
BLACK
6
CONTINUOUS
10
6.5192275590551176
20
-3.6217106692913386
11
6.5172740944881884
21
-3.6217106692913386
0
LINE
8
BLACK
6
CONTINUOUS
10
6.5172740944881884
20
-3.6217106692913386
11
6.5172740944881884
21
-3.628028622047244
0
LINE
8
BLACK
6
CONTINUOUS
10
6.5172740944881884
20
-3.628028622047244
11
6.5171841732283466
21
-3.6284806299212597
0
LINE
8
BLACK
6
CONTINUOUS
10
6.5171841732283466
20
-3.6284806299212597
11
6.5165449999999998
21
-3.6291198031496061
0
LINE
8
BLACK
6
CONTINUOUS
10
6.5165449999999998
20
-3.6291198031496061
11
6.5156409842519682
21
-3.6291198031496061
0
LINE
8
BLACK
6
CONTINUOUS
10
6.5156409842519682
20
-3.6291198031496061
11
6.5150018110236223
21
-3.6284806299212597
0
LINE
8
BLACK
6
CONTINUOUS
10
6.5150018110236223
20
-3.6284806299212597
11
6.5149118897637797
21
-3.628028622047244
0
LINE
8
BLACK
6
CONTINUOUS
10
6.5149118897637797
20
-3.628028622047244
11
6.5149118897637797
21
-3.612280590551181
0
LINE
8
BLACK
6
CONTINUOUS
10
6.5149118897637797
20
-3.612280590551181
11
6.5150018110236223
21
-3.6118285826771652
0
LINE
8
BLACK
6
CONTINUOUS
10
6.5150018110236223
20
-3.6118285826771652
11
6.5156409842519682
21
-3.6111894094488188
0
LINE
8
BLACK
6
CONTINUOUS
10
6.5156409842519682
20
-3.6111894094488188
11
6.5160929921259845
21
-3.6110994881889762
0
LINE
8
BLACK
6
CONTINUOUS
10
6.5160929921259845
20
-3.6110994881889762
11
6.5220922440944884
21
-3.6110994881889762
0
LINE
8
BLACK
6
CONTINUOUS
10
6.5220922440944884
20
-3.6110994881889762
11
6.5221502755905512
21
-3.6111110236220472
0
LINE
8
BLACK
6
CONTINUOUS
10
6.5172740944881884
20
-3.6193484645669289
11
6.5218133858267713
21
-3.6193484645669289
0
LINE
8
BLACK
6
CONTINUOUS
10
6.5218133858267713
20
-3.6193484645669289
11
6.5228924015748033
21
-3.618808937007874
0
LINE
8
BLACK
6
CONTINUOUS
10
6.5228924015748033
20
-3.618808937007874
11
6.5233712204724412
21
-3.6183300787401573
0
LINE
8
BLACK
6
CONTINUOUS
10
6.5233712204724412
20
-3.6183300787401573
11
6.5239107480314962
21
-3.6172510629921257
0
LINE
8
BLACK
6
CONTINUOUS
10
6.5239107480314962
20
-3.6172510629921257
11
6.5239107480314962
21
-3.6155590551181103
0
LINE
8
BLACK
6
CONTINUOUS
10
6.5239107480314962
20
-3.6155590551181103
11
6.5233712204724412
21
-3.6144800393700787
0
LINE
8
BLACK
6
CONTINUOUS
10
6.5233712204724412
20
-3.6144800393700787
11
6.5228924015748033
21
-3.614001181102362
0
LINE
8
BLACK
6
CONTINUOUS
10
6.5228924015748033
20
-3.614001181102362
11
6.5218133858267713
21
-3.6134616929133858
0
LINE
8
BLACK
6
CONTINUOUS
10
6.5218133858267713
20
-3.6134616929133858
11
6.5172740944881884
21
-3.6134616929133858
0
LINE
8
BLACK
6
CONTINUOUS
10
6.5172740944881884
20
-3.6134616929133858
11
6.5172740944881884
21
-3.6193484645669289
0
LINE
8
BLACK
6
CONTINUOUS
10
6.5599659055118105
20
-3.6032994488188974
11
6.5610312598425198
21
-3.6043648031496063
0
LINE
8
BLACK
6
CONTINUOUS
10
6.5610312598425198
20
-3.6043648031496063
11
6.5611811023622044
21
-3.6051181102362202
0
LINE
8
BLACK
6
CONTINUOUS
10
6.5611811023622044
20
-3.6051181102362202
11
6.5611811023622044
21
-3.6366141732283466
0
LINE
8
BLACK
6
CONTINUOUS
10
6.5611811023622044
20
-3.6366141732283466
11
6.5610312598425198
21
-3.6373674803149605
0
LINE
8
BLACK
6
CONTINUOUS
10
6.5610312598425198
20
-3.6373674803149605
11
6.5599659055118105
21
-3.6384328346456694
0
LINE
8
BLACK
6
CONTINUOUS
10
6.5599659055118105
20
-3.6384328346456694
11
6.559212598425197
21
-3.6385826771653544
0
LINE
8
BLACK
6
CONTINUOUS
10
6.559212598425197
20
-3.6385826771653544
11
6.4962204724409451
21
-3.6385826771653544
0
LINE
8
BLACK
6
CONTINUOUS
10
6.4962204724409451
20
-3.6385826771653544
11
6.4954671653543308
21
-3.6384328346456694
0
LINE
8
BLACK
6
CONTINUOUS
10
6.4954671653543308
20
-3.6384328346456694
11
6.4944018110236215
21
-3.6373674803149605
0
LINE
8
BLACK
6
CONTINUOUS
10
6.4944018110236215
20
-3.6373674803149605
11
6.4942519685039368
21
-3.6366141732283466
0
LINE
8
BLACK
6
CONTINUOUS
10
6.4942519685039368
20
-3.6366141732283466
11
6.4942519685039368
21
-3.6051181102362202
0
LINE
8
BLACK
6
CONTINUOUS
10
6.4942519685039368
20
-3.6051181102362202
11
6.4944018110236215
21
-3.6043648031496063
0
LINE
8
BLACK
6
CONTINUOUS
10
6.4944018110236215
20
-3.6043648031496063
11
6.4954671653543308
21
-3.6032994488188974
0
LINE
8
BLACK
6
CONTINUOUS
10
6.4954671653543308
20
-3.6032994488188974
11
6.4962204724409451
21
-3.6031496062992123
0
LINE
8
BLACK
6
CONTINUOUS
10
6.4962204724409451
20
-3.6031496062992123
11
6.559212598425197
21
-3.6031496062992123
0
LINE
8
BLACK
6
CONTINUOUS
10
6.559212598425197
20
-3.6031496062992123
11
6.5599659055118105
21
-3.6032994488188974
0
LINE
8
BLACK
6
CONTINUOUS
10
6.4981889763779526
20
-3.6070866141732281
11
6.4981889763779526
21
-3.6346456692913387
0
LINE
8
BLACK
6
CONTINUOUS
10
6.4981889763779526
20
-3.6346456692913387
11
6.5572440944881887
21
-3.6346456692913387
0
LINE
8
BLACK
6
CONTINUOUS
10
6.5572440944881887
20
-3.6346456692913387
11
6.5572440944881887
21
-3.6070866141732281
0
LINE
8
BLACK
6
CONTINUOUS
10
6.5572440944881887
20
-3.6070866141732281
11
6.4981889763779526
21
-3.6070866141732281
0
LINE
8
BLACK
6
CONTINUOUS
10
6.6547790551181105
20
-3.6111364566929134
11
6.6549666929133853
21
-3.6111601181102362
0
LINE
8
BLACK
6
CONTINUOUS
10
6.6549666929133853
20
-3.6111601181102362
11
6.6572163779527553
21
-3.6119100393700787
0
LINE
8
BLACK
6
CONTINUOUS
10
6.6572163779527553
20
-3.6119100393700787
11
6.6572676771653541
21
-3.6119392913385826
0
LINE
8
BLACK
6
CONTINUOUS
10
6.6572676771653541
20
-3.6119392913385826
11
6.6572948031496058
21
-3.6119392913385826
0
LINE
8
BLACK
6
CONTINUOUS
10
6.6572948031496058
20
-3.6119392913385826
11
6.6574524803149604
21
-3.6120446456692914
0
LINE
8
BLACK
6
CONTINUOUS
10
6.6574524803149604
20
-3.6120446456692914
11
6.6576167322834641
21
-3.6121382677165355
0
LINE
8
BLACK
6
CONTINUOUS
10
6.6576167322834641
20
-3.6121382677165355
11
6.6576287795275588
21
-3.6121624015748033
0
LINE
8
BLACK
6
CONTINUOUS
10
6.6576287795275588
20
-3.6121624015748033
11
6.6576780314960624
21
-3.6121953149606298
0
LINE
8
BLACK
6
CONTINUOUS
10
6.6576780314960624
20
-3.6121953149606298
11
6.6584279133858262
21
-3.6129451968503936
0
LINE
8
BLACK
6
CONTINUOUS
10
6.6584279133858262
20
-3.6129451968503936
11
6.6586839763779526
21
-3.6133283858267715
0
LINE
8
BLACK
6
CONTINUOUS
10
6.6586839763779526
20
-3.6133283858267715
11
6.6586840157480314
21
-3.6142323228346456
0
LINE
8
BLACK
6
CONTINUOUS
10
6.6586840157480314
20
-3.6142323228346456
11
6.658044763779527
21
-3.6148715748031495
0
LINE
8
BLACK
6
CONTINUOUS
10
6.658044763779527
20
-3.6148715748031495
11
6.6571408661417317
21
-3.6148716141732282
0
LINE
8
BLACK
6
CONTINUOUS
10
6.6571408661417317
20
-3.6148716141732282
11
6.6567576377952751
21
-3.614615590551181
0
LINE
8
BLACK
6
CONTINUOUS
10
6.6567576377952751
20
-3.614615590551181
11
6.6562048031496062
21
-3.6140627952755904
0
LINE
8
BLACK
6
CONTINUOUS
10
6.6562048031496062
20
-3.6140627952755904
11
6.6544015748031491
21
-3.6134616929133858
0
LINE
8
BLACK
6
CONTINUOUS
10
6.6544015748031491
20
-3.6134616929133858
11
6.6532849606299207
21
-3.6134616929133858
0
LINE
8
BLACK
6
CONTINUOUS
10
6.6532849606299207
20
-3.6134616929133858
11
6.651481653543307
21
-3.6140627952755904
0
LINE
8
BLACK
6
CONTINUOUS
10
6.651481653543307
20
-3.6140627952755904
11
6.6503145275590549
21
-3.6152299212598424
0
LINE
8
BLACK
6
CONTINUOUS
10
6.6503145275590549
20
-3.6152299212598424
11
6.6497083070866143
21
-3.6164423622047241
0
LINE
8
BLACK
6
CONTINUOUS
10
6.6497083070866143
20
-3.6164423622047241
11
6.6490251181102362
21
-3.6191751181102361
0
LINE
8
BLACK
6
CONTINUOUS
10
6.6490251181102362
20
-3.6191751181102361
11
6.6490251181102362
21
-3.6211340944881889
0
LINE
8
BLACK
6
CONTINUOUS
10
6.6490251181102362
20
-3.6211340944881889
11
6.6497082677165356
21
-3.6238668110236221
0
LINE
8
BLACK
6
CONTINUOUS
10
6.6497082677165356
20
-3.6238668110236221
11
6.6503145275590549
21
-3.6250792913385825
0
LINE
8
BLACK
6
CONTINUOUS
10
6.6503145275590549
20
-3.6250792913385825
11
6.6514815748031495
21
-3.6262463385826771
0
LINE
8
BLACK
6
CONTINUOUS
10
6.6514815748031495
20
-3.6262463385826771
11
6.653285078740157
21
-3.6268475196850392
0
LINE
8
BLACK
6
CONTINUOUS
10
6.653285078740157
20
-3.6268475196850392
11
6.6544014566929128
21
-3.6268475196850392
0
LINE
8
BLACK
6
CONTINUOUS
10
6.6544014566929128
20
-3.6268475196850392
11
6.6562049212598424
21
-3.6262463385826771
0
LINE
8
BLACK
6
CONTINUOUS
10
6.6562049212598424
20
-3.6262463385826771
11
6.6567576377952751
21
-3.6256936614173227
0
LINE
8
BLACK
6
CONTINUOUS
10
6.6567576377952751
20
-3.6256936614173227
11
6.657140826771653
21
-3.6254375984251968
0
LINE
8
BLACK
6
CONTINUOUS
10
6.657140826771653
20
-3.6254375984251968
11
6.658044763779527
21
-3.6254375984251968
0
LINE
8
BLACK
6
CONTINUOUS
10
6.658044763779527
20
-3.6254375984251968
11
6.6586840157480314
21
-3.6260768503937006
0
LINE
8
BLACK
6
CONTINUOUS
10
6.6586840157480314
20
-3.6260768503937006
11
6.6586840157480314
21
-3.6269807874015747
0
LINE
8
BLACK
6
CONTINUOUS
10
6.6586840157480314
20
-3.6269807874015747
11
6.6584279527559049
21
-3.6273639763779526
0
LINE
8
BLACK
6
CONTINUOUS
10
6.6584279527559049
20
-3.6273639763779526
11
6.6576780314960624
21
-3.6281138976377951
0
LINE
8
BLACK
6
CONTINUOUS
10
6.6576780314960624
20
-3.6281138976377951
11
6.6576288188976376
21
-3.6281467322834646
0
LINE
8
BLACK
6
CONTINUOUS
10
6.6576288188976376
20
-3.6281467322834646
11
6.6576167322834641
21
-3.6281709842519683
0
LINE
8
BLACK
6
CONTINUOUS
10
6.6576167322834641
20
-3.6281709842519683
11
6.6574520866141729
21
-3.6282648425196848
0
LINE
8
BLACK
6
CONTINUOUS
10
6.6574520866141729
20
-3.6282648425196848
11
6.6572948425196845
21
-3.6283699212598424
0
LINE
8
BLACK
6
CONTINUOUS
10
6.6572948425196845
20
-3.6283699212598424
11
6.6572678346456691
21
-3.6283699212598424
0
LINE
8
BLACK
6
CONTINUOUS
10
6.6572678346456691
20
-3.6283699212598424
11
6.6572163779527553
21
-3.6283992519685038
0
LINE
8
BLACK
6
CONTINUOUS
10
6.6572163779527553
20
-3.6283992519685038
11
6.6549666929133853
21
-3.6291491338582675
0
LINE
8
BLACK
6
CONTINUOUS
10
6.6549666929133853
20
-3.6291491338582675
11
6.6547787401574805
21
-3.6291727952755903
0
LINE
8
BLACK
6
CONTINUOUS
10
6.6547787401574805
20
-3.6291727952755903
11
6.6545931889763779
21
-3.6292097244094488
0
LINE
8
BLACK
6
CONTINUOUS
10
6.6545931889763779
20
-3.6292097244094488
11
6.6530933464566928
21
-3.6292097244094488
0
LINE
8
BLACK
6
CONTINUOUS
10
6.6530933464566928
20
-3.6292097244094488
11
6.6529076771653539
21
-3.6291727559055116
0
LINE
8
BLACK
6
CONTINUOUS
10
6.6529076771653539
20
-3.6291727559055116
11
6.6527198818897633
21
-3.6291491338582675
0
LINE
8
BLACK
6
CONTINUOUS
10
6.6527198818897633
20
-3.6291491338582675
11
6.6504701181102357
21
-3.6283992519685038
0
LINE
8
BLACK
6
CONTINUOUS
10
6.6504701181102357
20
-3.6283992519685038
11
6.6504186614173229
21
-3.6283699212598424
0
LINE
8
BLACK
6
CONTINUOUS
10
6.6504186614173229
20
-3.6283699212598424
11
6.6503916535433065
21
-3.6283699212598424
0
LINE
8
BLACK
6
CONTINUOUS
10
6.6503916535433065
20
-3.6283699212598424
11
6.650234251968504
21
-3.6282647637795273
0
LINE
8
BLACK
6
CONTINUOUS
10
6.650234251968504
20
-3.6282647637795273
11
6.650069763779527
21
-3.6281709842519683
0
LINE
8
BLACK
6
CONTINUOUS
10
6.650069763779527
20
-3.6281709842519683
11
6.6500576377952756
21
-3.6281467716535434
0
LINE
8
BLACK
6
CONTINUOUS
10
6.6500576377952756
20
-3.6281467716535434
11
6.6500084251968499
21
-3.6281138976377951
0
LINE
8
BLACK
6
CONTINUOUS
10
6.6500084251968499
20
-3.6281138976377951
11
6.6485086614173223
21
-3.6266140551181101
0
LINE
8
BLACK
6
CONTINUOUS
10
6.6485086614173223
20
-3.6266140551181101
11
6.6484034251968502
21
-3.6264565748031496
0
LINE
8
BLACK
6
CONTINUOUS
10
6.6484034251968502
20
-3.6264565748031496
11
6.6482874015748026
21
-3.6263070866141733
0
LINE
8
BLACK
6
CONTINUOUS
10
6.6482874015748026
20
-3.6263070866141733
11
6.6475375196850388
21
-3.624807283464567
0
LINE
8
BLACK
6
CONTINUOUS
10
6.6475375196850388
20
-3.624807283464567
11
6.6475033464566931
21
-3.6246824803149607
0
LINE
8
BLACK
6
CONTINUOUS
10
6.6475033464566931
20
-3.6246824803149607
11
6.64744811023622
21
-3.6245655511811021
0
LINE
8
BLACK
6
CONTINUOUS
10
6.64744811023622
20
-3.6245655511811021
11
6.6466981889763774
21
-3.6215659448818895
0
LINE
8
BLACK
6
CONTINUOUS
10
6.6466981889763774
20
-3.6215659448818895
11
6.6466911417322834
21
-3.6214214566929135
0
LINE
8
BLACK
6
CONTINUOUS
10
6.6466911417322834
20
-3.6214214566929135
11
6.6466629133858266
21
-3.6212794881889763
0
LINE
8
BLACK
6
CONTINUOUS
10
6.6466629133858266
20
-3.6212794881889763
11
6.6466629133858266
21
-3.6190297637795275
0
LINE
8
BLACK
6
CONTINUOUS
10
6.6466629133858266
20
-3.6190297637795275
11
6.6466911417322834
21
-3.6188877559055119
0
LINE
8
BLACK
6
CONTINUOUS
10
6.6466911417322834
20
-3.6188877559055119
11
6.6466981889763774
21
-3.6187433070866142
0
LINE
8
BLACK
6
CONTINUOUS
10
6.6466981889763774
20
-3.6187433070866142
11
6.64744811023622
21
-3.6157436614173228
0
LINE
8
BLACK
6
CONTINUOUS
10
6.64744811023622
20
-3.6157436614173228
11
6.6475033464566931
21
-3.6156266929133856
0
LINE
8
BLACK
6
CONTINUOUS
10
6.6475033464566931
20
-3.6156266929133856
11
6.6475375196850388
21
-3.6155019291338584
0
LINE
8
BLACK
6
CONTINUOUS
10
6.6475375196850388
20
-3.6155019291338584
11
6.6482874015748026
21
-3.6140021259842521
0
LINE
8
BLACK
6
CONTINUOUS
10
6.6482874015748026
20
-3.6140021259842521
11
6.6484035433070865
21
-3.6138524803149608
0
LINE
8
BLACK
6
CONTINUOUS
10
6.6484035433070865
20
-3.6138524803149608
11
6.6485086614173223
21
-3.6136951574803149
0
LINE
8
BLACK
6
CONTINUOUS
10
6.6485086614173223
20
-3.6136951574803149
11
6.6500084251968499
21
-3.6121953543307086
0
LINE
8
BLACK
6
CONTINUOUS
10
6.6500084251968499
20
-3.6121953543307086
11
6.6500575984251968
21
-3.6121624803149603
0
LINE
8
BLACK
6
CONTINUOUS
10
6.6500575984251968
20
-3.6121624803149603
11
6.6500697244094491
21
-3.6121382677165355
0
LINE
8
BLACK
6
CONTINUOUS
10
6.6500697244094491
20
-3.6121382677165355
11
6.650234251968504
21
-3.6120444488188976
0
LINE
8
BLACK
6
CONTINUOUS
10
6.650234251968504
20
-3.6120444488188976
11
6.6503916535433065
21
-3.6119393307086614
0
LINE
8
BLACK
6
CONTINUOUS
10
6.6503916535433065
20
-3.6119393307086614
11
6.6504187401574804
21
-3.6119393307086614
0
LINE
8
BLACK
6
CONTINUOUS
10
6.6504187401574804
20
-3.6119393307086614
11
6.6504701181102357
21
-3.6119100393700787
0
LINE
8
BLACK
6
CONTINUOUS
10
6.6504701181102357
20
-3.6119100393700787
11
6.6527198425196845
21
-3.6111601181102362
0
LINE
8
BLACK
6
CONTINUOUS
10
6.6527198425196845
20
-3.6111601181102362
11
6.6529074409448814
21
-3.6111364566929134
0
LINE
8
BLACK
6
CONTINUOUS
10
6.6529074409448814
20
-3.6111364566929134
11
6.6530933464566928
21
-3.6110994881889762
0
LINE
8
BLACK
6
CONTINUOUS
10
6.6530933464566928
20
-3.6110994881889762
11
6.6545931889763779
21
-3.6110994881889762
0
LINE
8
BLACK
6
CONTINUOUS
10
6.6545931889763779
20
-3.6110994881889762
11
6.6547790551181105
21
-3.6111364566929134
0
LINE
8
BLACK
6
CONTINUOUS
10
6.6684219291338582
20
-3.6111894094488188
11
6.6685435039370073
21
-3.6111894094488188
0
LINE
8
BLACK
6
CONTINUOUS
10
6.6685435039370073
20
-3.6111894094488188
11
6.6687866535433074
21
-3.611432559055118
0
LINE
8
BLACK
6
CONTINUOUS
10
6.6687866535433074
20
-3.611432559055118
11
6.6690728740157477
21
-3.6116233858267717
0
LINE
8
BLACK
6
CONTINUOUS
10
6.6690728740157477
20
-3.6116233858267717
11
6.6690966929133859
21
-3.611742598425197
0
LINE
8
BLACK
6
CONTINUOUS
10
6.6690966929133859
20
-3.611742598425197
11
6.6691826771653542
21
-3.6118285826771652
0
LINE
8
BLACK
6
CONTINUOUS
10
6.6691826771653542
20
-3.6118285826771652
11
6.6692725984251968
21
-3.612280590551181
0
LINE
8
BLACK
6
CONTINUOUS
10
6.6692725984251968
20
-3.612280590551181
11
6.6692725984251968
21
-3.6268475196850392
0
LINE
8
BLACK
6
CONTINUOUS
10
6.6692725984251968
20
-3.6268475196850392
11
6.6725909055118109
21
-3.6268475196850392
0
LINE
8
BLACK
6
CONTINUOUS
10
6.6725909055118109
20
-3.6268475196850392
11
6.6730429133858262
21
-3.6269374409448818
0
LINE
8
BLACK
6
CONTINUOUS
10
6.6730429133858262
20
-3.6269374409448818
11
6.6736820866141731
21
-3.6275766141732282
0
LINE
8
BLACK
6
CONTINUOUS
10
6.6736820866141731
20
-3.6275766141732282
11
6.6736820866141731
21
-3.6284806299212597
0
LINE
8
BLACK
6
CONTINUOUS
10
6.6736820866141731
20
-3.6284806299212597
11
6.6730429133858262
21
-3.6291198031496061
0
LINE
8
BLACK
6
CONTINUOUS
10
6.6730429133858262
20
-3.6291198031496061
11
6.6725909055118109
21
-3.6292097244094488
0
LINE
8
BLACK
6
CONTINUOUS
10
6.6725909055118109
20
-3.6292097244094488
11
6.6635920472440944
21
-3.6292097244094488
0
LINE
8
BLACK
6
CONTINUOUS
10
6.6635920472440944
20
-3.6292097244094488
11
6.6631400393700781
21
-3.6291198031496061
0
LINE
8
BLACK
6
CONTINUOUS
10
6.6631400393700781
20
-3.6291198031496061
11
6.6625008661417322
21
-3.6284806299212597
0
LINE
8
BLACK
6
CONTINUOUS
10
6.6625008661417322
20
-3.6284806299212597
11
6.6625008661417322
21
-3.6275766141732282
0
LINE
8
BLACK
6
CONTINUOUS
10
6.6625008661417322
20
-3.6275766141732282
11
6.6631400393700781
21
-3.6269374409448818
0
LINE
8
BLACK
6
CONTINUOUS
10
6.6631400393700781
20
-3.6269374409448818
11
6.6635920472440944
21
-3.6268475196850392
0
LINE
8
BLACK
6
CONTINUOUS
10
6.6635920472440944
20
-3.6268475196850392
11
6.6669103937007872
21
-3.6268475196850392
0
LINE
8
BLACK
6
CONTINUOUS
10
6.6669103937007872
20
-3.6268475196850392
11
6.6669103937007872
21
-3.6158818897637794
0
LINE
8
BLACK
6
CONTINUOUS
10
6.6669103937007872
20
-3.6158818897637794
11
6.6659270078740152
21
-3.616865275590551
0
LINE
8
BLACK
6
CONTINUOUS
10
6.6659270078740152
20
-3.616865275590551
11
6.6657698031496064
21
-3.6169702755905511
0
LINE
8
BLACK
6
CONTINUOUS
10
6.6657698031496064
20
-3.6169702755905511
11
6.6656200787401572
21
-3.6170865354330708
0
LINE
8
BLACK
6
CONTINUOUS
10
6.6656200787401572
20
-3.6170865354330708
11
6.6641202755905509
21
-3.6178364566929133
0
LINE
8
BLACK
6
CONTINUOUS
10
6.6641202755905509
20
-3.6178364566929133
11
6.6636757480314959
21
-3.6179581496062991
0
LINE
8
BLACK
6
CONTINUOUS
10
6.6636757480314959
20
-3.6179581496062991
11
6.662818228346457
21
-3.6176723228346455
0
LINE
8
BLACK
6
CONTINUOUS
10
6.662818228346457
20
-3.6176723228346455
11
6.6624139370078739
21
-3.6168637401574801
0
LINE
8
BLACK
6
CONTINUOUS
10
6.6624139370078739
20
-3.6168637401574801
11
6.6626997637795276
21
-3.6160062204724408
0
LINE
8
BLACK
6
CONTINUOUS
10
6.6626997637795276
20
-3.6160062204724408
11
6.6630638188976379
21
-3.615723622047244
0
LINE
8
BLACK
6
CONTINUOUS
10
6.6630638188976379
20
-3.615723622047244
11
6.6643922047244093
21
-3.6150594094488189
0
LINE
8
BLACK
6
CONTINUOUS
10
6.6643922047244093
20
-3.6150594094488189
11
6.6656738582677164
21
-3.613777716535433
0
LINE
8
BLACK
6
CONTINUOUS
10
6.6656738582677164
20
-3.613777716535433
11
6.6671087795275588
21
-3.6116254330708659
0
LINE
8
BLACK
6
CONTINUOUS
10
6.6671087795275588
20
-3.6116254330708659
11
6.6674343307086614
21
-3.6112992125984249
0
LINE
8
BLACK
6
CONTINUOUS
10
6.6674343307086614
20
-3.6112992125984249
11
6.6675535039370075
21
-3.6112753543307088
0
LINE
8
BLACK
6
CONTINUOUS
10
6.6675535039370075
20
-3.6112753543307088
11
6.6676394881889758
21
-3.6111894094488188
0
LINE
8
BLACK
6
CONTINUOUS
10
6.6676394881889758
20
-3.6111894094488188
11
6.6679833070866144
21
-3.6111894094488188
0
LINE
8
BLACK
6
CONTINUOUS
10
6.6679833070866144
20
-3.6111894094488188
11
6.6683207086614171
21
-3.6111219291338581
0
LINE
8
BLACK
6
CONTINUOUS
10
6.6683207086614171
20
-3.6111219291338581
11
6.6684219291338582
21
-3.6111894094488188
0
LINE
8
BLACK
6
CONTINUOUS
10
6.683897519685039
20
-3.6111110236220472
11
6.6839231889763777
21
-3.6111024803149605
0
LINE
8
BLACK
6
CONTINUOUS
10
6.6839231889763777
20
-3.6111024803149605
11
6.6841056692913385
21
-3.6111524409448816
0
LINE
8
BLACK
6
CONTINUOUS
10
6.6841056692913385
20
-3.6111524409448816
11
6.6842914960629916
21
-3.6111894094488188
0
LINE
8
BLACK
6
CONTINUOUS
10
6.6842914960629916
20
-3.6111894094488188
11
6.68431062992126
21
-3.6112085433070864
0
LINE
8
BLACK
6
CONTINUOUS
10
6.68431062992126
20
-3.6112085433070864
11
6.684367677165354
21
-3.6112241732283463
0
LINE
8
BLACK
6
CONTINUOUS
10
6.684367677165354
20
-3.6112241732283463
11
6.6858675590551178
21
-3.6119740944881888
0
LINE
8
BLACK
6
CONTINUOUS
10
6.6858675590551178
20
-3.6119740944881888
11
6.686017283464567
21
-3.6120903149606298
0
LINE
8
BLACK
6
CONTINUOUS
10
6.686017283464567
20
-3.6120903149606298
11
6.6861744881889766
21
-3.6121953543307086
0
LINE
8
BLACK
6
CONTINUOUS
10
6.6861744881889766
20
-3.6121953543307086
11
6.6869244094488192
21
-3.6129452362204724
0
LINE
8
BLACK
6
CONTINUOUS
10
6.6869244094488192
20
-3.6129452362204724
11
6.6870297637795275
21
-3.6131029527559053
0
LINE
8
BLACK
6
CONTINUOUS
10
6.6870297637795275
20
-3.6131029527559053
11
6.6871456299212593
21
-3.6132522047244096
0
LINE
8
BLACK
6
CONTINUOUS
10
6.6871456299212593
20
-3.6132522047244096
11
6.6878955511811018
21
-3.6147520472440946
0
LINE
8
BLACK
6
CONTINUOUS
10
6.6878955511811018
20
-3.6147520472440946
11
6.6879297244094484
21
-3.6148768897637793
0
LINE
8
BLACK
6
CONTINUOUS
10
6.6879297244094484
20
-3.6148768897637793
11
6.6879849606299215
21
-3.6149937795275591
0
LINE
8
BLACK
6
CONTINUOUS
10
6.6879849606299215
20
-3.6149937795275591
11
6.6887348425196853
21
-3.6179933858267717
0
LINE
8
BLACK
6
CONTINUOUS
10
6.6887348425196853
20
-3.6179933858267717
11
6.6887418503937006
21
-3.6181378346456694
0
LINE
8
BLACK
6
CONTINUOUS
10
6.6887418503937006
20
-3.6181378346456694
11
6.6887701181102361
21
-3.6182798425196849
0
LINE
8
BLACK
6
CONTINUOUS
10
6.6887701181102361
20
-3.6182798425196849
11
6.6887701181102361
21
-3.62202937007874
0
LINE
8
BLACK
6
CONTINUOUS
10
6.6887701181102361
20
-3.62202937007874
11
6.6887418503937006
21
-3.6221713385826773
0
LINE
8
BLACK
6
CONTINUOUS
10
6.6887418503937006
20
-3.6221713385826773
11
6.6887348425196853
21
-3.6223158267716533
0
LINE
8
BLACK
6
CONTINUOUS
10
6.6887348425196853
20
-3.6223158267716533
11
6.6879849606299215
21
-3.6253154724409447
0
LINE
8
BLACK
6
CONTINUOUS
10
6.6879849606299215
20
-3.6253154724409447
11
6.6879297244094484
21
-3.6254323228346457
0
LINE
8
BLACK
6
CONTINUOUS
10
6.6879297244094484
20
-3.6254323228346457
11
6.6878955511811018
21
-3.6255572047244096
0
LINE
8
BLACK
6
CONTINUOUS
10
6.6878955511811018
20
-3.6255572047244096
11
6.6871456299212593
21
-3.6270570472440946
0
LINE
8
BLACK
6
CONTINUOUS
10
6.6871456299212593
20
-3.6270570472440946
11
6.6870295669291338
21
-3.6272064960629922
0
LINE
8
BLACK
6
CONTINUOUS
10
6.6870295669291338
20
-3.6272064960629922
11
6.6869244094488192
21
-3.6273639763779526
0
LINE
8
BLACK
6
CONTINUOUS
10
6.6869244094488192
20
-3.6273639763779526
11
6.6861745275590554
21
-3.6281138976377951
0
LINE
8
BLACK
6
CONTINUOUS
10
6.6861745275590554
20
-3.6281138976377951
11
6.6860168897637795
21
-3.6282191732283464
0
LINE
8
BLACK
6
CONTINUOUS
10
6.6860168897637795
20
-3.6282191732283464
11
6.685867519685039
21
-3.6283351574803149
0
LINE
8
BLACK
6
CONTINUOUS
10
6.685867519685039
20
-3.6283351574803149
11
6.684367677165354
21
-3.6290850393700786
0
LINE
8
BLACK
6
CONTINUOUS
10
6.684367677165354
20
-3.6290850393700786
11
6.68431062992126
21
-3.6291006299212598
0
LINE
8
BLACK
6
CONTINUOUS
10
6.68431062992126
20
-3.6291006299212598
11
6.6842914960629916
21
-3.6291198031496061
0
LINE
8
BLACK
6
CONTINUOUS
10
6.6842914960629916
20
-3.6291198031496061
11
6.684105590551181
21
-3.6291567716535433
0
LINE
8
BLACK
6
CONTINUOUS
10
6.684105590551181
20
-3.6291567716535433
11
6.683923149606299
21
-3.6292067322834645
0
LINE
8
BLACK
6
CONTINUOUS
10
6.683923149606299
20
-3.6292067322834645
11
6.6838974803149602
21
-3.6291981496062991
0
LINE
8
BLACK
6
CONTINUOUS
10
6.6838974803149602
20
-3.6291981496062991
11
6.6838394881889762
21
-3.6292097244094488
0
LINE
8
BLACK
6
CONTINUOUS
10
6.6838394881889762
20
-3.6292097244094488
11
6.6823396850393699
21
-3.6292097244094488
0
LINE
8
BLACK
6
CONTINUOUS
10
6.6823396850393699
20
-3.6292097244094488
11
6.6822816141732284
21
-3.6291981496062991
0
LINE
8
BLACK
6
CONTINUOUS
10
6.6822816141732284
20
-3.6291981496062991
11
6.6822559842519684
21
-3.6292067322834645
0
LINE
8
BLACK
6
CONTINUOUS
10
6.6822559842519684
20
-3.6292067322834645
11
6.6820734645669289
21
-3.6291567322834646
0
LINE
8
BLACK
6
CONTINUOUS
10
6.6820734645669289
20
-3.6291567322834646
11
6.6818876771653546
21
-3.6291198031496061
0
LINE
8
BLACK
6
CONTINUOUS
10
6.6818876771653546
20
-3.6291198031496061
11
6.6818685039370074
21
-3.6291006299212598
0
LINE
8
BLACK
6
CONTINUOUS
10
6.6818685039370074
20
-3.6291006299212598
11
6.6818114960629922
21
-3.6290850393700786
0
LINE
8
BLACK
6
CONTINUOUS
10
6.6818114960629922
20
-3.6290850393700786
11
6.6803116929133859
21
-3.6283351574803149
0
LINE
8
BLACK
6
CONTINUOUS
10
6.6803116929133859
20
-3.6283351574803149
11
6.6801620472440941
21
-3.6282190157480314
0
LINE
8
BLACK
6
CONTINUOUS
10
6.6801620472440941
20
-3.6282190157480314
11
6.6800047244094483
21
-3.6281138976377951
0
LINE
8
BLACK
6
CONTINUOUS
10
6.6800047244094483
20
-3.6281138976377951
11
6.6792548031496057
21
-3.6273639763779526
0
LINE
8
BLACK
6
CONTINUOUS
10
6.6792548031496057
20
-3.6273639763779526
11
6.6791496850393699
21
-3.6272066141732284
0
LINE
8
BLACK
6
CONTINUOUS
10
6.6791496850393699
20
-3.6272066141732284
11
6.6790335433070869
21
-3.6270570078740159
0
LINE
8
BLACK
6
CONTINUOUS
10
6.6790335433070869
20
-3.6270570078740159
11
6.6782836614173231
21
-3.6255572047244096
0
LINE
8
BLACK
6
CONTINUOUS
10
6.6782836614173231
20
-3.6255572047244096
11
6.6782494881889765
21
-3.6254324015748032
0
LINE
8
BLACK
6
CONTINUOUS
10
6.6782494881889765
20
-3.6254324015748032
11
6.6781942519685034
21
-3.6253154724409447
0
LINE
8
BLACK
6
CONTINUOUS
10
6.6781942519685034
20
-3.6253154724409447
11
6.6774443307086608
21
-3.6223158267716533
0
LINE
8
BLACK
6
CONTINUOUS
10
6.6774443307086608
20
-3.6223158267716533
11
6.6774372834645668
21
-3.6221713385826773
0
LINE
8
BLACK
6
CONTINUOUS
10
6.6774372834645668
20
-3.6221713385826773
11
6.67740905511811
21
-3.62202937007874
0
LINE
8
BLACK
6
CONTINUOUS
10
6.67740905511811
20
-3.62202937007874
11
6.67740905511811
21
-3.6182798425196849
0
LINE
8
BLACK
6
CONTINUOUS
10
6.67740905511811
20
-3.6182798425196849
11
6.6774372834645668
21
-3.6181378346456694
0
LINE
8
BLACK
6
CONTINUOUS
10
6.6774372834645668
20
-3.6181378346456694
11
6.6774443307086608
21
-3.6179933858267717
0
LINE
8
BLACK
6
CONTINUOUS
10
6.6774443307086608
20
-3.6179933858267717
11
6.6781942519685034
21
-3.6149937795275591
0
LINE
8
BLACK
6
CONTINUOUS
10
6.6781942519685034
20
-3.6149937795275591
11
6.6782494881889765
21
-3.6148768110236218
0
LINE
8
BLACK
6
CONTINUOUS
10
6.6782494881889765
20
-3.6148768110236218
11
6.6782836614173231
21
-3.6147520472440946
0
LINE
8
BLACK
6
CONTINUOUS
10
6.6782836614173231
20
-3.6147520472440946
11
6.6790335433070869
21
-3.6132522047244096
0
LINE
8
BLACK
6
CONTINUOUS
10
6.6790335433070869
20
-3.6132522047244096
11
6.6791494881889761
21
-3.6131027952755903
0
LINE
8
BLACK
6
CONTINUOUS
10
6.6791494881889761
20
-3.6131027952755903
11
6.6792548031496057
21
-3.6129451968503936
0
LINE
8
BLACK
6
CONTINUOUS
10
6.6792548031496057
20
-3.6129451968503936
11
6.6800047244094483
21
-3.6121953149606298
0
LINE
8
BLACK
6
CONTINUOUS
10
6.6800047244094483
20
-3.6121953149606298
11
6.6801621653543304
21
-3.6120901181102361
0
LINE
8
BLACK
6
CONTINUOUS
10
6.6801621653543304
20
-3.6120901181102361
11
6.6803116535433071
21
-3.6119740944881888
0
LINE
8
BLACK
6
CONTINUOUS
10
6.6803116535433071
20
-3.6119740944881888
11
6.6818114960629922
21
-3.6112241732283463
0
LINE
8
BLACK
6
CONTINUOUS
10
6.6818114960629922
20
-3.6112241732283463
11
6.6818685039370074
21
-3.6112085433070864
0
LINE
8
BLACK
6
CONTINUOUS
10
6.6818685039370074
20
-3.6112085433070864
11
6.6818876771653546
21
-3.6111894094488188
0
LINE
8
BLACK
6
CONTINUOUS
10
6.6818876771653546
20
-3.6111894094488188
11
6.6820731496062988
21
-3.6111524803149604
0
LINE
8
BLACK
6
CONTINUOUS
10
6.6820731496062988
20
-3.6111524803149604
11
6.6822559842519684
21
-3.6111024409448818
0
LINE
8
BLACK
6
CONTINUOUS
10
6.6822559842519684
20
-3.6111024409448818
11
6.6822816929133859
21
-3.6111109842519684
0
LINE
8
BLACK
6
CONTINUOUS
10
6.6822816929133859
20
-3.6111109842519684
11
6.6823396850393699
21
-3.6110994881889762
0
LINE
8
BLACK
6
CONTINUOUS
10
6.6823396850393699
20
-3.6110994881889762
11
6.6838394881889762
21
-3.6110994881889762
0
LINE
8
BLACK
6
CONTINUOUS
10
6.6838394881889762
20
-3.6110994881889762
11
6.683897519685039
21
-3.6111110236220472
0
LINE
8
BLACK
6
CONTINUOUS
10
6.6815394488188975
20
-3.6140012204724408
11
6.6810606299212596
21
-3.6144800393700787
0
LINE
8
BLACK
6
CONTINUOUS
10
6.6810606299212596
20
-3.6144800393700787
11
6.6804544488188977
21
-3.6156924803149604
0
LINE
8
BLACK
6
CONTINUOUS
10
6.6804544488188977
20
-3.6156924803149604
11
6.6797712598425196
21
-3.6184251968503935
0
LINE
8
BLACK
6
CONTINUOUS
10
6.6797712598425196
20
-3.6184251968503935
11
6.6797712598425196
21
-3.6218839763779527
0
LINE
8
BLACK
6
CONTINUOUS
10
6.6797712598425196
20
-3.6218839763779527
11
6.6804544488188977
21
-3.6246167322834646
0
LINE
8
BLACK
6
CONTINUOUS
10
6.6804544488188977
20
-3.6246167322834646
11
6.6810606692913383
21
-3.6258292125984251
0
LINE
8
BLACK
6
CONTINUOUS
10
6.6810606692913383
20
-3.6258292125984251
11
6.6815394488188975
21
-3.6263079921259842
0
LINE
8
BLACK
6
CONTINUOUS
10
6.6815394488188975
20
-3.6263079921259842
11
6.6826185039370074
21
-3.6268475196850392
0
LINE
8
BLACK
6
CONTINUOUS
10
6.6826185039370074
20
-3.6268475196850392
11
6.6835606692913387
21
-3.6268475196850392
0
LINE
8
BLACK
6
CONTINUOUS
10
6.6835606692913387
20
-3.6268475196850392
11
6.6846396456692911
21
-3.626308031496063
0
LINE
8
BLACK
6
CONTINUOUS
10
6.6846396456692911
20
-3.626308031496063
11
6.685118464566929
21
-3.6258292125984251
0
LINE
8
BLACK
6
CONTINUOUS
10
6.685118464566929
20
-3.6258292125984251
11
6.6857247637795272
21
-3.6246166141732283
0
LINE
8
BLACK
6
CONTINUOUS
10
6.6857247637795272
20
-3.6246166141732283
11
6.6864079133858265
21
-3.6218840157480314
0
LINE
8
BLACK
6
CONTINUOUS
10
6.6864079133858265
20
-3.6218840157480314
11
6.6864079133858265
21
-3.6184251574803148
0
LINE
8
BLACK
6
CONTINUOUS
10
6.6864079133858265
20
-3.6184251574803148
11
6.6857247637795272
21
-3.6156925590551179
0
LINE
8
BLACK
6
CONTINUOUS
10
6.6857247637795272
20
-3.6156925590551179
11
6.6851185039370078
21
-3.6144800393700787
0
LINE
8
BLACK
6
CONTINUOUS
10
6.6851185039370078
20
-3.6144800393700787
11
6.6846396850393699
21
-3.614001181102362
0
LINE
8
BLACK
6
CONTINUOUS
10
6.6846396850393699
20
-3.614001181102362
11
6.6835606692913387
21
-3.6134616929133858
0
LINE
8
BLACK
6
CONTINUOUS
10
6.6835606692913387
20
-3.6134616929133858
11
6.6826185433070862
21
-3.6134616929133858
0
LINE
8
BLACK
6
CONTINUOUS
10
6.6826185433070862
20
-3.6134616929133858
11
6.6815394488188975
21
-3.6140012204724408
0
LINE
8
BLACK
6
CONTINUOUS
10
6.699965905511811
20
-3.6032994488188974
11
6.7010312598425195
21
-3.6043648031496063
0
LINE
8
BLACK
6
CONTINUOUS
10
6.7010312598425195
20
-3.6043648031496063
11
6.701181102362205
21
-3.6051181102362202
0
LINE
8
BLACK
6
CONTINUOUS
10
6.701181102362205
20
-3.6051181102362202
11
6.701181102362205
21
-3.6366141732283466
0
LINE
8
BLACK
6
CONTINUOUS
10
6.701181102362205
20
-3.6366141732283466
11
6.7010312598425195
21
-3.6373674803149605
0
LINE
8
BLACK
6
CONTINUOUS
10
6.7010312598425195
20
-3.6373674803149605
11
6.699965905511811
21
-3.6384328346456694
0
LINE
8
BLACK
6
CONTINUOUS
10
6.699965905511811
20
-3.6384328346456694
11
6.6992125984251967
21
-3.6385826771653544
0
LINE
8
BLACK
6
CONTINUOUS
10
6.6992125984251967
20
-3.6385826771653544
11
6.6362204724409448
21
-3.6385826771653544
0
LINE
8
BLACK
6
CONTINUOUS
10
6.6362204724409448
20
-3.6385826771653544
11
6.6354671653543305
21
-3.6384328346456694
0
LINE
8
BLACK
6
CONTINUOUS
10
6.6354671653543305
20
-3.6384328346456694
11
6.634401811023622
21
-3.6373674803149605
0
LINE
8
BLACK
6
CONTINUOUS
10
6.634401811023622
20
-3.6373674803149605
11
6.6342519685039365
21
-3.6366141732283466
0
LINE
8
BLACK
6
CONTINUOUS
10
6.6342519685039365
20
-3.6366141732283466
11
6.6342519685039365
21
-3.6051181102362202
0
LINE
8
BLACK
6
CONTINUOUS
10
6.6342519685039365
20
-3.6051181102362202
11
6.634401811023622
21
-3.6043648031496063
0
LINE
8
BLACK
6
CONTINUOUS
10
6.634401811023622
20
-3.6043648031496063
11
6.6354671653543305
21
-3.6032994488188974
0
LINE
8
BLACK
6
CONTINUOUS
10
6.6354671653543305
20
-3.6032994488188974
11
6.6362204724409448
21
-3.6031496062992123
0
LINE
8
BLACK
6
CONTINUOUS
10
6.6362204724409448
20
-3.6031496062992123
11
6.6992125984251967
21
-3.6031496062992123
0
LINE
8
BLACK
6
CONTINUOUS
10
6.6992125984251967
20
-3.6031496062992123
11
6.699965905511811
21
-3.6032994488188974
0
LINE
8
BLACK
6
CONTINUOUS
10
6.6381889763779522
20
-3.6070866141732281
11
6.6381889763779522
21
-3.6346456692913387
0
LINE
8
BLACK
6
CONTINUOUS
10
6.6381889763779522
20
-3.6346456692913387
11
6.6972440944881892
21
-3.6346456692913387
0
LINE
8
BLACK
6
CONTINUOUS
10
6.6972440944881892
20
-3.6346456692913387
11
6.6972440944881892
21
-3.6070866141732281
0
LINE
8
BLACK
6
CONTINUOUS
10
6.6972440944881892
20
-3.6070866141732281
11
6.6381889763779522
21
-3.6070866141732281
0
LINE
8
BLACK
6
CONTINUOUS
10
5.7053216929133859
20
-3.5997720866141734
11
5.7059608661417318
21
-3.6004112598425198
0
LINE
8
BLACK
6
CONTINUOUS
10
5.7059608661417318
20
-3.6004112598425198
11
5.7059608661417318
21
-3.6013152755905513
0
LINE
8
BLACK
6
CONTINUOUS
10
5.7059608661417318
20
-3.6013152755905513
11
5.7053216929133859
21
-3.6019544488188977
0
LINE
8
BLACK
6
CONTINUOUS
10
5.7053216929133859
20
-3.6019544488188977
11
5.7048696850393696
21
-3.6020443700787399
0
LINE
8
BLACK
6
CONTINUOUS
10
5.7048696850393696
20
-3.6020443700787399
11
5.7021489370078742
21
-3.6020443700787399
0
LINE
8
BLACK
6
CONTINUOUS
10
5.7021489370078742
20
-3.6020443700787399
11
5.7010698818897634
21
-3.6025838582677165
0
LINE
8
BLACK
6
CONTINUOUS
10
5.7010698818897634
20
-3.6025838582677165
11
5.7005381496062988
21
-3.6031155511811024
0
LINE
8
BLACK
6
CONTINUOUS
10
5.7005381496062988
20
-3.6031155511811024
11
5.6992167322834648
21
-3.6050977559055117
0
LINE
8
BLACK
6
CONTINUOUS
10
5.6992167322834648
20
-3.6050977559055117
11
5.698925
21
-3.6062646062992125
0
LINE
8
BLACK
6
CONTINUOUS
10
5.698925
20
-3.6062646062992125
11
5.6998420472440943
21
-3.6058061023622048
0
LINE
8
BLACK
6
CONTINUOUS
10
5.6998420472440943
20
-3.6058061023622048
11
5.6998990551181103
21
-3.6057904724409449
0
LINE
8
BLACK
6
CONTINUOUS
10
5.6998990551181103
20
-3.6057904724409449
11
5.6999182283464567
21
-3.6057713385826773
0
LINE
8
BLACK
6
CONTINUOUS
10
5.6999182283464567
20
-3.6057713385826773
11
5.7001037007874018
21
-3.6057344094488188
0
LINE
8
BLACK
6
CONTINUOUS
10
5.7001037007874018
20
-3.6057344094488188
11
5.7002865354330705
21
-3.6056843700787402
0
LINE
8
BLACK
6
CONTINUOUS
10
5.7002865354330705
20
-3.6056843700787402
11
5.700312244094488
21
-3.6056929133858269
0
LINE
8
BLACK
6
CONTINUOUS
10
5.700312244094488
20
-3.6056929133858269
11
5.700370236220472
21
-3.6056814173228346
0
LINE
8
BLACK
6
CONTINUOUS
10
5.700370236220472
20
-3.6056814173228346
11
5.7033698818897633
21
-3.6056814173228346
0
LINE
8
BLACK
6
CONTINUOUS
10
5.7033698818897633
20
-3.6056814173228346
11
5.703427913385827
21
-3.6056929527559056
0
LINE
8
BLACK
6
CONTINUOUS
10
5.703427913385827
20
-3.6056929527559056
11
5.7034535826771648
21
-3.605684409448819
0
LINE
8
BLACK
6
CONTINUOUS
10
5.7034535826771648
20
-3.605684409448819
11
5.7036361023622044
21
-3.6057343700787401
0
LINE
8
BLACK
6
CONTINUOUS
10
5.7036361023622044
20
-3.6057343700787401
11
5.7038218897637796
21
-3.6057713385826773
0
LINE
8
BLACK
6
CONTINUOUS
10
5.7038218897637796
20
-3.6057713385826773
11
5.7038410236220471
21
-3.6057904724409449
0
LINE
8
BLACK
6
CONTINUOUS
10
5.7038410236220471
20
-3.6057904724409449
11
5.7038981102362207
21
-3.6058061023622048
0
LINE
8
BLACK
6
CONTINUOUS
10
5.7038981102362207
20
-3.6058061023622048
11
5.705397913385827
21
-3.6065560236220473
0
LINE
8
BLACK
6
CONTINUOUS
10
5.705397913385827
20
-3.6065560236220473
11
5.7055473622047241
21
-3.6066720472440945
0
LINE
8
BLACK
6
CONTINUOUS
10
5.7055473622047241
20
-3.6066720472440945
11
5.705704842519685
21
-3.6067772440944883
0
LINE
8
BLACK
6
CONTINUOUS
10
5.705704842519685
20
-3.6067772440944883
11
5.7064547244094488
21
-3.6075271259842521
0
LINE
8
BLACK
6
CONTINUOUS
10
5.7064547244094488
20
-3.6075271259842521
11
5.7065598818897634
21
-3.6076844881889762
0
LINE
8
BLACK
6
CONTINUOUS
10
5.7065598818897634
20
-3.6076844881889762
11
5.7066760236220473
21
-3.6078341338582676
0
LINE
8
BLACK
6
CONTINUOUS
10
5.7066760236220473
20
-3.6078341338582676
11
5.7074259055118111
21
-3.6093339763779526
0
LINE
8
BLACK
6
CONTINUOUS
10
5.7074259055118111
20
-3.6093339763779526
11
5.7074414960629918
21
-3.6093909842519682
0
LINE
8
BLACK
6
CONTINUOUS
10
5.7074414960629918
20
-3.6093909842519682
11
5.7074606692913381
21
-3.609410157480315
0
LINE
8
BLACK
6
CONTINUOUS
10
5.7074606692913381
20
-3.609410157480315
11
5.7074975984251965
21
-3.6095959448818897
0
LINE
8
BLACK
6
CONTINUOUS
10
5.7074975984251965
20
-3.6095959448818897
11
5.7075475984251964
21
-3.6097784645669289
0
LINE
8
BLACK
6
CONTINUOUS
10
5.7075475984251964
20
-3.6097784645669289
11
5.707539015748031
21
-3.6098040944881888
0
LINE
8
BLACK
6
CONTINUOUS
10
5.707539015748031
20
-3.6098040944881888
11
5.7075505905511807
21
-3.6098621653543308
0
LINE
8
BLACK
6
CONTINUOUS
10
5.7075505905511807
20
-3.6098621653543308
11
5.7075505905511807
21
-3.6136116929133859
0
LINE
8
BLACK
6
CONTINUOUS
10
5.7075505905511807
20
-3.6136116929133859
11
5.707539015748031
21
-3.6136697244094487
0
LINE
8
BLACK
6
CONTINUOUS
10
5.707539015748031
20
-3.6136697244094487
11
5.7075475984251964
21
-3.6136953937007874
0
LINE
8
BLACK
6
CONTINUOUS
10
5.7075475984251964
20
-3.6136953937007874
11
5.7074975984251965
21
-3.6138778740157478
0
LINE
8
BLACK
6
CONTINUOUS
10
5.7074975984251965
20
-3.6138778740157478
11
5.7074606692913381
21
-3.6140637007874017
0
LINE
8
BLACK
6
CONTINUOUS
10
5.7074606692913381
20
-3.6140637007874017
11
5.7074414960629918
21
-3.6140828346456693
0
LINE
8
BLACK
6
CONTINUOUS
10
5.7074414960629918
20
-3.6140828346456693
11
5.7074259055118111
21
-3.6141398818897637
0
LINE
8
BLACK
6
CONTINUOUS
10
5.7074259055118111
20
-3.6141398818897637
11
5.7066760236220473
21
-3.6156396850393699
0
LINE
8
BLACK
6
CONTINUOUS
10
5.7066760236220473
20
-3.6156396850393699
11
5.7065598818897634
21
-3.6157892913385825
0
LINE
8
BLACK
6
CONTINUOUS
10
5.7065598818897634
20
-3.6157892913385825
11
5.7064547637795275
21
-3.6159466535433071
0
LINE
8
BLACK
6
CONTINUOUS
10
5.7064547637795275
20
-3.6159466535433071
11
5.705704842519685
21
-3.6166965748031497
0
LINE
8
BLACK
6
CONTINUOUS
10
5.705704842519685
20
-3.6166965748031497
11
5.7055474803149604
21
-3.6168016535433072
0
LINE
8
BLACK
6
CONTINUOUS
10
5.7055474803149604
20
-3.6168016535433072
11
5.7053978740157483
21
-3.6169178346456694
0
LINE
8
BLACK
6
CONTINUOUS
10
5.7053978740157483
20
-3.6169178346456694
11
5.703898070866142
21
-3.6176677165354332
0
LINE
8
BLACK
6
CONTINUOUS
10
5.703898070866142
20
-3.6176677165354332
11
5.7038410236220471
21
-3.6176833070866139
0
LINE
8
BLACK
6
CONTINUOUS
10
5.7038410236220471
20
-3.6176833070866139
11
5.7038218897637796
21
-3.6177024803149607
0
LINE
8
BLACK
6
CONTINUOUS
10
5.7038218897637796
20
-3.6177024803149607
11
5.7036360629921257
21
-3.6177394094488187
0
LINE
8
BLACK
6
CONTINUOUS
10
5.7036360629921257
20
-3.6177394094488187
11
5.7034535826771648
21
-3.617789409448819
0
LINE
8
BLACK
6
CONTINUOUS
10
5.7034535826771648
20
-3.617789409448819
11
5.703427913385827
21
-3.6177808267716536
0
LINE
8
BLACK
6
CONTINUOUS
10
5.703427913385827
20
-3.6177808267716536
11
5.7033698818897633
21
-3.6177924015748029
0
LINE
8
BLACK
6
CONTINUOUS
10
5.7033698818897633
20
-3.6177924015748029
11
5.700370236220472
21
-3.6177924015748029
0
LINE
8
BLACK
6
CONTINUOUS
10
5.700370236220472
20
-3.6177924015748029
11
5.7003121653543305
21
-3.6177808267716536
0
LINE
8
BLACK
6
CONTINUOUS
10
5.7003121653543305
20
-3.6177808267716536
11
5.7002865354330705
21
-3.617789409448819
0
LINE
8
BLACK
6
CONTINUOUS
10
5.7002865354330705
20
-3.617789409448819
11
5.7001040157480309
21
-3.6177394094488187
0
LINE
8
BLACK
6
CONTINUOUS
10
5.7001040157480309
20
-3.6177394094488187
11
5.6999182283464567
21
-3.6177024803149607
0
LINE
8
BLACK
6
CONTINUOUS
10
5.6999182283464567
20
-3.6177024803149607
11
5.6998990551181103
21
-3.6176833070866139
0
LINE
8
BLACK
6
CONTINUOUS
10
5.6998990551181103
20
-3.6176833070866139
11
5.6998420472440943
21
-3.6176677165354332
0
LINE
8
BLACK
6
CONTINUOUS
10
5.6998420472440943
20
-3.6176677165354332
11
5.698342244094488
21
-3.6169178346456694
0
LINE
8
BLACK
6
CONTINUOUS
10
5.698342244094488
20
-3.6169178346456694
11
5.6981924803149608
21
-3.6168016141732284
0
LINE
8
BLACK
6
CONTINUOUS
10
5.6981924803149608
20
-3.6168016141732284
11
5.6980352362204725
21
-3.6166965354330709
0
LINE
8
BLACK
6
CONTINUOUS
10
5.6980352362204725
20
-3.6166965354330709
11
5.6972853543307087
21
-3.6159466535433071
0
LINE
8
BLACK
6
CONTINUOUS
10
5.6972853543307087
20
-3.6159466535433071
11
5.6971801574803145
21
-3.6157891732283463
0
LINE
8
BLACK
6
CONTINUOUS
10
5.6971801574803145
20
-3.6157891732283463
11
5.6970641338582677
21
-3.6156397244094487
0
LINE
8
BLACK
6
CONTINUOUS
10
5.6970641338582677
20
-3.6156397244094487
11
5.6963142125984252
21
-3.6141399212598424
0
LINE
8
BLACK
6
CONTINUOUS
10
5.6963142125984252
20
-3.6141399212598424
11
5.6962985826771648
21
-3.6140828346456693
0
LINE
8
BLACK
6
CONTINUOUS
10
5.6962985826771648
20
-3.6140828346456693
11
5.6962794488188973
21
-3.6140637007874017
0
LINE
8
BLACK
6
CONTINUOUS
10
5.6962794488188973
20
-3.6140637007874017
11
5.6962424803149609
21
-3.6138779133858265
0
LINE
8
BLACK
6
CONTINUOUS
10
5.6962424803149609
20
-3.6138779133858265
11
5.6961925196850389
21
-3.6136953937007874
0
LINE
8
BLACK
6
CONTINUOUS
10
5.6961925196850389
20
-3.6136953937007874
11
5.6962010629921256
21
-3.6136697244094487
0
LINE
8
BLACK
6
CONTINUOUS
10
5.6962010629921256
20
-3.6136697244094487
11
5.6961895275590546
21
-3.6136116929133859
0
LINE
8
BLACK
6
CONTINUOUS
10
5.6961895275590546
20
-3.6136116929133859
11
5.6961895275590546
21
-3.607612440944882
0
LINE
8
BLACK
6
CONTINUOUS
10
5.6961895275590546
20
-3.607612440944882
11
5.6962177559055114
21
-3.607470433070866
0
LINE
8
BLACK
6
CONTINUOUS
10
5.6962177559055114
20
-3.607470433070866
11
5.6962248031496063
21
-3.6073259842519683
0
LINE
8
BLACK
6
CONTINUOUS
10
5.6962248031496063
20
-3.6073259842519683
11
5.6969747244094489
21
-3.6043263385826769
0
LINE
8
BLACK
6
CONTINUOUS
10
5.6969747244094489
20
-3.6043263385826769
11
5.6970606692913384
21
-3.6041443700787399
0
LINE
8
BLACK
6
CONTINUOUS
10
5.6970606692913384
20
-3.6041443700787399
11
5.6971377952755908
21
-3.6039576377952756
0
LINE
8
BLACK
6
CONTINUOUS
10
5.6971377952755908
20
-3.6039576377952756
11
5.6986375984251971
21
-3.6017079133858267
0
LINE
8
BLACK
6
CONTINUOUS
10
5.6986375984251971
20
-3.6017079133858267
11
5.6987202755905511
21
-3.6016249999999999
0
LINE
8
BLACK
6
CONTINUOUS
10
5.6987202755905511
20
-3.6016249999999999
11
5.6987851968503938
21
-3.6015279133858269
0
LINE
8
BLACK
6
CONTINUOUS
10
5.6987851968503938
20
-3.6015279133858269
11
5.6995350787401575
21
-3.6007779921259844
0
LINE
8
BLACK
6
CONTINUOUS
10
5.6995350787401575
20
-3.6007779921259844
11
5.69969279527559
21
-3.6006725984251968
0
LINE
8
BLACK
6
CONTINUOUS
10
5.69969279527559
20
-3.6006725984251968
11
5.6998420472440943
21
-3.6005567716535434
0
LINE
8
BLACK
6
CONTINUOUS
10
5.6998420472440943
20
-3.6005567716535434
11
5.7013418897637793
21
-3.5998068503937009
0
LINE
8
BLACK
6
CONTINUOUS
10
5.7013418897637793
20
-3.5998068503937009
11
5.7013988976377954
21
-3.5997912204724409
0
LINE
8
BLACK
6
CONTINUOUS
10
5.7013988976377954
20
-3.5997912204724409
11
5.7014180708661417
21
-3.5997720866141734
0
LINE
8
BLACK
6
CONTINUOUS
10
5.7014180708661417
20
-3.5997720866141734
11
5.7016035433070869
21
-3.5997351574803149
0
LINE
8
BLACK
6
CONTINUOUS
10
5.7016035433070869
20
-3.5997351574803149
11
5.7017863779527556
21
-3.5996851181102363
0
LINE
8
BLACK
6
CONTINUOUS
10
5.7017863779527556
20
-3.5996851181102363
11
5.701812086614173
21
-3.5996936614173229
0
LINE
8
BLACK
6
CONTINUOUS
10
5.701812086614173
20
-3.5996936614173229
11
5.7018700787401571
21
-3.5996821653543307
0
LINE
8
BLACK
6
CONTINUOUS
10
5.7018700787401571
20
-3.5996821653543307
11
5.7048696850393696
21
-3.5996821653543307
0
LINE
8
BLACK
6
CONTINUOUS
10
5.7048696850393696
20
-3.5996821653543307
11
5.7053216929133859
21
-3.5997720866141734
0
LINE
8
BLACK
6
CONTINUOUS
10
5.6995700393700783
20
-3.6085831496062992
11
5.6990912204724404
21
-3.6090619291338584
0
LINE
8
BLACK
6
CONTINUOUS
10
5.6990912204724404
20
-3.6090619291338584
11
5.6985517322834642
21
-3.6101409842519683
0
LINE
8
BLACK
6
CONTINUOUS
10
5.6985517322834642
20
-3.6101409842519683
11
5.6985517322834642
21
-3.6133328346456692
0
LINE
8
BLACK
6
CONTINUOUS
10
5.6985517322834642
20
-3.6133328346456692
11
5.6990912204724404
21
-3.6144118110236221
0
LINE
8
BLACK
6
CONTINUOUS
10
5.6990912204724404
20
-3.6144118110236221
11
5.6995701181102358
21
-3.6148907480314958
0
LINE
8
BLACK
6
CONTINUOUS
10
5.6995701181102358
20
-3.6148907480314958
11
5.7006490551181104
21
-3.6154301968503937
0
LINE
8
BLACK
6
CONTINUOUS
10
5.7006490551181104
20
-3.6154301968503937
11
5.7030910629921259
21
-3.6154301968503937
0
LINE
8
BLACK
6
CONTINUOUS
10
5.7030910629921259
20
-3.6154301968503937
11
5.704170078740157
21
-3.6148906692913383
0
LINE
8
BLACK
6
CONTINUOUS
10
5.704170078740157
20
-3.6148906692913383
11
5.7046488582677162
21
-3.6144118897637796
0
LINE
8
BLACK
6
CONTINUOUS
10
5.7046488582677162
20
-3.6144118897637796
11
5.7051883858267711
21
-3.613332874015748
0
LINE
8
BLACK
6
CONTINUOUS
10
5.7051883858267711
20
-3.613332874015748
11
5.7051883858267711
21
-3.6101409448818895
0
LINE
8
BLACK
6
CONTINUOUS
10
5.7051883858267711
20
-3.6101409448818895
11
5.7046488976377949
21
-3.6090620078740159
0
LINE
8
BLACK
6
CONTINUOUS
10
5.7046488976377949
20
-3.6090620078740159
11
5.7041699999999995
21
-3.6085831102362205
0
LINE
8
BLACK
6
CONTINUOUS
10
5.7041699999999995
20
-3.6085831102362205
11
5.7030910236220471
21
-3.6080436220472438
0
LINE
8
BLACK
6
CONTINUOUS
10
5.7030910236220471
20
-3.6080436220472438
11
5.7006490944881891
21
-3.6080436220472438
0
LINE
8
BLACK
6
CONTINUOUS
10
5.7006490944881891
20
-3.6080436220472438
11
5.6995700393700783
21
-3.6085831496062992
0
LINE
8
BLACK
6
CONTINUOUS
10
5.6884298031496066
20
-3.5996937007874017
11
5.6884554724409444
21
-3.599685157480315
0
LINE
8
BLACK
6
CONTINUOUS
10
5.6884554724409444
20
-3.599685157480315
11
5.688637992125984
21
-3.5997351181102362
0
LINE
8
BLACK
6
CONTINUOUS
10
5.688637992125984
20
-3.5997351181102362
11
5.6888237795275591
21
-3.5997720866141734
0
LINE
8
BLACK
6
CONTINUOUS
10
5.6888237795275591
20
-3.5997720866141734
11
5.6888429133858267
21
-3.5997912204724409
0
LINE
8
BLACK
6
CONTINUOUS
10
5.6888429133858267
20
-3.5997912204724409
11
5.6889000000000003
21
-3.5998068503937009
0
LINE
8
BLACK
6
CONTINUOUS
10
5.6889000000000003
20
-3.5998068503937009
11
5.6903998031496066
21
-3.6005567716535434
0
LINE
8
BLACK
6
CONTINUOUS
10
5.6903998031496066
20
-3.6005567716535434
11
5.690549527559055
21
-3.6006729921259844
0
LINE
8
BLACK
6
CONTINUOUS
10
5.690549527559055
20
-3.6006729921259844
11
5.6907067322834646
21
-3.6007780314960631
0
LINE
8
BLACK
6
CONTINUOUS
10
5.6907067322834646
20
-3.6007780314960631
11
5.6914566535433071
21
-3.6015279133858269
0
LINE
8
BLACK
6
CONTINUOUS
10
5.6914566535433071
20
-3.6015279133858269
11
5.6915620078740154
21
-3.6016856299212598
0
LINE
8
BLACK
6
CONTINUOUS
10
5.6915620078740154
20
-3.6016856299212598
11
5.6916778740157481
21
-3.6018348818897636
0
LINE
8
BLACK
6
CONTINUOUS
10
5.6916778740157481
20
-3.6018348818897636
11
5.6924277952755906
21
-3.6033347244094487
0
LINE
8
BLACK
6
CONTINUOUS
10
5.6924277952755906
20
-3.6033347244094487
11
5.6924433858267713
21
-3.6033917322834643
0
LINE
8
BLACK
6
CONTINUOUS
10
5.6924433858267713
20
-3.6033917322834643
11
5.6924625590551177
21
-3.6034109055118111
0
LINE
8
BLACK
6
CONTINUOUS
10
5.6924625590551177
20
-3.6034109055118111
11
5.6924994488188974
21
-3.6035963779527558
0
LINE
8
BLACK
6
CONTINUOUS
10
5.6924994488188974
20
-3.6035963779527558
11
5.6925495275590547
21
-3.6037792125984249
0
LINE
8
BLACK
6
CONTINUOUS
10
5.6925495275590547
20
-3.6037792125984249
11
5.6925409448818893
21
-3.6038049212598424
0
LINE
8
BLACK
6
CONTINUOUS
10
5.6925409448818893
20
-3.6038049212598424
11
5.6925524803149603
21
-3.6038629133858269
0
LINE
8
BLACK
6
CONTINUOUS
10
5.6925524803149603
20
-3.6038629133858269
11
5.6925524803149603
21
-3.6061125984251969
0
LINE
8
BLACK
6
CONTINUOUS
10
5.6925524803149603
20
-3.6061125984251969
11
5.6925409448818893
21
-3.6061705511811022
0
LINE
8
BLACK
6
CONTINUOUS
10
5.6925409448818893
20
-3.6061705511811022
11
5.6925495275590547
21
-3.6061962992125984
0
LINE
8
BLACK
6
CONTINUOUS
10
5.6925495275590547
20
-3.6061962992125984
11
5.6924994488188974
21
-3.6063790944881888
0
LINE
8
BLACK
6
CONTINUOUS
10
5.6924994488188974
20
-3.6063790944881888
11
5.6924625590551177
21
-3.6065646062992127
0
LINE
8
BLACK
6
CONTINUOUS
10
5.6924625590551177
20
-3.6065646062992127
11
5.6924433858267713
21
-3.6065837401574803
0
LINE
8
BLACK
6
CONTINUOUS
10
5.6924433858267713
20
-3.6065837401574803
11
5.6924277952755906
21
-3.6066407874015747
0
LINE
8
BLACK
6
CONTINUOUS
10
5.6924277952755906
20
-3.6066407874015747
11
5.6916778740157481
21
-3.6081406299212597
0
LINE
8
BLACK
6
CONTINUOUS
10
5.6916778740157481
20
-3.6081406299212597
11
5.6915620078740154
21
-3.6082898425196848
0
LINE
8
BLACK
6
CONTINUOUS
10
5.6915620078740154
20
-3.6082898425196848
11
5.6914566535433071
21
-3.6084475984251969
0
LINE
8
BLACK
6
CONTINUOUS
10
5.6914566535433071
20
-3.6084475984251969
11
5.6907067322834646
21
-3.6091974803149607
0
LINE
8
BLACK
6
CONTINUOUS
10
5.6907067322834646
20
-3.6091974803149607
11
5.690549527559055
21
-3.6093024803149607
0
LINE
8
BLACK
6
CONTINUOUS
10
5.690549527559055
20
-3.6093024803149607
11
5.6903998031496066
21
-3.6094187401574804
0
LINE
8
BLACK
6
CONTINUOUS
10
5.6903998031496066
20
-3.6094187401574804
11
5.6889000000000003
21
-3.610168661417323
0
LINE
8
BLACK
6
CONTINUOUS
10
5.6889000000000003
20
-3.610168661417323
11
5.6888429133858267
21
-3.6101842519685037
0
LINE
8
BLACK
6
CONTINUOUS
10
5.6888429133858267
20
-3.6101842519685037
11
5.6888237795275591
21
-3.6102034251968504
0
LINE
8
BLACK
6
CONTINUOUS
10
5.6888237795275591
20
-3.6102034251968504
11
5.688637992125984
21
-3.6102403543307084
0
LINE
8
BLACK
6
CONTINUOUS
10
5.688637992125984
20
-3.6102403543307084
11
5.6884554724409444
21
-3.6102903543307088
0
LINE
8
BLACK
6
CONTINUOUS
10
5.6884554724409444
20
-3.6102903543307088
11
5.6884298031496066
21
-3.6102817716535434
0
LINE
8
BLACK
6
CONTINUOUS
10
5.6884298031496066
20
-3.6102817716535434
11
5.6883882283464562
21
-3.6102900393700788
0
LINE
8
BLACK
6
CONTINUOUS
10
5.6883882283464562
20
-3.6102900393700788
11
5.6923389763779531
21
-3.6159339763779528
0
LINE
8
BLACK
6
CONTINUOUS
10
5.6923389763779531
20
-3.6159339763779528
11
5.6925244881889761
21
-3.6163558267716533
0
LINE
8
BLACK
6
CONTINUOUS
10
5.6925244881889761
20
-3.6163558267716533
11
5.6923674015748027
21
-3.6172460236220472
0
LINE
8
BLACK
6
CONTINUOUS
10
5.6923674015748027
20
-3.6172460236220472
11
5.6916268110236219
21
-3.6177644094488186
0
LINE
8
BLACK
6
CONTINUOUS
10
5.6916268110236219
20
-3.6177644094488186
11
5.6907366535433068
21
-3.6176073228346457
0
LINE
8
BLACK
6
CONTINUOUS
10
5.6907366535433068
20
-3.6176073228346457
11
5.6904037795275588
21
-3.6172885826771655
0
LINE
8
BLACK
6
CONTINUOUS
10
5.6904037795275588
20
-3.6172885826771655
11
5.685507086614173
21
-3.6102933464566926
0
LINE
8
BLACK
6
CONTINUOUS
10
5.685507086614173
20
-3.6102933464566926
11
5.6835536220472438
21
-3.6102933464566926
0
LINE
8
BLACK
6
CONTINUOUS
10
5.6835536220472438
20
-3.6102933464566926
11
5.6835536220472438
21
-3.6166112992125985
0
LINE
8
BLACK
6
CONTINUOUS
10
5.6835536220472438
20
-3.6166112992125985
11
5.6834637007874012
21
-3.6170633070866143
0
LINE
8
BLACK
6
CONTINUOUS
10
5.6834637007874012
20
-3.6170633070866143
11
5.6828245275590552
21
-3.6177024803149607
0
LINE
8
BLACK
6
CONTINUOUS
10
5.6828245275590552
20
-3.6177024803149607
11
5.6819205118110236
21
-3.6177024803149607
0
LINE
8
BLACK
6
CONTINUOUS
10
5.6819205118110236
20
-3.6177024803149607
11
5.6812813385826768
21
-3.6170633070866143
0
LINE
8
BLACK
6
CONTINUOUS
10
5.6812813385826768
20
-3.6170633070866143
11
5.6811914173228342
21
-3.6166112992125985
0
LINE
8
BLACK
6
CONTINUOUS
10
5.6811914173228342
20
-3.6166112992125985
11
5.6811914173228342
21
-3.6008632677165355
0
LINE
8
BLACK
6
CONTINUOUS
10
5.6811914173228342
20
-3.6008632677165355
11
5.6812813385826768
21
-3.6004112598425198
0
LINE
8
BLACK
6
CONTINUOUS
10
5.6812813385826768
20
-3.6004112598425198
11
5.6819205118110236
21
-3.5997720866141734
0
LINE
8
BLACK
6
CONTINUOUS
10
5.6819205118110236
20
-3.5997720866141734
11
5.682372519685039
21
-3.5996821653543307
0
LINE
8
BLACK
6
CONTINUOUS
10
5.682372519685039
20
-3.5996821653543307
11
5.6883717716535429
21
-3.5996821653543307
0
LINE
8
BLACK
6
CONTINUOUS
10
5.6883717716535429
20
-3.5996821653543307
11
5.6884298031496066
21
-3.5996937007874017
0
LINE
8
BLACK
6
CONTINUOUS
10
5.6835536220472438
20
-3.6079311417322835
11
5.6880929133858267
21
-3.6079311417322835
0
LINE
8
BLACK
6
CONTINUOUS
10
5.6880929133858267
20
-3.6079311417322835
11
5.6891719291338578
21
-3.6073916141732281
0
LINE
8
BLACK
6
CONTINUOUS
10
5.6891719291338578
20
-3.6073916141732281
11
5.6896507480314957
21
-3.6069127559055119
0
LINE
8
BLACK
6
CONTINUOUS
10
5.6896507480314957
20
-3.6069127559055119
11
5.6901902755905507
21
-3.6058337401574803
0
LINE
8
BLACK
6
CONTINUOUS
10
5.6901902755905507
20
-3.6058337401574803
11
5.6901902755905507
21
-3.6041417322834643
0
LINE
8
BLACK
6
CONTINUOUS
10
5.6901902755905507
20
-3.6041417322834643
11
5.6896507480314957
21
-3.6030627165354332
0
LINE
8
BLACK
6
CONTINUOUS
10
5.6896507480314957
20
-3.6030627165354332
11
5.6891719291338578
21
-3.6025838582677165
0
LINE
8
BLACK
6
CONTINUOUS
10
5.6891719291338578
20
-3.6025838582677165
11
5.6880929133858267
21
-3.6020443700787399
0
LINE
8
BLACK
6
CONTINUOUS
10
5.6880929133858267
20
-3.6020443700787399
11
5.6835536220472438
21
-3.6020443700787399
0
LINE
8
BLACK
6
CONTINUOUS
10
5.6835536220472438
20
-3.6020443700787399
11
5.6835536220472438
21
-3.6079311417322835
0
LINE
8
BLACK
6
CONTINUOUS
10
5.7262454330708659
20
-3.5918821259842519
11
5.7273107874015743
21
-3.5929474803149604
0
LINE
8
BLACK
6
CONTINUOUS
10
5.7273107874015743
20
-3.5929474803149604
11
5.7274606299212598
21
-3.5937007874015747
0
LINE
8
BLACK
6
CONTINUOUS
10
5.7274606299212598
20
-3.5937007874015747
11
5.7274606299212598
21
-3.6251968503937007
0
LINE
8
BLACK
6
CONTINUOUS
10
5.7274606299212598
20
-3.6251968503937007
11
5.7273107874015743
21
-3.625950157480315
0
LINE
8
BLACK
6
CONTINUOUS
10
5.7273107874015743
20
-3.625950157480315
11
5.7262454330708659
21
-3.6270155118110234
0
LINE
8
BLACK
6
CONTINUOUS
10
5.7262454330708659
20
-3.6270155118110234
11
5.7254921259842515
21
-3.6271653543307085
0
LINE
8
BLACK
6
CONTINUOUS
10
5.7254921259842515
20
-3.6271653543307085
11
5.6624999999999996
21
-3.6271653543307085
0
LINE
8
BLACK
6
CONTINUOUS
10
5.6624999999999996
20
-3.6271653543307085
11
5.6617466929133853
21
-3.6270155118110234
0
LINE
8
BLACK
6
CONTINUOUS
10
5.6617466929133853
20
-3.6270155118110234
11
5.6606813385826769
21
-3.625950157480315
0
LINE
8
BLACK
6
CONTINUOUS
10
5.6606813385826769
20
-3.625950157480315
11
5.6605314960629922
21
-3.6251968503937007
0
LINE
8
BLACK
6
CONTINUOUS
10
5.6605314960629922
20
-3.6251968503937007
11
5.6605314960629922
21
-3.5937007874015747
0
LINE
8
BLACK
6
CONTINUOUS
10
5.6605314960629922
20
-3.5937007874015747
11
5.6606813385826769
21
-3.5929474803149604
0
LINE
8
BLACK
6
CONTINUOUS
10
5.6606813385826769
20
-3.5929474803149604
11
5.6617466929133853
21
-3.5918821259842519
0
LINE
8
BLACK
6
CONTINUOUS
10
5.6617466929133853
20
-3.5918821259842519
11
5.6624999999999996
21
-3.5917322834645669
0
LINE
8
BLACK
6
CONTINUOUS
10
5.6624999999999996
20
-3.5917322834645669
11
5.7254921259842515
21
-3.5917322834645669
0
LINE
8
BLACK
6
CONTINUOUS
10
5.7254921259842515
20
-3.5917322834645669
11
5.7262454330708659
21
-3.5918821259842519
0
LINE
8
BLACK
6
CONTINUOUS
10
5.664468503937008
20
-3.5956692913385826
11
5.664468503937008
21
-3.6232283464566928
0
LINE
8
BLACK
6
CONTINUOUS
10
5.664468503937008
20
-3.6232283464566928
11
5.7235236220472441
21
-3.6232283464566928
0
LINE
8
BLACK
6
CONTINUOUS
10
5.7235236220472441
20
-3.6232283464566928
11
5.7235236220472441
21
-3.5956692913385826
0
LINE
8
BLACK
6
CONTINUOUS
10
5.7235236220472441
20
-3.5956692913385826
11
5.664468503937008
21
-3.5956692913385826
0
LINE
8
BLACK
6
CONTINUOUS
10
5.8532905905511807
20
-3.5996840944881887
11
5.8532951968503939
21
-3.599682283464567
0
LINE
8
BLACK
6
CONTINUOUS
10
5.8532951968503939
20
-3.599682283464567
11
5.8533071259842515
21
-3.5996873622047243
0
LINE
8
BLACK
6
CONTINUOUS
10
5.8533071259842515
20
-3.5996873622047243
11
5.853732834645669
21
-3.5997720866141734
0
LINE
8
BLACK
6
CONTINUOUS
10
5.853732834645669
20
-3.5997720866141734
11
5.8539038582677163
21
-3.5999431102362203
0
LINE
8
BLACK
6
CONTINUOUS
10
5.8539038582677163
20
-3.5999431102362203
11
5.8541261417322836
21
-3.6000383858267715
0
LINE
8
BLACK
6
CONTINUOUS
10
5.8541261417322836
20
-3.6000383858267715
11
5.8542107874015743
21
-3.6002500393700787
0
LINE
8
BLACK
6
CONTINUOUS
10
5.8542107874015743
20
-3.6002500393700787
11
5.8543720078740158
21
-3.6004112598425198
0
LINE
8
BLACK
6
CONTINUOUS
10
5.8543720078740158
20
-3.6004112598425198
11
5.8543720078740158
21
-3.600653031496063
0
LINE
8
BLACK
6
CONTINUOUS
10
5.8543720078740158
20
-3.600653031496063
11
5.8544618503937009
21
-3.6008776377952754
0
LINE
8
BLACK
6
CONTINUOUS
10
5.8544618503937009
20
-3.6008776377952754
11
5.8543720078740158
21
-3.6013021259842519
0
LINE
8
BLACK
6
CONTINUOUS
10
5.8543720078740158
20
-3.6013021259842519
11
5.8543720078740158
21
-3.6013152755905513
0
LINE
8
BLACK
6
CONTINUOUS
10
5.8543720078740158
20
-3.6013152755905513
11
5.8543684645669289
21
-3.601318779527559
0
LINE
8
BLACK
6
CONTINUOUS
10
5.8543684645669289
20
-3.601318779527559
11
5.8543664173228347
21
-3.6013285433070865
0
LINE
8
BLACK
6
CONTINUOUS
10
5.8543664173228347
20
-3.6013285433070865
11
5.8476172440944882
21
-3.6170765748031495
0
LINE
8
BLACK
6
CONTINUOUS
10
5.8476172440944882
20
-3.6170765748031495
11
5.8473565354330708
21
-3.6174566141732281
0
LINE
8
BLACK
6
CONTINUOUS
10
5.8473565354330708
20
-3.6174566141732281
11
5.8465172834645669
21
-3.6177923228346458
0
LINE
8
BLACK
6
CONTINUOUS
10
5.8465172834645669
20
-3.6177923228346458
11
5.8456863385826772
21
-3.6174361811023621
0
LINE
8
BLACK
6
CONTINUOUS
10
5.8456863385826772
20
-3.6174361811023621
11
5.8453506299212599
21
-3.6165969291338582
0
LINE
8
BLACK
6
CONTINUOUS
10
5.8453506299212599
20
-3.6165969291338582
11
5.8454460629921261
21
-3.6161460236220471
0
LINE
8
BLACK
6
CONTINUOUS
10
5.8454460629921261
20
-3.6161460236220471
11
5.8514896456692913
21
-3.6020443700787399
0
LINE
8
BLACK
6
CONTINUOUS
10
5.8514896456692913
20
-3.6020443700787399
11
5.8427821259842521
21
-3.6020443700787399
0
LINE
8
BLACK
6
CONTINUOUS
10
5.8427821259842521
20
-3.6020443700787399
11
5.8423301181102358
21
-3.6019544488188977
0
LINE
8
BLACK
6
CONTINUOUS
10
5.8423301181102358
20
-3.6019544488188977
11
5.8416909448818899
21
-3.6013152755905513
0
LINE
8
BLACK
6
CONTINUOUS
10
5.8416909448818899
20
-3.6013152755905513
11
5.8416909448818899
21
-3.6004112598425198
0
LINE
8
BLACK
6
CONTINUOUS
10
5.8416909448818899
20
-3.6004112598425198
11
5.8423301181102358
21
-3.5997720866141734
0
LINE
8
BLACK
6
CONTINUOUS
10
5.8423301181102358
20
-3.5997720866141734
11
5.8427821259842521
21
-3.5996821653543307
0
LINE
8
BLACK
6
CONTINUOUS
10
5.8427821259842521
20
-3.5996821653543307
11
5.8532808267716536
21
-3.5996821653543307
0
LINE
8
BLACK
6
CONTINUOUS
10
5.8532808267716536
20
-3.5996821653543307
11
5.8532905905511807
21
-3.5996840944881887
0
LINE
8
BLACK
6
CONTINUOUS
10
5.8345912204724408
20
-3.5996937007874017
11
5.8346168897637796
21
-3.599685157480315
0
LINE
8
BLACK
6
CONTINUOUS
10
5.8346168897637796
20
-3.599685157480315
11
5.8347994094488191
21
-3.5997351181102362
0
LINE
8
BLACK
6
CONTINUOUS
10
5.8347994094488191
20
-3.5997351181102362
11
5.8349851968503934
21
-3.5997720866141734
0
LINE
8
BLACK
6
CONTINUOUS
10
5.8349851968503934
20
-3.5997720866141734
11
5.835004330708661
21
-3.5997912204724409
0
LINE
8
BLACK
6
CONTINUOUS
10
5.835004330708661
20
-3.5997912204724409
11
5.8350614173228346
21
-3.5998068503937009
0
LINE
8
BLACK
6
CONTINUOUS
10
5.8350614173228346
20
-3.5998068503937009
11
5.8365612204724409
21
-3.6005567716535434
0
LINE
8
BLACK
6
CONTINUOUS
10
5.8365612204724409
20
-3.6005567716535434
11
5.8367109448818892
21
-3.6006729921259844
0
LINE
8
BLACK
6
CONTINUOUS
10
5.8367109448818892
20
-3.6006729921259844
11
5.8368681496062989
21
-3.6007780314960631
0
LINE
8
BLACK
6
CONTINUOUS
10
5.8368681496062989
20
-3.6007780314960631
11
5.8376180708661414
21
-3.6015279133858269
0
LINE
8
BLACK
6
CONTINUOUS
10
5.8376180708661414
20
-3.6015279133858269
11
5.8377234251968506
21
-3.6016856299212598
0
LINE
8
BLACK
6
CONTINUOUS
10
5.8377234251968506
20
-3.6016856299212598
11
5.8378392913385824
21
-3.6018348818897636
0
LINE
8
BLACK
6
CONTINUOUS
10
5.8378392913385824
20
-3.6018348818897636
11
5.8385892125984249
21
-3.6033347244094487
0
LINE
8
BLACK
6
CONTINUOUS
10
5.8385892125984249
20
-3.6033347244094487
11
5.8386048031496065
21
-3.6033917322834643
0
LINE
8
BLACK
6
CONTINUOUS
10
5.8386048031496065
20
-3.6033917322834643
11
5.8386239763779528
21
-3.6034109055118111
0
LINE
8
BLACK
6
CONTINUOUS
10
5.8386239763779528
20
-3.6034109055118111
11
5.8386608661417325
21
-3.6035963779527558
0
LINE
8
BLACK
6
CONTINUOUS
10
5.8386608661417325
20
-3.6035963779527558
11
5.8387109448818899
21
-3.6037792125984249
0
LINE
8
BLACK
6
CONTINUOUS
10
5.8387109448818899
20
-3.6037792125984249
11
5.8387023622047245
21
-3.6038049212598424
0
LINE
8
BLACK
6
CONTINUOUS
10
5.8387023622047245
20
-3.6038049212598424
11
5.8387138976377955
21
-3.6038629133858269
0
LINE
8
BLACK
6
CONTINUOUS
10
5.8387138976377955
20
-3.6038629133858269
11
5.8387138976377955
21
-3.6061125984251969
0
LINE
8
BLACK
6
CONTINUOUS
10
5.8387138976377955
20
-3.6061125984251969
11
5.8387023622047245
21
-3.6061705511811022
0
LINE
8
BLACK
6
CONTINUOUS
10
5.8387023622047245
20
-3.6061705511811022
11
5.8387109448818899
21
-3.6061962992125984
0
LINE
8
BLACK
6
CONTINUOUS
10
5.8387109448818899
20
-3.6061962992125984
11
5.8386608661417325
21
-3.6063790944881888
0
LINE
8
BLACK
6
CONTINUOUS
10
5.8386608661417325
20
-3.6063790944881888
11
5.8386239763779528
21
-3.6065646062992127
0
LINE
8
BLACK
6
CONTINUOUS
10
5.8386239763779528
20
-3.6065646062992127
11
5.8386048031496065
21
-3.6065837401574803
0
LINE
8
BLACK
6
CONTINUOUS
10
5.8386048031496065
20
-3.6065837401574803
11
5.8385892125984249
21
-3.6066407874015747
0
LINE
8
BLACK
6
CONTINUOUS
10
5.8385892125984249
20
-3.6066407874015747
11
5.8378392913385824
21
-3.6081406299212597
0
LINE
8
BLACK
6
CONTINUOUS
10
5.8378392913385824
20
-3.6081406299212597
11
5.8377234251968506
21
-3.6082898425196848
0
LINE
8
BLACK
6
CONTINUOUS
10
5.8377234251968506
20
-3.6082898425196848
11
5.8376180708661414
21
-3.6084475984251969
0
LINE
8
BLACK
6
CONTINUOUS
10
5.8376180708661414
20
-3.6084475984251969
11
5.8368681496062989
21
-3.6091974803149607
0
LINE
8
BLACK
6
CONTINUOUS
10
5.8368681496062989
20
-3.6091974803149607
11
5.8367109448818892
21
-3.6093024803149607
0
LINE
8
BLACK
6
CONTINUOUS
10
5.8367109448818892
20
-3.6093024803149607
11
5.8365612204724409
21
-3.6094187401574804
0
LINE
8
BLACK
6
CONTINUOUS
10
5.8365612204724409
20
-3.6094187401574804
11
5.8350614173228346
21
-3.610168661417323
0
LINE
8
BLACK
6
CONTINUOUS
10
5.8350614173228346
20
-3.610168661417323
11
5.835004330708661
21
-3.6101842519685037
0
LINE
8
BLACK
6
CONTINUOUS
10
5.835004330708661
20
-3.6101842519685037
11
5.8349851968503934
21
-3.6102034251968504
0
LINE
8
BLACK
6
CONTINUOUS
10
5.8349851968503934
20
-3.6102034251968504
11
5.8347994094488191
21
-3.6102403543307084
0
LINE
8
BLACK
6
CONTINUOUS
10
5.8347994094488191
20
-3.6102403543307084
11
5.8346168897637796
21
-3.6102903543307088
0
LINE
8
BLACK
6
CONTINUOUS
10
5.8346168897637796
20
-3.6102903543307088
11
5.8345912204724408
21
-3.6102817716535434
0
LINE
8
BLACK
6
CONTINUOUS
10
5.8345912204724408
20
-3.6102817716535434
11
5.8345496456692914
21
-3.6102900393700788
0
LINE
8
BLACK
6
CONTINUOUS
10
5.8345496456692914
20
-3.6102900393700788
11
5.8385003937007873
21
-3.6159339763779528
0
LINE
8
BLACK
6
CONTINUOUS
10
5.8385003937007873
20
-3.6159339763779528
11
5.8386859055118112
21
-3.6163558267716533
0
LINE
8
BLACK
6
CONTINUOUS
10
5.8386859055118112
20
-3.6163558267716533
11
5.8385288188976379
21
-3.6172460236220472
0
LINE
8
BLACK
6
CONTINUOUS
10
5.8385288188976379
20
-3.6172460236220472
11
5.8377882283464562
21
-3.6177644094488186
0
LINE
8
BLACK
6
CONTINUOUS
10
5.8377882283464562
20
-3.6177644094488186
11
5.836898070866142
21
-3.6176073228346457
0
LINE
8
BLACK
6
CONTINUOUS
10
5.836898070866142
20
-3.6176073228346457
11
5.836565196850394
21
-3.6172885826771655
0
LINE
8
BLACK
6
CONTINUOUS
10
5.836565196850394
20
-3.6172885826771655
11
5.8316685039370073
21
-3.6102933464566926
0
LINE
8
BLACK
6
CONTINUOUS
10
5.8316685039370073
20
-3.6102933464566926
11
5.829715039370079
21
-3.6102933464566926
0
LINE
8
BLACK
6
CONTINUOUS
10
5.829715039370079
20
-3.6102933464566926
11
5.829715039370079
21
-3.6166112992125985
0
LINE
8
BLACK
6
CONTINUOUS
10
5.829715039370079
20
-3.6166112992125985
11
5.8296251181102363
21
-3.6170633070866143
0
LINE
8
BLACK
6
CONTINUOUS
10
5.8296251181102363
20
-3.6170633070866143
11
5.8289859448818895
21
-3.6177024803149607
0
LINE
8
BLACK
6
CONTINUOUS
10
5.8289859448818895
20
-3.6177024803149607
11
5.8280819291338579
21
-3.6177024803149607
0
LINE
8
BLACK
6
CONTINUOUS
10
5.8280819291338579
20
-3.6177024803149607
11
5.827442755905512
21
-3.6170633070866143
0
LINE
8
BLACK
6
CONTINUOUS
10
5.827442755905512
20
-3.6170633070866143
11
5.8273528346456693
21
-3.6166112992125985
0
LINE
8
BLACK
6
CONTINUOUS
10
5.8273528346456693
20
-3.6166112992125985
11
5.8273528346456693
21
-3.6008632677165355
0
LINE
8
BLACK
6
CONTINUOUS
10
5.8273528346456693
20
-3.6008632677165355
11
5.827442755905512
21
-3.6004112598425198
0
LINE
8
BLACK
6
CONTINUOUS
10
5.827442755905512
20
-3.6004112598425198
11
5.8280819291338579
21
-3.5997720866141734
0
LINE
8
BLACK
6
CONTINUOUS
10
5.8280819291338579
20
-3.5997720866141734
11
5.8285339370078741
21
-3.5996821653543307
0
LINE
8
BLACK
6
CONTINUOUS
10
5.8285339370078741
20
-3.5996821653543307
11
5.8345331889763781
21
-3.5996821653543307
0
LINE
8
BLACK
6
CONTINUOUS
10
5.8345331889763781
20
-3.5996821653543307
11
5.8345912204724408
21
-3.5996937007874017
0
LINE
8
BLACK
6
CONTINUOUS
10
5.829715039370079
20
-3.6079311417322835
11
5.834254330708661
21
-3.6079311417322835
0
LINE
8
BLACK
6
CONTINUOUS
10
5.834254330708661
20
-3.6079311417322835
11
5.835333346456693
21
-3.6073916141732281
0
LINE
8
BLACK
6
CONTINUOUS
10
5.835333346456693
20
-3.6073916141732281
11
5.8358121653543309
21
-3.6069127559055119
0
LINE
8
BLACK
6
CONTINUOUS
10
5.8358121653543309
20
-3.6069127559055119
11
5.8363516929133858
21
-3.6058337401574803
0
LINE
8
BLACK
6
CONTINUOUS
10
5.8363516929133858
20
-3.6058337401574803
11
5.8363516929133858
21
-3.6041417322834643
0
LINE
8
BLACK
6
CONTINUOUS
10
5.8363516929133858
20
-3.6041417322834643
11
5.8358121653543309
21
-3.6030627165354332
0
LINE
8
BLACK
6
CONTINUOUS
10
5.8358121653543309
20
-3.6030627165354332
11
5.835333346456693
21
-3.6025838582677165
0
LINE
8
BLACK
6
CONTINUOUS
10
5.835333346456693
20
-3.6025838582677165
11
5.834254330708661
21
-3.6020443700787399
0
LINE
8
BLACK
6
CONTINUOUS
10
5.834254330708661
20
-3.6020443700787399
11
5.829715039370079
21
-3.6020443700787399
0
LINE
8
BLACK
6
CONTINUOUS
10
5.829715039370079
20
-3.6020443700787399
11
5.829715039370079
21
-3.6079311417322835
0
LINE
8
BLACK
6
CONTINUOUS
10
5.872406850393701
20
-3.5918821259842519
11
5.8734722047244095
21
-3.5929474803149604
0
LINE
8
BLACK
6
CONTINUOUS
10
5.8734722047244095
20
-3.5929474803149604
11
5.8736220472440941
21
-3.5937007874015747
0
LINE
8
BLACK
6
CONTINUOUS
10
5.8736220472440941
20
-3.5937007874015747
11
5.8736220472440941
21
-3.6251968503937007
0
LINE
8
BLACK
6
CONTINUOUS
10
5.8736220472440941
20
-3.6251968503937007
11
5.8734722047244095
21
-3.625950157480315
0
LINE
8
BLACK
6
CONTINUOUS
10
5.8734722047244095
20
-3.625950157480315
11
5.872406850393701
21
-3.6270155118110234
0
LINE
8
BLACK
6
CONTINUOUS
10
5.872406850393701
20
-3.6270155118110234
11
5.8716535433070867
21
-3.6271653543307085
0
LINE
8
BLACK
6
CONTINUOUS
10
5.8716535433070867
20
-3.6271653543307085
11
5.8086614173228348
21
-3.6271653543307085
0
LINE
8
BLACK
6
CONTINUOUS
10
5.8086614173228348
20
-3.6271653543307085
11
5.8079081102362204
21
-3.6270155118110234
0
LINE
8
BLACK
6
CONTINUOUS
10
5.8079081102362204
20
-3.6270155118110234
11
5.806842755905512
21
-3.625950157480315
0
LINE
8
BLACK
6
CONTINUOUS
10
5.806842755905512
20
-3.625950157480315
11
5.8066929133858265
21
-3.6251968503937007
0
LINE
8
BLACK
6
CONTINUOUS
10
5.8066929133858265
20
-3.6251968503937007
11
5.8066929133858265
21
-3.5937007874015747
0
LINE
8
BLACK
6
CONTINUOUS
10
5.8066929133858265
20
-3.5937007874015747
11
5.806842755905512
21
-3.5929474803149604
0
LINE
8
BLACK
6
CONTINUOUS
10
5.806842755905512
20
-3.5929474803149604
11
5.8079081102362204
21
-3.5918821259842519
0
LINE
8
BLACK
6
CONTINUOUS
10
5.8079081102362204
20
-3.5918821259842519
11
5.8086614173228348
21
-3.5917322834645669
0
LINE
8
BLACK
6
CONTINUOUS
10
5.8086614173228348
20
-3.5917322834645669
11
5.8716535433070867
21
-3.5917322834645669
0
LINE
8
BLACK
6
CONTINUOUS
10
5.8716535433070867
20
-3.5917322834645669
11
5.872406850393701
21
-3.5918821259842519
0
LINE
8
BLACK
6
CONTINUOUS
10
5.8106299212598422
20
-3.5956692913385826
11
5.8106299212598422
21
-3.6232283464566928
0
LINE
8
BLACK
6
CONTINUOUS
10
5.8106299212598422
20
-3.6232283464566928
11
5.8696850393700783
21
-3.6232283464566928
0
LINE
8
BLACK
6
CONTINUOUS
10
5.8696850393700783
20
-3.6232283464566928
11
5.8696850393700783
21
-3.5956692913385826
0
LINE
8
BLACK
6
CONTINUOUS
10
5.8696850393700783
20
-3.5956692913385826
11
5.8106299212598422
21
-3.5956692913385826
0
CIRCLE
8
BLACK
10
5.9326771653543302
20
-3.7688976377952756
40
0.0068897637795276
0
CIRCLE
8
BLACK
10
5.6452755905511811
20
-3.9381889763779525
40
0.0068897637795276
0
CIRCLE
8
BLACK
10
5.6452755905511811
20
-3.7688976377952756
40
0.0068897637795276
0
CIRCLE
8
BLACK
10
5.9326771653543302
20
-3.7688976377952756
40
0.0068897637795276
0
CIRCLE
8
BLACK
10
5.6452755905511811
20
-3.9381889763779525
40
0.0068897637795276
0
CIRCLE
8
BLACK
10
5.6452755905511811
20
-3.7688976377952756
40
0.0068897637795276
  0
ENDSEC
  0
EOF
