  0
SECTION
  2
HEADER
  9
$ANGBASE
  50
0.0
  9
$ANGDIR
  70
1
  9
$MEASUREMENT
  70
0
  0
ENDSEC
  0
SECTION
  2
TABLES
  0
TABLE
  2
LTYPE
  70
4
  0
LTYPE
  5
40F
  2
CONTINUOUS
  70
0
  3
Solid line
  72
65
  73
0
  40
0.0
  0
LTYPE
  5
410
  2
DASHDOT
 70
0
  3
Dash Dot ____ _ ____ _
 72
65
 73
4
 40
2.0
 49
1.25
 49
-0.25
 49
0.25
 49
-0.25
  0
LTYPE
  5
411
  2
DASHED
 70
0
  3
Dashed __ __ __ __ __
 72
65
 73
2
 40
0.75
 49
0.5
 49
-0.25
  0
LTYPE
  5
43B
  2
DOTTED
 70
0
  3
Dotted .  .  .  .
 72
65
 73
2
 40
0.2
 49
0.0
 49
-0.2
  0
ENDTAB
  0
TABLE
  2
STYLE
  70
4
  0
STYLE
  2
KICAD
  70
0
  40
0
  41
1
  42
1
  50
0
  71
0
  3
isocp.shx
  0
STYLE
  2
KICADB
  70
0
  40
0
  41
1
  42
1
  50
0
  71
0
  3
isocp.shx
  0
STYLE
  2
KICADI
  70
0
  40
0
  41
1
  42
1
  50
15
  71
0
  3
isocp.shx
  0
STYLE
  2
KICADBI
  70
0
  40
0
  41
1
  42
1
  50
15
  71
0
  3
isocp.shx
  0
ENDTAB
  0
TABLE
  2
LAYER
  70
1
  0
LAYER
  2
BLACK
  70
0
  62
7
  6
CONTINUOUS
  0
ENDTAB
  0
ENDSEC
  0
SECTION
  2
ENTITIES
0
LINE
8
BLACK
6
CONTINUOUS
10
5.7230777559055115
20
-4.0428758661417321
11
5.7232084645669294
21
-4.0429300000000001
0
LINE
8
BLACK
6
CONTINUOUS
10
5.7232084645669294
20
-4.0429300000000001
11
5.7233495669291337
21
-4.0429400393700785
0
LINE
8
BLACK
6
CONTINUOUS
10
5.7233495669291337
20
-4.0429400393700785
11
5.7240703543307081
21
-4.0432158661417326
0
LINE
8
BLACK
6
CONTINUOUS
10
5.7240703543307081
20
-4.0432158661417326
11
5.7288322440944883
21
-4.0455968110236222
0
LINE
8
BLACK
6
CONTINUOUS
10
5.7288322440944883
20
-4.0455968110236222
11
5.7291626377952758
21
-4.0458048031496059
0
LINE
8
BLACK
6
CONTINUOUS
10
5.7291626377952758
20
-4.0458048031496059
11
5.7292588582677162
21
-4.0458446456692911
0
LINE
8
BLACK
6
CONTINUOUS
10
5.7292588582677162
20
-4.0458446456692911
11
5.7293670866141735
21
-4.0459334645669287
0
LINE
8
BLACK
6
CONTINUOUS
10
5.7293670866141735
20
-4.0459334645669287
11
5.729485393700787
21
-4.0460079527559056
0
LINE
8
BLACK
6
CONTINUOUS
10
5.729485393700787
20
-4.0460079527559056
11
5.729553464566929
21
-4.0460864566929136
0
LINE
8
BLACK
6
CONTINUOUS
10
5.729553464566929
20
-4.0460864566929136
11
5.729855433070866
21
-4.0463342913385825
0
LINE
8
BLACK
6
CONTINUOUS
10
5.729855433070866
20
-4.0463342913385825
11
5.7322364173228344
21
-4.0487152362204721
0
LINE
8
BLACK
6
CONTINUOUS
10
5.7322364173228344
20
-4.0487152362204721
11
5.7324841338582679
21
-4.0490170472440941
0
LINE
8
BLACK
6
CONTINUOUS
10
5.7324841338582679
20
-4.0490170472440941
11
5.73256279527559
21
-4.0490852755905511
0
LINE
8
BLACK
6
CONTINUOUS
10
5.73256279527559
20
-4.0490852755905511
11
5.7326373228346457
21
-4.0492037007874018
0
LINE
8
BLACK
6
CONTINUOUS
10
5.7326373228346457
20
-4.0492037007874018
11
5.7327260629921257
21
-4.0493118110236219
0
LINE
8
BLACK
6
CONTINUOUS
10
5.7327260629921257
20
-4.0493118110236219
11
5.7327658267716535
21
-4.0494078740157482
0
LINE
8
BLACK
6
CONTINUOUS
10
5.7327658267716535
20
-4.0494078740157482
11
5.7329739370078743
21
-4.0497384645669294
0
LINE
8
BLACK
6
CONTINUOUS
10
5.7329739370078743
20
-4.0497384645669294
11
5.7353548818897639
21
-4.05450031496063
0
LINE
8
BLACK
6
CONTINUOUS
10
5.7353548818897639
20
-4.05450031496063
11
5.7356307086614171
21
-4.0552211417322832
0
LINE
8
BLACK
6
CONTINUOUS
10
5.7356307086614171
20
-4.0552211417322832
11
5.7356407086614176
21
-4.0553622047244096
0
LINE
8
BLACK
6
CONTINUOUS
10
5.7356407086614176
20
-4.0553622047244096
11
5.7356948818897635
21
-4.0554929527559054
0
LINE
8
BLACK
6
CONTINUOUS
10
5.7356948818897635
20
-4.0554929527559054
11
5.7357705118110234
21
-4.0562610236220475
0
LINE
8
BLACK
6
CONTINUOUS
10
5.7357705118110234
20
-4.0562610236220475
11
5.7357705118110234
21
-4.0681657874015746
0
LINE
8
BLACK
6
CONTINUOUS
10
5.7357705118110234
20
-4.0681657874015746
11
5.7356948818897635
21
-4.0689338582677168
0
LINE
8
BLACK
6
CONTINUOUS
10
5.7356948818897635
20
-4.0689338582677168
11
5.7356407086614176
21
-4.0690645669291339
0
LINE
8
BLACK
6
CONTINUOUS
10
5.7356407086614176
20
-4.0690645669291339
11
5.7356307086614171
21
-4.0692056692913381
0
LINE
8
BLACK
6
CONTINUOUS
10
5.7356307086614171
20
-4.0692056692913381
11
5.7353548818897639
21
-4.0699264566929134
0
LINE
8
BLACK
6
CONTINUOUS
10
5.7353548818897639
20
-4.0699264566929134
11
5.7329739370078743
21
-4.0746883858267715
0
LINE
8
BLACK
6
CONTINUOUS
10
5.7329739370078743
20
-4.0746883858267715
11
5.7327658661417322
21
-4.0750188976377952
0
LINE
8
BLACK
6
CONTINUOUS
10
5.7327658661417322
20
-4.0750188976377952
11
5.7327260629921257
21
-4.075115039370079
0
LINE
8
BLACK
6
CONTINUOUS
10
5.7327260629921257
20
-4.075115039370079
11
5.7326372440944882
21
-4.0752231889763779
0
LINE
8
BLACK
6
CONTINUOUS
10
5.7326372440944882
20
-4.0752231889763779
11
5.73256279527559
21
-4.0753415354330711
0
LINE
8
BLACK
6
CONTINUOUS
10
5.73256279527559
20
-4.0753415354330711
11
5.7324842519685042
21
-4.075409645669291
0
LINE
8
BLACK
6
CONTINUOUS
10
5.7324842519685042
20
-4.075409645669291
11
5.7322364173228344
21
-4.0757116141732279
0
LINE
8
BLACK
6
CONTINUOUS
10
5.7322364173228344
20
-4.0757116141732279
11
5.729855433070866
21
-4.0780925590551176
0
LINE
8
BLACK
6
CONTINUOUS
10
5.729855433070866
20
-4.0780925590551176
11
5.729553464566929
21
-4.0783403543307086
0
LINE
8
BLACK
6
CONTINUOUS
10
5.729553464566929
20
-4.0783403543307086
11
5.729485393700787
21
-4.0784188976377953
0
LINE
8
BLACK
6
CONTINUOUS
10
5.729485393700787
20
-4.0784188976377953
11
5.7293670866141735
21
-4.0784933464566926
0
LINE
8
BLACK
6
CONTINUOUS
10
5.7293670866141735
20
-4.0784933464566926
11
5.7292588582677162
21
-4.0785822047244098
0
LINE
8
BLACK
6
CONTINUOUS
10
5.7292588582677162
20
-4.0785822047244098
11
5.7291626377952758
21
-4.0786220078740154
0
LINE
8
BLACK
6
CONTINUOUS
10
5.7291626377952758
20
-4.0786220078740154
11
5.7288322440944883
21
-4.0788300393700787
0
LINE
8
BLACK
6
CONTINUOUS
10
5.7288322440944883
20
-4.0788300393700787
11
5.7240703543307081
21
-4.0812109842519684
0
LINE
8
BLACK
6
CONTINUOUS
10
5.7240703543307081
20
-4.0812109842519684
11
5.7233495669291337
21
-4.0814868110236215
0
LINE
8
BLACK
6
CONTINUOUS
10
5.7233495669291337
20
-4.0814868110236215
11
5.7232084645669294
21
-4.0814968110236221
0
LINE
8
BLACK
6
CONTINUOUS
10
5.7232084645669294
20
-4.0814968110236221
11
5.7230777559055115
21
-4.0815509842519688
0
LINE
8
BLACK
6
CONTINUOUS
10
5.7230777559055115
20
-4.0815509842519688
11
5.7223096850393702
21
-4.0816266141732287
0
LINE
8
BLACK
6
CONTINUOUS
10
5.7223096850393702
20
-4.0816266141732287
11
5.7127858661417319
21
-4.0816266141732287
0
LINE
8
BLACK
6
CONTINUOUS
10
5.7127858661417319
20
-4.0816266141732287
11
5.7120177952755906
21
-4.0815509842519688
0
LINE
8
BLACK
6
CONTINUOUS
10
5.7120177952755906
20
-4.0815509842519688
11
5.7118870472440948
21
-4.0814968110236221
0
LINE
8
BLACK
6
CONTINUOUS
10
5.7118870472440948
20
-4.0814968110236221
11
5.7117459842519684
21
-4.0814868110236215
0
LINE
8
BLACK
6
CONTINUOUS
10
5.7117459842519684
20
-4.0814868110236215
11
5.7110251574803153
21
-4.0812109842519684
0
LINE
8
BLACK
6
CONTINUOUS
10
5.7110251574803153
20
-4.0812109842519684
11
5.7084773228346455
21
-4.0799370472440941
0
LINE
8
BLACK
6
CONTINUOUS
10
5.7084773228346455
20
-4.0799370472440941
11
5.7092970472440943
21
-4.083215984251968
0
LINE
8
BLACK
6
CONTINUOUS
10
5.7092970472440943
20
-4.083215984251968
11
5.7134644881889765
21
-4.0894671259842514
0
LINE
8
BLACK
6
CONTINUOUS
10
5.7134644881889765
20
-4.0894671259842514
11
5.7151179527559055
21
-4.0911206299212601
0
LINE
8
BLACK
6
CONTINUOUS
10
5.7151179527559055
20
-4.0911206299212601
11
5.718477204724409
21
-4.0928002362204721
0
LINE
8
BLACK
6
CONTINUOUS
10
5.718477204724409
20
-4.0928002362204721
11
5.7270715748031495
21
-4.0928002362204721
0
LINE
8
BLACK
6
CONTINUOUS
10
5.7270715748031495
20
-4.0928002362204721
11
5.7278396456692908
21
-4.0928758661417319
0
LINE
8
BLACK
6
CONTINUOUS
10
5.7278396456692908
20
-4.0928758661417319
11
5.7292588582677162
21
-4.09346374015748
0
LINE
8
BLACK
6
CONTINUOUS
10
5.7292588582677162
20
-4.09346374015748
11
5.7303450787401573
21
-4.0945499606299212
0
LINE
8
BLACK
6
CONTINUOUS
10
5.7303450787401573
20
-4.0945499606299212
11
5.7309329527559054
21
-4.0959691732283465
0
LINE
8
BLACK
6
CONTINUOUS
10
5.7309329527559054
20
-4.0959691732283465
11
5.7309329527559054
21
-4.09750531496063
0
LINE
8
BLACK
6
CONTINUOUS
10
5.7309329527559054
20
-4.09750531496063
11
5.7303450787401573
21
-4.0989245275590553
0
LINE
8
BLACK
6
CONTINUOUS
10
5.7303450787401573
20
-4.0989245275590553
11
5.7292588582677162
21
-4.1000107480314956
0
LINE
8
BLACK
6
CONTINUOUS
10
5.7292588582677162
20
-4.1000107480314956
11
5.7278396456692908
21
-4.1005986220472437
0
LINE
8
BLACK
6
CONTINUOUS
10
5.7278396456692908
20
-4.1005986220472437
11
5.7270715748031495
21
-4.1006742519685035
0
LINE
8
BLACK
6
CONTINUOUS
10
5.7270715748031495
20
-4.1006742519685035
11
5.71754779527559
21
-4.1006742519685035
0
LINE
8
BLACK
6
CONTINUOUS
10
5.71754779527559
20
-4.1006742519685035
11
5.7167797244094487
21
-4.1005986220472437
0
LINE
8
BLACK
6
CONTINUOUS
10
5.7167797244094487
20
-4.1005986220472437
11
5.7166489763779529
21
-4.1005444488188978
0
LINE
8
BLACK
6
CONTINUOUS
10
5.7166489763779529
20
-4.1005444488188978
11
5.7165079133858265
21
-4.1005344488188973
0
LINE
8
BLACK
6
CONTINUOUS
10
5.7165079133858265
20
-4.1005344488188973
11
5.7157871259842521
21
-4.1002586220472441
0
LINE
8
BLACK
6
CONTINUOUS
10
5.7157871259842521
20
-4.1002586220472441
11
5.711025196850394
21
-4.0978776771653544
0
LINE
8
BLACK
6
CONTINUOUS
10
5.711025196850394
20
-4.0978776771653544
11
5.7106946456692915
21
-4.0976696062992124
0
LINE
8
BLACK
6
CONTINUOUS
10
5.7106946456692915
20
-4.0976696062992124
11
5.7105985433070865
21
-4.0976298031496059
0
LINE
8
BLACK
6
CONTINUOUS
10
5.7105985433070865
20
-4.0976298031496059
11
5.7104903543307088
21
-4.0975409842519683
0
LINE
8
BLACK
6
CONTINUOUS
10
5.7104903543307088
20
-4.0975409842519683
11
5.7103720472440944
21
-4.097466535433071
0
LINE
8
BLACK
6
CONTINUOUS
10
5.7103720472440944
20
-4.097466535433071
11
5.7103038976377949
21
-4.0973879921259844
0
LINE
8
BLACK
6
CONTINUOUS
10
5.7103038976377949
20
-4.0973879921259844
11
5.7100019685039367
21
-4.0971401574803146
0
LINE
8
BLACK
6
CONTINUOUS
10
5.7100019685039367
20
-4.0971401574803146
11
5.707621023622047
21
-4.0947591732283461
0
LINE
8
BLACK
6
CONTINUOUS
10
5.707621023622047
20
-4.0947591732283461
11
5.7076193307086616
21
-4.0947570866141731
0
LINE
8
BLACK
6
CONTINUOUS
10
5.7076193307086616
20
-4.0947570866141731
11
5.7076181102362202
21
-4.0947562992125981
0
LINE
8
BLACK
6
CONTINUOUS
10
5.7076181102362202
20
-4.0947562992125981
11
5.7073763779527562
21
-4.0944611023622048
0
LINE
8
BLACK
6
CONTINUOUS
10
5.7073763779527562
20
-4.0944611023622048
11
5.7071313779527557
21
-4.0941625984251964
0
LINE
8
BLACK
6
CONTINUOUS
10
5.7071313779527557
20
-4.0941625984251964
11
5.7071307874015744
21
-4.0941611811023622
0
LINE
8
BLACK
6
CONTINUOUS
10
5.7071307874015744
20
-4.0941611811023622
11
5.7071291338582677
21
-4.0941591732283467
0
LINE
8
BLACK
6
CONTINUOUS
10
5.7071291338582677
20
-4.0941591732283467
11
5.7023672440944884
21
-4.0870163385826768
0
LINE
8
BLACK
6
CONTINUOUS
10
5.7023672440944884
20
-4.0870163385826768
11
5.7021411417322829
21
-4.0865923228346457
0
LINE
8
BLACK
6
CONTINUOUS
10
5.7021411417322829
20
-4.0865923228346457
11
5.7020832283464564
21
-4.0865141338582678
0
LINE
8
BLACK
6
CONTINUOUS
10
5.7020832283464564
20
-4.0865141338582678
11
5.7020501968503936
21
-4.0864217716535434
0
LINE
8
BLACK
6
CONTINUOUS
10
5.7020501968503936
20
-4.0864217716535434
11
5.7020041338582672
21
-4.0863353149606301
0
LINE
8
BLACK
6
CONTINUOUS
10
5.7020041338582672
20
-4.0863353149606301
11
5.7019852362204722
21
-4.0862398818897638
0
LINE
8
BLACK
6
CONTINUOUS
10
5.7019852362204722
20
-4.0862398818897638
11
5.7018235826771653
21
-4.0857873622047247
0
LINE
8
BLACK
6
CONTINUOUS
10
5.7018235826771653
20
-4.0857873622047247
11
5.6994425984251968
21
-4.0762635433070864
0
LINE
8
BLACK
6
CONTINUOUS
10
5.6994425984251968
20
-4.0762635433070864
11
5.699422874015748
21
-4.0761303937007876
0
LINE
8
BLACK
6
CONTINUOUS
10
5.699422874015748
20
-4.0761303937007876
11
5.6994006692913386
21
-4.0760767322834646
0
LINE
8
BLACK
6
CONTINUOUS
10
5.6994006692913386
20
-4.0760767322834646
11
5.6993721653543306
21
-4.0757873228346453
0
LINE
8
BLACK
6
CONTINUOUS
10
5.6993721653543306
20
-4.0757873228346453
11
5.6993296850393698
21
-4.0755000393700787
0
LINE
8
BLACK
6
CONTINUOUS
10
5.6993296850393698
20
-4.0755000393700787
11
5.6993382283464564
21
-4.0754425984251972
0
LINE
8
BLACK
6
CONTINUOUS
10
5.6993382283464564
20
-4.0754425984251972
11
5.6993250393700787
21
-4.0753086614173224
0
LINE
8
BLACK
6
CONTINUOUS
10
5.6993250393700787
20
-4.0753086614173224
11
5.6993250393700787
21
-4.0562610236220475
0
LINE
8
BLACK
6
CONTINUOUS
10
5.6993250393700787
20
-4.0562610236220475
11
5.6994006692913386
21
-4.0554929527559054
0
LINE
8
BLACK
6
CONTINUOUS
10
5.6994006692913386
20
-4.0554929527559054
11
5.6994548031496057
21
-4.0553622440944883
0
LINE
8
BLACK
6
CONTINUOUS
10
5.6994548031496057
20
-4.0553622440944883
11
5.699464842519685
21
-4.0552211023622045
0
LINE
8
BLACK
6
CONTINUOUS
10
5.699464842519685
20
-4.0552211023622045
11
5.6997407086614169
21
-4.05450031496063
0
LINE
8
BLACK
6
CONTINUOUS
10
5.6997407086614169
20
-4.05450031496063
11
5.7021216929133853
21
-4.0497384251968507
0
LINE
8
BLACK
6
CONTINUOUS
10
5.7021216929133853
20
-4.0497384251968507
11
5.7023296850393699
21
-4.049407913385827
0
LINE
8
BLACK
6
CONTINUOUS
10
5.7023296850393699
20
-4.049407913385827
11
5.7023695275590551
21
-4.0493118503937007
0
LINE
8
BLACK
6
CONTINUOUS
10
5.7023695275590551
20
-4.0493118503937007
11
5.7024583070866139
21
-4.0492036220472443
0
LINE
8
BLACK
6
CONTINUOUS
10
5.7024583070866139
20
-4.0492036220472443
11
5.7025328346456687
21
-4.0490852755905511
0
LINE
8
BLACK
6
CONTINUOUS
10
5.7025328346456687
20
-4.0490852755905511
11
5.7026112992125979
21
-4.0490171653543303
0
LINE
8
BLACK
6
CONTINUOUS
10
5.7026112992125979
20
-4.0490171653543303
11
5.7028591338582677
21
-4.0487152362204721
0
LINE
8
BLACK
6
CONTINUOUS
10
5.7028591338582677
20
-4.0487152362204721
11
5.7052400787401574
21
-4.0463342913385825
0
LINE
8
BLACK
6
CONTINUOUS
10
5.7052400787401574
20
-4.0463342913385825
11
5.7055418897637793
21
-4.0460865748031498
0
LINE
8
BLACK
6
CONTINUOUS
10
5.7055418897637793
20
-4.0460865748031498
11
5.7056101181102363
21
-4.0460079527559056
0
LINE
8
BLACK
6
CONTINUOUS
10
5.7056101181102363
20
-4.0460079527559056
11
5.7057286614173224
21
-4.0459333070866137
0
LINE
8
BLACK
6
CONTINUOUS
10
5.7057286614173224
20
-4.0459333070866137
11
5.7058366929133859
21
-4.0458446850393699
0
LINE
8
BLACK
6
CONTINUOUS
10
5.7058366929133859
20
-4.0458446850393699
11
5.705932637795275
21
-4.0458049212598421
0
LINE
8
BLACK
6
CONTINUOUS
10
5.705932637795275
20
-4.0458049212598421
11
5.7062633070866138
21
-4.0455968110236222
0
LINE
8
BLACK
6
CONTINUOUS
10
5.7062633070866138
20
-4.0455968110236222
11
5.7110251574803153
21
-4.0432158661417326
0
LINE
8
BLACK
6
CONTINUOUS
10
5.7110251574803153
20
-4.0432158661417326
11
5.7117459842519684
21
-4.0429400393700785
0
LINE
8
BLACK
6
CONTINUOUS
10
5.7117459842519684
20
-4.0429400393700785
11
5.7118870472440948
21
-4.0429300000000001
0
LINE
8
BLACK
6
CONTINUOUS
10
5.7118870472440948
20
-4.0429300000000001
11
5.7120177952755906
21
-4.0428758661417321
0
LINE
8
BLACK
6
CONTINUOUS
10
5.7120177952755906
20
-4.0428758661417321
11
5.7127858661417319
21
-4.0428002362204722
0
LINE
8
BLACK
6
CONTINUOUS
10
5.7127858661417319
20
-4.0428002362204722
11
5.7223096850393702
21
-4.0428002362204722
0
LINE
8
BLACK
6
CONTINUOUS
10
5.7223096850393702
20
-4.0428002362204722
11
5.7230777559055115
21
-4.0428758661417321
0
LINE
8
BLACK
6
CONTINUOUS
10
5.7103561417322837
20
-4.0523538188976378
11
5.7088785826771655
21
-4.0538313385826772
0
LINE
8
BLACK
6
CONTINUOUS
10
5.7088785826771655
20
-4.0538313385826772
11
5.7071990551181102
21
-4.0571903937007869
0
LINE
8
BLACK
6
CONTINUOUS
10
5.7071990551181102
20
-4.0571903937007869
11
5.7071990551181102
21
-4.0672363385826769
0
LINE
8
BLACK
6
CONTINUOUS
10
5.7071990551181102
20
-4.0672363385826769
11
5.708878661417323
21
-4.0705955511811025
0
LINE
8
BLACK
6
CONTINUOUS
10
5.708878661417323
20
-4.0705955511811025
11
5.7103561417322837
21
-4.0720730314960631
0
LINE
8
BLACK
6
CONTINUOUS
10
5.7103561417322837
20
-4.0720730314960631
11
5.7137152755905509
21
-4.0737525984251963
0
LINE
8
BLACK
6
CONTINUOUS
10
5.7137152755905509
20
-4.0737525984251963
11
5.7213802755905512
21
-4.0737525984251963
0
LINE
8
BLACK
6
CONTINUOUS
10
5.7213802755905512
20
-4.0737525984251963
11
5.7247395275590547
21
-4.0720729133858269
0
LINE
8
BLACK
6
CONTINUOUS
10
5.7247395275590547
20
-4.0720729133858269
11
5.7262168897637791
21
-4.0705955905511813
0
LINE
8
BLACK
6
CONTINUOUS
10
5.7262168897637791
20
-4.0705955905511813
11
5.7278964960629919
21
-4.0672363779527556
0
LINE
8
BLACK
6
CONTINUOUS
10
5.7278964960629919
20
-4.0672363779527556
11
5.7278964960629919
21
-4.0571904330708657
0
LINE
8
BLACK
6
CONTINUOUS
10
5.7278964960629919
20
-4.0571904330708657
11
5.7262168897637791
21
-4.0538312204724409
0
LINE
8
BLACK
6
CONTINUOUS
10
5.7262168897637791
20
-4.0538312204724409
11
5.7247395275590547
21
-4.0523538976377953
0
LINE
8
BLACK
6
CONTINUOUS
10
5.7247395275590547
20
-4.0523538976377953
11
5.7213802755905512
21
-4.0506742519685037
0
LINE
8
BLACK
6
CONTINUOUS
10
5.7213802755905512
20
-4.0506742519685037
11
5.7137152755905509
21
-4.0506742519685037
0
LINE
8
BLACK
6
CONTINUOUS
10
5.7137152755905509
20
-4.0506742519685037
11
5.7103561417322837
21
-4.0523538188976378
0
LINE
8
BLACK
6
CONTINUOUS
10
5.7655491338582676
20
-4.0428758661417321
11
5.7659349212598423
21
-4.0428758661417321
0
LINE
8
BLACK
6
CONTINUOUS
10
5.7659349212598423
20
-4.0428758661417321
11
5.766295078740157
21
-4.0430250393700788
0
LINE
8
BLACK
6
CONTINUOUS
10
5.766295078740157
20
-4.0430250393700788
11
5.766677283464567
21
-4.0431014960629916
0
LINE
8
BLACK
6
CONTINUOUS
10
5.766677283464567
20
-4.0431014960629916
11
5.7669977559055114
21
-4.0433161023622048
0
LINE
8
BLACK
6
CONTINUOUS
10
5.7669977559055114
20
-4.0433161023622048
11
5.7673541338582677
21
-4.0434637401574802
0
LINE
8
BLACK
6
CONTINUOUS
10
5.7673541338582677
20
-4.0434637401574802
11
5.7676296850393696
21
-4.043739291338583
0
LINE
8
BLACK
6
CONTINUOUS
10
5.7676296850393696
20
-4.043739291338583
11
5.767953661417323
21
-4.0439562598425196
0
LINE
8
BLACK
6
CONTINUOUS
10
5.767953661417323
20
-4.0439562598425196
11
5.768437440944882
21
-4.0445470472440945
0
LINE
8
BLACK
6
CONTINUOUS
10
5.768437440944882
20
-4.0445470472440945
11
5.7684403543307088
21
-4.0445499606299213
0
LINE
8
BLACK
6
CONTINUOUS
10
5.7684403543307088
20
-4.0445499606299213
11
5.7684408661417326
21
-4.0445512204724405
0
LINE
8
BLACK
6
CONTINUOUS
10
5.7684408661417326
20
-4.0445512204724405
11
5.7684426377952756
21
-4.0445533858267719
0
LINE
8
BLACK
6
CONTINUOUS
10
5.7684426377952756
20
-4.0445533858267719
11
5.7729883070866137
21
-4.0513718897637796
0
LINE
8
BLACK
6
CONTINUOUS
10
5.7729883070866137
20
-4.0513718897637796
11
5.7770227165354333
21
-4.0554062992125983
0
LINE
8
BLACK
6
CONTINUOUS
10
5.7770227165354333
20
-4.0554062992125983
11
5.7812132283464566
21
-4.0575015748031493
0
LINE
8
BLACK
6
CONTINUOUS
10
5.7812132283464566
20
-4.0575015748031493
11
5.7818663779527562
21
-4.0579127165354327
0
LINE
8
BLACK
6
CONTINUOUS
10
5.7818663779527562
20
-4.0579127165354327
11
5.782872874015748
21
-4.0590731889763783
0
LINE
8
BLACK
6
CONTINUOUS
10
5.782872874015748
20
-4.0590731889763783
11
5.7833586220472437
21
-4.0605305118110238
0
LINE
8
BLACK
6
CONTINUOUS
10
5.7833586220472437
20
-4.0605305118110238
11
5.7832497637795273
21
-4.0620627952755903
0
LINE
8
BLACK
6
CONTINUOUS
10
5.7832497637795273
20
-4.0620627952755903
11
5.7825627952755907
21
-4.0634367716535431
0
LINE
8
BLACK
6
CONTINUOUS
10
5.7825627952755907
20
-4.0634367716535431
11
5.7814022834645664
21
-4.064443267716535
0
LINE
8
BLACK
6
CONTINUOUS
10
5.7814022834645664
20
-4.064443267716535
11
5.7799449606299209
21
-4.0649290551181103
0
LINE
8
BLACK
6
CONTINUOUS
10
5.7799449606299209
20
-4.0649290551181103
11
5.7784126771653543
21
-4.0648201574803151
0
LINE
8
BLACK
6
CONTINUOUS
10
5.7784126771653543
20
-4.0648201574803151
11
5.777691889763779
21
-4.0645443307086611
0
LINE
8
BLACK
6
CONTINUOUS
10
5.777691889763779
20
-4.0645443307086611
11
5.7729299606299209
21
-4.0621633858267714
0
LINE
8
BLACK
6
CONTINUOUS
10
5.7729299606299209
20
-4.0621633858267714
11
5.7725993700787397
21
-4.0619552755905515
0
LINE
8
BLACK
6
CONTINUOUS
10
5.7725993700787397
20
-4.0619552755905515
11
5.7725033464566931
21
-4.0619155118110237
0
LINE
8
BLACK
6
CONTINUOUS
10
5.7725033464566931
20
-4.0619155118110237
11
5.7723951968503933
21
-4.0618267716535428
0
LINE
8
BLACK
6
CONTINUOUS
10
5.7723951968503933
20
-4.0618267716535428
11
5.7722768110236222
21
-4.061752244094488
0
LINE
8
BLACK
6
CONTINUOUS
10
5.7722768110236222
20
-4.061752244094488
11
5.7722087007874014
21
-4.0616737007874013
0
LINE
8
BLACK
6
CONTINUOUS
10
5.7722087007874014
20
-4.0616737007874013
11
5.7719067322834645
21
-4.0614259055118112
0
LINE
8
BLACK
6
CONTINUOUS
10
5.7719067322834645
20
-4.0614259055118112
11
5.7691038582677168
21
-4.058622952755905
0
LINE
8
BLACK
6
CONTINUOUS
10
5.7691038582677168
20
-4.058622952755905
11
5.7691038582677168
21
-4.0928002362204721
0
LINE
8
BLACK
6
CONTINUOUS
10
5.7691038582677168
20
-4.0928002362204721
11
5.7794525590551178
21
-4.0928002362204721
0
LINE
8
BLACK
6
CONTINUOUS
10
5.7794525590551178
20
-4.0928002362204721
11
5.78022062992126
21
-4.0928758661417319
0
LINE
8
BLACK
6
CONTINUOUS
10
5.78022062992126
20
-4.0928758661417319
11
5.7816398425196853
21
-4.09346374015748
0
LINE
8
BLACK
6
CONTINUOUS
10
5.7816398425196853
20
-4.09346374015748
11
5.7827260629921255
21
-4.0945499606299212
0
LINE
8
BLACK
6
CONTINUOUS
10
5.7827260629921255
20
-4.0945499606299212
11
5.7833139370078737
21
-4.0959691732283465
0
LINE
8
BLACK
6
CONTINUOUS
10
5.7833139370078737
20
-4.0959691732283465
11
5.7833139370078737
21
-4.09750531496063
0
LINE
8
BLACK
6
CONTINUOUS
10
5.7833139370078737
20
-4.09750531496063
11
5.7827260629921255
21
-4.0989245275590553
0
LINE
8
BLACK
6
CONTINUOUS
10
5.7827260629921255
20
-4.0989245275590553
11
5.7816398425196853
21
-4.1000107480314956
0
LINE
8
BLACK
6
CONTINUOUS
10
5.7816398425196853
20
-4.1000107480314956
11
5.78022062992126
21
-4.1005986220472437
0
LINE
8
BLACK
6
CONTINUOUS
10
5.78022062992126
20
-4.1005986220472437
11
5.7794525590551178
21
-4.1006742519685035
0
LINE
8
BLACK
6
CONTINUOUS
10
5.7794525590551178
20
-4.1006742519685035
11
5.7508811023622046
21
-4.1006742519685035
0
LINE
8
BLACK
6
CONTINUOUS
10
5.7508811023622046
20
-4.1006742519685035
11
5.7501130314960625
21
-4.1005986220472437
0
LINE
8
BLACK
6
CONTINUOUS
10
5.7501130314960625
20
-4.1005986220472437
11
5.748693818897638
21
-4.1000107480314956
0
LINE
8
BLACK
6
CONTINUOUS
10
5.748693818897638
20
-4.1000107480314956
11
5.7476075984251969
21
-4.0989245275590553
0
LINE
8
BLACK
6
CONTINUOUS
10
5.7476075984251969
20
-4.0989245275590553
11
5.7470197244094487
21
-4.09750531496063
0
LINE
8
BLACK
6
CONTINUOUS
10
5.7470197244094487
20
-4.09750531496063
11
5.7470197244094487
21
-4.0959691732283465
0
LINE
8
BLACK
6
CONTINUOUS
10
5.7470197244094487
20
-4.0959691732283465
11
5.7476075984251969
21
-4.0945499606299212
0
LINE
8
BLACK
6
CONTINUOUS
10
5.7476075984251969
20
-4.0945499606299212
11
5.748693818897638
21
-4.09346374015748
0
LINE
8
BLACK
6
CONTINUOUS
10
5.748693818897638
20
-4.09346374015748
11
5.7501130314960625
21
-4.0928758661417319
0
LINE
8
BLACK
6
CONTINUOUS
10
5.7501130314960625
20
-4.0928758661417319
11
5.7508811023622046
21
-4.0928002362204721
0
LINE
8
BLACK
6
CONTINUOUS
10
5.7508811023622046
20
-4.0928002362204721
11
5.7612298425196853
21
-4.0928002362204721
0
LINE
8
BLACK
6
CONTINUOUS
10
5.7612298425196853
20
-4.0928002362204721
11
5.7612298425196853
21
-4.046737244094488
0
LINE
8
BLACK
6
CONTINUOUS
10
5.7612298425196853
20
-4.046737244094488
11
5.7612300787401569
21
-4.0467344488188974
0
LINE
8
BLACK
6
CONTINUOUS
10
5.7612300787401569
20
-4.0467344488188974
11
5.7612298425196853
21
-4.0467331102362207
0
LINE
8
BLACK
6
CONTINUOUS
10
5.7612298425196853
20
-4.0467331102362207
11
5.7612306299212594
21
-4.0467290944881888
0
LINE
8
BLACK
6
CONTINUOUS
10
5.7612306299212594
20
-4.0467290944881888
11
5.7613054724409452
21
-4.0459691732283467
0
LINE
8
BLACK
6
CONTINUOUS
10
5.7613054724409452
20
-4.0459691732283467
11
5.761454645669291
21
-4.0456089763779524
0
LINE
8
BLACK
6
CONTINUOUS
10
5.761454645669291
20
-4.0456089763779524
11
5.7615311023622047
21
-4.045226811023622
0
LINE
8
BLACK
6
CONTINUOUS
10
5.7615311023622047
20
-4.045226811023622
11
5.761745708661417
21
-4.0449062992125979
0
LINE
8
BLACK
6
CONTINUOUS
10
5.761745708661417
20
-4.0449062992125979
11
5.7618933464566924
21
-4.0445499606299213
0
LINE
8
BLACK
6
CONTINUOUS
10
5.7618933464566924
20
-4.0445499606299213
11
5.7621688976377952
21
-4.0442743700787398
0
LINE
8
BLACK
6
CONTINUOUS
10
5.7621688976377952
20
-4.0442743700787398
11
5.7623858661417318
21
-4.043950433070866
0
LINE
8
BLACK
6
CONTINUOUS
10
5.7623858661417318
20
-4.043950433070866
11
5.7627068503937009
21
-4.043736417322835
0
LINE
8
BLACK
6
CONTINUOUS
10
5.7627068503937009
20
-4.043736417322835
11
5.7629795669291335
21
-4.0434637401574802
0
LINE
8
BLACK
6
CONTINUOUS
10
5.7629795669291335
20
-4.0434637401574802
11
5.7633396456692916
21
-4.0433145669291335
0
LINE
8
BLACK
6
CONTINUOUS
10
5.7633396456692916
20
-4.0433145669291335
11
5.7636640157480317
21
-4.0430983464566932
0
LINE
8
BLACK
6
CONTINUOUS
10
5.7636640157480317
20
-4.0430983464566932
11
5.7640423622047239
21
-4.0430234645669287
0
LINE
8
BLACK
6
CONTINUOUS
10
5.7640423622047239
20
-4.0430234645669287
11
5.7643987795275589
21
-4.0428758661417321
0
LINE
8
BLACK
6
CONTINUOUS
10
5.7643987795275589
20
-4.0428758661417321
11
5.7647886614173229
21
-4.0428758661417321
0
LINE
8
BLACK
6
CONTINUOUS
10
5.7647886614173229
20
-4.0428758661417321
11
5.7651709842519683
21
-4.0428002362204722
0
LINE
8
BLACK
6
CONTINUOUS
10
5.7651709842519683
20
-4.0428002362204722
11
5.7655491338582676
21
-4.0428758661417321
0
LINE
8
BLACK
6
CONTINUOUS
10
5.8159349212598421
20
-4.0428758661417321
11
5.8160656299212601
21
-4.0429300000000001
0
LINE
8
BLACK
6
CONTINUOUS
10
5.8160656299212601
20
-4.0429300000000001
11
5.8162067322834643
21
-4.0429400393700785
0
LINE
8
BLACK
6
CONTINUOUS
10
5.8162067322834643
20
-4.0429400393700785
11
5.8169275196850396
21
-4.0432158661417326
0
LINE
8
BLACK
6
CONTINUOUS
10
5.8169275196850396
20
-4.0432158661417326
11
5.821689409448819
21
-4.0455968110236222
0
LINE
8
BLACK
6
CONTINUOUS
10
5.821689409448819
20
-4.0455968110236222
11
5.8220199606299214
21
-4.0458048818897634
0
LINE
8
BLACK
6
CONTINUOUS
10
5.8220199606299214
20
-4.0458048818897634
11
5.8221160236220468
21
-4.0458446850393699
0
LINE
8
BLACK
6
CONTINUOUS
10
5.8221160236220468
20
-4.0458446850393699
11
5.8222241338582679
21
-4.0459333858267712
0
LINE
8
BLACK
6
CONTINUOUS
10
5.8222241338582679
20
-4.0459333858267712
11
5.8223425590551177
21
-4.0460079527559056
0
LINE
8
BLACK
6
CONTINUOUS
10
5.8223425590551177
20
-4.0460079527559056
11
5.8224106299212597
21
-4.0460864566929136
0
LINE
8
BLACK
6
CONTINUOUS
10
5.8224106299212597
20
-4.0460864566929136
11
5.8227126377952754
21
-4.0463342913385825
0
LINE
8
BLACK
6
CONTINUOUS
10
5.8227126377952754
20
-4.0463342913385825
11
5.825093582677165
21
-4.0487152362204721
0
LINE
8
BLACK
6
CONTINUOUS
10
5.825093582677165
20
-4.0487152362204721
11
5.8253413779527561
21
-4.0490171653543303
0
LINE
8
BLACK
6
CONTINUOUS
10
5.8253413779527561
20
-4.0490171653543303
11
5.825419881889764
21
-4.0490852755905511
0
LINE
8
BLACK
6
CONTINUOUS
10
5.825419881889764
20
-4.0490852755905511
11
5.82549437007874
21
-4.0492036220472443
0
LINE
8
BLACK
6
CONTINUOUS
10
5.82549437007874
20
-4.0492036220472443
11
5.8255831889763776
21
-4.0493118503937007
0
LINE
8
BLACK
6
CONTINUOUS
10
5.8255831889763776
20
-4.0493118503937007
11
5.8256229921259841
21
-4.049407913385827
0
LINE
8
BLACK
6
CONTINUOUS
10
5.8256229921259841
20
-4.049407913385827
11
5.8258310236220474
21
-4.0497384251968507
0
LINE
8
BLACK
6
CONTINUOUS
10
5.8258310236220474
20
-4.0497384251968507
11
5.8282120078740158
21
-4.05450031496063
0
LINE
8
BLACK
6
CONTINUOUS
10
5.8282120078740158
20
-4.05450031496063
11
5.8282334645669289
21
-4.0545564173228348
0
LINE
8
BLACK
6
CONTINUOUS
10
5.8282334645669289
20
-4.0545564173228348
11
5.8282504724409447
21
-4.0545793700787405
0
LINE
8
BLACK
6
CONTINUOUS
10
5.8282504724409447
20
-4.0545793700787405
11
5.8283655905511811
21
-4.0549016929133854
0
LINE
8
BLACK
6
CONTINUOUS
10
5.8283655905511811
20
-4.0549016929133854
11
5.8284878740157477
21
-4.0552211417322832
0
LINE
8
BLACK
6
CONTINUOUS
10
5.8284878740157477
20
-4.0552211417322832
11
5.8284898818897632
21
-4.0552495669291337
0
LINE
8
BLACK
6
CONTINUOUS
10
5.8284898818897632
20
-4.0552495669291337
11
5.8285101181102359
21
-4.0553061811023623
0
LINE
8
BLACK
6
CONTINUOUS
10
5.8285101181102359
20
-4.0553061811023623
11
5.8308910629921256
21
-4.0648299999999997
0
LINE
8
BLACK
6
CONTINUOUS
10
5.8308910629921256
20
-4.0648299999999997
11
5.8309107086614169
21
-4.0649630314960632
0
LINE
8
BLACK
6
CONTINUOUS
10
5.8309107086614169
20
-4.0649630314960632
11
5.8309329921259838
21
-4.0650167716535428
0
LINE
8
BLACK
6
CONTINUOUS
10
5.8309329921259838
20
-4.0650167716535428
11
5.8309614566929131
21
-4.0653061811023621
0
LINE
8
BLACK
6
CONTINUOUS
10
5.8309614566929131
20
-4.0653061811023621
11
5.8310039763779526
21
-4.0655934645669287
0
LINE
8
BLACK
6
CONTINUOUS
10
5.8310039763779526
20
-4.0655934645669287
11
5.8309953937007872
21
-4.0656508661417323
0
LINE
8
BLACK
6
CONTINUOUS
10
5.8309953937007872
20
-4.0656508661417323
11
5.8310086220472437
21
-4.065784842519685
0
LINE
8
BLACK
6
CONTINUOUS
10
5.8310086220472437
20
-4.065784842519685
11
5.8310086220472437
21
-4.0776896062992121
0
LINE
8
BLACK
6
CONTINUOUS
10
5.8310086220472437
20
-4.0776896062992121
11
5.8309953937007872
21
-4.0778235433070869
0
LINE
8
BLACK
6
CONTINUOUS
10
5.8309953937007872
20
-4.0778235433070869
11
5.8310039763779526
21
-4.0778809842519683
0
LINE
8
BLACK
6
CONTINUOUS
10
5.8310039763779526
20
-4.0778809842519683
11
5.8309614566929131
21
-4.0781682283464562
0
LINE
8
BLACK
6
CONTINUOUS
10
5.8309614566929131
20
-4.0781682283464562
11
5.8309329921259838
21
-4.0784576771653542
0
LINE
8
BLACK
6
CONTINUOUS
10
5.8309329921259838
20
-4.0784576771653542
11
5.8309107086614169
21
-4.078511377952756
0
LINE
8
BLACK
6
CONTINUOUS
10
5.8309107086614169
20
-4.078511377952756
11
5.8308910629921256
21
-4.0786444488188973
0
LINE
8
BLACK
6
CONTINUOUS
10
5.8308910629921256
20
-4.0786444488188973
11
5.8285101181102359
21
-4.0881682677165356
0
LINE
8
BLACK
6
CONTINUOUS
10
5.8285101181102359
20
-4.0881682677165356
11
5.8284898818897632
21
-4.0882248425196845
0
LINE
8
BLACK
6
CONTINUOUS
10
5.8284898818897632
20
-4.0882248425196845
11
5.8284878740157477
21
-4.0882533070866138
0
LINE
8
BLACK
6
CONTINUOUS
10
5.8284878740157477
20
-4.0882533070866138
11
5.8283655905511811
21
-4.0885727165354329
0
LINE
8
BLACK
6
CONTINUOUS
10
5.8283655905511811
20
-4.0885727165354329
11
5.8282504724409447
21
-4.0888950787401575
0
LINE
8
BLACK
6
CONTINUOUS
10
5.8282504724409447
20
-4.0888950787401575
11
5.8282334645669289
21
-4.0889179921259844
0
LINE
8
BLACK
6
CONTINUOUS
10
5.8282334645669289
20
-4.0889179921259844
11
5.8282120078740158
21
-4.0889741338582679
0
LINE
8
BLACK
6
CONTINUOUS
10
5.8282120078740158
20
-4.0889741338582679
11
5.8258310236220474
21
-4.0937360236220472
0
LINE
8
BLACK
6
CONTINUOUS
10
5.8258310236220474
20
-4.0937360236220472
11
5.8256230314960629
21
-4.094066377952756
0
LINE
8
BLACK
6
CONTINUOUS
10
5.8256230314960629
20
-4.094066377952756
11
5.8255832283464564
21
-4.0941625590551176
0
LINE
8
BLACK
6
CONTINUOUS
10
5.8255832283464564
20
-4.0941625590551176
11
5.82549437007874
21
-4.0942707874015749
0
LINE
8
BLACK
6
CONTINUOUS
10
5.82549437007874
20
-4.0942707874015749
11
5.825419881889764
21
-4.0943891732283459
0
LINE
8
BLACK
6
CONTINUOUS
10
5.825419881889764
20
-4.0943891732283459
11
5.8253412992125986
21
-4.0944572834645667
0
LINE
8
BLACK
6
CONTINUOUS
10
5.8253412992125986
20
-4.0944572834645667
11
5.825093582677165
21
-4.0947591732283461
0
LINE
8
BLACK
6
CONTINUOUS
10
5.825093582677165
20
-4.0947591732283461
11
5.8227126377952754
21
-4.0971401574803146
0
LINE
8
BLACK
6
CONTINUOUS
10
5.8227126377952754
20
-4.0971401574803146
11
5.8224106692913384
21
-4.0973879921259844
0
LINE
8
BLACK
6
CONTINUOUS
10
5.8224106692913384
20
-4.0973879921259844
11
5.8223425590551177
21
-4.097466535433071
0
LINE
8
BLACK
6
CONTINUOUS
10
5.8223425590551177
20
-4.097466535433071
11
5.8222242125984254
21
-4.0975409842519683
0
LINE
8
BLACK
6
CONTINUOUS
10
5.8222242125984254
20
-4.0975409842519683
11
5.8221160629921256
21
-4.0976298031496059
0
LINE
8
BLACK
6
CONTINUOUS
10
5.8221160629921256
20
-4.0976298031496059
11
5.8220199212598427
21
-4.0976696062992124
0
LINE
8
BLACK
6
CONTINUOUS
10
5.8220199212598427
20
-4.0976696062992124
11
5.821689409448819
21
-4.0978776771653544
0
LINE
8
BLACK
6
CONTINUOUS
10
5.821689409448819
20
-4.0978776771653544
11
5.8169275196850396
21
-4.1002586220472441
0
LINE
8
BLACK
6
CONTINUOUS
10
5.8169275196850396
20
-4.1002586220472441
11
5.8162067322834643
21
-4.1005344488188973
0
LINE
8
BLACK
6
CONTINUOUS
10
5.8162067322834643
20
-4.1005344488188973
11
5.8160656299212601
21
-4.1005444488188978
0
LINE
8
BLACK
6
CONTINUOUS
10
5.8160656299212601
20
-4.1005444488188978
11
5.8159349212598421
21
-4.1005986220472437
0
LINE
8
BLACK
6
CONTINUOUS
10
5.8159349212598421
20
-4.1005986220472437
11
5.8151668503937008
21
-4.1006742519685035
0
LINE
8
BLACK
6
CONTINUOUS
10
5.8151668503937008
20
-4.1006742519685035
11
5.8104049212598428
21
-4.1006742519685035
0
LINE
8
BLACK
6
CONTINUOUS
10
5.8104049212598428
20
-4.1006742519685035
11
5.8096368503937006
21
-4.1005986220472437
0
LINE
8
BLACK
6
CONTINUOUS
10
5.8096368503937006
20
-4.1005986220472437
11
5.8095061023622048
21
-4.1005444488188978
0
LINE
8
BLACK
6
CONTINUOUS
10
5.8095061023622048
20
-4.1005444488188978
11
5.8093650393700784
21
-4.1005344488188973
0
LINE
8
BLACK
6
CONTINUOUS
10
5.8093650393700784
20
-4.1005344488188973
11
5.8086442125984252
21
-4.1002586220472441
0
LINE
8
BLACK
6
CONTINUOUS
10
5.8086442125984252
20
-4.1002586220472441
11
5.8038823622047246
21
-4.0978776771653544
0
LINE
8
BLACK
6
CONTINUOUS
10
5.8038823622047246
20
-4.0978776771653544
11
5.8035517716535434
21
-4.0976695669291336
0
LINE
8
BLACK
6
CONTINUOUS
10
5.8035517716535434
20
-4.0976695669291336
11
5.8034557086614171
21
-4.0976298031496059
0
LINE
8
BLACK
6
CONTINUOUS
10
5.8034557086614171
20
-4.0976298031496059
11
5.803347598425197
21
-4.0975410629921258
0
LINE
8
BLACK
6
CONTINUOUS
10
5.803347598425197
20
-4.0975410629921258
11
5.8032291732283463
21
-4.097466535433071
0
LINE
8
BLACK
6
CONTINUOUS
10
5.8032291732283463
20
-4.097466535433071
11
5.8031609448818893
21
-4.0973878740157481
0
LINE
8
BLACK
6
CONTINUOUS
10
5.8031609448818893
20
-4.0973878740157481
11
5.8028591338582673
21
-4.0971401574803146
0
LINE
8
BLACK
6
CONTINUOUS
10
5.8028591338582673
20
-4.0971401574803146
11
5.8004781889763777
21
-4.0947591732283461
0
LINE
8
BLACK
6
CONTINUOUS
10
5.8004781889763777
20
-4.0947591732283461
11
5.8002303543307088
21
-4.0944572047244092
0
LINE
8
BLACK
6
CONTINUOUS
10
5.8002303543307088
20
-4.0944572047244092
11
5.8001518503937008
21
-4.0943891338582672
0
LINE
8
BLACK
6
CONTINUOUS
10
5.8001518503937008
20
-4.0943891338582672
11
5.8000773622047239
21
-4.0942708267716537
0
LINE
8
BLACK
6
CONTINUOUS
10
5.8000773622047239
20
-4.0942708267716537
11
5.7999885433070864
21
-4.0941625984251964
0
LINE
8
BLACK
6
CONTINUOUS
10
5.7999885433070864
20
-4.0941625984251964
11
5.7999487007874011
21
-4.094066377952756
0
LINE
8
BLACK
6
CONTINUOUS
10
5.7999487007874011
20
-4.094066377952756
11
5.7997407086614174
21
-4.0937359842519685
0
LINE
8
BLACK
6
CONTINUOUS
10
5.7997407086614174
20
-4.0937359842519685
11
5.7973597637795278
21
-4.0889740944881892
0
LINE
8
BLACK
6
CONTINUOUS
10
5.7973597637795278
20
-4.0889740944881892
11
5.797338267716535
21
-4.0889179133858269
0
LINE
8
BLACK
6
CONTINUOUS
10
5.797338267716535
20
-4.0889179133858269
11
5.7973213385826767
21
-4.0888950787401575
0
LINE
8
BLACK
6
CONTINUOUS
10
5.7973213385826767
20
-4.0888950787401575
11
5.7972062204724404
21
-4.0885729133858266
0
LINE
8
BLACK
6
CONTINUOUS
10
5.7972062204724404
20
-4.0885729133858266
11
5.7970839370078737
21
-4.0882533070866138
0
LINE
8
BLACK
6
CONTINUOUS
10
5.7970839370078737
20
-4.0882533070866138
11
5.7970818897637795
21
-4.088224921259842
0
LINE
8
BLACK
6
CONTINUOUS
10
5.7970818897637795
20
-4.088224921259842
11
5.7970616929133856
21
-4.0881683070866144
0
LINE
8
BLACK
6
CONTINUOUS
10
5.7970616929133856
20
-4.0881683070866144
11
5.7946807086614172
21
-4.0786444881889761
0
LINE
8
BLACK
6
CONTINUOUS
10
5.7946807086614172
20
-4.0786444881889761
11
5.7946609842519683
21
-4.0785113385826772
0
LINE
8
BLACK
6
CONTINUOUS
10
5.7946609842519683
20
-4.0785113385826772
11
5.7946387795275589
21
-4.0784576771653542
0
LINE
8
BLACK
6
CONTINUOUS
10
5.7946387795275589
20
-4.0784576771653542
11
5.7946102755905509
21
-4.078168267716535
0
LINE
8
BLACK
6
CONTINUOUS
10
5.7946102755905509
20
-4.078168267716535
11
5.7945677952755901
21
-4.0778809842519683
0
LINE
8
BLACK
6
CONTINUOUS
10
5.7945677952755901
20
-4.0778809842519683
11
5.7945763385826767
21
-4.0778235433070869
0
LINE
8
BLACK
6
CONTINUOUS
10
5.7945763385826767
20
-4.0778235433070869
11
5.794563149606299
21
-4.0776896062992121
0
LINE
8
BLACK
6
CONTINUOUS
10
5.794563149606299
20
-4.0776896062992121
11
5.794563149606299
21
-4.065784842519685
0
LINE
8
BLACK
6
CONTINUOUS
10
5.794563149606299
20
-4.065784842519685
11
5.7945763385826767
21
-4.0656508661417323
0
LINE
8
BLACK
6
CONTINUOUS
10
5.7945763385826767
20
-4.0656508661417323
11
5.7945677952755901
21
-4.0655934645669287
0
LINE
8
BLACK
6
CONTINUOUS
10
5.7945677952755901
20
-4.0655934645669287
11
5.7946102755905509
21
-4.0653061417322833
0
LINE
8
BLACK
6
CONTINUOUS
10
5.7946102755905509
20
-4.0653061417322833
11
5.7946387795275589
21
-4.0650167716535428
0
LINE
8
BLACK
6
CONTINUOUS
10
5.7946387795275589
20
-4.0650167716535428
11
5.7946609842519683
21
-4.0649630708661419
0
LINE
8
BLACK
6
CONTINUOUS
10
5.7946609842519683
20
-4.0649630708661419
11
5.7946807086614172
21
-4.064829960629921
0
LINE
8
BLACK
6
CONTINUOUS
10
5.7946807086614172
20
-4.064829960629921
11
5.7970616929133856
21
-4.0553061417322835
0
LINE
8
BLACK
6
CONTINUOUS
10
5.7970616929133856
20
-4.0553061417322835
11
5.7970818897637795
21
-4.0552494881889762
0
LINE
8
BLACK
6
CONTINUOUS
10
5.7970818897637795
20
-4.0552494881889762
11
5.7970839370078737
21
-4.0552211417322832
0
LINE
8
BLACK
6
CONTINUOUS
10
5.7970839370078737
20
-4.0552211417322832
11
5.7972062204724404
21
-4.0549014960629917
0
LINE
8
BLACK
6
CONTINUOUS
10
5.7972062204724404
20
-4.0549014960629917
11
5.7973213385826767
21
-4.0545793700787405
0
LINE
8
BLACK
6
CONTINUOUS
10
5.7973213385826767
20
-4.0545793700787405
11
5.797338267716535
21
-4.0545564960629923
0
LINE
8
BLACK
6
CONTINUOUS
10
5.797338267716535
20
-4.0545564960629923
11
5.7973597637795278
21
-4.0545003543307088
0
LINE
8
BLACK
6
CONTINUOUS
10
5.7973597637795278
20
-4.0545003543307088
11
5.7997407086614174
21
-4.0497384645669294
0
LINE
8
BLACK
6
CONTINUOUS
10
5.7997407086614174
20
-4.0497384645669294
11
5.7999487795275586
21
-4.0494078740157482
0
LINE
8
BLACK
6
CONTINUOUS
10
5.7999487795275586
20
-4.0494078740157482
11
5.7999885826771651
21
-4.0493118503937007
0
LINE
8
BLACK
6
CONTINUOUS
10
5.7999885826771651
20
-4.0493118503937007
11
5.8000772834645664
21
-4.0492037007874018
0
LINE
8
BLACK
6
CONTINUOUS
10
5.8000772834645664
20
-4.0492037007874018
11
5.8001518503937008
21
-4.0490853149606298
0
LINE
8
BLACK
6
CONTINUOUS
10
5.8001518503937008
20
-4.0490853149606298
11
5.8002303543307088
21
-4.0490172047244091
0
LINE
8
BLACK
6
CONTINUOUS
10
5.8002303543307088
20
-4.0490172047244091
11
5.8004781889763777
21
-4.0487152362204721
0
LINE
8
BLACK
6
CONTINUOUS
10
5.8004781889763777
20
-4.0487152362204721
11
5.8028591338582673
21
-4.0463342913385825
0
LINE
8
BLACK
6
CONTINUOUS
10
5.8028591338582673
20
-4.0463342913385825
11
5.8031609448818893
21
-4.0460865748031498
0
LINE
8
BLACK
6
CONTINUOUS
10
5.8031609448818893
20
-4.0460865748031498
11
5.8032291732283463
21
-4.0460079527559056
0
LINE
8
BLACK
6
CONTINUOUS
10
5.8032291732283463
20
-4.0460079527559056
11
5.8033477165354332
21
-4.0459333070866137
0
LINE
8
BLACK
6
CONTINUOUS
10
5.8033477165354332
20
-4.0459333070866137
11
5.8034557480314959
21
-4.0458446850393699
0
LINE
8
BLACK
6
CONTINUOUS
10
5.8034557480314959
20
-4.0458446850393699
11
5.8035516929133859
21
-4.0458049212598421
0
LINE
8
BLACK
6
CONTINUOUS
10
5.8035516929133859
20
-4.0458049212598421
11
5.8038823622047246
21
-4.0455968110236222
0
LINE
8
BLACK
6
CONTINUOUS
10
5.8038823622047246
20
-4.0455968110236222
11
5.8086442125984252
21
-4.0432158661417326
0
LINE
8
BLACK
6
CONTINUOUS
10
5.8086442125984252
20
-4.0432158661417326
11
5.8093650393700784
21
-4.0429400393700785
0
LINE
8
BLACK
6
CONTINUOUS
10
5.8093650393700784
20
-4.0429400393700785
11
5.8095061023622048
21
-4.0429300000000001
0
LINE
8
BLACK
6
CONTINUOUS
10
5.8095061023622048
20
-4.0429300000000001
11
5.8096368503937006
21
-4.0428758661417321
0
LINE
8
BLACK
6
CONTINUOUS
10
5.8096368503937006
20
-4.0428758661417321
11
5.8104049212598428
21
-4.0428002362204722
0
LINE
8
BLACK
6
CONTINUOUS
10
5.8104049212598428
20
-4.0428002362204722
11
5.8151668503937008
21
-4.0428002362204722
0
LINE
8
BLACK
6
CONTINUOUS
10
5.8151668503937008
20
-4.0428002362204722
11
5.8159349212598421
21
-4.0428758661417321
0
LINE
8
BLACK
6
CONTINUOUS
10
5.8079751968503937
20
-4.0523538188976378
11
5.806497716535433
21
-4.0538312598425197
0
LINE
8
BLACK
6
CONTINUOUS
10
5.806497716535433
20
-4.0538312598425197
11
5.8045957480314962
21
-4.0576351968503932
0
LINE
8
BLACK
6
CONTINUOUS
10
5.8045957480314962
20
-4.0576351968503932
11
5.8024371653543305
21
-4.0662694881889765
0
LINE
8
BLACK
6
CONTINUOUS
10
5.8024371653543305
20
-4.0662694881889765
11
5.8024371653543305
21
-4.0772049212598427
0
LINE
8
BLACK
6
CONTINUOUS
10
5.8024371653543305
20
-4.0772049212598427
11
5.8045957480314962
21
-4.0858392125984251
0
LINE
8
BLACK
6
CONTINUOUS
10
5.8045957480314962
20
-4.0858392125984251
11
5.8064977952755905
21
-4.0896432677165357
0
LINE
8
BLACK
6
CONTINUOUS
10
5.8064977952755905
20
-4.0896432677165357
11
5.8079751181102361
21
-4.0911206299212601
0
LINE
8
BLACK
6
CONTINUOUS
10
5.8079751181102361
20
-4.0911206299212601
11
5.8113343307086609
21
-4.0928002362204721
0
LINE
8
BLACK
6
CONTINUOUS
10
5.8113343307086609
20
-4.0928002362204721
11
5.8142374409448818
21
-4.0928002362204721
0
LINE
8
BLACK
6
CONTINUOUS
10
5.8142374409448818
20
-4.0928002362204721
11
5.8175966535433066
21
-4.0911205905511814
0
LINE
8
BLACK
6
CONTINUOUS
10
5.8175966535433066
20
-4.0911205905511814
11
5.8190740551181097
21
-4.0896431889763782
0
LINE
8
BLACK
6
CONTINUOUS
10
5.8190740551181097
20
-4.0896431889763782
11
5.8209760236220474
21
-4.0858392519685038
0
LINE
8
BLACK
6
CONTINUOUS
10
5.8209760236220474
20
-4.0858392519685038
11
5.8231346062992122
21
-4.0772049606299214
0
LINE
8
BLACK
6
CONTINUOUS
10
5.8231346062992122
20
-4.0772049606299214
11
5.8231346062992122
21
-4.0662694488188977
0
LINE
8
BLACK
6
CONTINUOUS
10
5.8231346062992122
20
-4.0662694488188977
11
5.8209760236220474
21
-4.0576351574803144
0
LINE
8
BLACK
6
CONTINUOUS
10
5.8209760236220474
20
-4.0576351574803144
11
5.8190740944881885
21
-4.0538313385826772
0
LINE
8
BLACK
6
CONTINUOUS
10
5.8190740944881885
20
-4.0538313385826772
11
5.8175965748031491
21
-4.0523538188976378
0
LINE
8
BLACK
6
CONTINUOUS
10
5.8175965748031491
20
-4.0523538188976378
11
5.8142374409448818
21
-4.0506742519685037
0
LINE
8
BLACK
6
CONTINUOUS
10
5.8142374409448818
20
-4.0506742519685037
11
5.8113343307086609
21
-4.0506742519685037
0
LINE
8
BLACK
6
CONTINUOUS
10
5.8113343307086609
20
-4.0506742519685037
11
5.8079751968503937
21
-4.0523538188976378
0
LINE
8
BLACK
6
CONTINUOUS
10
5.8683158661417325
20
-4.0428758661417321
11
5.8684465748031496
21
-4.0429300000000001
0
LINE
8
BLACK
6
CONTINUOUS
10
5.8684465748031496
20
-4.0429300000000001
11
5.8685876771653538
21
-4.0429400393700785
0
LINE
8
BLACK
6
CONTINUOUS
10
5.8685876771653538
20
-4.0429400393700785
11
5.8693084645669291
21
-4.0432158661417326
0
LINE
8
BLACK
6
CONTINUOUS
10
5.8693084645669291
20
-4.0432158661417326
11
5.8740703937007872
21
-4.0455968110236222
0
LINE
8
BLACK
6
CONTINUOUS
10
5.8740703937007872
20
-4.0455968110236222
11
5.8744009448818897
21
-4.0458048818897634
0
LINE
8
BLACK
6
CONTINUOUS
10
5.8744009448818897
20
-4.0458048818897634
11
5.874497007874016
21
-4.0458446850393699
0
LINE
8
BLACK
6
CONTINUOUS
10
5.874497007874016
20
-4.0458446850393699
11
5.8746051181102361
21
-4.0459333858267712
0
LINE
8
BLACK
6
CONTINUOUS
10
5.8746051181102361
20
-4.0459333858267712
11
5.8747235433070868
21
-4.0460079527559056
0
LINE
8
BLACK
6
CONTINUOUS
10
5.8747235433070868
20
-4.0460079527559056
11
5.8747916535433067
21
-4.0460864566929136
0
LINE
8
BLACK
6
CONTINUOUS
10
5.8747916535433067
20
-4.0460864566929136
11
5.8750936220472436
21
-4.0463342913385825
0
LINE
8
BLACK
6
CONTINUOUS
10
5.8750936220472436
20
-4.0463342913385825
11
5.8774745669291333
21
-4.0487152362204721
0
LINE
8
BLACK
6
CONTINUOUS
10
5.8774745669291333
20
-4.0487152362204721
11
5.8779641732283467
21
-4.0493118503937007
0
LINE
8
BLACK
6
CONTINUOUS
10
5.8779641732283467
20
-4.0493118503937007
11
5.878552047244094
21
-4.050731062992126
0
LINE
8
BLACK
6
CONTINUOUS
10
5.878552047244094
20
-4.050731062992126
11
5.878552047244094
21
-4.0522672047244095
0
LINE
8
BLACK
6
CONTINUOUS
10
5.878552047244094
20
-4.0522672047244095
11
5.8779641732283467
21
-4.0536864173228349
0
LINE
8
BLACK
6
CONTINUOUS
10
5.8779641732283467
20
-4.0536864173228349
11
5.8768779527559056
21
-4.0547726377952751
0
LINE
8
BLACK
6
CONTINUOUS
10
5.8768779527559056
20
-4.0547726377952751
11
5.8754587401574803
21
-4.0553605118110232
0
LINE
8
BLACK
6
CONTINUOUS
10
5.8754587401574803
20
-4.0553605118110232
11
5.8739225984251968
21
-4.0553605118110232
0
LINE
8
BLACK
6
CONTINUOUS
10
5.8739225984251968
20
-4.0553605118110232
11
5.8725033858267714
21
-4.0547726377952751
0
LINE
8
BLACK
6
CONTINUOUS
10
5.8725033858267714
20
-4.0547726377952751
11
5.8719067716535429
21
-4.0542830314960625
0
LINE
8
BLACK
6
CONTINUOUS
10
5.8719067716535429
20
-4.0542830314960625
11
5.8699775590551182
21
-4.0523538188976378
0
LINE
8
BLACK
6
CONTINUOUS
10
5.8699775590551182
20
-4.0523538188976378
11
5.8666183858267713
21
-4.0506742519685037
0
LINE
8
BLACK
6
CONTINUOUS
10
5.8666183858267713
20
-4.0506742519685037
11
5.8565724409448814
21
-4.0506742519685037
0
LINE
8
BLACK
6
CONTINUOUS
10
5.8565724409448814
20
-4.0506742519685037
11
5.8532133070866141
21
-4.0523538188976378
0
LINE
8
BLACK
6
CONTINUOUS
10
5.8532133070866141
20
-4.0523538188976378
11
5.851735748031496
21
-4.0538313385826772
0
LINE
8
BLACK
6
CONTINUOUS
10
5.851735748031496
20
-4.0538313385826772
11
5.8500562204724407
21
-4.0571903937007869
0
LINE
8
BLACK
6
CONTINUOUS
10
5.8500562204724407
20
-4.0571903937007869
11
5.8500562204724407
21
-4.0603840551181101
0
LINE
8
BLACK
6
CONTINUOUS
10
5.8500562204724407
20
-4.0603840551181101
11
5.8519412204724413
21
-4.0660390157480313
0
LINE
8
BLACK
6
CONTINUOUS
10
5.8519412204724413
20
-4.0660390157480313
11
5.8798555118110238
21
-4.0939533464566926
0
LINE
8
BLACK
6
CONTINUOUS
10
5.8798555118110238
20
-4.0939533464566926
11
5.8803451181102364
21
-4.0945499212598424
0
LINE
8
BLACK
6
CONTINUOUS
10
5.8803451181102364
20
-4.0945499212598424
11
5.880468858267716
21
-4.0948487007874013
0
LINE
8
BLACK
6
CONTINUOUS
10
5.880468858267716
20
-4.0948487007874013
11
5.8809329921259845
21
-4.0959691732283465
0
LINE
8
BLACK
6
CONTINUOUS
10
5.8809329921259845
20
-4.0959691732283465
11
5.8809329921259845
21
-4.09750531496063
0
LINE
8
BLACK
6
CONTINUOUS
10
5.8809329921259845
20
-4.09750531496063
11
5.8803451181102364
21
-4.0989245275590553
0
LINE
8
BLACK
6
CONTINUOUS
10
5.8803451181102364
20
-4.0989245275590553
11
5.8792588976377953
21
-4.1000107480314956
0
LINE
8
BLACK
6
CONTINUOUS
10
5.8792588976377953
20
-4.1000107480314956
11
5.8778396850393699
21
-4.1005986220472437
0
LINE
8
BLACK
6
CONTINUOUS
10
5.8778396850393699
20
-4.1005986220472437
11
5.8770716141732287
21
-4.1006742519685035
0
LINE
8
BLACK
6
CONTINUOUS
10
5.8770716141732287
20
-4.1006742519685035
11
5.8461192125984249
21
-4.1006742519685035
0
LINE
8
BLACK
6
CONTINUOUS
10
5.8461192125984249
20
-4.1006742519685035
11
5.8453511417322837
21
-4.1005986220472437
0
LINE
8
BLACK
6
CONTINUOUS
10
5.8453511417322837
20
-4.1005986220472437
11
5.8439319291338583
21
-4.1000107480314956
0
LINE
8
BLACK
6
CONTINUOUS
10
5.8439319291338583
20
-4.1000107480314956
11
5.8428457086614172
21
-4.0989245275590553
0
LINE
8
BLACK
6
CONTINUOUS
10
5.8428457086614172
20
-4.0989245275590553
11
5.8422578346456691
21
-4.09750531496063
0
LINE
8
BLACK
6
CONTINUOUS
10
5.8422578346456691
20
-4.09750531496063
11
5.8422578346456691
21
-4.0959691732283465
0
LINE
8
BLACK
6
CONTINUOUS
10
5.8422578346456691
20
-4.0959691732283465
11
5.8428457086614172
21
-4.0945499606299212
0
LINE
8
BLACK
6
CONTINUOUS
10
5.8428457086614172
20
-4.0945499606299212
11
5.8439319291338583
21
-4.09346374015748
0
LINE
8
BLACK
6
CONTINUOUS
10
5.8439319291338583
20
-4.09346374015748
11
5.8453511417322837
21
-4.0928758661417319
0
LINE
8
BLACK
6
CONTINUOUS
10
5.8453511417322837
20
-4.0928758661417319
11
5.8461192125984249
21
-4.0928002362204721
0
LINE
8
BLACK
6
CONTINUOUS
10
5.8461192125984249
20
-4.0928002362204721
11
5.8675668503937004
21
-4.0928002362204721
0
LINE
8
BLACK
6
CONTINUOUS
10
5.8675668503937004
20
-4.0928002362204721
11
5.8457162992125982
21
-4.0709496850393698
0
LINE
8
BLACK
6
CONTINUOUS
10
5.8457162992125982
20
-4.0709496850393698
11
5.8452266929133856
21
-4.0703530708661413
0
LINE
8
BLACK
6
CONTINUOUS
10
5.8452266929133856
20
-4.0703530708661413
11
5.8451725196850388
21
-4.0702223228346455
0
LINE
8
BLACK
6
CONTINUOUS
10
5.8451725196850388
20
-4.0702223228346455
11
5.845079881889764
21
-4.0701155118110233
0
LINE
8
BLACK
6
CONTINUOUS
10
5.845079881889764
20
-4.0701155118110233
11
5.8447652362204723
21
-4.0694107874015746
0
LINE
8
BLACK
6
CONTINUOUS
10
5.8447652362204723
20
-4.0694107874015746
11
5.8423842519685039
21
-4.0622679527559056
0
LINE
8
BLACK
6
CONTINUOUS
10
5.8423842519685039
20
-4.0622679527559056
11
5.8422976377952756
21
-4.0618871259842519
0
LINE
8
BLACK
6
CONTINUOUS
10
5.8422976377952756
20
-4.0618871259842519
11
5.8422578346456691
21
-4.0617910236220469
0
LINE
8
BLACK
6
CONTINUOUS
10
5.8422578346456691
20
-4.0617910236220469
11
5.8422440944881888
21
-4.0616517322834644
0
LINE
8
BLACK
6
CONTINUOUS
10
5.8422440944881888
20
-4.0616517322834644
11
5.8422131102362203
21
-4.0615153937007875
0
LINE
8
BLACK
6
CONTINUOUS
10
5.8422131102362203
20
-4.0615153937007875
11
5.8422204724409443
21
-4.0614116535433071
0
LINE
8
BLACK
6
CONTINUOUS
10
5.8422204724409443
20
-4.0614116535433071
11
5.8421822047244092
21
-4.0610229527559056
0
LINE
8
BLACK
6
CONTINUOUS
10
5.8421822047244092
20
-4.0610229527559056
11
5.8421822047244092
21
-4.0562610236220475
0
LINE
8
BLACK
6
CONTINUOUS
10
5.8421822047244092
20
-4.0562610236220475
11
5.8422578346456691
21
-4.0554929527559054
0
LINE
8
BLACK
6
CONTINUOUS
10
5.8422578346456691
20
-4.0554929527559054
11
5.8423119685039371
21
-4.0553622440944883
0
LINE
8
BLACK
6
CONTINUOUS
10
5.8423119685039371
20
-4.0553622440944883
11
5.8423220078740155
21
-4.0552211023622045
0
LINE
8
BLACK
6
CONTINUOUS
10
5.8423220078740155
20
-4.0552211023622045
11
5.8425978740157483
21
-4.05450031496063
0
LINE
8
BLACK
6
CONTINUOUS
10
5.8425978740157483
20
-4.05450031496063
11
5.8449788582677167
21
-4.0497384251968507
0
LINE
8
BLACK
6
CONTINUOUS
10
5.8449788582677167
20
-4.0497384251968507
11
5.8451868503937003
21
-4.049407913385827
0
LINE
8
BLACK
6
CONTINUOUS
10
5.8451868503937003
20
-4.049407913385827
11
5.8452266929133856
21
-4.0493118503937007
0
LINE
8
BLACK
6
CONTINUOUS
10
5.8452266929133856
20
-4.0493118503937007
11
5.8453154724409444
21
-4.0492036220472443
0
LINE
8
BLACK
6
CONTINUOUS
10
5.8453154724409444
20
-4.0492036220472443
11
5.8453900000000001
21
-4.0490852755905511
0
LINE
8
BLACK
6
CONTINUOUS
10
5.8453900000000001
20
-4.0490852755905511
11
5.8454684645669293
21
-4.0490171653543303
0
LINE
8
BLACK
6
CONTINUOUS
10
5.8454684645669293
20
-4.0490171653543303
11
5.8457162992125982
21
-4.0487152362204721
0
LINE
8
BLACK
6
CONTINUOUS
10
5.8457162992125982
20
-4.0487152362204721
11
5.8480972440944878
21
-4.0463342913385825
0
LINE
8
BLACK
6
CONTINUOUS
10
5.8480972440944878
20
-4.0463342913385825
11
5.8483990551181098
21
-4.0460865748031498
0
LINE
8
BLACK
6
CONTINUOUS
10
5.8483990551181098
20
-4.0460865748031498
11
5.8484672834645668
21
-4.0460079527559056
0
LINE
8
BLACK
6
CONTINUOUS
10
5.8484672834645668
20
-4.0460079527559056
11
5.8485858267716537
21
-4.0459333070866137
0
LINE
8
BLACK
6
CONTINUOUS
10
5.8485858267716537
20
-4.0459333070866137
11
5.8486938582677164
21
-4.0458446850393699
0
LINE
8
BLACK
6
CONTINUOUS
10
5.8486938582677164
20
-4.0458446850393699
11
5.8487898031496064
21
-4.0458049212598421
0
LINE
8
BLACK
6
CONTINUOUS
10
5.8487898031496064
20
-4.0458049212598421
11
5.8491204724409451
21
-4.0455968110236222
0
LINE
8
BLACK
6
CONTINUOUS
10
5.8491204724409451
20
-4.0455968110236222
11
5.8538823228346457
21
-4.0432158661417326
0
LINE
8
BLACK
6
CONTINUOUS
10
5.8538823228346457
20
-4.0432158661417326
11
5.8546031496062989
21
-4.0429400393700785
0
LINE
8
BLACK
6
CONTINUOUS
10
5.8546031496062989
20
-4.0429400393700785
11
5.8547442125984253
21
-4.0429300000000001
0
LINE
8
BLACK
6
CONTINUOUS
10
5.8547442125984253
20
-4.0429300000000001
11
5.8548749606299211
21
-4.0428758661417321
0
LINE
8
BLACK
6
CONTINUOUS
10
5.8548749606299211
20
-4.0428758661417321
11
5.8556430314960632
21
-4.0428002362204722
0
LINE
8
BLACK
6
CONTINUOUS
10
5.8556430314960632
20
-4.0428002362204722
11
5.8675477952755903
21
-4.0428002362204722
0
LINE
8
BLACK
6
CONTINUOUS
10
5.8675477952755903
20
-4.0428002362204722
11
5.8683158661417325
21
-4.0428758661417321
0
LINE
8
BLACK
6
CONTINUOUS
10
5.6949656692913386
20
-3.9720097244094488
11
5.6950963779527557
21
-3.9720638582677164
0
LINE
8
BLACK
6
CONTINUOUS
10
5.6950963779527557
20
-3.9720638582677164
11
5.6952374803149608
21
-3.9720738976377952
0
LINE
8
BLACK
6
CONTINUOUS
10
5.6952374803149608
20
-3.9720738976377952
11
5.6959582677165352
21
-3.9723497244094488
0
LINE
8
BLACK
6
CONTINUOUS
10
5.6959582677165352
20
-3.9723497244094488
11
5.7007201574803146
21
-3.9747306692913384
0
LINE
8
BLACK
6
CONTINUOUS
10
5.7007201574803146
20
-3.9747306692913384
11
5.701050551181102
21
-3.9749386220472438
0
LINE
8
BLACK
6
CONTINUOUS
10
5.701050551181102
20
-3.9749386220472438
11
5.7011467716535433
21
-3.9749785039370078
0
LINE
8
BLACK
6
CONTINUOUS
10
5.7011467716535433
20
-3.9749785039370078
11
5.7012549999999997
21
-3.9750673228346454
0
LINE
8
BLACK
6
CONTINUOUS
10
5.7012549999999997
20
-3.9750673228346454
11
5.7013733070866142
21
-3.9751418110236219
0
LINE
8
BLACK
6
CONTINUOUS
10
5.7013733070866142
20
-3.9751418110236219
11
5.7014413779527562
21
-3.9752203149606298
0
LINE
8
BLACK
6
CONTINUOUS
10
5.7014413779527562
20
-3.9752203149606298
11
5.7017433464566931
21
-3.9754681496062991
0
LINE
8
BLACK
6
CONTINUOUS
10
5.7017433464566931
20
-3.9754681496062991
11
5.70650531496063
21
-3.9802300393700785
0
LINE
8
BLACK
6
CONTINUOUS
10
5.70650531496063
20
-3.9802300393700785
11
5.7069949212598425
21
-3.980826653543307
0
LINE
8
BLACK
6
CONTINUOUS
10
5.7069949212598425
20
-3.980826653543307
11
5.7071069291338583
21
-3.9810970472440945
0
LINE
8
BLACK
6
CONTINUOUS
10
5.7071069291338583
20
-3.9810970472440945
11
5.7072812204724412
21
-3.981332283464567
0
LINE
8
BLACK
6
CONTINUOUS
10
5.7072812204724412
20
-3.981332283464567
11
5.7075408661417324
21
-3.9820590944881888
0
LINE
8
BLACK
6
CONTINUOUS
10
5.7075408661417324
20
-3.9820590944881888
11
5.7099218110236221
21
-3.9915829133858267
0
LINE
8
BLACK
6
CONTINUOUS
10
5.7099218110236221
20
-3.9915829133858267
11
5.7099414566929134
21
-3.9917159448818897
0
LINE
8
BLACK
6
CONTINUOUS
10
5.7099414566929134
20
-3.9917159448818897
11
5.7099637401574803
21
-3.9917696850393698
0
LINE
8
BLACK
6
CONTINUOUS
10
5.7099637401574803
20
-3.9917696850393698
11
5.7099922047244096
21
-3.9920590944881891
0
LINE
8
BLACK
6
CONTINUOUS
10
5.7099922047244096
20
-3.9920590944881891
11
5.7100347244094483
21
-3.9923463779527557
0
LINE
8
BLACK
6
CONTINUOUS
10
5.7100347244094483
20
-3.9923463779527557
11
5.7100261417322837
21
-3.9924037795275589
0
LINE
8
BLACK
6
CONTINUOUS
10
5.7100261417322837
20
-3.9924037795275589
11
5.7100393700787402
21
-3.9925377559055115
0
LINE
8
BLACK
6
CONTINUOUS
10
5.7100393700787402
20
-3.9925377559055115
11
5.7100393700787402
21
-4.0092044094488184
0
LINE
8
BLACK
6
CONTINUOUS
10
5.7100393700787402
20
-4.0092044094488184
11
5.7100261417322837
21
-4.0093383464566932
0
LINE
8
BLACK
6
CONTINUOUS
10
5.7100261417322837
20
-4.0093383464566932
11
5.7100347244094483
21
-4.0093957874015747
0
LINE
8
BLACK
6
CONTINUOUS
10
5.7100347244094483
20
-4.0093957874015747
11
5.7099922047244096
21
-4.0096830314960625
0
LINE
8
BLACK
6
CONTINUOUS
10
5.7099922047244096
20
-4.0096830314960625
11
5.7099637401574803
21
-4.0099724803149606
0
LINE
8
BLACK
6
CONTINUOUS
10
5.7099637401574803
20
-4.0099724803149606
11
5.7099414566929134
21
-4.0100261811023623
0
LINE
8
BLACK
6
CONTINUOUS
10
5.7099414566929134
20
-4.0100261811023623
11
5.7099218110236221
21
-4.0101592519685036
0
LINE
8
BLACK
6
CONTINUOUS
10
5.7099218110236221
20
-4.0101592519685036
11
5.7075408661417324
21
-4.019683070866142
0
LINE
8
BLACK
6
CONTINUOUS
10
5.7075408661417324
20
-4.019683070866142
11
5.7072812204724412
21
-4.0204098818897638
0
LINE
8
BLACK
6
CONTINUOUS
10
5.7072812204724412
20
-4.0204098818897638
11
5.7071069291338583
21
-4.0206450787401575
0
LINE
8
BLACK
6
CONTINUOUS
10
5.7071069291338583
20
-4.0206450787401575
11
5.7069949212598425
21
-4.0209155511811021
0
LINE
8
BLACK
6
CONTINUOUS
10
5.7069949212598425
20
-4.0209155511811021
11
5.7065052755905512
21
-4.0215121259842519
0
LINE
8
BLACK
6
CONTINUOUS
10
5.7065052755905512
20
-4.0215121259842519
11
5.7017433858267719
21
-4.02627405511811
0
LINE
8
BLACK
6
CONTINUOUS
10
5.7017433858267719
20
-4.02627405511811
11
5.7014413779527562
21
-4.026521850393701
0
LINE
8
BLACK
6
CONTINUOUS
10
5.7014413779527562
20
-4.026521850393701
11
5.7013733070866142
21
-4.0266003937007877
0
LINE
8
BLACK
6
CONTINUOUS
10
5.7013733070866142
20
-4.0266003937007877
11
5.7012548818897635
21
-4.0266749212598425
0
LINE
8
BLACK
6
CONTINUOUS
10
5.7012548818897635
20
-4.0266749212598425
11
5.7011467716535433
21
-4.0267636614173226
0
LINE
8
BLACK
6
CONTINUOUS
10
5.7011467716535433
20
-4.0267636614173226
11
5.7010507086614171
21
-4.0268034251968503
0
LINE
8
BLACK
6
CONTINUOUS
10
5.7010507086614171
20
-4.0268034251968503
11
5.7007201574803146
21
-4.0270115354330711
0
LINE
8
BLACK
6
CONTINUOUS
10
5.7007201574803146
20
-4.0270115354330711
11
5.6959582677165352
21
-4.0293924803149608
0
LINE
8
BLACK
6
CONTINUOUS
10
5.6959582677165352
20
-4.0293924803149608
11
5.6952374803149608
21
-4.0296683070866139
0
LINE
8
BLACK
6
CONTINUOUS
10
5.6952374803149608
20
-4.0296683070866139
11
5.6950963779527557
21
-4.0296783070866145
0
LINE
8
BLACK
6
CONTINUOUS
10
5.6950963779527557
20
-4.0296783070866145
11
5.6949656692913386
21
-4.0297324803149603
0
LINE
8
BLACK
6
CONTINUOUS
10
5.6949656692913386
20
-4.0297324803149603
11
5.6941975984251965
21
-4.0298081102362202
0
LINE
8
BLACK
6
CONTINUOUS
10
5.6941975984251965
20
-4.0298081102362202
11
5.684673779527559
21
-4.0298081102362202
0
LINE
8
BLACK
6
CONTINUOUS
10
5.684673779527559
20
-4.0298081102362202
11
5.6839057086614169
21
-4.0297324803149603
0
LINE
8
BLACK
6
CONTINUOUS
10
5.6839057086614169
20
-4.0297324803149603
11
5.683774960629921
21
-4.0296783070866145
0
LINE
8
BLACK
6
CONTINUOUS
10
5.683774960629921
20
-4.0296783070866145
11
5.6836338976377956
21
-4.0296683070866139
0
LINE
8
BLACK
6
CONTINUOUS
10
5.6836338976377956
20
-4.0296683070866139
11
5.6829130708661415
21
-4.0293924803149608
0
LINE
8
BLACK
6
CONTINUOUS
10
5.6829130708661415
20
-4.0293924803149608
11
5.6781512204724409
21
-4.0270115354330711
0
LINE
8
BLACK
6
CONTINUOUS
10
5.6781512204724409
20
-4.0270115354330711
11
5.6778206299212597
21
-4.0268034251968503
0
LINE
8
BLACK
6
CONTINUOUS
10
5.6778206299212597
20
-4.0268034251968503
11
5.6777245669291334
21
-4.0267636614173226
0
LINE
8
BLACK
6
CONTINUOUS
10
5.6777245669291334
20
-4.0267636614173226
11
5.6776164566929133
21
-4.0266749212598425
0
LINE
8
BLACK
6
CONTINUOUS
10
5.6776164566929133
20
-4.0266749212598425
11
5.6774980314960626
21
-4.0266003937007877
0
LINE
8
BLACK
6
CONTINUOUS
10
5.6774980314960626
20
-4.0266003937007877
11
5.6774298031496064
21
-4.0265217322834648
0
LINE
8
BLACK
6
CONTINUOUS
10
5.6774298031496064
20
-4.0265217322834648
11
5.6771279921259845
21
-4.0262740157480312
0
LINE
8
BLACK
6
CONTINUOUS
10
5.6771279921259845
20
-4.0262740157480312
11
5.6723660629921255
21
-4.0215121259842519
0
LINE
8
BLACK
6
CONTINUOUS
10
5.6723660629921255
20
-4.0215121259842519
11
5.671876456692913
21
-4.0209155118110234
0
LINE
8
BLACK
6
CONTINUOUS
10
5.671876456692913
20
-4.0209155118110234
11
5.6717644094488184
21
-4.0206450787401575
0
LINE
8
BLACK
6
CONTINUOUS
10
5.6717644094488184
20
-4.0206450787401575
11
5.6715901574803151
21
-4.0204098818897638
0
LINE
8
BLACK
6
CONTINUOUS
10
5.6715901574803151
20
-4.0204098818897638
11
5.6713305118110231
21
-4.0196831102362207
0
LINE
8
BLACK
6
CONTINUOUS
10
5.6713305118110231
20
-4.0196831102362207
11
5.6689495669291334
21
-4.0101592519685036
0
LINE
8
BLACK
6
CONTINUOUS
10
5.6689495669291334
20
-4.0101592519685036
11
5.6689298818897633
21
-4.0100261811023623
0
LINE
8
BLACK
6
CONTINUOUS
10
5.6689298818897633
20
-4.0100261811023623
11
5.6689076377952752
21
-4.0099724803149606
0
LINE
8
BLACK
6
CONTINUOUS
10
5.6689076377952752
20
-4.0099724803149606
11
5.668879133858268
21
-4.0096830314960625
0
LINE
8
BLACK
6
CONTINUOUS
10
5.668879133858268
20
-4.0096830314960625
11
5.6688366535433072
21
-4.0093957874015747
0
LINE
8
BLACK
6
CONTINUOUS
10
5.6688366535433072
20
-4.0093957874015747
11
5.6688451968503939
21
-4.0093383464566932
0
LINE
8
BLACK
6
CONTINUOUS
10
5.6688451968503939
20
-4.0093383464566932
11
5.6688320078740153
21
-4.0092044094488184
0
LINE
8
BLACK
6
CONTINUOUS
10
5.6688320078740153
20
-4.0092044094488184
11
5.6688320078740153
21
-3.9925377559055115
0
LINE
8
BLACK
6
CONTINUOUS
10
5.6688320078740153
20
-3.9925377559055115
11
5.6688451968503939
21
-3.9924037795275589
0
LINE
8
BLACK
6
CONTINUOUS
10
5.6688451968503939
20
-3.9924037795275589
11
5.6688366535433072
21
-3.9923463779527557
0
LINE
8
BLACK
6
CONTINUOUS
10
5.6688366535433072
20
-3.9923463779527557
11
5.668879133858268
21
-3.9920590944881891
0
LINE
8
BLACK
6
CONTINUOUS
10
5.668879133858268
20
-3.9920590944881891
11
5.6689076377952752
21
-3.9917696850393698
0
LINE
8
BLACK
6
CONTINUOUS
10
5.6689076377952752
20
-3.9917696850393698
11
5.6689298818897633
21
-3.9917159448818897
0
LINE
8
BLACK
6
CONTINUOUS
10
5.6689298818897633
20
-3.9917159448818897
11
5.6689495669291334
21
-3.9915829133858267
0
LINE
8
BLACK
6
CONTINUOUS
10
5.6689495669291334
20
-3.9915829133858267
11
5.6713305118110231
21
-3.9820590551181101
0
LINE
8
BLACK
6
CONTINUOUS
10
5.6713305118110231
20
-3.9820590551181101
11
5.6715901574803151
21
-3.981332283464567
0
LINE
8
BLACK
6
CONTINUOUS
10
5.6715901574803151
20
-3.981332283464567
11
5.6717644094488184
21
-3.9810970472440945
0
LINE
8
BLACK
6
CONTINUOUS
10
5.6717644094488184
20
-3.9810970472440945
11
5.671876456692913
21
-3.9808266141732283
0
LINE
8
BLACK
6
CONTINUOUS
10
5.671876456692913
20
-3.9808266141732283
11
5.6723661023622043
21
-3.9802300393700785
0
LINE
8
BLACK
6
CONTINUOUS
10
5.6723661023622043
20
-3.9802300393700785
11
5.6771280314960633
21
-3.9754681496062991
0
LINE
8
BLACK
6
CONTINUOUS
10
5.6771280314960633
20
-3.9754681496062991
11
5.6774298425196852
21
-3.9752203937007873
0
LINE
8
BLACK
6
CONTINUOUS
10
5.6774298425196852
20
-3.9752203937007873
11
5.6774980314960626
21
-3.9751418110236219
0
LINE
8
BLACK
6
CONTINUOUS
10
5.6774980314960626
20
-3.9751418110236219
11
5.6776164173228345
21
-3.9750672440944883
0
LINE
8
BLACK
6
CONTINUOUS
10
5.6776164173228345
20
-3.9750672440944883
11
5.6777246062992122
21
-3.9749785039370078
0
LINE
8
BLACK
6
CONTINUOUS
10
5.6777246062992122
20
-3.9749785039370078
11
5.6778207086614172
21
-3.9749386614173225
0
LINE
8
BLACK
6
CONTINUOUS
10
5.6778207086614172
20
-3.9749386614173225
11
5.6781512204724409
21
-3.9747306692913384
0
LINE
8
BLACK
6
CONTINUOUS
10
5.6781512204724409
20
-3.9747306692913384
11
5.6829130708661415
21
-3.9723497244094488
0
LINE
8
BLACK
6
CONTINUOUS
10
5.6829130708661415
20
-3.9723497244094488
11
5.6836338976377956
21
-3.9720738976377952
0
LINE
8
BLACK
6
CONTINUOUS
10
5.6836338976377956
20
-3.9720738976377952
11
5.683774960629921
21
-3.9720638582677164
0
LINE
8
BLACK
6
CONTINUOUS
10
5.683774960629921
20
-3.9720638582677164
11
5.6839057086614169
21
-3.9720097244094488
0
LINE
8
BLACK
6
CONTINUOUS
10
5.6839057086614169
20
-3.9720097244094488
11
5.684673779527559
21
-3.9719340944881889
0
LINE
8
BLACK
6
CONTINUOUS
10
5.684673779527559
20
-3.9719340944881889
11
5.6941975984251965
21
-3.9719340944881889
0
LINE
8
BLACK
6
CONTINUOUS
10
5.6941975984251965
20
-3.9719340944881889
11
5.6949656692913386
21
-3.9720097244094488
0
LINE
8
BLACK
6
CONTINUOUS
10
5.6822440157480312
20
-3.9814876771653545
11
5.6787048818897636
21
-3.9850267322834645
0
LINE
8
BLACK
6
CONTINUOUS
10
5.6787048818897636
20
-3.9850267322834645
11
5.6767060236220468
21
-3.9930223228346455
0
LINE
8
BLACK
6
CONTINUOUS
10
5.6767060236220468
20
-3.9930223228346455
11
5.6767060236220468
21
-4.0087198031496065
0
LINE
8
BLACK
6
CONTINUOUS
10
5.6767060236220468
20
-4.0087198031496065
11
5.6787048818897636
21
-4.0167153543307084
0
LINE
8
BLACK
6
CONTINUOUS
10
5.6787048818897636
20
-4.0167153543307084
11
5.6822439763779524
21
-4.0202544881889759
0
LINE
8
BLACK
6
CONTINUOUS
10
5.6822439763779524
20
-4.0202544881889759
11
5.6856031889763781
21
-4.0219340944881887
0
LINE
8
BLACK
6
CONTINUOUS
10
5.6856031889763781
20
-4.0219340944881887
11
5.6932681889763774
21
-4.0219340944881887
0
LINE
8
BLACK
6
CONTINUOUS
10
5.6932681889763774
20
-4.0219340944881887
11
5.6966273622047243
21
-4.0202544881889759
0
LINE
8
BLACK
6
CONTINUOUS
10
5.6966273622047243
20
-4.0202544881889759
11
5.7001664173228344
21
-4.0167153937007871
0
LINE
8
BLACK
6
CONTINUOUS
10
5.7001664173228344
20
-4.0167153937007871
11
5.7021653543307087
21
-4.0087197637795278
0
LINE
8
BLACK
6
CONTINUOUS
10
5.7021653543307087
20
-4.0087197637795278
11
5.7021653543307087
21
-3.9930223622047243
0
LINE
8
BLACK
6
CONTINUOUS
10
5.7021653543307087
20
-3.9930223622047243
11
5.7001664173228344
21
-3.9850267322834645
0
LINE
8
BLACK
6
CONTINUOUS
10
5.7001664173228344
20
-3.9850267322834645
11
5.6966274409448818
21
-3.9814877165354328
0
LINE
8
BLACK
6
CONTINUOUS
10
5.6966274409448818
20
-3.9814877165354328
11
5.6932681889763774
21
-3.9798081102362204
0
LINE
8
BLACK
6
CONTINUOUS
10
5.6932681889763774
20
-3.9798081102362204
11
5.6856031889763781
21
-3.9798081102362204
0
LINE
8
BLACK
6
CONTINUOUS
10
5.6856031889763781
20
-3.9798081102362204
11
5.6822440157480312
21
-3.9814876771653545
0
LINE
8
BLACK
6
CONTINUOUS
10
5.7922053149606301
20
-3.9719723622047245
11
5.7923090157480317
21
-3.971965
0
LINE
8
BLACK
6
CONTINUOUS
10
5.7923090157480317
20
-3.971965
11
5.7924453543307086
21
-3.9719959842519685
0
LINE
8
BLACK
6
CONTINUOUS
10
5.7924453543307086
20
-3.9719959842519685
11
5.7925846850393699
21
-3.9720097244094488
0
LINE
8
BLACK
6
CONTINUOUS
10
5.7925846850393699
20
-3.9720097244094488
11
5.7926808267716536
21
-3.9720495275590548
0
LINE
8
BLACK
6
CONTINUOUS
10
5.7926808267716536
20
-3.9720495275590548
11
5.7930616141732285
21
-3.9721361417322836
0
LINE
8
BLACK
6
CONTINUOUS
10
5.7930616141732285
20
-3.9721361417322836
11
5.8002044881889763
21
-3.9745170866141732
0
LINE
8
BLACK
6
CONTINUOUS
10
5.8002044881889763
20
-3.9745170866141732
11
5.800909212598425
21
-3.9748316929133858
0
LINE
8
BLACK
6
CONTINUOUS
10
5.800909212598425
20
-3.9748316929133858
11
5.8010161023622047
21
-3.974924409448819
0
LINE
8
BLACK
6
CONTINUOUS
10
5.8010161023622047
20
-3.974924409448819
11
5.801146771653543
21
-3.9749785433070866
0
LINE
8
BLACK
6
CONTINUOUS
10
5.801146771653543
20
-3.9749785433070866
11
5.8017433858267715
21
-3.9754681496062991
0
LINE
8
BLACK
6
CONTINUOUS
10
5.8017433858267715
20
-3.9754681496062991
11
5.8065052755905509
21
-3.9802300393700785
0
LINE
8
BLACK
6
CONTINUOUS
10
5.8065052755905509
20
-3.9802300393700785
11
5.8067529527559056
21
-3.9805318503937008
0
LINE
8
BLACK
6
CONTINUOUS
10
5.8067529527559056
20
-3.9805318503937008
11
5.8068316141732286
21
-3.9806000787401574
0
LINE
8
BLACK
6
CONTINUOUS
10
5.8068316141732286
20
-3.9806000787401574
11
5.8069062204724409
21
-3.9807186220472439
0
LINE
8
BLACK
6
CONTINUOUS
10
5.8069062204724409
20
-3.9807186220472439
11
5.8069948818897634
21
-3.980826653543307
0
LINE
8
BLACK
6
CONTINUOUS
10
5.8069948818897634
20
-3.980826653543307
11
5.8070346062992124
21
-3.9809225590551178
0
LINE
8
BLACK
6
CONTINUOUS
10
5.8070346062992124
20
-3.9809225590551178
11
5.807242755905512
21
-3.9812532283464566
0
LINE
8
BLACK
6
CONTINUOUS
10
5.807242755905512
20
-3.9812532283464566
11
5.8096237401574804
21
-3.9860151968503934
0
LINE
8
BLACK
6
CONTINUOUS
10
5.8096237401574804
20
-3.9860151968503934
11
5.8096451968503935
21
-3.9860713385826769
0
LINE
8
BLACK
6
CONTINUOUS
10
5.8096451968503935
20
-3.9860713385826769
11
5.8096621653543306
21
-3.9860942125984251
0
LINE
8
BLACK
6
CONTINUOUS
10
5.8096621653543306
20
-3.9860942125984251
11
5.8097772440944881
21
-3.9864163385826772
0
LINE
8
BLACK
6
CONTINUOUS
10
5.8097772440944881
20
-3.9864163385826772
11
5.8098995669291336
21
-3.9867359842519683
0
LINE
8
BLACK
6
CONTINUOUS
10
5.8098995669291336
20
-3.9867359842519683
11
5.8099015748031491
21
-3.9867643307086613
0
LINE
8
BLACK
6
CONTINUOUS
10
5.8099015748031491
20
-3.9867643307086613
11
5.8099218110236217
21
-3.9868209842519686
0
LINE
8
BLACK
6
CONTINUOUS
10
5.8099218110236217
20
-3.9868209842519686
11
5.8123027559055114
21
-3.9963447637795273
0
LINE
8
BLACK
6
CONTINUOUS
10
5.8123027559055114
20
-3.9963447637795273
11
5.8123224409448815
21
-3.9964778740157478
0
LINE
8
BLACK
6
CONTINUOUS
10
5.8123224409448815
20
-3.9964778740157478
11
5.8123446850393696
21
-3.9965315748031496
0
LINE
8
BLACK
6
CONTINUOUS
10
5.8123446850393696
20
-3.9965315748031496
11
5.8123731496062989
21
-3.9968209448818897
0
LINE
8
BLACK
6
CONTINUOUS
10
5.8123731496062989
20
-3.9968209448818897
11
5.8124156692913385
21
-3.9971082677165355
0
LINE
8
BLACK
6
CONTINUOUS
10
5.8124156692913385
20
-3.9971082677165355
11
5.812407086614173
21
-3.9971656692913387
0
LINE
8
BLACK
6
CONTINUOUS
10
5.812407086614173
20
-3.9971656692913387
11
5.8124203149606295
21
-3.9972996456692913
0
LINE
8
BLACK
6
CONTINUOUS
10
5.8124203149606295
20
-3.9972996456692913
11
5.8124203149606295
21
-4.0044425196850391
0
LINE
8
BLACK
6
CONTINUOUS
10
5.8124203149606295
20
-4.0044425196850391
11
5.812407086614173
21
-4.004576456692913
0
LINE
8
BLACK
6
CONTINUOUS
10
5.812407086614173
20
-4.004576456692913
11
5.8124156692913385
21
-4.0046338976377953
0
LINE
8
BLACK
6
CONTINUOUS
10
5.8124156692913385
20
-4.0046338976377953
11
5.8123731496062989
21
-4.0049211417322832
0
LINE
8
BLACK
6
CONTINUOUS
10
5.8123731496062989
20
-4.0049211417322832
11
5.8123446850393696
21
-4.0052105905511812
0
LINE
8
BLACK
6
CONTINUOUS
10
5.8123446850393696
20
-4.0052105905511812
11
5.8123224015748027
21
-4.005264291338583
0
LINE
8
BLACK
6
CONTINUOUS
10
5.8123224015748027
20
-4.005264291338583
11
5.8123027559055114
21
-4.0053973622047243
0
LINE
8
BLACK
6
CONTINUOUS
10
5.8123027559055114
20
-4.0053973622047243
11
5.8099218110236217
21
-4.0149211811023617
0
LINE
8
BLACK
6
CONTINUOUS
10
5.8099218110236217
20
-4.0149211811023617
11
5.8099015748031491
21
-4.0149777559055115
0
LINE
8
BLACK
6
CONTINUOUS
10
5.8099015748031491
20
-4.0149777559055115
11
5.8098995669291336
21
-4.0150062204724408
0
LINE
8
BLACK
6
CONTINUOUS
10
5.8098995669291336
20
-4.0150062204724408
11
5.8097772834645669
21
-4.0153256299212599
0
LINE
8
BLACK
6
CONTINUOUS
10
5.8097772834645669
20
-4.0153256299212599
11
5.8096621653543306
21
-4.0156479921259844
0
LINE
8
BLACK
6
CONTINUOUS
10
5.8096621653543306
20
-4.0156479921259844
11
5.8096451574803147
21
-4.0156709055118105
0
LINE
8
BLACK
6
CONTINUOUS
10
5.8096451574803147
20
-4.0156709055118105
11
5.8096237007874016
21
-4.015727047244094
0
LINE
8
BLACK
6
CONTINUOUS
10
5.8096237007874016
20
-4.015727047244094
11
5.8072427165354332
21
-4.0204889370078742
0
LINE
8
BLACK
6
CONTINUOUS
10
5.8072427165354332
20
-4.0204889370078742
11
5.8070347637795274
21
-4.0208192519685042
0
LINE
8
BLACK
6
CONTINUOUS
10
5.8070347637795274
20
-4.0208192519685042
11
5.8069949212598422
21
-4.0209155118110234
0
LINE
8
BLACK
6
CONTINUOUS
10
5.8069949212598422
20
-4.0209155118110234
11
5.8069059842519684
21
-4.0210238188976373
0
LINE
8
BLACK
6
CONTINUOUS
10
5.8069059842519684
20
-4.0210238188976373
11
5.8068315748031498
21
-4.0211420866141729
0
LINE
8
BLACK
6
CONTINUOUS
10
5.8068315748031498
20
-4.0211420866141729
11
5.8067530708661419
21
-4.0212101181102362
0
LINE
8
BLACK
6
CONTINUOUS
10
5.8067530708661419
20
-4.0212101181102362
11
5.8065052755905509
21
-4.0215120866141731
0
LINE
8
BLACK
6
CONTINUOUS
10
5.8065052755905509
20
-4.0215120866141731
11
5.8017433858267715
21
-4.0262740157480312
0
LINE
8
BLACK
6
CONTINUOUS
10
5.8017433858267715
20
-4.0262740157480312
11
5.8011468110236217
21
-4.0267636614173226
0
LINE
8
BLACK
6
CONTINUOUS
10
5.8011468110236217
20
-4.0267636614173226
11
5.8010161023622047
21
-4.0268177559055118
0
LINE
8
BLACK
6
CONTINUOUS
10
5.8010161023622047
20
-4.0268177559055118
11
5.800909212598425
21
-4.0269105118110238
0
LINE
8
BLACK
6
CONTINUOUS
10
5.800909212598425
20
-4.0269105118110238
11
5.8002044881889763
21
-4.0272251181102359
0
LINE
8
BLACK
6
CONTINUOUS
10
5.8002044881889763
20
-4.0272251181102359
11
5.7930616141732285
21
-4.0296060629921255
0
LINE
8
BLACK
6
CONTINUOUS
10
5.7930616141732285
20
-4.0296060629921255
11
5.7926808267716536
21
-4.0296926377952751
0
LINE
8
BLACK
6
CONTINUOUS
10
5.7926808267716536
20
-4.0296926377952751
11
5.7925846850393699
21
-4.0297324803149603
0
LINE
8
BLACK
6
CONTINUOUS
10
5.7925846850393699
20
-4.0297324803149603
11
5.7924453543307086
21
-4.0297461811023618
0
LINE
8
BLACK
6
CONTINUOUS
10
5.7924453543307086
20
-4.0297461811023618
11
5.7923090157480317
21
-4.0297772047244091
0
LINE
8
BLACK
6
CONTINUOUS
10
5.7923090157480317
20
-4.0297772047244091
11
5.7922053149606301
21
-4.0297698031496063
0
LINE
8
BLACK
6
CONTINUOUS
10
5.7922053149606301
20
-4.0297698031496063
11
5.7918166141732286
21
-4.0298081102362202
0
LINE
8
BLACK
6
CONTINUOUS
10
5.7918166141732286
20
-4.0298081102362202
11
5.7870547244094483
21
-4.0298081102362202
0
LINE
8
BLACK
6
CONTINUOUS
10
5.7870547244094483
20
-4.0298081102362202
11
5.7866659842519681
21
-4.0297698031496063
0
LINE
8
BLACK
6
CONTINUOUS
10
5.7866659842519681
20
-4.0297698031496063
11
5.7865623228346452
21
-4.0297772047244091
0
LINE
8
BLACK
6
CONTINUOUS
10
5.7865623228346452
20
-4.0297772047244091
11
5.7864259842519683
21
-4.0297461811023618
0
LINE
8
BLACK
6
CONTINUOUS
10
5.7864259842519683
20
-4.0297461811023618
11
5.7862866535433071
21
-4.0297324803149603
0
LINE
8
BLACK
6
CONTINUOUS
10
5.7862866535433071
20
-4.0297324803149603
11
5.7861904724409445
21
-4.0296926377952751
0
LINE
8
BLACK
6
CONTINUOUS
10
5.7861904724409445
20
-4.0296926377952751
11
5.7858097637795272
21
-4.0296060629921255
0
LINE
8
BLACK
6
CONTINUOUS
10
5.7858097637795272
20
-4.0296060629921255
11
5.7786668503937006
21
-4.0272251181102359
0
LINE
8
BLACK
6
CONTINUOUS
10
5.7786668503937006
20
-4.0272251181102359
11
5.777962125984252
21
-4.0269105118110238
0
LINE
8
BLACK
6
CONTINUOUS
10
5.777962125984252
20
-4.0269105118110238
11
5.7778551968503935
21
-4.0268177952755906
0
LINE
8
BLACK
6
CONTINUOUS
10
5.7778551968503935
20
-4.0268177952755906
11
5.7777245275590552
21
-4.0267636614173226
0
LINE
8
BLACK
6
CONTINUOUS
10
5.7777245275590552
20
-4.0267636614173226
11
5.7771279527559054
21
-4.0262740157480312
0
LINE
8
BLACK
6
CONTINUOUS
10
5.7771279527559054
20
-4.0262740157480312
11
5.7747470078740157
21
-4.0238930314960628
0
LINE
8
BLACK
6
CONTINUOUS
10
5.7747470078740157
20
-4.0238930314960628
11
5.7742573622047244
21
-4.023296456692913
0
LINE
8
BLACK
6
CONTINUOUS
10
5.7742573622047244
20
-4.023296456692913
11
5.773669527559055
21
-4.0218772047244098
0
LINE
8
BLACK
6
CONTINUOUS
10
5.773669527559055
20
-4.0218772047244098
11
5.7736695669291338
21
-4.0203410629921255
0
LINE
8
BLACK
6
CONTINUOUS
10
5.7736695669291338
20
-4.0203410629921255
11
5.7742574015748032
21
-4.018921850393701
0
LINE
8
BLACK
6
CONTINUOUS
10
5.7742574015748032
20
-4.018921850393701
11
5.7753436220472443
21
-4.0178356299212599
0
LINE
8
BLACK
6
CONTINUOUS
10
5.7753436220472443
20
-4.0178356299212599
11
5.7767628740157475
21
-4.0172477952755905
0
LINE
8
BLACK
6
CONTINUOUS
10
5.7767628740157475
20
-4.0172477952755905
11
5.778299015748031
21
-4.0172478346456693
0
LINE
8
BLACK
6
CONTINUOUS
10
5.778299015748031
20
-4.0172478346456693
11
5.7797182283464563
21
-4.0178356692913386
0
LINE
8
BLACK
6
CONTINUOUS
10
5.7797182283464563
20
-4.0178356692913386
11
5.7803148031496061
21
-4.0183253149606299
0
LINE
8
BLACK
6
CONTINUOUS
10
5.7803148031496061
20
-4.0183253149606299
11
5.7820385433070864
21
-4.020049094488189
0
LINE
8
BLACK
6
CONTINUOUS
10
5.7820385433070864
20
-4.020049094488189
11
5.7876935826771652
21
-4.0219340944881887
0
LINE
8
BLACK
6
CONTINUOUS
10
5.7876935826771652
20
-4.0219340944881887
11
5.7911777559055118
21
-4.0219340944881887
0
LINE
8
BLACK
6
CONTINUOUS
10
5.7911777559055118
20
-4.0219340944881887
11
5.7968327559055117
21
-4.020049094488189
0
LINE
8
BLACK
6
CONTINUOUS
10
5.7968327559055117
20
-4.020049094488189
11
5.8004857874015743
21
-4.0163960236220468
0
LINE
8
BLACK
6
CONTINUOUS
10
5.8004857874015743
20
-4.0163960236220468
11
5.8023877165354332
21
-4.0125921653543308
0
LINE
8
BLACK
6
CONTINUOUS
10
5.8023877165354332
20
-4.0125921653543308
11
5.804546299212598
21
-4.0039578740157475
0
LINE
8
BLACK
6
CONTINUOUS
10
5.804546299212598
20
-4.0039578740157475
11
5.804546299212598
21
-3.9977842913385824
0
LINE
8
BLACK
6
CONTINUOUS
10
5.804546299212598
20
-3.9977842913385824
11
5.8023877165354332
21
-3.9891499606299212
0
LINE
8
BLACK
6
CONTINUOUS
10
5.8023877165354332
20
-3.9891499606299212
11
5.8004857086614168
21
-3.985346062992126
0
LINE
8
BLACK
6
CONTINUOUS
10
5.8004857086614168
20
-3.985346062992126
11
5.796832716535433
21
-3.9816930708661418
0
LINE
8
BLACK
6
CONTINUOUS
10
5.796832716535433
20
-3.9816930708661418
11
5.7911777559055118
21
-3.9798081102362204
0
LINE
8
BLACK
6
CONTINUOUS
10
5.7911777559055118
20
-3.9798081102362204
11
5.7876935826771652
21
-3.9798081102362204
0
LINE
8
BLACK
6
CONTINUOUS
10
5.7876935826771652
20
-3.9798081102362204
11
5.7820385826771652
21
-3.9816930708661418
0
LINE
8
BLACK
6
CONTINUOUS
10
5.7820385826771652
20
-3.9816930708661418
11
5.7803148031496061
21
-3.9834168897637796
0
LINE
8
BLACK
6
CONTINUOUS
10
5.7803148031496061
20
-3.9834168897637796
11
5.7797181889763776
21
-3.9839064960629922
0
LINE
8
BLACK
6
CONTINUOUS
10
5.7797181889763776
20
-3.9839064960629922
11
5.7782989763779522
21
-3.9844943700787399
0
LINE
8
BLACK
6
CONTINUOUS
10
5.7782989763779522
20
-3.9844943700787399
11
5.7767628346456688
21
-3.9844943700787399
0
LINE
8
BLACK
6
CONTINUOUS
10
5.7767628346456688
20
-3.9844943700787399
11
5.7753436220472443
21
-3.9839064960629922
0
LINE
8
BLACK
6
CONTINUOUS
10
5.7753436220472443
20
-3.9839064960629922
11
5.7742574015748032
21
-3.9828202755905511
0
LINE
8
BLACK
6
CONTINUOUS
10
5.7742574015748032
20
-3.9828202755905511
11
5.773669527559055
21
-3.9814010629921257
0
LINE
8
BLACK
6
CONTINUOUS
10
5.773669527559055
20
-3.9814010629921257
11
5.773669527559055
21
-3.9798649212598423
0
LINE
8
BLACK
6
CONTINUOUS
10
5.773669527559055
20
-3.9798649212598423
11
5.7742574015748032
21
-3.9784457086614173
0
LINE
8
BLACK
6
CONTINUOUS
10
5.7742574015748032
20
-3.9784457086614173
11
5.7747470078740157
21
-3.9778490944881888
0
LINE
8
BLACK
6
CONTINUOUS
10
5.7747470078740157
20
-3.9778490944881888
11
5.7771279527559054
21
-3.9754681496062991
0
LINE
8
BLACK
6
CONTINUOUS
10
5.7771279527559054
20
-3.9754681496062991
11
5.7777245669291339
21
-3.9749785433070866
0
LINE
8
BLACK
6
CONTINUOUS
10
5.7777245669291339
20
-3.9749785433070866
11
5.7778551968503935
21
-3.974924409448819
0
LINE
8
BLACK
6
CONTINUOUS
10
5.7778551968503935
20
-3.974924409448819
11
5.777962125984252
21
-3.9748316929133858
0
LINE
8
BLACK
6
CONTINUOUS
10
5.777962125984252
20
-3.9748316929133858
11
5.7786668503937006
21
-3.9745170866141732
0
LINE
8
BLACK
6
CONTINUOUS
10
5.7786668503937006
20
-3.9745170866141732
11
5.7858097637795272
21
-3.9721361417322836
0
LINE
8
BLACK
6
CONTINUOUS
10
5.7858097637795272
20
-3.9721361417322836
11
5.7861904724409445
21
-3.9720495275590548
0
LINE
8
BLACK
6
CONTINUOUS
10
5.7861904724409445
20
-3.9720495275590548
11
5.7862866535433071
21
-3.9720097244094488
0
LINE
8
BLACK
6
CONTINUOUS
10
5.7862866535433071
20
-3.9720097244094488
11
5.7864259842519683
21
-3.9719959842519685
0
LINE
8
BLACK
6
CONTINUOUS
10
5.7864259842519683
20
-3.9719959842519685
11
5.7865623228346452
21
-3.971965
0
LINE
8
BLACK
6
CONTINUOUS
10
5.7865623228346452
20
-3.971965
11
5.7866659842519681
21
-3.9719723622047245
0
LINE
8
BLACK
6
CONTINUOUS
10
5.7866659842519681
20
-3.9719723622047245
11
5.7870547244094483
21
-3.9719340944881889
0
LINE
8
BLACK
6
CONTINUOUS
10
5.7870547244094483
20
-3.9719340944881889
11
5.7918166141732286
21
-3.9719340944881889
0
LINE
8
BLACK
6
CONTINUOUS
10
5.7918166141732286
20
-3.9719340944881889
11
5.7922053149606301
21
-3.9719723622047245
0
LINE
8
BLACK
6
CONTINUOUS
10
5.8749562598425191
20
-3.9725975984251969
11
5.8760424803149602
21
-3.9736838188976376
0
LINE
8
BLACK
6
CONTINUOUS
10
5.8760424803149602
20
-3.9736838188976376
11
5.8766303543307084
21
-3.9751030314960629
0
LINE
8
BLACK
6
CONTINUOUS
10
5.8766303543307084
20
-3.9751030314960629
11
5.8767059842519682
21
-3.9758711023622046
0
LINE
8
BLACK
6
CONTINUOUS
10
5.8767059842519682
20
-3.9758711023622046
11
5.8767059842519682
21
-4.0109464960629921
0
LINE
8
BLACK
6
CONTINUOUS
10
5.8767059842519682
20
-4.0109464960629921
11
5.8785909842519688
21
-4.0166015354330709
0
LINE
8
BLACK
6
CONTINUOUS
10
5.8785909842519688
20
-4.0166015354330709
11
5.8820385433070861
21
-4.020049094488189
0
LINE
8
BLACK
6
CONTINUOUS
10
5.8820385433070861
20
-4.020049094488189
11
5.8876935826771648
21
-4.0219340944881887
0
LINE
8
BLACK
6
CONTINUOUS
10
5.8876935826771648
20
-4.0219340944881887
11
5.8918166141732282
21
-4.0219340944881887
0
LINE
8
BLACK
6
CONTINUOUS
10
5.8918166141732282
20
-4.0219340944881887
11
5.8925846850393704
21
-4.0220097244094486
0
LINE
8
BLACK
6
CONTINUOUS
10
5.8925846850393704
20
-4.0220097244094486
11
5.8940038976377949
21
-4.0225975984251967
0
LINE
8
BLACK
6
CONTINUOUS
10
5.8940038976377949
20
-4.0225975984251967
11
5.895090118110236
21
-4.0236838188976378
0
LINE
8
BLACK
6
CONTINUOUS
10
5.895090118110236
20
-4.0236838188976378
11
5.8956779921259841
21
-4.0251030314960632
0
LINE
8
BLACK
6
CONTINUOUS
10
5.8956779921259841
20
-4.0251030314960632
11
5.8956779921259841
21
-4.0266391732283466
0
LINE
8
BLACK
6
CONTINUOUS
10
5.8956779921259841
20
-4.0266391732283466
11
5.895090118110236
21
-4.028058385826772
0
LINE
8
BLACK
6
CONTINUOUS
10
5.895090118110236
20
-4.028058385826772
11
5.8940038976377949
21
-4.0291446062992122
0
LINE
8
BLACK
6
CONTINUOUS
10
5.8940038976377949
20
-4.0291446062992122
11
5.8925846850393704
21
-4.0297324803149603
0
LINE
8
BLACK
6
CONTINUOUS
10
5.8925846850393704
20
-4.0297324803149603
11
5.8918166141732282
21
-4.0298081102362202
0
LINE
8
BLACK
6
CONTINUOUS
10
5.8918166141732282
20
-4.0298081102362202
11
5.8870547244094489
21
-4.0298081102362202
0
LINE
8
BLACK
6
CONTINUOUS
10
5.8870547244094489
20
-4.0298081102362202
11
5.8866659842519686
21
-4.0297698031496063
0
LINE
8
BLACK
6
CONTINUOUS
10
5.8866659842519686
20
-4.0297698031496063
11
5.8865623228346458
21
-4.0297772047244091
0
LINE
8
BLACK
6
CONTINUOUS
10
5.8865623228346458
20
-4.0297772047244091
11
5.8864259842519679
21
-4.0297461811023618
0
LINE
8
BLACK
6
CONTINUOUS
10
5.8864259842519679
20
-4.0297461811023618
11
5.8862866535433067
21
-4.0297324803149603
0
LINE
8
BLACK
6
CONTINUOUS
10
5.8862866535433067
20
-4.0297324803149603
11
5.8861904724409451
21
-4.0296926377952751
0
LINE
8
BLACK
6
CONTINUOUS
10
5.8861904724409451
20
-4.0296926377952751
11
5.8858097637795277
21
-4.0296060629921255
0
LINE
8
BLACK
6
CONTINUOUS
10
5.8858097637795277
20
-4.0296060629921255
11
5.8786668503937003
21
-4.0272251181102359
0
LINE
8
BLACK
6
CONTINUOUS
10
5.8786668503937003
20
-4.0272251181102359
11
5.8779621259842516
21
-4.0269105118110238
0
LINE
8
BLACK
6
CONTINUOUS
10
5.8779621259842516
20
-4.0269105118110238
11
5.8778551968503931
21
-4.0268177559055118
0
LINE
8
BLACK
6
CONTINUOUS
10
5.8778551968503931
20
-4.0268177559055118
11
5.8777245669291336
21
-4.0267636614173226
0
LINE
8
BLACK
6
CONTINUOUS
10
5.8777245669291336
20
-4.0267636614173226
11
5.877127952755905
21
-4.02627405511811
0
LINE
8
BLACK
6
CONTINUOUS
10
5.877127952755905
20
-4.02627405511811
11
5.8723660629921257
21
-4.0215120866141731
0
LINE
8
BLACK
6
CONTINUOUS
10
5.8723660629921257
20
-4.0215120866141731
11
5.8718764173228344
21
-4.0209155118110234
0
LINE
8
BLACK
6
CONTINUOUS
10
5.8718764173228344
20
-4.0209155118110234
11
5.8718222047244097
21
-4.02078468503937
0
LINE
8
BLACK
6
CONTINUOUS
10
5.8718222047244097
20
-4.02078468503937
11
5.8717296456692916
21
-4.0206779527559053
0
LINE
8
BLACK
6
CONTINUOUS
10
5.8717296456692916
20
-4.0206779527559053
11
5.8714149999999998
21
-4.0199732283464567
0
LINE
8
BLACK
6
CONTINUOUS
10
5.8714149999999998
20
-4.0199732283464567
11
5.8690340157480314
21
-4.0128303937007876
0
LINE
8
BLACK
6
CONTINUOUS
10
5.8690340157480314
20
-4.0128303937007876
11
5.8689474015748031
21
-4.012449566929134
0
LINE
8
BLACK
6
CONTINUOUS
10
5.8689474015748031
20
-4.012449566929134
11
5.8689075984251966
21
-4.012353464566929
0
LINE
8
BLACK
6
CONTINUOUS
10
5.8689075984251966
20
-4.012353464566929
11
5.8688938582677164
21
-4.0122141732283465
0
LINE
8
BLACK
6
CONTINUOUS
10
5.8688938582677164
20
-4.0122141732283465
11
5.8688628740157478
21
-4.0120778346456696
0
LINE
8
BLACK
6
CONTINUOUS
10
5.8688628740157478
20
-4.0120778346456696
11
5.8688702362204719
21
-4.0119740944881892
0
LINE
8
BLACK
6
CONTINUOUS
10
5.8688702362204719
20
-4.0119740944881892
11
5.8688319685039367
21
-4.0115853937007877
0
LINE
8
BLACK
6
CONTINUOUS
10
5.8688319685039367
20
-4.0115853937007877
11
5.8688319685039367
21
-3.9758711023622046
0
LINE
8
BLACK
6
CONTINUOUS
10
5.8688319685039367
20
-3.9758711023622046
11
5.8689075984251966
21
-3.9751030314960629
0
LINE
8
BLACK
6
CONTINUOUS
10
5.8689075984251966
20
-3.9751030314960629
11
5.8694954724409447
21
-3.9736838188976376
0
LINE
8
BLACK
6
CONTINUOUS
10
5.8694954724409447
20
-3.9736838188976376
11
5.8705816929133858
21
-3.9725975984251969
0
LINE
8
BLACK
6
CONTINUOUS
10
5.8705816929133858
20
-3.9725975984251969
11
5.8720009055118112
21
-3.9720097244094488
0
LINE
8
BLACK
6
CONTINUOUS
10
5.8720009055118112
20
-3.9720097244094488
11
5.8735370472440946
21
-3.9720097244094488
0
LINE
8
BLACK
6
CONTINUOUS
10
5.8735370472440946
20
-3.9720097244094488
11
5.8749562598425191
21
-3.9725975984251969
0
LINE
8
BLACK
6
CONTINUOUS
10
5.8401949606299208
20
-3.9720539370078738
11
5.8404755511811022
21
-3.9720738976377952
0
LINE
8
BLACK
6
CONTINUOUS
10
5.8404755511811022
20
-3.9720738976377952
11
5.8409169291338578
21
-3.9722946062992124
0
LINE
8
BLACK
6
CONTINUOUS
10
5.8409169291338578
20
-3.9722946062992124
11
5.8413853937007874
21
-3.9724507480314961
0
LINE
8
BLACK
6
CONTINUOUS
10
5.8413853937007874
20
-3.9724507480314961
11
5.8415979527559054
21
-3.9726351181102362
0
LINE
8
BLACK
6
CONTINUOUS
10
5.8415979527559054
20
-3.9726351181102362
11
5.841849527559055
21
-3.9727609055118109
0
LINE
8
BLACK
6
CONTINUOUS
10
5.841849527559055
20
-3.9727609055118109
11
5.842172952755905
21
-3.9731337795275588
0
LINE
8
BLACK
6
CONTINUOUS
10
5.842172952755905
20
-3.9731337795275588
11
5.842545866141732
21
-3.973457244094488
0
LINE
8
BLACK
6
CONTINUOUS
10
5.842545866141732
20
-3.973457244094488
11
5.842671614173228
21
-3.9737087795275587
0
LINE
8
BLACK
6
CONTINUOUS
10
5.842671614173228
20
-3.9737087795275587
11
5.8428560236220468
21
-3.973921377952756
0
LINE
8
BLACK
6
CONTINUOUS
10
5.8428560236220468
20
-3.973921377952756
11
5.8431706299212598
21
-3.9746261023622047
0
LINE
8
BLACK
6
CONTINUOUS
10
5.8431706299212598
20
-3.9746261023622047
11
5.8598372834645671
21
-4.0246261023622045
0
LINE
8
BLACK
6
CONTINUOUS
10
5.8598372834645671
20
-4.0246261023622045
11
5.8600084251968498
21
-4.0253786614173226
0
LINE
8
BLACK
6
CONTINUOUS
10
5.8600084251968498
20
-4.0253786614173226
11
5.8598995275590546
21
-4.0269109448818901
0
LINE
8
BLACK
6
CONTINUOUS
10
5.8598995275590546
20
-4.0269109448818901
11
5.8592125196850393
21
-4.0282849212598428
0
LINE
8
BLACK
6
CONTINUOUS
10
5.8592125196850393
20
-4.0282849212598428
11
5.8580520472440947
21
-4.0292914173228347
0
LINE
8
BLACK
6
CONTINUOUS
10
5.8580520472440947
20
-4.0292914173228347
11
5.8565947244094483
21
-4.0297772047244091
0
LINE
8
BLACK
6
CONTINUOUS
10
5.8565947244094483
20
-4.0297772047244091
11
5.8550624409448817
21
-4.0296682677165352
0
LINE
8
BLACK
6
CONTINUOUS
10
5.8550624409448817
20
-4.0296682677165352
11
5.8536884645669289
21
-4.0289812992125986
0
LINE
8
BLACK
6
CONTINUOUS
10
5.8536884645669289
20
-4.0289812992125986
11
5.8526819685039371
21
-4.0278208267716531
0
LINE
8
BLACK
6
CONTINUOUS
10
5.8526819685039371
20
-4.0278208267716531
11
5.8523673622047241
21
-4.0271160629921257
0
LINE
8
BLACK
6
CONTINUOUS
10
5.8523673622047241
20
-4.0271160629921257
11
5.8485027952755901
21
-4.0155224015748034
0
LINE
8
BLACK
6
CONTINUOUS
10
5.8485027952755901
20
-4.0155224015748034
11
5.8303685039370077
21
-4.0155224015748034
0
LINE
8
BLACK
6
CONTINUOUS
10
5.8303685039370077
20
-4.0155224015748034
11
5.8265039370078737
21
-4.0271161023622044
0
LINE
8
BLACK
6
CONTINUOUS
10
5.8265039370078737
20
-4.0271161023622044
11
5.8261893307086616
21
-4.0278208267716531
0
LINE
8
BLACK
6
CONTINUOUS
10
5.8261893307086616
20
-4.0278208267716531
11
5.8251827952755901
21
-4.0289812992125986
0
LINE
8
BLACK
6
CONTINUOUS
10
5.8251827952755901
20
-4.0289812992125986
11
5.8238088582677161
21
-4.0296683070866139
0
LINE
8
BLACK
6
CONTINUOUS
10
5.8238088582677161
20
-4.0296683070866139
11
5.8222765748031495
21
-4.0297772047244091
0
LINE
8
BLACK
6
CONTINUOUS
10
5.8222765748031495
20
-4.0297772047244091
11
5.820819251968504
21
-4.0292914566929134
0
LINE
8
BLACK
6
CONTINUOUS
10
5.820819251968504
20
-4.0292914566929134
11
5.8196587795275585
21
-4.0282849212598428
0
LINE
8
BLACK
6
CONTINUOUS
10
5.8196587795275585
20
-4.0282849212598428
11
5.8189717716535432
21
-4.0269109842519688
0
LINE
8
BLACK
6
CONTINUOUS
10
5.8189717716535432
20
-4.0269109842519688
11
5.818862874015748
21
-4.0253787007874013
0
LINE
8
BLACK
6
CONTINUOUS
10
5.818862874015748
20
-4.0253787007874013
11
5.8190340157480316
21
-4.0246261023622045
0
LINE
8
BLACK
6
CONTINUOUS
10
5.8190340157480316
20
-4.0246261023622045
11
5.8357007086614168
21
-3.9746261023622047
0
LINE
8
BLACK
6
CONTINUOUS
10
5.8357007086614168
20
-3.9746261023622047
11
5.8360153149606298
21
-3.973921377952756
0
LINE
8
BLACK
6
CONTINUOUS
10
5.8360153149606298
20
-3.973921377952756
11
5.8361996850393698
21
-3.9737087795275587
0
LINE
8
BLACK
6
CONTINUOUS
10
5.8361996850393698
20
-3.9737087795275587
11
5.8363254724409446
21
-3.973457244094488
0
LINE
8
BLACK
6
CONTINUOUS
10
5.8363254724409446
20
-3.973457244094488
11
5.8366983858267716
21
-3.9731337795275588
0
LINE
8
BLACK
6
CONTINUOUS
10
5.8366983858267716
20
-3.9731337795275588
11
5.8370218503937004
21
-3.9727608661417322
0
LINE
8
BLACK
6
CONTINUOUS
10
5.8370218503937004
20
-3.9727608661417322
11
5.8372733858267711
21
-3.9726350787401574
0
LINE
8
BLACK
6
CONTINUOUS
10
5.8372733858267711
20
-3.9726350787401574
11
5.8374859448818892
21
-3.9724507480314961
0
LINE
8
BLACK
6
CONTINUOUS
10
5.8374859448818892
20
-3.9724507480314961
11
5.83795437007874
21
-3.9722945669291336
0
LINE
8
BLACK
6
CONTINUOUS
10
5.83795437007874
20
-3.9722945669291336
11
5.8383958267716531
21
-3.9720738976377952
0
LINE
8
BLACK
6
CONTINUOUS
10
5.8383958267716531
20
-3.9720738976377952
11
5.838676338582677
21
-3.9720539370078738
0
LINE
8
BLACK
6
CONTINUOUS
10
5.838676338582677
20
-3.9720539370078738
11
5.8389432677165356
21
-3.971965
0
LINE
8
BLACK
6
CONTINUOUS
10
5.8389432677165356
20
-3.971965
11
5.8394356692913387
21
-3.9719999606299212
0
LINE
8
BLACK
6
CONTINUOUS
10
5.8394356692913387
20
-3.9719999606299212
11
5.8399281102362206
21
-3.971965
0
LINE
8
BLACK
6
CONTINUOUS
10
5.8399281102362206
20
-3.971965
11
5.8401949606299208
21
-3.9720539370078738
0
LINE
8
BLACK
6
CONTINUOUS
10
5.8329931889763778
20
-4.007648385826772
11
5.8458781496062988
21
-4.007648385826772
0
LINE
8
BLACK
6
CONTINUOUS
10
5.8458781496062988
20
-4.007648385826772
11
5.83943562992126
21
-3.9883209448818895
0
LINE
8
BLACK
6
CONTINUOUS
10
5.83943562992126
20
-3.9883209448818895
11
5.8329931889763778
21
-4.007648385826772
0
LINE
8
BLACK
6
CONTINUOUS
10
5.7297181889763777
20
-3.9725975984251969
11
5.7308044094488189
21
-3.9736838188976376
0
LINE
8
BLACK
6
CONTINUOUS
10
5.7308044094488189
20
-3.9736838188976376
11
5.731392283464567
21
-3.9751030314960629
0
LINE
8
BLACK
6
CONTINUOUS
10
5.731392283464567
20
-3.9751030314960629
11
5.7314679133858268
21
-3.9758711023622046
0
LINE
8
BLACK
6
CONTINUOUS
10
5.7314679133858268
20
-3.9758711023622046
11
5.7314679133858268
21
-3.995743622047244
0
LINE
8
BLACK
6
CONTINUOUS
10
5.7314679133858268
20
-3.995743622047244
11
5.7521653543307085
21
-3.995743622047244
0
LINE
8
BLACK
6
CONTINUOUS
10
5.7521653543307085
20
-3.995743622047244
11
5.7521653543307085
21
-3.9758711023622046
0
LINE
8
BLACK
6
CONTINUOUS
10
5.7521653543307085
20
-3.9758711023622046
11
5.7522409842519684
21
-3.9751030314960629
0
LINE
8
BLACK
6
CONTINUOUS
10
5.7522409842519684
20
-3.9751030314960629
11
5.7528288582677165
21
-3.9736838188976376
0
LINE
8
BLACK
6
CONTINUOUS
10
5.7528288582677165
20
-3.9736838188976376
11
5.7539150787401576
21
-3.9725975984251969
0
LINE
8
BLACK
6
CONTINUOUS
10
5.7539150787401576
20
-3.9725975984251969
11
5.755334291338583
21
-3.9720097244094488
0
LINE
8
BLACK
6
CONTINUOUS
10
5.755334291338583
20
-3.9720097244094488
11
5.7568704330708664
21
-3.9720097244094488
0
LINE
8
BLACK
6
CONTINUOUS
10
5.7568704330708664
20
-3.9720097244094488
11
5.7582896456692909
21
-3.9725975984251969
0
LINE
8
BLACK
6
CONTINUOUS
10
5.7582896456692909
20
-3.9725975984251969
11
5.759375866141732
21
-3.9736838188976376
0
LINE
8
BLACK
6
CONTINUOUS
10
5.759375866141732
20
-3.9736838188976376
11
5.7599637401574801
21
-3.9751030314960629
0
LINE
8
BLACK
6
CONTINUOUS
10
5.7599637401574801
20
-3.9751030314960629
11
5.76003937007874
21
-3.9758711023622046
0
LINE
8
BLACK
6
CONTINUOUS
10
5.76003937007874
20
-3.9758711023622046
11
5.76003937007874
21
-4.0258711023622045
0
LINE
8
BLACK
6
CONTINUOUS
10
5.76003937007874
20
-4.0258711023622045
11
5.7599637401574801
21
-4.0266391732283466
0
LINE
8
BLACK
6
CONTINUOUS
10
5.7599637401574801
20
-4.0266391732283466
11
5.759375866141732
21
-4.028058385826772
0
LINE
8
BLACK
6
CONTINUOUS
10
5.759375866141732
20
-4.028058385826772
11
5.7582896456692909
21
-4.0291446062992122
0
LINE
8
BLACK
6
CONTINUOUS
10
5.7582896456692909
20
-4.0291446062992122
11
5.7568704330708664
21
-4.0297324803149603
0
LINE
8
BLACK
6
CONTINUOUS
10
5.7568704330708664
20
-4.0297324803149603
11
5.755334291338583
21
-4.0297324803149603
0
LINE
8
BLACK
6
CONTINUOUS
10
5.755334291338583
20
-4.0297324803149603
11
5.7539150787401576
21
-4.0291446062992122
0
LINE
8
BLACK
6
CONTINUOUS
10
5.7539150787401576
20
-4.0291446062992122
11
5.7528288582677165
21
-4.028058385826772
0
LINE
8
BLACK
6
CONTINUOUS
10
5.7528288582677165
20
-4.028058385826772
11
5.7522409842519684
21
-4.0266391732283466
0
LINE
8
BLACK
6
CONTINUOUS
10
5.7522409842519684
20
-4.0266391732283466
11
5.7521653543307085
21
-4.0258711023622045
0
LINE
8
BLACK
6
CONTINUOUS
10
5.7521653543307085
20
-4.0258711023622045
11
5.7521653543307085
21
-4.0036176377952755
0
LINE
8
BLACK
6
CONTINUOUS
10
5.7521653543307085
20
-4.0036176377952755
11
5.7314679133858268
21
-4.0036176377952755
0
LINE
8
BLACK
6
CONTINUOUS
10
5.7314679133858268
20
-4.0036176377952755
11
5.7314679133858268
21
-4.0258711023622045
0
LINE
8
BLACK
6
CONTINUOUS
10
5.7314679133858268
20
-4.0258711023622045
11
5.731392283464567
21
-4.0266391732283466
0
LINE
8
BLACK
6
CONTINUOUS
10
5.731392283464567
20
-4.0266391732283466
11
5.7308044094488189
21
-4.028058385826772
0
LINE
8
BLACK
6
CONTINUOUS
10
5.7308044094488189
20
-4.028058385826772
11
5.7297181889763777
21
-4.0291446062992122
0
LINE
8
BLACK
6
CONTINUOUS
10
5.7297181889763777
20
-4.0291446062992122
11
5.7282989763779524
21
-4.0297324803149603
0
LINE
8
BLACK
6
CONTINUOUS
10
5.7282989763779524
20
-4.0297324803149603
11
5.7267628346456689
21
-4.0297324803149603
0
LINE
8
BLACK
6
CONTINUOUS
10
5.7267628346456689
20
-4.0297324803149603
11
5.7253436220472436
21
-4.0291446062992122
0
LINE
8
BLACK
6
CONTINUOUS
10
5.7253436220472436
20
-4.0291446062992122
11
5.7242574015748033
21
-4.028058385826772
0
LINE
8
BLACK
6
CONTINUOUS
10
5.7242574015748033
20
-4.028058385826772
11
5.7236695275590552
21
-4.0266391732283466
0
LINE
8
BLACK
6
CONTINUOUS
10
5.7236695275590552
20
-4.0266391732283466
11
5.7235938976377954
21
-4.0258711023622045
0
LINE
8
BLACK
6
CONTINUOUS
10
5.7235938976377954
20
-4.0258711023622045
11
5.7235938976377954
21
-3.9758711023622046
0
LINE
8
BLACK
6
CONTINUOUS
10
5.7235938976377954
20
-3.9758711023622046
11
5.7236695275590552
21
-3.9751030314960629
0
LINE
8
BLACK
6
CONTINUOUS
10
5.7236695275590552
20
-3.9751030314960629
11
5.7242574015748033
21
-3.9736838188976376
0
LINE
8
BLACK
6
CONTINUOUS
10
5.7242574015748033
20
-3.9736838188976376
11
5.7253436220472436
21
-3.9725975984251969
0
LINE
8
BLACK
6
CONTINUOUS
10
5.7253436220472436
20
-3.9725975984251969
11
5.7267628346456689
21
-3.9720097244094488
0
LINE
8
BLACK
6
CONTINUOUS
10
5.7267628346456689
20
-3.9720097244094488
11
5.7282989763779524
21
-3.9720097244094488
0
LINE
8
BLACK
6
CONTINUOUS
10
5.7282989763779524
20
-3.9720097244094488
11
5.7297181889763777
21
-3.9725975984251969
0
LINE
8
BLACK
6
CONTINUOUS
10
6.1933070472440948
20
-3.7633925196850391
11
6.1935876377952752
21
-3.7634124803149605
0
LINE
8
BLACK
6
CONTINUOUS
10
6.1935876377952752
20
-3.7634124803149605
11
6.1940290157480318
21
-3.7636331889763777
0
LINE
8
BLACK
6
CONTINUOUS
10
6.1940290157480318
20
-3.7636331889763777
11
6.1944974803149604
21
-3.7637893307086614
0
LINE
8
BLACK
6
CONTINUOUS
10
6.1944974803149604
20
-3.7637893307086614
11
6.1947100393700785
21
-3.7639737007874015
0
LINE
8
BLACK
6
CONTINUOUS
10
6.1947100393700785
20
-3.7639737007874015
11
6.194961614173228
21
-3.7640994881889762
0
LINE
8
BLACK
6
CONTINUOUS
10
6.194961614173228
20
-3.7640994881889762
11
6.1952850393700789
21
-3.7644723622047245
0
LINE
8
BLACK
6
CONTINUOUS
10
6.1952850393700789
20
-3.7644723622047245
11
6.195657952755905
21
-3.7647958267716533
0
LINE
8
BLACK
6
CONTINUOUS
10
6.195657952755905
20
-3.7647958267716533
11
6.195783700787401
21
-3.7650473622047245
0
LINE
8
BLACK
6
CONTINUOUS
10
6.195783700787401
20
-3.7650473622047245
11
6.1959681102362207
21
-3.7652599606299213
0
LINE
8
BLACK
6
CONTINUOUS
10
6.1959681102362207
20
-3.7652599606299213
11
6.1962827165354328
21
-3.76596468503937
0
LINE
8
BLACK
6
CONTINUOUS
10
6.1962827165354328
20
-3.76596468503937
11
6.2129493700787402
21
-3.8159646850393698
0
LINE
8
BLACK
6
CONTINUOUS
10
6.2129493700787402
20
-3.8159646850393698
11
6.2131205118110238
21
-3.8167172440944883
0
LINE
8
BLACK
6
CONTINUOUS
10
6.2131205118110238
20
-3.8167172440944883
11
6.2130116141732286
21
-3.8182495275590549
0
LINE
8
BLACK
6
CONTINUOUS
10
6.2130116141732286
20
-3.8182495275590549
11
6.2123246062992123
21
-3.8196235039370077
0
LINE
8
BLACK
6
CONTINUOUS
10
6.2123246062992123
20
-3.8196235039370077
11
6.2111641338582677
21
-3.82063
0
LINE
8
BLACK
6
CONTINUOUS
10
6.2111641338582677
20
-3.82063
11
6.2097068110236222
21
-3.8211157874015749
0
LINE
8
BLACK
6
CONTINUOUS
10
6.2097068110236222
20
-3.8211157874015749
11
6.2081745275590547
21
-3.8210068503937009
0
LINE
8
BLACK
6
CONTINUOUS
10
6.2081745275590547
20
-3.8210068503937009
11
6.206800551181102
21
-3.8203198818897639
0
LINE
8
BLACK
6
CONTINUOUS
10
6.206800551181102
20
-3.8203198818897639
11
6.2057940551181101
21
-3.8191594094488188
0
LINE
8
BLACK
6
CONTINUOUS
10
6.2057940551181101
20
-3.8191594094488188
11
6.2054794488188971
21
-3.8184546456692914
0
LINE
8
BLACK
6
CONTINUOUS
10
6.2054794488188971
20
-3.8184546456692914
11
6.2016148818897641
21
-3.8068609842519683
0
LINE
8
BLACK
6
CONTINUOUS
10
6.2016148818897641
20
-3.8068609842519683
11
6.1834805905511807
21
-3.8068609842519683
0
LINE
8
BLACK
6
CONTINUOUS
10
6.1834805905511807
20
-3.8068609842519683
11
6.1796160236220468
21
-3.8184546850393701
0
LINE
8
BLACK
6
CONTINUOUS
10
6.1796160236220468
20
-3.8184546850393701
11
6.1793014173228347
21
-3.8191594094488188
0
LINE
8
BLACK
6
CONTINUOUS
10
6.1793014173228347
20
-3.8191594094488188
11
6.1782948818897641
21
-3.8203198818897639
0
LINE
8
BLACK
6
CONTINUOUS
10
6.1782948818897641
20
-3.8203198818897639
11
6.17692094488189
21
-3.8210068897637792
0
LINE
8
BLACK
6
CONTINUOUS
10
6.17692094488189
20
-3.8210068897637792
11
6.1753886614173226
21
-3.8211157874015749
0
LINE
8
BLACK
6
CONTINUOUS
10
6.1753886614173226
20
-3.8211157874015749
11
6.1748730314960625
21
-3.8209438976377954
0
LINE
8
BLACK
6
CONTINUOUS
10
6.1748730314960625
20
-3.8209438976377954
11
6.174980590551181
21
-3.8212035039370078
0
LINE
8
BLACK
6
CONTINUOUS
10
6.174980590551181
20
-3.8212035039370078
11
6.174980590551181
21
-3.8227396456692913
0
LINE
8
BLACK
6
CONTINUOUS
10
6.174980590551181
20
-3.8227396456692913
11
6.1743927165354329
21
-3.8241588582677166
0
LINE
8
BLACK
6
CONTINUOUS
10
6.1743927165354329
20
-3.8241588582677166
11
6.1733064960629918
21
-3.8252450787401573
0
LINE
8
BLACK
6
CONTINUOUS
10
6.1733064960629918
20
-3.8252450787401573
11
6.1718872834645664
21
-3.8258329527559054
0
LINE
8
BLACK
6
CONTINUOUS
10
6.1718872834645664
20
-3.8258329527559054
11
6.1711192125984251
21
-3.8259085826771653
0
LINE
8
BLACK
6
CONTINUOUS
10
6.1711192125984251
20
-3.8259085826771653
11
6.1330239370078736
21
-3.8259085826771653
0
LINE
8
BLACK
6
CONTINUOUS
10
6.1330239370078736
20
-3.8259085826771653
11
6.1322558661417323
21
-3.8258329527559054
0
LINE
8
BLACK
6
CONTINUOUS
10
6.1322558661417323
20
-3.8258329527559054
11
6.130836653543307
21
-3.8252450787401573
0
LINE
8
BLACK
6
CONTINUOUS
10
6.130836653543307
20
-3.8252450787401573
11
6.1297504330708659
21
-3.8241588582677166
0
LINE
8
BLACK
6
CONTINUOUS
10
6.1297504330708659
20
-3.8241588582677166
11
6.1291625590551178
21
-3.8227396456692913
0
LINE
8
BLACK
6
CONTINUOUS
10
6.1291625590551178
20
-3.8227396456692913
11
6.1291625590551178
21
-3.8212035039370078
0
LINE
8
BLACK
6
CONTINUOUS
10
6.1291625590551178
20
-3.8212035039370078
11
6.1297504330708659
21
-3.8197842913385824
0
LINE
8
BLACK
6
CONTINUOUS
10
6.1297504330708659
20
-3.8197842913385824
11
6.130836653543307
21
-3.8186980708661418
0
LINE
8
BLACK
6
CONTINUOUS
10
6.130836653543307
20
-3.8186980708661418
11
6.1322558661417323
21
-3.8181101968503937
0
LINE
8
BLACK
6
CONTINUOUS
10
6.1322558661417323
20
-3.8181101968503937
11
6.1330239370078736
21
-3.8180345669291338
0
LINE
8
BLACK
6
CONTINUOUS
10
6.1330239370078736
20
-3.8180345669291338
11
6.1711192125984251
21
-3.8180345669291338
0
LINE
8
BLACK
6
CONTINUOUS
10
6.1711192125984251
20
-3.8180345669291338
11
6.1718872834645664
21
-3.8181101968503937
0
LINE
8
BLACK
6
CONTINUOUS
10
6.1718872834645664
20
-3.8181101968503937
11
6.1720796062992127
21
-3.818189842519685
0
LINE
8
BLACK
6
CONTINUOUS
10
6.1720796062992127
20
-3.818189842519685
11
6.171974960629921
21
-3.8167172834645666
0
LINE
8
BLACK
6
CONTINUOUS
10
6.171974960629921
20
-3.8167172834645666
11
6.1721461023622046
21
-3.8159646850393698
0
LINE
8
BLACK
6
CONTINUOUS
10
6.1721461023622046
20
-3.8159646850393698
11
6.1888127952755907
21
-3.76596468503937
0
LINE
8
BLACK
6
CONTINUOUS
10
6.1888127952755907
20
-3.76596468503937
11
6.1891274015748028
21
-3.7652599606299213
0
LINE
8
BLACK
6
CONTINUOUS
10
6.1891274015748028
20
-3.7652599606299213
11
6.1893117716535428
21
-3.7650473622047245
0
LINE
8
BLACK
6
CONTINUOUS
10
6.1893117716535428
20
-3.7650473622047245
11
6.1894375590551176
21
-3.7647958267716533
0
LINE
8
BLACK
6
CONTINUOUS
10
6.1894375590551176
20
-3.7647958267716533
11
6.1898104724409446
21
-3.7644723622047245
0
LINE
8
BLACK
6
CONTINUOUS
10
6.1898104724409446
20
-3.7644723622047245
11
6.1901339370078743
21
-3.7640994488188975
0
LINE
8
BLACK
6
CONTINUOUS
10
6.1901339370078743
20
-3.7640994488188975
11
6.1903854724409451
21
-3.7639736614173227
0
LINE
8
BLACK
6
CONTINUOUS
10
6.1903854724409451
20
-3.7639736614173227
11
6.1905980314960631
21
-3.7637893307086614
0
LINE
8
BLACK
6
CONTINUOUS
10
6.1905980314960631
20
-3.7637893307086614
11
6.191066456692913
21
-3.7636331496062989
0
LINE
8
BLACK
6
CONTINUOUS
10
6.191066456692913
20
-3.7636331496062989
11
6.1915079133858271
21
-3.7634124803149605
0
LINE
8
BLACK
6
CONTINUOUS
10
6.1915079133858271
20
-3.7634124803149605
11
6.19178842519685
21
-3.7633925196850391
0
LINE
8
BLACK
6
CONTINUOUS
10
6.19178842519685
20
-3.7633925196850391
11
6.1920553543307086
21
-3.7633035826771652
0
LINE
8
BLACK
6
CONTINUOUS
10
6.1920553543307086
20
-3.7633035826771652
11
6.1925477559055118
21
-3.7633385433070865
0
LINE
8
BLACK
6
CONTINUOUS
10
6.1925477559055118
20
-3.7633385433070865
11
6.1930401968503936
21
-3.7633035826771652
0
LINE
8
BLACK
6
CONTINUOUS
10
6.1930401968503936
20
-3.7633035826771652
11
6.1933070472440948
21
-3.7633925196850391
0
LINE
8
BLACK
6
CONTINUOUS
10
6.1861052755905508
20
-3.7989869685039368
11
6.1989902362204727
21
-3.7989869685039368
0
LINE
8
BLACK
6
CONTINUOUS
10
6.1989902362204727
20
-3.7989869685039368
11
6.192547716535433
21
-3.7796595275590552
0
LINE
8
BLACK
6
CONTINUOUS
10
6.192547716535433
20
-3.7796595275590552
11
6.1861052755905508
21
-3.7989869685039368
0
LINE
8
BLACK
6
CONTINUOUS
10
5.9119776771653543
20
-3.7633483070866141
11
5.912363464566929
21
-3.7633483070866141
0
LINE
8
BLACK
6
CONTINUOUS
10
5.912363464566929
20
-3.7633483070866141
11
5.9127236220472437
21
-3.7634974803149603
0
LINE
8
BLACK
6
CONTINUOUS
10
5.9127236220472437
20
-3.7634974803149603
11
5.9131058267716536
21
-3.763573937007874
0
LINE
8
BLACK
6
CONTINUOUS
10
5.9131058267716536
20
-3.763573937007874
11
5.9134262992125981
21
-3.7637885433070863
0
LINE
8
BLACK
6
CONTINUOUS
10
5.9134262992125981
20
-3.7637885433070863
11
5.9137826771653543
21
-3.7639361811023622
0
LINE
8
BLACK
6
CONTINUOUS
10
5.9137826771653543
20
-3.7639361811023622
11
5.9140582283464562
21
-3.7642117322834645
0
LINE
8
BLACK
6
CONTINUOUS
10
5.9140582283464562
20
-3.7642117322834645
11
5.9143822047244097
21
-3.7644287007874015
0
LINE
8
BLACK
6
CONTINUOUS
10
5.9143822047244097
20
-3.7644287007874015
11
5.9148659842519686
21
-3.7650194881889765
0
LINE
8
BLACK
6
CONTINUOUS
10
5.9148659842519686
20
-3.7650194881889765
11
5.9148688976377954
21
-3.7650224015748033
0
LINE
8
BLACK
6
CONTINUOUS
10
5.9148688976377954
20
-3.7650224015748033
11
5.9148694094488183
21
-3.7650236614173229
0
LINE
8
BLACK
6
CONTINUOUS
10
5.9148694094488183
20
-3.7650236614173229
11
5.9148711811023622
21
-3.7650258267716534
0
LINE
8
BLACK
6
CONTINUOUS
10
5.9148711811023622
20
-3.7650258267716534
11
5.9194168503937004
21
-3.7718443307086615
0
LINE
8
BLACK
6
CONTINUOUS
10
5.9194168503937004
20
-3.7718443307086615
11
5.92345125984252
21
-3.7758787401574803
0
LINE
8
BLACK
6
CONTINUOUS
10
5.92345125984252
20
-3.7758787401574803
11
5.9276417716535432
21
-3.7779740157480313
0
LINE
8
BLACK
6
CONTINUOUS
10
5.9276417716535432
20
-3.7779740157480313
11
5.9282949212598428
21
-3.7783851574803147
0
LINE
8
BLACK
6
CONTINUOUS
10
5.9282949212598428
20
-3.7783851574803147
11
5.9293014173228347
21
-3.7795456299212598
0
LINE
8
BLACK
6
CONTINUOUS
10
5.9293014173228347
20
-3.7795456299212598
11
5.9297871653543304
21
-3.7810029527559053
0
LINE
8
BLACK
6
CONTINUOUS
10
5.9297871653543304
20
-3.7810029527559053
11
5.9296783070866139
21
-3.7825352362204723
0
LINE
8
BLACK
6
CONTINUOUS
10
5.9296783070866139
20
-3.7825352362204723
11
5.9289913385826774
21
-3.7839092125984251
0
LINE
8
BLACK
6
CONTINUOUS
10
5.9289913385826774
20
-3.7839092125984251
11
5.9278308267716531
21
-3.7849157086614174
0
LINE
8
BLACK
6
CONTINUOUS
10
5.9278308267716531
20
-3.7849157086614174
11
5.9263735039370076
21
-3.7854014960629923
0
LINE
8
BLACK
6
CONTINUOUS
10
5.9263735039370076
20
-3.7854014960629923
11
5.924841220472441
21
-3.7852925984251966
0
LINE
8
BLACK
6
CONTINUOUS
10
5.924841220472441
20
-3.7852925984251966
11
5.9241204330708657
21
-3.785016771653543
0
LINE
8
BLACK
6
CONTINUOUS
10
5.9241204330708657
20
-3.785016771653543
11
5.9193585039370076
21
-3.7826358267716533
0
LINE
8
BLACK
6
CONTINUOUS
10
5.9193585039370076
20
-3.7826358267716533
11
5.9190279133858263
21
-3.782427716535433
0
LINE
8
BLACK
6
CONTINUOUS
10
5.9190279133858263
20
-3.782427716535433
11
5.9189318897637797
21
-3.7823879527559052
0
LINE
8
BLACK
6
CONTINUOUS
10
5.9189318897637797
20
-3.7823879527559052
11
5.9188237401574799
21
-3.7822992125984252
0
LINE
8
BLACK
6
CONTINUOUS
10
5.9188237401574799
20
-3.7822992125984252
11
5.9187053543307089
21
-3.7822246850393699
0
LINE
8
BLACK
6
CONTINUOUS
10
5.9187053543307089
20
-3.7822246850393699
11
5.9186372440944881
21
-3.7821461417322833
0
LINE
8
BLACK
6
CONTINUOUS
10
5.9186372440944881
20
-3.7821461417322833
11
5.9183352755905512
21
-3.7818983464566927
0
LINE
8
BLACK
6
CONTINUOUS
10
5.9183352755905512
20
-3.7818983464566927
11
5.9155324015748034
21
-3.7790953937007874
0
LINE
8
BLACK
6
CONTINUOUS
10
5.9155324015748034
20
-3.7790953937007874
11
5.9155324015748034
21
-3.8132726771653545
0
LINE
8
BLACK
6
CONTINUOUS
10
5.9155324015748034
20
-3.8132726771653545
11
5.9258811023622044
21
-3.8132726771653545
0
LINE
8
BLACK
6
CONTINUOUS
10
5.9258811023622044
20
-3.8132726771653545
11
5.9266491732283466
21
-3.8133483070866139
0
LINE
8
BLACK
6
CONTINUOUS
10
5.9266491732283466
20
-3.8133483070866139
11
5.9280683858267711
21
-3.813936181102362
0
LINE
8
BLACK
6
CONTINUOUS
10
5.9280683858267711
20
-3.813936181102362
11
5.9291546062992122
21
-3.8150224015748031
0
LINE
8
BLACK
6
CONTINUOUS
10
5.9291546062992122
20
-3.8150224015748031
11
5.9297424803149603
21
-3.8164416141732285
0
LINE
8
BLACK
6
CONTINUOUS
10
5.9297424803149603
20
-3.8164416141732285
11
5.9297424803149603
21
-3.8179777559055119
0
LINE
8
BLACK
6
CONTINUOUS
10
5.9297424803149603
20
-3.8179777559055119
11
5.9291546062992122
21
-3.8193969685039368
0
LINE
8
BLACK
6
CONTINUOUS
10
5.9291546062992122
20
-3.8193969685039368
11
5.9280683858267711
21
-3.820483188976378
0
LINE
8
BLACK
6
CONTINUOUS
10
5.9280683858267711
20
-3.820483188976378
11
5.9266491732283466
21
-3.8210710629921261
0
LINE
8
BLACK
6
CONTINUOUS
10
5.9266491732283466
20
-3.8210710629921261
11
5.9258811023622044
21
-3.8211466929133859
0
LINE
8
BLACK
6
CONTINUOUS
10
5.9258811023622044
20
-3.8211466929133859
11
5.8973096456692913
21
-3.8211466929133859
0
LINE
8
BLACK
6
CONTINUOUS
10
5.8973096456692913
20
-3.8211466929133859
11
5.8965415748031491
21
-3.8210710629921261
0
LINE
8
BLACK
6
CONTINUOUS
10
5.8965415748031491
20
-3.8210710629921261
11
5.8951223622047246
21
-3.820483188976378
0
LINE
8
BLACK
6
CONTINUOUS
10
5.8951223622047246
20
-3.820483188976378
11
5.8940361417322835
21
-3.8193969685039368
0
LINE
8
BLACK
6
CONTINUOUS
10
5.8940361417322835
20
-3.8193969685039368
11
5.8934482677165354
21
-3.8179777559055119
0
LINE
8
BLACK
6
CONTINUOUS
10
5.8934482677165354
20
-3.8179777559055119
11
5.8934482677165354
21
-3.8164416141732285
0
LINE
8
BLACK
6
CONTINUOUS
10
5.8934482677165354
20
-3.8164416141732285
11
5.8940361417322835
21
-3.8150224015748031
0
LINE
8
BLACK
6
CONTINUOUS
10
5.8940361417322835
20
-3.8150224015748031
11
5.8951223622047246
21
-3.813936181102362
0
LINE
8
BLACK
6
CONTINUOUS
10
5.8951223622047246
20
-3.813936181102362
11
5.8965415748031491
21
-3.8133483070866139
0
LINE
8
BLACK
6
CONTINUOUS
10
5.8965415748031491
20
-3.8133483070866139
11
5.8973096456692913
21
-3.8132726771653545
0
LINE
8
BLACK
6
CONTINUOUS
10
5.8973096456692913
20
-3.8132726771653545
11
5.9076583858267719
21
-3.8132726771653545
0
LINE
8
BLACK
6
CONTINUOUS
10
5.9076583858267719
20
-3.8132726771653545
11
5.9076583858267719
21
-3.7672096850393699
0
LINE
8
BLACK
6
CONTINUOUS
10
5.9076583858267719
20
-3.7672096850393699
11
5.9076586220472436
21
-3.7672068897637794
0
LINE
8
BLACK
6
CONTINUOUS
10
5.9076586220472436
20
-3.7672068897637794
11
5.9076583858267719
21
-3.7672055511811022
0
LINE
8
BLACK
6
CONTINUOUS
10
5.9076583858267719
20
-3.7672055511811022
11
5.9076591732283461
21
-3.7672015354330708
0
LINE
8
BLACK
6
CONTINUOUS
10
5.9076591732283461
20
-3.7672015354330708
11
5.9077340157480309
21
-3.7664416141732282
0
LINE
8
BLACK
6
CONTINUOUS
10
5.9077340157480309
20
-3.7664416141732282
11
5.9078831889763777
21
-3.7660814173228347
0
LINE
8
BLACK
6
CONTINUOUS
10
5.9078831889763777
20
-3.7660814173228347
11
5.9079596456692913
21
-3.765699251968504
0
LINE
8
BLACK
6
CONTINUOUS
10
5.9079596456692913
20
-3.765699251968504
11
5.9081742519685037
21
-3.7653787401574803
0
LINE
8
BLACK
6
CONTINUOUS
10
5.9081742519685037
20
-3.7653787401574803
11
5.908321889763779
21
-3.7650224015748033
0
LINE
8
BLACK
6
CONTINUOUS
10
5.908321889763779
20
-3.7650224015748033
11
5.9085974409448818
21
-3.7647468110236217
0
LINE
8
BLACK
6
CONTINUOUS
10
5.9085974409448818
20
-3.7647468110236217
11
5.9088144094488184
21
-3.7644228740157479
0
LINE
8
BLACK
6
CONTINUOUS
10
5.9088144094488184
20
-3.7644228740157479
11
5.9091353937007876
21
-3.7642088582677165
0
LINE
8
BLACK
6
CONTINUOUS
10
5.9091353937007876
20
-3.7642088582677165
11
5.9094081102362201
21
-3.7639361811023622
0
LINE
8
BLACK
6
CONTINUOUS
10
5.9094081102362201
20
-3.7639361811023622
11
5.9097681889763782
21
-3.7637870078740159
0
LINE
8
BLACK
6
CONTINUOUS
10
5.9097681889763782
20
-3.7637870078740159
11
5.9100925590551183
21
-3.7635707874015747
0
LINE
8
BLACK
6
CONTINUOUS
10
5.9100925590551183
20
-3.7635707874015747
11
5.9104709055118105
21
-3.7634959055118111
0
LINE
8
BLACK
6
CONTINUOUS
10
5.9104709055118105
20
-3.7634959055118111
11
5.9108273228346455
21
-3.7633483070866141
0
LINE
8
BLACK
6
CONTINUOUS
10
5.9108273228346455
20
-3.7633483070866141
11
5.9112172047244096
21
-3.7633483070866141
0
LINE
8
BLACK
6
CONTINUOUS
10
5.9112172047244096
20
-3.7633483070866141
11
5.9115995275590549
21
-3.7632726771653542
0
LINE
8
BLACK
6
CONTINUOUS
10
5.9115995275590549
20
-3.7632726771653542
11
5.9119776771653543
21
-3.7633483070866141
0
LINE
8
BLACK
6
CONTINUOUS
10
5.9623634645669288
20
-3.7633483070866141
11
5.9624941732283467
21
-3.7634024409448816
0
LINE
8
BLACK
6
CONTINUOUS
10
5.9624941732283467
20
-3.7634024409448816
11
5.962635275590551
21
-3.7634124803149605
0
LINE
8
BLACK
6
CONTINUOUS
10
5.962635275590551
20
-3.7634124803149605
11
5.9633560629921263
21
-3.7636883070866141
0
LINE
8
BLACK
6
CONTINUOUS
10
5.9633560629921263
20
-3.7636883070866141
11
5.9681179527559056
21
-3.7660692519685037
0
LINE
8
BLACK
6
CONTINUOUS
10
5.9681179527559056
20
-3.7660692519685037
11
5.9684485039370081
21
-3.7662773228346458
0
LINE
8
BLACK
6
CONTINUOUS
10
5.9684485039370081
20
-3.7662773228346458
11
5.9685445669291335
21
-3.7663171259842518
0
LINE
8
BLACK
6
CONTINUOUS
10
5.9685445669291335
20
-3.7663171259842518
11
5.9686526771653545
21
-3.7664058267716536
0
LINE
8
BLACK
6
CONTINUOUS
10
5.9686526771653545
20
-3.7664058267716536
11
5.9687711023622043
21
-3.7664803937007871
0
LINE
8
BLACK
6
CONTINUOUS
10
5.9687711023622043
20
-3.7664803937007871
11
5.9688391732283463
21
-3.7665588976377951
0
LINE
8
BLACK
6
CONTINUOUS
10
5.9688391732283463
20
-3.7665588976377951
11
5.969141181102362
21
-3.7668067322834644
0
LINE
8
BLACK
6
CONTINUOUS
10
5.969141181102362
20
-3.7668067322834644
11
5.9715221259842517
21
-3.7691876771653541
0
LINE
8
BLACK
6
CONTINUOUS
10
5.9715221259842517
20
-3.7691876771653541
11
5.9717699212598427
21
-3.7694896062992127
0
LINE
8
BLACK
6
CONTINUOUS
10
5.9717699212598427
20
-3.7694896062992127
11
5.9718484251968507
21
-3.769557716535433
0
LINE
8
BLACK
6
CONTINUOUS
10
5.9718484251968507
20
-3.769557716535433
11
5.9719229133858267
21
-3.7696760629921258
0
LINE
8
BLACK
6
CONTINUOUS
10
5.9719229133858267
20
-3.7696760629921258
11
5.9720117322834643
21
-3.7697842913385826
0
LINE
8
BLACK
6
CONTINUOUS
10
5.9720117322834643
20
-3.7697842913385826
11
5.9720515354330708
21
-3.7698803543307084
0
LINE
8
BLACK
6
CONTINUOUS
10
5.9720515354330708
20
-3.7698803543307084
11
5.9722595669291341
21
-3.7702108661417322
0
LINE
8
BLACK
6
CONTINUOUS
10
5.9722595669291341
20
-3.7702108661417322
11
5.9746405511811025
21
-3.7749727559055115
0
LINE
8
BLACK
6
CONTINUOUS
10
5.9746405511811025
20
-3.7749727559055115
11
5.9746620078740156
21
-3.7750288582677163
0
LINE
8
BLACK
6
CONTINUOUS
10
5.9746620078740156
20
-3.7750288582677163
11
5.9746790157480314
21
-3.775051811023622
0
LINE
8
BLACK
6
CONTINUOUS
10
5.9746790157480314
20
-3.775051811023622
11
5.9747941338582677
21
-3.7753741338582678
0
LINE
8
BLACK
6
CONTINUOUS
10
5.9747941338582677
20
-3.7753741338582678
11
5.9749164173228344
21
-3.7756935826771651
0
LINE
8
BLACK
6
CONTINUOUS
10
5.9749164173228344
20
-3.7756935826771651
11
5.9749184251968499
21
-3.7757220078740157
0
LINE
8
BLACK
6
CONTINUOUS
10
5.9749184251968499
20
-3.7757220078740157
11
5.9749386614173225
21
-3.7757786220472438
0
LINE
8
BLACK
6
CONTINUOUS
10
5.9749386614173225
20
-3.7757786220472438
11
5.9773196062992122
21
-3.7853024409448817
0
LINE
8
BLACK
6
CONTINUOUS
10
5.9773196062992122
20
-3.7853024409448817
11
5.9773392519685036
21
-3.7854354724409447
0
LINE
8
BLACK
6
CONTINUOUS
10
5.9773392519685036
20
-3.7854354724409447
11
5.9773615354330705
21
-3.7854892125984252
0
LINE
8
BLACK
6
CONTINUOUS
10
5.9773615354330705
20
-3.7854892125984252
11
5.9773899999999998
21
-3.785778622047244
0
LINE
8
BLACK
6
CONTINUOUS
10
5.9773899999999998
20
-3.785778622047244
11
5.9774325196850393
21
-3.7860659055118111
0
LINE
8
BLACK
6
CONTINUOUS
10
5.9774325196850393
20
-3.7860659055118111
11
5.9774239370078739
21
-3.7861233070866143
0
LINE
8
BLACK
6
CONTINUOUS
10
5.9774239370078739
20
-3.7861233070866143
11
5.9774371653543303
21
-3.7862572834645669
0
LINE
8
BLACK
6
CONTINUOUS
10
5.9774371653543303
20
-3.7862572834645669
11
5.9774371653543303
21
-3.7981620472440945
0
LINE
8
BLACK
6
CONTINUOUS
10
5.9774371653543303
20
-3.7981620472440945
11
5.9774239370078739
21
-3.7982959842519683
0
LINE
8
BLACK
6
CONTINUOUS
10
5.9774239370078739
20
-3.7982959842519683
11
5.9774325196850393
21
-3.7983534251968503
0
LINE
8
BLACK
6
CONTINUOUS
10
5.9774325196850393
20
-3.7983534251968503
11
5.9773899999999998
21
-3.7986406692913386
0
LINE
8
BLACK
6
CONTINUOUS
10
5.9773899999999998
20
-3.7986406692913386
11
5.9773615354330705
21
-3.7989301181102362
0
LINE
8
BLACK
6
CONTINUOUS
10
5.9773615354330705
20
-3.7989301181102362
11
5.9773392519685036
21
-3.7989838188976379
0
LINE
8
BLACK
6
CONTINUOUS
10
5.9773392519685036
20
-3.7989838188976379
11
5.9773196062992122
21
-3.7991168897637793
0
LINE
8
BLACK
6
CONTINUOUS
10
5.9773196062992122
20
-3.7991168897637793
11
5.9749386614173225
21
-3.8086407086614171
0
LINE
8
BLACK
6
CONTINUOUS
10
5.9749386614173225
20
-3.8086407086614171
11
5.9749184251968499
21
-3.8086972834645669
0
LINE
8
BLACK
6
CONTINUOUS
10
5.9749184251968499
20
-3.8086972834645669
11
5.9749164173228344
21
-3.8087257480314958
0
LINE
8
BLACK
6
CONTINUOUS
10
5.9749164173228344
20
-3.8087257480314958
11
5.9747941338582677
21
-3.8090451574803148
0
LINE
8
BLACK
6
CONTINUOUS
10
5.9747941338582677
20
-3.8090451574803148
11
5.9746790157480314
21
-3.8093675196850394
0
LINE
8
BLACK
6
CONTINUOUS
10
5.9746790157480314
20
-3.8093675196850394
11
5.9746620078740156
21
-3.8093904330708659
0
LINE
8
BLACK
6
CONTINUOUS
10
5.9746620078740156
20
-3.8093904330708659
11
5.9746405511811025
21
-3.8094465748031494
0
LINE
8
BLACK
6
CONTINUOUS
10
5.9746405511811025
20
-3.8094465748031494
11
5.9722595669291341
21
-3.8142084645669292
0
LINE
8
BLACK
6
CONTINUOUS
10
5.9722595669291341
20
-3.8142084645669292
11
5.9720515748031495
21
-3.8145388188976379
0
LINE
8
BLACK
6
CONTINUOUS
10
5.9720515748031495
20
-3.8145388188976379
11
5.972011771653543
21
-3.814635
0
LINE
8
BLACK
6
CONTINUOUS
10
5.972011771653543
20
-3.814635
11
5.9719229133858267
21
-3.8147432283464564
0
LINE
8
BLACK
6
CONTINUOUS
10
5.9719229133858267
20
-3.8147432283464564
11
5.9718484251968507
21
-3.8148616141732283
0
LINE
8
BLACK
6
CONTINUOUS
10
5.9718484251968507
20
-3.8148616141732283
11
5.9717698425196852
21
-3.8149297244094487
0
LINE
8
BLACK
6
CONTINUOUS
10
5.9717698425196852
20
-3.8149297244094487
11
5.9715221259842517
21
-3.8152316141732281
0
LINE
8
BLACK
6
CONTINUOUS
10
5.9715221259842517
20
-3.8152316141732281
11
5.969141181102362
21
-3.817612598425197
0
LINE
8
BLACK
6
CONTINUOUS
10
5.969141181102362
20
-3.817612598425197
11
5.9688392125984251
21
-3.8178604330708659
0
LINE
8
BLACK
6
CONTINUOUS
10
5.9688392125984251
20
-3.8178604330708659
11
5.9687711023622043
21
-3.8179389763779525
0
LINE
8
BLACK
6
CONTINUOUS
10
5.9687711023622043
20
-3.8179389763779525
11
5.968652755905512
21
-3.8180134251968503
0
LINE
8
BLACK
6
CONTINUOUS
10
5.968652755905512
20
-3.8180134251968503
11
5.9685446062992122
21
-3.8181022440944883
0
LINE
8
BLACK
6
CONTINUOUS
10
5.9685446062992122
20
-3.8181022440944883
11
5.9684484645669293
21
-3.8181420472440943
0
LINE
8
BLACK
6
CONTINUOUS
10
5.9684484645669293
20
-3.8181420472440943
11
5.9681179527559056
21
-3.8183501181102359
0
LINE
8
BLACK
6
CONTINUOUS
10
5.9681179527559056
20
-3.8183501181102359
11
5.9633560629921263
21
-3.8207310629921261
0
LINE
8
BLACK
6
CONTINUOUS
10
5.9633560629921263
20
-3.8207310629921261
11
5.962635275590551
21
-3.8210068897637792
0
LINE
8
BLACK
6
CONTINUOUS
10
5.962635275590551
20
-3.8210068897637792
11
5.9624941732283467
21
-3.8210168897637793
0
LINE
8
BLACK
6
CONTINUOUS
10
5.9624941732283467
20
-3.8210168897637793
11
5.9623634645669288
21
-3.8210710629921261
0
LINE
8
BLACK
6
CONTINUOUS
10
5.9623634645669288
20
-3.8210710629921261
11
5.9615953937007875
21
-3.8211466929133859
0
LINE
8
BLACK
6
CONTINUOUS
10
5.9615953937007875
20
-3.8211466929133859
11
5.9568334645669294
21
-3.8211466929133859
0
LINE
8
BLACK
6
CONTINUOUS
10
5.9568334645669294
20
-3.8211466929133859
11
5.9560653937007872
21
-3.8210710629921261
0
LINE
8
BLACK
6
CONTINUOUS
10
5.9560653937007872
20
-3.8210710629921261
11
5.9559346456692914
21
-3.8210168897637793
0
LINE
8
BLACK
6
CONTINUOUS
10
5.9559346456692914
20
-3.8210168897637793
11
5.9557935826771651
21
-3.8210068897637792
0
LINE
8
BLACK
6
CONTINUOUS
10
5.9557935826771651
20
-3.8210068897637792
11
5.9550727559055119
21
-3.8207310629921261
0
LINE
8
BLACK
6
CONTINUOUS
10
5.9550727559055119
20
-3.8207310629921261
11
5.9503109055118113
21
-3.8183501181102359
0
LINE
8
BLACK
6
CONTINUOUS
10
5.9503109055118113
20
-3.8183501181102359
11
5.9499803149606301
21
-3.8181420078740156
0
LINE
8
BLACK
6
CONTINUOUS
10
5.9499803149606301
20
-3.8181420078740156
11
5.9498842519685038
21
-3.8181022440944883
0
LINE
8
BLACK
6
CONTINUOUS
10
5.9498842519685038
20
-3.8181022440944883
11
5.9497761417322836
21
-3.8180135039370078
0
LINE
8
BLACK
6
CONTINUOUS
10
5.9497761417322836
20
-3.8180135039370078
11
5.949657716535433
21
-3.8179389763779525
0
LINE
8
BLACK
6
CONTINUOUS
10
5.949657716535433
20
-3.8179389763779525
11
5.9495894881889759
21
-3.8178603149606301
0
LINE
8
BLACK
6
CONTINUOUS
10
5.9495894881889759
20
-3.8178603149606301
11
5.949287677165354
21
-3.817612598425197
0
LINE
8
BLACK
6
CONTINUOUS
10
5.949287677165354
20
-3.817612598425197
11
5.9469067322834643
21
-3.8152316141732281
0
LINE
8
BLACK
6
CONTINUOUS
10
5.9469067322834643
20
-3.8152316141732281
11
5.9466588976377954
21
-3.8149296456692912
0
LINE
8
BLACK
6
CONTINUOUS
10
5.9466588976377954
20
-3.8149296456692912
11
5.9465803937007875
21
-3.8148615748031496
0
LINE
8
BLACK
6
CONTINUOUS
10
5.9465803937007875
20
-3.8148615748031496
11
5.9465059055118106
21
-3.8147432677165352
0
LINE
8
BLACK
6
CONTINUOUS
10
5.9465059055118106
20
-3.8147432677165352
11
5.946417086614173
21
-3.8146350393700788
0
LINE
8
BLACK
6
CONTINUOUS
10
5.946417086614173
20
-3.8146350393700788
11
5.9463772440944878
21
-3.8145388188976379
0
LINE
8
BLACK
6
CONTINUOUS
10
5.9463772440944878
20
-3.8145388188976379
11
5.9461692519685041
21
-3.8142084251968504
0
LINE
8
BLACK
6
CONTINUOUS
10
5.9461692519685041
20
-3.8142084251968504
11
5.9437883070866144
21
-3.8094465354330707
0
LINE
8
BLACK
6
CONTINUOUS
10
5.9437883070866144
20
-3.8094465354330707
11
5.9437668110236217
21
-3.8093903543307084
0
LINE
8
BLACK
6
CONTINUOUS
10
5.9437668110236217
20
-3.8093903543307084
11
5.9437498818897634
21
-3.8093675196850394
0
LINE
8
BLACK
6
CONTINUOUS
10
5.9437498818897634
20
-3.8093675196850394
11
5.943634763779527
21
-3.8090453543307086
0
LINE
8
BLACK
6
CONTINUOUS
10
5.943634763779527
20
-3.8090453543307086
11
5.9435124803149604
21
-3.8087257480314958
0
LINE
8
BLACK
6
CONTINUOUS
10
5.9435124803149604
20
-3.8087257480314958
11
5.9435104330708661
21
-3.8086973622047244
0
LINE
8
BLACK
6
CONTINUOUS
10
5.9435104330708661
20
-3.8086973622047244
11
5.9434902362204722
21
-3.8086407480314959
0
LINE
8
BLACK
6
CONTINUOUS
10
5.9434902362204722
20
-3.8086407480314959
11
5.9411092519685038
21
-3.799116929133858
0
LINE
8
BLACK
6
CONTINUOUS
10
5.9411092519685038
20
-3.799116929133858
11
5.941089527559055
21
-3.7989837795275592
0
LINE
8
BLACK
6
CONTINUOUS
10
5.941089527559055
20
-3.7989837795275592
11
5.9410673228346456
21
-3.7989301181102362
0
LINE
8
BLACK
6
CONTINUOUS
10
5.9410673228346456
20
-3.7989301181102362
11
5.9410388188976375
21
-3.7986407086614173
0
LINE
8
BLACK
6
CONTINUOUS
10
5.9410388188976375
20
-3.7986407086614173
11
5.9409963385826767
21
-3.7983534251968503
0
LINE
8
BLACK
6
CONTINUOUS
10
5.9409963385826767
20
-3.7983534251968503
11
5.9410048818897634
21
-3.7982959842519683
0
LINE
8
BLACK
6
CONTINUOUS
10
5.9410048818897634
20
-3.7982959842519683
11
5.9409916929133857
21
-3.7981620472440945
0
LINE
8
BLACK
6
CONTINUOUS
10
5.9409916929133857
20
-3.7981620472440945
11
5.9409916929133857
21
-3.7862572834645669
0
LINE
8
BLACK
6
CONTINUOUS
10
5.9409916929133857
20
-3.7862572834645669
11
5.9410048818897634
21
-3.7861233070866143
0
LINE
8
BLACK
6
CONTINUOUS
10
5.9410048818897634
20
-3.7861233070866143
11
5.9409963385826767
21
-3.7860659055118111
0
LINE
8
BLACK
6
CONTINUOUS
10
5.9409963385826767
20
-3.7860659055118111
11
5.9410388188976375
21
-3.7857785826771653
0
LINE
8
BLACK
6
CONTINUOUS
10
5.9410388188976375
20
-3.7857785826771653
11
5.9410673228346456
21
-3.7854892125984252
0
LINE
8
BLACK
6
CONTINUOUS
10
5.9410673228346456
20
-3.7854892125984252
11
5.941089527559055
21
-3.7854355118110234
0
LINE
8
BLACK
6
CONTINUOUS
10
5.941089527559055
20
-3.7854355118110234
11
5.9411092519685038
21
-3.7853024015748029
0
LINE
8
BLACK
6
CONTINUOUS
10
5.9411092519685038
20
-3.7853024015748029
11
5.9434902362204722
21
-3.7757785826771655
0
LINE
8
BLACK
6
CONTINUOUS
10
5.9434902362204722
20
-3.7757785826771655
11
5.9435104330708661
21
-3.7757219291338582
0
LINE
8
BLACK
6
CONTINUOUS
10
5.9435104330708661
20
-3.7757219291338582
11
5.9435124803149604
21
-3.7756935826771651
0
LINE
8
BLACK
6
CONTINUOUS
10
5.9435124803149604
20
-3.7756935826771651
11
5.943634763779527
21
-3.775373937007874
0
LINE
8
BLACK
6
CONTINUOUS
10
5.943634763779527
20
-3.775373937007874
11
5.9437498818897634
21
-3.775051811023622
0
LINE
8
BLACK
6
CONTINUOUS
10
5.9437498818897634
20
-3.775051811023622
11
5.9437668110236217
21
-3.7750289370078738
0
LINE
8
BLACK
6
CONTINUOUS
10
5.9437668110236217
20
-3.7750289370078738
11
5.9437883070866144
21
-3.7749727952755903
0
LINE
8
BLACK
6
CONTINUOUS
10
5.9437883070866144
20
-3.7749727952755903
11
5.9461692519685041
21
-3.7702109055118109
0
LINE
8
BLACK
6
CONTINUOUS
10
5.9461692519685041
20
-3.7702109055118109
11
5.9463773228346453
21
-3.7698803149606297
0
LINE
8
BLACK
6
CONTINUOUS
10
5.9463773228346453
20
-3.7698803149606297
11
5.9464171259842518
21
-3.7697842913385826
0
LINE
8
BLACK
6
CONTINUOUS
10
5.9464171259842518
20
-3.7697842913385826
11
5.9465058267716531
21
-3.7696761417322833
0
LINE
8
BLACK
6
CONTINUOUS
10
5.9465058267716531
20
-3.7696761417322833
11
5.9465803937007875
21
-3.7695577559055118
0
LINE
8
BLACK
6
CONTINUOUS
10
5.9465803937007875
20
-3.7695577559055118
11
5.9466588976377954
21
-3.7694896456692915
0
LINE
8
BLACK
6
CONTINUOUS
10
5.9466588976377954
20
-3.7694896456692915
11
5.9469067322834643
21
-3.7691876771653541
0
LINE
8
BLACK
6
CONTINUOUS
10
5.9469067322834643
20
-3.7691876771653541
11
5.949287677165354
21
-3.7668067322834644
0
LINE
8
BLACK
6
CONTINUOUS
10
5.949287677165354
20
-3.7668067322834644
11
5.9495894881889759
21
-3.7665590157480313
0
LINE
8
BLACK
6
CONTINUOUS
10
5.9495894881889759
20
-3.7665590157480313
11
5.949657716535433
21
-3.7664803937007871
0
LINE
8
BLACK
6
CONTINUOUS
10
5.949657716535433
20
-3.7664803937007871
11
5.9497762598425199
21
-3.7664057480314961
0
LINE
8
BLACK
6
CONTINUOUS
10
5.9497762598425199
20
-3.7664057480314961
11
5.9498842913385825
21
-3.7663171259842518
0
LINE
8
BLACK
6
CONTINUOUS
10
5.9498842913385825
20
-3.7663171259842518
11
5.9499802362204726
21
-3.7662773622047245
0
LINE
8
BLACK
6
CONTINUOUS
10
5.9499802362204726
20
-3.7662773622047245
11
5.9503109055118113
21
-3.7660692519685037
0
LINE
8
BLACK
6
CONTINUOUS
10
5.9503109055118113
20
-3.7660692519685037
11
5.9550727559055119
21
-3.7636883070866141
0
LINE
8
BLACK
6
CONTINUOUS
10
5.9550727559055119
20
-3.7636883070866141
11
5.9557935826771651
21
-3.7634124803149605
0
LINE
8
BLACK
6
CONTINUOUS
10
5.9557935826771651
20
-3.7634124803149605
11
5.9559346456692914
21
-3.7634024409448816
0
LINE
8
BLACK
6
CONTINUOUS
10
5.9559346456692914
20
-3.7634024409448816
11
5.9560653937007872
21
-3.7633483070866141
0
LINE
8
BLACK
6
CONTINUOUS
10
5.9560653937007872
20
-3.7633483070866141
11
5.9568334645669294
21
-3.7632726771653542
0
LINE
8
BLACK
6
CONTINUOUS
10
5.9568334645669294
20
-3.7632726771653542
11
5.9615953937007875
21
-3.7632726771653542
0
LINE
8
BLACK
6
CONTINUOUS
10
5.9615953937007875
20
-3.7632726771653542
11
5.9623634645669288
21
-3.7633483070866141
0
LINE
8
BLACK
6
CONTINUOUS
10
5.9544037401574803
20
-3.7728262598425197
11
5.9529262598425197
21
-3.7743037007874016
0
LINE
8
BLACK
6
CONTINUOUS
10
5.9529262598425197
20
-3.7743037007874016
11
5.9510242913385829
21
-3.7781076377952756
0
LINE
8
BLACK
6
CONTINUOUS
10
5.9510242913385829
20
-3.7781076377952756
11
5.9488657086614172
21
-3.786741929133858
0
LINE
8
BLACK
6
CONTINUOUS
10
5.9488657086614172
20
-3.786741929133858
11
5.9488657086614172
21
-3.7976773622047242
0
LINE
8
BLACK
6
CONTINUOUS
10
5.9488657086614172
20
-3.7976773622047242
11
5.9510242913385829
21
-3.806311653543307
0
LINE
8
BLACK
6
CONTINUOUS
10
5.9510242913385829
20
-3.806311653543307
11
5.9529263385826772
21
-3.8101157086614172
0
LINE
8
BLACK
6
CONTINUOUS
10
5.9529263385826772
20
-3.8101157086614172
11
5.9544036614173228
21
-3.8115930708661416
0
LINE
8
BLACK
6
CONTINUOUS
10
5.9544036614173228
20
-3.8115930708661416
11
5.9577628740157476
21
-3.8132726771653545
0
LINE
8
BLACK
6
CONTINUOUS
10
5.9577628740157476
20
-3.8132726771653545
11
5.9606659842519685
21
-3.8132726771653545
0
LINE
8
BLACK
6
CONTINUOUS
10
5.9606659842519685
20
-3.8132726771653545
11
5.9640251968503932
21
-3.8115930314960629
0
LINE
8
BLACK
6
CONTINUOUS
10
5.9640251968503932
20
-3.8115930314960629
11
5.9655025984251964
21
-3.8101156299212597
0
LINE
8
BLACK
6
CONTINUOUS
10
5.9655025984251964
20
-3.8101156299212597
11
5.967404566929134
21
-3.8063116929133858
0
LINE
8
BLACK
6
CONTINUOUS
10
5.967404566929134
20
-3.8063116929133858
11
5.9695631496062989
21
-3.7976774015748029
0
LINE
8
BLACK
6
CONTINUOUS
10
5.9695631496062989
20
-3.7976774015748029
11
5.9695631496062989
21
-3.7867418897637792
0
LINE
8
BLACK
6
CONTINUOUS
10
5.9695631496062989
20
-3.7867418897637792
11
5.967404566929134
21
-3.7781075984251968
0
LINE
8
BLACK
6
CONTINUOUS
10
5.967404566929134
20
-3.7781075984251968
11
5.9655026377952751
21
-3.7743037795275591
0
LINE
8
BLACK
6
CONTINUOUS
10
5.9655026377952751
20
-3.7743037795275591
11
5.9640251181102357
21
-3.7728262598425197
0
LINE
8
BLACK
6
CONTINUOUS
10
5.9640251181102357
20
-3.7728262598425197
11
5.9606659842519685
21
-3.7711466929133857
0
LINE
8
BLACK
6
CONTINUOUS
10
5.9606659842519685
20
-3.7711466929133857
11
5.9577628740157476
21
-3.7711466929133857
0
LINE
8
BLACK
6
CONTINUOUS
10
5.9577628740157476
20
-3.7711466929133857
11
5.9544037401574803
21
-3.7728262598425197
0
LINE
8
BLACK
6
CONTINUOUS
10
6.0218872834645669
20
-3.7633483070866141
11
6.0233064960629923
21
-3.7639361811023622
0
LINE
8
BLACK
6
CONTINUOUS
10
6.0233064960629923
20
-3.7639361811023622
11
6.0243927165354325
21
-3.7650224015748033
0
LINE
8
BLACK
6
CONTINUOUS
10
6.0243927165354325
20
-3.7650224015748033
11
6.0249805905511806
21
-3.7664416141732282
0
LINE
8
BLACK
6
CONTINUOUS
10
6.0249805905511806
20
-3.7664416141732282
11
6.0250562204724405
21
-3.7672096850393699
0
LINE
8
BLACK
6
CONTINUOUS
10
6.0250562204724405
20
-3.7672096850393699
11
6.0250562204724405
21
-3.8172096850393702
0
LINE
8
BLACK
6
CONTINUOUS
10
6.0250562204724405
20
-3.8172096850393702
11
6.0249805905511806
21
-3.8179777559055119
0
LINE
8
BLACK
6
CONTINUOUS
10
6.0249805905511806
20
-3.8179777559055119
11
6.0243927165354325
21
-3.8193969685039368
0
LINE
8
BLACK
6
CONTINUOUS
10
6.0243927165354325
20
-3.8193969685039368
11
6.0233064960629923
21
-3.820483188976378
0
LINE
8
BLACK
6
CONTINUOUS
10
6.0233064960629923
20
-3.820483188976378
11
6.0218872834645669
21
-3.8210710629921261
0
LINE
8
BLACK
6
CONTINUOUS
10
6.0218872834645669
20
-3.8210710629921261
11
6.0211192125984248
21
-3.8211466929133859
0
LINE
8
BLACK
6
CONTINUOUS
10
6.0211192125984248
20
-3.8211466929133859
11
6.0020715748031499
21
-3.8211466929133859
0
LINE
8
BLACK
6
CONTINUOUS
10
6.0020715748031499
20
-3.8211466929133859
11
6.0013035039370077
21
-3.8210710629921261
0
LINE
8
BLACK
6
CONTINUOUS
10
6.0013035039370077
20
-3.8210710629921261
11
6.0011727559055119
21
-3.8210168897637793
0
LINE
8
BLACK
6
CONTINUOUS
10
6.0011727559055119
20
-3.8210168897637793
11
6.0010316929133856
21
-3.8210068897637792
0
LINE
8
BLACK
6
CONTINUOUS
10
6.0010316929133856
20
-3.8210068897637792
11
6.0003108661417324
21
-3.8207310629921261
0
LINE
8
BLACK
6
CONTINUOUS
10
6.0003108661417324
20
-3.8207310629921261
11
5.9955490157480318
21
-3.8183501181102359
0
LINE
8
BLACK
6
CONTINUOUS
10
5.9955490157480318
20
-3.8183501181102359
11
5.9952184251968506
21
-3.8181420078740156
0
LINE
8
BLACK
6
CONTINUOUS
10
5.9952184251968506
20
-3.8181420078740156
11
5.9951223622047243
21
-3.8181022440944883
0
LINE
8
BLACK
6
CONTINUOUS
10
5.9951223622047243
20
-3.8181022440944883
11
5.9950142519685041
21
-3.8180135039370078
0
LINE
8
BLACK
6
CONTINUOUS
10
5.9950142519685041
20
-3.8180135039370078
11
5.9948958267716534
21
-3.8179389763779525
0
LINE
8
BLACK
6
CONTINUOUS
10
5.9948958267716534
20
-3.8179389763779525
11
5.9948275984251964
21
-3.8178603149606301
0
LINE
8
BLACK
6
CONTINUOUS
10
5.9948275984251964
20
-3.8178603149606301
11
5.9945257874015745
21
-3.817612598425197
0
LINE
8
BLACK
6
CONTINUOUS
10
5.9945257874015745
20
-3.817612598425197
11
5.9921448031496061
21
-3.8152316535433068
0
LINE
8
BLACK
6
CONTINUOUS
10
5.9921448031496061
20
-3.8152316535433068
11
5.9918969685039372
21
-3.8149296456692912
0
LINE
8
BLACK
6
CONTINUOUS
10
5.9918969685039372
20
-3.8149296456692912
11
5.9918184645669292
21
-3.8148615748031496
0
LINE
8
BLACK
6
CONTINUOUS
10
5.9918184645669292
20
-3.8148615748031496
11
5.9917438976377948
21
-3.8147431496062993
0
LINE
8
BLACK
6
CONTINUOUS
10
5.9917438976377948
20
-3.8147431496062993
11
5.9916551968503935
21
-3.8146350393700788
0
LINE
8
BLACK
6
CONTINUOUS
10
5.9916551968503935
20
-3.8146350393700788
11
5.991615393700787
21
-3.8145389763779525
0
LINE
8
BLACK
6
CONTINUOUS
10
5.991615393700787
20
-3.8145389763779525
11
5.9914073228346458
21
-3.8142084251968504
0
LINE
8
BLACK
6
CONTINUOUS
10
5.9914073228346458
20
-3.8142084251968504
11
5.9890263779527562
21
-3.8094465354330707
0
LINE
8
BLACK
6
CONTINUOUS
10
5.9890263779527562
20
-3.8094465354330707
11
5.9887505511811021
21
-3.8087257480314958
0
LINE
8
BLACK
6
CONTINUOUS
10
5.9887505511811021
20
-3.8087257480314958
11
5.9887405118110237
21
-3.8085846456692911
0
LINE
8
BLACK
6
CONTINUOUS
10
5.9887405118110237
20
-3.8085846456692911
11
5.9886863779527557
21
-3.808453937007874
0
LINE
8
BLACK
6
CONTINUOUS
10
5.9886863779527557
20
-3.808453937007874
11
5.9886107480314958
21
-3.8076858661417323
0
LINE
8
BLACK
6
CONTINUOUS
10
5.9886107480314958
20
-3.8076858661417323
11
5.9886107480314958
21
-3.8005429921259841
0
LINE
8
BLACK
6
CONTINUOUS
10
5.9886107480314958
20
-3.8005429921259841
11
5.9886863779527557
21
-3.7997749212598424
0
LINE
8
BLACK
6
CONTINUOUS
10
5.9886863779527557
20
-3.7997749212598424
11
5.9887405118110237
21
-3.7996441732283466
0
LINE
8
BLACK
6
CONTINUOUS
10
5.9887405118110237
20
-3.7996441732283466
11
5.9887505511811021
21
-3.7995031102362202
0
LINE
8
BLACK
6
CONTINUOUS
10
5.9887505511811021
20
-3.7995031102362202
11
5.9890263779527562
21
-3.7987823228346458
0
LINE
8
BLACK
6
CONTINUOUS
10
5.9890263779527562
20
-3.7987823228346458
11
5.9914073228346458
21
-3.794020433070866
0
LINE
8
BLACK
6
CONTINUOUS
10
5.9914073228346458
20
-3.794020433070866
11
5.9916153543307082
21
-3.7936898818897635
0
LINE
8
BLACK
6
CONTINUOUS
10
5.9916153543307082
20
-3.7936898818897635
11
5.9916551968503935
21
-3.7935937795275589
0
LINE
8
BLACK
6
CONTINUOUS
10
5.9916551968503935
20
-3.7935937795275589
11
5.9917439763779523
21
-3.7934855905511808
0
LINE
8
BLACK
6
CONTINUOUS
10
5.9917439763779523
20
-3.7934855905511808
11
5.9918184645669292
21
-3.7933672834645669
0
LINE
8
BLACK
6
CONTINUOUS
10
5.9918184645669292
20
-3.7933672834645669
11
5.9918969685039372
21
-3.7932991338582678
0
LINE
8
BLACK
6
CONTINUOUS
10
5.9918969685039372
20
-3.7932991338582678
11
5.9921448425196848
21
-3.7929972047244092
0
LINE
8
BLACK
6
CONTINUOUS
10
5.9921448425196848
20
-3.7929972047244092
11
5.9945258267716532
21
-3.7906162598425195
0
LINE
8
BLACK
6
CONTINUOUS
10
5.9945258267716532
20
-3.7906162598425195
11
5.9951224409448818
21
-3.7901266141732282
0
LINE
8
BLACK
6
CONTINUOUS
10
5.9951224409448818
20
-3.7901266141732282
11
5.9952530708661413
21
-3.7900724803149606
0
LINE
8
BLACK
6
CONTINUOUS
10
5.9952530708661413
20
-3.7900724803149606
11
5.995359960629921
21
-3.7899798031496061
0
LINE
8
BLACK
6
CONTINUOUS
10
5.995359960629921
20
-3.7899798031496061
11
5.9954321653543303
21
-3.7899475590551179
0
LINE
8
BLACK
6
CONTINUOUS
10
5.9954321653543303
20
-3.7899475590551179
11
5.9945257874015745
21
-3.7890411811023621
0
LINE
8
BLACK
6
CONTINUOUS
10
5.9945257874015745
20
-3.7890411811023621
11
5.9942779527559056
21
-3.7887392125984252
0
LINE
8
BLACK
6
CONTINUOUS
10
5.9942779527559056
20
-3.7887392125984252
11
5.9941994881889764
21
-3.7886711417322836
0
LINE
8
BLACK
6
CONTINUOUS
10
5.9941994881889764
20
-3.7886711417322836
11
5.9941249606299207
21
-3.7885527559055117
0
LINE
8
BLACK
6
CONTINUOUS
10
5.9941249606299207
20
-3.7885527559055117
11
5.9940361811023619
21
-3.7884445669291336
0
LINE
8
BLACK
6
CONTINUOUS
10
5.9940361811023619
20
-3.7884445669291336
11
5.9939963385826767
21
-3.788348464566929
0
LINE
8
BLACK
6
CONTINUOUS
10
5.9939963385826767
20
-3.788348464566929
11
5.993788346456693
21
-3.788017992125984
0
LINE
8
BLACK
6
CONTINUOUS
10
5.993788346456693
20
-3.788017992125984
11
5.9914073622047246
21
-3.7832561023622047
0
LINE
8
BLACK
6
CONTINUOUS
10
5.9914073622047246
20
-3.7832561023622047
11
5.9911314960629918
21
-3.7825353149606298
0
LINE
8
BLACK
6
CONTINUOUS
10
5.9911314960629918
20
-3.7825353149606298
11
5.9911214566929134
21
-3.7823941338582676
0
LINE
8
BLACK
6
CONTINUOUS
10
5.9911214566929134
20
-3.7823941338582676
11
5.9910673228346454
21
-3.7822634645669289
0
LINE
8
BLACK
6
CONTINUOUS
10
5.9910673228346454
20
-3.7822634645669289
11
5.9909916929133855
21
-3.7814953937007871
0
LINE
8
BLACK
6
CONTINUOUS
10
5.9909916929133855
20
-3.7814953937007871
11
5.9909916929133855
21
-3.776733464566929
0
LINE
8
BLACK
6
CONTINUOUS
10
5.9909916929133855
20
-3.776733464566929
11
5.9910673228346454
21
-3.7759653937007873
0
LINE
8
BLACK
6
CONTINUOUS
10
5.9910673228346454
20
-3.7759653937007873
11
5.9911214566929134
21
-3.7758346850393698
0
LINE
8
BLACK
6
CONTINUOUS
10
5.9911214566929134
20
-3.7758346850393698
11
5.9911314960629918
21
-3.7756935433070864
0
LINE
8
BLACK
6
CONTINUOUS
10
5.9911314960629918
20
-3.7756935433070864
11
5.9914073622047246
21
-3.7749727559055115
0
LINE
8
BLACK
6
CONTINUOUS
10
5.9914073622047246
20
-3.7749727559055115
11
5.993788346456693
21
-3.7702108661417322
0
LINE
8
BLACK
6
CONTINUOUS
10
5.993788346456693
20
-3.7702108661417322
11
5.9939963385826767
21
-3.7698803543307084
0
LINE
8
BLACK
6
CONTINUOUS
10
5.9939963385826767
20
-3.7698803543307084
11
5.9940361811023619
21
-3.7697842913385826
0
LINE
8
BLACK
6
CONTINUOUS
10
5.9940361811023619
20
-3.7697842913385826
11
5.9941249606299207
21
-3.7696760629921258
0
LINE
8
BLACK
6
CONTINUOUS
10
5.9941249606299207
20
-3.7696760629921258
11
5.9941994881889764
21
-3.769557716535433
0
LINE
8
BLACK
6
CONTINUOUS
10
5.9941994881889764
20
-3.769557716535433
11
5.9942779527559056
21
-3.7694896062992127
0
LINE
8
BLACK
6
CONTINUOUS
10
5.9942779527559056
20
-3.7694896062992127
11
5.9945257874015745
21
-3.7691876771653541
0
LINE
8
BLACK
6
CONTINUOUS
10
5.9945257874015745
20
-3.7691876771653541
11
5.9969067322834642
21
-3.7668067322834644
0
LINE
8
BLACK
6
CONTINUOUS
10
5.9969067322834642
20
-3.7668067322834644
11
5.9972085433070861
21
-3.7665590157480313
0
LINE
8
BLACK
6
CONTINUOUS
10
5.9972085433070861
20
-3.7665590157480313
11
5.9972767716535431
21
-3.7664803937007871
0
LINE
8
BLACK
6
CONTINUOUS
10
5.9972767716535431
20
-3.7664803937007871
11
5.9973953149606301
21
-3.7664057480314961
0
LINE
8
BLACK
6
CONTINUOUS
10
5.9973953149606301
20
-3.7664057480314961
11
5.9975033464566927
21
-3.7663171259842518
0
LINE
8
BLACK
6
CONTINUOUS
10
5.9975033464566927
20
-3.7663171259842518
11
5.9975992913385827
21
-3.7662773622047245
0
LINE
8
BLACK
6
CONTINUOUS
10
5.9975992913385827
20
-3.7662773622047245
11
5.9979299606299215
21
-3.7660692519685037
0
LINE
8
BLACK
6
CONTINUOUS
10
5.9979299606299215
20
-3.7660692519685037
11
6.002691811023622
21
-3.7636883070866141
0
LINE
8
BLACK
6
CONTINUOUS
10
6.002691811023622
20
-3.7636883070866141
11
6.0034126377952752
21
-3.7634124803149605
0
LINE
8
BLACK
6
CONTINUOUS
10
6.0034126377952752
20
-3.7634124803149605
11
6.0035537007874016
21
-3.7634024409448816
0
LINE
8
BLACK
6
CONTINUOUS
10
6.0035537007874016
20
-3.7634024409448816
11
6.0036844488188974
21
-3.7633483070866141
0
LINE
8
BLACK
6
CONTINUOUS
10
6.0036844488188974
20
-3.7633483070866141
11
6.0044525196850396
21
-3.7632726771653542
0
LINE
8
BLACK
6
CONTINUOUS
10
6.0044525196850396
20
-3.7632726771653542
11
6.0211192125984248
21
-3.7632726771653542
0
LINE
8
BLACK
6
CONTINUOUS
10
6.0211192125984248
20
-3.7632726771653542
11
6.0218872834645669
21
-3.7633483070866141
0
LINE
8
BLACK
6
CONTINUOUS
10
5.9994363385826768
20
-3.7968412204724409
11
5.9981643700787401
21
-3.7981131496062992
0
LINE
8
BLACK
6
CONTINUOUS
10
5.9981643700787401
20
-3.7981131496062992
11
5.9964847637795273
21
-3.8014724015748032
0
LINE
8
BLACK
6
CONTINUOUS
10
5.9964847637795273
20
-3.8014724015748032
11
5.9964847637795273
21
-3.8067564173228345
0
LINE
8
BLACK
6
CONTINUOUS
10
5.9964847637795273
20
-3.8067564173228345
11
5.9981643700787401
21
-3.8101156299212597
0
LINE
8
BLACK
6
CONTINUOUS
10
5.9981643700787401
20
-3.8101156299212597
11
5.9996417716535433
21
-3.8115930708661416
0
LINE
8
BLACK
6
CONTINUOUS
10
5.9996417716535433
20
-3.8115930708661416
11
6.003000984251968
21
-3.8132726771653545
0
LINE
8
BLACK
6
CONTINUOUS
10
6.003000984251968
20
-3.8132726771653545
11
6.017182204724409
21
-3.8132726771653545
0
LINE
8
BLACK
6
CONTINUOUS
10
6.017182204724409
20
-3.8132726771653545
11
6.017182204724409
21
-3.7949562204724407
0
LINE
8
BLACK
6
CONTINUOUS
10
6.017182204724409
20
-3.7949562204724407
11
6.0050913779527555
21
-3.7949562204724407
0
LINE
8
BLACK
6
CONTINUOUS
10
6.0050913779527555
20
-3.7949562204724407
11
5.9994363385826768
21
-3.7968412204724409
0
LINE
8
BLACK
6
CONTINUOUS
10
6.0020227952755905
20
-3.7728262598425197
11
6.0005452362204723
21
-3.7743037795275591
0
LINE
8
BLACK
6
CONTINUOUS
10
6.0005452362204723
20
-3.7743037795275591
11
5.998865708661417
21
-3.7776628346456693
0
LINE
8
BLACK
6
CONTINUOUS
10
5.998865708661417
20
-3.7776628346456693
11
5.998865708661417
21
-3.7805659842519685
0
LINE
8
BLACK
6
CONTINUOUS
10
5.998865708661417
20
-3.7805659842519685
11
6.0005452362204723
21
-3.7839250393700787
0
LINE
8
BLACK
6
CONTINUOUS
10
6.0005452362204723
20
-3.7839250393700787
11
6.0020228346456692
21
-3.7854026377952756
0
LINE
8
BLACK
6
CONTINUOUS
10
6.0020228346456692
20
-3.7854026377952756
11
6.005381889763779
21
-3.7870822047244093
0
LINE
8
BLACK
6
CONTINUOUS
10
6.005381889763779
20
-3.7870822047244093
11
6.017182204724409
21
-3.7870822047244093
0
LINE
8
BLACK
6
CONTINUOUS
10
6.017182204724409
20
-3.7870822047244093
11
6.017182204724409
21
-3.7711466929133857
0
LINE
8
BLACK
6
CONTINUOUS
10
6.017182204724409
20
-3.7711466929133857
11
6.0053819291338577
21
-3.7711466929133857
0
LINE
8
BLACK
6
CONTINUOUS
10
6.0053819291338577
20
-3.7711466929133857
11
6.0020227952755905
21
-3.7728262598425197
0
LINE
8
BLACK
6
CONTINUOUS
10
6.0572221653543306
20
-3.7633109448818898
11
6.0573258661417322
21
-3.7633035826771652
0
LINE
8
BLACK
6
CONTINUOUS
10
6.0573258661417322
20
-3.7633035826771652
11
6.0574622047244091
21
-3.7633345669291338
0
LINE
8
BLACK
6
CONTINUOUS
10
6.0574622047244091
20
-3.7633345669291338
11
6.0576015354330703
21
-3.7633483070866141
0
LINE
8
BLACK
6
CONTINUOUS
10
6.0576015354330703
20
-3.7633483070866141
11
6.0576976771653541
21
-3.7633881102362206
0
LINE
8
BLACK
6
CONTINUOUS
10
6.0576976771653541
20
-3.7633881102362206
11
6.058078464566929
21
-3.7634747244094489
0
LINE
8
BLACK
6
CONTINUOUS
10
6.058078464566929
20
-3.7634747244094489
11
6.0652213385826768
21
-3.7658556692913385
0
LINE
8
BLACK
6
CONTINUOUS
10
6.0652213385826768
20
-3.7658556692913385
11
6.0659260629921254
21
-3.7661702755905511
0
LINE
8
BLACK
6
CONTINUOUS
10
6.0659260629921254
20
-3.7661702755905511
11
6.0660329527559051
21
-3.7662629921259843
0
LINE
8
BLACK
6
CONTINUOUS
10
6.0660329527559051
20
-3.7662629921259843
11
6.0661636220472444
21
-3.7663171259842518
0
LINE
8
BLACK
6
CONTINUOUS
10
6.0661636220472444
20
-3.7663171259842518
11
6.066760236220472
21
-3.7668067322834644
0
LINE
8
BLACK
6
CONTINUOUS
10
6.066760236220472
20
-3.7668067322834644
11
6.0715221259842522
21
-3.7715686220472442
0
LINE
8
BLACK
6
CONTINUOUS
10
6.0715221259842522
20
-3.7715686220472442
11
6.0717698031496061
21
-3.7718704330708661
0
LINE
8
BLACK
6
CONTINUOUS
10
6.0717698031496061
20
-3.7718704330708661
11
6.0718484645669291
21
-3.7719386614173227
0
LINE
8
BLACK
6
CONTINUOUS
10
6.0718484645669291
20
-3.7719386614173227
11
6.0719230708661414
21
-3.7720572047244092
0
LINE
8
BLACK
6
CONTINUOUS
10
6.0719230708661414
20
-3.7720572047244092
11
6.0720117322834648
21
-3.7721652362204723
0
LINE
8
BLACK
6
CONTINUOUS
10
6.0720117322834648
20
-3.7721652362204723
11
6.0720514566929129
21
-3.7722611417322836
0
LINE
8
BLACK
6
CONTINUOUS
10
6.0720514566929129
20
-3.7722611417322836
11
6.0722596062992125
21
-3.7725918110236218
0
LINE
8
BLACK
6
CONTINUOUS
10
6.0722596062992125
20
-3.7725918110236218
11
6.0746405905511809
21
-3.7773537795275591
0
LINE
8
BLACK
6
CONTINUOUS
10
6.0746405905511809
20
-3.7773537795275591
11
6.074662047244094
21
-3.7774099212598427
0
LINE
8
BLACK
6
CONTINUOUS
10
6.074662047244094
20
-3.7774099212598427
11
6.074679015748031
21
-3.7774327952755904
0
LINE
8
BLACK
6
CONTINUOUS
10
6.074679015748031
20
-3.7774327952755904
11
6.0747940944881886
21
-3.7777549212598425
0
LINE
8
BLACK
6
CONTINUOUS
10
6.0747940944881886
20
-3.7777549212598425
11
6.0749164173228349
21
-3.7780745669291336
0
LINE
8
BLACK
6
CONTINUOUS
10
6.0749164173228349
20
-3.7780745669291336
11
6.0749184251968504
21
-3.7781029133858266
0
LINE
8
BLACK
6
CONTINUOUS
10
6.0749184251968504
20
-3.7781029133858266
11
6.0749386614173231
21
-3.7781595669291339
0
LINE
8
BLACK
6
CONTINUOUS
10
6.0749386614173231
20
-3.7781595669291339
11
6.0773196062992128
21
-3.787683346456693
0
LINE
8
BLACK
6
CONTINUOUS
10
6.0773196062992128
20
-3.787683346456693
11
6.0773392913385829
21
-3.7878164566929131
0
LINE
8
BLACK
6
CONTINUOUS
10
6.0773392913385829
20
-3.7878164566929131
11
6.077361535433071
21
-3.7878701574803149
0
LINE
8
BLACK
6
CONTINUOUS
10
6.077361535433071
20
-3.7878701574803149
11
6.0773900000000003
21
-3.7881595275590549
0
LINE
8
BLACK
6
CONTINUOUS
10
6.0773900000000003
20
-3.7881595275590549
11
6.0774325196850389
21
-3.7884468503937008
0
LINE
8
BLACK
6
CONTINUOUS
10
6.0774325196850389
20
-3.7884468503937008
11
6.0774239370078735
21
-3.7885042519685039
0
LINE
8
BLACK
6
CONTINUOUS
10
6.0774239370078735
20
-3.7885042519685039
11
6.0774371653543309
21
-3.7886382283464566
0
LINE
8
BLACK
6
CONTINUOUS
10
6.0774371653543309
20
-3.7886382283464566
11
6.0774371653543309
21
-3.7957811023622048
0
LINE
8
BLACK
6
CONTINUOUS
10
6.0774371653543309
20
-3.7957811023622048
11
6.0774239370078735
21
-3.7959150393700787
0
LINE
8
BLACK
6
CONTINUOUS
10
6.0774239370078735
20
-3.7959150393700787
11
6.0774325196850389
21
-3.7959724803149606
0
LINE
8
BLACK
6
CONTINUOUS
10
6.0774325196850389
20
-3.7959724803149606
11
6.0773900000000003
21
-3.7962597244094489
0
LINE
8
BLACK
6
CONTINUOUS
10
6.0773900000000003
20
-3.7962597244094489
11
6.077361535433071
21
-3.7965491732283465
0
LINE
8
BLACK
6
CONTINUOUS
10
6.077361535433071
20
-3.7965491732283465
11
6.0773392519685041
21
-3.7966028740157478
0
LINE
8
BLACK
6
CONTINUOUS
10
6.0773392519685041
20
-3.7966028740157478
11
6.0773196062992128
21
-3.7967359448818896
0
LINE
8
BLACK
6
CONTINUOUS
10
6.0773196062992128
20
-3.7967359448818896
11
6.0749386614173231
21
-3.8062597637795275
0
LINE
8
BLACK
6
CONTINUOUS
10
6.0749386614173231
20
-3.8062597637795275
11
6.0749184251968504
21
-3.8063163385826773
0
LINE
8
BLACK
6
CONTINUOUS
10
6.0749184251968504
20
-3.8063163385826773
11
6.0749164173228349
21
-3.8063448031496061
0
LINE
8
BLACK
6
CONTINUOUS
10
6.0749164173228349
20
-3.8063448031496061
11
6.0747941338582674
21
-3.8066642125984251
0
LINE
8
BLACK
6
CONTINUOUS
10
6.0747941338582674
20
-3.8066642125984251
11
6.074679015748031
21
-3.8069865748031497
0
LINE
8
BLACK
6
CONTINUOUS
10
6.074679015748031
20
-3.8069865748031497
11
6.0746620078740152
21
-3.8070094881889762
0
LINE
8
BLACK
6
CONTINUOUS
10
6.0746620078740152
20
-3.8070094881889762
11
6.0746405511811021
21
-3.8070656299212597
0
LINE
8
BLACK
6
CONTINUOUS
10
6.0746405511811021
20
-3.8070656299212597
11
6.0722595669291337
21
-3.8118275196850391
0
LINE
8
BLACK
6
CONTINUOUS
10
6.0722595669291337
20
-3.8118275196850391
11
6.0720516141732279
21
-3.812157834645669
0
LINE
8
BLACK
6
CONTINUOUS
10
6.0720516141732279
20
-3.812157834645669
11
6.0720117716535436
21
-3.8122540944881891
0
LINE
8
BLACK
6
CONTINUOUS
10
6.0720117716535436
20
-3.8122540944881891
11
6.0719228346456688
21
-3.812362401574803
0
LINE
8
BLACK
6
CONTINUOUS
10
6.0719228346456688
20
-3.812362401574803
11
6.0718484251968503
21
-3.8124806692913387
0
LINE
8
BLACK
6
CONTINUOUS
10
6.0718484251968503
20
-3.8124806692913387
11
6.0717699212598424
21
-3.8125487007874015
0
LINE
8
BLACK
6
CONTINUOUS
10
6.0717699212598424
20
-3.8125487007874015
11
6.0715221259842522
21
-3.8128506692913384
0
LINE
8
BLACK
6
CONTINUOUS
10
6.0715221259842522
20
-3.8128506692913384
11
6.066760236220472
21
-3.817612598425197
0
LINE
8
BLACK
6
CONTINUOUS
10
6.066760236220472
20
-3.817612598425197
11
6.0661636614173231
21
-3.8181022440944883
0
LINE
8
BLACK
6
CONTINUOUS
10
6.0661636614173231
20
-3.8181022440944883
11
6.0660329527559051
21
-3.8181563385826771
0
LINE
8
BLACK
6
CONTINUOUS
10
6.0660329527559051
20
-3.8181563385826771
11
6.0659260629921254
21
-3.8182490944881891
0
LINE
8
BLACK
6
CONTINUOUS
10
6.0659260629921254
20
-3.8182490944881891
11
6.0652213385826768
21
-3.8185637007874016
0
LINE
8
BLACK
6
CONTINUOUS
10
6.0652213385826768
20
-3.8185637007874016
11
6.058078464566929
21
-3.8209446456692913
0
LINE
8
BLACK
6
CONTINUOUS
10
6.058078464566929
20
-3.8209446456692913
11
6.0576976771653541
21
-3.8210312204724408
0
LINE
8
BLACK
6
CONTINUOUS
10
6.0576976771653541
20
-3.8210312204724408
11
6.0576015354330703
21
-3.8210710629921261
0
LINE
8
BLACK
6
CONTINUOUS
10
6.0576015354330703
20
-3.8210710629921261
11
6.0574622047244091
21
-3.8210847637795275
0
LINE
8
BLACK
6
CONTINUOUS
10
6.0574622047244091
20
-3.8210847637795275
11
6.0573258661417322
21
-3.8211157874015749
0
LINE
8
BLACK
6
CONTINUOUS
10
6.0573258661417322
20
-3.8211157874015749
11
6.0572221653543306
21
-3.8211083858267716
0
LINE
8
BLACK
6
CONTINUOUS
10
6.0572221653543306
20
-3.8211083858267716
11
6.0568334645669291
21
-3.8211466929133859
0
LINE
8
BLACK
6
CONTINUOUS
10
6.0568334645669291
20
-3.8211466929133859
11
6.0520715748031497
21
-3.8211466929133859
0
LINE
8
BLACK
6
CONTINUOUS
10
6.0520715748031497
20
-3.8211466929133859
11
6.0516828346456695
21
-3.8211083858267716
0
LINE
8
BLACK
6
CONTINUOUS
10
6.0516828346456695
20
-3.8211083858267716
11
6.0515791732283466
21
-3.8211157874015749
0
LINE
8
BLACK
6
CONTINUOUS
10
6.0515791732283466
20
-3.8211157874015749
11
6.0514428346456688
21
-3.8210847637795275
0
LINE
8
BLACK
6
CONTINUOUS
10
6.0514428346456688
20
-3.8210847637795275
11
6.0513035039370076
21
-3.8210710629921261
0
LINE
8
BLACK
6
CONTINUOUS
10
6.0513035039370076
20
-3.8210710629921261
11
6.0512073228346459
21
-3.8210312204724408
0
LINE
8
BLACK
6
CONTINUOUS
10
6.0512073228346459
20
-3.8210312204724408
11
6.0508266141732285
21
-3.8209446456692913
0
LINE
8
BLACK
6
CONTINUOUS
10
6.0508266141732285
20
-3.8209446456692913
11
6.0436837007874011
21
-3.8185637007874016
0
LINE
8
BLACK
6
CONTINUOUS
10
6.0436837007874011
20
-3.8185637007874016
11
6.0429789763779524
21
-3.8182490944881891
0
LINE
8
BLACK
6
CONTINUOUS
10
6.0429789763779524
20
-3.8182490944881891
11
6.042872047244094
21
-3.8181563779527559
0
LINE
8
BLACK
6
CONTINUOUS
10
6.042872047244094
20
-3.8181563779527559
11
6.0427413779527557
21
-3.8181022440944883
0
LINE
8
BLACK
6
CONTINUOUS
10
6.0427413779527557
20
-3.8181022440944883
11
6.0421448031496059
21
-3.817612598425197
0
LINE
8
BLACK
6
CONTINUOUS
10
6.0421448031496059
20
-3.817612598425197
11
6.0397638582677162
21
-3.8152316141732281
0
LINE
8
BLACK
6
CONTINUOUS
10
6.0397638582677162
20
-3.8152316141732281
11
6.0392742125984249
21
-3.8146350393700788
0
LINE
8
BLACK
6
CONTINUOUS
10
6.0392742125984249
20
-3.8146350393700788
11
6.0386863779527555
21
-3.8132157874015746
0
LINE
8
BLACK
6
CONTINUOUS
10
6.0386863779527555
20
-3.8132157874015746
11
6.0386864173228343
21
-3.8116796456692912
0
LINE
8
BLACK
6
CONTINUOUS
10
6.0386864173228343
20
-3.8116796456692912
11
6.0392742519685036
21
-3.8102604330708663
0
LINE
8
BLACK
6
CONTINUOUS
10
6.0392742519685036
20
-3.8102604330708663
11
6.0403604724409448
21
-3.8091742125984251
0
LINE
8
BLACK
6
CONTINUOUS
10
6.0403604724409448
20
-3.8091742125984251
11
6.0417797244094489
21
-3.8085863779527558
0
LINE
8
BLACK
6
CONTINUOUS
10
6.0417797244094489
20
-3.8085863779527558
11
6.0433158661417323
21
-3.8085864173228345
0
LINE
8
BLACK
6
CONTINUOUS
10
6.0433158661417323
20
-3.8085864173228345
11
6.0447350787401577
21
-3.8091742519685039
0
LINE
8
BLACK
6
CONTINUOUS
10
6.0447350787401577
20
-3.8091742519685039
11
6.0453316535433066
21
-3.8096638976377952
0
LINE
8
BLACK
6
CONTINUOUS
10
6.0453316535433066
20
-3.8096638976377952
11
6.0470553937007869
21
-3.8113876771653543
0
LINE
8
BLACK
6
CONTINUOUS
10
6.0470553937007869
20
-3.8113876771653543
11
6.0527104330708656
21
-3.8132726771653545
0
LINE
8
BLACK
6
CONTINUOUS
10
6.0527104330708656
20
-3.8132726771653545
11
6.0561946062992122
21
-3.8132726771653545
0
LINE
8
BLACK
6
CONTINUOUS
10
6.0561946062992122
20
-3.8132726771653545
11
6.0618496062992122
21
-3.8113876771653543
0
LINE
8
BLACK
6
CONTINUOUS
10
6.0618496062992122
20
-3.8113876771653543
11
6.0655026377952757
21
-3.8077346062992126
0
LINE
8
BLACK
6
CONTINUOUS
10
6.0655026377952757
20
-3.8077346062992126
11
6.0674045669291337
21
-3.8039307480314961
0
LINE
8
BLACK
6
CONTINUOUS
10
6.0674045669291337
20
-3.8039307480314961
11
6.0695631496062994
21
-3.7952964566929133
0
LINE
8
BLACK
6
CONTINUOUS
10
6.0695631496062994
20
-3.7952964566929133
11
6.0695631496062994
21
-3.7891228740157481
0
LINE
8
BLACK
6
CONTINUOUS
10
6.0695631496062994
20
-3.7891228740157481
11
6.0674045669291337
21
-3.7804885433070865
0
LINE
8
BLACK
6
CONTINUOUS
10
6.0674045669291337
20
-3.7804885433070865
11
6.0655025590551181
21
-3.7766846456692913
0
LINE
8
BLACK
6
CONTINUOUS
10
6.0655025590551181
20
-3.7766846456692913
11
6.0618495669291335
21
-3.7730316535433071
0
LINE
8
BLACK
6
CONTINUOUS
10
6.0618495669291335
20
-3.7730316535433071
11
6.0561946062992122
21
-3.7711466929133857
0
LINE
8
BLACK
6
CONTINUOUS
10
6.0561946062992122
20
-3.7711466929133857
11
6.0527104330708656
21
-3.7711466929133857
0
LINE
8
BLACK
6
CONTINUOUS
10
6.0527104330708656
20
-3.7711466929133857
11
6.0470554330708657
21
-3.7730316535433071
0
LINE
8
BLACK
6
CONTINUOUS
10
6.0470554330708657
20
-3.7730316535433071
11
6.0453316535433066
21
-3.7747554724409449
0
LINE
8
BLACK
6
CONTINUOUS
10
6.0453316535433066
20
-3.7747554724409449
11
6.0447350393700789
21
-3.7752450787401575
0
LINE
8
BLACK
6
CONTINUOUS
10
6.0447350393700789
20
-3.7752450787401575
11
6.0433158267716536
21
-3.7758329527559056
0
LINE
8
BLACK
6
CONTINUOUS
10
6.0433158267716536
20
-3.7758329527559056
11
6.0417796850393701
21
-3.7758329527559056
0
LINE
8
BLACK
6
CONTINUOUS
10
6.0417796850393701
20
-3.7758329527559056
11
6.0403604724409448
21
-3.7752450787401575
0
LINE
8
BLACK
6
CONTINUOUS
10
6.0403604724409448
20
-3.7752450787401575
11
6.0392742519685036
21
-3.7741588582677164
0
LINE
8
BLACK
6
CONTINUOUS
10
6.0392742519685036
20
-3.7741588582677164
11
6.0386863779527555
21
-3.7727396456692914
0
LINE
8
BLACK
6
CONTINUOUS
10
6.0386863779527555
20
-3.7727396456692914
11
6.0386863779527555
21
-3.771203503937008
0
LINE
8
BLACK
6
CONTINUOUS
10
6.0386863779527555
20
-3.771203503937008
11
6.0392742519685036
21
-3.7697842913385826
0
LINE
8
BLACK
6
CONTINUOUS
10
6.0392742519685036
20
-3.7697842913385826
11
6.0397638582677162
21
-3.7691876771653541
0
LINE
8
BLACK
6
CONTINUOUS
10
6.0397638582677162
20
-3.7691876771653541
11
6.0421448031496059
21
-3.7668067322834644
0
LINE
8
BLACK
6
CONTINUOUS
10
6.0421448031496059
20
-3.7668067322834644
11
6.0427414173228344
21
-3.7663171259842518
0
LINE
8
BLACK
6
CONTINUOUS
10
6.0427414173228344
20
-3.7663171259842518
11
6.042872047244094
21
-3.7662629921259843
0
LINE
8
BLACK
6
CONTINUOUS
10
6.042872047244094
20
-3.7662629921259843
11
6.0429789763779524
21
-3.7661702755905511
0
LINE
8
BLACK
6
CONTINUOUS
10
6.0429789763779524
20
-3.7661702755905511
11
6.0436837007874011
21
-3.7658556692913385
0
LINE
8
BLACK
6
CONTINUOUS
10
6.0436837007874011
20
-3.7658556692913385
11
6.0508266141732285
21
-3.7634747244094489
0
LINE
8
BLACK
6
CONTINUOUS
10
6.0508266141732285
20
-3.7634747244094489
11
6.0512073228346459
21
-3.7633881102362206
0
LINE
8
BLACK
6
CONTINUOUS
10
6.0512073228346459
20
-3.7633881102362206
11
6.0513035039370076
21
-3.7633483070866141
0
LINE
8
BLACK
6
CONTINUOUS
10
6.0513035039370076
20
-3.7633483070866141
11
6.0514428346456688
21
-3.7633345669291338
0
LINE
8
BLACK
6
CONTINUOUS
10
6.0514428346456688
20
-3.7633345669291338
11
6.0515791732283466
21
-3.7633035826771652
0
LINE
8
BLACK
6
CONTINUOUS
10
6.0515791732283466
20
-3.7633035826771652
11
6.0516828346456695
21
-3.7633109448818898
0
LINE
8
BLACK
6
CONTINUOUS
10
6.0516828346456695
20
-3.7633109448818898
11
6.0520715748031497
21
-3.7632726771653542
0
LINE
8
BLACK
6
CONTINUOUS
10
6.0520715748031497
20
-3.7632726771653542
11
6.0568334645669291
21
-3.7632726771653542
0
LINE
8
BLACK
6
CONTINUOUS
10
6.0568334645669291
20
-3.7632726771653542
11
6.0572221653543306
21
-3.7633109448818898
0
LINE
8
BLACK
6
CONTINUOUS
10
6.2552205905511808
20
-3.7633483070866141
11
6.2566398031496062
21
-3.7639361811023622
0
LINE
8
BLACK
6
CONTINUOUS
10
6.2566398031496062
20
-3.7639361811023622
11
6.2577260236220473
21
-3.7650224015748033
0
LINE
8
BLACK
6
CONTINUOUS
10
6.2577260236220473
20
-3.7650224015748033
11
6.2583138976377954
21
-3.7664416141732282
0
LINE
8
BLACK
6
CONTINUOUS
10
6.2583138976377954
20
-3.7664416141732282
11
6.2583138976377954
21
-3.7679777559055116
0
LINE
8
BLACK
6
CONTINUOUS
10
6.2583138976377954
20
-3.7679777559055116
11
6.2577260236220473
21
-3.769396968503937
0
LINE
8
BLACK
6
CONTINUOUS
10
6.2577260236220473
20
-3.769396968503937
11
6.2566398031496062
21
-3.7704831889763777
0
LINE
8
BLACK
6
CONTINUOUS
10
6.2566398031496062
20
-3.7704831889763777
11
6.2552205905511808
21
-3.7710710629921258
0
LINE
8
BLACK
6
CONTINUOUS
10
6.2552205905511808
20
-3.7710710629921258
11
6.2544525196850396
21
-3.7711466929133857
0
LINE
8
BLACK
6
CONTINUOUS
10
6.2544525196850396
20
-3.7711466929133857
11
6.2321764173228349
21
-3.7711466929133857
0
LINE
8
BLACK
6
CONTINUOUS
10
6.2321764173228349
20
-3.7711466929133857
11
6.2431297244094486
21
-3.7836647637795275
0
LINE
8
BLACK
6
CONTINUOUS
10
6.2431297244094486
20
-3.7836647637795275
11
6.2433670866141728
21
-3.7839967716535434
0
LINE
8
BLACK
6
CONTINUOUS
10
6.2433670866141728
20
-3.7839967716535434
11
6.2434403149606297
21
-3.7840699999999998
0
LINE
8
BLACK
6
CONTINUOUS
10
6.2434403149606297
20
-3.7840699999999998
11
6.2434690551181102
21
-3.784139409448819
0
LINE
8
BLACK
6
CONTINUOUS
10
6.2434690551181102
20
-3.784139409448819
11
6.2435785826771655
21
-3.7842925984251967
0
LINE
8
BLACK
6
CONTINUOUS
10
6.2435785826771655
20
-3.7842925984251967
11
6.2437834645669286
21
-3.7848984251968503
0
LINE
8
BLACK
6
CONTINUOUS
10
6.2437834645669286
20
-3.7848984251968503
11
6.2440281889763778
21
-3.7854892125984252
0
LINE
8
BLACK
6
CONTINUOUS
10
6.2440281889763778
20
-3.7854892125984252
11
6.2440281889763778
21
-3.7856220078740157
0
LINE
8
BLACK
6
CONTINUOUS
10
6.2440281889763778
20
-3.7856220078740157
11
6.2440707086614173
21
-3.7857477559055117
0
LINE
8
BLACK
6
CONTINUOUS
10
6.2440707086614173
20
-3.7857477559055117
11
6.2440281889763778
21
-3.7863856299212597
0
LINE
8
BLACK
6
CONTINUOUS
10
6.2440281889763778
20
-3.7863856299212597
11
6.2440281889763778
21
-3.7870253543307086
0
LINE
8
BLACK
6
CONTINUOUS
10
6.2440281889763778
20
-3.7870253543307086
11
6.2439773622047241
21
-3.7871479921259841
0
LINE
8
BLACK
6
CONTINUOUS
10
6.2439773622047241
20
-3.7871479921259841
11
6.2439685433070862
21
-3.7872805118110233
0
LINE
8
BLACK
6
CONTINUOUS
10
6.2439685433070862
20
-3.7872805118110233
11
6.2436849606299214
21
-3.7878539370078741
0
LINE
8
BLACK
6
CONTINUOUS
10
6.2436849606299214
20
-3.7878539370078741
11
6.2434403149606297
21
-3.7884445669291336
0
LINE
8
BLACK
6
CONTINUOUS
10
6.2434403149606297
20
-3.7884445669291336
11
6.2433464566929135
21
-3.7885383858267714
0
LINE
8
BLACK
6
CONTINUOUS
10
6.2433464566929135
20
-3.7885383858267714
11
6.243287598425197
21
-3.7886574803149604
0
LINE
8
BLACK
6
CONTINUOUS
10
6.243287598425197
20
-3.7886574803149604
11
6.2428059448818898
21
-3.7890788976377952
0
LINE
8
BLACK
6
CONTINUOUS
10
6.2428059448818898
20
-3.7890788976377952
11
6.2423540944881886
21
-3.7895307874015747
0
LINE
8
BLACK
6
CONTINUOUS
10
6.2423540944881886
20
-3.7895307874015747
11
6.2422314960629919
21
-3.7895815354330709
0
LINE
8
BLACK
6
CONTINUOUS
10
6.2422314960629919
20
-3.7895815354330709
11
6.2421315354330709
21
-3.78966905511811
0
LINE
8
BLACK
6
CONTINUOUS
10
6.2421315354330709
20
-3.78966905511811
11
6.2415255511811019
21
-3.7898739763779528
0
LINE
8
BLACK
6
CONTINUOUS
10
6.2415255511811019
20
-3.7898739763779528
11
6.2409348818897632
21
-3.7901186614173228
0
LINE
8
BLACK
6
CONTINUOUS
10
6.2409348818897632
20
-3.7901186614173228
11
6.2407474803149601
21
-3.7901370866141733
0
LINE
8
BLACK
6
CONTINUOUS
10
6.2407474803149601
20
-3.7901370866141733
11
6.2406763385826771
21
-3.7901611811023623
0
LINE
8
BLACK
6
CONTINUOUS
10
6.2406763385826771
20
-3.7901611811023623
11
6.2405729921259843
21
-3.7901542913385824
0
LINE
8
BLACK
6
CONTINUOUS
10
6.2405729921259843
20
-3.7901542913385824
11
6.2401668110236219
21
-3.7901942913385827
0
LINE
8
BLACK
6
CONTINUOUS
10
6.2401668110236219
20
-3.7901942913385827
11
6.2339533464566932
21
-3.7901942913385827
0
LINE
8
BLACK
6
CONTINUOUS
10
6.2339533464566932
20
-3.7901942913385827
11
6.2305941338582675
21
-3.7918738582677163
0
LINE
8
BLACK
6
CONTINUOUS
10
6.2305941338582675
20
-3.7918738582677163
11
6.2291166929133857
21
-3.7933512992125982
0
LINE
8
BLACK
6
CONTINUOUS
10
6.2291166929133857
20
-3.7933512992125982
11
6.2274371259842516
21
-3.7967104724409446
0
LINE
8
BLACK
6
CONTINUOUS
10
6.2274371259842516
20
-3.7967104724409446
11
6.2274371259842516
21
-3.8067564566929133
0
LINE
8
BLACK
6
CONTINUOUS
10
6.2274371259842516
20
-3.8067564566929133
11
6.2291166929133857
21
-3.8101156299212597
0
LINE
8
BLACK
6
CONTINUOUS
10
6.2291166929133857
20
-3.8101156299212597
11
6.2305941338582675
21
-3.8115930708661416
0
LINE
8
BLACK
6
CONTINUOUS
10
6.2305941338582675
20
-3.8115930708661416
11
6.2339533464566932
21
-3.8132726771653545
0
LINE
8
BLACK
6
CONTINUOUS
10
6.2339533464566932
20
-3.8132726771653545
11
6.2463802362204719
21
-3.8132726771653545
0
LINE
8
BLACK
6
CONTINUOUS
10
6.2463802362204719
20
-3.8132726771653545
11
6.2497394488188975
21
-3.8115930708661416
0
LINE
8
BLACK
6
CONTINUOUS
10
6.2497394488188975
20
-3.8115930708661416
11
6.2516686220472444
21
-3.8096638976377952
0
LINE
8
BLACK
6
CONTINUOUS
10
6.2516686220472444
20
-3.8096638976377952
11
6.2522651968503933
21
-3.8091742519685039
0
LINE
8
BLACK
6
CONTINUOUS
10
6.2522651968503933
20
-3.8091742519685039
11
6.2536844094488186
21
-3.8085863779527558
0
LINE
8
BLACK
6
CONTINUOUS
10
6.2536844094488186
20
-3.8085863779527558
11
6.2552205511811021
21
-3.8085863779527558
0
LINE
8
BLACK
6
CONTINUOUS
10
6.2552205511811021
20
-3.8085863779527558
11
6.2566398031496062
21
-3.8091742125984251
0
LINE
8
BLACK
6
CONTINUOUS
10
6.2566398031496062
20
-3.8091742125984251
11
6.2577260236220473
21
-3.8102604330708663
0
LINE
8
BLACK
6
CONTINUOUS
10
6.2577260236220473
20
-3.8102604330708663
11
6.2583138976377954
21
-3.8116796456692912
0
LINE
8
BLACK
6
CONTINUOUS
10
6.2583138976377954
20
-3.8116796456692912
11
6.2583138976377954
21
-3.8132157874015746
0
LINE
8
BLACK
6
CONTINUOUS
10
6.2583138976377954
20
-3.8132157874015746
11
6.2577260629921261
21
-3.814635
0
LINE
8
BLACK
6
CONTINUOUS
10
6.2577260629921261
20
-3.814635
11
6.2572364173228348
21
-3.8152316141732281
0
LINE
8
BLACK
6
CONTINUOUS
10
6.2572364173228348
20
-3.8152316141732281
11
6.2548554724409451
21
-3.817612598425197
0
LINE
8
BLACK
6
CONTINUOUS
10
6.2548554724409451
20
-3.817612598425197
11
6.2545535039370082
21
-3.8178603937007871
0
LINE
8
BLACK
6
CONTINUOUS
10
6.2545535039370082
20
-3.8178603937007871
11
6.2544853937007874
21
-3.8179389763779525
0
LINE
8
BLACK
6
CONTINUOUS
10
6.2544853937007874
20
-3.8179389763779525
11
6.2543670472440942
21
-3.8180134251968503
0
LINE
8
BLACK
6
CONTINUOUS
10
6.2543670472440942
20
-3.8180134251968503
11
6.2542588976377953
21
-3.8181022440944883
0
LINE
8
BLACK
6
CONTINUOUS
10
6.2542588976377953
20
-3.8181022440944883
11
6.2541627559055115
21
-3.8181420472440943
0
LINE
8
BLACK
6
CONTINUOUS
10
6.2541627559055115
20
-3.8181420472440943
11
6.2538322440944878
21
-3.8183501181102359
0
LINE
8
BLACK
6
CONTINUOUS
10
6.2538322440944878
20
-3.8183501181102359
11
6.2490703149606297
21
-3.8207310629921261
0
LINE
8
BLACK
6
CONTINUOUS
10
6.2490703149606297
20
-3.8207310629921261
11
6.2483495275590553
21
-3.8210068897637792
0
LINE
8
BLACK
6
CONTINUOUS
10
6.2483495275590553
20
-3.8210068897637792
11
6.2482084251968502
21
-3.8210168897637793
0
LINE
8
BLACK
6
CONTINUOUS
10
6.2482084251968502
20
-3.8210168897637793
11
6.2480777165354331
21
-3.8210710629921261
0
LINE
8
BLACK
6
CONTINUOUS
10
6.2480777165354331
20
-3.8210710629921261
11
6.2473096456692909
21
-3.8211466929133859
0
LINE
8
BLACK
6
CONTINUOUS
10
6.2473096456692909
20
-3.8211466929133859
11
6.2330239370078742
21
-3.8211466929133859
0
LINE
8
BLACK
6
CONTINUOUS
10
6.2330239370078742
20
-3.8211466929133859
11
6.232255866141732
21
-3.8210710629921261
0
LINE
8
BLACK
6
CONTINUOUS
10
6.232255866141732
20
-3.8210710629921261
11
6.2321251181102362
21
-3.8210168897637793
0
LINE
8
BLACK
6
CONTINUOUS
10
6.2321251181102362
20
-3.8210168897637793
11
6.2319840551181098
21
-3.8210068897637792
0
LINE
8
BLACK
6
CONTINUOUS
10
6.2319840551181098
20
-3.8210068897637792
11
6.2312632283464566
21
-3.8207310629921261
0
LINE
8
BLACK
6
CONTINUOUS
10
6.2312632283464566
20
-3.8207310629921261
11
6.226501377952756
21
-3.8183501181102359
0
LINE
8
BLACK
6
CONTINUOUS
10
6.226501377952756
20
-3.8183501181102359
11
6.2261707874015748
21
-3.8181420078740156
0
LINE
8
BLACK
6
CONTINUOUS
10
6.2261707874015748
20
-3.8181420078740156
11
6.2260747244094485
21
-3.8181022440944883
0
LINE
8
BLACK
6
CONTINUOUS
10
6.2260747244094485
20
-3.8181022440944883
11
6.2259666141732284
21
-3.8180135039370078
0
LINE
8
BLACK
6
CONTINUOUS
10
6.2259666141732284
20
-3.8180135039370078
11
6.2258481889763777
21
-3.8179389763779525
0
LINE
8
BLACK
6
CONTINUOUS
10
6.2258481889763777
20
-3.8179389763779525
11
6.2257799606299216
21
-3.8178603149606301
0
LINE
8
BLACK
6
CONTINUOUS
10
6.2257799606299216
20
-3.8178603149606301
11
6.2254781496062988
21
-3.817612598425197
0
LINE
8
BLACK
6
CONTINUOUS
10
6.2254781496062988
20
-3.817612598425197
11
6.2230972047244091
21
-3.8152316141732281
0
LINE
8
BLACK
6
CONTINUOUS
10
6.2230972047244091
20
-3.8152316141732281
11
6.2228493700787402
21
-3.8149296850393699
0
LINE
8
BLACK
6
CONTINUOUS
10
6.2228493700787402
20
-3.8149296850393699
11
6.222770905511811
21
-3.8148616141732283
0
LINE
8
BLACK
6
CONTINUOUS
10
6.222770905511811
20
-3.8148616141732283
11
6.2226964566929128
21
-3.8147433464566927
0
LINE
8
BLACK
6
CONTINUOUS
10
6.2226964566929128
20
-3.8147433464566927
11
6.2226075590551178
21
-3.8146350393700788
0
LINE
8
BLACK
6
CONTINUOUS
10
6.2226075590551178
20
-3.8146350393700788
11
6.2225676771653538
21
-3.8145387795275592
0
LINE
8
BLACK
6
CONTINUOUS
10
6.2225676771653538
20
-3.8145387795275592
11
6.2223597637795276
21
-3.8142084645669292
0
LINE
8
BLACK
6
CONTINUOUS
10
6.2223597637795276
20
-3.8142084645669292
11
6.2199787795275592
21
-3.8094465748031494
0
LINE
8
BLACK
6
CONTINUOUS
10
6.2199787795275592
20
-3.8094465748031494
11
6.2197029133858264
21
-3.8087257874015745
0
LINE
8
BLACK
6
CONTINUOUS
10
6.2197029133858264
20
-3.8087257874015745
11
6.219692874015748
21
-3.8085846062992124
0
LINE
8
BLACK
6
CONTINUOUS
10
6.219692874015748
20
-3.8085846062992124
11
6.21963874015748
21
-3.808453937007874
0
LINE
8
BLACK
6
CONTINUOUS
10
6.21963874015748
20
-3.808453937007874
11
6.2195631102362201
21
-3.8076858661417323
0
LINE
8
BLACK
6
CONTINUOUS
10
6.2195631102362201
20
-3.8076858661417323
11
6.2195631102362201
21
-3.7957811023622048
0
LINE
8
BLACK
6
CONTINUOUS
10
6.2195631102362201
20
-3.7957811023622048
11
6.21963874015748
21
-3.7950130314960631
0
LINE
8
BLACK
6
CONTINUOUS
10
6.21963874015748
20
-3.7950130314960631
11
6.219692874015748
21
-3.7948823228346455
0
LINE
8
BLACK
6
CONTINUOUS
10
6.219692874015748
20
-3.7948823228346455
11
6.2197029133858264
21
-3.7947411811023621
0
LINE
8
BLACK
6
CONTINUOUS
10
6.2197029133858264
20
-3.7947411811023621
11
6.2199787795275592
21
-3.7940203937007873
0
LINE
8
BLACK
6
CONTINUOUS
10
6.2199787795275592
20
-3.7940203937007873
11
6.2223597637795276
21
-3.7892585039370079
0
LINE
8
BLACK
6
CONTINUOUS
10
6.2223597637795276
20
-3.7892585039370079
11
6.2225676771653538
21
-3.7889281496062992
0
LINE
8
BLACK
6
CONTINUOUS
10
6.2225676771653538
20
-3.7889281496062992
11
6.2226075590551178
21
-3.7888319291338584
0
LINE
8
BLACK
6
CONTINUOUS
10
6.2226075590551178
20
-3.7888319291338584
11
6.2226964566929128
21
-3.7887235826771652
0
LINE
8
BLACK
6
CONTINUOUS
10
6.2226964566929128
20
-3.7887235826771652
11
6.222770905511811
21
-3.7886053543307088
0
LINE
8
BLACK
6
CONTINUOUS
10
6.222770905511811
20
-3.7886053543307088
11
6.2228493700787402
21
-3.788537244094488
0
LINE
8
BLACK
6
CONTINUOUS
10
6.2228493700787402
20
-3.788537244094488
11
6.2230972047244091
21
-3.7882353543307086
0
LINE
8
BLACK
6
CONTINUOUS
10
6.2230972047244091
20
-3.7882353543307086
11
6.2254781496062988
21
-3.7858543700787401
0
LINE
8
BLACK
6
CONTINUOUS
10
6.2254781496062988
20
-3.7858543700787401
11
6.2257799606299216
21
-3.7856066141732283
0
LINE
8
BLACK
6
CONTINUOUS
10
6.2257799606299216
20
-3.7856066141732283
11
6.2258481889763777
21
-3.7855279921259841
0
LINE
8
BLACK
6
CONTINUOUS
10
6.2258481889763777
20
-3.7855279921259841
11
6.2259666141732284
21
-3.7854534251968501
0
LINE
8
BLACK
6
CONTINUOUS
10
6.2259666141732284
20
-3.7854534251968501
11
6.2260747244094485
21
-3.7853647244094488
0
LINE
8
BLACK
6
CONTINUOUS
10
6.2260747244094485
20
-3.7853647244094488
11
6.2261707874015748
21
-3.7853249212598423
0
LINE
8
BLACK
6
CONTINUOUS
10
6.2261707874015748
20
-3.7853249212598423
11
6.226501377952756
21
-3.7851168503937007
0
LINE
8
BLACK
6
CONTINUOUS
10
6.226501377952756
20
-3.7851168503937007
11
6.2312632283464566
21
-3.782735905511811
0
LINE
8
BLACK
6
CONTINUOUS
10
6.2312632283464566
20
-3.782735905511811
11
6.2317059448818899
21
-3.7825664566929134
0
LINE
8
BLACK
6
CONTINUOUS
10
6.2317059448818899
20
-3.7825664566929134
11
6.2205372047244092
21
-3.7698022440944881
0
LINE
8
BLACK
6
CONTINUOUS
10
6.2205372047244092
20
-3.7698022440944881
11
6.2202997244094487
21
-3.7694700787401576
0
LINE
8
BLACK
6
CONTINUOUS
10
6.2202997244094487
20
-3.7694700787401576
11
6.2202266141732281
21
-3.769396968503937
0
LINE
8
BLACK
6
CONTINUOUS
10
6.2202266141732281
20
-3.769396968503937
11
6.2201978740157475
21
-3.7693276377952754
0
LINE
8
BLACK
6
CONTINUOUS
10
6.2201978740157475
20
-3.7693276377952754
11
6.2200883464566932
21
-3.7691744094488189
0
LINE
8
BLACK
6
CONTINUOUS
10
6.2200883464566932
20
-3.7691744094488189
11
6.2198833858267717
21
-3.7685684251968503
0
LINE
8
BLACK
6
CONTINUOUS
10
6.2198833858267717
20
-3.7685684251968503
11
6.21963874015748
21
-3.7679777559055116
0
LINE
8
BLACK
6
CONTINUOUS
10
6.21963874015748
20
-3.7679777559055116
11
6.21963874015748
21
-3.7678449212598424
0
LINE
8
BLACK
6
CONTINUOUS
10
6.21963874015748
20
-3.7678449212598424
11
6.2195962204724404
21
-3.7677192125984251
0
LINE
8
BLACK
6
CONTINUOUS
10
6.2195962204724404
20
-3.7677192125984251
11
6.21963874015748
21
-3.7670812992125984
0
LINE
8
BLACK
6
CONTINUOUS
10
6.21963874015748
20
-3.7670812992125984
11
6.21963874015748
21
-3.7664416141732282
0
LINE
8
BLACK
6
CONTINUOUS
10
6.21963874015748
20
-3.7664416141732282
11
6.2196895275590549
21
-3.766318937007874
0
LINE
8
BLACK
6
CONTINUOUS
10
6.2196895275590549
20
-3.766318937007874
11
6.2196983858267716
21
-3.7661864566929135
0
LINE
8
BLACK
6
CONTINUOUS
10
6.2196983858267716
20
-3.7661864566929135
11
6.2199819291338585
21
-3.765612992125984
0
LINE
8
BLACK
6
CONTINUOUS
10
6.2199819291338585
20
-3.765612992125984
11
6.2202266141732281
21
-3.7650224015748033
0
LINE
8
BLACK
6
CONTINUOUS
10
6.2202266141732281
20
-3.7650224015748033
11
6.2203204330708664
21
-3.7649285433070867
0
LINE
8
BLACK
6
CONTINUOUS
10
6.2203204330708664
20
-3.7649285433070867
11
6.2203793307086617
21
-3.7648094881889764
0
LINE
8
BLACK
6
CONTINUOUS
10
6.2203793307086617
20
-3.7648094881889764
11
6.2208609448818892
21
-3.7643880314960629
0
LINE
8
BLACK
6
CONTINUOUS
10
6.2208609448818892
20
-3.7643880314960629
11
6.2213128346456692
21
-3.7639361811023622
0
LINE
8
BLACK
6
CONTINUOUS
10
6.2213128346456692
20
-3.7639361811023622
11
6.2214353937007871
21
-3.7638853937007872
0
LINE
8
BLACK
6
CONTINUOUS
10
6.2214353937007871
20
-3.7638853937007872
11
6.2215353937007869
21
-3.7637979133858268
0
LINE
8
BLACK
6
CONTINUOUS
10
6.2215353937007869
20
-3.7637979133858268
11
6.2221413385826772
21
-3.7635929527559053
0
LINE
8
BLACK
6
CONTINUOUS
10
6.2221413385826772
20
-3.7635929527559053
11
6.2227320472440946
21
-3.7633483070866141
0
LINE
8
BLACK
6
CONTINUOUS
10
6.2227320472440946
20
-3.7633483070866141
11
6.2229194094488189
21
-3.7633298425196848
0
LINE
8
BLACK
6
CONTINUOUS
10
6.2229194094488189
20
-3.7633298425196848
11
6.2229905905511806
21
-3.7633057874015745
0
LINE
8
BLACK
6
CONTINUOUS
10
6.2229905905511806
20
-3.7633057874015745
11
6.2230938976377947
21
-3.7633126377952757
0
LINE
8
BLACK
6
CONTINUOUS
10
6.2230938976377947
20
-3.7633126377952757
11
6.2235001181102358
21
-3.7632726771653542
0
LINE
8
BLACK
6
CONTINUOUS
10
6.2235001181102358
20
-3.7632726771653542
11
6.2544525196850396
21
-3.7632726771653542
0
LINE
8
BLACK
6
CONTINUOUS
10
6.2544525196850396
20
-3.7632726771653542
11
6.2552205905511808
21
-3.7633483070866141
0
LINE
8
BLACK
6
CONTINUOUS
10
6.2885539370078742
20
-3.7633483070866141
11
6.2886846456692913
21
-3.7634024409448816
0
LINE
8
BLACK
6
CONTINUOUS
10
6.2886846456692913
20
-3.7634024409448816
11
6.2888257480314955
21
-3.7634124803149605
0
LINE
8
BLACK
6
CONTINUOUS
10
6.2888257480314955
20
-3.7634124803149605
11
6.2895465354330709
21
-3.7636883070866141
0
LINE
8
BLACK
6
CONTINUOUS
10
6.2895465354330709
20
-3.7636883070866141
11
6.2943084251968502
21
-3.7660692519685037
0
LINE
8
BLACK
6
CONTINUOUS
10
6.2943084251968502
20
-3.7660692519685037
11
6.2946389763779527
21
-3.7662773228346458
0
LINE
8
BLACK
6
CONTINUOUS
10
6.2946389763779527
20
-3.7662773228346458
11
6.2947350393700789
21
-3.7663171259842518
0
LINE
8
BLACK
6
CONTINUOUS
10
6.2947350393700789
20
-3.7663171259842518
11
6.2948431496062991
21
-3.7664058267716536
0
LINE
8
BLACK
6
CONTINUOUS
10
6.2948431496062991
20
-3.7664058267716536
11
6.2949615748031498
21
-3.7664803937007871
0
LINE
8
BLACK
6
CONTINUOUS
10
6.2949615748031498
20
-3.7664803937007871
11
6.2950296456692909
21
-3.7665588976377951
0
LINE
8
BLACK
6
CONTINUOUS
10
6.2950296456692909
20
-3.7665588976377951
11
6.2953316535433066
21
-3.7668067322834644
0
LINE
8
BLACK
6
CONTINUOUS
10
6.2953316535433066
20
-3.7668067322834644
11
6.2977125984251972
21
-3.7691876771653541
0
LINE
8
BLACK
6
CONTINUOUS
10
6.2977125984251972
20
-3.7691876771653541
11
6.2979603937007873
21
-3.7694896062992127
0
LINE
8
BLACK
6
CONTINUOUS
10
6.2979603937007873
20
-3.7694896062992127
11
6.2980388976377952
21
-3.769557716535433
0
LINE
8
BLACK
6
CONTINUOUS
10
6.2980388976377952
20
-3.769557716535433
11
6.2981133858267713
21
-3.7696760629921258
0
LINE
8
BLACK
6
CONTINUOUS
10
6.2981133858267713
20
-3.7696760629921258
11
6.2982022047244097
21
-3.7697842913385826
0
LINE
8
BLACK
6
CONTINUOUS
10
6.2982022047244097
20
-3.7697842913385826
11
6.2982420078740153
21
-3.7698803543307084
0
LINE
8
BLACK
6
CONTINUOUS
10
6.2982420078740153
20
-3.7698803543307084
11
6.2984500393700786
21
-3.7702108661417322
0
LINE
8
BLACK
6
CONTINUOUS
10
6.2984500393700786
20
-3.7702108661417322
11
6.3008310236220471
21
-3.7749727559055115
0
LINE
8
BLACK
6
CONTINUOUS
10
6.3008310236220471
20
-3.7749727559055115
11
6.3008524803149601
21
-3.7750288582677163
0
LINE
8
BLACK
6
CONTINUOUS
10
6.3008524803149601
20
-3.7750288582677163
11
6.300869488188976
21
-3.775051811023622
0
LINE
8
BLACK
6
CONTINUOUS
10
6.300869488188976
20
-3.775051811023622
11
6.3009846062992123
21
-3.7753741338582678
0
LINE
8
BLACK
6
CONTINUOUS
10
6.3009846062992123
20
-3.7753741338582678
11
6.301106889763779
21
-3.7756935826771651
0
LINE
8
BLACK
6
CONTINUOUS
10
6.301106889763779
20
-3.7756935826771651
11
6.3011088976377954
21
-3.7757220078740157
0
LINE
8
BLACK
6
CONTINUOUS
10
6.3011088976377954
20
-3.7757220078740157
11
6.301129133858268
21
-3.7757786220472438
0
LINE
8
BLACK
6
CONTINUOUS
10
6.301129133858268
20
-3.7757786220472438
11
6.3035100787401577
21
-3.7853024409448817
0
LINE
8
BLACK
6
CONTINUOUS
10
6.3035100787401577
20
-3.7853024409448817
11
6.303529724409449
21
-3.7854354724409447
0
LINE
8
BLACK
6
CONTINUOUS
10
6.303529724409449
20
-3.7854354724409447
11
6.3035520078740159
21
-3.7854892125984252
0
LINE
8
BLACK
6
CONTINUOUS
10
6.3035520078740159
20
-3.7854892125984252
11
6.3035804724409443
21
-3.785778622047244
0
LINE
8
BLACK
6
CONTINUOUS
10
6.3035804724409443
20
-3.785778622047244
11
6.3036229921259839
21
-3.7860659055118111
0
LINE
8
BLACK
6
CONTINUOUS
10
6.3036229921259839
20
-3.7860659055118111
11
6.3036144094488185
21
-3.7861233070866143
0
LINE
8
BLACK
6
CONTINUOUS
10
6.3036144094488185
20
-3.7861233070866143
11
6.3036276377952758
21
-3.7862572834645669
0
LINE
8
BLACK
6
CONTINUOUS
10
6.3036276377952758
20
-3.7862572834645669
11
6.3036276377952758
21
-3.7981620472440945
0
LINE
8
BLACK
6
CONTINUOUS
10
6.3036276377952758
20
-3.7981620472440945
11
6.3036144094488185
21
-3.7982959842519683
0
LINE
8
BLACK
6
CONTINUOUS
10
6.3036144094488185
20
-3.7982959842519683
11
6.3036229921259839
21
-3.7983534251968503
0
LINE
8
BLACK
6
CONTINUOUS
10
6.3036229921259839
20
-3.7983534251968503
11
6.3035804724409443
21
-3.7986406692913386
0
LINE
8
BLACK
6
CONTINUOUS
10
6.3035804724409443
20
-3.7986406692913386
11
6.3035520078740159
21
-3.7989301181102362
0
LINE
8
BLACK
6
CONTINUOUS
10
6.3035520078740159
20
-3.7989301181102362
11
6.303529724409449
21
-3.7989838188976379
0
LINE
8
BLACK
6
CONTINUOUS
10
6.303529724409449
20
-3.7989838188976379
11
6.3035100787401577
21
-3.7991168897637793
0
LINE
8
BLACK
6
CONTINUOUS
10
6.3035100787401577
20
-3.7991168897637793
11
6.301129133858268
21
-3.8086407086614171
0
LINE
8
BLACK
6
CONTINUOUS
10
6.301129133858268
20
-3.8086407086614171
11
6.3011088976377954
21
-3.8086972834645669
0
LINE
8
BLACK
6
CONTINUOUS
10
6.3011088976377954
20
-3.8086972834645669
11
6.301106889763779
21
-3.8087257480314958
0
LINE
8
BLACK
6
CONTINUOUS
10
6.301106889763779
20
-3.8087257480314958
11
6.3009846062992123
21
-3.8090451574803148
0
LINE
8
BLACK
6
CONTINUOUS
10
6.3009846062992123
20
-3.8090451574803148
11
6.300869488188976
21
-3.8093675196850394
0
LINE
8
BLACK
6
CONTINUOUS
10
6.300869488188976
20
-3.8093675196850394
11
6.3008524803149601
21
-3.8093904330708659
0
LINE
8
BLACK
6
CONTINUOUS
10
6.3008524803149601
20
-3.8093904330708659
11
6.3008310236220471
21
-3.8094465748031494
0
LINE
8
BLACK
6
CONTINUOUS
10
6.3008310236220471
20
-3.8094465748031494
11
6.2984500393700786
21
-3.8142084645669292
0
LINE
8
BLACK
6
CONTINUOUS
10
6.2984500393700786
20
-3.8142084645669292
11
6.2982420472440941
21
-3.8145388188976379
0
LINE
8
BLACK
6
CONTINUOUS
10
6.2982420472440941
20
-3.8145388188976379
11
6.2982022440944885
21
-3.814635
0
LINE
8
BLACK
6
CONTINUOUS
10
6.2982022440944885
20
-3.814635
11
6.2981133858267713
21
-3.8147432283464564
0
LINE
8
BLACK
6
CONTINUOUS
10
6.2981133858267713
20
-3.8147432283464564
11
6.2980388976377952
21
-3.8148616141732283
0
LINE
8
BLACK
6
CONTINUOUS
10
6.2980388976377952
20
-3.8148616141732283
11
6.2979603149606298
21
-3.8149297244094487
0
LINE
8
BLACK
6
CONTINUOUS
10
6.2979603149606298
20
-3.8149297244094487
11
6.2977125984251972
21
-3.8152316141732281
0
LINE
8
BLACK
6
CONTINUOUS
10
6.2977125984251972
20
-3.8152316141732281
11
6.2953316535433066
21
-3.817612598425197
0
LINE
8
BLACK
6
CONTINUOUS
10
6.2953316535433066
20
-3.817612598425197
11
6.2950296850393697
21
-3.8178604330708659
0
LINE
8
BLACK
6
CONTINUOUS
10
6.2950296850393697
20
-3.8178604330708659
11
6.2949615748031498
21
-3.8179389763779525
0
LINE
8
BLACK
6
CONTINUOUS
10
6.2949615748031498
20
-3.8179389763779525
11
6.2948432283464566
21
-3.8180134251968503
0
LINE
8
BLACK
6
CONTINUOUS
10
6.2948432283464566
20
-3.8180134251968503
11
6.2947350787401577
21
-3.8181022440944883
0
LINE
8
BLACK
6
CONTINUOUS
10
6.2947350787401577
20
-3.8181022440944883
11
6.2946389370078739
21
-3.8181420472440943
0
LINE
8
BLACK
6
CONTINUOUS
10
6.2946389370078739
20
-3.8181420472440943
11
6.2943084251968502
21
-3.8183501181102359
0
LINE
8
BLACK
6
CONTINUOUS
10
6.2943084251968502
20
-3.8183501181102359
11
6.2895465354330709
21
-3.8207310629921261
0
LINE
8
BLACK
6
CONTINUOUS
10
6.2895465354330709
20
-3.8207310629921261
11
6.2888257480314955
21
-3.8210068897637792
0
LINE
8
BLACK
6
CONTINUOUS
10
6.2888257480314955
20
-3.8210068897637792
11
6.2886846456692913
21
-3.8210168897637793
0
LINE
8
BLACK
6
CONTINUOUS
10
6.2886846456692913
20
-3.8210168897637793
11
6.2885539370078742
21
-3.8210710629921261
0
LINE
8
BLACK
6
CONTINUOUS
10
6.2885539370078742
20
-3.8210710629921261
11
6.2877858661417321
21
-3.8211466929133859
0
LINE
8
BLACK
6
CONTINUOUS
10
6.2877858661417321
20
-3.8211466929133859
11
6.283023937007874
21
-3.8211466929133859
0
LINE
8
BLACK
6
CONTINUOUS
10
6.283023937007874
20
-3.8211466929133859
11
6.2822558661417318
21
-3.8210710629921261
0
LINE
8
BLACK
6
CONTINUOUS
10
6.2822558661417318
20
-3.8210710629921261
11
6.282125118110236
21
-3.8210168897637793
0
LINE
8
BLACK
6
CONTINUOUS
10
6.282125118110236
20
-3.8210168897637793
11
6.2819840551181105
21
-3.8210068897637792
0
LINE
8
BLACK
6
CONTINUOUS
10
6.2819840551181105
20
-3.8210068897637792
11
6.2812632283464565
21
-3.8207310629921261
0
LINE
8
BLACK
6
CONTINUOUS
10
6.2812632283464565
20
-3.8207310629921261
11
6.2765013779527559
21
-3.8183501181102359
0
LINE
8
BLACK
6
CONTINUOUS
10
6.2765013779527559
20
-3.8183501181102359
11
6.2761707874015746
21
-3.8181420078740156
0
LINE
8
BLACK
6
CONTINUOUS
10
6.2761707874015746
20
-3.8181420078740156
11
6.2760747244094484
21
-3.8181022440944883
0
LINE
8
BLACK
6
CONTINUOUS
10
6.2760747244094484
20
-3.8181022440944883
11
6.2759666141732282
21
-3.8180135039370078
0
LINE
8
BLACK
6
CONTINUOUS
10
6.2759666141732282
20
-3.8180135039370078
11
6.2758481889763775
21
-3.8179389763779525
0
LINE
8
BLACK
6
CONTINUOUS
10
6.2758481889763775
20
-3.8179389763779525
11
6.2757799606299214
21
-3.8178603149606301
0
LINE
8
BLACK
6
CONTINUOUS
10
6.2757799606299214
20
-3.8178603149606301
11
6.2754781496062995
21
-3.817612598425197
0
LINE
8
BLACK
6
CONTINUOUS
10
6.2754781496062995
20
-3.817612598425197
11
6.2730972047244089
21
-3.8152316141732281
0
LINE
8
BLACK
6
CONTINUOUS
10
6.2730972047244089
20
-3.8152316141732281
11
6.27284937007874
21
-3.8149296456692912
0
LINE
8
BLACK
6
CONTINUOUS
10
6.27284937007874
20
-3.8149296456692912
11
6.2727708661417321
21
-3.8148615748031496
0
LINE
8
BLACK
6
CONTINUOUS
10
6.2727708661417321
20
-3.8148615748031496
11
6.272696377952756
21
-3.8147432677165352
0
LINE
8
BLACK
6
CONTINUOUS
10
6.272696377952756
20
-3.8147432677165352
11
6.2726075590551176
21
-3.8146350393700788
0
LINE
8
BLACK
6
CONTINUOUS
10
6.2726075590551176
20
-3.8146350393700788
11
6.2725677165354332
21
-3.8145388188976379
0
LINE
8
BLACK
6
CONTINUOUS
10
6.2725677165354332
20
-3.8145388188976379
11
6.2723597244094487
21
-3.8142084251968504
0
LINE
8
BLACK
6
CONTINUOUS
10
6.2723597244094487
20
-3.8142084251968504
11
6.269978779527559
21
-3.8094465354330707
0
LINE
8
BLACK
6
CONTINUOUS
10
6.269978779527559
20
-3.8094465354330707
11
6.2699572834645672
21
-3.8093903543307084
0
LINE
8
BLACK
6
CONTINUOUS
10
6.2699572834645672
20
-3.8093903543307084
11
6.2699403543307088
21
-3.8093675196850394
0
LINE
8
BLACK
6
CONTINUOUS
10
6.2699403543307088
20
-3.8093675196850394
11
6.2698252362204725
21
-3.8090453543307086
0
LINE
8
BLACK
6
CONTINUOUS
10
6.2698252362204725
20
-3.8090453543307086
11
6.2697029527559049
21
-3.8087257480314958
0
LINE
8
BLACK
6
CONTINUOUS
10
6.2697029527559049
20
-3.8087257480314958
11
6.2697009055118107
21
-3.8086973622047244
0
LINE
8
BLACK
6
CONTINUOUS
10
6.2697009055118107
20
-3.8086973622047244
11
6.2696807086614168
21
-3.8086407480314959
0
LINE
8
BLACK
6
CONTINUOUS
10
6.2696807086614168
20
-3.8086407480314959
11
6.2672997244094484
21
-3.799116929133858
0
LINE
8
BLACK
6
CONTINUOUS
10
6.2672997244094484
20
-3.799116929133858
11
6.2672799999999995
21
-3.7989837795275592
0
LINE
8
BLACK
6
CONTINUOUS
10
6.2672799999999995
20
-3.7989837795275592
11
6.2672577952755901
21
-3.7989301181102362
0
LINE
8
BLACK
6
CONTINUOUS
10
6.2672577952755901
20
-3.7989301181102362
11
6.267229291338583
21
-3.7986407086614173
0
LINE
8
BLACK
6
CONTINUOUS
10
6.267229291338583
20
-3.7986407086614173
11
6.2671868110236222
21
-3.7983534251968503
0
LINE
8
BLACK
6
CONTINUOUS
10
6.2671868110236222
20
-3.7983534251968503
11
6.2671953543307088
21
-3.7982959842519683
0
LINE
8
BLACK
6
CONTINUOUS
10
6.2671953543307088
20
-3.7982959842519683
11
6.2671821653543303
21
-3.7981620472440945
0
LINE
8
BLACK
6
CONTINUOUS
10
6.2671821653543303
20
-3.7981620472440945
11
6.2671821653543303
21
-3.7862572834645669
0
LINE
8
BLACK
6
CONTINUOUS
10
6.2671821653543303
20
-3.7862572834645669
11
6.2671953543307088
21
-3.7861233070866143
0
LINE
8
BLACK
6
CONTINUOUS
10
6.2671953543307088
20
-3.7861233070866143
11
6.2671868110236222
21
-3.7860659055118111
0
LINE
8
BLACK
6
CONTINUOUS
10
6.2671868110236222
20
-3.7860659055118111
11
6.267229291338583
21
-3.7857785826771653
0
LINE
8
BLACK
6
CONTINUOUS
10
6.267229291338583
20
-3.7857785826771653
11
6.2672577952755901
21
-3.7854892125984252
0
LINE
8
BLACK
6
CONTINUOUS
10
6.2672577952755901
20
-3.7854892125984252
11
6.2672799999999995
21
-3.7854355118110234
0
LINE
8
BLACK
6
CONTINUOUS
10
6.2672799999999995
20
-3.7854355118110234
11
6.2672997244094484
21
-3.7853024015748029
0
LINE
8
BLACK
6
CONTINUOUS
10
6.2672997244094484
20
-3.7853024015748029
11
6.2696807086614168
21
-3.7757785826771655
0
LINE
8
BLACK
6
CONTINUOUS
10
6.2696807086614168
20
-3.7757785826771655
11
6.2697009055118107
21
-3.7757219291338582
0
LINE
8
BLACK
6
CONTINUOUS
10
6.2697009055118107
20
-3.7757219291338582
11
6.2697029527559049
21
-3.7756935826771651
0
LINE
8
BLACK
6
CONTINUOUS
10
6.2697029527559049
20
-3.7756935826771651
11
6.2698252362204725
21
-3.775373937007874
0
LINE
8
BLACK
6
CONTINUOUS
10
6.2698252362204725
20
-3.775373937007874
11
6.2699403543307088
21
-3.775051811023622
0
LINE
8
BLACK
6
CONTINUOUS
10
6.2699403543307088
20
-3.775051811023622
11
6.2699572834645672
21
-3.7750289370078738
0
LINE
8
BLACK
6
CONTINUOUS
10
6.2699572834645672
20
-3.7750289370078738
11
6.269978779527559
21
-3.7749727952755903
0
LINE
8
BLACK
6
CONTINUOUS
10
6.269978779527559
20
-3.7749727952755903
11
6.2723597244094487
21
-3.7702109055118109
0
LINE
8
BLACK
6
CONTINUOUS
10
6.2723597244094487
20
-3.7702109055118109
11
6.2725677952755907
21
-3.7698803149606297
0
LINE
8
BLACK
6
CONTINUOUS
10
6.2725677952755907
20
-3.7698803149606297
11
6.2726075984251963
21
-3.7697842913385826
0
LINE
8
BLACK
6
CONTINUOUS
10
6.2726075984251963
20
-3.7697842913385826
11
6.2726962992125985
21
-3.7696761417322833
0
LINE
8
BLACK
6
CONTINUOUS
10
6.2726962992125985
20
-3.7696761417322833
11
6.2727708661417321
21
-3.7695577559055118
0
LINE
8
BLACK
6
CONTINUOUS
10
6.2727708661417321
20
-3.7695577559055118
11
6.27284937007874
21
-3.7694896456692915
0
LINE
8
BLACK
6
CONTINUOUS
10
6.27284937007874
20
-3.7694896456692915
11
6.2730972047244089
21
-3.7691876771653541
0
LINE
8
BLACK
6
CONTINUOUS
10
6.2730972047244089
20
-3.7691876771653541
11
6.2754781496062995
21
-3.7668067322834644
0
LINE
8
BLACK
6
CONTINUOUS
10
6.2754781496062995
20
-3.7668067322834644
11
6.2757799606299214
21
-3.7665590157480313
0
LINE
8
BLACK
6
CONTINUOUS
10
6.2757799606299214
20
-3.7665590157480313
11
6.2758481889763775
21
-3.7664803937007871
0
LINE
8
BLACK
6
CONTINUOUS
10
6.2758481889763775
20
-3.7664803937007871
11
6.2759667322834645
21
-3.7664057480314961
0
LINE
8
BLACK
6
CONTINUOUS
10
6.2759667322834645
20
-3.7664057480314961
11
6.2760747637795271
21
-3.7663171259842518
0
LINE
8
BLACK
6
CONTINUOUS
10
6.2760747637795271
20
-3.7663171259842518
11
6.2761707086614171
21
-3.7662773622047245
0
LINE
8
BLACK
6
CONTINUOUS
10
6.2761707086614171
20
-3.7662773622047245
11
6.2765013779527559
21
-3.7660692519685037
0
LINE
8
BLACK
6
CONTINUOUS
10
6.2765013779527559
20
-3.7660692519685037
11
6.2812632283464565
21
-3.7636883070866141
0
LINE
8
BLACK
6
CONTINUOUS
10
6.2812632283464565
20
-3.7636883070866141
11
6.2819840551181105
21
-3.7634124803149605
0
LINE
8
BLACK
6
CONTINUOUS
10
6.2819840551181105
20
-3.7634124803149605
11
6.282125118110236
21
-3.7634024409448816
0
LINE
8
BLACK
6
CONTINUOUS
10
6.282125118110236
20
-3.7634024409448816
11
6.2822558661417318
21
-3.7633483070866141
0
LINE
8
BLACK
6
CONTINUOUS
10
6.2822558661417318
20
-3.7633483070866141
11
6.283023937007874
21
-3.7632726771653542
0
LINE
8
BLACK
6
CONTINUOUS
10
6.283023937007874
20
-3.7632726771653542
11
6.2877858661417321
21
-3.7632726771653542
0
LINE
8
BLACK
6
CONTINUOUS
10
6.2877858661417321
20
-3.7632726771653542
11
6.2885539370078742
21
-3.7633483070866141
0
LINE
8
BLACK
6
CONTINUOUS
10
6.2805942125984249
20
-3.7728262598425197
11
6.2791167322834642
21
-3.7743037007874016
0
LINE
8
BLACK
6
CONTINUOUS
10
6.2791167322834642
20
-3.7743037007874016
11
6.2772147637795275
21
-3.7781076377952756
0
LINE
8
BLACK
6
CONTINUOUS
10
6.2772147637795275
20
-3.7781076377952756
11
6.2750561811023617
21
-3.786741929133858
0
LINE
8
BLACK
6
CONTINUOUS
10
6.2750561811023617
20
-3.786741929133858
11
6.2750561811023617
21
-3.7976773622047242
0
LINE
8
BLACK
6
CONTINUOUS
10
6.2750561811023617
20
-3.7976773622047242
11
6.2772147637795275
21
-3.806311653543307
0
LINE
8
BLACK
6
CONTINUOUS
10
6.2772147637795275
20
-3.806311653543307
11
6.2791168110236217
21
-3.8101157086614172
0
LINE
8
BLACK
6
CONTINUOUS
10
6.2791168110236217
20
-3.8101157086614172
11
6.2805941338582674
21
-3.8115930708661416
0
LINE
8
BLACK
6
CONTINUOUS
10
6.2805941338582674
20
-3.8115930708661416
11
6.283953346456693
21
-3.8132726771653545
0
LINE
8
BLACK
6
CONTINUOUS
10
6.283953346456693
20
-3.8132726771653545
11
6.286856456692913
21
-3.8132726771653545
0
LINE
8
BLACK
6
CONTINUOUS
10
6.286856456692913
20
-3.8132726771653545
11
6.2902156692913387
21
-3.8115930314960629
0
LINE
8
BLACK
6
CONTINUOUS
10
6.2902156692913387
20
-3.8115930314960629
11
6.2916930708661418
21
-3.8101156299212597
0
LINE
8
BLACK
6
CONTINUOUS
10
6.2916930708661418
20
-3.8101156299212597
11
6.2935950393700786
21
-3.8063116929133858
0
LINE
8
BLACK
6
CONTINUOUS
10
6.2935950393700786
20
-3.8063116929133858
11
6.2957536220472443
21
-3.7976774015748029
0
LINE
8
BLACK
6
CONTINUOUS
10
6.2957536220472443
20
-3.7976774015748029
11
6.2957536220472443
21
-3.7867418897637792
0
LINE
8
BLACK
6
CONTINUOUS
10
6.2957536220472443
20
-3.7867418897637792
11
6.2935950393700786
21
-3.7781075984251968
0
LINE
8
BLACK
6
CONTINUOUS
10
6.2935950393700786
20
-3.7781075984251968
11
6.2916931102362206
21
-3.7743037795275591
0
LINE
8
BLACK
6
CONTINUOUS
10
6.2916931102362206
20
-3.7743037795275591
11
6.2902155905511812
21
-3.7728262598425197
0
LINE
8
BLACK
6
CONTINUOUS
10
6.2902155905511812
20
-3.7728262598425197
11
6.286856456692913
21
-3.7711466929133857
0
LINE
8
BLACK
6
CONTINUOUS
10
6.286856456692913
20
-3.7711466929133857
11
6.283953346456693
21
-3.7711466929133857
0
LINE
8
BLACK
6
CONTINUOUS
10
6.283953346456693
20
-3.7711466929133857
11
6.2805942125984249
21
-3.7728262598425197
0
LINE
8
BLACK
6
CONTINUOUS
10
6.3433158661417322
20
-3.7633483070866141
11
6.3447350787401575
21
-3.7639361811023622
0
LINE
8
BLACK
6
CONTINUOUS
10
6.3447350787401575
20
-3.7639361811023622
11
6.3458212992125986
21
-3.7650224015748033
0
LINE
8
BLACK
6
CONTINUOUS
10
6.3458212992125986
20
-3.7650224015748033
11
6.3464091732283467
21
-3.7664416141732282
0
LINE
8
BLACK
6
CONTINUOUS
10
6.3464091732283467
20
-3.7664416141732282
11
6.3464848031496057
21
-3.7672096850393699
0
LINE
8
BLACK
6
CONTINUOUS
10
6.3464848031496057
20
-3.7672096850393699
11
6.3464848031496057
21
-3.8172096850393702
0
LINE
8
BLACK
6
CONTINUOUS
10
6.3464848031496057
20
-3.8172096850393702
11
6.3464091732283467
21
-3.8179777559055119
0
LINE
8
BLACK
6
CONTINUOUS
10
6.3464091732283467
20
-3.8179777559055119
11
6.3458212992125986
21
-3.8193969685039368
0
LINE
8
BLACK
6
CONTINUOUS
10
6.3458212992125986
20
-3.8193969685039368
11
6.3447350787401575
21
-3.820483188976378
0
LINE
8
BLACK
6
CONTINUOUS
10
6.3447350787401575
20
-3.820483188976378
11
6.3433158661417322
21
-3.8210710629921261
0
LINE
8
BLACK
6
CONTINUOUS
10
6.3433158661417322
20
-3.8210710629921261
11
6.34254779527559
21
-3.8211466929133859
0
LINE
8
BLACK
6
CONTINUOUS
10
6.34254779527559
20
-3.8211466929133859
11
6.3187382677165349
21
-3.8211466929133859
0
LINE
8
BLACK
6
CONTINUOUS
10
6.3187382677165349
20
-3.8211466929133859
11
6.3179701968503936
21
-3.8210710629921261
0
LINE
8
BLACK
6
CONTINUOUS
10
6.3179701968503936
20
-3.8210710629921261
11
6.3165509842519683
21
-3.820483188976378
0
LINE
8
BLACK
6
CONTINUOUS
10
6.3165509842519683
20
-3.820483188976378
11
6.3154647637795271
21
-3.8193969685039368
0
LINE
8
BLACK
6
CONTINUOUS
10
6.3154647637795271
20
-3.8193969685039368
11
6.314876889763779
21
-3.8179777559055119
0
LINE
8
BLACK
6
CONTINUOUS
10
6.314876889763779
20
-3.8179777559055119
11
6.314876889763779
21
-3.8164416141732285
0
LINE
8
BLACK
6
CONTINUOUS
10
6.314876889763779
20
-3.8164416141732285
11
6.3154647637795271
21
-3.8150224015748031
0
LINE
8
BLACK
6
CONTINUOUS
10
6.3154647637795271
20
-3.8150224015748031
11
6.3165509842519683
21
-3.813936181102362
0
LINE
8
BLACK
6
CONTINUOUS
10
6.3165509842519683
20
-3.813936181102362
11
6.3179701968503936
21
-3.8133483070866139
0
LINE
8
BLACK
6
CONTINUOUS
10
6.3179701968503936
20
-3.8133483070866139
11
6.3187382677165349
21
-3.8132726771653545
0
LINE
8
BLACK
6
CONTINUOUS
10
6.3187382677165349
20
-3.8132726771653545
11
6.3386107874015742
21
-3.8132726771653545
0
LINE
8
BLACK
6
CONTINUOUS
10
6.3386107874015742
20
-3.8132726771653545
11
6.3386107874015742
21
-3.7949562204724407
0
LINE
8
BLACK
6
CONTINUOUS
10
6.3386107874015742
20
-3.7949562204724407
11
6.3258811023622048
21
-3.7949562204724407
0
LINE
8
BLACK
6
CONTINUOUS
10
6.3258811023622048
20
-3.7949562204724407
11
6.3251130314960626
21
-3.7948805905511809
0
LINE
8
BLACK
6
CONTINUOUS
10
6.3251130314960626
20
-3.7948805905511809
11
6.3236938188976373
21
-3.7942927165354328
0
LINE
8
BLACK
6
CONTINUOUS
10
6.3236938188976373
20
-3.7942927165354328
11
6.322607598425197
21
-3.7932064960629921
0
LINE
8
BLACK
6
CONTINUOUS
10
6.322607598425197
20
-3.7932064960629921
11
6.3220197244094489
21
-3.7917872834645667
0
LINE
8
BLACK
6
CONTINUOUS
10
6.3220197244094489
20
-3.7917872834645667
11
6.3220197244094489
21
-3.7902511417322833
0
LINE
8
BLACK
6
CONTINUOUS
10
6.3220197244094489
20
-3.7902511417322833
11
6.322607598425197
21
-3.7888319291338584
0
LINE
8
BLACK
6
CONTINUOUS
10
6.322607598425197
20
-3.7888319291338584
11
6.3236938188976373
21
-3.7877457086614172
0
LINE
8
BLACK
6
CONTINUOUS
10
6.3236938188976373
20
-3.7877457086614172
11
6.3251130314960626
21
-3.7871578346456691
0
LINE
8
BLACK
6
CONTINUOUS
10
6.3251130314960626
20
-3.7871578346456691
11
6.3258811023622048
21
-3.7870822047244093
0
LINE
8
BLACK
6
CONTINUOUS
10
6.3258811023622048
20
-3.7870822047244093
11
6.3386107874015742
21
-3.7870822047244093
0
LINE
8
BLACK
6
CONTINUOUS
10
6.3386107874015742
20
-3.7870822047244093
11
6.3386107874015742
21
-3.7711466929133857
0
LINE
8
BLACK
6
CONTINUOUS
10
6.3386107874015742
20
-3.7711466929133857
11
6.3187382677165349
21
-3.7711466929133857
0
LINE
8
BLACK
6
CONTINUOUS
10
6.3187382677165349
20
-3.7711466929133857
11
6.3179701968503936
21
-3.7710710629921258
0
LINE
8
BLACK
6
CONTINUOUS
10
6.3179701968503936
20
-3.7710710629921258
11
6.3165509842519683
21
-3.7704831889763777
0
LINE
8
BLACK
6
CONTINUOUS
10
6.3165509842519683
20
-3.7704831889763777
11
6.3154647637795271
21
-3.769396968503937
0
LINE
8
BLACK
6
CONTINUOUS
10
6.3154647637795271
20
-3.769396968503937
11
6.314876889763779
21
-3.7679777559055116
0
LINE
8
BLACK
6
CONTINUOUS
10
6.314876889763779
20
-3.7679777559055116
11
6.314876889763779
21
-3.7664416141732282
0
LINE
8
BLACK
6
CONTINUOUS
10
6.314876889763779
20
-3.7664416141732282
11
6.3154647637795271
21
-3.7650224015748033
0
LINE
8
BLACK
6
CONTINUOUS
10
6.3154647637795271
20
-3.7650224015748033
11
6.3165509842519683
21
-3.7639361811023622
0
LINE
8
BLACK
6
CONTINUOUS
10
6.3165509842519683
20
-3.7639361811023622
11
6.3179701968503936
21
-3.7633483070866141
0
LINE
8
BLACK
6
CONTINUOUS
10
6.3179701968503936
20
-3.7633483070866141
11
6.3187382677165349
21
-3.7632726771653542
0
LINE
8
BLACK
6
CONTINUOUS
10
6.3187382677165349
20
-3.7632726771653542
11
6.34254779527559
21
-3.7632726771653542
0
LINE
8
BLACK
6
CONTINUOUS
10
6.34254779527559
20
-3.7632726771653542
11
6.3433158661417322
21
-3.7633483070866141
0
LINE
8
BLACK
6
CONTINUOUS
10
6.3786507480314958
20
-3.7633109448818898
11
6.3787544488188974
21
-3.7633035826771652
0
LINE
8
BLACK
6
CONTINUOUS
10
6.3787544488188974
20
-3.7633035826771652
11
6.3788907874015743
21
-3.7633345669291338
0
LINE
8
BLACK
6
CONTINUOUS
10
6.3788907874015743
20
-3.7633345669291338
11
6.3790301181102365
21
-3.7633483070866141
0
LINE
8
BLACK
6
CONTINUOUS
10
6.3790301181102365
20
-3.7633483070866141
11
6.3791262598425194
21
-3.7633881102362206
0
LINE
8
BLACK
6
CONTINUOUS
10
6.3791262598425194
20
-3.7633881102362206
11
6.3795070472440942
21
-3.7634747244094489
0
LINE
8
BLACK
6
CONTINUOUS
10
6.3795070472440942
20
-3.7634747244094489
11
6.386649921259842
21
-3.7658556692913385
0
LINE
8
BLACK
6
CONTINUOUS
10
6.386649921259842
20
-3.7658556692913385
11
6.3873546456692916
21
-3.7661702755905511
0
LINE
8
BLACK
6
CONTINUOUS
10
6.3873546456692916
20
-3.7661702755905511
11
6.3874615354330704
21
-3.7662629921259843
0
LINE
8
BLACK
6
CONTINUOUS
10
6.3874615354330704
20
-3.7662629921259843
11
6.3875922047244096
21
-3.7663171259842518
0
LINE
8
BLACK
6
CONTINUOUS
10
6.3875922047244096
20
-3.7663171259842518
11
6.3881888188976372
21
-3.7668067322834644
0
LINE
8
BLACK
6
CONTINUOUS
10
6.3881888188976372
20
-3.7668067322834644
11
6.3929507086614175
21
-3.7715686220472442
0
LINE
8
BLACK
6
CONTINUOUS
10
6.3929507086614175
20
-3.7715686220472442
11
6.3931983858267714
21
-3.7718704330708661
0
LINE
8
BLACK
6
CONTINUOUS
10
6.3931983858267714
20
-3.7718704330708661
11
6.3932770472440943
21
-3.7719386614173227
0
LINE
8
BLACK
6
CONTINUOUS
10
6.3932770472440943
20
-3.7719386614173227
11
6.3933516535433066
21
-3.7720572047244092
0
LINE
8
BLACK
6
CONTINUOUS
10
6.3933516535433066
20
-3.7720572047244092
11
6.39344031496063
21
-3.7721652362204723
0
LINE
8
BLACK
6
CONTINUOUS
10
6.39344031496063
20
-3.7721652362204723
11
6.393480039370079
21
-3.7722611417322836
0
LINE
8
BLACK
6
CONTINUOUS
10
6.393480039370079
20
-3.7722611417322836
11
6.3936881889763777
21
-3.7725918110236218
0
LINE
8
BLACK
6
CONTINUOUS
10
6.3936881889763777
20
-3.7725918110236218
11
6.3960691732283461
21
-3.7773537795275591
0
LINE
8
BLACK
6
CONTINUOUS
10
6.3960691732283461
20
-3.7773537795275591
11
6.3960906299212601
21
-3.7774099212598427
0
LINE
8
BLACK
6
CONTINUOUS
10
6.3960906299212601
20
-3.7774099212598427
11
6.3961075984251963
21
-3.7774327952755904
0
LINE
8
BLACK
6
CONTINUOUS
10
6.3961075984251963
20
-3.7774327952755904
11
6.3962226771653539
21
-3.7777549212598425
0
LINE
8
BLACK
6
CONTINUOUS
10
6.3962226771653539
20
-3.7777549212598425
11
6.3963450000000002
21
-3.7780745669291336
0
LINE
8
BLACK
6
CONTINUOUS
10
6.3963450000000002
20
-3.7780745669291336
11
6.3963470078740157
21
-3.7781029133858266
0
LINE
8
BLACK
6
CONTINUOUS
10
6.3963470078740157
20
-3.7781029133858266
11
6.3963672440944883
21
-3.7781595669291339
0
LINE
8
BLACK
6
CONTINUOUS
10
6.3963672440944883
20
-3.7781595669291339
11
6.398748188976378
21
-3.787683346456693
0
LINE
8
BLACK
6
CONTINUOUS
10
6.398748188976378
20
-3.787683346456693
11
6.3987678740157481
21
-3.7878164566929131
0
LINE
8
BLACK
6
CONTINUOUS
10
6.3987678740157481
20
-3.7878164566929131
11
6.3987901181102362
21
-3.7878701574803149
0
LINE
8
BLACK
6
CONTINUOUS
10
6.3987901181102362
20
-3.7878701574803149
11
6.3988185826771655
21
-3.7881595275590549
0
LINE
8
BLACK
6
CONTINUOUS
10
6.3988185826771655
20
-3.7881595275590549
11
6.3988611023622042
21
-3.7884468503937008
0
LINE
8
BLACK
6
CONTINUOUS
10
6.3988611023622042
20
-3.7884468503937008
11
6.3988525196850397
21
-3.7885042519685039
0
LINE
8
BLACK
6
CONTINUOUS
10
6.3988525196850397
20
-3.7885042519685039
11
6.3988657480314961
21
-3.7886382283464566
0
LINE
8
BLACK
6
CONTINUOUS
10
6.3988657480314961
20
-3.7886382283464566
11
6.3988657480314961
21
-3.7957811023622048
0
LINE
8
BLACK
6
CONTINUOUS
10
6.3988657480314961
20
-3.7957811023622048
11
6.3988525196850397
21
-3.7959150393700787
0
LINE
8
BLACK
6
CONTINUOUS
10
6.3988525196850397
20
-3.7959150393700787
11
6.3988611023622042
21
-3.7959724803149606
0
LINE
8
BLACK
6
CONTINUOUS
10
6.3988611023622042
20
-3.7959724803149606
11
6.3988185826771655
21
-3.7962597244094489
0
LINE
8
BLACK
6
CONTINUOUS
10
6.3988185826771655
20
-3.7962597244094489
11
6.3987901181102362
21
-3.7965491732283465
0
LINE
8
BLACK
6
CONTINUOUS
10
6.3987901181102362
20
-3.7965491732283465
11
6.3987678346456693
21
-3.7966028740157478
0
LINE
8
BLACK
6
CONTINUOUS
10
6.3987678346456693
20
-3.7966028740157478
11
6.398748188976378
21
-3.7967359448818896
0
LINE
8
BLACK
6
CONTINUOUS
10
6.398748188976378
20
-3.7967359448818896
11
6.3963672440944883
21
-3.8062597637795275
0
LINE
8
BLACK
6
CONTINUOUS
10
6.3963672440944883
20
-3.8062597637795275
11
6.3963470078740157
21
-3.8063163385826773
0
LINE
8
BLACK
6
CONTINUOUS
10
6.3963470078740157
20
-3.8063163385826773
11
6.3963450000000002
21
-3.8063448031496061
0
LINE
8
BLACK
6
CONTINUOUS
10
6.3963450000000002
20
-3.8063448031496061
11
6.3962227165354326
21
-3.8066642125984251
0
LINE
8
BLACK
6
CONTINUOUS
10
6.3962227165354326
20
-3.8066642125984251
11
6.3961075984251963
21
-3.8069865748031497
0
LINE
8
BLACK
6
CONTINUOUS
10
6.3961075984251963
20
-3.8069865748031497
11
6.3960905905511813
21
-3.8070094881889762
0
LINE
8
BLACK
6
CONTINUOUS
10
6.3960905905511813
20
-3.8070094881889762
11
6.3960691338582674
21
-3.8070656299212597
0
LINE
8
BLACK
6
CONTINUOUS
10
6.3960691338582674
20
-3.8070656299212597
11
6.3936881496062989
21
-3.8118275196850391
0
LINE
8
BLACK
6
CONTINUOUS
10
6.3936881496062989
20
-3.8118275196850391
11
6.3934801968503931
21
-3.812157834645669
0
LINE
8
BLACK
6
CONTINUOUS
10
6.3934801968503931
20
-3.812157834645669
11
6.3934403543307088
21
-3.8122540944881891
0
LINE
8
BLACK
6
CONTINUOUS
10
6.3934403543307088
20
-3.8122540944881891
11
6.3933514173228341
21
-3.812362401574803
0
LINE
8
BLACK
6
CONTINUOUS
10
6.3933514173228341
20
-3.812362401574803
11
6.3932770078740155
21
-3.8124806692913387
0
LINE
8
BLACK
6
CONTINUOUS
10
6.3932770078740155
20
-3.8124806692913387
11
6.3931985039370076
21
-3.8125487007874015
0
LINE
8
BLACK
6
CONTINUOUS
10
6.3931985039370076
20
-3.8125487007874015
11
6.3929507086614175
21
-3.8128506692913384
0
LINE
8
BLACK
6
CONTINUOUS
10
6.3929507086614175
20
-3.8128506692913384
11
6.3881888188976372
21
-3.817612598425197
0
LINE
8
BLACK
6
CONTINUOUS
10
6.3881888188976372
20
-3.817612598425197
11
6.3875922440944883
21
-3.8181022440944883
0
LINE
8
BLACK
6
CONTINUOUS
10
6.3875922440944883
20
-3.8181022440944883
11
6.3874615354330704
21
-3.8181563385826771
0
LINE
8
BLACK
6
CONTINUOUS
10
6.3874615354330704
20
-3.8181563385826771
11
6.3873546456692916
21
-3.8182490944881891
0
LINE
8
BLACK
6
CONTINUOUS
10
6.3873546456692916
20
-3.8182490944881891
11
6.386649921259842
21
-3.8185637007874016
0
LINE
8
BLACK
6
CONTINUOUS
10
6.386649921259842
20
-3.8185637007874016
11
6.3795070472440942
21
-3.8209446456692913
0
LINE
8
BLACK
6
CONTINUOUS
10
6.3795070472440942
20
-3.8209446456692913
11
6.3791262598425194
21
-3.8210312204724408
0
LINE
8
BLACK
6
CONTINUOUS
10
6.3791262598425194
20
-3.8210312204724408
11
6.3790301181102365
21
-3.8210710629921261
0
LINE
8
BLACK
6
CONTINUOUS
10
6.3790301181102365
20
-3.8210710629921261
11
6.3788907874015743
21
-3.8210847637795275
0
LINE
8
BLACK
6
CONTINUOUS
10
6.3788907874015743
20
-3.8210847637795275
11
6.3787544488188974
21
-3.8211157874015749
0
LINE
8
BLACK
6
CONTINUOUS
10
6.3787544488188974
20
-3.8211157874015749
11
6.3786507480314958
21
-3.8211083858267716
0
LINE
8
BLACK
6
CONTINUOUS
10
6.3786507480314958
20
-3.8211083858267716
11
6.3782620472440943
21
-3.8211466929133859
0
LINE
8
BLACK
6
CONTINUOUS
10
6.3782620472440943
20
-3.8211466929133859
11
6.373500157480315
21
-3.8211466929133859
0
LINE
8
BLACK
6
CONTINUOUS
10
6.373500157480315
20
-3.8211466929133859
11
6.3731114173228347
21
-3.8211083858267716
0
LINE
8
BLACK
6
CONTINUOUS
10
6.3731114173228347
20
-3.8211083858267716
11
6.3730077559055118
21
-3.8211157874015749
0
LINE
8
BLACK
6
CONTINUOUS
10
6.3730077559055118
20
-3.8211157874015749
11
6.3728714173228349
21
-3.8210847637795275
0
LINE
8
BLACK
6
CONTINUOUS
10
6.3728714173228349
20
-3.8210847637795275
11
6.3727320866141728
21
-3.8210710629921261
0
LINE
8
BLACK
6
CONTINUOUS
10
6.3727320866141728
20
-3.8210710629921261
11
6.3726359055118111
21
-3.8210312204724408
0
LINE
8
BLACK
6
CONTINUOUS
10
6.3726359055118111
20
-3.8210312204724408
11
6.3722551968503938
21
-3.8209446456692913
0
LINE
8
BLACK
6
CONTINUOUS
10
6.3722551968503938
20
-3.8209446456692913
11
6.3651122834645664
21
-3.8185637007874016
0
LINE
8
BLACK
6
CONTINUOUS
10
6.3651122834645664
20
-3.8185637007874016
11
6.3644075590551177
21
-3.8182490944881891
0
LINE
8
BLACK
6
CONTINUOUS
10
6.3644075590551177
20
-3.8182490944881891
11
6.3643006299212601
21
-3.8181563779527559
0
LINE
8
BLACK
6
CONTINUOUS
10
6.3643006299212601
20
-3.8181563779527559
11
6.3641699606299209
21
-3.8181022440944883
0
LINE
8
BLACK
6
CONTINUOUS
10
6.3641699606299209
20
-3.8181022440944883
11
6.3635733858267711
21
-3.817612598425197
0
LINE
8
BLACK
6
CONTINUOUS
10
6.3635733858267711
20
-3.817612598425197
11
6.3611924409448815
21
-3.8152316141732281
0
LINE
8
BLACK
6
CONTINUOUS
10
6.3611924409448815
20
-3.8152316141732281
11
6.3607027952755901
21
-3.8146350393700788
0
LINE
8
BLACK
6
CONTINUOUS
10
6.3607027952755901
20
-3.8146350393700788
11
6.3602273622047241
21
-3.8134871653543305
0
LINE
8
BLACK
6
CONTINUOUS
10
6.3602273622047241
20
-3.8134871653543305
11
6.3601149606299208
21
-3.8132158267716534
0
LINE
8
BLACK
6
CONTINUOUS
10
6.3601149606299208
20
-3.8132158267716534
11
6.3600393307086609
21
-3.8124477559055117
0
LINE
8
BLACK
6
CONTINUOUS
10
6.3600393307086609
20
-3.8124477559055117
11
6.3600393307086609
21
-3.7957811023622048
0
LINE
8
BLACK
6
CONTINUOUS
10
6.3600393307086609
20
-3.7957811023622048
11
6.3601149606299208
21
-3.7950130314960631
0
LINE
8
BLACK
6
CONTINUOUS
10
6.3601149606299208
20
-3.7950130314960631
11
6.3607028346456689
21
-3.7935938188976377
0
LINE
8
BLACK
6
CONTINUOUS
10
6.3607028346456689
20
-3.7935938188976377
11
6.36178905511811
21
-3.7925075984251966
0
LINE
8
BLACK
6
CONTINUOUS
10
6.36178905511811
20
-3.7925075984251966
11
6.3632082677165354
21
-3.7919197244094489
0
LINE
8
BLACK
6
CONTINUOUS
10
6.3632082677165354
20
-3.7919197244094489
11
6.3639763385826766
21
-3.791844094488189
0
LINE
8
BLACK
6
CONTINUOUS
10
6.3639763385826766
20
-3.791844094488189
11
6.373500157480315
21
-3.791844094488189
0
LINE
8
BLACK
6
CONTINUOUS
10
6.373500157480315
20
-3.791844094488189
11
6.3742682283464562
21
-3.7919197244094489
0
LINE
8
BLACK
6
CONTINUOUS
10
6.3742682283464562
20
-3.7919197244094489
11
6.3756874409448816
21
-3.7925075984251966
0
LINE
8
BLACK
6
CONTINUOUS
10
6.3756874409448816
20
-3.7925075984251966
11
6.3767736614173227
21
-3.7935938188976377
0
LINE
8
BLACK
6
CONTINUOUS
10
6.3767736614173227
20
-3.7935938188976377
11
6.3773615354330708
21
-3.7950130314960631
0
LINE
8
BLACK
6
CONTINUOUS
10
6.3773615354330708
20
-3.7950130314960631
11
6.3773615354330708
21
-3.7965491732283465
0
LINE
8
BLACK
6
CONTINUOUS
10
6.3773615354330708
20
-3.7965491732283465
11
6.3767736614173227
21
-3.7979683858267714
0
LINE
8
BLACK
6
CONTINUOUS
10
6.3767736614173227
20
-3.7979683858267714
11
6.3756874409448816
21
-3.7990546062992125
0
LINE
8
BLACK
6
CONTINUOUS
10
6.3756874409448816
20
-3.7990546062992125
11
6.3742682283464562
21
-3.7996424803149607
0
LINE
8
BLACK
6
CONTINUOUS
10
6.3742682283464562
20
-3.7996424803149607
11
6.373500157480315
21
-3.7997181102362205
0
LINE
8
BLACK
6
CONTINUOUS
10
6.373500157480315
20
-3.7997181102362205
11
6.3679133464566924
21
-3.7997181102362205
0
LINE
8
BLACK
6
CONTINUOUS
10
6.3679133464566924
20
-3.7997181102362205
11
6.3679133464566924
21
-3.8108170078740158
0
LINE
8
BLACK
6
CONTINUOUS
10
6.3679133464566924
20
-3.8108170078740158
11
6.368483976377953
21
-3.8113876771653543
0
LINE
8
BLACK
6
CONTINUOUS
10
6.368483976377953
20
-3.8113876771653543
11
6.3741390157480318
21
-3.8132726771653545
0
LINE
8
BLACK
6
CONTINUOUS
10
6.3741390157480318
20
-3.8132726771653545
11
6.3776231889763775
21
-3.8132726771653545
0
LINE
8
BLACK
6
CONTINUOUS
10
6.3776231889763775
20
-3.8132726771653545
11
6.3832781889763774
21
-3.8113876771653543
0
LINE
8
BLACK
6
CONTINUOUS
10
6.3832781889763774
20
-3.8113876771653543
11
6.3869312204724409
21
-3.8077346062992126
0
LINE
8
BLACK
6
CONTINUOUS
10
6.3869312204724409
20
-3.8077346062992126
11
6.3888331496062989
21
-3.8039307480314961
0
LINE
8
BLACK
6
CONTINUOUS
10
6.3888331496062989
20
-3.8039307480314961
11
6.3909917322834646
21
-3.7952964566929133
0
LINE
8
BLACK
6
CONTINUOUS
10
6.3909917322834646
20
-3.7952964566929133
11
6.3909917322834646
21
-3.7891228740157481
0
LINE
8
BLACK
6
CONTINUOUS
10
6.3909917322834646
20
-3.7891228740157481
11
6.3888331496062989
21
-3.7804885433070865
0
LINE
8
BLACK
6
CONTINUOUS
10
6.3888331496062989
20
-3.7804885433070865
11
6.3869311417322834
21
-3.7766846456692913
0
LINE
8
BLACK
6
CONTINUOUS
10
6.3869311417322834
20
-3.7766846456692913
11
6.3832781496062987
21
-3.7730316535433071
0
LINE
8
BLACK
6
CONTINUOUS
10
6.3832781496062987
20
-3.7730316535433071
11
6.3776231889763775
21
-3.7711466929133857
0
LINE
8
BLACK
6
CONTINUOUS
10
6.3776231889763775
20
-3.7711466929133857
11
6.3720486220472443
21
-3.7711466929133857
0
LINE
8
BLACK
6
CONTINUOUS
10
6.3720486220472443
20
-3.7711466929133857
11
6.3681179527559051
21
-3.7731120078740155
0
LINE
8
BLACK
6
CONTINUOUS
10
6.3681179527559051
20
-3.7731120078740155
11
6.3673971653543306
21
-3.7733878346456691
0
LINE
8
BLACK
6
CONTINUOUS
10
6.3673971653543306
20
-3.7733878346456691
11
6.3658648425196853
21
-3.7734967322834643
0
LINE
8
BLACK
6
CONTINUOUS
10
6.3658648425196853
20
-3.7734967322834643
11
6.3644075590551177
21
-3.7730109448818898
0
LINE
8
BLACK
6
CONTINUOUS
10
6.3644075590551177
20
-3.7730109448818898
11
6.3632470472440943
21
-3.7720044488188975
0
LINE
8
BLACK
6
CONTINUOUS
10
6.3632470472440943
20
-3.7720044488188975
11
6.3625600787401577
21
-3.7706305118110235
0
LINE
8
BLACK
6
CONTINUOUS
10
6.3625600787401577
20
-3.7706305118110235
11
6.3624511811023616
21
-3.7690981889763777
0
LINE
8
BLACK
6
CONTINUOUS
10
6.3624511811023616
20
-3.7690981889763777
11
6.362936968503937
21
-3.767640905511811
0
LINE
8
BLACK
6
CONTINUOUS
10
6.362936968503937
20
-3.767640905511811
11
6.3639434645669288
21
-3.7664803937007871
0
LINE
8
BLACK
6
CONTINUOUS
10
6.3639434645669288
20
-3.7664803937007871
11
6.3645966141732284
21
-3.7660692519685037
0
LINE
8
BLACK
6
CONTINUOUS
10
6.3645966141732284
20
-3.7660692519685037
11
6.3693585433070865
21
-3.7636883070866141
0
LINE
8
BLACK
6
CONTINUOUS
10
6.3693585433070865
20
-3.7636883070866141
11
6.3700793307086609
21
-3.7634124803149605
0
LINE
8
BLACK
6
CONTINUOUS
10
6.3700793307086609
20
-3.7634124803149605
11
6.3702203937007873
21
-3.7634024409448816
0
LINE
8
BLACK
6
CONTINUOUS
10
6.3702203937007873
20
-3.7634024409448816
11
6.3703511417322831
21
-3.7633483070866141
0
LINE
8
BLACK
6
CONTINUOUS
10
6.3703511417322831
20
-3.7633483070866141
11
6.3711192125984253
21
-3.7632726771653542
0
LINE
8
BLACK
6
CONTINUOUS
10
6.3711192125984253
20
-3.7632726771653542
11
6.3782620472440943
21
-3.7632726771653542
0
LINE
8
BLACK
6
CONTINUOUS
10
6.3782620472440943
20
-3.7632726771653542
11
6.3786507480314958
21
-3.7633109448818898
0
LINE
8
BLACK
6
CONTINUOUS
10
6.4185445669291337
20
-3.7639361811023622
11
6.4196307874015748
21
-3.7650224015748033
0
LINE
8
BLACK
6
CONTINUOUS
10
6.4196307874015748
20
-3.7650224015748033
11
6.4202186614173229
21
-3.7664416141732282
0
LINE
8
BLACK
6
CONTINUOUS
10
6.4202186614173229
20
-3.7664416141732282
11
6.4202942913385828
21
-3.7672096850393699
0
LINE
8
BLACK
6
CONTINUOUS
10
6.4202942913385828
20
-3.7672096850393699
11
6.4202942913385828
21
-3.8067564173228345
0
LINE
8
BLACK
6
CONTINUOUS
10
6.4202942913385828
20
-3.8067564173228345
11
6.4219738976377947
21
-3.8101156299212597
0
LINE
8
BLACK
6
CONTINUOUS
10
6.4219738976377947
20
-3.8101156299212597
11
6.4234512992125987
21
-3.8115930708661416
0
LINE
8
BLACK
6
CONTINUOUS
10
6.4234512992125987
20
-3.8115930708661416
11
6.4268105118110235
21
-3.8132726771653545
0
LINE
8
BLACK
6
CONTINUOUS
10
6.4268105118110235
20
-3.8132726771653545
11
6.4344755118110237
21
-3.8132726771653545
0
LINE
8
BLACK
6
CONTINUOUS
10
6.4344755118110237
20
-3.8132726771653545
11
6.4378347244094485
21
-3.8115930314960629
0
LINE
8
BLACK
6
CONTINUOUS
10
6.4378347244094485
20
-3.8115930314960629
11
6.4393121259842516
21
-3.8101156299212597
0
LINE
8
BLACK
6
CONTINUOUS
10
6.4393121259842516
20
-3.8101156299212597
11
6.4409917322834644
21
-3.8067564566929133
0
LINE
8
BLACK
6
CONTINUOUS
10
6.4409917322834644
20
-3.8067564566929133
11
6.4409917322834644
21
-3.7672096850393699
0
LINE
8
BLACK
6
CONTINUOUS
10
6.4409917322834644
20
-3.7672096850393699
11
6.4410673622047243
21
-3.7664416141732282
0
LINE
8
BLACK
6
CONTINUOUS
10
6.4410673622047243
20
-3.7664416141732282
11
6.4416552362204724
21
-3.7650224015748033
0
LINE
8
BLACK
6
CONTINUOUS
10
6.4416552362204724
20
-3.7650224015748033
11
6.4427414566929135
21
-3.7639361811023622
0
LINE
8
BLACK
6
CONTINUOUS
10
6.4427414566929135
20
-3.7639361811023622
11
6.444160669291338
21
-3.7633483070866141
0
LINE
8
BLACK
6
CONTINUOUS
10
6.444160669291338
20
-3.7633483070866141
11
6.4456968110236215
21
-3.7633483070866141
0
LINE
8
BLACK
6
CONTINUOUS
10
6.4456968110236215
20
-3.7633483070866141
11
6.4471160236220468
21
-3.7639361811023622
0
LINE
8
BLACK
6
CONTINUOUS
10
6.4471160236220468
20
-3.7639361811023622
11
6.4482022440944879
21
-3.7650224015748033
0
LINE
8
BLACK
6
CONTINUOUS
10
6.4482022440944879
20
-3.7650224015748033
11
6.4487901181102361
21
-3.7664416141732282
0
LINE
8
BLACK
6
CONTINUOUS
10
6.4487901181102361
20
-3.7664416141732282
11
6.4488657480314959
21
-3.7672096850393699
0
LINE
8
BLACK
6
CONTINUOUS
10
6.4488657480314959
20
-3.7672096850393699
11
6.4488657480314959
21
-3.8076858661417323
0
LINE
8
BLACK
6
CONTINUOUS
10
6.4488657480314959
20
-3.8076858661417323
11
6.4487901181102361
21
-3.808453937007874
0
LINE
8
BLACK
6
CONTINUOUS
10
6.4487901181102361
20
-3.808453937007874
11
6.4487359448818893
21
-3.8085846456692911
0
LINE
8
BLACK
6
CONTINUOUS
10
6.4487359448818893
20
-3.8085846456692911
11
6.4487259448818897
21
-3.8087257480314958
0
LINE
8
BLACK
6
CONTINUOUS
10
6.4487259448818897
20
-3.8087257480314958
11
6.4484500787401577
21
-3.8094465748031494
0
LINE
8
BLACK
6
CONTINUOUS
10
6.4484500787401577
20
-3.8094465748031494
11
6.4460690944881884
21
-3.8142084645669292
0
LINE
8
BLACK
6
CONTINUOUS
10
6.4460690944881884
20
-3.8142084645669292
11
6.4458611023622048
21
-3.8145388188976379
0
LINE
8
BLACK
6
CONTINUOUS
10
6.4458611023622048
20
-3.8145388188976379
11
6.4458212992125983
21
-3.814635
0
LINE
8
BLACK
6
CONTINUOUS
10
6.4458212992125983
20
-3.814635
11
6.445732440944882
21
-3.8147432283464564
0
LINE
8
BLACK
6
CONTINUOUS
10
6.445732440944882
20
-3.8147432283464564
11
6.445657952755905
21
-3.8148616141732283
0
LINE
8
BLACK
6
CONTINUOUS
10
6.445657952755905
20
-3.8148616141732283
11
6.4455793700787396
21
-3.8149297244094487
0
LINE
8
BLACK
6
CONTINUOUS
10
6.4455793700787396
20
-3.8149297244094487
11
6.4453316535433069
21
-3.8152316141732281
0
LINE
8
BLACK
6
CONTINUOUS
10
6.4453316535433069
20
-3.8152316141732281
11
6.4429507086614173
21
-3.817612598425197
0
LINE
8
BLACK
6
CONTINUOUS
10
6.4429507086614173
20
-3.817612598425197
11
6.4426487401574803
21
-3.8178604330708659
0
LINE
8
BLACK
6
CONTINUOUS
10
6.4426487401574803
20
-3.8178604330708659
11
6.4425806299212596
21
-3.8179389763779525
0
LINE
8
BLACK
6
CONTINUOUS
10
6.4425806299212596
20
-3.8179389763779525
11
6.4424622834645664
21
-3.8180134251968503
0
LINE
8
BLACK
6
CONTINUOUS
10
6.4424622834645664
20
-3.8180134251968503
11
6.4423541338582675
21
-3.8181022440944883
0
LINE
8
BLACK
6
CONTINUOUS
10
6.4423541338582675
20
-3.8181022440944883
11
6.4422579921259837
21
-3.8181420472440943
0
LINE
8
BLACK
6
CONTINUOUS
10
6.4422579921259837
20
-3.8181420472440943
11
6.4419274803149609
21
-3.8183501181102359
0
LINE
8
BLACK
6
CONTINUOUS
10
6.4419274803149609
20
-3.8183501181102359
11
6.4371655905511806
21
-3.8207310629921261
0
LINE
8
BLACK
6
CONTINUOUS
10
6.4371655905511806
20
-3.8207310629921261
11
6.4364448031496062
21
-3.8210068897637792
0
LINE
8
BLACK
6
CONTINUOUS
10
6.4364448031496062
20
-3.8210068897637792
11
6.4363037007874011
21
-3.8210168897637793
0
LINE
8
BLACK
6
CONTINUOUS
10
6.4363037007874011
20
-3.8210168897637793
11
6.436172992125984
21
-3.8210710629921261
0
LINE
8
BLACK
6
CONTINUOUS
10
6.436172992125984
20
-3.8210710629921261
11
6.4354049212598428
21
-3.8211466929133859
0
LINE
8
BLACK
6
CONTINUOUS
10
6.4354049212598428
20
-3.8211466929133859
11
6.4258811023622044
21
-3.8211466929133859
0
LINE
8
BLACK
6
CONTINUOUS
10
6.4258811023622044
20
-3.8211466929133859
11
6.4251130314960632
21
-3.8210710629921261
0
LINE
8
BLACK
6
CONTINUOUS
10
6.4251130314960632
20
-3.8210710629921261
11
6.4249822834645665
21
-3.8210168897637793
0
LINE
8
BLACK
6
CONTINUOUS
10
6.4249822834645665
20
-3.8210168897637793
11
6.424841220472441
21
-3.8210068897637792
0
LINE
8
BLACK
6
CONTINUOUS
10
6.424841220472441
20
-3.8210068897637792
11
6.4241203937007869
21
-3.8207310629921261
0
LINE
8
BLACK
6
CONTINUOUS
10
6.4241203937007869
20
-3.8207310629921261
11
6.4193585433070863
21
-3.8183501181102359
0
LINE
8
BLACK
6
CONTINUOUS
10
6.4193585433070863
20
-3.8183501181102359
11
6.4190279527559051
21
-3.8181420078740156
0
LINE
8
BLACK
6
CONTINUOUS
10
6.4190279527559051
20
-3.8181420078740156
11
6.4189318897637797
21
-3.8181022440944883
0
LINE
8
BLACK
6
CONTINUOUS
10
6.4189318897637797
20
-3.8181022440944883
11
6.4188237795275587
21
-3.8180135039370078
0
LINE
8
BLACK
6
CONTINUOUS
10
6.4188237795275587
20
-3.8180135039370078
11
6.4187053543307089
21
-3.8179389763779525
0
LINE
8
BLACK
6
CONTINUOUS
10
6.4187053543307089
20
-3.8179389763779525
11
6.4186371259842518
21
-3.8178603149606301
0
LINE
8
BLACK
6
CONTINUOUS
10
6.4186371259842518
20
-3.8178603149606301
11
6.4183353149606299
21
-3.817612598425197
0
LINE
8
BLACK
6
CONTINUOUS
10
6.4183353149606299
20
-3.817612598425197
11
6.4159543307086615
21
-3.8152316535433068
0
LINE
8
BLACK
6
CONTINUOUS
10
6.4159543307086615
20
-3.8152316535433068
11
6.4157064960629917
21
-3.8149296456692912
0
LINE
8
BLACK
6
CONTINUOUS
10
6.4157064960629917
20
-3.8149296456692912
11
6.4156279921259838
21
-3.8148615748031496
0
LINE
8
BLACK
6
CONTINUOUS
10
6.4156279921259838
20
-3.8148615748031496
11
6.4155534251968502
21
-3.8147431496062993
0
LINE
8
BLACK
6
CONTINUOUS
10
6.4155534251968502
20
-3.8147431496062993
11
6.4154647244094489
21
-3.8146350393700788
0
LINE
8
BLACK
6
CONTINUOUS
10
6.4154647244094489
20
-3.8146350393700788
11
6.4154249212598424
21
-3.8145389763779525
0
LINE
8
BLACK
6
CONTINUOUS
10
6.4154249212598424
20
-3.8145389763779525
11
6.4152168503937004
21
-3.8142084251968504
0
LINE
8
BLACK
6
CONTINUOUS
10
6.4152168503937004
20
-3.8142084251968504
11
6.4128359055118107
21
-3.8094465354330707
0
LINE
8
BLACK
6
CONTINUOUS
10
6.4128359055118107
20
-3.8094465354330707
11
6.4125600787401575
21
-3.8087257480314958
0
LINE
8
BLACK
6
CONTINUOUS
10
6.4125600787401575
20
-3.8087257480314958
11
6.4125500393700783
21
-3.8085846456692911
0
LINE
8
BLACK
6
CONTINUOUS
10
6.4125500393700783
20
-3.8085846456692911
11
6.4124959055118111
21
-3.808453937007874
0
LINE
8
BLACK
6
CONTINUOUS
10
6.4124959055118111
20
-3.808453937007874
11
6.4124202755905513
21
-3.8076858661417323
0
LINE
8
BLACK
6
CONTINUOUS
10
6.4124202755905513
20
-3.8076858661417323
11
6.4124202755905513
21
-3.7672096850393699
0
LINE
8
BLACK
6
CONTINUOUS
10
6.4124202755905513
20
-3.7672096850393699
11
6.4124959055118111
21
-3.7664416141732282
0
LINE
8
BLACK
6
CONTINUOUS
10
6.4124959055118111
20
-3.7664416141732282
11
6.4130837795275593
21
-3.7650224015748033
0
LINE
8
BLACK
6
CONTINUOUS
10
6.4130837795275593
20
-3.7650224015748033
11
6.4141699999999995
21
-3.7639361811023622
0
LINE
8
BLACK
6
CONTINUOUS
10
6.4141699999999995
20
-3.7639361811023622
11
6.4155892125984249
21
-3.7633483070866141
0
LINE
8
BLACK
6
CONTINUOUS
10
6.4155892125984249
20
-3.7633483070866141
11
6.4171253543307083
21
-3.7633483070866141
0
LINE
8
BLACK
6
CONTINUOUS
10
6.4171253543307083
20
-3.7633483070866141
11
6.4185445669291337
21
-3.7639361811023622
0
LINE
8
BLACK
6
CONTINUOUS
10
6.5238888188976381
20
-3.7633109448818898
11
6.5239925196850388
21
-3.7633035826771652
0
LINE
8
BLACK
6
CONTINUOUS
10
6.5239925196850388
20
-3.7633035826771652
11
6.5241288582677166
21
-3.7633345669291338
0
LINE
8
BLACK
6
CONTINUOUS
10
6.5241288582677166
20
-3.7633345669291338
11
6.5242681889763778
21
-3.7633483070866141
0
LINE
8
BLACK
6
CONTINUOUS
10
6.5242681889763778
20
-3.7633483070866141
11
6.5243643307086616
21
-3.7633881102362206
0
LINE
8
BLACK
6
CONTINUOUS
10
6.5243643307086616
20
-3.7633881102362206
11
6.5247451181102365
21
-3.7634747244094489
0
LINE
8
BLACK
6
CONTINUOUS
10
6.5247451181102365
20
-3.7634747244094489
11
6.5318879921259843
21
-3.7658556692913385
0
LINE
8
BLACK
6
CONTINUOUS
10
6.5318879921259843
20
-3.7658556692913385
11
6.5325927165354329
21
-3.7661702755905511
0
LINE
8
BLACK
6
CONTINUOUS
10
6.5325927165354329
20
-3.7661702755905511
11
6.5326996062992126
21
-3.7662629921259843
0
LINE
8
BLACK
6
CONTINUOUS
10
6.5326996062992126
20
-3.7662629921259843
11
6.532830275590551
21
-3.7663171259842518
0
LINE
8
BLACK
6
CONTINUOUS
10
6.532830275590551
20
-3.7663171259842518
11
6.5334268897637795
21
-3.7668067322834644
0
LINE
8
BLACK
6
CONTINUOUS
10
6.5334268897637795
20
-3.7668067322834644
11
6.5381887795275588
21
-3.7715686220472442
0
LINE
8
BLACK
6
CONTINUOUS
10
6.5381887795275588
20
-3.7715686220472442
11
6.5384364566929136
21
-3.7718704330708661
0
LINE
8
BLACK
6
CONTINUOUS
10
6.5384364566929136
20
-3.7718704330708661
11
6.5385151181102357
21
-3.7719386614173227
0
LINE
8
BLACK
6
CONTINUOUS
10
6.5385151181102357
20
-3.7719386614173227
11
6.5385897244094489
21
-3.7720572047244092
0
LINE
8
BLACK
6
CONTINUOUS
10
6.5385897244094489
20
-3.7720572047244092
11
6.5386783858267714
21
-3.7721652362204723
0
LINE
8
BLACK
6
CONTINUOUS
10
6.5386783858267714
20
-3.7721652362204723
11
6.5387181102362204
21
-3.7722611417322836
0
LINE
8
BLACK
6
CONTINUOUS
10
6.5387181102362204
20
-3.7722611417322836
11
6.53892625984252
21
-3.7725918110236218
0
LINE
8
BLACK
6
CONTINUOUS
10
6.53892625984252
20
-3.7725918110236218
11
6.5413072440944884
21
-3.7773537795275591
0
LINE
8
BLACK
6
CONTINUOUS
10
6.5413072440944884
20
-3.7773537795275591
11
6.5413287007874015
21
-3.7774099212598427
0
LINE
8
BLACK
6
CONTINUOUS
10
6.5413287007874015
20
-3.7774099212598427
11
6.5413456692913385
21
-3.7774327952755904
0
LINE
8
BLACK
6
CONTINUOUS
10
6.5413456692913385
20
-3.7774327952755904
11
6.5414607480314961
21
-3.7777549212598425
0
LINE
8
BLACK
6
CONTINUOUS
10
6.5414607480314961
20
-3.7777549212598425
11
6.5415830708661415
21
-3.7780745669291336
0
LINE
8
BLACK
6
CONTINUOUS
10
6.5415830708661415
20
-3.7780745669291336
11
6.541585078740157
21
-3.7781029133858266
0
LINE
8
BLACK
6
CONTINUOUS
10
6.541585078740157
20
-3.7781029133858266
11
6.5416053149606297
21
-3.7781595669291339
0
LINE
8
BLACK
6
CONTINUOUS
10
6.5416053149606297
20
-3.7781595669291339
11
6.5439862598425194
21
-3.787683346456693
0
LINE
8
BLACK
6
CONTINUOUS
10
6.5439862598425194
20
-3.787683346456693
11
6.5440059448818895
21
-3.7878164566929131
0
LINE
8
BLACK
6
CONTINUOUS
10
6.5440059448818895
20
-3.7878164566929131
11
6.5440281889763776
21
-3.7878701574803149
0
LINE
8
BLACK
6
CONTINUOUS
10
6.5440281889763776
20
-3.7878701574803149
11
6.5440566535433069
21
-3.7881595275590549
0
LINE
8
BLACK
6
CONTINUOUS
10
6.5440566535433069
20
-3.7881595275590549
11
6.5440991732283464
21
-3.7884468503937008
0
LINE
8
BLACK
6
CONTINUOUS
10
6.5440991732283464
20
-3.7884468503937008
11
6.544090590551181
21
-3.7885042519685039
0
LINE
8
BLACK
6
CONTINUOUS
10
6.544090590551181
20
-3.7885042519685039
11
6.5441038188976375
21
-3.7886382283464566
0
LINE
8
BLACK
6
CONTINUOUS
10
6.5441038188976375
20
-3.7886382283464566
11
6.5441038188976375
21
-3.7957811023622048
0
LINE
8
BLACK
6
CONTINUOUS
10
6.5441038188976375
20
-3.7957811023622048
11
6.544090590551181
21
-3.7959150393700787
0
LINE
8
BLACK
6
CONTINUOUS
10
6.544090590551181
20
-3.7959150393700787
11
6.5440991732283464
21
-3.7959724803149606
0
LINE
8
BLACK
6
CONTINUOUS
10
6.5440991732283464
20
-3.7959724803149606
11
6.5440566535433069
21
-3.7962597244094489
0
LINE
8
BLACK
6
CONTINUOUS
10
6.5440566535433069
20
-3.7962597244094489
11
6.5440281889763776
21
-3.7965491732283465
0
LINE
8
BLACK
6
CONTINUOUS
10
6.5440281889763776
20
-3.7965491732283465
11
6.5440059055118107
21
-3.7966028740157478
0
LINE
8
BLACK
6
CONTINUOUS
10
6.5440059055118107
20
-3.7966028740157478
11
6.5439862598425194
21
-3.7967359448818896
0
LINE
8
BLACK
6
CONTINUOUS
10
6.5439862598425194
20
-3.7967359448818896
11
6.5416053149606297
21
-3.8062597637795275
0
LINE
8
BLACK
6
CONTINUOUS
10
6.5416053149606297
20
-3.8062597637795275
11
6.541585078740157
21
-3.8063163385826773
0
LINE
8
BLACK
6
CONTINUOUS
10
6.541585078740157
20
-3.8063163385826773
11
6.5415830708661415
21
-3.8063448031496061
0
LINE
8
BLACK
6
CONTINUOUS
10
6.5415830708661415
20
-3.8063448031496061
11
6.5414607874015749
21
-3.8066642125984251
0
LINE
8
BLACK
6
CONTINUOUS
10
6.5414607874015749
20
-3.8066642125984251
11
6.5413456692913385
21
-3.8069865748031497
0
LINE
8
BLACK
6
CONTINUOUS
10
6.5413456692913385
20
-3.8069865748031497
11
6.5413286614173227
21
-3.8070094881889762
0
LINE
8
BLACK
6
CONTINUOUS
10
6.5413286614173227
20
-3.8070094881889762
11
6.5413072047244096
21
-3.8070656299212597
0
LINE
8
BLACK
6
CONTINUOUS
10
6.5413072047244096
20
-3.8070656299212597
11
6.5389262204724412
21
-3.8118275196850391
0
LINE
8
BLACK
6
CONTINUOUS
10
6.5389262204724412
20
-3.8118275196850391
11
6.5387182677165354
21
-3.812157834645669
0
LINE
8
BLACK
6
CONTINUOUS
10
6.5387182677165354
20
-3.812157834645669
11
6.5386784251968502
21
-3.8122540944881891
0
LINE
8
BLACK
6
CONTINUOUS
10
6.5386784251968502
20
-3.8122540944881891
11
6.5385894881889763
21
-3.812362401574803
0
LINE
8
BLACK
6
CONTINUOUS
10
6.5385894881889763
20
-3.812362401574803
11
6.5385150787401569
21
-3.8124806692913387
0
LINE
8
BLACK
6
CONTINUOUS
10
6.5385150787401569
20
-3.8124806692913387
11
6.5384365748031499
21
-3.8125487007874015
0
LINE
8
BLACK
6
CONTINUOUS
10
6.5384365748031499
20
-3.8125487007874015
11
6.5381887795275588
21
-3.8128506692913384
0
LINE
8
BLACK
6
CONTINUOUS
10
6.5381887795275588
20
-3.8128506692913384
11
6.5334268897637795
21
-3.817612598425197
0
LINE
8
BLACK
6
CONTINUOUS
10
6.5334268897637795
20
-3.817612598425197
11
6.5328303149606297
21
-3.8181022440944883
0
LINE
8
BLACK
6
CONTINUOUS
10
6.5328303149606297
20
-3.8181022440944883
11
6.5326996062992126
21
-3.8181563385826771
0
LINE
8
BLACK
6
CONTINUOUS
10
6.5326996062992126
20
-3.8181563385826771
11
6.5325927165354329
21
-3.8182490944881891
0
LINE
8
BLACK
6
CONTINUOUS
10
6.5325927165354329
20
-3.8182490944881891
11
6.5318879921259843
21
-3.8185637007874016
0
LINE
8
BLACK
6
CONTINUOUS
10
6.5318879921259843
20
-3.8185637007874016
11
6.5247451181102365
21
-3.8209446456692913
0
LINE
8
BLACK
6
CONTINUOUS
10
6.5247451181102365
20
-3.8209446456692913
11
6.5243643307086616
21
-3.8210312204724408
0
LINE
8
BLACK
6
CONTINUOUS
10
6.5243643307086616
20
-3.8210312204724408
11
6.5242681889763778
21
-3.8210710629921261
0
LINE
8
BLACK
6
CONTINUOUS
10
6.5242681889763778
20
-3.8210710629921261
11
6.5241288582677166
21
-3.8210847637795275
0
LINE
8
BLACK
6
CONTINUOUS
10
6.5241288582677166
20
-3.8210847637795275
11
6.5239925196850388
21
-3.8211157874015749
0
LINE
8
BLACK
6
CONTINUOUS
10
6.5239925196850388
20
-3.8211157874015749
11
6.5238888188976381
21
-3.8211083858267716
0
LINE
8
BLACK
6
CONTINUOUS
10
6.5238888188976381
20
-3.8211083858267716
11
6.5235001181102357
21
-3.8211466929133859
0
LINE
8
BLACK
6
CONTINUOUS
10
6.5235001181102357
20
-3.8211466929133859
11
6.5187382283464563
21
-3.8211466929133859
0
LINE
8
BLACK
6
CONTINUOUS
10
6.5187382283464563
20
-3.8211466929133859
11
6.5183494881889761
21
-3.8211083858267716
0
LINE
8
BLACK
6
CONTINUOUS
10
6.5183494881889761
20
-3.8211083858267716
11
6.5182458267716532
21
-3.8211157874015749
0
LINE
8
BLACK
6
CONTINUOUS
10
6.5182458267716532
20
-3.8211157874015749
11
6.5181094881889763
21
-3.8210847637795275
0
LINE
8
BLACK
6
CONTINUOUS
10
6.5181094881889763
20
-3.8210847637795275
11
6.5179701574803151
21
-3.8210710629921261
0
LINE
8
BLACK
6
CONTINUOUS
10
6.5179701574803151
20
-3.8210710629921261
11
6.5178739763779525
21
-3.8210312204724408
0
LINE
8
BLACK
6
CONTINUOUS
10
6.5178739763779525
20
-3.8210312204724408
11
6.5174932677165351
21
-3.8209446456692913
0
LINE
8
BLACK
6
CONTINUOUS
10
6.5174932677165351
20
-3.8209446456692913
11
6.5103503543307086
21
-3.8185637007874016
0
LINE
8
BLACK
6
CONTINUOUS
10
6.5103503543307086
20
-3.8185637007874016
11
6.5096456299212599
21
-3.8182490944881891
0
LINE
8
BLACK
6
CONTINUOUS
10
6.5096456299212599
20
-3.8182490944881891
11
6.5095387007874015
21
-3.8181563779527559
0
LINE
8
BLACK
6
CONTINUOUS
10
6.5095387007874015
20
-3.8181563779527559
11
6.5094080314960632
21
-3.8181022440944883
0
LINE
8
BLACK
6
CONTINUOUS
10
6.5094080314960632
20
-3.8181022440944883
11
6.5088114566929134
21
-3.817612598425197
0
LINE
8
BLACK
6
CONTINUOUS
10
6.5088114566929134
20
-3.817612598425197
11
6.5064305118110237
21
-3.8152316141732281
0
LINE
8
BLACK
6
CONTINUOUS
10
6.5064305118110237
20
-3.8152316141732281
11
6.5059408661417324
21
-3.8146350393700788
0
LINE
8
BLACK
6
CONTINUOUS
10
6.5059408661417324
20
-3.8146350393700788
11
6.5054654330708663
21
-3.8134871653543305
0
LINE
8
BLACK
6
CONTINUOUS
10
6.5054654330708663
20
-3.8134871653543305
11
6.505353031496063
21
-3.8132158267716534
0
LINE
8
BLACK
6
CONTINUOUS
10
6.505353031496063
20
-3.8132158267716534
11
6.5052774015748032
21
-3.8124477559055117
0
LINE
8
BLACK
6
CONTINUOUS
10
6.5052774015748032
20
-3.8124477559055117
11
6.5052774015748032
21
-3.7957811023622048
0
LINE
8
BLACK
6
CONTINUOUS
10
6.5052774015748032
20
-3.7957811023622048
11
6.505353031496063
21
-3.7950130314960631
0
LINE
8
BLACK
6
CONTINUOUS
10
6.505353031496063
20
-3.7950130314960631
11
6.5059409055118111
21
-3.7935938188976377
0
LINE
8
BLACK
6
CONTINUOUS
10
6.5059409055118111
20
-3.7935938188976377
11
6.5070271259842523
21
-3.7925075984251966
0
LINE
8
BLACK
6
CONTINUOUS
10
6.5070271259842523
20
-3.7925075984251966
11
6.5084463385826767
21
-3.7919197244094489
0
LINE
8
BLACK
6
CONTINUOUS
10
6.5084463385826767
20
-3.7919197244094489
11
6.5092144094488189
21
-3.791844094488189
0
LINE
8
BLACK
6
CONTINUOUS
10
6.5092144094488189
20
-3.791844094488189
11
6.5187382283464563
21
-3.791844094488189
0
LINE
8
BLACK
6
CONTINUOUS
10
6.5187382283464563
20
-3.791844094488189
11
6.5195062992125985
21
-3.7919197244094489
0
LINE
8
BLACK
6
CONTINUOUS
10
6.5195062992125985
20
-3.7919197244094489
11
6.5209255118110239
21
-3.7925075984251966
0
LINE
8
BLACK
6
CONTINUOUS
10
6.5209255118110239
20
-3.7925075984251966
11
6.5220117322834641
21
-3.7935938188976377
0
LINE
8
BLACK
6
CONTINUOUS
10
6.5220117322834641
20
-3.7935938188976377
11
6.5225996062992122
21
-3.7950130314960631
0
LINE
8
BLACK
6
CONTINUOUS
10
6.5225996062992122
20
-3.7950130314960631
11
6.5225996062992122
21
-3.7965491732283465
0
LINE
8
BLACK
6
CONTINUOUS
10
6.5225996062992122
20
-3.7965491732283465
11
6.5220117322834641
21
-3.7979683858267714
0
LINE
8
BLACK
6
CONTINUOUS
10
6.5220117322834641
20
-3.7979683858267714
11
6.5209255118110239
21
-3.7990546062992125
0
LINE
8
BLACK
6
CONTINUOUS
10
6.5209255118110239
20
-3.7990546062992125
11
6.5195062992125985
21
-3.7996424803149607
0
LINE
8
BLACK
6
CONTINUOUS
10
6.5195062992125985
20
-3.7996424803149607
11
6.5187382283464563
21
-3.7997181102362205
0
LINE
8
BLACK
6
CONTINUOUS
10
6.5187382283464563
20
-3.7997181102362205
11
6.5131514173228346
21
-3.7997181102362205
0
LINE
8
BLACK
6
CONTINUOUS
10
6.5131514173228346
20
-3.7997181102362205
11
6.5131514173228346
21
-3.8108170078740158
0
LINE
8
BLACK
6
CONTINUOUS
10
6.5131514173228346
20
-3.8108170078740158
11
6.5137220472440944
21
-3.8113876771653543
0
LINE
8
BLACK
6
CONTINUOUS
10
6.5137220472440944
20
-3.8113876771653543
11
6.5193770866141731
21
-3.8132726771653545
0
LINE
8
BLACK
6
CONTINUOUS
10
6.5193770866141731
20
-3.8132726771653545
11
6.5228612598425197
21
-3.8132726771653545
0
LINE
8
BLACK
6
CONTINUOUS
10
6.5228612598425197
20
-3.8132726771653545
11
6.5285162598425197
21
-3.8113876771653543
0
LINE
8
BLACK
6
CONTINUOUS
10
6.5285162598425197
20
-3.8113876771653543
11
6.5321692913385823
21
-3.8077346062992126
0
LINE
8
BLACK
6
CONTINUOUS
10
6.5321692913385823
20
-3.8077346062992126
11
6.5340712204724412
21
-3.8039307480314961
0
LINE
8
BLACK
6
CONTINUOUS
10
6.5340712204724412
20
-3.8039307480314961
11
6.536229803149606
21
-3.7952964566929133
0
LINE
8
BLACK
6
CONTINUOUS
10
6.536229803149606
20
-3.7952964566929133
11
6.536229803149606
21
-3.7891228740157481
0
LINE
8
BLACK
6
CONTINUOUS
10
6.536229803149606
20
-3.7891228740157481
11
6.5340712204724412
21
-3.7804885433070865
0
LINE
8
BLACK
6
CONTINUOUS
10
6.5340712204724412
20
-3.7804885433070865
11
6.5321692125984248
21
-3.7766846456692913
0
LINE
8
BLACK
6
CONTINUOUS
10
6.5321692125984248
20
-3.7766846456692913
11
6.528516220472441
21
-3.7730316535433071
0
LINE
8
BLACK
6
CONTINUOUS
10
6.528516220472441
20
-3.7730316535433071
11
6.5228612598425197
21
-3.7711466929133857
0
LINE
8
BLACK
6
CONTINUOUS
10
6.5228612598425197
20
-3.7711466929133857
11
6.5172866929133857
21
-3.7711466929133857
0
LINE
8
BLACK
6
CONTINUOUS
10
6.5172866929133857
20
-3.7711466929133857
11
6.5133560236220474
21
-3.7731120078740155
0
LINE
8
BLACK
6
CONTINUOUS
10
6.5133560236220474
20
-3.7731120078740155
11
6.512635236220472
21
-3.7733878346456691
0
LINE
8
BLACK
6
CONTINUOUS
10
6.512635236220472
20
-3.7733878346456691
11
6.5111029133858267
21
-3.7734967322834643
0
LINE
8
BLACK
6
CONTINUOUS
10
6.5111029133858267
20
-3.7734967322834643
11
6.5096456299212599
21
-3.7730109448818898
0
LINE
8
BLACK
6
CONTINUOUS
10
6.5096456299212599
20
-3.7730109448818898
11
6.5084851181102357
21
-3.7720044488188975
0
LINE
8
BLACK
6
CONTINUOUS
10
6.5084851181102357
20
-3.7720044488188975
11
6.5077981496062991
21
-3.7706305118110235
0
LINE
8
BLACK
6
CONTINUOUS
10
6.5077981496062991
20
-3.7706305118110235
11
6.5076892519685039
21
-3.7690981889763777
0
LINE
8
BLACK
6
CONTINUOUS
10
6.5076892519685039
20
-3.7690981889763777
11
6.5081750393700784
21
-3.767640905511811
0
LINE
8
BLACK
6
CONTINUOUS
10
6.5081750393700784
20
-3.767640905511811
11
6.5091815354330711
21
-3.7664803937007871
0
LINE
8
BLACK
6
CONTINUOUS
10
6.5091815354330711
20
-3.7664803937007871
11
6.5098346850393698
21
-3.7660692519685037
0
LINE
8
BLACK
6
CONTINUOUS
10
6.5098346850393698
20
-3.7660692519685037
11
6.5145966141732279
21
-3.7636883070866141
0
LINE
8
BLACK
6
CONTINUOUS
10
6.5145966141732279
20
-3.7636883070866141
11
6.5153174015748032
21
-3.7634124803149605
0
LINE
8
BLACK
6
CONTINUOUS
10
6.5153174015748032
20
-3.7634124803149605
11
6.5154584645669287
21
-3.7634024409448816
0
LINE
8
BLACK
6
CONTINUOUS
10
6.5154584645669287
20
-3.7634024409448816
11
6.5155892125984254
21
-3.7633483070866141
0
LINE
8
BLACK
6
CONTINUOUS
10
6.5155892125984254
20
-3.7633483070866141
11
6.5163572834645667
21
-3.7632726771653542
0
LINE
8
BLACK
6
CONTINUOUS
10
6.5163572834645667
20
-3.7632726771653542
11
6.5235001181102357
21
-3.7632726771653542
0
LINE
8
BLACK
6
CONTINUOUS
10
6.5235001181102357
20
-3.7632726771653542
11
6.5238888188976381
21
-3.7633109448818898
0
LINE
8
BLACK
6
CONTINUOUS
10
6.5885539370078741
20
-3.7633483070866141
11
6.5899731496062994
21
-3.7639361811023622
0
LINE
8
BLACK
6
CONTINUOUS
10
6.5899731496062994
20
-3.7639361811023622
11
6.5910593700787397
21
-3.7650224015748033
0
LINE
8
BLACK
6
CONTINUOUS
10
6.5910593700787397
20
-3.7650224015748033
11
6.5916472440944878
21
-3.7664416141732282
0
LINE
8
BLACK
6
CONTINUOUS
10
6.5916472440944878
20
-3.7664416141732282
11
6.5917228740157476
21
-3.7672096850393699
0
LINE
8
BLACK
6
CONTINUOUS
10
6.5917228740157476
20
-3.7672096850393699
11
6.5917228740157476
21
-3.8172096850393702
0
LINE
8
BLACK
6
CONTINUOUS
10
6.5917228740157476
20
-3.8172096850393702
11
6.5916472440944878
21
-3.8179777559055119
0
LINE
8
BLACK
6
CONTINUOUS
10
6.5916472440944878
20
-3.8179777559055119
11
6.5910593700787397
21
-3.8193969685039368
0
LINE
8
BLACK
6
CONTINUOUS
10
6.5910593700787397
20
-3.8193969685039368
11
6.5899731496062994
21
-3.820483188976378
0
LINE
8
BLACK
6
CONTINUOUS
10
6.5899731496062994
20
-3.820483188976378
11
6.5885539370078741
21
-3.8210710629921261
0
LINE
8
BLACK
6
CONTINUOUS
10
6.5885539370078741
20
-3.8210710629921261
11
6.5877858661417319
21
-3.8211466929133859
0
LINE
8
BLACK
6
CONTINUOUS
10
6.5877858661417319
20
-3.8211466929133859
11
6.5758811023622048
21
-3.8211466929133859
0
LINE
8
BLACK
6
CONTINUOUS
10
6.5758811023622048
20
-3.8211466929133859
11
6.5754923622047246
21
-3.8211083858267716
0
LINE
8
BLACK
6
CONTINUOUS
10
6.5754923622047246
20
-3.8211083858267716
11
6.5753887007874017
21
-3.8211157874015749
0
LINE
8
BLACK
6
CONTINUOUS
10
6.5753887007874017
20
-3.8211157874015749
11
6.5752523622047239
21
-3.8210847637795275
0
LINE
8
BLACK
6
CONTINUOUS
10
6.5752523622047239
20
-3.8210847637795275
11
6.5751130314960626
21
-3.8210710629921261
0
LINE
8
BLACK
6
CONTINUOUS
10
6.5751130314960626
20
-3.8210710629921261
11
6.575016850393701
21
-3.8210312204724408
0
LINE
8
BLACK
6
CONTINUOUS
10
6.575016850393701
20
-3.8210312204724408
11
6.5746361417322836
21
-3.8209446456692913
0
LINE
8
BLACK
6
CONTINUOUS
10
6.5746361417322836
20
-3.8209446456692913
11
6.5674932283464562
21
-3.8185637007874016
0
LINE
8
BLACK
6
CONTINUOUS
10
6.5674932283464562
20
-3.8185637007874016
11
6.5667885039370075
21
-3.8182490944881891
0
LINE
8
BLACK
6
CONTINUOUS
10
6.5667885039370075
20
-3.8182490944881891
11
6.5666815748031491
21
-3.8181563385826771
0
LINE
8
BLACK
6
CONTINUOUS
10
6.5666815748031491
20
-3.8181563385826771
11
6.5665509448818895
21
-3.8181022440944883
0
LINE
8
BLACK
6
CONTINUOUS
10
6.5665509448818895
20
-3.8181022440944883
11
6.565954330708661
21
-3.8176126377952757
0
LINE
8
BLACK
6
CONTINUOUS
10
6.565954330708661
20
-3.8176126377952757
11
6.5611924409448816
21
-3.8128506692913384
0
LINE
8
BLACK
6
CONTINUOUS
10
6.5611924409448816
20
-3.8128506692913384
11
6.5609446062992127
21
-3.8125487401574802
0
LINE
8
BLACK
6
CONTINUOUS
10
6.5609446062992127
20
-3.8125487401574802
11
6.5608661417322836
21
-3.8124806692913387
0
LINE
8
BLACK
6
CONTINUOUS
10
6.5608661417322836
20
-3.8124806692913387
11
6.5607916929133854
21
-3.812362401574803
0
LINE
8
BLACK
6
CONTINUOUS
10
6.5607916929133854
20
-3.812362401574803
11
6.5607027952755903
21
-3.8122540944881891
0
LINE
8
BLACK
6
CONTINUOUS
10
6.5607027952755903
20
-3.8122540944881891
11
6.5606629133858263
21
-3.8121577952755903
0
LINE
8
BLACK
6
CONTINUOUS
10
6.5606629133858263
20
-3.8121577952755903
11
6.5604550000000001
21
-3.8118275196850391
0
LINE
8
BLACK
6
CONTINUOUS
10
6.5604550000000001
20
-3.8118275196850391
11
6.5580740157480317
21
-3.8070656299212597
0
LINE
8
BLACK
6
CONTINUOUS
10
6.5580740157480317
20
-3.8070656299212597
11
6.558052519685039
21
-3.8070094488188975
0
LINE
8
BLACK
6
CONTINUOUS
10
6.558052519685039
20
-3.8070094488188975
11
6.5580355511811019
21
-3.8069865748031497
0
LINE
8
BLACK
6
CONTINUOUS
10
6.5580355511811019
20
-3.8069865748031497
11
6.5579203937007868
21
-3.8066642913385826
0
LINE
8
BLACK
6
CONTINUOUS
10
6.5579203937007868
20
-3.8066642913385826
11
6.5577981496062989
21
-3.8063448425196849
0
LINE
8
BLACK
6
CONTINUOUS
10
6.5577981496062989
20
-3.8063448425196849
11
6.5577961023622047
21
-3.806316377952756
0
LINE
8
BLACK
6
CONTINUOUS
10
6.5577961023622047
20
-3.806316377952756
11
6.5577759055118108
21
-3.8062598031496062
0
LINE
8
BLACK
6
CONTINUOUS
10
6.5577759055118108
20
-3.8062598031496062
11
6.5553949606299211
21
-3.7967359448818896
0
LINE
8
BLACK
6
CONTINUOUS
10
6.5553949606299211
20
-3.7967359448818896
11
6.555375275590551
21
-3.7966028740157478
0
LINE
8
BLACK
6
CONTINUOUS
10
6.555375275590551
20
-3.7966028740157478
11
6.5553530314960629
21
-3.7965491732283465
0
LINE
8
BLACK
6
CONTINUOUS
10
6.5553530314960629
20
-3.7965491732283465
11
6.5553245275590548
21
-3.7962597244094489
0
LINE
8
BLACK
6
CONTINUOUS
10
6.5553245275590548
20
-3.7962597244094489
11
6.555282047244094
21
-3.7959724803149606
0
LINE
8
BLACK
6
CONTINUOUS
10
6.555282047244094
20
-3.7959724803149606
11
6.5552905905511807
21
-3.7959150393700787
0
LINE
8
BLACK
6
CONTINUOUS
10
6.5552905905511807
20
-3.7959150393700787
11
6.555277401574803
21
-3.7957811023622048
0
LINE
8
BLACK
6
CONTINUOUS
10
6.555277401574803
20
-3.7957811023622048
11
6.555277401574803
21
-3.7886382283464566
0
LINE
8
BLACK
6
CONTINUOUS
10
6.555277401574803
20
-3.7886382283464566
11
6.5552905905511807
21
-3.7885042519685039
0
LINE
8
BLACK
6
CONTINUOUS
10
6.5552905905511807
20
-3.7885042519685039
11
6.555282047244094
21
-3.7884468503937008
0
LINE
8
BLACK
6
CONTINUOUS
10
6.555282047244094
20
-3.7884468503937008
11
6.5553245275590548
21
-3.7881595275590549
0
LINE
8
BLACK
6
CONTINUOUS
10
6.5553245275590548
20
-3.7881595275590549
11
6.5553530314960629
21
-3.7878701574803149
0
LINE
8
BLACK
6
CONTINUOUS
10
6.5553530314960629
20
-3.7878701574803149
11
6.5553752362204722
21
-3.7878164566929131
0
LINE
8
BLACK
6
CONTINUOUS
10
6.5553752362204722
20
-3.7878164566929131
11
6.5553949606299211
21
-3.787683346456693
0
LINE
8
BLACK
6
CONTINUOUS
10
6.5553949606299211
20
-3.787683346456693
11
6.5577759055118108
21
-3.7781595669291339
0
LINE
8
BLACK
6
CONTINUOUS
10
6.5577759055118108
20
-3.7781595669291339
11
6.5577961023622047
21
-3.7781029133858266
0
LINE
8
BLACK
6
CONTINUOUS
10
6.5577961023622047
20
-3.7781029133858266
11
6.5577981496062989
21
-3.7780745669291336
0
LINE
8
BLACK
6
CONTINUOUS
10
6.5577981496062989
20
-3.7780745669291336
11
6.5579205118110231
21
-3.77775468503937
0
LINE
8
BLACK
6
CONTINUOUS
10
6.5579205118110231
20
-3.77775468503937
11
6.5580355511811019
21
-3.7774327952755904
0
LINE
8
BLACK
6
CONTINUOUS
10
6.5580355511811019
20
-3.7774327952755904
11
6.5580524409448815
21
-3.777409960629921
0
LINE
8
BLACK
6
CONTINUOUS
10
6.5580524409448815
20
-3.777409960629921
11
6.558073976377953
21
-3.7773537401574804
0
LINE
8
BLACK
6
CONTINUOUS
10
6.558073976377953
20
-3.7773537401574804
11
6.5604550000000001
21
-3.7725918110236218
0
LINE
8
BLACK
6
CONTINUOUS
10
6.5604550000000001
20
-3.7725918110236218
11
6.5606630314960626
21
-3.7722612204724411
0
LINE
8
BLACK
6
CONTINUOUS
10
6.5606630314960626
20
-3.7722612204724411
11
6.5607028346456691
21
-3.7721652362204723
0
LINE
8
BLACK
6
CONTINUOUS
10
6.5607028346456691
20
-3.7721652362204723
11
6.5607914566929129
21
-3.7720572047244092
0
LINE
8
BLACK
6
CONTINUOUS
10
6.5607914566929129
20
-3.7720572047244092
11
6.5608661023622048
21
-3.7719386614173227
0
LINE
8
BLACK
6
CONTINUOUS
10
6.5608661023622048
20
-3.7719386614173227
11
6.560944724409449
21
-3.7718704330708661
0
LINE
8
BLACK
6
CONTINUOUS
10
6.560944724409449
20
-3.7718704330708661
11
6.5611924409448816
21
-3.7715686220472442
0
LINE
8
BLACK
6
CONTINUOUS
10
6.5611924409448816
20
-3.7715686220472442
11
6.565954330708661
21
-3.7668067322834644
0
LINE
8
BLACK
6
CONTINUOUS
10
6.565954330708661
20
-3.7668067322834644
11
6.5665509448818895
21
-3.7663171259842518
0
LINE
8
BLACK
6
CONTINUOUS
10
6.5665509448818895
20
-3.7663171259842518
11
6.5666815748031491
21
-3.7662629921259843
0
LINE
8
BLACK
6
CONTINUOUS
10
6.5666815748031491
20
-3.7662629921259843
11
6.5667885039370075
21
-3.7661702755905511
0
LINE
8
BLACK
6
CONTINUOUS
10
6.5667885039370075
20
-3.7661702755905511
11
6.5674932283464562
21
-3.7658556692913385
0
LINE
8
BLACK
6
CONTINUOUS
10
6.5674932283464562
20
-3.7658556692913385
11
6.5746361417322836
21
-3.7634747244094489
0
LINE
8
BLACK
6
CONTINUOUS
10
6.5746361417322836
20
-3.7634747244094489
11
6.575016850393701
21
-3.7633881102362206
0
LINE
8
BLACK
6
CONTINUOUS
10
6.575016850393701
20
-3.7633881102362206
11
6.5751130314960626
21
-3.7633483070866141
0
LINE
8
BLACK
6
CONTINUOUS
10
6.5751130314960626
20
-3.7633483070866141
11
6.5752523622047239
21
-3.7633345669291338
0
LINE
8
BLACK
6
CONTINUOUS
10
6.5752523622047239
20
-3.7633345669291338
11
6.5753887007874017
21
-3.7633035826771652
0
LINE
8
BLACK
6
CONTINUOUS
10
6.5753887007874017
20
-3.7633035826771652
11
6.5754923622047246
21
-3.7633109448818898
0
LINE
8
BLACK
6
CONTINUOUS
10
6.5754923622047246
20
-3.7633109448818898
11
6.5758811023622048
21
-3.7632726771653542
0
LINE
8
BLACK
6
CONTINUOUS
10
6.5758811023622048
20
-3.7632726771653542
11
6.5877858661417319
21
-3.7632726771653542
0
LINE
8
BLACK
6
CONTINUOUS
10
6.5877858661417319
20
-3.7632726771653542
11
6.5885539370078741
21
-3.7633483070866141
0
LINE
8
BLACK
6
CONTINUOUS
10
6.5708649606299208
20
-3.7730316535433071
11
6.567211968503937
21
-3.77668468503937
0
LINE
8
BLACK
6
CONTINUOUS
10
6.567211968503937
20
-3.77668468503937
11
6.5653099606299214
21
-3.7804887007874015
0
LINE
8
BLACK
6
CONTINUOUS
10
6.5653099606299214
20
-3.7804887007874015
11
6.5631514173228345
21
-3.7891228740157481
0
LINE
8
BLACK
6
CONTINUOUS
10
6.5631514173228345
20
-3.7891228740157481
11
6.5631514173228345
21
-3.795296496062992
0
LINE
8
BLACK
6
CONTINUOUS
10
6.5631514173228345
20
-3.795296496062992
11
6.5653099606299214
21
-3.8039307480314961
0
LINE
8
BLACK
6
CONTINUOUS
10
6.5653099606299214
20
-3.8039307480314961
11
6.5672119291338582
21
-3.8077346456692913
0
LINE
8
BLACK
6
CONTINUOUS
10
6.5672119291338582
20
-3.8077346456692913
11
6.570864921259842
21
-3.8113876771653543
0
LINE
8
BLACK
6
CONTINUOUS
10
6.570864921259842
20
-3.8113876771653543
11
6.5765199606299207
21
-3.8132726771653545
0
LINE
8
BLACK
6
CONTINUOUS
10
6.5765199606299207
20
-3.8132726771653545
11
6.5838488582677162
21
-3.8132726771653545
0
LINE
8
BLACK
6
CONTINUOUS
10
6.5838488582677162
20
-3.8132726771653545
11
6.5838488582677162
21
-3.7711466929133857
0
LINE
8
BLACK
6
CONTINUOUS
10
6.5838488582677162
20
-3.7711466929133857
11
6.5765199606299207
21
-3.7711466929133857
0
LINE
8
BLACK
6
CONTINUOUS
10
6.5765199606299207
20
-3.7711466929133857
11
6.5708649606299208
21
-3.7730316535433071
0
LINE
8
BLACK
6
CONTINUOUS
10
6.7275226771653545
20
-3.7636311811023622
11
6.7287671259842519
21
-3.7645318110236219
0
LINE
8
BLACK
6
CONTINUOUS
10
6.7287671259842519
20
-3.7645318110236219
11
6.7295722047244091
21
-3.7658400787401574
0
LINE
8
BLACK
6
CONTINUOUS
10
6.7295722047244091
20
-3.7658400787401574
11
6.729815393700787
21
-3.7673568503937007
0
LINE
8
BLACK
6
CONTINUOUS
10
6.729815393700787
20
-3.7673568503937007
11
6.7297110629921262
21
-3.7681215748031494
0
LINE
8
BLACK
6
CONTINUOUS
10
6.7297110629921262
20
-3.7681215748031494
11
6.7178062992125982
21
-3.8181215748031496
0
LINE
8
BLACK
6
CONTINUOUS
10
6.7178062992125982
20
-3.8181215748031496
11
6.7177153937007876
21
-3.8183852362204722
0
LINE
8
BLACK
6
CONTINUOUS
10
6.7177153937007876
20
-3.8183852362204722
11
6.7177028740157478
21
-3.8184796456692913
0
LINE
8
BLACK
6
CONTINUOUS
10
6.7177028740157478
20
-3.8184796456692913
11
6.7176534645669292
21
-3.8185649606299212
0
LINE
8
BLACK
6
CONTINUOUS
10
6.7176534645669292
20
-3.8185649606299212
11
6.7175548031496062
21
-3.8188512598425195
0
LINE
8
BLACK
6
CONTINUOUS
10
6.7175548031496062
20
-3.8188512598425195
11
6.7172194488188977
21
-3.8193146062992125
0
LINE
8
BLACK
6
CONTINUOUS
10
6.7172194488188977
20
-3.8193146062992125
11
6.7169332283464565
21
-3.8198090551181103
0
LINE
8
BLACK
6
CONTINUOUS
10
6.7169332283464565
20
-3.8198090551181103
11
6.7167727559055113
21
-3.8199318503937008
0
LINE
8
BLACK
6
CONTINUOUS
10
6.7167727559055113
20
-3.8199318503937008
11
6.7166542125984252
21
-3.8200957086614173
0
LINE
8
BLACK
6
CONTINUOUS
10
6.7166542125984252
20
-3.8200957086614173
11
6.7161672440944882
21
-3.8203953543307088
0
LINE
8
BLACK
6
CONTINUOUS
10
6.7161672440944882
20
-3.8203953543307088
11
6.7157134251968502
21
-3.8207427559055116
0
LINE
8
BLACK
6
CONTINUOUS
10
6.7157134251968502
20
-3.8207427559055116
11
6.7155180708661417
21
-3.8207948425196849
0
LINE
8
BLACK
6
CONTINUOUS
10
6.7155180708661417
20
-3.8207948425196849
11
6.7153459448818893
21
-3.8209007874015746
0
LINE
8
BLACK
6
CONTINUOUS
10
6.7153459448818893
20
-3.8209007874015746
11
6.7147814173228344
21
-3.8209912598425197
0
LINE
8
BLACK
6
CONTINUOUS
10
6.7147814173228344
20
-3.8209912598425197
11
6.7142291338582671
21
-3.8211385826771651
0
LINE
8
BLACK
6
CONTINUOUS
10
6.7142291338582671
20
-3.8211385826771651
11
6.7140287795275588
21
-3.821111929133858
0
LINE
8
BLACK
6
CONTINUOUS
10
6.7140287795275588
20
-3.821111929133858
11
6.7138291338582672
21
-3.8211439763779529
0
LINE
8
BLACK
6
CONTINUOUS
10
6.7138291338582672
20
-3.8211439763779529
11
6.7132726377952752
21
-3.8210114566929132
0
LINE
8
BLACK
6
CONTINUOUS
10
6.7132726377952752
20
-3.8210114566929132
11
6.712706377952756
21
-3.8209362204724409
0
LINE
8
BLACK
6
CONTINUOUS
10
6.712706377952756
20
-3.8209362204724409
11
6.7125315354330706
21
-3.8208349999999998
0
LINE
8
BLACK
6
CONTINUOUS
10
6.7125315354330706
20
-3.8208349999999998
11
6.712334763779527
21
-3.8207881496062992
0
LINE
8
BLACK
6
CONTINUOUS
10
6.712334763779527
20
-3.8207881496062992
11
6.7118714960629919
21
-3.8204528740157477
0
LINE
8
BLACK
6
CONTINUOUS
10
6.7118714960629919
20
-3.8204528740157477
11
6.7113769291338583
21
-3.8201665748031495
0
LINE
8
BLACK
6
CONTINUOUS
10
6.7113769291338583
20
-3.8201665748031495
11
6.7112540551181104
21
-3.820006062992126
0
LINE
8
BLACK
6
CONTINUOUS
10
6.7112540551181104
20
-3.820006062992126
11
6.7110903149606296
21
-3.8198875590551182
0
LINE
8
BLACK
6
CONTINUOUS
10
6.7110903149606296
20
-3.8198875590551182
11
6.7107907086614169
21
-3.8194007086614175
0
LINE
8
BLACK
6
CONTINUOUS
10
6.7107907086614169
20
-3.8194007086614175
11
6.7104432283464561
21
-3.8189467322834645
0
LINE
8
BLACK
6
CONTINUOUS
10
6.7104432283464561
20
-3.8189467322834645
11
6.7103369291338577
21
-3.8186633070866143
0
LINE
8
BLACK
6
CONTINUOUS
10
6.7103369291338577
20
-3.8186633070866143
11
6.7102852362204723
21
-3.8185792913385828
0
LINE
8
BLACK
6
CONTINUOUS
10
6.7102852362204723
20
-3.8185792913385828
11
6.7102701181102358
21
-3.8184851574803149
0
LINE
8
BLACK
6
CONTINUOUS
10
6.7102701181102358
20
-3.8184851574803149
11
6.7101722440944878
21
-3.8182240944881887
0
LINE
8
BLACK
6
CONTINUOUS
10
6.7101722440944878
20
-3.8182240944881887
11
6.7044524803149601
21
-3.7967749999999998
0
LINE
8
BLACK
6
CONTINUOUS
10
6.7044524803149601
20
-3.7967749999999998
11
6.6987327559055121
21
-3.8182240944881887
0
LINE
8
BLACK
6
CONTINUOUS
10
6.6987327559055121
20
-3.8182240944881887
11
6.6986348818897632
21
-3.8184850787401574
0
LINE
8
BLACK
6
CONTINUOUS
10
6.6986348818897632
20
-3.8184850787401574
11
6.6986198031496063
21
-3.818579251968504
0
LINE
8
BLACK
6
CONTINUOUS
10
6.6986198031496063
20
-3.818579251968504
11
6.6985680708661413
21
-3.8186632677165355
0
LINE
8
BLACK
6
CONTINUOUS
10
6.6985680708661413
20
-3.8186632677165355
11
6.6984618110236216
21
-3.8189467716535432
0
LINE
8
BLACK
6
CONTINUOUS
10
6.6984618110236216
20
-3.8189467716535432
11
6.6981141732283467
21
-3.8194009055118108
0
LINE
8
BLACK
6
CONTINUOUS
10
6.6981141732283467
20
-3.8194009055118108
11
6.697814724409449
21
-3.8198875590551182
0
LINE
8
BLACK
6
CONTINUOUS
10
6.697814724409449
20
-3.8198875590551182
11
6.6976509448818895
21
-3.8200060236220472
0
LINE
8
BLACK
6
CONTINUOUS
10
6.6976509448818895
20
-3.8200060236220472
11
6.6975281102362203
21
-3.8201665748031495
0
LINE
8
BLACK
6
CONTINUOUS
10
6.6975281102362203
20
-3.8201665748031495
11
6.6970333070866142
21
-3.8204530314960627
0
LINE
8
BLACK
6
CONTINUOUS
10
6.6970333070866142
20
-3.8204530314960627
11
6.696570236220472
21
-3.8207881496062992
0
LINE
8
BLACK
6
CONTINUOUS
10
6.696570236220472
20
-3.8207881496062992
11
6.6963736220472443
21
-3.8208349212598423
0
LINE
8
BLACK
6
CONTINUOUS
10
6.6963736220472443
20
-3.8208349212598423
11
6.6961986614173226
21
-3.8209362598425196
0
LINE
8
BLACK
6
CONTINUOUS
10
6.6961986614173226
20
-3.8209362598425196
11
6.6956317716535434
21
-3.8210115748031495
0
LINE
8
BLACK
6
CONTINUOUS
10
6.6956317716535434
20
-3.8210115748031495
11
6.6950758661417318
21
-3.8211439370078741
0
LINE
8
BLACK
6
CONTINUOUS
10
6.6950758661417318
20
-3.8211439370078741
11
6.6948763385826773
21
-3.821111929133858
0
LINE
8
BLACK
6
CONTINUOUS
10
6.6948763385826773
20
-3.821111929133858
11
6.6946759055118106
21
-3.8211385826771651
0
LINE
8
BLACK
6
CONTINUOUS
10
6.6946759055118106
20
-3.8211385826771651
11
6.6941233070866142
21
-3.820991220472441
0
LINE
8
BLACK
6
CONTINUOUS
10
6.6941233070866142
20
-3.820991220472441
11
6.6935590944881884
21
-3.8209007874015746
0
LINE
8
BLACK
6
CONTINUOUS
10
6.6935590944881884
20
-3.8209007874015746
11
6.6933870078740156
21
-3.8207948818897637
0
LINE
8
BLACK
6
CONTINUOUS
10
6.6933870078740156
20
-3.8207948818897637
11
6.6931916141732284
21
-3.8207427952755904
0
LINE
8
BLACK
6
CONTINUOUS
10
6.6931916141732284
20
-3.8207427952755904
11
6.6927373228346454
21
-3.8203950787401575
0
LINE
8
BLACK
6
CONTINUOUS
10
6.6927373228346454
20
-3.8203950787401575
11
6.6922508267716534
21
-3.8200956692913386
0
LINE
8
BLACK
6
CONTINUOUS
10
6.6922508267716534
20
-3.8200956692913386
11
6.692132362204724
21
-3.8199320078740158
0
LINE
8
BLACK
6
CONTINUOUS
10
6.692132362204724
20
-3.8199320078740158
11
6.6919718110236222
21
-3.8198090944881891
0
LINE
8
BLACK
6
CONTINUOUS
10
6.6919718110236222
20
-3.8198090944881891
11
6.6916852755905509
21
-3.819314212598425
0
LINE
8
BLACK
6
CONTINUOUS
10
6.6916852755905509
20
-3.819314212598425
11
6.6913502362204724
21
-3.8188512204724407
0
LINE
8
BLACK
6
CONTINUOUS
10
6.6913502362204724
20
-3.8188512204724407
11
6.6912516141732281
21
-3.818565157480315
0
LINE
8
BLACK
6
CONTINUOUS
10
6.6912516141732281
20
-3.818565157480315
11
6.691202125984252
21
-3.8184796456692913
0
LINE
8
BLACK
6
CONTINUOUS
10
6.691202125984252
20
-3.8184796456692913
11
6.6911895275590547
21
-3.8183850393700784
0
LINE
8
BLACK
6
CONTINUOUS
10
6.6911895275590547
20
-3.8183850393700784
11
6.6910987401574804
21
-3.8181215748031496
0
LINE
8
BLACK
6
CONTINUOUS
10
6.6910987401574804
20
-3.8181215748031496
11
6.6791940157480312
21
-3.7681215748031494
0
LINE
8
BLACK
6
CONTINUOUS
10
6.6791940157480312
20
-3.7681215748031494
11
6.6790896850393695
21
-3.7673568897637795
0
LINE
8
BLACK
6
CONTINUOUS
10
6.6790896850393695
20
-3.7673568897637795
11
6.6793328740157483
21
-3.7658400787401574
0
LINE
8
BLACK
6
CONTINUOUS
10
6.6793328740157483
20
-3.7658400787401574
11
6.6801379527559055
21
-3.7645318110236219
0
LINE
8
BLACK
6
CONTINUOUS
10
6.6801379527559055
20
-3.7645318110236219
11
6.6813824015748029
21
-3.7636312204724409
0
LINE
8
BLACK
6
CONTINUOUS
10
6.6813824015748029
20
-3.7636312204724409
11
6.6828767716535431
21
-3.7632753937007872
0
LINE
8
BLACK
6
CONTINUOUS
10
6.6828767716535431
20
-3.7632753937007872
11
6.6843935826771652
21
-3.7635185826771651
0
LINE
8
BLACK
6
CONTINUOUS
10
6.6843935826771652
20
-3.7635185826771651
11
6.6857018503937002
21
-3.7643236614173228
0
LINE
8
BLACK
6
CONTINUOUS
10
6.6857018503937002
20
-3.7643236614173228
11
6.6866024409448821
21
-3.7655681102362202
0
LINE
8
BLACK
6
CONTINUOUS
10
6.6866024409448821
20
-3.7655681102362202
11
6.6868539370078741
21
-3.7662977952755905
0
LINE
8
BLACK
6
CONTINUOUS
10
6.6868539370078741
20
-3.7662977952755905
11
6.6951448031496064
21
-3.8011195669291338
0
LINE
8
BLACK
6
CONTINUOUS
10
6.6951448031496064
20
-3.8011195669291338
11
6.7006484251968503
21
-3.7804809842519682
0
LINE
8
BLACK
6
CONTINUOUS
10
6.7006484251968503
20
-3.7804809842519682
11
6.7007158661417323
21
-3.7803010236220471
0
LINE
8
BLACK
6
CONTINUOUS
10
6.7007158661417323
20
-3.7803010236220471
11
6.7007259448818894
21
-3.780225433070866
0
LINE
8
BLACK
6
CONTINUOUS
10
6.7007259448818894
20
-3.780225433070866
11
6.700777913385827
21
-3.7801356299212596
0
LINE
8
BLACK
6
CONTINUOUS
10
6.700777913385827
20
-3.7801356299212596
11
6.7009194094488187
21
-3.7797583464566928
0
LINE
8
BLACK
6
CONTINUOUS
10
6.7009194094488187
20
-3.7797583464566928
11
6.7012352755905509
21
-3.7793456299212598
0
LINE
8
BLACK
6
CONTINUOUS
10
6.7012352755905509
20
-3.7793456299212598
11
6.7014956299212596
21
-3.7788959842519683
0
LINE
8
BLACK
6
CONTINUOUS
10
6.7014956299212596
20
-3.7788959842519683
11
6.7016981102362205
21
-3.7787409448818896
0
LINE
8
BLACK
6
CONTINUOUS
10
6.7016981102362205
20
-3.7787409448818896
11
6.70185311023622
21
-3.7785385039370079
0
LINE
8
BLACK
6
CONTINUOUS
10
6.70185311023622
20
-3.7785385039370079
11
6.7023025984251969
21
-3.7782782677165354
0
LINE
8
BLACK
6
CONTINUOUS
10
6.7023025984251969
20
-3.7782782677165354
11
6.7027154330708658
21
-3.777962283464567
0
LINE
8
BLACK
6
CONTINUOUS
10
6.7027154330708658
20
-3.777962283464567
11
6.7029620078740155
21
-3.7778964960629922
0
LINE
8
BLACK
6
CONTINUOUS
10
6.7029620078740155
20
-3.7778964960629922
11
6.7031825590551177
21
-3.7777688582677165
0
LINE
8
BLACK
6
CONTINUOUS
10
6.7031825590551177
20
-3.7777688582677165
11
6.7036974015748028
21
-3.7777004330708661
0
LINE
8
BLACK
6
CONTINUOUS
10
6.7036974015748028
20
-3.7777004330708661
11
6.7041997244094489
21
-3.7775664960629922
0
LINE
8
BLACK
6
CONTINUOUS
10
6.7041997244094489
20
-3.7775664960629922
11
6.7044525196850389
21
-3.7776000787401576
0
LINE
8
BLACK
6
CONTINUOUS
10
6.7044525196850389
20
-3.7776000787401576
11
6.7047053149606297
21
-3.7775664960629922
0
LINE
8
BLACK
6
CONTINUOUS
10
6.7047053149606297
20
-3.7775664960629922
11
6.7052073228346458
21
-3.7777003543307086
0
LINE
8
BLACK
6
CONTINUOUS
10
6.7052073228346458
20
-3.7777003543307086
11
6.7057224803149609
21
-3.7777688188976377
0
LINE
8
BLACK
6
CONTINUOUS
10
6.7057224803149609
20
-3.7777688188976377
11
6.7059431889763781
21
-3.7778966141732284
0
LINE
8
BLACK
6
CONTINUOUS
10
6.7059431889763781
20
-3.7778966141732284
11
6.7061896062992128
21
-3.7779623228346457
0
LINE
8
BLACK
6
CONTINUOUS
10
6.7061896062992128
20
-3.7779623228346457
11
6.7066021259842516
21
-3.7782780708661416
0
LINE
8
BLACK
6
CONTINUOUS
10
6.7066021259842516
20
-3.7782780708661416
11
6.7070519291338577
21
-3.7785385039370079
0
LINE
8
BLACK
6
CONTINUOUS
10
6.7070519291338577
20
-3.7785385039370079
11
6.7072069685039368
21
-3.7787410629921259
0
LINE
8
BLACK
6
CONTINUOUS
10
6.7072069685039368
20
-3.7787410629921259
11
6.707409409448819
21
-3.778896023622047
0
LINE
8
BLACK
6
CONTINUOUS
10
6.707409409448819
20
-3.778896023622047
11
6.707669566929134
21
-3.7793453937007873
0
LINE
8
BLACK
6
CONTINUOUS
10
6.707669566929134
20
-3.7793453937007873
11
6.7079856299212599
21
-3.7797583070866141
0
LINE
8
BLACK
6
CONTINUOUS
10
6.7079856299212599
20
-3.7797583070866141
11
6.7081271259842516
21
-3.7801357480314959
0
LINE
8
BLACK
6
CONTINUOUS
10
6.7081271259842516
20
-3.7801357480314959
11
6.7081790551181104
21
-3.780225433070866
0
LINE
8
BLACK
6
CONTINUOUS
10
6.7081790551181104
20
-3.780225433070866
11
6.7081890944881888
21
-3.7803009842519684
0
LINE
8
BLACK
6
CONTINUOUS
10
6.7081890944881888
20
-3.7803009842519684
11
6.7082565748031495
21
-3.7804809842519682
0
LINE
8
BLACK
6
CONTINUOUS
10
6.7082565748031495
20
-3.7804809842519682
11
6.7137601968503935
21
-3.8011196062992125
0
LINE
8
BLACK
6
CONTINUOUS
10
6.7137601968503935
20
-3.8011196062992125
11
6.7220511417322832
21
-3.7662977559055117
0
LINE
8
BLACK
6
CONTINUOUS
10
6.7220511417322832
20
-3.7662977559055117
11
6.7223026377952753
21
-3.7655681102362202
0
LINE
8
BLACK
6
CONTINUOUS
10
6.7223026377952753
20
-3.7655681102362202
11
6.7232032283464562
21
-3.7643236614173228
0
LINE
8
BLACK
6
CONTINUOUS
10
6.7232032283464562
20
-3.7643236614173228
11
6.7245114960629921
21
-3.7635185433070864
0
LINE
8
BLACK
6
CONTINUOUS
10
6.7245114960629921
20
-3.7635185433070864
11
6.7260283070866143
21
-3.7632753937007872
0
LINE
8
BLACK
6
CONTINUOUS
10
6.7260283070866143
20
-3.7632753937007872
11
6.7275226771653545
21
-3.7636311811023622
0
LINE
8
BLACK
6
CONTINUOUS
10
6.6404111417322831
20
-3.7633483070866141
11
6.6409348818897636
21
-3.7633483070866141
0
LINE
8
BLACK
6
CONTINUOUS
10
6.6409348818897636
20
-3.7633483070866141
11
6.6411668110236217
21
-3.7634443700787399
0
LINE
8
BLACK
6
CONTINUOUS
10
6.6411668110236217
20
-3.7634443700787399
11
6.641415708661417
21
-3.7634760236220473
0
LINE
8
BLACK
6
CONTINUOUS
10
6.641415708661417
20
-3.7634760236220473
11
6.6418702362204725
21
-3.7637357480314959
0
LINE
8
BLACK
6
CONTINUOUS
10
6.6418702362204725
20
-3.7637357480314959
11
6.6423540944881889
21
-3.7639361811023622
0
LINE
8
BLACK
6
CONTINUOUS
10
6.6423540944881889
20
-3.7639361811023622
11
6.6425315354330703
21
-3.764113622047244
0
LINE
8
BLACK
6
CONTINUOUS
10
6.6425315354330703
20
-3.764113622047244
11
6.6427494488188978
21
-3.7642381496062991
0
LINE
8
BLACK
6
CONTINUOUS
10
6.6427494488188978
20
-3.7642381496062991
11
6.6430699999999998
21
-3.7646520866141731
0
LINE
8
BLACK
6
CONTINUOUS
10
6.6430699999999998
20
-3.7646520866141731
11
6.64344031496063
21
-3.7650224015748033
0
LINE
8
BLACK
6
CONTINUOUS
10
6.64344031496063
20
-3.7650224015748033
11
6.6435363385826767
21
-3.7652542913385827
0
LINE
8
BLACK
6
CONTINUOUS
10
6.6435363385826767
20
-3.7652542913385827
11
6.6436899999999994
21
-3.7654526771653543
0
LINE
8
BLACK
6
CONTINUOUS
10
6.6436899999999994
20
-3.7654526771653543
11
6.6438277165354327
21
-3.7659576771653542
0
LINE
8
BLACK
6
CONTINUOUS
10
6.6438277165354327
20
-3.7659576771653542
11
6.6440281889763781
21
-3.7664416141732282
0
LINE
8
BLACK
6
CONTINUOUS
10
6.6440281889763781
20
-3.7664416141732282
11
6.6440668503937008
21
-3.7668344881889761
0
LINE
8
BLACK
6
CONTINUOUS
10
6.6440668503937008
20
-3.7668344881889761
11
6.644094212598425
21
-3.7669347244094489
0
LINE
8
BLACK
6
CONTINUOUS
10
6.644094212598425
20
-3.7669347244094489
11
6.6440843307086617
21
-3.7670121259842517
0
LINE
8
BLACK
6
CONTINUOUS
10
6.6440843307086617
20
-3.7670121259842517
11
6.644103818897638
21
-3.7672096850393699
0
LINE
8
BLACK
6
CONTINUOUS
10
6.644103818897638
20
-3.7672096850393699
11
6.644103818897638
21
-3.8172096850393702
0
LINE
8
BLACK
6
CONTINUOUS
10
6.644103818897638
20
-3.8172096850393702
11
6.6440281889763781
21
-3.8179777559055119
0
LINE
8
BLACK
6
CONTINUOUS
10
6.6440281889763781
20
-3.8179777559055119
11
6.64344031496063
21
-3.8193969685039368
0
LINE
8
BLACK
6
CONTINUOUS
10
6.64344031496063
20
-3.8193969685039368
11
6.6423540944881889
21
-3.820483188976378
0
LINE
8
BLACK
6
CONTINUOUS
10
6.6423540944881889
20
-3.820483188976378
11
6.6409348818897636
21
-3.8210710629921261
0
LINE
8
BLACK
6
CONTINUOUS
10
6.6409348818897636
20
-3.8210710629921261
11
6.6393987401574801
21
-3.8210710629921261
0
LINE
8
BLACK
6
CONTINUOUS
10
6.6393987401574801
20
-3.8210710629921261
11
6.6379795275590547
21
-3.820483188976378
0
LINE
8
BLACK
6
CONTINUOUS
10
6.6379795275590547
20
-3.820483188976378
11
6.6368933070866136
21
-3.8193969685039368
0
LINE
8
BLACK
6
CONTINUOUS
10
6.6368933070866136
20
-3.8193969685039368
11
6.6363054330708664
21
-3.8179777559055119
0
LINE
8
BLACK
6
CONTINUOUS
10
6.6363054330708664
20
-3.8179777559055119
11
6.6362298031496065
21
-3.8172096850393702
0
LINE
8
BLACK
6
CONTINUOUS
10
6.6362298031496065
20
-3.8172096850393702
11
6.6362298031496065
21
-3.78203468503937
0
LINE
8
BLACK
6
CONTINUOUS
10
6.6362298031496065
20
-3.78203468503937
11
6.6150136220472442
21
-3.819162992125984
0
LINE
8
BLACK
6
CONTINUOUS
10
6.6150136220472442
20
-3.819162992125984
11
6.6148987007874016
21
-3.8193248031496063
0
LINE
8
BLACK
6
CONTINUOUS
10
6.6148987007874016
20
-3.8193248031496063
11
6.614868858267716
21
-3.8193969685039368
0
LINE
8
BLACK
6
CONTINUOUS
10
6.614868858267716
20
-3.8193969685039368
11
6.6147953543307088
21
-3.8194704330708662
0
LINE
8
BLACK
6
CONTINUOUS
10
6.6147953543307088
20
-3.8194704330708662
11
6.614566889763779
21
-3.8197923228346458
0
LINE
8
BLACK
6
CONTINUOUS
10
6.614566889763779
20
-3.8197923228346458
11
6.6141529133858263
21
-3.8201128740157477
0
LINE
8
BLACK
6
CONTINUOUS
10
6.6141529133858263
20
-3.8201128740157477
11
6.6137826377952758
21
-3.820483188976378
0
LINE
8
BLACK
6
CONTINUOUS
10
6.6137826377952758
20
-3.820483188976378
11
6.6135507086614176
21
-3.820579212598425
0
LINE
8
BLACK
6
CONTINUOUS
10
6.6135507086614176
20
-3.820579212598425
11
6.6133523622047239
21
-3.8207328740157478
0
LINE
8
BLACK
6
CONTINUOUS
10
6.6133523622047239
20
-3.8207328740157478
11
6.6128473228346456
21
-3.8208705905511811
0
LINE
8
BLACK
6
CONTINUOUS
10
6.6128473228346456
20
-3.8208705905511811
11
6.6123634251968504
21
-3.8210710629921261
0
LINE
8
BLACK
6
CONTINUOUS
10
6.6123634251968504
20
-3.8210710629921261
11
6.6121124015748034
21
-3.8210710629921261
0
LINE
8
BLACK
6
CONTINUOUS
10
6.6121124015748034
20
-3.8210710629921261
11
6.6118703149606297
21
-3.821137086614173
0
LINE
8
BLACK
6
CONTINUOUS
10
6.6118703149606297
20
-3.821137086614173
11
6.6113509055118111
21
-3.8210710629921261
0
LINE
8
BLACK
6
CONTINUOUS
10
6.6113509055118111
20
-3.8210710629921261
11
6.6108272834645669
21
-3.8210710629921261
0
LINE
8
BLACK
6
CONTINUOUS
10
6.6108272834645669
20
-3.8210710629921261
11
6.6105954330708663
21
-3.8209749999999998
0
LINE
8
BLACK
6
CONTINUOUS
10
6.6105954330708663
20
-3.8209749999999998
11
6.6103464566929135
21
-3.8209433858267716
0
LINE
8
BLACK
6
CONTINUOUS
10
6.6103464566929135
20
-3.8209433858267716
11
6.6098917322834643
21
-3.820683503937008
0
LINE
8
BLACK
6
CONTINUOUS
10
6.6098917322834643
20
-3.820683503937008
11
6.6094080708661416
21
-3.820483188976378
0
LINE
8
BLACK
6
CONTINUOUS
10
6.6094080708661416
20
-3.820483188976378
11
6.6092305905511806
21
-3.8203057086614174
0
LINE
8
BLACK
6
CONTINUOUS
10
6.6092305905511806
20
-3.8203057086614174
11
6.6090127165354327
21
-3.820181220472441
0
LINE
8
BLACK
6
CONTINUOUS
10
6.6090127165354327
20
-3.820181220472441
11
6.6086921259842519
21
-3.8197672440944883
0
LINE
8
BLACK
6
CONTINUOUS
10
6.6086921259842519
20
-3.8197672440944883
11
6.6083218503937005
21
-3.8193969685039368
0
LINE
8
BLACK
6
CONTINUOUS
10
6.6083218503937005
20
-3.8193969685039368
11
6.6082257874015751
21
-3.8191650393700787
0
LINE
8
BLACK
6
CONTINUOUS
10
6.6082257874015751
20
-3.8191650393700787
11
6.6080721653543302
21
-3.8189666929133859
0
LINE
8
BLACK
6
CONTINUOUS
10
6.6080721653543302
20
-3.8189666929133859
11
6.607934409448819
21
-3.8184616535433071
0
LINE
8
BLACK
6
CONTINUOUS
10
6.607934409448819
20
-3.8184616535433071
11
6.6077339763779523
21
-3.8179777559055119
0
LINE
8
BLACK
6
CONTINUOUS
10
6.6077339763779523
20
-3.8179777559055119
11
6.6076952755905509
21
-3.8175848425196848
0
LINE
8
BLACK
6
CONTINUOUS
10
6.6076952755905509
20
-3.8175848425196848
11
6.6076679527559055
21
-3.8174846456692912
0
LINE
8
BLACK
6
CONTINUOUS
10
6.6076679527559055
20
-3.8174846456692912
11
6.6076777952755901
21
-3.8174072047244092
0
LINE
8
BLACK
6
CONTINUOUS
10
6.6076777952755901
20
-3.8174072047244092
11
6.6076583464566925
21
-3.8172096850393702
0
LINE
8
BLACK
6
CONTINUOUS
10
6.6076583464566925
20
-3.8172096850393702
11
6.6076583464566925
21
-3.7672096850393699
0
LINE
8
BLACK
6
CONTINUOUS
10
6.6076583464566925
20
-3.7672096850393699
11
6.6077339763779523
21
-3.7664416141732282
0
LINE
8
BLACK
6
CONTINUOUS
10
6.6077339763779523
20
-3.7664416141732282
11
6.6083218503937005
21
-3.7650224015748033
0
LINE
8
BLACK
6
CONTINUOUS
10
6.6083218503937005
20
-3.7650224015748033
11
6.6094080708661416
21
-3.7639361811023622
0
LINE
8
BLACK
6
CONTINUOUS
10
6.6094080708661416
20
-3.7639361811023622
11
6.6108272834645669
21
-3.7633483070866141
0
LINE
8
BLACK
6
CONTINUOUS
10
6.6108272834645669
20
-3.7633483070866141
11
6.6123634251968504
21
-3.7633483070866141
0
LINE
8
BLACK
6
CONTINUOUS
10
6.6123634251968504
20
-3.7633483070866141
11
6.6137826377952758
21
-3.7639361811023622
0
LINE
8
BLACK
6
CONTINUOUS
10
6.6137826377952758
20
-3.7639361811023622
11
6.614868858267716
21
-3.7650224015748033
0
LINE
8
BLACK
6
CONTINUOUS
10
6.614868858267716
20
-3.7650224015748033
11
6.6154567322834641
21
-3.7664416141732282
0
LINE
8
BLACK
6
CONTINUOUS
10
6.6154567322834641
20
-3.7664416141732282
11
6.615532362204724
21
-3.7672096850393699
0
LINE
8
BLACK
6
CONTINUOUS
10
6.615532362204724
20
-3.7672096850393699
11
6.615532362204724
21
-3.8023846456692914
0
LINE
8
BLACK
6
CONTINUOUS
10
6.615532362204724
20
-3.8023846456692914
11
6.6367485433070863
21
-3.7652563779527557
0
LINE
8
BLACK
6
CONTINUOUS
10
6.6367485433070863
20
-3.7652563779527557
11
6.6368634251968501
21
-3.765094527559055
0
LINE
8
BLACK
6
CONTINUOUS
10
6.6368634251968501
20
-3.765094527559055
11
6.6368933070866136
21
-3.7650224015748033
0
LINE
8
BLACK
6
CONTINUOUS
10
6.6368933070866136
20
-3.7650224015748033
11
6.636966771653543
21
-3.7649488976377952
0
LINE
8
BLACK
6
CONTINUOUS
10
6.636966771653543
20
-3.7649488976377952
11
6.6371952755905514
21
-3.7646270472440944
0
LINE
8
BLACK
6
CONTINUOUS
10
6.6371952755905514
20
-3.7646270472440944
11
6.6376092125984254
21
-3.7643064566929132
0
LINE
8
BLACK
6
CONTINUOUS
10
6.6376092125984254
20
-3.7643064566929132
11
6.6379795275590547
21
-3.7639361811023622
0
LINE
8
BLACK
6
CONTINUOUS
10
6.6379795275590547
20
-3.7639361811023622
11
6.6382114173228342
21
-3.7638401181102363
0
LINE
8
BLACK
6
CONTINUOUS
10
6.6382114173228342
20
-3.7638401181102363
11
6.6384098031496057
21
-3.7636864960629919
0
LINE
8
BLACK
6
CONTINUOUS
10
6.6384098031496057
20
-3.7636864960629919
11
6.6389148425196849
21
-3.7635487401574803
0
LINE
8
BLACK
6
CONTINUOUS
10
6.6389148425196849
20
-3.7635487401574803
11
6.6393987401574801
21
-3.7633483070866141
0
LINE
8
BLACK
6
CONTINUOUS
10
6.6393987401574801
20
-3.7633483070866141
11
6.6396497244094483
21
-3.7633483070866141
0
LINE
8
BLACK
6
CONTINUOUS
10
6.6396497244094483
20
-3.7633483070866141
11
6.639891811023622
21
-3.7632822834645667
0
LINE
8
BLACK
6
CONTINUOUS
10
6.639891811023622
20
-3.7632822834645667
11
6.6404111417322831
21
-3.7633483070866141
0
LINE
8
BLACK
6
CONTINUOUS
10
5.8671165748031493
20
-3.7633925196850391
11
5.8673971653543306
21
-3.7634124803149605
0
LINE
8
BLACK
6
CONTINUOUS
10
5.8673971653543306
20
-3.7634124803149605
11
5.8678385433070863
21
-3.7636331889763777
0
LINE
8
BLACK
6
CONTINUOUS
10
5.8678385433070863
20
-3.7636331889763777
11
5.8683070078740158
21
-3.7637893307086614
0
LINE
8
BLACK
6
CONTINUOUS
10
5.8683070078740158
20
-3.7637893307086614
11
5.8685195669291339
21
-3.7639737007874015
0
LINE
8
BLACK
6
CONTINUOUS
10
5.8685195669291339
20
-3.7639737007874015
11
5.8687711417322834
21
-3.7640994881889762
0
LINE
8
BLACK
6
CONTINUOUS
10
5.8687711417322834
20
-3.7640994881889762
11
5.8690945669291334
21
-3.7644723622047245
0
LINE
8
BLACK
6
CONTINUOUS
10
5.8690945669291334
20
-3.7644723622047245
11
5.8694674803149605
21
-3.7647958267716533
0
LINE
8
BLACK
6
CONTINUOUS
10
5.8694674803149605
20
-3.7647958267716533
11
5.8695932283464565
21
-3.7650473622047245
0
LINE
8
BLACK
6
CONTINUOUS
10
5.8695932283464565
20
-3.7650473622047245
11
5.8697776377952753
21
-3.7652599606299213
0
LINE
8
BLACK
6
CONTINUOUS
10
5.8697776377952753
20
-3.7652599606299213
11
5.8700922440944883
21
-3.76596468503937
0
LINE
8
BLACK
6
CONTINUOUS
10
5.8700922440944883
20
-3.76596468503937
11
5.8867588976377956
21
-3.8159646850393698
0
LINE
8
BLACK
6
CONTINUOUS
10
5.8867588976377956
20
-3.8159646850393698
11
5.8869300393700783
21
-3.8167172440944883
0
LINE
8
BLACK
6
CONTINUOUS
10
5.8869300393700783
20
-3.8167172440944883
11
5.8868211417322831
21
-3.8182495275590549
0
LINE
8
BLACK
6
CONTINUOUS
10
5.8868211417322831
20
-3.8182495275590549
11
5.8861341338582678
21
-3.8196235039370077
0
LINE
8
BLACK
6
CONTINUOUS
10
5.8861341338582678
20
-3.8196235039370077
11
5.8849736614173231
21
-3.82063
0
LINE
8
BLACK
6
CONTINUOUS
10
5.8849736614173231
20
-3.82063
11
5.8835163385826768
21
-3.8211157874015749
0
LINE
8
BLACK
6
CONTINUOUS
10
5.8835163385826768
20
-3.8211157874015749
11
5.8819840551181102
21
-3.8210068503937009
0
LINE
8
BLACK
6
CONTINUOUS
10
5.8819840551181102
20
-3.8210068503937009
11
5.8806100787401574
21
-3.8203198818897639
0
LINE
8
BLACK
6
CONTINUOUS
10
5.8806100787401574
20
-3.8203198818897639
11
5.8796035826771655
21
-3.8191594094488188
0
LINE
8
BLACK
6
CONTINUOUS
10
5.8796035826771655
20
-3.8191594094488188
11
5.8792889763779526
21
-3.8184546456692914
0
LINE
8
BLACK
6
CONTINUOUS
10
5.8792889763779526
20
-3.8184546456692914
11
5.8754244094488186
21
-3.8068609842519683
0
LINE
8
BLACK
6
CONTINUOUS
10
5.8754244094488186
20
-3.8068609842519683
11
5.8572901181102361
21
-3.8068609842519683
0
LINE
8
BLACK
6
CONTINUOUS
10
5.8572901181102361
20
-3.8068609842519683
11
5.8534255511811022
21
-3.8184546850393701
0
LINE
8
BLACK
6
CONTINUOUS
10
5.8534255511811022
20
-3.8184546850393701
11
5.8531109448818892
21
-3.8191594094488188
0
LINE
8
BLACK
6
CONTINUOUS
10
5.8531109448818892
20
-3.8191594094488188
11
5.8521044094488186
21
-3.8203198818897639
0
LINE
8
BLACK
6
CONTINUOUS
10
5.8521044094488186
20
-3.8203198818897639
11
5.8507304724409446
21
-3.8210068897637792
0
LINE
8
BLACK
6
CONTINUOUS
10
5.8507304724409446
20
-3.8210068897637792
11
5.849198188976378
21
-3.8211157874015749
0
LINE
8
BLACK
6
CONTINUOUS
10
5.849198188976378
20
-3.8211157874015749
11
5.8477408661417325
21
-3.8206300393700787
0
LINE
8
BLACK
6
CONTINUOUS
10
5.8477408661417325
20
-3.8206300393700787
11
5.846580393700787
21
-3.8196235039370077
0
LINE
8
BLACK
6
CONTINUOUS
10
5.846580393700787
20
-3.8196235039370077
11
5.8458933858267716
21
-3.8182495669291336
0
LINE
8
BLACK
6
CONTINUOUS
10
5.8458933858267716
20
-3.8182495669291336
11
5.8457844881889764
21
-3.8167172834645666
0
LINE
8
BLACK
6
CONTINUOUS
10
5.8457844881889764
20
-3.8167172834645666
11
5.8459556299212601
21
-3.8159646850393698
0
LINE
8
BLACK
6
CONTINUOUS
10
5.8459556299212601
20
-3.8159646850393698
11
5.8626223228346452
21
-3.76596468503937
0
LINE
8
BLACK
6
CONTINUOUS
10
5.8626223228346452
20
-3.76596468503937
11
5.8629369291338582
21
-3.7652599606299213
0
LINE
8
BLACK
6
CONTINUOUS
10
5.8629369291338582
20
-3.7652599606299213
11
5.8631212992125983
21
-3.7650473622047245
0
LINE
8
BLACK
6
CONTINUOUS
10
5.8631212992125983
20
-3.7650473622047245
11
5.863247086614173
21
-3.7647958267716533
0
LINE
8
BLACK
6
CONTINUOUS
10
5.863247086614173
20
-3.7647958267716533
11
5.8636200000000001
21
-3.7644723622047245
0
LINE
8
BLACK
6
CONTINUOUS
10
5.8636200000000001
20
-3.7644723622047245
11
5.8639434645669288
21
-3.7640994488188975
0
LINE
8
BLACK
6
CONTINUOUS
10
5.8639434645669288
20
-3.7640994488188975
11
5.8641949999999996
21
-3.7639736614173227
0
LINE
8
BLACK
6
CONTINUOUS
10
5.8641949999999996
20
-3.7639736614173227
11
5.8644075590551177
21
-3.7637893307086614
0
LINE
8
BLACK
6
CONTINUOUS
10
5.8644075590551177
20
-3.7637893307086614
11
5.8648759842519684
21
-3.7636331496062989
0
LINE
8
BLACK
6
CONTINUOUS
10
5.8648759842519684
20
-3.7636331496062989
11
5.8653174409448816
21
-3.7634124803149605
0
LINE
8
BLACK
6
CONTINUOUS
10
5.8653174409448816
20
-3.7634124803149605
11
5.8655979527559055
21
-3.7633925196850391
0
LINE
8
BLACK
6
CONTINUOUS
10
5.8655979527559055
20
-3.7633925196850391
11
5.8658648818897641
21
-3.7633035826771652
0
LINE
8
BLACK
6
CONTINUOUS
10
5.8658648818897641
20
-3.7633035826771652
11
5.8663572834645672
21
-3.7633385433070865
0
LINE
8
BLACK
6
CONTINUOUS
10
5.8663572834645672
20
-3.7633385433070865
11
5.8668497244094491
21
-3.7633035826771652
0
LINE
8
BLACK
6
CONTINUOUS
10
5.8668497244094491
20
-3.7633035826771652
11
5.8671165748031493
21
-3.7633925196850391
0
LINE
8
BLACK
6
CONTINUOUS
10
5.8599148031496062
20
-3.7989869685039368
11
5.8727997637795273
21
-3.7989869685039368
0
LINE
8
BLACK
6
CONTINUOUS
10
5.8727997637795273
20
-3.7989869685039368
11
5.8663572440944884
21
-3.7796595275590552
0
LINE
8
BLACK
6
CONTINUOUS
10
5.8663572440944884
20
-3.7796595275590552
11
5.8599148031496062
21
-3.7989869685039368
0
LINE
8
BLACK
6
CONTINUOUS
10
6.4790213385826769
20
-3.7633925196850391
11
6.4793019291338583
21
-3.7634124803149605
0
LINE
8
BLACK
6
CONTINUOUS
10
6.4793019291338583
20
-3.7634124803149605
11
6.4797433070866139
21
-3.7636331889763777
0
LINE
8
BLACK
6
CONTINUOUS
10
6.4797433070866139
20
-3.7636331889763777
11
6.4802117716535435
21
-3.7637893307086614
0
LINE
8
BLACK
6
CONTINUOUS
10
6.4802117716535435
20
-3.7637893307086614
11
6.4804243307086615
21
-3.7639737007874015
0
LINE
8
BLACK
6
CONTINUOUS
10
6.4804243307086615
20
-3.7639737007874015
11
6.4806759055118111
21
-3.7640994881889762
0
LINE
8
BLACK
6
CONTINUOUS
10
6.4806759055118111
20
-3.7640994881889762
11
6.4809993307086611
21
-3.7644723622047245
0
LINE
8
BLACK
6
CONTINUOUS
10
6.4809993307086611
20
-3.7644723622047245
11
6.4813722440944881
21
-3.7647958267716533
0
LINE
8
BLACK
6
CONTINUOUS
10
6.4813722440944881
20
-3.7647958267716533
11
6.4814979921259841
21
-3.7650473622047245
0
LINE
8
BLACK
6
CONTINUOUS
10
6.4814979921259841
20
-3.7650473622047245
11
6.4816824015748029
21
-3.7652599606299213
0
LINE
8
BLACK
6
CONTINUOUS
10
6.4816824015748029
20
-3.7652599606299213
11
6.4819970078740159
21
-3.76596468503937
0
LINE
8
BLACK
6
CONTINUOUS
10
6.4819970078740159
20
-3.76596468503937
11
6.4986636614173223
21
-3.8159646850393698
0
LINE
8
BLACK
6
CONTINUOUS
10
6.4986636614173223
20
-3.8159646850393698
11
6.4988348031496059
21
-3.8167172440944883
0
LINE
8
BLACK
6
CONTINUOUS
10
6.4988348031496059
20
-3.8167172440944883
11
6.4987259055118107
21
-3.8182495275590549
0
LINE
8
BLACK
6
CONTINUOUS
10
6.4987259055118107
20
-3.8182495275590549
11
6.4980388976377954
21
-3.8196235039370077
0
LINE
8
BLACK
6
CONTINUOUS
10
6.4980388976377954
20
-3.8196235039370077
11
6.4968784251968499
21
-3.82063
0
LINE
8
BLACK
6
CONTINUOUS
10
6.4968784251968499
20
-3.82063
11
6.4954211023622044
21
-3.8211157874015749
0
LINE
8
BLACK
6
CONTINUOUS
10
6.4954211023622044
20
-3.8211157874015749
11
6.4938888188976378
21
-3.8210068503937009
0
LINE
8
BLACK
6
CONTINUOUS
10
6.4938888188976378
20
-3.8210068503937009
11
6.492514842519685
21
-3.8203198818897639
0
LINE
8
BLACK
6
CONTINUOUS
10
6.492514842519685
20
-3.8203198818897639
11
6.4915083464566932
21
-3.8191594094488188
0
LINE
8
BLACK
6
CONTINUOUS
10
6.4915083464566932
20
-3.8191594094488188
11
6.4911937401574802
21
-3.8184546456692914
0
LINE
8
BLACK
6
CONTINUOUS
10
6.4911937401574802
20
-3.8184546456692914
11
6.4873291732283462
21
-3.8068609842519683
0
LINE
8
BLACK
6
CONTINUOUS
10
6.4873291732283462
20
-3.8068609842519683
11
6.4691948818897638
21
-3.8068609842519683
0
LINE
8
BLACK
6
CONTINUOUS
10
6.4691948818897638
20
-3.8068609842519683
11
6.4653303149606298
21
-3.8184546850393701
0
LINE
8
BLACK
6
CONTINUOUS
10
6.4653303149606298
20
-3.8184546850393701
11
6.4650157086614168
21
-3.8191594094488188
0
LINE
8
BLACK
6
CONTINUOUS
10
6.4650157086614168
20
-3.8191594094488188
11
6.4640091732283462
21
-3.8203198818897639
0
LINE
8
BLACK
6
CONTINUOUS
10
6.4640091732283462
20
-3.8203198818897639
11
6.4626352362204722
21
-3.8210068897637792
0
LINE
8
BLACK
6
CONTINUOUS
10
6.4626352362204722
20
-3.8210068897637792
11
6.4611029527559056
21
-3.8211157874015749
0
LINE
8
BLACK
6
CONTINUOUS
10
6.4611029527559056
20
-3.8211157874015749
11
6.4596456299212601
21
-3.8206300393700787
0
LINE
8
BLACK
6
CONTINUOUS
10
6.4596456299212601
20
-3.8206300393700787
11
6.4584851574803146
21
-3.8196235039370077
0
LINE
8
BLACK
6
CONTINUOUS
10
6.4584851574803146
20
-3.8196235039370077
11
6.4577981496062993
21
-3.8182495669291336
0
LINE
8
BLACK
6
CONTINUOUS
10
6.4577981496062993
20
-3.8182495669291336
11
6.4576892519685041
21
-3.8167172834645666
0
LINE
8
BLACK
6
CONTINUOUS
10
6.4576892519685041
20
-3.8167172834645666
11
6.4578603937007877
21
-3.8159646850393698
0
LINE
8
BLACK
6
CONTINUOUS
10
6.4578603937007877
20
-3.8159646850393698
11
6.4745270866141729
21
-3.76596468503937
0
LINE
8
BLACK
6
CONTINUOUS
10
6.4745270866141729
20
-3.76596468503937
11
6.4748416929133858
21
-3.7652599606299213
0
LINE
8
BLACK
6
CONTINUOUS
10
6.4748416929133858
20
-3.7652599606299213
11
6.4750260629921259
21
-3.7650473622047245
0
LINE
8
BLACK
6
CONTINUOUS
10
6.4750260629921259
20
-3.7650473622047245
11
6.4751518503937007
21
-3.7647958267716533
0
LINE
8
BLACK
6
CONTINUOUS
10
6.4751518503937007
20
-3.7647958267716533
11
6.4755247637795277
21
-3.7644723622047245
0
LINE
8
BLACK
6
CONTINUOUS
10
6.4755247637795277
20
-3.7644723622047245
11
6.4758482283464565
21
-3.7640994488188975
0
LINE
8
BLACK
6
CONTINUOUS
10
6.4758482283464565
20
-3.7640994488188975
11
6.4760997637795272
21
-3.7639736614173227
0
LINE
8
BLACK
6
CONTINUOUS
10
6.4760997637795272
20
-3.7639736614173227
11
6.4763123228346453
21
-3.7637893307086614
0
LINE
8
BLACK
6
CONTINUOUS
10
6.4763123228346453
20
-3.7637893307086614
11
6.4767807480314961
21
-3.7636331496062989
0
LINE
8
BLACK
6
CONTINUOUS
10
6.4767807480314961
20
-3.7636331496062989
11
6.4772222047244092
21
-3.7634124803149605
0
LINE
8
BLACK
6
CONTINUOUS
10
6.4772222047244092
20
-3.7634124803149605
11
6.4775027165354331
21
-3.7633925196850391
0
LINE
8
BLACK
6
CONTINUOUS
10
6.4775027165354331
20
-3.7633925196850391
11
6.4777696456692908
21
-3.7633035826771652
0
LINE
8
BLACK
6
CONTINUOUS
10
6.4777696456692908
20
-3.7633035826771652
11
6.4782620472440939
21
-3.7633385433070865
0
LINE
8
BLACK
6
CONTINUOUS
10
6.4782620472440939
20
-3.7633385433070865
11
6.4787544881889758
21
-3.7633035826771652
0
LINE
8
BLACK
6
CONTINUOUS
10
6.4787544881889758
20
-3.7633035826771652
11
6.4790213385826769
21
-3.7633925196850391
0
LINE
8
BLACK
6
CONTINUOUS
10
6.4718195669291338
20
-3.7989869685039368
11
6.4847045275590549
21
-3.7989869685039368
0
LINE
8
BLACK
6
CONTINUOUS
10
6.4847045275590549
20
-3.7989869685039368
11
6.4782620078740152
21
-3.7796595275590552
0
LINE
8
BLACK
6
CONTINUOUS
10
6.4782620078740152
20
-3.7796595275590552
11
6.4718195669291338
21
-3.7989869685039368
0
LINE
8
BLACK
6
CONTINUOUS
10
6.1218872834645666
20
-3.7633483070866141
11
6.1233064960629919
21
-3.7639361811023622
0
LINE
8
BLACK
6
CONTINUOUS
10
6.1233064960629919
20
-3.7639361811023622
11
6.124392716535433
21
-3.7650224015748033
0
LINE
8
BLACK
6
CONTINUOUS
10
6.124392716535433
20
-3.7650224015748033
11
6.1249805905511812
21
-3.7664416141732282
0
LINE
8
BLACK
6
CONTINUOUS
10
6.1249805905511812
20
-3.7664416141732282
11
6.125056220472441
21
-3.7672096850393699
0
LINE
8
BLACK
6
CONTINUOUS
10
6.125056220472441
20
-3.7672096850393699
11
6.125056220472441
21
-3.8172096850393702
0
LINE
8
BLACK
6
CONTINUOUS
10
6.125056220472441
20
-3.8172096850393702
11
6.1249805905511812
21
-3.8179777559055119
0
LINE
8
BLACK
6
CONTINUOUS
10
6.1249805905511812
20
-3.8179777559055119
11
6.124392716535433
21
-3.8193969685039368
0
LINE
8
BLACK
6
CONTINUOUS
10
6.124392716535433
20
-3.8193969685039368
11
6.1233064960629919
21
-3.820483188976378
0
LINE
8
BLACK
6
CONTINUOUS
10
6.1233064960629919
20
-3.820483188976378
11
6.1218872834645666
21
-3.8210710629921261
0
LINE
8
BLACK
6
CONTINUOUS
10
6.1218872834645666
20
-3.8210710629921261
11
6.1203511417322831
21
-3.8210710629921261
0
LINE
8
BLACK
6
CONTINUOUS
10
6.1203511417322831
20
-3.8210710629921261
11
6.1189319291338578
21
-3.820483188976378
0
LINE
8
BLACK
6
CONTINUOUS
10
6.1189319291338578
20
-3.820483188976378
11
6.1178457086614175
21
-3.8193969685039368
0
LINE
8
BLACK
6
CONTINUOUS
10
6.1178457086614175
20
-3.8193969685039368
11
6.1172578346456694
21
-3.8179777559055119
0
LINE
8
BLACK
6
CONTINUOUS
10
6.1172578346456694
20
-3.8179777559055119
11
6.1171822047244095
21
-3.8172096850393702
0
LINE
8
BLACK
6
CONTINUOUS
10
6.1171822047244095
20
-3.8172096850393702
11
6.1171822047244095
21
-3.7973371653543304
0
LINE
8
BLACK
6
CONTINUOUS
10
6.1171822047244095
20
-3.7973371653543304
11
6.1020715748031495
21
-3.7973371653543304
0
LINE
8
BLACK
6
CONTINUOUS
10
6.1020715748031495
20
-3.7973371653543304
11
6.1013035039370074
21
-3.797261535433071
0
LINE
8
BLACK
6
CONTINUOUS
10
6.1013035039370074
20
-3.797261535433071
11
6.1011727559055116
21
-3.7972073622047242
0
LINE
8
BLACK
6
CONTINUOUS
10
6.1011727559055116
20
-3.7972073622047242
11
6.1010316929133861
21
-3.7971973622047241
0
LINE
8
BLACK
6
CONTINUOUS
10
6.1010316929133861
20
-3.7971973622047241
11
6.100310866141732
21
-3.796921535433071
0
LINE
8
BLACK
6
CONTINUOUS
10
6.100310866141732
20
-3.796921535433071
11
6.0955490157480314
21
-3.7945405905511809
0
LINE
8
BLACK
6
CONTINUOUS
10
6.0955490157480314
20
-3.7945405905511809
11
6.0952184251968502
21
-3.7943324803149605
0
LINE
8
BLACK
6
CONTINUOUS
10
6.0952184251968502
20
-3.7943324803149605
11
6.0951223622047239
21
-3.7942927165354328
0
LINE
8
BLACK
6
CONTINUOUS
10
6.0951223622047239
20
-3.7942927165354328
11
6.0950142519685038
21
-3.7942039763779527
0
LINE
8
BLACK
6
CONTINUOUS
10
6.0950142519685038
20
-3.7942039763779527
11
6.0948958267716531
21
-3.7941294488188975
0
LINE
8
BLACK
6
CONTINUOUS
10
6.0948958267716531
20
-3.7941294488188975
11
6.0948275984251969
21
-3.7940507874015745
0
LINE
8
BLACK
6
CONTINUOUS
10
6.0948275984251969
20
-3.7940507874015745
11
6.094525787401575
21
-3.7938030708661414
0
LINE
8
BLACK
6
CONTINUOUS
10
6.094525787401575
20
-3.7938030708661414
11
6.0921448031496066
21
-3.7914221259842518
0
LINE
8
BLACK
6
CONTINUOUS
10
6.0921448031496066
20
-3.7914221259842518
11
6.0918969685039368
21
-3.7911201181102361
0
LINE
8
BLACK
6
CONTINUOUS
10
6.0918969685039368
20
-3.7911201181102361
11
6.0918184645669289
21
-3.7910520472440945
0
LINE
8
BLACK
6
CONTINUOUS
10
6.0918184645669289
20
-3.7910520472440945
11
6.0917438976377953
21
-3.7909336220472438
0
LINE
8
BLACK
6
CONTINUOUS
10
6.0917438976377953
20
-3.7909336220472438
11
6.0916551968503931
21
-3.7908255118110237
0
LINE
8
BLACK
6
CONTINUOUS
10
6.0916551968503931
20
-3.7908255118110237
11
6.0916153937007875
21
-3.7907294488188974
0
LINE
8
BLACK
6
CONTINUOUS
10
6.0916153937007875
20
-3.7907294488188974
11
6.0914073228346455
21
-3.7903988976377954
0
LINE
8
BLACK
6
CONTINUOUS
10
6.0914073228346455
20
-3.7903988976377954
11
6.0890263779527558
21
-3.7856370078740156
0
LINE
8
BLACK
6
CONTINUOUS
10
6.0890263779527558
20
-3.7856370078740156
11
6.0887505511811026
21
-3.7849162204724407
0
LINE
8
BLACK
6
CONTINUOUS
10
6.0887505511811026
20
-3.7849162204724407
11
6.0887405118110234
21
-3.784775118110236
0
LINE
8
BLACK
6
CONTINUOUS
10
6.0887405118110234
20
-3.784775118110236
11
6.0886863779527554
21
-3.784644409448819
0
LINE
8
BLACK
6
CONTINUOUS
10
6.0886863779527554
20
-3.784644409448819
11
6.0886107480314955
21
-3.7838763385826772
0
LINE
8
BLACK
6
CONTINUOUS
10
6.0886107480314955
20
-3.7838763385826772
11
6.0886107480314955
21
-3.776733464566929
0
LINE
8
BLACK
6
CONTINUOUS
10
6.0886107480314955
20
-3.776733464566929
11
6.0886863779527554
21
-3.7759653937007873
0
LINE
8
BLACK
6
CONTINUOUS
10
6.0886863779527554
20
-3.7759653937007873
11
6.0887405118110234
21
-3.7758346456692911
0
LINE
8
BLACK
6
CONTINUOUS
10
6.0887405118110234
20
-3.7758346456692911
11
6.0887505511811026
21
-3.7756935826771651
0
LINE
8
BLACK
6
CONTINUOUS
10
6.0887505511811026
20
-3.7756935826771651
11
6.0890263779527558
21
-3.7749727952755903
0
LINE
8
BLACK
6
CONTINUOUS
10
6.0890263779527558
20
-3.7749727952755903
11
6.0914073228346455
21
-3.7702109055118109
0
LINE
8
BLACK
6
CONTINUOUS
10
6.0914073228346455
20
-3.7702109055118109
11
6.0916153543307088
21
-3.7698803543307084
0
LINE
8
BLACK
6
CONTINUOUS
10
6.0916153543307088
20
-3.7698803543307084
11
6.0916551968503931
21
-3.7697842519685039
0
LINE
8
BLACK
6
CONTINUOUS
10
6.0916551968503931
20
-3.7697842519685039
11
6.0917439763779528
21
-3.7696760629921258
0
LINE
8
BLACK
6
CONTINUOUS
10
6.0917439763779528
20
-3.7696760629921258
11
6.0918184645669289
21
-3.7695577559055118
0
LINE
8
BLACK
6
CONTINUOUS
10
6.0918184645669289
20
-3.7695577559055118
11
6.0918969685039368
21
-3.7694896062992127
0
LINE
8
BLACK
6
CONTINUOUS
10
6.0918969685039368
20
-3.7694896062992127
11
6.0921448425196845
21
-3.7691876771653541
0
LINE
8
BLACK
6
CONTINUOUS
10
6.0921448425196845
20
-3.7691876771653541
11
6.0945258267716538
21
-3.7668067322834644
0
LINE
8
BLACK
6
CONTINUOUS
10
6.0945258267716538
20
-3.7668067322834644
11
6.0948275590551182
21
-3.7665590551181101
0
LINE
8
BLACK
6
CONTINUOUS
10
6.0948275590551182
20
-3.7665590551181101
11
6.0948958267716531
21
-3.7664803937007871
0
LINE
8
BLACK
6
CONTINUOUS
10
6.0948958267716531
20
-3.7664803937007871
11
6.09501437007874
21
-3.7664057480314961
0
LINE
8
BLACK
6
CONTINUOUS
10
6.09501437007874
20
-3.7664057480314961
11
6.0951224409448814
21
-3.7663170866141731
0
LINE
8
BLACK
6
CONTINUOUS
10
6.0951224409448814
20
-3.7663170866141731
11
6.0952184251968502
21
-3.766277283464567
0
LINE
8
BLACK
6
CONTINUOUS
10
6.0952184251968502
20
-3.766277283464567
11
6.0955490157480314
21
-3.7660692519685037
0
LINE
8
BLACK
6
CONTINUOUS
10
6.0955490157480314
20
-3.7660692519685037
11
6.100310866141732
21
-3.7636883070866141
0
LINE
8
BLACK
6
CONTINUOUS
10
6.100310866141732
20
-3.7636883070866141
11
6.1010316929133861
21
-3.7634124803149605
0
LINE
8
BLACK
6
CONTINUOUS
10
6.1010316929133861
20
-3.7634124803149605
11
6.1011727559055116
21
-3.7634024409448816
0
LINE
8
BLACK
6
CONTINUOUS
10
6.1011727559055116
20
-3.7634024409448816
11
6.1013035039370074
21
-3.7633483070866141
0
LINE
8
BLACK
6
CONTINUOUS
10
6.1013035039370074
20
-3.7633483070866141
11
6.1020715748031495
21
-3.7632726771653542
0
LINE
8
BLACK
6
CONTINUOUS
10
6.1020715748031495
20
-3.7632726771653542
11
6.1211192125984253
21
-3.7632726771653542
0
LINE
8
BLACK
6
CONTINUOUS
10
6.1211192125984253
20
-3.7632726771653542
11
6.1218872834645666
21
-3.7633483070866141
0
LINE
8
BLACK
6
CONTINUOUS
10
6.0996417322834642
20
-3.7728262992125985
11
6.0981643700787398
21
-3.7743036220472441
0
LINE
8
BLACK
6
CONTINUOUS
10
6.0981643700787398
20
-3.7743036220472441
11
6.0964847637795279
21
-3.7776628740157481
0
LINE
8
BLACK
6
CONTINUOUS
10
6.0964847637795279
20
-3.7776628740157481
11
6.0964847637795279
21
-3.7829468897637795
0
LINE
8
BLACK
6
CONTINUOUS
10
6.0964847637795279
20
-3.7829468897637795
11
6.0981643700787398
21
-3.7863061023622047
0
LINE
8
BLACK
6
CONTINUOUS
10
6.0981643700787398
20
-3.7863061023622047
11
6.0996417716535429
21
-3.7877835433070866
0
LINE
8
BLACK
6
CONTINUOUS
10
6.0996417716535429
20
-3.7877835433070866
11
6.1030009842519686
21
-3.7894631496062989
0
LINE
8
BLACK
6
CONTINUOUS
10
6.1030009842519686
20
-3.7894631496062989
11
6.1171822047244095
21
-3.7894631496062989
0
LINE
8
BLACK
6
CONTINUOUS
10
6.1171822047244095
20
-3.7894631496062989
11
6.1171822047244095
21
-3.7711466929133857
0
LINE
8
BLACK
6
CONTINUOUS
10
6.1171822047244095
20
-3.7711466929133857
11
6.1030009842519686
21
-3.7711466929133857
0
LINE
8
BLACK
6
CONTINUOUS
10
6.1030009842519686
20
-3.7711466929133857
11
6.0996417322834642
21
-3.7728262992125985
0
LINE
8
BLACK
6
CONTINUOUS
10
6.666163622047244
20
-3.7639361811023622
11
6.6672498425196851
21
-3.7650224015748033
0
LINE
8
BLACK
6
CONTINUOUS
10
6.6672498425196851
20
-3.7650224015748033
11
6.6678377165354332
21
-3.7664416141732282
0
LINE
8
BLACK
6
CONTINUOUS
10
6.6678377165354332
20
-3.7664416141732282
11
6.6679133464566931
21
-3.7672096850393699
0
LINE
8
BLACK
6
CONTINUOUS
10
6.6679133464566931
20
-3.7672096850393699
11
6.6679133464566931
21
-3.8172096850393702
0
LINE
8
BLACK
6
CONTINUOUS
10
6.6679133464566931
20
-3.8172096850393702
11
6.6678377165354332
21
-3.8179777559055119
0
LINE
8
BLACK
6
CONTINUOUS
10
6.6678377165354332
20
-3.8179777559055119
11
6.6672498425196851
21
-3.8193969685039368
0
LINE
8
BLACK
6
CONTINUOUS
10
6.6672498425196851
20
-3.8193969685039368
11
6.666163622047244
21
-3.820483188976378
0
LINE
8
BLACK
6
CONTINUOUS
10
6.666163622047244
20
-3.820483188976378
11
6.6647444094488186
21
-3.8210710629921261
0
LINE
8
BLACK
6
CONTINUOUS
10
6.6647444094488186
20
-3.8210710629921261
11
6.6632082677165352
21
-3.8210710629921261
0
LINE
8
BLACK
6
CONTINUOUS
10
6.6632082677165352
20
-3.8210710629921261
11
6.6617890551181098
21
-3.820483188976378
0
LINE
8
BLACK
6
CONTINUOUS
10
6.6617890551181098
20
-3.820483188976378
11
6.6607028346456687
21
-3.8193969685039368
0
LINE
8
BLACK
6
CONTINUOUS
10
6.6607028346456687
20
-3.8193969685039368
11
6.6601149606299215
21
-3.8179777559055119
0
LINE
8
BLACK
6
CONTINUOUS
10
6.6601149606299215
20
-3.8179777559055119
11
6.6600393307086616
21
-3.8172096850393702
0
LINE
8
BLACK
6
CONTINUOUS
10
6.6600393307086616
20
-3.8172096850393702
11
6.6600393307086616
21
-3.7672096850393699
0
LINE
8
BLACK
6
CONTINUOUS
10
6.6600393307086616
20
-3.7672096850393699
11
6.6601149606299215
21
-3.7664416141732282
0
LINE
8
BLACK
6
CONTINUOUS
10
6.6601149606299215
20
-3.7664416141732282
11
6.6607028346456687
21
-3.7650224015748033
0
LINE
8
BLACK
6
CONTINUOUS
10
6.6607028346456687
20
-3.7650224015748033
11
6.6617890551181098
21
-3.7639361811023622
0
LINE
8
BLACK
6
CONTINUOUS
10
6.6617890551181098
20
-3.7639361811023622
11
6.6632082677165352
21
-3.7633483070866141
0
LINE
8
BLACK
6
CONTINUOUS
10
6.6632082677165352
20
-3.7633483070866141
11
6.6647444094488186
21
-3.7633483070866141
0
LINE
8
BLACK
6
CONTINUOUS
10
6.6647444094488186
20
-3.7633483070866141
11
6.666163622047244
21
-3.7639361811023622
0
LINE
8
BLACK
6
CONTINUOUS
10
6.2097012992125986
20
-3.657049094488189
11
6.2111205118110231
21
-3.6576369685039367
0
LINE
8
BLACK
6
CONTINUOUS
10
6.2111205118110231
20
-3.6576369685039367
11
6.2122067322834642
21
-3.6587231889763778
0
LINE
8
BLACK
6
CONTINUOUS
10
6.2122067322834642
20
-3.6587231889763778
11
6.2127946062992123
21
-3.6601424015748032
0
LINE
8
BLACK
6
CONTINUOUS
10
6.2127946062992123
20
-3.6601424015748032
11
6.2127946062992123
21
-3.6616785433070866
0
LINE
8
BLACK
6
CONTINUOUS
10
6.2127946062992123
20
-3.6616785433070866
11
6.2122067322834642
21
-3.6630977559055116
0
LINE
8
BLACK
6
CONTINUOUS
10
6.2122067322834642
20
-3.6630977559055116
11
6.2111205118110231
21
-3.6641839763779527
0
LINE
8
BLACK
6
CONTINUOUS
10
6.2111205118110231
20
-3.6641839763779527
11
6.2097012992125986
21
-3.6647718503937008
0
LINE
8
BLACK
6
CONTINUOUS
10
6.2097012992125986
20
-3.6647718503937008
11
6.2089332283464564
21
-3.6648474803149607
0
LINE
8
BLACK
6
CONTINUOUS
10
6.2089332283464564
20
-3.6648474803149607
11
6.1829562598425198
21
-3.6648474803149607
0
LINE
8
BLACK
6
CONTINUOUS
10
6.1829562598425198
20
-3.6648474803149607
11
6.212209015748031
21
-3.7087266141732282
0
LINE
8
BLACK
6
CONTINUOUS
10
6.212209015748031
20
-3.7087266141732282
11
6.2125721259842521
21
-3.7094076377952754
0
LINE
8
BLACK
6
CONTINUOUS
10
6.2125721259842521
20
-3.7094076377952754
11
6.2126469685039369
21
-3.7097859842519685
0
LINE
8
BLACK
6
CONTINUOUS
10
6.2126469685039369
20
-3.7097859842519685
11
6.2127946062992123
21
-3.710142401574803
0
LINE
8
BLACK
6
CONTINUOUS
10
6.2127946062992123
20
-3.710142401574803
11
6.2127946062992123
21
-3.7105322440944879
0
LINE
8
BLACK
6
CONTINUOUS
10
6.2127946062992123
20
-3.7105322440944879
11
6.2128702362204722
21
-3.7109145669291337
0
LINE
8
BLACK
6
CONTINUOUS
10
6.2128702362204722
20
-3.7109145669291337
11
6.2127946062992123
21
-3.711292716535433
0
LINE
8
BLACK
6
CONTINUOUS
10
6.2127946062992123
20
-3.711292716535433
11
6.2127946062992123
21
-3.7116785433070865
0
LINE
8
BLACK
6
CONTINUOUS
10
6.2127946062992123
20
-3.7116785433070865
11
6.2126453937007868
21
-3.7120387007874016
0
LINE
8
BLACK
6
CONTINUOUS
10
6.2126453937007868
20
-3.7120387007874016
11
6.2125689763779528
21
-3.7124209055118111
0
LINE
8
BLACK
6
CONTINUOUS
10
6.2125689763779528
20
-3.7124209055118111
11
6.2123543307086608
21
-3.7127413779527556
0
LINE
8
BLACK
6
CONTINUOUS
10
6.2123543307086608
20
-3.7127413779527556
11
6.2122067322834642
21
-3.7130977559055118
0
LINE
8
BLACK
6
CONTINUOUS
10
6.2122067322834642
20
-3.7130977559055118
11
6.2119311417322836
21
-3.7133733070866142
0
LINE
8
BLACK
6
CONTINUOUS
10
6.2119311417322836
20
-3.7133733070866142
11
6.2117142125984248
21
-3.7136972834645667
0
LINE
8
BLACK
6
CONTINUOUS
10
6.2117142125984248
20
-3.7136972834645667
11
6.2113931889763778
21
-3.7139112598425195
0
LINE
8
BLACK
6
CONTINUOUS
10
6.2113931889763778
20
-3.7139112598425195
11
6.2111205118110231
21
-3.7141839763779525
0
LINE
8
BLACK
6
CONTINUOUS
10
6.2111205118110231
20
-3.7141839763779525
11
6.2107603937007871
21
-3.7143331102362205
0
LINE
8
BLACK
6
CONTINUOUS
10
6.2107603937007871
20
-3.7143331102362205
11
6.2104360629921258
21
-3.71454937007874
0
LINE
8
BLACK
6
CONTINUOUS
10
6.2104360629921258
20
-3.71454937007874
11
6.210057677165354
21
-3.7146242125984252
0
LINE
8
BLACK
6
CONTINUOUS
10
6.210057677165354
20
-3.7146242125984252
11
6.2097012992125986
21
-3.7147718503937006
0
LINE
8
BLACK
6
CONTINUOUS
10
6.2097012992125986
20
-3.7147718503937006
11
6.2089332283464564
21
-3.7148474803149605
0
LINE
8
BLACK
6
CONTINUOUS
10
6.2089332283464564
20
-3.7148474803149605
11
6.2089290944881892
21
-3.7148474803149605
0
LINE
8
BLACK
6
CONTINUOUS
10
6.2089290944881892
20
-3.7148474803149605
11
6.1755998818897639
21
-3.7148474803149605
0
LINE
8
BLACK
6
CONTINUOUS
10
6.1755998818897639
20
-3.7148474803149605
11
6.1748318110236218
21
-3.7147718503937006
0
LINE
8
BLACK
6
CONTINUOUS
10
6.1748318110236218
20
-3.7147718503937006
11
6.1734125984251964
21
-3.7141839763779525
0
LINE
8
BLACK
6
CONTINUOUS
10
6.1734125984251964
20
-3.7141839763779525
11
6.1723263779527562
21
-3.7130977559055118
0
LINE
8
BLACK
6
CONTINUOUS
10
6.1723263779527562
20
-3.7130977559055118
11
6.1717385039370081
21
-3.7116785433070865
0
LINE
8
BLACK
6
CONTINUOUS
10
6.1717385039370081
20
-3.7116785433070865
11
6.1717385039370081
21
-3.710142401574803
0
LINE
8
BLACK
6
CONTINUOUS
10
6.1717385039370081
20
-3.710142401574803
11
6.1723263779527562
21
-3.7087231889763776
0
LINE
8
BLACK
6
CONTINUOUS
10
6.1723263779527562
20
-3.7087231889763776
11
6.1734125984251964
21
-3.707636968503937
0
LINE
8
BLACK
6
CONTINUOUS
10
6.1734125984251964
20
-3.707636968503937
11
6.1748318110236218
21
-3.7070490944881889
0
LINE
8
BLACK
6
CONTINUOUS
10
6.1748318110236218
20
-3.7070490944881889
11
6.1755998818897639
21
-3.706973464566929
0
LINE
8
BLACK
6
CONTINUOUS
10
6.1755998818897639
20
-3.706973464566929
11
6.2015768503937005
21
-3.706973464566929
0
LINE
8
BLACK
6
CONTINUOUS
10
6.2015768503937005
20
-3.706973464566929
11
6.1723240944881885
21
-3.6630943307086614
0
LINE
8
BLACK
6
CONTINUOUS
10
6.1723240944881885
20
-3.6630943307086614
11
6.1719609842519683
21
-3.6624133070866143
0
LINE
8
BLACK
6
CONTINUOUS
10
6.1719609842519683
20
-3.6624133070866143
11
6.1718861023622047
21
-3.6620349212598424
0
LINE
8
BLACK
6
CONTINUOUS
10
6.1718861023622047
20
-3.6620349212598424
11
6.1717385039370081
21
-3.6616785433070866
0
LINE
8
BLACK
6
CONTINUOUS
10
6.1717385039370081
20
-3.6616785433070866
11
6.1717385039370081
21
-3.6612886220472438
0
LINE
8
BLACK
6
CONTINUOUS
10
6.1717385039370081
20
-3.6612886220472438
11
6.1716628740157482
21
-3.6609063385826772
0
LINE
8
BLACK
6
CONTINUOUS
10
6.1716628740157482
20
-3.6609063385826772
11
6.1717385039370081
21
-3.6605281889763779
0
LINE
8
BLACK
6
CONTINUOUS
10
6.1717385039370081
20
-3.6605281889763779
11
6.1717385039370081
21
-3.6601424015748032
0
LINE
8
BLACK
6
CONTINUOUS
10
6.1717385039370081
20
-3.6601424015748032
11
6.1718876771653539
21
-3.6597822047244093
0
LINE
8
BLACK
6
CONTINUOUS
10
6.1718876771653539
20
-3.6597822047244093
11
6.1719641338582676
21
-3.6594000393700785
0
LINE
8
BLACK
6
CONTINUOUS
10
6.1719641338582676
20
-3.6594000393700785
11
6.1721787401574799
21
-3.6590795275590549
0
LINE
8
BLACK
6
CONTINUOUS
10
6.1721787401574799
20
-3.6590795275590549
11
6.1723263779527562
21
-3.6587231889763778
0
LINE
8
BLACK
6
CONTINUOUS
10
6.1723263779527562
20
-3.6587231889763778
11
6.1726019291338581
21
-3.6584475984251967
0
LINE
8
BLACK
6
CONTINUOUS
10
6.1726019291338581
20
-3.6584475984251967
11
6.1728188976377956
21
-3.6581236614173229
0
LINE
8
BLACK
6
CONTINUOUS
10
6.1728188976377956
20
-3.6581236614173229
11
6.1731398818897638
21
-3.6579096456692914
0
LINE
8
BLACK
6
CONTINUOUS
10
6.1731398818897638
20
-3.6579096456692914
11
6.1734125984251964
21
-3.6576369685039367
0
LINE
8
BLACK
6
CONTINUOUS
10
6.1734125984251964
20
-3.6576369685039367
11
6.1737726771653545
21
-3.6574877952755904
0
LINE
8
BLACK
6
CONTINUOUS
10
6.1737726771653545
20
-3.6574877952755904
11
6.1740970472440946
21
-3.6572715748031497
0
LINE
8
BLACK
6
CONTINUOUS
10
6.1740970472440946
20
-3.6572715748031497
11
6.1744753937007877
21
-3.6571966929133857
0
LINE
8
BLACK
6
CONTINUOUS
10
6.1744753937007877
20
-3.6571966929133857
11
6.1748318110236218
21
-3.657049094488189
0
LINE
8
BLACK
6
CONTINUOUS
10
6.1748318110236218
20
-3.657049094488189
11
6.1755998818897639
21
-3.6569734645669292
0
LINE
8
BLACK
6
CONTINUOUS
10
6.1755998818897639
20
-3.6569734645669292
11
6.2089332283464564
21
-3.6569734645669292
0
LINE
8
BLACK
6
CONTINUOUS
10
6.2089332283464564
20
-3.6569734645669292
11
6.2097012992125986
21
-3.657049094488189
0
LINE
8
BLACK
6
CONTINUOUS
10
6.2402742913385829
20
-3.6570117322834643
11
6.2403779921259845
21
-3.6570043700787402
0
LINE
8
BLACK
6
CONTINUOUS
10
6.2403779921259845
20
-3.6570043700787402
11
6.2405143307086615
21
-3.6570353543307084
0
LINE
8
BLACK
6
CONTINUOUS
10
6.2405143307086615
20
-3.6570353543307084
11
6.2406536614173227
21
-3.657049094488189
0
LINE
8
BLACK
6
CONTINUOUS
10
6.2406536614173227
20
-3.657049094488189
11
6.2407498031496065
21
-3.6570888976377951
0
LINE
8
BLACK
6
CONTINUOUS
10
6.2407498031496065
20
-3.6570888976377951
11
6.2411305905511814
21
-3.6571755118110234
0
LINE
8
BLACK
6
CONTINUOUS
10
6.2411305905511814
20
-3.6571755118110234
11
6.2482734645669291
21
-3.6595564566929135
0
LINE
8
BLACK
6
CONTINUOUS
10
6.2482734645669291
20
-3.6595564566929135
11
6.2489781889763778
21
-3.6598710629921261
0
LINE
8
BLACK
6
CONTINUOUS
10
6.2489781889763778
20
-3.6598710629921261
11
6.2490850787401575
21
-3.6599637795275588
0
LINE
8
BLACK
6
CONTINUOUS
10
6.2490850787401575
20
-3.6599637795275588
11
6.2492157480314958
21
-3.6600179133858268
0
LINE
8
BLACK
6
CONTINUOUS
10
6.2492157480314958
20
-3.6600179133858268
11
6.2498123622047244
21
-3.6605075196850394
0
LINE
8
BLACK
6
CONTINUOUS
10
6.2498123622047244
20
-3.6605075196850394
11
6.2545742519685037
21
-3.6652694094488187
0
LINE
8
BLACK
6
CONTINUOUS
10
6.2545742519685037
20
-3.6652694094488187
11
6.2548219291338585
21
-3.6655712204724407
0
LINE
8
BLACK
6
CONTINUOUS
10
6.2548219291338585
20
-3.6655712204724407
11
6.2549005905511805
21
-3.6656394488188977
0
LINE
8
BLACK
6
CONTINUOUS
10
6.2549005905511805
20
-3.6656394488188977
11
6.2549751968503937
21
-3.6657579921259842
0
LINE
8
BLACK
6
CONTINUOUS
10
6.2549751968503937
20
-3.6657579921259842
11
6.2550638582677163
21
-3.6658660236220473
0
LINE
8
BLACK
6
CONTINUOUS
10
6.2550638582677163
20
-3.6658660236220473
11
6.2551035826771653
21
-3.6659619291338581
0
LINE
8
BLACK
6
CONTINUOUS
10
6.2551035826771653
20
-3.6659619291338581
11
6.2553117322834648
21
-3.6662925984251968
0
LINE
8
BLACK
6
CONTINUOUS
10
6.2553117322834648
20
-3.6662925984251968
11
6.2576927165354332
21
-3.6710545669291337
0
LINE
8
BLACK
6
CONTINUOUS
10
6.2576927165354332
20
-3.6710545669291337
11
6.2577141732283463
21
-3.6711107086614172
0
LINE
8
BLACK
6
CONTINUOUS
10
6.2577141732283463
20
-3.6711107086614172
11
6.2577311417322834
21
-3.6711335826771654
0
LINE
8
BLACK
6
CONTINUOUS
10
6.2577311417322834
20
-3.6711335826771654
11
6.257846220472441
21
-3.6714557086614175
0
LINE
8
BLACK
6
CONTINUOUS
10
6.257846220472441
20
-3.6714557086614175
11
6.2579685433070864
21
-3.6717753543307086
0
LINE
8
BLACK
6
CONTINUOUS
10
6.2579685433070864
20
-3.6717753543307086
11
6.2579705511811019
21
-3.6718037007874016
0
LINE
8
BLACK
6
CONTINUOUS
10
6.2579705511811019
20
-3.6718037007874016
11
6.2579907874015746
21
-3.6718603543307085
0
LINE
8
BLACK
6
CONTINUOUS
10
6.2579907874015746
20
-3.6718603543307085
11
6.2603717322834642
21
-3.6813841338582676
0
LINE
8
BLACK
6
CONTINUOUS
10
6.2603717322834642
20
-3.6813841338582676
11
6.2603914173228343
21
-3.6815172440944881
0
LINE
8
BLACK
6
CONTINUOUS
10
6.2603914173228343
20
-3.6815172440944881
11
6.2604136614173225
21
-3.6815709448818899
0
LINE
8
BLACK
6
CONTINUOUS
10
6.2604136614173225
20
-3.6815709448818899
11
6.2604421259842518
21
-3.6818603149606299
0
LINE
8
BLACK
6
CONTINUOUS
10
6.2604421259842518
20
-3.6818603149606299
11
6.2604846456692913
21
-3.6821476377952753
0
LINE
8
BLACK
6
CONTINUOUS
10
6.2604846456692913
20
-3.6821476377952753
11
6.2604760629921259
21
-3.6822050393700785
0
LINE
8
BLACK
6
CONTINUOUS
10
6.2604760629921259
20
-3.6822050393700785
11
6.2604892913385823
21
-3.6823390157480316
0
LINE
8
BLACK
6
CONTINUOUS
10
6.2604892913385823
20
-3.6823390157480316
11
6.2604892913385823
21
-3.6894818897637793
0
LINE
8
BLACK
6
CONTINUOUS
10
6.2604892913385823
20
-3.6894818897637793
11
6.2604760629921259
21
-3.6896158267716537
0
LINE
8
BLACK
6
CONTINUOUS
10
6.2604760629921259
20
-3.6896158267716537
11
6.2604846456692913
21
-3.6896732677165351
0
LINE
8
BLACK
6
CONTINUOUS
10
6.2604846456692913
20
-3.6896732677165351
11
6.2604421259842518
21
-3.6899605118110235
0
LINE
8
BLACK
6
CONTINUOUS
10
6.2604421259842518
20
-3.6899605118110235
11
6.2604136614173225
21
-3.6902499606299211
0
LINE
8
BLACK
6
CONTINUOUS
10
6.2604136614173225
20
-3.6902499606299211
11
6.2603913779527556
21
-3.6903036614173228
0
LINE
8
BLACK
6
CONTINUOUS
10
6.2603913779527556
20
-3.6903036614173228
11
6.2603717322834642
21
-3.6904367322834646
0
LINE
8
BLACK
6
CONTINUOUS
10
6.2603717322834642
20
-3.6904367322834646
11
6.2579907874015746
21
-3.6999605511811025
0
LINE
8
BLACK
6
CONTINUOUS
10
6.2579907874015746
20
-3.6999605511811025
11
6.2579705511811019
21
-3.7000171259842518
0
LINE
8
BLACK
6
CONTINUOUS
10
6.2579705511811019
20
-3.7000171259842518
11
6.2579685433070864
21
-3.7000455905511811
0
LINE
8
BLACK
6
CONTINUOUS
10
6.2579685433070864
20
-3.7000455905511811
11
6.2578462598425197
21
-3.7003650000000001
0
LINE
8
BLACK
6
CONTINUOUS
10
6.2578462598425197
20
-3.7003650000000001
11
6.2577311417322834
21
-3.7006873622047243
0
LINE
8
BLACK
6
CONTINUOUS
10
6.2577311417322834
20
-3.7006873622047243
11
6.2577141338582676
21
-3.7007102755905512
0
LINE
8
BLACK
6
CONTINUOUS
10
6.2577141338582676
20
-3.7007102755905512
11
6.2576926771653545
21
-3.7007664173228347
0
LINE
8
BLACK
6
CONTINUOUS
10
6.2576926771653545
20
-3.7007664173228347
11
6.2553116929133861
21
-3.7055283070866141
0
LINE
8
BLACK
6
CONTINUOUS
10
6.2553116929133861
20
-3.7055283070866141
11
6.2551037401574803
21
-3.705858622047244
0
LINE
8
BLACK
6
CONTINUOUS
10
6.2551037401574803
20
-3.705858622047244
11
6.255063897637795
21
-3.7059548818897636
0
LINE
8
BLACK
6
CONTINUOUS
10
6.255063897637795
20
-3.7059548818897636
11
6.2549749606299212
21
-3.706063188976378
0
LINE
8
BLACK
6
CONTINUOUS
10
6.2549749606299212
20
-3.706063188976378
11
6.2549005511811027
21
-3.7061814566929132
0
LINE
8
BLACK
6
CONTINUOUS
10
6.2549005511811027
20
-3.7061814566929132
11
6.2548220472440947
21
-3.7062494881889765
0
LINE
8
BLACK
6
CONTINUOUS
10
6.2548220472440947
20
-3.7062494881889765
11
6.2545742519685037
21
-3.7065514566929134
0
LINE
8
BLACK
6
CONTINUOUS
10
6.2545742519685037
20
-3.7065514566929134
11
6.2498123622047244
21
-3.7113133858267715
0
LINE
8
BLACK
6
CONTINUOUS
10
6.2498123622047244
20
-3.7113133858267715
11
6.2492157874015746
21
-3.7118030314960628
0
LINE
8
BLACK
6
CONTINUOUS
10
6.2492157874015746
20
-3.7118030314960628
11
6.2490850787401575
21
-3.7118571259842521
0
LINE
8
BLACK
6
CONTINUOUS
10
6.2490850787401575
20
-3.7118571259842521
11
6.2489781889763778
21
-3.7119498818897636
0
LINE
8
BLACK
6
CONTINUOUS
10
6.2489781889763778
20
-3.7119498818897636
11
6.2482734645669291
21
-3.7122644881889761
0
LINE
8
BLACK
6
CONTINUOUS
10
6.2482734645669291
20
-3.7122644881889761
11
6.2411305905511814
21
-3.7146454330708663
0
LINE
8
BLACK
6
CONTINUOUS
10
6.2411305905511814
20
-3.7146454330708663
11
6.2407498031496065
21
-3.7147320078740158
0
LINE
8
BLACK
6
CONTINUOUS
10
6.2407498031496065
20
-3.7147320078740158
11
6.2406536614173227
21
-3.7147718503937006
0
LINE
8
BLACK
6
CONTINUOUS
10
6.2406536614173227
20
-3.7147718503937006
11
6.2405143307086615
21
-3.7147855511811021
0
LINE
8
BLACK
6
CONTINUOUS
10
6.2405143307086615
20
-3.7147855511811021
11
6.2403779921259845
21
-3.7148165748031494
0
LINE
8
BLACK
6
CONTINUOUS
10
6.2403779921259845
20
-3.7148165748031494
11
6.2402742913385829
21
-3.7148091732283466
0
LINE
8
BLACK
6
CONTINUOUS
10
6.2402742913385829
20
-3.7148091732283466
11
6.2398855905511805
21
-3.7148474803149605
0
LINE
8
BLACK
6
CONTINUOUS
10
6.2398855905511805
20
-3.7148474803149605
11
6.2351237007874012
21
-3.7148474803149605
0
LINE
8
BLACK
6
CONTINUOUS
10
6.2351237007874012
20
-3.7148474803149605
11
6.2347349606299209
21
-3.7148091732283466
0
LINE
8
BLACK
6
CONTINUOUS
10
6.2347349606299209
20
-3.7148091732283466
11
6.2346312992125981
21
-3.7148165748031494
0
LINE
8
BLACK
6
CONTINUOUS
10
6.2346312992125981
20
-3.7148165748031494
11
6.2344949606299211
21
-3.7147855511811021
0
LINE
8
BLACK
6
CONTINUOUS
10
6.2344949606299211
20
-3.7147855511811021
11
6.2343556299212599
21
-3.7147718503937006
0
LINE
8
BLACK
6
CONTINUOUS
10
6.2343556299212599
20
-3.7147718503937006
11
6.2342594488188974
21
-3.7147320078740158
0
LINE
8
BLACK
6
CONTINUOUS
10
6.2342594488188974
20
-3.7147320078740158
11
6.23387874015748
21
-3.7146454330708663
0
LINE
8
BLACK
6
CONTINUOUS
10
6.23387874015748
20
-3.7146454330708663
11
6.2267358267716535
21
-3.7122644881889761
0
LINE
8
BLACK
6
CONTINUOUS
10
6.2267358267716535
20
-3.7122644881889761
11
6.2260311023622048
21
-3.7119498818897636
0
LINE
8
BLACK
6
CONTINUOUS
10
6.2260311023622048
20
-3.7119498818897636
11
6.2259241732283463
21
-3.7118571653543304
0
LINE
8
BLACK
6
CONTINUOUS
10
6.2259241732283463
20
-3.7118571653543304
11
6.225793503937008
21
-3.7118030314960628
0
LINE
8
BLACK
6
CONTINUOUS
10
6.225793503937008
20
-3.7118030314960628
11
6.2251969291338582
21
-3.7113133858267715
0
LINE
8
BLACK
6
CONTINUOUS
10
6.2251969291338582
20
-3.7113133858267715
11
6.2228159842519686
21
-3.7089324015748031
0
LINE
8
BLACK
6
CONTINUOUS
10
6.2228159842519686
20
-3.7089324015748031
11
6.2223263385826773
21
-3.7083358267716533
0
LINE
8
BLACK
6
CONTINUOUS
10
6.2223263385826773
20
-3.7083358267716533
11
6.2217385039370079
21
-3.7069165748031496
0
LINE
8
BLACK
6
CONTINUOUS
10
6.2217385039370079
20
-3.7069165748031496
11
6.2217385433070866
21
-3.7053804330708662
0
LINE
8
BLACK
6
CONTINUOUS
10
6.2217385433070866
20
-3.7053804330708662
11
6.222326377952756
21
-3.7039612204724408
0
LINE
8
BLACK
6
CONTINUOUS
10
6.222326377952756
20
-3.7039612204724408
11
6.2234125984251971
21
-3.7028749999999997
0
LINE
8
BLACK
6
CONTINUOUS
10
6.2234125984251971
20
-3.7028749999999997
11
6.2248318503937003
21
-3.7022871653543308
0
LINE
8
BLACK
6
CONTINUOUS
10
6.2248318503937003
20
-3.7022871653543308
11
6.2263679921259838
21
-3.7022872047244095
0
LINE
8
BLACK
6
CONTINUOUS
10
6.2263679921259838
20
-3.7022872047244095
11
6.2277872047244092
21
-3.7028750393700784
0
LINE
8
BLACK
6
CONTINUOUS
10
6.2277872047244092
20
-3.7028750393700784
11
6.2283837795275589
21
-3.7033646850393698
0
LINE
8
BLACK
6
CONTINUOUS
10
6.2283837795275589
20
-3.7033646850393698
11
6.2301075196850393
21
-3.7050884645669289
0
LINE
8
BLACK
6
CONTINUOUS
10
6.2301075196850393
20
-3.7050884645669289
11
6.235762559055118
21
-3.706973464566929
0
LINE
8
BLACK
6
CONTINUOUS
10
6.235762559055118
20
-3.706973464566929
11
6.2392467322834646
21
-3.706973464566929
0
LINE
8
BLACK
6
CONTINUOUS
10
6.2392467322834646
20
-3.706973464566929
11
6.2449017322834646
21
-3.7050884645669289
0
LINE
8
BLACK
6
CONTINUOUS
10
6.2449017322834646
20
-3.7050884645669289
11
6.2485547637795271
21
-3.7014353937007871
0
LINE
8
BLACK
6
CONTINUOUS
10
6.2485547637795271
20
-3.7014353937007871
11
6.250456692913386
21
-3.6976315354330707
0
LINE
8
BLACK
6
CONTINUOUS
10
6.250456692913386
20
-3.6976315354330707
11
6.2526152755905509
21
-3.6889972440944883
0
LINE
8
BLACK
6
CONTINUOUS
10
6.2526152755905509
20
-3.6889972440944883
11
6.2526152755905509
21
-3.6828236614173226
0
LINE
8
BLACK
6
CONTINUOUS
10
6.2526152755905509
20
-3.6828236614173226
11
6.250456692913386
21
-3.6741893307086615
0
LINE
8
BLACK
6
CONTINUOUS
10
6.250456692913386
20
-3.6741893307086615
11
6.2485546850393696
21
-3.6703854330708658
0
LINE
8
BLACK
6
CONTINUOUS
10
6.2485546850393696
20
-3.6703854330708658
11
6.2449016929133858
21
-3.6667324409448816
0
LINE
8
BLACK
6
CONTINUOUS
10
6.2449016929133858
20
-3.6667324409448816
11
6.2392467322834646
21
-3.6648474803149607
0
LINE
8
BLACK
6
CONTINUOUS
10
6.2392467322834646
20
-3.6648474803149607
11
6.235762559055118
21
-3.6648474803149607
0
LINE
8
BLACK
6
CONTINUOUS
10
6.235762559055118
20
-3.6648474803149607
11
6.230107559055118
21
-3.6667324409448816
0
LINE
8
BLACK
6
CONTINUOUS
10
6.230107559055118
20
-3.6667324409448816
11
6.2283837795275589
21
-3.6684562598425194
0
LINE
8
BLACK
6
CONTINUOUS
10
6.2283837795275589
20
-3.6684562598425194
11
6.2277871653543304
21
-3.668945866141732
0
LINE
8
BLACK
6
CONTINUOUS
10
6.2277871653543304
20
-3.668945866141732
11
6.226367952755905
21
-3.6695337401574801
0
LINE
8
BLACK
6
CONTINUOUS
10
6.226367952755905
20
-3.6695337401574801
11
6.2248318110236216
21
-3.6695337401574801
0
LINE
8
BLACK
6
CONTINUOUS
10
6.2248318110236216
20
-3.6695337401574801
11
6.2234125984251971
21
-3.668945866141732
0
LINE
8
BLACK
6
CONTINUOUS
10
6.2234125984251971
20
-3.668945866141732
11
6.222326377952756
21
-3.6678596456692913
0
LINE
8
BLACK
6
CONTINUOUS
10
6.222326377952756
20
-3.6678596456692913
11
6.2217385039370079
21
-3.666440433070866
0
LINE
8
BLACK
6
CONTINUOUS
10
6.2217385039370079
20
-3.666440433070866
11
6.2217385039370079
21
-3.6649042913385825
0
LINE
8
BLACK
6
CONTINUOUS
10
6.2217385039370079
20
-3.6649042913385825
11
6.222326377952756
21
-3.6634850787401576
0
LINE
8
BLACK
6
CONTINUOUS
10
6.222326377952756
20
-3.6634850787401576
11
6.2228159842519686
21
-3.6628884645669291
0
LINE
8
BLACK
6
CONTINUOUS
10
6.2228159842519686
20
-3.6628884645669291
11
6.2251969291338582
21
-3.6605075196850394
0
LINE
8
BLACK
6
CONTINUOUS
10
6.2251969291338582
20
-3.6605075196850394
11
6.2257935433070868
21
-3.6600179133858268
0
LINE
8
BLACK
6
CONTINUOUS
10
6.2257935433070868
20
-3.6600179133858268
11
6.2259241732283463
21
-3.6599637795275588
0
LINE
8
BLACK
6
CONTINUOUS
10
6.2259241732283463
20
-3.6599637795275588
11
6.2260311023622048
21
-3.6598710629921261
0
LINE
8
BLACK
6
CONTINUOUS
10
6.2260311023622048
20
-3.6598710629921261
11
6.2267358267716535
21
-3.6595564566929135
0
LINE
8
BLACK
6
CONTINUOUS
10
6.2267358267716535
20
-3.6595564566929135
11
6.23387874015748
21
-3.6571755118110234
0
LINE
8
BLACK
6
CONTINUOUS
10
6.23387874015748
20
-3.6571755118110234
11
6.2342594488188974
21
-3.6570888976377951
0
LINE
8
BLACK
6
CONTINUOUS
10
6.2342594488188974
20
-3.6570888976377951
11
6.2343556299212599
21
-3.657049094488189
0
LINE
8
BLACK
6
CONTINUOUS
10
6.2343556299212599
20
-3.657049094488189
11
6.2344949606299211
21
-3.6570353543307084
0
LINE
8
BLACK
6
CONTINUOUS
10
6.2344949606299211
20
-3.6570353543307084
11
6.2346312992125981
21
-3.6570043700787402
0
LINE
8
BLACK
6
CONTINUOUS
10
6.2346312992125981
20
-3.6570043700787402
11
6.2347349606299209
21
-3.6570117322834643
0
LINE
8
BLACK
6
CONTINUOUS
10
6.2347349606299209
20
-3.6570117322834643
11
6.2351237007874012
21
-3.6569734645669292
0
LINE
8
BLACK
6
CONTINUOUS
10
6.2351237007874012
20
-3.6569734645669292
11
6.2398855905511805
21
-3.6569734645669292
0
LINE
8
BLACK
6
CONTINUOUS
10
6.2398855905511805
20
-3.6569734645669292
11
6.2402742913385829
21
-3.6570117322834643
0
LINE
8
BLACK
6
CONTINUOUS
10
6.328748937007874
20
-3.657049094488189
11
6.3301681496062994
21
-3.6576369685039367
0
LINE
8
BLACK
6
CONTINUOUS
10
6.3301681496062994
20
-3.6576369685039367
11
6.3312543700787396
21
-3.6587231889763778
0
LINE
8
BLACK
6
CONTINUOUS
10
6.3312543700787396
20
-3.6587231889763778
11
6.3318422440944877
21
-3.6601424015748032
0
LINE
8
BLACK
6
CONTINUOUS
10
6.3318422440944877
20
-3.6601424015748032
11
6.3319178740157476
21
-3.6609104724409449
0
LINE
8
BLACK
6
CONTINUOUS
10
6.3319178740157476
20
-3.6609104724409449
11
6.3319178740157476
21
-3.7109104724409447
0
LINE
8
BLACK
6
CONTINUOUS
10
6.3319178740157476
20
-3.7109104724409447
11
6.3318422440944877
21
-3.7116785039370077
0
LINE
8
BLACK
6
CONTINUOUS
10
6.3318422440944877
20
-3.7116785039370077
11
6.3318422440944877
21
-3.7116785433070865
0
LINE
8
BLACK
6
CONTINUOUS
10
6.3318422440944877
20
-3.7116785433070865
11
6.3312543700787396
21
-3.7130977559055118
0
LINE
8
BLACK
6
CONTINUOUS
10
6.3312543700787396
20
-3.7130977559055118
11
6.3301681496062994
21
-3.7141839763779525
0
LINE
8
BLACK
6
CONTINUOUS
10
6.3301681496062994
20
-3.7141839763779525
11
6.328748937007874
21
-3.7147718503937006
0
LINE
8
BLACK
6
CONTINUOUS
10
6.328748937007874
20
-3.7147718503937006
11
6.3279808661417318
21
-3.7148474803149605
0
LINE
8
BLACK
6
CONTINUOUS
10
6.3279808661417318
20
-3.7148474803149605
11
6.308933228346457
21
-3.7148474803149605
0
LINE
8
BLACK
6
CONTINUOUS
10
6.308933228346457
20
-3.7148474803149605
11
6.3081651574803148
21
-3.7147718503937006
0
LINE
8
BLACK
6
CONTINUOUS
10
6.3081651574803148
20
-3.7147718503937006
11
6.308034409448819
21
-3.7147176771653543
0
LINE
8
BLACK
6
CONTINUOUS
10
6.308034409448819
20
-3.7147176771653543
11
6.3078933464566926
21
-3.7147076771653542
0
LINE
8
BLACK
6
CONTINUOUS
10
6.3078933464566926
20
-3.7147076771653542
11
6.3071725196850394
21
-3.7144318503937006
0
LINE
8
BLACK
6
CONTINUOUS
10
6.3071725196850394
20
-3.7144318503937006
11
6.3024106692913389
21
-3.7120509055118109
0
LINE
8
BLACK
6
CONTINUOUS
10
6.3024106692913389
20
-3.7120509055118109
11
6.3020800787401576
21
-3.7118427952755906
0
LINE
8
BLACK
6
CONTINUOUS
10
6.3020800787401576
20
-3.7118427952755906
11
6.3019840157480314
21
-3.7118030314960628
0
LINE
8
BLACK
6
CONTINUOUS
10
6.3019840157480314
20
-3.7118030314960628
11
6.3018759055118112
21
-3.7117142913385828
0
LINE
8
BLACK
6
CONTINUOUS
10
6.3018759055118112
20
-3.7117142913385828
11
6.3017574803149605
21
-3.7116397637795275
0
LINE
8
BLACK
6
CONTINUOUS
10
6.3017574803149605
20
-3.7116397637795275
11
6.3016892519685035
21
-3.7115611023622046
0
LINE
8
BLACK
6
CONTINUOUS
10
6.3016892519685035
20
-3.7115611023622046
11
6.3013874409448816
21
-3.7113133858267715
0
LINE
8
BLACK
6
CONTINUOUS
10
6.3013874409448816
20
-3.7113133858267715
11
6.2990064566929131
21
-3.7089324409448818
0
LINE
8
BLACK
6
CONTINUOUS
10
6.2990064566929131
20
-3.7089324409448818
11
6.2987586220472442
21
-3.7086304330708662
0
LINE
8
BLACK
6
CONTINUOUS
10
6.2987586220472442
20
-3.7086304330708662
11
6.2986801181102363
21
-3.7085623622047241
0
LINE
8
BLACK
6
CONTINUOUS
10
6.2986801181102363
20
-3.7085623622047241
11
6.2986055511811019
21
-3.7084439370078739
0
LINE
8
BLACK
6
CONTINUOUS
10
6.2986055511811019
20
-3.7084439370078739
11
6.2985168503937006
21
-3.7083358267716533
0
LINE
8
BLACK
6
CONTINUOUS
10
6.2985168503937006
20
-3.7083358267716533
11
6.2984770472440941
21
-3.7082397637795275
0
LINE
8
BLACK
6
CONTINUOUS
10
6.2984770472440941
20
-3.7082397637795275
11
6.2982689763779529
21
-3.707909212598425
0
LINE
8
BLACK
6
CONTINUOUS
10
6.2982689763779529
20
-3.707909212598425
11
6.2958880314960632
21
-3.7031473228346456
0
LINE
8
BLACK
6
CONTINUOUS
10
6.2958880314960632
20
-3.7031473228346456
11
6.2956122047244092
21
-3.7024265354330708
0
LINE
8
BLACK
6
CONTINUOUS
10
6.2956122047244092
20
-3.7024265354330708
11
6.2956021653543308
21
-3.7022854330708661
0
LINE
8
BLACK
6
CONTINUOUS
10
6.2956021653543308
20
-3.7022854330708661
11
6.2955480314960628
21
-3.7021547244094486
0
LINE
8
BLACK
6
CONTINUOUS
10
6.2955480314960628
20
-3.7021547244094486
11
6.2954724015748029
21
-3.7013866535433069
0
LINE
8
BLACK
6
CONTINUOUS
10
6.2954724015748029
20
-3.7013866535433069
11
6.2954724015748029
21
-3.6942437795275591
0
LINE
8
BLACK
6
CONTINUOUS
10
6.2954724015748029
20
-3.6942437795275591
11
6.2955480314960628
21
-3.6934757086614174
0
LINE
8
BLACK
6
CONTINUOUS
10
6.2955480314960628
20
-3.6934757086614174
11
6.2956021653543308
21
-3.6933449606299211
0
LINE
8
BLACK
6
CONTINUOUS
10
6.2956021653543308
20
-3.6933449606299211
11
6.2956122047244092
21
-3.6932038976377952
0
LINE
8
BLACK
6
CONTINUOUS
10
6.2956122047244092
20
-3.6932038976377952
11
6.2958880314960632
21
-3.6924831102362203
0
LINE
8
BLACK
6
CONTINUOUS
10
6.2958880314960632
20
-3.6924831102362203
11
6.2982689763779529
21
-3.687721220472441
0
LINE
8
BLACK
6
CONTINUOUS
10
6.2982689763779529
20
-3.687721220472441
11
6.2984770078740153
21
-3.6873906692913385
0
LINE
8
BLACK
6
CONTINUOUS
10
6.2984770078740153
20
-3.6873906692913385
11
6.2985168503937006
21
-3.6872945669291339
0
LINE
8
BLACK
6
CONTINUOUS
10
6.2985168503937006
20
-3.6872945669291339
11
6.2986056299212594
21
-3.6871863779527558
0
LINE
8
BLACK
6
CONTINUOUS
10
6.2986056299212594
20
-3.6871863779527558
11
6.2986801181102363
21
-3.6870680708661419
0
LINE
8
BLACK
6
CONTINUOUS
10
6.2986801181102363
20
-3.6870680708661419
11
6.2987586220472442
21
-3.6869999212598423
0
LINE
8
BLACK
6
CONTINUOUS
10
6.2987586220472442
20
-3.6869999212598423
11
6.2990064960629919
21
-3.6866979921259841
0
LINE
8
BLACK
6
CONTINUOUS
10
6.2990064960629919
20
-3.6866979921259841
11
6.3013874803149603
21
-3.6843170472440945
0
LINE
8
BLACK
6
CONTINUOUS
10
6.3013874803149603
20
-3.6843170472440945
11
6.3019840944881889
21
-3.6838274015748032
0
LINE
8
BLACK
6
CONTINUOUS
10
6.3019840944881889
20
-3.6838274015748032
11
6.3021147244094484
21
-3.6837732677165356
0
LINE
8
BLACK
6
CONTINUOUS
10
6.3021147244094484
20
-3.6837732677165356
11
6.3022216141732281
21
-3.6836805905511811
0
LINE
8
BLACK
6
CONTINUOUS
10
6.3022216141732281
20
-3.6836805905511811
11
6.3022938188976374
21
-3.6836483464566929
0
LINE
8
BLACK
6
CONTINUOUS
10
6.3022938188976374
20
-3.6836483464566929
11
6.3013874409448816
21
-3.6827419685039371
0
LINE
8
BLACK
6
CONTINUOUS
10
6.3013874409448816
20
-3.6827419685039371
11
6.3011396062992127
21
-3.6824399999999997
0
LINE
8
BLACK
6
CONTINUOUS
10
6.3011396062992127
20
-3.6824399999999997
11
6.3010611417322835
21
-3.6823719291338581
0
LINE
8
BLACK
6
CONTINUOUS
10
6.3010611417322835
20
-3.6823719291338581
11
6.3009866141732278
21
-3.6822535433070867
0
LINE
8
BLACK
6
CONTINUOUS
10
6.3009866141732278
20
-3.6822535433070867
11
6.300897834645669
21
-3.6821453543307086
0
LINE
8
BLACK
6
CONTINUOUS
10
6.300897834645669
20
-3.6821453543307086
11
6.3008579921259837
21
-3.682049251968504
0
LINE
8
BLACK
6
CONTINUOUS
10
6.3008579921259837
20
-3.682049251968504
11
6.3006500000000001
21
-3.681718779527559
0
LINE
8
BLACK
6
CONTINUOUS
10
6.3006500000000001
20
-3.681718779527559
11
6.2982690157480317
21
-3.6769568897637797
0
LINE
8
BLACK
6
CONTINUOUS
10
6.2982690157480317
20
-3.6769568897637797
11
6.2979931496062989
21
-3.6762361023622048
0
LINE
8
BLACK
6
CONTINUOUS
10
6.2979931496062989
20
-3.6762361023622048
11
6.2979831102362205
21
-3.6760949212598426
0
LINE
8
BLACK
6
CONTINUOUS
10
6.2979831102362205
20
-3.6760949212598426
11
6.2979289763779525
21
-3.6759642519685038
0
LINE
8
BLACK
6
CONTINUOUS
10
6.2979289763779525
20
-3.6759642519685038
11
6.2978533464566926
21
-3.6751961811023621
0
LINE
8
BLACK
6
CONTINUOUS
10
6.2978533464566926
20
-3.6751961811023621
11
6.2978533464566926
21
-3.670434251968504
0
LINE
8
BLACK
6
CONTINUOUS
10
6.2978533464566926
20
-3.670434251968504
11
6.2979289763779525
21
-3.6696661811023623
0
LINE
8
BLACK
6
CONTINUOUS
10
6.2979289763779525
20
-3.6696661811023623
11
6.2979831102362205
21
-3.6695354724409448
0
LINE
8
BLACK
6
CONTINUOUS
10
6.2979831102362205
20
-3.6695354724409448
11
6.2979931496062989
21
-3.6693943307086614
0
LINE
8
BLACK
6
CONTINUOUS
10
6.2979931496062989
20
-3.6693943307086614
11
6.2982690157480317
21
-3.6686735433070865
0
LINE
8
BLACK
6
CONTINUOUS
10
6.2982690157480317
20
-3.6686735433070865
11
6.3006500000000001
21
-3.6639116535433072
0
LINE
8
BLACK
6
CONTINUOUS
10
6.3006500000000001
20
-3.6639116535433072
11
6.3008579921259837
21
-3.6635811417322834
0
LINE
8
BLACK
6
CONTINUOUS
10
6.3008579921259837
20
-3.6635811417322834
11
6.300897834645669
21
-3.6634850787401576
0
LINE
8
BLACK
6
CONTINUOUS
10
6.300897834645669
20
-3.6634850787401576
11
6.3009866141732278
21
-3.6633768503937008
0
LINE
8
BLACK
6
CONTINUOUS
10
6.3009866141732278
20
-3.6633768503937008
11
6.3010611417322835
21
-3.6632585039370076
0
LINE
8
BLACK
6
CONTINUOUS
10
6.3010611417322835
20
-3.6632585039370076
11
6.3011396062992127
21
-3.6631903937007873
0
LINE
8
BLACK
6
CONTINUOUS
10
6.3011396062992127
20
-3.6631903937007873
11
6.3013874409448816
21
-3.6628884645669291
0
LINE
8
BLACK
6
CONTINUOUS
10
6.3013874409448816
20
-3.6628884645669291
11
6.3037683858267712
21
-3.6605075196850394
0
LINE
8
BLACK
6
CONTINUOUS
10
6.3037683858267712
20
-3.6605075196850394
11
6.3040701968503932
21
-3.6602598031496063
0
LINE
8
BLACK
6
CONTINUOUS
10
6.3040701968503932
20
-3.6602598031496063
11
6.3041384251968502
21
-3.6601811811023621
0
LINE
8
BLACK
6
CONTINUOUS
10
6.3041384251968502
20
-3.6601811811023621
11
6.3042569685039371
21
-3.6601065354330706
0
LINE
8
BLACK
6
CONTINUOUS
10
6.3042569685039371
20
-3.6601065354330706
11
6.3043649999999998
21
-3.6600179133858268
0
LINE
8
BLACK
6
CONTINUOUS
10
6.3043649999999998
20
-3.6600179133858268
11
6.3044609448818898
21
-3.6599781496062991
0
LINE
8
BLACK
6
CONTINUOUS
10
6.3044609448818898
20
-3.6599781496062991
11
6.3047916141732285
21
-3.6597700393700787
0
LINE
8
BLACK
6
CONTINUOUS
10
6.3047916141732285
20
-3.6597700393700787
11
6.3095534645669291
21
-3.6573890944881891
0
LINE
8
BLACK
6
CONTINUOUS
10
6.3095534645669291
20
-3.6573890944881891
11
6.3102742913385823
21
-3.6571132677165354
0
LINE
8
BLACK
6
CONTINUOUS
10
6.3102742913385823
20
-3.6571132677165354
11
6.3104153543307087
21
-3.6571032283464566
0
LINE
8
BLACK
6
CONTINUOUS
10
6.3104153543307087
20
-3.6571032283464566
11
6.3105461023622045
21
-3.657049094488189
0
LINE
8
BLACK
6
CONTINUOUS
10
6.3105461023622045
20
-3.657049094488189
11
6.3113141732283466
21
-3.6569734645669292
0
LINE
8
BLACK
6
CONTINUOUS
10
6.3113141732283466
20
-3.6569734645669292
11
6.3279808661417318
21
-3.6569734645669292
0
LINE
8
BLACK
6
CONTINUOUS
10
6.3279808661417318
20
-3.6569734645669292
11
6.328748937007874
21
-3.657049094488189
0
LINE
8
BLACK
6
CONTINUOUS
10
6.3062979921259839
20
-3.6905420078740159
11
6.3050260236220472
21
-3.6918139370078737
0
LINE
8
BLACK
6
CONTINUOUS
10
6.3050260236220472
20
-3.6918139370078737
11
6.3033464173228344
21
-3.6951731889763777
0
LINE
8
BLACK
6
CONTINUOUS
10
6.3033464173228344
20
-3.6951731889763777
11
6.3033464173228344
21
-3.7004572047244095
0
LINE
8
BLACK
6
CONTINUOUS
10
6.3033464173228344
20
-3.7004572047244095
11
6.3050260236220472
21
-3.7038164173228347
0
LINE
8
BLACK
6
CONTINUOUS
10
6.3050260236220472
20
-3.7038164173228347
11
6.3065034251968504
21
-3.7052938582677166
0
LINE
8
BLACK
6
CONTINUOUS
10
6.3065034251968504
20
-3.7052938582677166
11
6.3098626377952751
21
-3.706973464566929
0
LINE
8
BLACK
6
CONTINUOUS
10
6.3098626377952751
20
-3.706973464566929
11
6.3240438582677161
21
-3.706973464566929
0
LINE
8
BLACK
6
CONTINUOUS
10
6.3240438582677161
20
-3.706973464566929
11
6.3240438582677161
21
-3.6886570078740157
0
LINE
8
BLACK
6
CONTINUOUS
10
6.3240438582677161
20
-3.6886570078740157
11
6.3119530314960626
21
-3.6886570078740157
0
LINE
8
BLACK
6
CONTINUOUS
10
6.3119530314960626
20
-3.6886570078740157
11
6.3062979921259839
21
-3.6905420078740159
0
LINE
8
BLACK
6
CONTINUOUS
10
6.3088844488188975
20
-3.6665270472440943
11
6.3074068897637794
21
-3.6680045669291337
0
LINE
8
BLACK
6
CONTINUOUS
10
6.3074068897637794
20
-3.6680045669291337
11
6.3057273622047241
21
-3.6713636220472439
0
LINE
8
BLACK
6
CONTINUOUS
10
6.3057273622047241
20
-3.6713636220472439
11
6.3057273622047241
21
-3.6742667716535431
0
LINE
8
BLACK
6
CONTINUOUS
10
6.3057273622047241
20
-3.6742667716535431
11
6.3074068897637794
21
-3.6776258267716533
0
LINE
8
BLACK
6
CONTINUOUS
10
6.3074068897637794
20
-3.6776258267716533
11
6.3088844881889763
21
-3.6791034251968502
0
LINE
8
BLACK
6
CONTINUOUS
10
6.3088844881889763
20
-3.6791034251968502
11
6.312243543307086
21
-3.6807829921259843
0
LINE
8
BLACK
6
CONTINUOUS
10
6.312243543307086
20
-3.6807829921259843
11
6.3240438582677161
21
-3.6807829921259843
0
LINE
8
BLACK
6
CONTINUOUS
10
6.3240438582677161
20
-3.6807829921259843
11
6.3240438582677161
21
-3.6648474803149607
0
LINE
8
BLACK
6
CONTINUOUS
10
6.3240438582677161
20
-3.6648474803149607
11
6.3122435826771648
21
-3.6648474803149607
0
LINE
8
BLACK
6
CONTINUOUS
10
6.3122435826771648
20
-3.6648474803149607
11
6.3088844488188975
21
-3.6665270472440943
0
LINE
8
BLACK
6
CONTINUOUS
10
6.4135014566929129
20
-3.6576369685039367
11
6.4145876771653541
21
-3.6587231889763778
0
LINE
8
BLACK
6
CONTINUOUS
10
6.4145876771653541
20
-3.6587231889763778
11
6.4151755511811022
21
-3.6601424015748032
0
LINE
8
BLACK
6
CONTINUOUS
10
6.4151755511811022
20
-3.6601424015748032
11
6.415251181102362
21
-3.6609104724409449
0
LINE
8
BLACK
6
CONTINUOUS
10
6.415251181102362
20
-3.6609104724409449
11
6.415251181102362
21
-3.7109104724409447
0
LINE
8
BLACK
6
CONTINUOUS
10
6.415251181102362
20
-3.7109104724409447
11
6.4151755511811022
21
-3.7116785039370077
0
LINE
8
BLACK
6
CONTINUOUS
10
6.4151755511811022
20
-3.7116785039370077
11
6.4151755511811022
21
-3.7116785433070865
0
LINE
8
BLACK
6
CONTINUOUS
10
6.4151755511811022
20
-3.7116785433070865
11
6.4145876771653541
21
-3.7130977559055118
0
LINE
8
BLACK
6
CONTINUOUS
10
6.4145876771653541
20
-3.7130977559055118
11
6.4135014566929129
21
-3.7141839763779525
0
LINE
8
BLACK
6
CONTINUOUS
10
6.4135014566929129
20
-3.7141839763779525
11
6.4120822440944885
21
-3.7147718503937006
0
LINE
8
BLACK
6
CONTINUOUS
10
6.4120822440944885
20
-3.7147718503937006
11
6.4113141732283463
21
-3.7148474803149605
0
LINE
8
BLACK
6
CONTINUOUS
10
6.4113141732283463
20
-3.7148474803149605
11
6.3875046456692912
21
-3.7148474803149605
0
LINE
8
BLACK
6
CONTINUOUS
10
6.3875046456692912
20
-3.7148474803149605
11
6.386736574803149
21
-3.7147718503937006
0
LINE
8
BLACK
6
CONTINUOUS
10
6.386736574803149
20
-3.7147718503937006
11
6.3853173622047246
21
-3.7141839763779525
0
LINE
8
BLACK
6
CONTINUOUS
10
6.3853173622047246
20
-3.7141839763779525
11
6.3842311417322835
21
-3.7130977559055118
0
LINE
8
BLACK
6
CONTINUOUS
10
6.3842311417322835
20
-3.7130977559055118
11
6.3836432677165353
21
-3.7116785433070865
0
LINE
8
BLACK
6
CONTINUOUS
10
6.3836432677165353
20
-3.7116785433070865
11
6.3836432677165353
21
-3.710142401574803
0
LINE
8
BLACK
6
CONTINUOUS
10
6.3836432677165353
20
-3.710142401574803
11
6.3842311417322835
21
-3.7087231889763776
0
LINE
8
BLACK
6
CONTINUOUS
10
6.3842311417322835
20
-3.7087231889763776
11
6.3853173622047246
21
-3.707636968503937
0
LINE
8
BLACK
6
CONTINUOUS
10
6.3853173622047246
20
-3.707636968503937
11
6.386736574803149
21
-3.7070490944881889
0
LINE
8
BLACK
6
CONTINUOUS
10
6.386736574803149
20
-3.7070490944881889
11
6.3875046456692912
21
-3.706973464566929
0
LINE
8
BLACK
6
CONTINUOUS
10
6.3875046456692912
20
-3.706973464566929
11
6.4073771653543306
21
-3.706973464566929
0
LINE
8
BLACK
6
CONTINUOUS
10
6.4073771653543306
20
-3.706973464566929
11
6.4073771653543306
21
-3.6609104724409449
0
LINE
8
BLACK
6
CONTINUOUS
10
6.4073771653543306
20
-3.6609104724409449
11
6.4074527952755904
21
-3.6601424015748032
0
LINE
8
BLACK
6
CONTINUOUS
10
6.4074527952755904
20
-3.6601424015748032
11
6.4080406692913385
21
-3.6587231889763778
0
LINE
8
BLACK
6
CONTINUOUS
10
6.4080406692913385
20
-3.6587231889763778
11
6.4091268897637796
21
-3.6576369685039367
0
LINE
8
BLACK
6
CONTINUOUS
10
6.4091268897637796
20
-3.6576369685039367
11
6.410546102362205
21
-3.657049094488189
0
LINE
8
BLACK
6
CONTINUOUS
10
6.410546102362205
20
-3.657049094488189
11
6.4120822440944885
21
-3.657049094488189
0
LINE
8
BLACK
6
CONTINUOUS
10
6.4120822440944885
20
-3.657049094488189
11
6.4135014566929129
21
-3.6576369685039367
0
LINE
8
BLACK
6
CONTINUOUS
10
6.3620734645669286
20
-3.6570933070866141
11
6.3623540551181099
21
-3.6571132677165354
0
LINE
8
BLACK
6
CONTINUOUS
10
6.3623540551181099
20
-3.6571132677165354
11
6.3627954330708656
21
-3.6573339763779527
0
LINE
8
BLACK
6
CONTINUOUS
10
6.3627954330708656
20
-3.6573339763779527
11
6.3632638976377951
21
-3.6574901181102359
0
LINE
8
BLACK
6
CONTINUOUS
10
6.3632638976377951
20
-3.6574901181102359
11
6.3634764566929132
21
-3.6576744881889764
0
LINE
8
BLACK
6
CONTINUOUS
10
6.3634764566929132
20
-3.6576744881889764
11
6.3637280314960627
21
-3.6578002755905512
0
LINE
8
BLACK
6
CONTINUOUS
10
6.3637280314960627
20
-3.6578002755905512
11
6.3640514566929136
21
-3.658173149606299
0
LINE
8
BLACK
6
CONTINUOUS
10
6.3640514566929136
20
-3.658173149606299
11
6.3644243700787397
21
-3.6584966141732282
0
LINE
8
BLACK
6
CONTINUOUS
10
6.3644243700787397
20
-3.6584966141732282
11
6.3645501181102357
21
-3.658748149606299
0
LINE
8
BLACK
6
CONTINUOUS
10
6.3645501181102357
20
-3.658748149606299
11
6.3647345275590546
21
-3.6589607480314958
0
LINE
8
BLACK
6
CONTINUOUS
10
6.3647345275590546
20
-3.6589607480314958
11
6.3650491338582675
21
-3.659665472440945
0
LINE
8
BLACK
6
CONTINUOUS
10
6.3650491338582675
20
-3.659665472440945
11
6.3817157874015749
21
-3.7096654724409448
0
LINE
8
BLACK
6
CONTINUOUS
10
6.3817157874015749
20
-3.7096654724409448
11
6.3818869291338585
21
-3.7104180314960629
0
LINE
8
BLACK
6
CONTINUOUS
10
6.3818869291338585
20
-3.7104180314960629
11
6.3817780314960633
21
-3.7119503149606299
0
LINE
8
BLACK
6
CONTINUOUS
10
6.3817780314960633
20
-3.7119503149606299
11
6.3810910236220471
21
-3.7133242913385827
0
LINE
8
BLACK
6
CONTINUOUS
10
6.3810910236220471
20
-3.7133242913385827
11
6.3799305511811024
21
-3.7143307874015745
0
LINE
8
BLACK
6
CONTINUOUS
10
6.3799305511811024
20
-3.7143307874015745
11
6.3784732283464569
21
-3.7148165748031494
0
LINE
8
BLACK
6
CONTINUOUS
10
6.3784732283464569
20
-3.7148165748031494
11
6.3769409448818895
21
-3.7147076377952755
0
LINE
8
BLACK
6
CONTINUOUS
10
6.3769409448818895
20
-3.7147076377952755
11
6.3755669685039367
21
-3.7140206692913385
0
LINE
8
BLACK
6
CONTINUOUS
10
6.3755669685039367
20
-3.7140206692913385
11
6.3745604724409448
21
-3.7128601968503938
0
LINE
8
BLACK
6
CONTINUOUS
10
6.3745604724409448
20
-3.7128601968503938
11
6.3742458661417318
21
-3.7121554330708659
0
LINE
8
BLACK
6
CONTINUOUS
10
6.3742458661417318
20
-3.7121554330708659
11
6.3703812992125979
21
-3.7005617716535433
0
LINE
8
BLACK
6
CONTINUOUS
10
6.3703812992125979
20
-3.7005617716535433
11
6.3522470078740154
21
-3.7005617716535433
0
LINE
8
BLACK
6
CONTINUOUS
10
6.3522470078740154
20
-3.7005617716535433
11
6.3483824409448815
21
-3.7121554724409447
0
LINE
8
BLACK
6
CONTINUOUS
10
6.3483824409448815
20
-3.7121554724409447
11
6.3480678346456694
21
-3.7128601968503938
0
LINE
8
BLACK
6
CONTINUOUS
10
6.3480678346456694
20
-3.7128601968503938
11
6.3470612992125979
21
-3.7140206692913385
0
LINE
8
BLACK
6
CONTINUOUS
10
6.3470612992125979
20
-3.7140206692913385
11
6.3456873622047238
21
-3.7147076771653542
0
LINE
8
BLACK
6
CONTINUOUS
10
6.3456873622047238
20
-3.7147076771653542
11
6.3441550787401573
21
-3.7148165748031494
0
LINE
8
BLACK
6
CONTINUOUS
10
6.3441550787401573
20
-3.7148165748031494
11
6.3426977559055118
21
-3.7143308267716533
0
LINE
8
BLACK
6
CONTINUOUS
10
6.3426977559055118
20
-3.7143308267716533
11
6.3415372834645671
21
-3.7133242913385827
0
LINE
8
BLACK
6
CONTINUOUS
10
6.3415372834645671
20
-3.7133242913385827
11
6.3408502755905509
21
-3.7119503543307086
0
LINE
8
BLACK
6
CONTINUOUS
10
6.3408502755905509
20
-3.7119503543307086
11
6.3407413779527557
21
-3.7104180708661416
0
LINE
8
BLACK
6
CONTINUOUS
10
6.3407413779527557
20
-3.7104180708661416
11
6.3409125196850393
21
-3.7096654724409448
0
LINE
8
BLACK
6
CONTINUOUS
10
6.3409125196850393
20
-3.7096654724409448
11
6.3575792125984254
21
-3.659665472440945
0
LINE
8
BLACK
6
CONTINUOUS
10
6.3575792125984254
20
-3.659665472440945
11
6.3578938188976375
21
-3.6589607480314958
0
LINE
8
BLACK
6
CONTINUOUS
10
6.3578938188976375
20
-3.6589607480314958
11
6.3580781889763776
21
-3.658748149606299
0
LINE
8
BLACK
6
CONTINUOUS
10
6.3580781889763776
20
-3.658748149606299
11
6.3582039763779523
21
-3.6584966141732282
0
LINE
8
BLACK
6
CONTINUOUS
10
6.3582039763779523
20
-3.6584966141732282
11
6.3585768897637793
21
-3.658173149606299
0
LINE
8
BLACK
6
CONTINUOUS
10
6.3585768897637793
20
-3.658173149606299
11
6.3589003543307081
21
-3.6578002362204725
0
LINE
8
BLACK
6
CONTINUOUS
10
6.3589003543307081
20
-3.6578002362204725
11
6.3591518897637798
21
-3.6576744488188977
0
LINE
8
BLACK
6
CONTINUOUS
10
6.3591518897637798
20
-3.6576744488188977
11
6.3593644488188978
21
-3.6574901181102359
0
LINE
8
BLACK
6
CONTINUOUS
10
6.3593644488188978
20
-3.6574901181102359
11
6.3598328740157477
21
-3.6573339370078739
0
LINE
8
BLACK
6
CONTINUOUS
10
6.3598328740157477
20
-3.6573339370078739
11
6.3602743307086609
21
-3.6571132677165354
0
LINE
8
BLACK
6
CONTINUOUS
10
6.3602743307086609
20
-3.6571132677165354
11
6.3605548425196847
21
-3.6570933070866141
0
LINE
8
BLACK
6
CONTINUOUS
10
6.3605548425196847
20
-3.6570933070866141
11
6.3608217716535433
21
-3.6570043700787402
0
LINE
8
BLACK
6
CONTINUOUS
10
6.3608217716535433
20
-3.6570043700787402
11
6.3613141732283465
21
-3.6570393307086615
0
LINE
8
BLACK
6
CONTINUOUS
10
6.3613141732283465
20
-3.6570393307086615
11
6.3618066141732283
21
-3.6570043700787402
0
LINE
8
BLACK
6
CONTINUOUS
10
6.3618066141732283
20
-3.6570043700787402
11
6.3620734645669286
21
-3.6570933070866141
0
LINE
8
BLACK
6
CONTINUOUS
10
6.3548716929133855
20
-3.6926877559055118
11
6.3677566535433066
21
-3.6926877559055118
0
LINE
8
BLACK
6
CONTINUOUS
10
6.3677566535433066
20
-3.6926877559055118
11
6.3613141338582677
21
-3.6733603149606298
0
LINE
8
BLACK
6
CONTINUOUS
10
6.3613141338582677
20
-3.6733603149606298
11
6.3548716929133855
21
-3.6926877559055118
0
LINE
8
BLACK
6
CONTINUOUS
10
6.2794209055118113
20
-3.7025655118110237
11
6.2801681889763774
21
-3.7028750393700784
0
LINE
8
BLACK
6
CONTINUOUS
10
6.2801681889763774
20
-3.7028750393700784
11
6.2807647637795272
21
-3.7033646850393698
0
LINE
8
BLACK
6
CONTINUOUS
10
6.2807647637795272
20
-3.7033646850393698
11
6.2831457086614169
21
-3.7057456692913386
0
LINE
8
BLACK
6
CONTINUOUS
10
6.2831457086614169
20
-3.7057456692913386
11
6.2836353543307082
21
-3.7063422834645667
0
LINE
8
BLACK
6
CONTINUOUS
10
6.2836353543307082
20
-3.7063422834645667
11
6.2837590551181099
21
-3.7066409448818898
0
LINE
8
BLACK
6
CONTINUOUS
10
6.2837590551181099
20
-3.7066409448818898
11
6.2841868110236216
21
-3.7076737007874017
0
LINE
8
BLACK
6
CONTINUOUS
10
6.2841868110236216
20
-3.7076737007874017
11
6.2842231889763775
21
-3.7077614960629921
0
LINE
8
BLACK
6
CONTINUOUS
10
6.2842231889763775
20
-3.7077614960629921
11
6.2842231889763775
21
-3.7092976377952755
0
LINE
8
BLACK
6
CONTINUOUS
10
6.2842231889763775
20
-3.7092976377952755
11
6.2836353149606294
21
-3.7107168503937009
0
LINE
8
BLACK
6
CONTINUOUS
10
6.2836353149606294
20
-3.7107168503937009
11
6.2836351181102357
21
-3.7107170078740155
0
LINE
8
BLACK
6
CONTINUOUS
10
6.2836351181102357
20
-3.7107170078740155
11
6.2831457086614169
21
-3.7113134251968503
0
LINE
8
BLACK
6
CONTINUOUS
10
6.2831457086614169
20
-3.7113134251968503
11
6.2807647637795272
21
-3.7136943700787399
0
LINE
8
BLACK
6
CONTINUOUS
10
6.2807647637795272
20
-3.7136943700787399
11
6.2801683464566924
21
-3.7141837795275592
0
LINE
8
BLACK
6
CONTINUOUS
10
6.2801683464566924
20
-3.7141837795275592
11
6.2801681889763774
21
-3.7141839763779525
0
LINE
8
BLACK
6
CONTINUOUS
10
6.2801681889763774
20
-3.7141839763779525
11
6.2787489763779529
21
-3.7147718503937006
0
LINE
8
BLACK
6
CONTINUOUS
10
6.2787489763779529
20
-3.7147718503937006
11
6.2772128346456695
21
-3.7147718503937006
0
LINE
8
BLACK
6
CONTINUOUS
10
6.2772128346456695
20
-3.7147718503937006
11
6.2772127952755907
21
-3.7147718503937006
0
LINE
8
BLACK
6
CONTINUOUS
10
6.2772127952755907
20
-3.7147718503937006
11
6.2763919685039369
21
-3.7144318503937006
0
LINE
8
BLACK
6
CONTINUOUS
10
6.2763919685039369
20
-3.7144318503937006
11
6.2757936220472441
21
-3.7141840157480313
0
LINE
8
BLACK
6
CONTINUOUS
10
6.2757936220472441
20
-3.7141840157480313
11
6.2751970078740156
21
-3.7136943700787399
0
LINE
8
BLACK
6
CONTINUOUS
10
6.2751970078740156
20
-3.7136943700787399
11
6.2728160236220472
21
-3.7113134251968503
0
LINE
8
BLACK
6
CONTINUOUS
10
6.2728160236220472
20
-3.7113134251968503
11
6.2723263779527558
21
-3.7107168503937009
0
LINE
8
BLACK
6
CONTINUOUS
10
6.2723263779527558
20
-3.7107168503937009
11
6.2720520866141731
21
-3.7100546062992126
0
LINE
8
BLACK
6
CONTINUOUS
10
6.2720520866141731
20
-3.7100546062992126
11
6.2717385039370077
21
-3.7092975984251968
0
LINE
8
BLACK
6
CONTINUOUS
10
6.2717385039370077
20
-3.7092975984251968
11
6.2717385039370077
21
-3.7077614566929133
0
LINE
8
BLACK
6
CONTINUOUS
10
6.2717385039370077
20
-3.7077614566929133
11
6.2720335826771656
21
-3.7070490944881889
0
LINE
8
BLACK
6
CONTINUOUS
10
6.2720335826771656
20
-3.7070490944881889
11
6.2723263385826771
21
-3.706342244094488
0
LINE
8
BLACK
6
CONTINUOUS
10
6.2723263385826771
20
-3.706342244094488
11
6.2723265354330708
21
-3.7063420078740155
0
LINE
8
BLACK
6
CONTINUOUS
10
6.2723265354330708
20
-3.7063420078740155
11
6.2728159842519684
21
-3.7057456299212599
0
LINE
8
BLACK
6
CONTINUOUS
10
6.2728159842519684
20
-3.7057456299212599
11
6.2751969685039368
21
-3.7033646850393698
0
LINE
8
BLACK
6
CONTINUOUS
10
6.2751969685039368
20
-3.7033646850393698
11
6.2757935433070866
21
-3.7028750393700784
0
LINE
8
BLACK
6
CONTINUOUS
10
6.2757935433070866
20
-3.7028750393700784
11
6.2757935826771654
21
-3.7028749999999997
0
LINE
8
BLACK
6
CONTINUOUS
10
6.2757935826771654
20
-3.7028749999999997
11
6.2768763385826771
21
-3.7024265354330708
0
LINE
8
BLACK
6
CONTINUOUS
10
6.2768763385826771
20
-3.7024265354330708
11
6.2772127952755907
21
-3.7022871653543308
0
LINE
8
BLACK
6
CONTINUOUS
10
6.2772127952755907
20
-3.7022871653543308
11
6.2787489370078742
21
-3.7022871653543308
0
LINE
8
BLACK
6
CONTINUOUS
10
6.2787489370078742
20
-3.7022871653543308
11
6.2794209055118113
21
-3.7025655118110237
0
LINE
8
BLACK
6
CONTINUOUS
10
6.4358039370078739
20
-3.657049094488189
11
6.4358917716535435
21
-3.657049094488189
0
LINE
8
BLACK
6
CONTINUOUS
10
6.4358917716535435
20
-3.657049094488189
11
6.4365233070866141
21
-3.6573106692913386
0
LINE
8
BLACK
6
CONTINUOUS
10
6.4365233070866141
20
-3.6573106692913386
11
6.4371651181102365
21
-3.657544094488189
0
LINE
8
BLACK
6
CONTINUOUS
10
6.4371651181102365
20
-3.657544094488189
11
6.4372298031496058
21
-3.657603346456693
0
LINE
8
BLACK
6
CONTINUOUS
10
6.4372298031496058
20
-3.657603346456693
11
6.437310984251968
21
-3.6576369685039367
0
LINE
8
BLACK
6
CONTINUOUS
10
6.437310984251968
20
-3.6576369685039367
11
6.4377941732283466
21
-3.6581201574803148
0
LINE
8
BLACK
6
CONTINUOUS
10
6.4377941732283466
20
-3.6581201574803148
11
6.4382979921259844
21
-3.6585815354330706
0
LINE
8
BLACK
6
CONTINUOUS
10
6.4382979921259844
20
-3.6585815354330706
11
6.4383596456692915
21
-3.6586856299212598
0
LINE
8
BLACK
6
CONTINUOUS
10
6.4383596456692915
20
-3.6586856299212598
11
6.4383972047244091
21
-3.6587231889763778
0
LINE
8
BLACK
6
CONTINUOUS
10
6.4383972047244091
20
-3.6587231889763778
11
6.4384327559055112
21
-3.6588090551181103
0
LINE
8
BLACK
6
CONTINUOUS
10
6.4384327559055112
20
-3.6588090551181103
11
6.4386913385826769
21
-3.6592455511811024
0
LINE
8
BLACK
6
CONTINUOUS
10
6.4386913385826769
20
-3.6592455511811024
11
6.4517903543307087
21
-3.6873148818897636
0
LINE
8
BLACK
6
CONTINUOUS
10
6.4517903543307087
20
-3.6873148818897636
11
6.4648894094488192
21
-3.6592455905511811
0
LINE
8
BLACK
6
CONTINUOUS
10
6.4648894094488192
20
-3.6592455905511811
11
6.465147992125984
21
-3.658808937007874
0
LINE
8
BLACK
6
CONTINUOUS
10
6.465147992125984
20
-3.658808937007874
11
6.4651835433070861
21
-3.6587231889763778
0
LINE
8
BLACK
6
CONTINUOUS
10
6.4651835433070861
20
-3.6587231889763778
11
6.4652209842519683
21
-3.6586857086614173
0
LINE
8
BLACK
6
CONTINUOUS
10
6.4652209842519683
20
-3.6586857086614173
11
6.465282716535433
21
-3.6585815354330706
0
LINE
8
BLACK
6
CONTINUOUS
10
6.465282716535433
20
-3.6585815354330706
11
6.4657867716535433
21
-3.6581199212598423
0
LINE
8
BLACK
6
CONTINUOUS
10
6.4657867716535433
20
-3.6581199212598423
11
6.4662697637795272
21
-3.6576369685039367
0
LINE
8
BLACK
6
CONTINUOUS
10
6.4662697637795272
20
-3.6576369685039367
11
6.4663509055118107
21
-3.657603346456693
0
LINE
8
BLACK
6
CONTINUOUS
10
6.4663509055118107
20
-3.657603346456693
11
6.4664156299212596
21
-3.657544094488189
0
LINE
8
BLACK
6
CONTINUOUS
10
6.4664156299212596
20
-3.657544094488189
11
6.4670570472440945
21
-3.6573108267716536
0
LINE
8
BLACK
6
CONTINUOUS
10
6.4670570472440945
20
-3.6573108267716536
11
6.4676889763779526
21
-3.657049094488189
0
LINE
8
BLACK
6
CONTINUOUS
10
6.4676889763779526
20
-3.657049094488189
11
6.4677768897637797
21
-3.657049094488189
0
LINE
8
BLACK
6
CONTINUOUS
10
6.4677768897637797
20
-3.657049094488189
11
6.4678592913385824
21
-3.6570191338582676
0
LINE
8
BLACK
6
CONTINUOUS
10
6.4678592913385824
20
-3.6570191338582676
11
6.4685410629921263
21
-3.657049094488189
0
LINE
8
BLACK
6
CONTINUOUS
10
6.4685410629921263
20
-3.657049094488189
11
6.469225118110236
21
-3.657049094488189
0
LINE
8
BLACK
6
CONTINUOUS
10
6.469225118110236
20
-3.657049094488189
11
6.4693062992125983
21
-3.6570827165354332
0
LINE
8
BLACK
6
CONTINUOUS
10
6.4693062992125983
20
-3.6570827165354332
11
6.4693939370078741
21
-3.6570865748031496
0
LINE
8
BLACK
6
CONTINUOUS
10
6.4693939370078741
20
-3.6570865748031496
11
6.4700128346456696
21
-3.6573753543307084
0
LINE
8
BLACK
6
CONTINUOUS
10
6.4700128346456696
20
-3.6573753543307084
11
6.4706443307086614
21
-3.6576369685039367
0
LINE
8
BLACK
6
CONTINUOUS
10
6.4706443307086614
20
-3.6576369685039367
11
6.470706377952756
21
-3.6576990157480314
0
LINE
8
BLACK
6
CONTINUOUS
10
6.470706377952756
20
-3.6576990157480314
11
6.4707859842519682
21
-3.6577361811023623
0
LINE
8
BLACK
6
CONTINUOUS
10
6.4707859842519682
20
-3.6577361811023623
11
6.4712473228346452
21
-3.658239960629921
0
LINE
8
BLACK
6
CONTINUOUS
10
6.4712473228346452
20
-3.658239960629921
11
6.4717305511811025
21
-3.6587231889763778
0
LINE
8
BLACK
6
CONTINUOUS
10
6.4717305511811025
20
-3.6587231889763778
11
6.4717641338582679
21
-3.6588043307086613
0
LINE
8
BLACK
6
CONTINUOUS
10
6.4717641338582679
20
-3.6588043307086613
11
6.4718234251968498
21
-3.6588690551181102
0
LINE
8
BLACK
6
CONTINUOUS
10
6.4718234251968498
20
-3.6588690551181102
11
6.4720566535433068
21
-3.6595104724409446
0
LINE
8
BLACK
6
CONTINUOUS
10
6.4720566535433068
20
-3.6595104724409446
11
6.4723184251968506
21
-3.6601424015748032
0
LINE
8
BLACK
6
CONTINUOUS
10
6.4723184251968506
20
-3.6601424015748032
11
6.4723302755905507
21
-3.6602629527559056
0
LINE
8
BLACK
6
CONTINUOUS
10
6.4723302755905507
20
-3.6602629527559056
11
6.4723483858267716
21
-3.660312716535433
0
LINE
8
BLACK
6
CONTINUOUS
10
6.4723483858267716
20
-3.660312716535433
11
6.4723442913385822
21
-3.6604053149606299
0
LINE
8
BLACK
6
CONTINUOUS
10
6.4723442913385822
20
-3.6604053149606299
11
6.4723940551181105
21
-3.6609104724409449
0
LINE
8
BLACK
6
CONTINUOUS
10
6.4723940551181105
20
-3.6609104724409449
11
6.4723940551181105
21
-3.7109104724409447
0
LINE
8
BLACK
6
CONTINUOUS
10
6.4723940551181105
20
-3.7109104724409447
11
6.4723184251968506
21
-3.7116785433070865
0
LINE
8
BLACK
6
CONTINUOUS
10
6.4723184251968506
20
-3.7116785433070865
11
6.4717305511811025
21
-3.7130977559055118
0
LINE
8
BLACK
6
CONTINUOUS
10
6.4717305511811025
20
-3.7130977559055118
11
6.4706443307086614
21
-3.7141839763779525
0
LINE
8
BLACK
6
CONTINUOUS
10
6.4706443307086614
20
-3.7141839763779525
11
6.469225118110236
21
-3.7147718503937006
0
LINE
8
BLACK
6
CONTINUOUS
10
6.469225118110236
20
-3.7147718503937006
11
6.4676889763779526
21
-3.7147718503937006
0
LINE
8
BLACK
6
CONTINUOUS
10
6.4676889763779526
20
-3.7147718503937006
11
6.4662697637795272
21
-3.7141839763779525
0
LINE
8
BLACK
6
CONTINUOUS
10
6.4662697637795272
20
-3.7141839763779525
11
6.4651835433070861
21
-3.7130977559055118
0
LINE
8
BLACK
6
CONTINUOUS
10
6.4651835433070861
20
-3.7130977559055118
11
6.464595669291338
21
-3.7116785433070865
0
LINE
8
BLACK
6
CONTINUOUS
10
6.464595669291338
20
-3.7116785433070865
11
6.464520039370079
21
-3.7109104724409447
0
LINE
8
BLACK
6
CONTINUOUS
10
6.464520039370079
20
-3.7109104724409447
11
6.464520039370079
21
-3.6786567322834647
0
LINE
8
BLACK
6
CONTINUOUS
10
6.464520039370079
20
-3.6786567322834647
11
6.4553579921259843
21
-3.6982896850393701
0
LINE
8
BLACK
6
CONTINUOUS
10
6.4553579921259843
20
-3.6982896850393701
11
6.4551913385826767
21
-3.6985709842519685
0
LINE
8
BLACK
6
CONTINUOUS
10
6.4551913385826767
20
-3.6985709842519685
11
6.4551567322834646
21
-3.6986661811023622
0
LINE
8
BLACK
6
CONTINUOUS
10
6.4551567322834646
20
-3.6986661811023622
11
6.4550950787401575
21
-3.6987334645669292
0
LINE
8
BLACK
6
CONTINUOUS
10
6.4550950787401575
20
-3.6987334645669292
11
6.4549646456692908
21
-3.6989537007874014
0
LINE
8
BLACK
6
CONTINUOUS
10
6.4549646456692908
20
-3.6989537007874014
11
6.4545232677165352
21
-3.6993578740157478
0
LINE
8
BLACK
6
CONTINUOUS
10
6.4545232677165352
20
-3.6993578740157478
11
6.4541192913385821
21
-3.6997990551181101
0
LINE
8
BLACK
6
CONTINUOUS
10
6.4541192913385821
20
-3.6997990551181101
11
6.4539607874015745
21
-3.6998729921259841
0
LINE
8
BLACK
6
CONTINUOUS
10
6.4539607874015745
20
-3.6998729921259841
11
6.4538317716535429
21
-3.6999911811023622
0
LINE
8
BLACK
6
CONTINUOUS
10
6.4538317716535429
20
-3.6999911811023622
11
6.4532694488188973
21
-3.7001956299212599
0
LINE
8
BLACK
6
CONTINUOUS
10
6.4532694488188973
20
-3.7001956299212599
11
6.4527272440944881
21
-3.7004487007874016
0
LINE
8
BLACK
6
CONTINUOUS
10
6.4527272440944881
20
-3.7004487007874016
11
6.4525524409448813
21
-3.7004563779527557
0
LINE
8
BLACK
6
CONTINUOUS
10
6.4525524409448813
20
-3.7004563779527557
11
6.4523881102362202
21
-3.7005161417322832
0
LINE
8
BLACK
6
CONTINUOUS
10
6.4523881102362202
20
-3.7005161417322832
11
6.4517903149606299
21
-3.7004898425196848
0
LINE
8
BLACK
6
CONTINUOUS
10
6.4517903149606299
20
-3.7004898425196848
11
6.4511925984251963
21
-3.7005161417322832
0
LINE
8
BLACK
6
CONTINUOUS
10
6.4511925984251963
20
-3.7005161417322832
11
6.4510282677165351
21
-3.7004563779527557
0
LINE
8
BLACK
6
CONTINUOUS
10
6.4510282677165351
20
-3.7004563779527557
11
6.4508534251968506
21
-3.7004487007874016
0
LINE
8
BLACK
6
CONTINUOUS
10
6.4508534251968506
20
-3.7004487007874016
11
6.4503108661417325
21
-3.7001954724409449
0
LINE
8
BLACK
6
CONTINUOUS
10
6.4503108661417325
20
-3.7001954724409449
11
6.4497489370078736
21
-3.6999911417322835
0
LINE
8
BLACK
6
CONTINUOUS
10
6.4497489370078736
20
-3.6999911417322835
11
6.4496199606299207
21
-3.6998730314960628
0
LINE
8
BLACK
6
CONTINUOUS
10
6.4496199606299207
20
-3.6998730314960628
11
6.4494614173228344
21
-3.6997990551181101
0
LINE
8
BLACK
6
CONTINUOUS
10
6.4494614173228344
20
-3.6997990551181101
11
6.4490573228346459
21
-3.699357834645669
0
LINE
8
BLACK
6
CONTINUOUS
10
6.4490573228346459
20
-3.699357834645669
11
6.4486160236220469
21
-3.6989537007874014
0
LINE
8
BLACK
6
CONTINUOUS
10
6.4486160236220469
20
-3.6989537007874014
11
6.4484856299212598
21
-3.6987335433070867
0
LINE
8
BLACK
6
CONTINUOUS
10
6.4484856299212598
20
-3.6987335433070867
11
6.448423937007874
21
-3.6986661811023622
0
LINE
8
BLACK
6
CONTINUOUS
10
6.448423937007874
20
-3.6986661811023622
11
6.4483892519685035
21
-3.6985708267716535
0
LINE
8
BLACK
6
CONTINUOUS
10
6.4483892519685035
20
-3.6985708267716535
11
6.4482227165354331
21
-3.6982896456692913
0
LINE
8
BLACK
6
CONTINUOUS
10
6.4482227165354331
20
-3.6982896456692913
11
6.4390607086614171
21
-3.6786567716535434
0
LINE
8
BLACK
6
CONTINUOUS
10
6.4390607086614171
20
-3.6786567716535434
11
6.4390607086614171
21
-3.7109104724409447
0
LINE
8
BLACK
6
CONTINUOUS
10
6.4390607086614171
20
-3.7109104724409447
11
6.4389850787401572
21
-3.7116785433070865
0
LINE
8
BLACK
6
CONTINUOUS
10
6.4389850787401572
20
-3.7116785433070865
11
6.4383972047244091
21
-3.7130977559055118
0
LINE
8
BLACK
6
CONTINUOUS
10
6.4383972047244091
20
-3.7130977559055118
11
6.437310984251968
21
-3.7141839763779525
0
LINE
8
BLACK
6
CONTINUOUS
10
6.437310984251968
20
-3.7141839763779525
11
6.4358917716535435
21
-3.7147718503937006
0
LINE
8
BLACK
6
CONTINUOUS
10
6.4358917716535435
20
-3.7147718503937006
11
6.4343556299212601
21
-3.7147718503937006
0
LINE
8
BLACK
6
CONTINUOUS
10
6.4343556299212601
20
-3.7147718503937006
11
6.4329364173228347
21
-3.7141839763779525
0
LINE
8
BLACK
6
CONTINUOUS
10
6.4329364173228347
20
-3.7141839763779525
11
6.4318501968503936
21
-3.7130977559055118
0
LINE
8
BLACK
6
CONTINUOUS
10
6.4318501968503936
20
-3.7130977559055118
11
6.4312623228346455
21
-3.7116785433070865
0
LINE
8
BLACK
6
CONTINUOUS
10
6.4312623228346455
20
-3.7116785433070865
11
6.4311866929133856
21
-3.7109104724409447
0
LINE
8
BLACK
6
CONTINUOUS
10
6.4311866929133856
20
-3.7109104724409447
11
6.4311866929133856
21
-3.6609104724409449
0
LINE
8
BLACK
6
CONTINUOUS
10
6.4311866929133856
20
-3.6609104724409449
11
6.4312363779527555
21
-3.6604055905511812
0
LINE
8
BLACK
6
CONTINUOUS
10
6.4312363779527555
20
-3.6604055905511812
11
6.4312323228346457
21
-3.660312716535433
0
LINE
8
BLACK
6
CONTINUOUS
10
6.4312323228346457
20
-3.660312716535433
11
6.4312504330708657
21
-3.6602627952755906
0
LINE
8
BLACK
6
CONTINUOUS
10
6.4312504330708657
20
-3.6602627952755906
11
6.4312623228346455
21
-3.6601424015748032
0
LINE
8
BLACK
6
CONTINUOUS
10
6.4312623228346455
20
-3.6601424015748032
11
6.4315238976377955
21
-3.6595108267716534
0
LINE
8
BLACK
6
CONTINUOUS
10
6.4315238976377955
20
-3.6595108267716534
11
6.4317573228346454
21
-3.6588690551181102
0
LINE
8
BLACK
6
CONTINUOUS
10
6.4317573228346454
20
-3.6588690551181102
11
6.4318165748031495
21
-3.6588043307086613
0
LINE
8
BLACK
6
CONTINUOUS
10
6.4318165748031495
20
-3.6588043307086613
11
6.4318501968503936
21
-3.6587231889763778
0
LINE
8
BLACK
6
CONTINUOUS
10
6.4318501968503936
20
-3.6587231889763778
11
6.4323333858267713
21
-3.658239960629921
0
LINE
8
BLACK
6
CONTINUOUS
10
6.4323333858267713
20
-3.658239960629921
11
6.4327947637795271
21
-3.6577361811023623
0
LINE
8
BLACK
6
CONTINUOUS
10
6.4327947637795271
20
-3.6577361811023623
11
6.4328743307086613
21
-3.6576990157480314
0
LINE
8
BLACK
6
CONTINUOUS
10
6.4328743307086613
20
-3.6576990157480314
11
6.4329364173228347
21
-3.6576369685039367
0
LINE
8
BLACK
6
CONTINUOUS
10
6.4329364173228347
20
-3.6576369685039367
11
6.4335674803149603
21
-3.6573755511811021
0
LINE
8
BLACK
6
CONTINUOUS
10
6.4335674803149603
20
-3.6573755511811021
11
6.434186811023622
21
-3.6570865354330708
0
LINE
8
BLACK
6
CONTINUOUS
10
6.434186811023622
20
-3.6570865354330708
11
6.4342745275590554
21
-3.6570826771653544
0
LINE
8
BLACK
6
CONTINUOUS
10
6.4342745275590554
20
-3.6570826771653544
11
6.4343556299212601
21
-3.657049094488189
0
LINE
8
BLACK
6
CONTINUOUS
10
6.4343556299212601
20
-3.657049094488189
11
6.4350387795275585
21
-3.657049094488189
0
LINE
8
BLACK
6
CONTINUOUS
10
6.4350387795275585
20
-3.657049094488189
11
6.4357214566929128
21
-3.6570190944881888
0
LINE
8
BLACK
6
CONTINUOUS
10
6.4357214566929128
20
-3.6570190944881888
11
6.4358039370078739
21
-3.657049094488189
0
CIRCLE
8
BLACK
10
5.9326771653543302
20
-3.7688976377952756
40
0.0068897637795276
0
CIRCLE
8
BLACK
10
5.6452755905511811
20
-3.9381889763779525
40
0.0068897637795276
0
CIRCLE
8
BLACK
10
5.6452755905511811
20
-3.7688976377952756
40
0.0068897637795276
0
CIRCLE
8
BLACK
10
5.9326771653543302
20
-3.7688976377952756
40
0.0068897637795276
0
CIRCLE
8
BLACK
10
5.6452755905511811
20
-3.9381889763779525
40
0.0068897637795276
0
CIRCLE
8
BLACK
10
5.6452755905511811
20
-3.7688976377952756
40
0.0068897637795276
  0
ENDSEC
  0
EOF
