  0
SECTION
  2
HEADER
  9
$ANGBASE
  50
0.0
  9
$ANGDIR
  70
1
  9
$MEASUREMENT
  70
0
  0
ENDSEC
  0
SECTION
  2
TABLES
  0
TABLE
  2
LTYPE
  70
4
  0
LTYPE
  5
40F
  2
CONTINUOUS
  70
0
  3
Solid line
  72
65
  73
0
  40
0.0
  0
LTYPE
  5
410
  2
DASHDOT
 70
0
  3
Dash Dot ____ _ ____ _
 72
65
 73
4
 40
2.0
 49
1.25
 49
-0.25
 49
0.25
 49
-0.25
  0
LTYPE
  5
411
  2
DASHED
 70
0
  3
Dashed __ __ __ __ __
 72
65
 73
2
 40
0.75
 49
0.5
 49
-0.25
  0
LTYPE
  5
43B
  2
DOTTED
 70
0
  3
Dotted .  .  .  .
 72
65
 73
2
 40
0.2
 49
0.0
 49
-0.2
  0
ENDTAB
  0
TABLE
  2
STYLE
  70
4
  0
STYLE
  2
KICAD
  70
0
  40
0
  41
1
  42
1
  50
0
  71
0
  3
isocp.shx
  0
STYLE
  2
KICADB
  70
0
  40
0
  41
1
  42
1
  50
0
  71
0
  3
isocp.shx
  0
STYLE
  2
KICADI
  70
0
  40
0
  41
1
  42
1
  50
15
  71
0
  3
isocp.shx
  0
STYLE
  2
KICADBI
  70
0
  40
0
  41
1
  42
1
  50
15
  71
0
  3
isocp.shx
  0
ENDTAB
  0
TABLE
  2
LAYER
  70
1
  0
LAYER
  2
BLACK
  70
0
  62
7
  6
CONTINUOUS
  0
ENDTAB
  0
ENDSEC
  0
SECTION
  2
ENTITIES
0
LINE
8
BLACK
6
CONTINUOUS
10
6.0891183858267715
20
-3.7086447637795277
11
6.0935084251968501
21
-3.7108816141732284
0
LINE
8
BLACK
6
CONTINUOUS
10
6.0935084251968501
20
-3.7108816141732284
11
6.0969924015748029
21
-3.7143655905511812
0
LINE
8
BLACK
6
CONTINUOUS
10
6.0969924015748029
20
-3.7143655905511812
11
6.0992292519685041
21
-3.7187556299212599
0
LINE
8
BLACK
6
CONTINUOUS
10
6.0992292519685041
20
-3.7187556299212599
11
6.0999999999999996
21
-3.7236220472440946
0
LINE
8
BLACK
6
CONTINUOUS
10
6.0999999999999996
20
-3.7236220472440946
11
6.0992292519685041
21
-3.728488464566929
0
LINE
8
BLACK
6
CONTINUOUS
10
6.0992292519685041
20
-3.728488464566929
11
6.0969924015748029
21
-3.7328785039370076
0
LINE
8
BLACK
6
CONTINUOUS
10
6.0969924015748029
20
-3.7328785039370076
11
6.0935084251968501
21
-3.7363624803149604
0
LINE
8
BLACK
6
CONTINUOUS
10
6.0935084251968501
20
-3.7363624803149604
11
6.0891183858267715
21
-3.7385993307086611
0
LINE
8
BLACK
6
CONTINUOUS
10
6.0891183858267715
20
-3.7385993307086611
11
6.0842519685039367
21
-3.7393700787401576
0
LINE
8
BLACK
6
CONTINUOUS
10
6.0842519685039367
20
-3.7393700787401576
11
6.0793855511811019
21
-3.7385993307086611
0
LINE
8
BLACK
6
CONTINUOUS
10
6.0793855511811019
20
-3.7385993307086611
11
6.0763759055118109
21
-3.7370658267716537
0
LINE
8
BLACK
6
CONTINUOUS
10
6.0763759055118109
20
-3.7370658267716537
11
6.0549964173228341
21
-3.7584453543307084
0
LINE
8
BLACK
6
CONTINUOUS
10
6.0549964173228341
20
-3.7584453543307084
11
6.0549964173228341
21
-3.8449285826771651
0
LINE
8
BLACK
6
CONTINUOUS
10
6.0549964173228341
20
-3.8449285826771651
11
6.1508937795275589
21
-3.9408259842519686
0
LINE
8
BLACK
6
CONTINUOUS
10
6.1508937795275589
20
-3.9408259842519686
11
6.3916258267716533
21
-3.9408259842519686
0
LINE
8
BLACK
6
CONTINUOUS
10
6.3916258267716533
20
-3.9408259842519686
11
6.4029522440944877
21
-3.9294996062992125
0
LINE
8
BLACK
6
CONTINUOUS
10
6.4029522440944877
20
-3.9294996062992125
11
6.4032352362204721
21
-3.9293553937007872
0
LINE
8
BLACK
6
CONTINUOUS
10
6.4032352362204721
20
-3.9293553937007872
11
6.4034220078740152
21
-3.9290983464566929
0
LINE
8
BLACK
6
CONTINUOUS
10
6.4034220078740152
20
-3.9290983464566929
11
6.4042988582677163
21
-3.9288134251968505
0
LINE
8
BLACK
6
CONTINUOUS
10
6.4042988582677163
20
-3.9288134251968505
11
6.4051202362204727
21
-3.9283949212598426
0
LINE
8
BLACK
6
CONTINUOUS
10
6.4051202362204727
20
-3.9283949212598426
11
6.405434015748031
21
-3.9284446062992124
0
LINE
8
BLACK
6
CONTINUOUS
10
6.405434015748031
20
-3.9284446062992124
11
6.4057361417322829
21
-3.9283464566929132
0
LINE
8
BLACK
6
CONTINUOUS
10
6.4057361417322829
20
-3.9283464566929132
11
6.5061353543307083
21
-3.9283464566929132
0
LINE
8
BLACK
6
CONTINUOUS
10
6.5061353543307083
20
-3.9283464566929132
11
6.5062825590551183
21
-3.9274170472440946
0
LINE
8
BLACK
6
CONTINUOUS
10
6.5062825590551183
20
-3.9274170472440946
11
6.5085194094488186
21
-3.9230270078740155
0
LINE
8
BLACK
6
CONTINUOUS
10
6.5085194094488186
20
-3.9230270078740155
11
6.5120033858267714
21
-3.9195430314960631
0
LINE
8
BLACK
6
CONTINUOUS
10
6.5120033858267714
20
-3.9195430314960631
11
6.5163934251968501
21
-3.917306181102362
0
LINE
8
BLACK
6
CONTINUOUS
10
6.5163934251968501
20
-3.917306181102362
11
6.5212598425196848
21
-3.9165354330708659
0
LINE
8
BLACK
6
CONTINUOUS
10
6.5212598425196848
20
-3.9165354330708659
11
6.5261262598425196
21
-3.917306181102362
0
LINE
8
BLACK
6
CONTINUOUS
10
6.5261262598425196
20
-3.917306181102362
11
6.5305162992125982
21
-3.9195430314960631
0
LINE
8
BLACK
6
CONTINUOUS
10
6.5305162992125982
20
-3.9195430314960631
11
6.5340002755905511
21
-3.9230270078740155
0
LINE
8
BLACK
6
CONTINUOUS
10
6.5340002755905511
20
-3.9230270078740155
11
6.5362371259842522
21
-3.9274170472440946
0
LINE
8
BLACK
6
CONTINUOUS
10
6.5362371259842522
20
-3.9274170472440946
11
6.5370078740157478
21
-3.9322834645669289
0
LINE
8
BLACK
6
CONTINUOUS
10
6.5370078740157478
20
-3.9322834645669289
11
6.5362371259842522
21
-3.9371498818897637
0
LINE
8
BLACK
6
CONTINUOUS
10
6.5362371259842522
20
-3.9371498818897637
11
6.5340002755905511
21
-3.9415399212598423
0
LINE
8
BLACK
6
CONTINUOUS
10
6.5340002755905511
20
-3.9415399212598423
11
6.5305162992125982
21
-3.9450238976377952
0
LINE
8
BLACK
6
CONTINUOUS
10
6.5305162992125982
20
-3.9450238976377952
11
6.5261262598425196
21
-3.9472607480314958
0
LINE
8
BLACK
6
CONTINUOUS
10
6.5261262598425196
20
-3.9472607480314958
11
6.5212598425196848
21
-3.9480314960629919
0
LINE
8
BLACK
6
CONTINUOUS
10
6.5212598425196848
20
-3.9480314960629919
11
6.5163934251968501
21
-3.9472607480314958
0
LINE
8
BLACK
6
CONTINUOUS
10
6.5163934251968501
20
-3.9472607480314958
11
6.5120033858267714
21
-3.9450238976377952
0
LINE
8
BLACK
6
CONTINUOUS
10
6.5120033858267714
20
-3.9450238976377952
11
6.5085194094488186
21
-3.9415399212598423
0
LINE
8
BLACK
6
CONTINUOUS
10
6.5085194094488186
20
-3.9415399212598423
11
6.5062825590551183
21
-3.9371498818897637
0
LINE
8
BLACK
6
CONTINUOUS
10
6.5062825590551183
20
-3.9371498818897637
11
6.5061353543307083
21
-3.9362204724409446
0
LINE
8
BLACK
6
CONTINUOUS
10
6.5061353543307083
20
-3.9362204724409446
11
6.4073668897637797
21
-3.9362204724409446
0
LINE
8
BLACK
6
CONTINUOUS
10
6.4073668897637797
20
-3.9362204724409446
11
6.3960405118110231
21
-3.9475468897637795
0
LINE
8
BLACK
6
CONTINUOUS
10
6.3960405118110231
20
-3.9475468897637795
11
6.3957574409448821
21
-3.947691062992126
0
LINE
8
BLACK
6
CONTINUOUS
10
6.3957574409448821
20
-3.947691062992126
11
6.3955707480314956
21
-3.9479481102362204
0
LINE
8
BLACK
6
CONTINUOUS
10
6.3955707480314956
20
-3.9479481102362204
11
6.3946938976377954
21
-3.948232992125984
0
LINE
8
BLACK
6
CONTINUOUS
10
6.3946938976377954
20
-3.948232992125984
11
6.3938724803149602
21
-3.9486515354330707
0
LINE
8
BLACK
6
CONTINUOUS
10
6.3938724803149602
20
-3.9486515354330707
11
6.3935587007874011
21
-3.9486018110236221
0
LINE
8
BLACK
6
CONTINUOUS
10
6.3935587007874011
20
-3.9486018110236221
11
6.3932566141732279
21
-3.9487000000000001
0
LINE
8
BLACK
6
CONTINUOUS
10
6.3932566141732279
20
-3.9487000000000001
11
6.149263031496063
21
-3.9487000000000001
0
LINE
8
BLACK
6
CONTINUOUS
10
6.149263031496063
20
-3.9487000000000001
11
6.1489609842519686
21
-3.9486018503937008
0
LINE
8
BLACK
6
CONTINUOUS
10
6.1489609842519686
20
-3.9486018503937008
11
6.1486471653543306
21
-3.9486515748031494
0
LINE
8
BLACK
6
CONTINUOUS
10
6.1486471653543306
20
-3.9486515748031494
11
6.1478256299212601
21
-3.9482329527559052
0
LINE
8
BLACK
6
CONTINUOUS
10
6.1478256299212601
20
-3.9482329527559052
11
6.1469488976377953
21
-3.9479481102362204
0
LINE
8
BLACK
6
CONTINUOUS
10
6.1469488976377953
20
-3.9479481102362204
11
6.1467621259842522
21
-3.947691062992126
0
LINE
8
BLACK
6
CONTINUOUS
10
6.1467621259842522
20
-3.947691062992126
11
6.1464791732283466
21
-3.9475468897637795
0
LINE
8
BLACK
6
CONTINUOUS
10
6.1464791732283466
20
-3.9475468897637795
11
6.0482755118110232
21
-3.8493432677165353
0
LINE
8
BLACK
6
CONTINUOUS
10
6.0482755118110232
20
-3.8493432677165353
11
6.0481312992125984
21
-3.8490601968503935
0
LINE
8
BLACK
6
CONTINUOUS
10
6.0481312992125984
20
-3.8490601968503935
11
6.0478742913385828
21
-3.8488735039370079
0
LINE
8
BLACK
6
CONTINUOUS
10
6.0478742913385828
20
-3.8488735039370079
11
6.0475893700787404
21
-3.8479966535433068
0
LINE
8
BLACK
6
CONTINUOUS
10
6.0475893700787404
20
-3.8479966535433068
11
6.047170866141732
21
-3.8471752362204725
0
LINE
8
BLACK
6
CONTINUOUS
10
6.047170866141732
20
-3.8471752362204725
11
6.0472205511811019
21
-3.8468614566929134
0
LINE
8
BLACK
6
CONTINUOUS
10
6.0472205511811019
20
-3.8468614566929134
11
6.0471224015748026
21
-3.8465593700787402
0
LINE
8
BLACK
6
CONTINUOUS
10
6.0471224015748026
20
-3.8465593700787402
11
6.0471224015748026
21
-3.7568146062992125
0
LINE
8
BLACK
6
CONTINUOUS
10
6.0471224015748026
20
-3.7568146062992125
11
6.0472205511811019
21
-3.7565124803149605
0
LINE
8
BLACK
6
CONTINUOUS
10
6.0472205511811019
20
-3.7565124803149605
11
6.047170866141732
21
-3.7561987401574801
0
LINE
8
BLACK
6
CONTINUOUS
10
6.047170866141732
20
-3.7561987401574801
11
6.0475893700787404
21
-3.7553772834645667
0
LINE
8
BLACK
6
CONTINUOUS
10
6.0475893700787404
20
-3.7553772834645667
11
6.0478742913385828
21
-3.7545004724409448
0
LINE
8
BLACK
6
CONTINUOUS
10
6.0478742913385828
20
-3.7545004724409448
11
6.0481312992125984
21
-3.7543137401574804
0
LINE
8
BLACK
6
CONTINUOUS
10
6.0481312992125984
20
-3.7543137401574804
11
6.0482755118110232
21
-3.7540307086614173
0
LINE
8
BLACK
6
CONTINUOUS
10
6.0482755118110232
20
-3.7540307086614173
11
6.0708081496062993
21
-3.7314980708661416
0
LINE
8
BLACK
6
CONTINUOUS
10
6.0708081496062993
20
-3.7314980708661416
11
6.0692746850393702
21
-3.728488464566929
0
LINE
8
BLACK
6
CONTINUOUS
10
6.0692746850393702
20
-3.728488464566929
11
6.0685039370078737
21
-3.7236220472440946
0
LINE
8
BLACK
6
CONTINUOUS
10
6.0685039370078737
20
-3.7236220472440946
11
6.0692746850393702
21
-3.7187556299212599
0
LINE
8
BLACK
6
CONTINUOUS
10
6.0692746850393702
20
-3.7187556299212599
11
6.0715115354330704
21
-3.7143655905511812
0
LINE
8
BLACK
6
CONTINUOUS
10
6.0715115354330704
20
-3.7143655905511812
11
6.0749955118110233
21
-3.7108816141732284
0
LINE
8
BLACK
6
CONTINUOUS
10
6.0749955118110233
20
-3.7108816141732284
11
6.0793855511811019
21
-3.7086447637795277
0
LINE
8
BLACK
6
CONTINUOUS
10
6.0793855511811019
20
-3.7086447637795277
11
6.0842519685039367
21
-3.7078740157480312
0
LINE
8
BLACK
6
CONTINUOUS
10
6.0842519685039367
20
-3.7078740157480312
11
6.0891183858267715
21
-3.7086447637795277
0
LINE
8
BLACK
6
CONTINUOUS
10
6.0834849212598421
20
-3.7541852755905509
11
6.0878749606299207
21
-3.7564221259842521
0
LINE
8
BLACK
6
CONTINUOUS
10
6.0878749606299207
20
-3.7564221259842521
11
6.0913589370078736
21
-3.7599061023622045
0
LINE
8
BLACK
6
CONTINUOUS
10
6.0913589370078736
20
-3.7599061023622045
11
6.0935957874015747
21
-3.7642961417322836
0
LINE
8
BLACK
6
CONTINUOUS
10
6.0935957874015747
20
-3.7642961417322836
11
6.0943665354330712
21
-3.7691625590551179
0
LINE
8
BLACK
6
CONTINUOUS
10
6.0943665354330712
20
-3.7691625590551179
11
6.0935957874015747
21
-3.7740289763779526
0
LINE
8
BLACK
6
CONTINUOUS
10
6.0935957874015747
20
-3.7740289763779526
11
6.0913589370078736
21
-3.7784190157480313
0
LINE
8
BLACK
6
CONTINUOUS
10
6.0913589370078736
20
-3.7784190157480313
11
6.0878749606299207
21
-3.7819029921259841
0
LINE
8
BLACK
6
CONTINUOUS
10
6.0878749606299207
20
-3.7819029921259841
11
6.0834849212598421
21
-3.7841398425196848
0
LINE
8
BLACK
6
CONTINUOUS
10
6.0834849212598421
20
-3.7841398425196848
11
6.0825555118110231
21
-3.7842870078740156
0
LINE
8
BLACK
6
CONTINUOUS
10
6.0825555118110231
20
-3.7842870078740156
11
6.0825555118110231
21
-3.8502160629921258
0
LINE
8
BLACK
6
CONTINUOUS
10
6.0825555118110231
20
-3.8502160629921258
11
6.1567488976377955
21
-3.9244094488188974
0
LINE
8
BLACK
6
CONTINUOUS
10
6.1567488976377955
20
-3.9244094488188974
11
6.3716535433070867
21
-3.9244094488188974
0
LINE
8
BLACK
6
CONTINUOUS
10
6.3716535433070867
20
-3.9244094488188974
11
6.385770787401575
21
-3.9244094488188974
0
LINE
8
BLACK
6
CONTINUOUS
10
6.385770787401575
20
-3.9244094488188974
11
6.4082398031496064
21
-3.901940433070866
0
LINE
8
BLACK
6
CONTINUOUS
10
6.4082398031496064
20
-3.901940433070866
11
6.4085228346456695
21
-3.9017962204724408
0
LINE
8
BLACK
6
CONTINUOUS
10
6.4085228346456695
20
-3.9017962204724408
11
6.4087095669291338
21
-3.9015392125984252
0
LINE
8
BLACK
6
CONTINUOUS
10
6.4087095669291338
20
-3.9015392125984252
11
6.4095863779527553
21
-3.9012542913385824
0
LINE
8
BLACK
6
CONTINUOUS
10
6.4095863779527553
20
-3.9012542913385824
11
6.4104078346456692
21
-3.9008357874015749
0
LINE
8
BLACK
6
CONTINUOUS
10
6.4104078346456692
20
-3.9008357874015749
11
6.4107215748031496
21
-3.9008854724409447
0
LINE
8
BLACK
6
CONTINUOUS
10
6.4107215748031496
20
-3.9008854724409447
11
6.4110237007874016
21
-3.9007873228346455
0
LINE
8
BLACK
6
CONTINUOUS
10
6.4110237007874016
20
-3.9007873228346455
11
6.5503015748031492
21
-3.9007873228346455
0
LINE
8
BLACK
6
CONTINUOUS
10
6.5503015748031492
20
-3.9007873228346455
11
6.5511359448818896
21
-3.8999529133858268
0
LINE
8
BLACK
6
CONTINUOUS
10
6.5511359448818896
20
-3.8999529133858268
11
6.5511360236220471
21
-3.8999528346456693
0
LINE
8
BLACK
6
CONTINUOUS
10
6.5511360236220471
20
-3.8999528346456693
11
6.5562240944881891
21
-3.8948647244094485
0
LINE
8
BLACK
6
CONTINUOUS
10
6.5562240944881891
20
-3.8948647244094485
11
6.5546906299212599
21
-3.8918551574803151
0
LINE
8
BLACK
6
CONTINUOUS
10
6.5546906299212599
20
-3.8918551574803151
11
6.5539198818897635
21
-3.8869887401574803
0
LINE
8
BLACK
6
CONTINUOUS
10
6.5539198818897635
20
-3.8869887401574803
11
6.5546906299212599
21
-3.8821223228346455
0
LINE
8
BLACK
6
CONTINUOUS
10
6.5546906299212599
20
-3.8821223228346455
11
6.5569274803149602
21
-3.8777322834645669
0
LINE
8
BLACK
6
CONTINUOUS
10
6.5569274803149602
20
-3.8777322834645669
11
6.560411456692913
21
-3.8742483070866141
0
LINE
8
BLACK
6
CONTINUOUS
10
6.560411456692913
20
-3.8742483070866141
11
6.5648014960629917
21
-3.8720114566929134
0
LINE
8
BLACK
6
CONTINUOUS
10
6.5648014960629917
20
-3.8720114566929134
11
6.5696679133858265
21
-3.8712407086614173
0
LINE
8
BLACK
6
CONTINUOUS
10
6.5696679133858265
20
-3.8712407086614173
11
6.5745343307086612
21
-3.8720114566929134
0
LINE
8
BLACK
6
CONTINUOUS
10
6.5745343307086612
20
-3.8720114566929134
11
6.5789243700787399
21
-3.8742483070866141
0
LINE
8
BLACK
6
CONTINUOUS
10
6.5789243700787399
20
-3.8742483070866141
11
6.5824083464566927
21
-3.8777322834645669
0
LINE
8
BLACK
6
CONTINUOUS
10
6.5824083464566927
20
-3.8777322834645669
11
6.5846451968503938
21
-3.8821223228346455
0
LINE
8
BLACK
6
CONTINUOUS
10
6.5846451968503938
20
-3.8821223228346455
11
6.5854159448818894
21
-3.8869887401574803
0
LINE
8
BLACK
6
CONTINUOUS
10
6.5854159448818894
20
-3.8869887401574803
11
6.5846451968503938
21
-3.8918551574803151
0
LINE
8
BLACK
6
CONTINUOUS
10
6.5846451968503938
20
-3.8918551574803151
11
6.5824083464566927
21
-3.8962451968503937
0
LINE
8
BLACK
6
CONTINUOUS
10
6.5824083464566927
20
-3.8962451968503937
11
6.5789243700787399
21
-3.8997291732283466
0
LINE
8
BLACK
6
CONTINUOUS
10
6.5789243700787399
20
-3.8997291732283466
11
6.5745343307086612
21
-3.9019660236220473
0
LINE
8
BLACK
6
CONTINUOUS
10
6.5745343307086612
20
-3.9019660236220473
11
6.5696679133858265
21
-3.9027367716535433
0
LINE
8
BLACK
6
CONTINUOUS
10
6.5696679133858265
20
-3.9027367716535433
11
6.5648014960629917
21
-3.9019660236220473
0
LINE
8
BLACK
6
CONTINUOUS
10
6.5648014960629917
20
-3.9019660236220473
11
6.5617918897637795
21
-3.9004325196850393
0
LINE
8
BLACK
6
CONTINUOUS
10
6.5617918897637795
20
-3.9004325196850393
11
6.5567038188976374
21
-3.9055206299212597
0
LINE
8
BLACK
6
CONTINUOUS
10
6.5567038188976374
20
-3.9055206299212597
11
6.5567037007874012
21
-3.9055206692913385
0
LINE
8
BLACK
6
CONTINUOUS
10
6.5567037007874012
20
-3.9055206692913385
11
6.5547162204724412
21
-3.9075082283464564
0
LINE
8
BLACK
6
CONTINUOUS
10
6.5547162204724412
20
-3.9075082283464564
11
6.5544331496062993
21
-3.9076524015748029
0
LINE
8
BLACK
6
CONTINUOUS
10
6.5544331496062993
20
-3.9076524015748029
11
6.5542464566929128
21
-3.9079094488188977
0
LINE
8
BLACK
6
CONTINUOUS
10
6.5542464566929128
20
-3.9079094488188977
11
6.5533696062992126
21
-3.9081943307086613
0
LINE
8
BLACK
6
CONTINUOUS
10
6.5533696062992126
20
-3.9081943307086613
11
6.5525481889763775
21
-3.908612874015748
0
LINE
8
BLACK
6
CONTINUOUS
10
6.5525481889763775
20
-3.908612874015748
11
6.5522344094488192
21
-3.9085631496062989
0
LINE
8
BLACK
6
CONTINUOUS
10
6.5522344094488192
20
-3.9085631496062989
11
6.5519323228346451
21
-3.9086613385826769
0
LINE
8
BLACK
6
CONTINUOUS
10
6.5519323228346451
20
-3.9086613385826769
11
6.4126544881889762
21
-3.9086613385826769
0
LINE
8
BLACK
6
CONTINUOUS
10
6.4126544881889762
20
-3.9086613385826769
11
6.3901854724409448
21
-3.9311303543307088
0
LINE
8
BLACK
6
CONTINUOUS
10
6.3901854724409448
20
-3.9311303543307088
11
6.3899024015748029
21
-3.9312745275590548
0
LINE
8
BLACK
6
CONTINUOUS
10
6.3899024015748029
20
-3.9312745275590548
11
6.3897157086614174
21
-3.9315315748031496
0
LINE
8
BLACK
6
CONTINUOUS
10
6.3897157086614174
20
-3.9315315748031496
11
6.3888388582677162
21
-3.9318164566929132
0
LINE
8
BLACK
6
CONTINUOUS
10
6.3888388582677162
20
-3.9318164566929132
11
6.388017440944882
21
-3.9322349999999999
0
LINE
8
BLACK
6
CONTINUOUS
10
6.388017440944882
20
-3.9322349999999999
11
6.3877036614173228
21
-3.9321852755905513
0
LINE
8
BLACK
6
CONTINUOUS
10
6.3877036614173228
20
-3.9321852755905513
11
6.3874015748031496
21
-3.9322834645669289
0
LINE
8
BLACK
6
CONTINUOUS
10
6.3874015748031496
20
-3.9322834645669289
11
6.3716535433070867
21
-3.9322834645669289
0
LINE
8
BLACK
6
CONTINUOUS
10
6.3716535433070867
20
-3.9322834645669289
11
6.15511811023622
21
-3.9322834645669289
0
LINE
8
BLACK
6
CONTINUOUS
10
6.15511811023622
20
-3.9322834645669289
11
6.1548159842519681
21
-3.9321852755905513
0
LINE
8
BLACK
6
CONTINUOUS
10
6.1548159842519681
20
-3.9321852755905513
11
6.1545022440944877
21
-3.9322349999999999
0
LINE
8
BLACK
6
CONTINUOUS
10
6.1545022440944877
20
-3.9322349999999999
11
6.1536807874015746
21
-3.9318164566929132
0
LINE
8
BLACK
6
CONTINUOUS
10
6.1536807874015746
20
-3.9318164566929132
11
6.1528039763779523
21
-3.9315315748031496
0
LINE
8
BLACK
6
CONTINUOUS
10
6.1528039763779523
20
-3.9315315748031496
11
6.152617244094488
21
-3.9312745275590548
0
LINE
8
BLACK
6
CONTINUOUS
10
6.152617244094488
20
-3.9312745275590548
11
6.1523342125984248
21
-3.9311303543307088
0
LINE
8
BLACK
6
CONTINUOUS
10
6.1523342125984248
20
-3.9311303543307088
11
6.0758346062992121
21
-3.8546307480314961
0
LINE
8
BLACK
6
CONTINUOUS
10
6.0758346062992121
20
-3.8546307480314961
11
6.0756903937007873
21
-3.8543476771653542
0
LINE
8
BLACK
6
CONTINUOUS
10
6.0756903937007873
20
-3.8543476771653542
11
6.0754333858267717
21
-3.8541609842519686
0
LINE
8
BLACK
6
CONTINUOUS
10
6.0754333858267717
20
-3.8541609842519686
11
6.0751484645669294
21
-3.8532841338582675
0
LINE
8
BLACK
6
CONTINUOUS
10
6.0751484645669294
20
-3.8532841338582675
11
6.074729960629921
21
-3.8524627165354328
0
LINE
8
BLACK
6
CONTINUOUS
10
6.074729960629921
20
-3.8524627165354328
11
6.0747796456692909
21
-3.8521489370078741
0
LINE
8
BLACK
6
CONTINUOUS
10
6.0747796456692909
20
-3.8521489370078741
11
6.0746814960629916
21
-3.8518468503937009
0
LINE
8
BLACK
6
CONTINUOUS
10
6.0746814960629916
20
-3.8518468503937009
11
6.0746814960629916
21
-3.7842870078740156
0
LINE
8
BLACK
6
CONTINUOUS
10
6.0746814960629916
20
-3.7842870078740156
11
6.0737520866141734
21
-3.7841398425196848
0
LINE
8
BLACK
6
CONTINUOUS
10
6.0737520866141734
20
-3.7841398425196848
11
6.0693620472440948
21
-3.7819029921259841
0
LINE
8
BLACK
6
CONTINUOUS
10
6.0693620472440948
20
-3.7819029921259841
11
6.0658780708661419
21
-3.7784190157480313
0
LINE
8
BLACK
6
CONTINUOUS
10
6.0658780708661419
20
-3.7784190157480313
11
6.0636412204724408
21
-3.7740289763779526
0
LINE
8
BLACK
6
CONTINUOUS
10
6.0636412204724408
20
-3.7740289763779526
11
6.0628704724409443
21
-3.7691625590551179
0
LINE
8
BLACK
6
CONTINUOUS
10
6.0628704724409443
20
-3.7691625590551179
11
6.0636412204724408
21
-3.7642961417322836
0
LINE
8
BLACK
6
CONTINUOUS
10
6.0636412204724408
20
-3.7642961417322836
11
6.0658780708661419
21
-3.7599061023622045
0
LINE
8
BLACK
6
CONTINUOUS
10
6.0658780708661419
20
-3.7599061023622045
11
6.0693620472440948
21
-3.7564221259842521
0
LINE
8
BLACK
6
CONTINUOUS
10
6.0693620472440948
20
-3.7564221259842521
11
6.0737520866141734
21
-3.7541852755905509
0
LINE
8
BLACK
6
CONTINUOUS
10
6.0737520866141734
20
-3.7541852755905509
11
6.0786185039370073
21
-3.7534145275590549
0
LINE
8
BLACK
6
CONTINUOUS
10
6.0786185039370073
20
-3.7534145275590549
11
6.0834849212598421
21
-3.7541852755905509
0
LINE
8
BLACK
6
CONTINUOUS
10
6.3922679921259844
20
-3.795258937007874
11
6.396658031496063
21
-3.7974957874015747
0
LINE
8
BLACK
6
CONTINUOUS
10
6.396658031496063
20
-3.7974957874015747
11
6.4001420078740159
21
-3.8009797637795275
0
LINE
8
BLACK
6
CONTINUOUS
10
6.4001420078740159
20
-3.8009797637795275
11
6.4018494094488192
21
-3.8043307086614173
0
LINE
8
BLACK
6
CONTINUOUS
10
6.4018494094488192
20
-3.8043307086614173
11
6.4476207086614172
21
-3.8043307086614173
0
LINE
8
BLACK
6
CONTINUOUS
10
6.4476207086614172
20
-3.8043307086614173
11
6.4483716929133861
21
-3.8045319291338582
0
LINE
8
BLACK
6
CONTINUOUS
10
6.4483716929133861
20
-3.8045319291338582
11
6.4491491732283466
21
-3.8045319291338582
0
LINE
8
BLACK
6
CONTINUOUS
10
6.4491491732283466
20
-3.8045319291338582
11
6.4498224803149604
21
-3.8049206299212597
0
LINE
8
BLACK
6
CONTINUOUS
10
6.4498224803149604
20
-3.8049206299212597
11
6.4505734645669293
21
-3.8051218897637793
0
LINE
8
BLACK
6
CONTINUOUS
10
6.4505734645669293
20
-3.8051218897637793
11
6.4511232283464564
21
-3.8056716535433068
0
LINE
8
BLACK
6
CONTINUOUS
10
6.4511232283464564
20
-3.8056716535433068
11
6.4517965354330711
21
-3.8060603937007875
0
LINE
8
BLACK
6
CONTINUOUS
10
6.4517965354330711
20
-3.8060603937007875
11
6.5029772047244094
21
-3.8572410629921259
0
LINE
8
BLACK
6
CONTINUOUS
10
6.5029772047244094
20
-3.8572410629921259
11
6.5085175196850393
21
-3.8627813779527558
0
LINE
8
BLACK
6
CONTINUOUS
10
6.5085175196850393
20
-3.8627813779527558
11
6.509682952755905
21
-3.8621875984251965
0
LINE
8
BLACK
6
CONTINUOUS
10
6.509682952755905
20
-3.8621875984251965
11
6.5145493700787398
21
-3.8614168503937005
0
LINE
8
BLACK
6
CONTINUOUS
10
6.5145493700787398
20
-3.8614168503937005
11
6.5194157874015746
21
-3.8621875984251965
0
LINE
8
BLACK
6
CONTINUOUS
10
6.5194157874015746
20
-3.8621875984251965
11
6.5238058267716532
21
-3.8644244488188977
0
LINE
8
BLACK
6
CONTINUOUS
10
6.5238058267716532
20
-3.8644244488188977
11
6.5272898031496061
21
-3.8679084251968505
0
LINE
8
BLACK
6
CONTINUOUS
10
6.5272898031496061
20
-3.8679084251968505
11
6.5295266535433072
21
-3.8722984645669292
0
LINE
8
BLACK
6
CONTINUOUS
10
6.5295266535433072
20
-3.8722984645669292
11
6.5302974015748028
21
-3.8771648818897635
0
LINE
8
BLACK
6
CONTINUOUS
10
6.5302974015748028
20
-3.8771648818897635
11
6.5295266535433072
21
-3.8820312992125983
0
LINE
8
BLACK
6
CONTINUOUS
10
6.5295266535433072
20
-3.8820312992125983
11
6.5272898031496061
21
-3.8864213385826769
0
LINE
8
BLACK
6
CONTINUOUS
10
6.5272898031496061
20
-3.8864213385826769
11
6.5238058267716532
21
-3.8899053149606297
0
LINE
8
BLACK
6
CONTINUOUS
10
6.5238058267716532
20
-3.8899053149606297
11
6.5194157874015746
21
-3.8921421653543304
0
LINE
8
BLACK
6
CONTINUOUS
10
6.5194157874015746
20
-3.8921421653543304
11
6.5145493700787398
21
-3.8929129133858269
0
LINE
8
BLACK
6
CONTINUOUS
10
6.5145493700787398
20
-3.8929129133858269
11
6.509682952755905
21
-3.8921421653543304
0
LINE
8
BLACK
6
CONTINUOUS
10
6.509682952755905
20
-3.8921421653543304
11
6.5052929133858264
21
-3.8899053149606297
0
LINE
8
BLACK
6
CONTINUOUS
10
6.5052929133858264
20
-3.8899053149606297
11
6.5018089370078735
21
-3.8864213385826769
0
LINE
8
BLACK
6
CONTINUOUS
10
6.5018089370078735
20
-3.8864213385826769
11
6.4995720866141733
21
-3.8820312992125983
0
LINE
8
BLACK
6
CONTINUOUS
10
6.4995720866141733
20
-3.8820312992125983
11
6.4988013385826768
21
-3.8771648818897635
0
LINE
8
BLACK
6
CONTINUOUS
10
6.4988013385826768
20
-3.8771648818897635
11
6.4995720866141733
21
-3.8722984645669292
0
LINE
8
BLACK
6
CONTINUOUS
10
6.4995720866141733
20
-3.8722984645669292
11
6.5001658661417325
21
-3.871133031496063
0
LINE
8
BLACK
6
CONTINUOUS
10
6.5001658661417325
20
-3.871133031496063
11
6.4946255511811026
21
-3.8655927165354331
0
LINE
8
BLACK
6
CONTINUOUS
10
6.4946255511811026
20
-3.8655927165354331
11
6.4451745669291336
21
-3.8161417322834645
0
LINE
8
BLACK
6
CONTINUOUS
10
6.4451745669291336
20
-3.8161417322834645
11
6.4018494094488192
21
-3.8161417322834645
0
LINE
8
BLACK
6
CONTINUOUS
10
6.4018494094488192
20
-3.8161417322834645
11
6.4001420078740159
21
-3.8194926771653543
0
LINE
8
BLACK
6
CONTINUOUS
10
6.4001420078740159
20
-3.8194926771653543
11
6.396658031496063
21
-3.8229766535433072
0
LINE
8
BLACK
6
CONTINUOUS
10
6.396658031496063
20
-3.8229766535433072
11
6.3922679921259844
21
-3.8252135039370079
0
LINE
8
BLACK
6
CONTINUOUS
10
6.3922679921259844
20
-3.8252135039370079
11
6.3874015748031496
21
-3.8259842519685039
0
LINE
8
BLACK
6
CONTINUOUS
10
6.3874015748031496
20
-3.8259842519685039
11
6.3825351574803149
21
-3.8252135039370079
0
LINE
8
BLACK
6
CONTINUOUS
10
6.3825351574803149
20
-3.8252135039370079
11
6.3781451181102362
21
-3.8229766535433072
0
LINE
8
BLACK
6
CONTINUOUS
10
6.3781451181102362
20
-3.8229766535433072
11
6.3746611417322834
21
-3.8194926771653543
0
LINE
8
BLACK
6
CONTINUOUS
10
6.3746611417322834
20
-3.8194926771653543
11
6.3724242913385822
21
-3.8151026377952757
0
LINE
8
BLACK
6
CONTINUOUS
10
6.3724242913385822
20
-3.8151026377952757
11
6.3716535433070867
21
-3.8102362204724409
0
LINE
8
BLACK
6
CONTINUOUS
10
6.3716535433070867
20
-3.8102362204724409
11
6.3724242913385822
21
-3.8053698031496062
0
LINE
8
BLACK
6
CONTINUOUS
10
6.3724242913385822
20
-3.8053698031496062
11
6.3746611417322834
21
-3.8009797637795275
0
LINE
8
BLACK
6
CONTINUOUS
10
6.3746611417322834
20
-3.8009797637795275
11
6.3781451181102362
21
-3.7974957874015747
0
LINE
8
BLACK
6
CONTINUOUS
10
6.3781451181102362
20
-3.7974957874015747
11
6.3825351574803149
21
-3.795258937007874
0
LINE
8
BLACK
6
CONTINUOUS
10
6.3825351574803149
20
-3.795258937007874
11
6.3874015748031496
21
-3.794488188976378
0
LINE
8
BLACK
6
CONTINUOUS
10
6.3874015748031496
20
-3.794488188976378
11
6.3922679921259844
21
-3.795258937007874
0
LINE
8
BLACK
6
CONTINUOUS
10
5.7523890551181101
20
-3.5791536220472442
11
5.7542194881889763
21
-3.581266062992126
0
LINE
8
BLACK
6
CONTINUOUS
10
5.7542194881889763
20
-3.581266062992126
11
5.754617283464567
21
-3.5840327559055116
0
LINE
8
BLACK
6
CONTINUOUS
10
5.754617283464567
20
-3.5840327559055116
11
5.7534561023622048
21
-3.5865752755905511
0
LINE
8
BLACK
6
CONTINUOUS
10
5.7534561023622048
20
-3.5865752755905511
11
5.752996653543307
21
-3.587039842519685
0
LINE
8
BLACK
6
CONTINUOUS
10
5.752996653543307
20
-3.587039842519685
11
5.7484966535433069
21
-3.5910264566929131
0
LINE
8
BLACK
6
CONTINUOUS
10
5.7484966535433069
20
-3.5910264566929131
11
5.7446921653543308
21
-3.5965381889763779
0
LINE
8
BLACK
6
CONTINUOUS
10
5.7446921653543308
20
-3.5965381889763779
11
5.7446920866141733
21
-3.5965383464566929
0
LINE
8
BLACK
6
CONTINUOUS
10
5.7446920866141733
20
-3.5965383464566929
11
5.7423172834645664
21
-3.6028003149606298
0
LINE
8
BLACK
6
CONTINUOUS
10
5.7423172834645664
20
-3.6028003149606298
11
5.7415100393700786
21
-3.6094487007874014
0
LINE
8
BLACK
6
CONTINUOUS
10
5.7415100393700786
20
-3.6094487007874014
11
5.7415100393700786
21
-3.6094488976377952
0
LINE
8
BLACK
6
CONTINUOUS
10
5.7415100393700786
20
-3.6094488976377952
11
5.7423172834645664
21
-3.6160972834645668
0
LINE
8
BLACK
6
CONTINUOUS
10
5.7423172834645664
20
-3.6160972834645668
11
5.7446920866141733
21
-3.6223592519685037
0
LINE
8
BLACK
6
CONTINUOUS
10
5.7446920866141733
20
-3.6223592519685037
11
5.7446921653543308
21
-3.6223594094488187
0
LINE
8
BLACK
6
CONTINUOUS
10
5.7446921653543308
20
-3.6223594094488187
11
5.7484966929133856
21
-3.6278711811023623
0
LINE
8
BLACK
6
CONTINUOUS
10
5.7484966929133856
20
-3.6278711811023623
11
5.7484967716535431
21
-3.6278712598425198
0
LINE
8
BLACK
6
CONTINUOUS
10
5.7484967716535431
20
-3.6278712598425198
11
5.7526896850393703
21
-3.6315858661417324
0
LINE
8
BLACK
6
CONTINUOUS
10
5.7526896850393703
20
-3.6315858661417324
11
5.7535097637795278
21
-3.6323123622047242
0
LINE
8
BLACK
6
CONTINUOUS
10
5.7535097637795278
20
-3.6323123622047242
11
5.7594399606299209
21
-3.6354248031496064
0
LINE
8
BLACK
6
CONTINUOUS
10
5.7594399606299209
20
-3.6354248031496064
11
5.7594399999999997
21
-3.6354248031496064
0
LINE
8
BLACK
6
CONTINUOUS
10
5.7594399999999997
20
-3.6354248031496064
11
5.7594400787401572
21
-3.6354248425196851
0
LINE
8
BLACK
6
CONTINUOUS
10
5.7594400787401572
20
-3.6354248425196851
11
5.7646700787401572
21
-3.6367138976377951
0
LINE
8
BLACK
6
CONTINUOUS
10
5.7646700787401572
20
-3.6367138976377951
11
5.7659426771653539
21
-3.637027559055118
0
LINE
8
BLACK
6
CONTINUOUS
10
5.7659426771653539
20
-3.637027559055118
11
5.7659427952755902
21
-3.637027559055118
0
LINE
8
BLACK
6
CONTINUOUS
10
5.7659427952755902
20
-3.637027559055118
11
5.7726398818897637
21
-3.637027559055118
0
LINE
8
BLACK
6
CONTINUOUS
10
5.7726398818897637
20
-3.637027559055118
11
5.77264
21
-3.637027559055118
0
LINE
8
BLACK
6
CONTINUOUS
10
5.77264
20
-3.637027559055118
11
5.779142716535433
21
-3.6354248031496064
0
LINE
8
BLACK
6
CONTINUOUS
10
5.779142716535433
20
-3.6354248031496064
11
5.785072913385827
21
-3.6323123622047242
0
LINE
8
BLACK
6
CONTINUOUS
10
5.785072913385827
20
-3.6323123622047242
11
5.7894523228346459
21
-3.6284325590551179
0
LINE
8
BLACK
6
CONTINUOUS
10
5.7894523228346459
20
-3.6284325590551179
11
5.7919819685039373
21
-3.6272435826771652
0
LINE
8
BLACK
6
CONTINUOUS
10
5.7919819685039373
20
-3.6272435826771652
11
5.792741811023622
21
-3.6271850393700786
0
LINE
8
BLACK
6
CONTINUOUS
10
5.792741811023622
20
-3.6271850393700786
11
5.8581658267716534
21
-3.6271850393700786
0
LINE
8
BLACK
6
CONTINUOUS
10
5.8581658267716534
20
-3.6271850393700786
11
5.8608477559055121
21
-3.6279725196850392
0
LINE
8
BLACK
6
CONTINUOUS
10
5.8608477559055121
20
-3.6279725196850392
11
5.8626781889763775
21
-3.630084960629921
0
LINE
8
BLACK
6
CONTINUOUS
10
5.8626781889763775
20
-3.630084960629921
11
5.8630759842519682
21
-3.6328516535433071
0
LINE
8
BLACK
6
CONTINUOUS
10
5.8630759842519682
20
-3.6328516535433071
11
5.861914803149606
21
-3.6353941732283466
0
LINE
8
BLACK
6
CONTINUOUS
10
5.861914803149606
20
-3.6353941732283466
11
5.8614553149606294
21
-3.6358587401574805
0
LINE
8
BLACK
6
CONTINUOUS
10
5.8614553149606294
20
-3.6358587401574805
11
5.8587329921259839
21
-3.6382704724409449
0
LINE
8
BLACK
6
CONTINUOUS
10
5.8587329921259839
20
-3.6382704724409449
11
5.8587329133858264
21
-3.6382705511811024
0
LINE
8
BLACK
6
CONTINUOUS
10
5.8587329133858264
20
-3.6382705511811024
11
5.8549283858267716
21
-3.6437823228346455
0
LINE
8
BLACK
6
CONTINUOUS
10
5.8549283858267716
20
-3.6437823228346455
11
5.854928307086614
21
-3.6437824803149605
0
LINE
8
BLACK
6
CONTINUOUS
10
5.854928307086614
20
-3.6437824803149605
11
5.852553503937008
21
-3.6500444488188974
0
LINE
8
BLACK
6
CONTINUOUS
10
5.852553503937008
20
-3.6500444488188974
11
5.8517462598425194
21
-3.6566928346456691
0
LINE
8
BLACK
6
CONTINUOUS
10
5.8517462598425194
20
-3.6566928346456691
11
5.8517462598425194
21
-3.6566930708661416
0
LINE
8
BLACK
6
CONTINUOUS
10
5.8517462598425194
20
-3.6566930708661416
11
5.8525030314960631
21
-3.6629257874015746
0
LINE
8
BLACK
6
CONTINUOUS
10
5.8525030314960631
20
-3.6629257874015746
11
5.8520445669291341
21
-3.6656830708661419
0
LINE
8
BLACK
6
CONTINUOUS
10
5.8520445669291341
20
-3.6656830708661419
11
5.8501681889763777
21
-3.6677547637795276
0
LINE
8
BLACK
6
CONTINUOUS
10
5.8501681889763777
20
-3.6677547637795276
11
5.8475785826771656
21
-3.6684843307086612
0
LINE
8
BLACK
6
CONTINUOUS
10
5.8475785826771656
20
-3.6684843307086612
11
5.7106891338582679
21
-3.6684843307086612
0
LINE
8
BLACK
6
CONTINUOUS
10
5.7106891338582679
20
-3.6684843307086612
11
5.7080072047244093
21
-3.6676968503937006
0
LINE
8
BLACK
6
CONTINUOUS
10
5.7080072047244093
20
-3.6676968503937006
11
5.706176771653543
21
-3.6655844094488188
0
LINE
8
BLACK
6
CONTINUOUS
10
5.706176771653543
20
-3.6655844094488188
11
5.7057646850393695
21
-3.6629257874015746
0
LINE
8
BLACK
6
CONTINUOUS
10
5.7057646850393695
20
-3.6629257874015746
11
5.7065214566929132
21
-3.6566930314960628
0
LINE
8
BLACK
6
CONTINUOUS
10
5.7065214566929132
20
-3.6566930314960628
11
5.7065214566929132
21
-3.6566927952755903
0
LINE
8
BLACK
6
CONTINUOUS
10
5.7065214566929132
20
-3.6566927952755903
11
5.7057141732283467
21
-3.6500444094488187
0
LINE
8
BLACK
6
CONTINUOUS
10
5.7057141732283467
20
-3.6500444094488187
11
5.7033393700787398
21
-3.6437824409448818
0
LINE
8
BLACK
6
CONTINUOUS
10
5.7033393700787398
20
-3.6437824409448818
11
5.7033392913385823
21
-3.6437822834645668
0
LINE
8
BLACK
6
CONTINUOUS
10
5.7033392913385823
20
-3.6437822834645668
11
5.6995347637795275
21
-3.6382705118110237
0
LINE
8
BLACK
6
CONTINUOUS
10
5.6995347637795275
20
-3.6382705118110237
11
5.69953468503937
21
-3.6382704330708662
0
LINE
8
BLACK
6
CONTINUOUS
10
5.69953468503937
20
-3.6382704330708662
11
5.6945219291338578
21
-3.6338295275590551
0
LINE
8
BLACK
6
CONTINUOUS
10
5.6945219291338578
20
-3.6338295275590551
11
5.6945216929133853
21
-3.6338293307086613
0
LINE
8
BLACK
6
CONTINUOUS
10
5.6945216929133853
20
-3.6338293307086613
11
5.6885915354330709
21
-3.6307169291338584
0
LINE
8
BLACK
6
CONTINUOUS
10
5.6885915354330709
20
-3.6307169291338584
11
5.6885913779527559
21
-3.6307168503937008
0
LINE
8
BLACK
6
CONTINUOUS
10
5.6885913779527559
20
-3.6307168503937008
11
5.6820889370078742
21
-3.6291141732283463
0
LINE
8
BLACK
6
CONTINUOUS
10
5.6820889370078742
20
-3.6291141732283463
11
5.6820888188976379
21
-3.6291141732283463
0
LINE
8
BLACK
6
CONTINUOUS
10
5.6820888188976379
20
-3.6291141732283463
11
5.6753914960629919
21
-3.6291141732283463
0
LINE
8
BLACK
6
CONTINUOUS
10
5.6753914960629919
20
-3.6291141732283463
11
5.6753913385826769
21
-3.6291141732283463
0
LINE
8
BLACK
6
CONTINUOUS
10
5.6753913385826769
20
-3.6291141732283463
11
5.6688888976377951
21
-3.6307168503937008
0
LINE
8
BLACK
6
CONTINUOUS
10
5.6688888976377951
20
-3.6307168503937008
11
5.6688887401574801
21
-3.6307169291338584
0
LINE
8
BLACK
6
CONTINUOUS
10
5.6688887401574801
20
-3.6307169291338584
11
5.6629585826771649
21
-3.6338293307086613
0
LINE
8
BLACK
6
CONTINUOUS
10
5.6629585826771649
20
-3.6338293307086613
11
5.6629583464566924
21
-3.6338295275590551
0
LINE
8
BLACK
6
CONTINUOUS
10
5.6629583464566924
20
-3.6338295275590551
11
5.6579455905511811
21
-3.6382704330708662
0
LINE
8
BLACK
6
CONTINUOUS
10
5.6579455905511811
20
-3.6382704330708662
11
5.6579455118110236
21
-3.6382705118110237
0
LINE
8
BLACK
6
CONTINUOUS
10
5.6579455118110236
20
-3.6382705118110237
11
5.6541409842519688
21
-3.6437822834645668
0
LINE
8
BLACK
6
CONTINUOUS
10
5.6541409842519688
20
-3.6437822834645668
11
5.6541409055118113
21
-3.6437824409448818
0
LINE
8
BLACK
6
CONTINUOUS
10
5.6541409055118113
20
-3.6437824409448818
11
5.6517661023622043
21
-3.6500444094488187
0
LINE
8
BLACK
6
CONTINUOUS
10
5.6517661023622043
20
-3.6500444094488187
11
5.6509588582677166
21
-3.6566927952755903
0
LINE
8
BLACK
6
CONTINUOUS
10
5.6509588582677166
20
-3.6566927952755903
11
5.6509588582677166
21
-3.6566929921259841
0
LINE
8
BLACK
6
CONTINUOUS
10
5.6509588582677166
20
-3.6566929921259841
11
5.6517661023622043
21
-3.6633413779527557
0
LINE
8
BLACK
6
CONTINUOUS
10
5.6517661023622043
20
-3.6633413779527557
11
5.6541409055118113
21
-3.6696033464566926
0
LINE
8
BLACK
6
CONTINUOUS
10
5.6541409055118113
20
-3.6696033464566926
11
5.6541409842519688
21
-3.6696035039370076
0
LINE
8
BLACK
6
CONTINUOUS
10
5.6541409842519688
20
-3.6696035039370076
11
5.6577524803149606
21
-3.6748355905511811
0
LINE
8
BLACK
6
CONTINUOUS
10
5.6577524803149606
20
-3.6748355905511811
11
5.6579455511811023
21
-3.6751153149606299
0
LINE
8
BLACK
6
CONTINUOUS
10
5.6579455511811023
20
-3.6751153149606299
11
5.660317047244094
21
-3.6772162204724408
0
LINE
8
BLACK
6
CONTINUOUS
10
5.660317047244094
20
-3.6772162204724408
11
5.6618022834645672
21
-3.6795840551181103
0
LINE
8
BLACK
6
CONTINUOUS
10
5.6618022834645672
20
-3.6795840551181103
11
5.6619881889763777
21
-3.6809293307086612
0
LINE
8
BLACK
6
CONTINUOUS
10
5.6619881889763777
20
-3.6809293307086612
11
5.6619881889763777
21
-3.6816172440944883
0
LINE
8
BLACK
6
CONTINUOUS
10
5.6619881889763777
20
-3.6816172440944883
11
5.66228
21
-3.6825153543307088
0
LINE
8
BLACK
6
CONTINUOUS
10
5.66228
20
-3.6825153543307088
11
5.6624617322834645
21
-3.683272283464567
0
LINE
8
BLACK
6
CONTINUOUS
10
5.6624617322834645
20
-3.683272283464567
11
5.6626094488188974
21
-3.6842051181102362
0
LINE
8
BLACK
6
CONTINUOUS
10
5.6626094488188974
20
-3.6842051181102362
11
5.6630381889763779
21
-3.6850464960629918
0
LINE
8
BLACK
6
CONTINUOUS
10
5.6630381889763779
20
-3.6850464960629918
11
5.6633361023622042
21
-3.6857657086614171
0
LINE
8
BLACK
6
CONTINUOUS
10
5.6633361023622042
20
-3.6857657086614171
11
5.6636279527559052
21
-3.6866639763779525
0
LINE
8
BLACK
6
CONTINUOUS
10
5.6636279527559052
20
-3.6866639763779525
11
5.6641830314960631
21
-3.6874279527559053
0
LINE
8
BLACK
6
CONTINUOUS
10
5.6641830314960631
20
-3.6874279527559053
11
5.6645897244094483
21
-3.688091653543307
0
LINE
8
BLACK
6
CONTINUOUS
10
5.6645897244094483
20
-3.688091653543307
11
5.6650185039370076
21
-3.6889331889763777
0
LINE
8
BLACK
6
CONTINUOUS
10
5.6650185039370076
20
-3.6889331889763777
11
5.6650185433070863
21
-3.6889332283464564
0
LINE
8
BLACK
6
CONTINUOUS
10
5.6650185433070863
20
-3.6889332283464564
11
5.6650185826771651
21
-3.6889332677165352
0
LINE
8
BLACK
6
CONTINUOUS
10
5.6650185826771651
20
-3.6889332677165352
11
5.6659624409448819
21
-3.689877125984252
0
LINE
8
BLACK
6
CONTINUOUS
10
5.6659624409448819
20
-3.689877125984252
11
5.6712909055118113
21
-3.6952055905511809
0
LINE
8
BLACK
6
CONTINUOUS
10
5.6712909055118113
20
-3.6952055905511809
11
5.6750431889763782
21
-3.6989578740157478
0
LINE
8
BLACK
6
CONTINUOUS
10
5.6750431889763782
20
-3.6989578740157478
11
5.6758848425196851
21
-3.6993867322834646
0
LINE
8
BLACK
6
CONTINUOUS
10
5.6758848425196851
20
-3.6993867322834646
11
5.6765482283464568
21
-3.6997932283464565
0
LINE
8
BLACK
6
CONTINUOUS
10
5.6765482283464568
20
-3.6997932283464565
11
5.6773124409448821
21
-3.7003484645669289
0
LINE
8
BLACK
6
CONTINUOUS
10
5.6773124409448821
20
-3.7003484645669289
11
5.6782105511811025
21
-3.7006402362204724
0
LINE
8
BLACK
6
CONTINUOUS
10
5.6782105511811025
20
-3.7006402362204724
11
5.678929724409449
21
-3.7009381496062992
0
LINE
8
BLACK
6
CONTINUOUS
10
5.678929724409449
20
-3.7009381496062992
11
5.6797712992125984
21
-3.7013669685039368
0
LINE
8
BLACK
6
CONTINUOUS
10
5.6797712992125984
20
-3.7013669685039368
11
5.6807042913385821
21
-3.7015146850393701
0
LINE
8
BLACK
6
CONTINUOUS
10
5.6807042913385821
20
-3.7015146850393701
11
5.6814609842519683
21
-3.7016963779527559
0
LINE
8
BLACK
6
CONTINUOUS
10
5.6814609842519683
20
-3.7016963779527559
11
5.682359212598425
21
-3.7019882677165352
0
LINE
8
BLACK
6
CONTINUOUS
10
5.682359212598425
20
-3.7019882677165352
11
5.6823592913385825
21
-3.7019882677165352
0
LINE
8
BLACK
6
CONTINUOUS
10
5.6823592913385825
20
-3.7019882677165352
11
5.9087555905511806
21
-3.7019882677165352
0
LINE
8
BLACK
6
CONTINUOUS
10
5.9087555905511806
20
-3.7019882677165352
11
5.9096535433070869
21
-3.7016964566929134
0
LINE
8
BLACK
6
CONTINUOUS
10
5.9096535433070869
20
-3.7016964566929134
11
5.9104104724409448
21
-3.7015146850393701
0
LINE
8
BLACK
6
CONTINUOUS
10
5.9104104724409448
20
-3.7015146850393701
11
5.9113434645669294
21
-3.7013669685039368
0
LINE
8
BLACK
6
CONTINUOUS
10
5.9113434645669294
20
-3.7013669685039368
11
5.9121849606299213
21
-3.7009381496062992
0
LINE
8
BLACK
6
CONTINUOUS
10
5.9121849606299213
20
-3.7009381496062992
11
5.9129043700787403
21
-3.7006401968503937
0
LINE
8
BLACK
6
CONTINUOUS
10
5.9129043700787403
20
-3.7006401968503937
11
5.9138022440944882
21
-3.7003485039370076
0
LINE
8
BLACK
6
CONTINUOUS
10
5.9138022440944882
20
-3.7003485039370076
11
5.9138022440944882
21
-3.7003484645669289
0
LINE
8
BLACK
6
CONTINUOUS
10
5.9138022440944882
20
-3.7003484645669289
11
5.9138023228346457
21
-3.7003484645669289
0
LINE
8
BLACK
6
CONTINUOUS
10
5.9138023228346457
20
-3.7003484645669289
11
5.9145661023622047
21
-3.699793464566929
0
LINE
8
BLACK
6
CONTINUOUS
10
5.9145661023622047
20
-3.699793464566929
11
5.9152301574803152
21
-3.6993865748031496
0
LINE
8
BLACK
6
CONTINUOUS
10
5.9152301574803152
20
-3.6993865748031496
11
5.915542244094488
21
-3.6992275196850395
0
LINE
8
BLACK
6
CONTINUOUS
10
5.915542244094488
20
-3.6992275196850395
11
5.9160715748031496
21
-3.6989578740157478
0
LINE
8
BLACK
6
CONTINUOUS
10
5.9160715748031496
20
-3.6989578740157478
11
5.9198238582677165
21
-3.6952055905511809
0
LINE
8
BLACK
6
CONTINUOUS
10
5.9198238582677165
20
-3.6952055905511809
11
5.9224146456692912
21
-3.6926148031496062
0
LINE
8
BLACK
6
CONTINUOUS
10
5.9224146456692912
20
-3.6926148031496062
11
5.9248678740157477
21
-3.6912751968503934
0
LINE
8
BLACK
6
CONTINUOUS
10
5.9248678740157477
20
-3.6912751968503934
11
5.9259223228346452
21
-3.6911618503937005
0
LINE
8
BLACK
6
CONTINUOUS
10
5.9259223228346452
20
-3.6911618503937005
11
5.9311951574803148
21
-3.6911618503937005
0
LINE
8
BLACK
6
CONTINUOUS
10
5.9311951574803148
20
-3.6911618503937005
11
5.9334217716535429
21
-3.6889352362204724
0
LINE
8
BLACK
6
CONTINUOUS
10
5.9334217716535429
20
-3.6889352362204724
11
5.9340950393700789
21
-3.6885464960629921
0
LINE
8
BLACK
6
CONTINUOUS
10
5.9340950393700789
20
-3.6885464960629921
11
5.9346448425196847
21
-3.6879967322834646
0
LINE
8
BLACK
6
CONTINUOUS
10
5.9346448425196847
20
-3.6879967322834646
11
5.9353957874015748
21
-3.687795472440945
0
LINE
8
BLACK
6
CONTINUOUS
10
5.9353957874015748
20
-3.687795472440945
11
5.9360691338582674
21
-3.687406771653543
0
LINE
8
BLACK
6
CONTINUOUS
10
5.9360691338582674
20
-3.687406771653543
11
5.9368466141732279
21
-3.687406771653543
0
LINE
8
BLACK
6
CONTINUOUS
10
5.9368466141732279
20
-3.687406771653543
11
5.9375975984251967
21
-3.6872055511811022
0
LINE
8
BLACK
6
CONTINUOUS
10
5.9375975984251967
20
-3.6872055511811022
11
6.1118232677165354
21
-3.6872055511811022
0
LINE
8
BLACK
6
CONTINUOUS
10
6.1118232677165354
20
-3.6872055511811022
11
6.1125742519685042
21
-3.687406771653543
0
LINE
8
BLACK
6
CONTINUOUS
10
6.1125742519685042
20
-3.687406771653543
11
6.1133517322834647
21
-3.687406771653543
0
LINE
8
BLACK
6
CONTINUOUS
10
6.1133517322834647
20
-3.687406771653543
11
6.1140250393700786
21
-3.687795472440945
0
LINE
8
BLACK
6
CONTINUOUS
10
6.1140250393700786
20
-3.687795472440945
11
6.1147760236220474
21
-3.6879967322834646
0
LINE
8
BLACK
6
CONTINUOUS
10
6.1147760236220474
20
-3.6879967322834646
11
6.1153257874015745
21
-3.6885464960629921
0
LINE
8
BLACK
6
CONTINUOUS
10
6.1153257874015745
20
-3.6885464960629921
11
6.1159990944881892
21
-3.6889352362204724
0
LINE
8
BLACK
6
CONTINUOUS
10
6.1159990944881892
20
-3.6889352362204724
11
6.1166173622047246
21
-3.6895535039370078
0
LINE
8
BLACK
6
CONTINUOUS
10
6.1166173622047246
20
-3.6895535039370078
11
6.1177827952755903
21
-3.6889597244094485
0
LINE
8
BLACK
6
CONTINUOUS
10
6.1177827952755903
20
-3.6889597244094485
11
6.1226492125984251
21
-3.6881889763779525
0
LINE
8
BLACK
6
CONTINUOUS
10
6.1226492125984251
20
-3.6881889763779525
11
6.1275156299212599
21
-3.6889597244094485
0
LINE
8
BLACK
6
CONTINUOUS
10
6.1275156299212599
20
-3.6889597244094485
11
6.131837519685039
21
-3.6911618503937005
0
LINE
8
BLACK
6
CONTINUOUS
10
6.131837519685039
20
-3.6911618503937005
11
6.1412485039370077
21
-3.6911618503937005
0
LINE
8
BLACK
6
CONTINUOUS
10
6.1412485039370077
20
-3.6911618503937005
11
6.1439304330708664
21
-3.6919493307086615
0
LINE
8
BLACK
6
CONTINUOUS
10
6.1439304330708664
20
-3.6919493307086615
11
6.1447561811023617
21
-3.6926147637795275
0
LINE
8
BLACK
6
CONTINUOUS
10
6.1447561811023617
20
-3.6926147637795275
11
6.1705285433070864
21
-3.7183870866141731
0
LINE
8
BLACK
6
CONTINUOUS
10
6.1705285433070864
20
-3.7183870866141731
11
6.1705290551181102
21
-3.7183876771653543
0
LINE
8
BLACK
6
CONTINUOUS
10
6.1705290551181102
20
-3.7183876771653543
11
6.1745635826771652
21
-3.7224222047244093
0
LINE
8
BLACK
6
CONTINUOUS
10
6.1745635826771652
20
-3.7224222047244093
11
6.1745636614173227
21
-3.7224222440944881
0
LINE
8
BLACK
6
CONTINUOUS
10
6.1745636614173227
20
-3.7224222440944881
11
6.1745637401574802
21
-3.7224223228346456
0
LINE
8
BLACK
6
CONTINUOUS
10
6.1745637401574802
20
-3.7224223228346456
11
6.1754055118110234
21
-3.7228512204724407
0
LINE
8
BLACK
6
CONTINUOUS
10
6.1754055118110234
20
-3.7228512204724407
11
6.1760688582677163
21
-3.723257716535433
0
LINE
8
BLACK
6
CONTINUOUS
10
6.1760688582677163
20
-3.723257716535433
11
6.1768329921259841
21
-3.7238129133858267
0
LINE
8
BLACK
6
CONTINUOUS
10
6.1768329921259841
20
-3.7238129133858267
11
6.1777312204724408
21
-3.724104724409449
0
LINE
8
BLACK
6
CONTINUOUS
10
6.1777312204724408
20
-3.724104724409449
11
6.1784503937007873
21
-3.7244026377952757
0
LINE
8
BLACK
6
CONTINUOUS
10
6.1784503937007873
20
-3.7244026377952757
11
6.1792918503937004
21
-3.7248314173228345
0
LINE
8
BLACK
6
CONTINUOUS
10
6.1792918503937004
20
-3.7248314173228345
11
6.1802248425196851
21
-3.7249791338582678
0
LINE
8
BLACK
6
CONTINUOUS
10
6.1802248425196851
20
-3.7249791338582678
11
6.1809815354330704
21
-3.7251608267716536
0
LINE
8
BLACK
6
CONTINUOUS
10
6.1809815354330704
20
-3.7251608267716536
11
6.1818797637795271
21
-3.725452716535433
0
LINE
8
BLACK
6
CONTINUOUS
10
6.1818797637795271
20
-3.725452716535433
11
6.1832146062992122
21
-3.725452716535433
0
LINE
8
BLACK
6
CONTINUOUS
10
6.1832146062992122
20
-3.725452716535433
11
6.3063299212598425
21
-3.725452716535433
0
LINE
8
BLACK
6
CONTINUOUS
10
6.3063299212598425
20
-3.725452716535433
11
6.3072789763779529
21
-3.7245036614173226
0
LINE
8
BLACK
6
CONTINUOUS
10
6.3072789763779529
20
-3.7245036614173226
11
6.3116690157480315
21
-3.7222668110236219
0
LINE
8
BLACK
6
CONTINUOUS
10
6.3116690157480315
20
-3.7222668110236219
11
6.3165354330708663
21
-3.7214960629921259
0
LINE
8
BLACK
6
CONTINUOUS
10
6.3165354330708663
20
-3.7214960629921259
11
6.3214018503937011
21
-3.7222668110236219
0
LINE
8
BLACK
6
CONTINUOUS
10
6.3214018503937011
20
-3.7222668110236219
11
6.3257918897637797
21
-3.7245036614173226
0
LINE
8
BLACK
6
CONTINUOUS
10
6.3257918897637797
20
-3.7245036614173226
11
6.3267409448818892
21
-3.725452716535433
0
LINE
8
BLACK
6
CONTINUOUS
10
6.3267409448818892
20
-3.725452716535433
11
6.4697858267716537
21
-3.725452716535433
0
LINE
8
BLACK
6
CONTINUOUS
10
6.4697858267716537
20
-3.725452716535433
11
6.4724677559055115
21
-3.7262401968503935
0
LINE
8
BLACK
6
CONTINUOUS
10
6.4724677559055115
20
-3.7262401968503935
11
6.4732935039370076
21
-3.72690562992126
0
LINE
8
BLACK
6
CONTINUOUS
10
6.4732935039370076
20
-3.72690562992126
11
6.4875703149606299
21
-3.741182401574803
0
LINE
8
BLACK
6
CONTINUOUS
10
6.4875703149606299
20
-3.741182401574803
11
6.4875708267716536
21
-3.7411829921259843
0
LINE
8
BLACK
6
CONTINUOUS
10
6.4875708267716536
20
-3.7411829921259843
11
6.4916053543307086
21
-3.7452175196850392
0
LINE
8
BLACK
6
CONTINUOUS
10
6.4916053543307086
20
-3.7452175196850392
11
6.4916054330708661
21
-3.745217559055118
0
LINE
8
BLACK
6
CONTINUOUS
10
6.4916054330708661
20
-3.745217559055118
11
6.4916055118110236
21
-3.7452176377952755
0
LINE
8
BLACK
6
CONTINUOUS
10
6.4916055118110236
20
-3.7452176377952755
11
6.4924472834645668
21
-3.7456465354330706
0
LINE
8
BLACK
6
CONTINUOUS
10
6.4924472834645668
20
-3.7456465354330706
11
6.4931106299212598
21
-3.7460530314960629
0
LINE
8
BLACK
6
CONTINUOUS
10
6.4931106299212598
20
-3.7460530314960629
11
6.4938747637795275
21
-3.7466082283464566
0
LINE
8
BLACK
6
CONTINUOUS
10
6.4938747637795275
20
-3.7466082283464566
11
6.4947729921259842
21
-3.7469000393700789
0
LINE
8
BLACK
6
CONTINUOUS
10
6.4947729921259842
20
-3.7469000393700789
11
6.4954921653543307
21
-3.7471979527559056
0
LINE
8
BLACK
6
CONTINUOUS
10
6.4954921653543307
20
-3.7471979527559056
11
6.4963336220472438
21
-3.7476267322834644
0
LINE
8
BLACK
6
CONTINUOUS
10
6.4963336220472438
20
-3.7476267322834644
11
6.4972666141732285
21
-3.7477744488188978
0
LINE
8
BLACK
6
CONTINUOUS
10
6.4972666141732285
20
-3.7477744488188978
11
6.4980233070866138
21
-3.7479561417322835
0
LINE
8
BLACK
6
CONTINUOUS
10
6.4980233070866138
20
-3.7479561417322835
11
6.4989215354330705
21
-3.7482480314960629
0
LINE
8
BLACK
6
CONTINUOUS
10
6.4989215354330705
20
-3.7482480314960629
11
6.5002563779527556
21
-3.7482480314960629
0
LINE
8
BLACK
6
CONTINUOUS
10
6.5002563779527556
20
-3.7482480314960629
11
6.5319512992125981
21
-3.7482480314960629
0
LINE
8
BLACK
6
CONTINUOUS
10
6.5319512992125981
20
-3.7482480314960629
11
6.5346332283464568
21
-3.7490355118110235
0
LINE
8
BLACK
6
CONTINUOUS
10
6.5346332283464568
20
-3.7490355118110235
11
6.5354589763779529
21
-3.7497009842519686
0
LINE
8
BLACK
6
CONTINUOUS
10
6.5354589763779529
20
-3.7497009842519686
11
6.5415487401574799
21
-3.755790748031496
0
LINE
8
BLACK
6
CONTINUOUS
10
6.5415487401574799
20
-3.755790748031496
11
6.5453131889763778
21
-3.7563869685039371
0
LINE
8
BLACK
6
CONTINUOUS
10
6.5453131889763778
20
-3.7563869685039371
11
6.5497032283464565
21
-3.7586238188976377
0
LINE
8
BLACK
6
CONTINUOUS
10
6.5497032283464565
20
-3.7586238188976377
11
6.5531872047244093
21
-3.7621077952755906
0
LINE
8
BLACK
6
CONTINUOUS
10
6.5531872047244093
20
-3.7621077952755906
11
6.5554240551181104
21
-3.7664978346456692
0
LINE
8
BLACK
6
CONTINUOUS
10
6.5554240551181104
20
-3.7664978346456692
11
6.5560202362204727
21
-3.770262244094488
0
LINE
8
BLACK
6
CONTINUOUS
10
6.5560202362204727
20
-3.770262244094488
11
6.574467401574803
21
-3.7887094094488187
0
LINE
8
BLACK
6
CONTINUOUS
10
6.574467401574803
20
-3.7887094094488187
11
6.5782196850393699
21
-3.7924616929133856
0
LINE
8
BLACK
6
CONTINUOUS
10
6.5782196850393699
20
-3.7924616929133856
11
6.5790612598425193
21
-3.7928904724409449
0
LINE
8
BLACK
6
CONTINUOUS
10
6.5790612598425193
20
-3.7928904724409449
11
6.5797249606299211
21
-3.7932972047244093
0
LINE
8
BLACK
6
CONTINUOUS
10
6.5797249606299211
20
-3.7932972047244093
11
6.5804888582677163
21
-3.793852244094488
0
LINE
8
BLACK
6
CONTINUOUS
10
6.5804888582677163
20
-3.793852244094488
11
6.5804888976377951
21
-3.793852244094488
0
LINE
8
BLACK
6
CONTINUOUS
10
6.5804888976377951
20
-3.793852244094488
11
6.5804889370078739
21
-3.7938522834645667
0
LINE
8
BLACK
6
CONTINUOUS
10
6.5804889370078739
20
-3.7938522834645667
11
6.5813871653543305
21
-3.794144094488189
0
LINE
8
BLACK
6
CONTINUOUS
10
6.5813871653543305
20
-3.794144094488189
11
6.582106338582677
21
-3.7944420078740158
0
LINE
8
BLACK
6
CONTINUOUS
10
6.582106338582677
20
-3.7944420078740158
11
6.5829477952755902
21
-3.7948707874015746
0
LINE
8
BLACK
6
CONTINUOUS
10
6.5829477952755902
20
-3.7948707874015746
11
6.5838807874015748
21
-3.7950185039370079
0
LINE
8
BLACK
6
CONTINUOUS
10
6.5838807874015748
20
-3.7950185039370079
11
6.5846374803149601
21
-3.7952001968503937
0
LINE
8
BLACK
6
CONTINUOUS
10
6.5846374803149601
20
-3.7952001968503937
11
6.5855357086614168
21
-3.795492086614173
0
LINE
8
BLACK
6
CONTINUOUS
10
6.5855357086614168
20
-3.795492086614173
11
6.5868705511811019
21
-3.795492086614173
0
LINE
8
BLACK
6
CONTINUOUS
10
6.5868705511811019
20
-3.795492086614173
11
6.5988803543307082
21
-3.795492086614173
0
LINE
8
BLACK
6
CONTINUOUS
10
6.5988803543307082
20
-3.795492086614173
11
6.6015622834645669
21
-3.7962795669291336
0
LINE
8
BLACK
6
CONTINUOUS
10
6.6015622834645669
20
-3.7962795669291336
11
6.602388031496063
21
-3.7969450393700788
0
LINE
8
BLACK
6
CONTINUOUS
10
6.602388031496063
20
-3.7969450393700788
11
6.6103236220472441
21
-3.8048806299212599
0
LINE
8
BLACK
6
CONTINUOUS
10
6.6103236220472441
20
-3.8048806299212599
11
6.6116632283464565
21
-3.8073338582677163
0
LINE
8
BLACK
6
CONTINUOUS
10
6.6116632283464565
20
-3.8073338582677163
11
6.6117403937007868
21
-3.808986181102362
0
LINE
8
BLACK
6
CONTINUOUS
10
6.6117403937007868
20
-3.808986181102362
11
6.6115886614173229
21
-3.8102359055118109
0
LINE
8
BLACK
6
CONTINUOUS
10
6.6115886614173229
20
-3.8102359055118109
11
6.6115886614173229
21
-3.8102361811023622
0
LINE
8
BLACK
6
CONTINUOUS
10
6.6115886614173229
20
-3.8102361811023622
11
6.6123959055118107
21
-3.8168845669291338
0
LINE
8
BLACK
6
CONTINUOUS
10
6.6123959055118107
20
-3.8168845669291338
11
6.6147707086614176
21
-3.8231465354330707
0
LINE
8
BLACK
6
CONTINUOUS
10
6.6147707086614176
20
-3.8231465354330707
11
6.6147707874015751
21
-3.8231466929133857
0
LINE
8
BLACK
6
CONTINUOUS
10
6.6147707874015751
20
-3.8231466929133857
11
6.6185753149606299
21
-3.8286584645669293
0
LINE
8
BLACK
6
CONTINUOUS
10
6.6185753149606299
20
-3.8286584645669293
11
6.6185753937007874
21
-3.8286585433070863
0
LINE
8
BLACK
6
CONTINUOUS
10
6.6185753937007874
20
-3.8286585433070863
11
6.6185755118110237
21
-3.8286586614173226
0
LINE
8
BLACK
6
CONTINUOUS
10
6.6185755118110237
20
-3.8286586614173226
11
6.6235883858267712
21
-3.8330996456692912
0
LINE
8
BLACK
6
CONTINUOUS
10
6.6235883858267712
20
-3.8330996456692912
11
6.6241661417322835
21
-3.8334028740157478
0
LINE
8
BLACK
6
CONTINUOUS
10
6.6241661417322835
20
-3.8334028740157478
11
6.6261748031496062
21
-3.8353464173228344
0
LINE
8
BLACK
6
CONTINUOUS
10
6.6261748031496062
20
-3.8353464173228344
11
6.6268138976377955
21
-3.8380675196850391
0
LINE
8
BLACK
6
CONTINUOUS
10
6.6268138976377955
20
-3.8380675196850391
11
6.6258803937007871
21
-3.8407021653543305
0
LINE
8
BLACK
6
CONTINUOUS
10
6.6258803937007871
20
-3.8407021653543305
11
6.6241661811023622
21
-3.8421875590551182
0
LINE
8
BLACK
6
CONTINUOUS
10
6.6241661811023622
20
-3.8421875590551182
11
6.6236368897637794
21
-3.8424653543307086
0
LINE
8
BLACK
6
CONTINUOUS
10
6.6236368897637794
20
-3.8424653543307086
11
6.62358842519685
21
-3.8424908267716535
0
LINE
8
BLACK
6
CONTINUOUS
10
6.62358842519685
20
-3.8424908267716535
11
6.623588267716535
21
-3.8424909448818898
0
LINE
8
BLACK
6
CONTINUOUS
10
6.623588267716535
20
-3.8424909448818898
11
6.6185755118110237
21
-3.8469318503937009
0
LINE
8
BLACK
6
CONTINUOUS
10
6.6185755118110237
20
-3.8469318503937009
11
6.6185754330708662
21
-3.8469319291338584
0
LINE
8
BLACK
6
CONTINUOUS
10
6.6185754330708662
20
-3.8469319291338584
11
6.6147709055118105
21
-3.8524437007874015
0
LINE
8
BLACK
6
CONTINUOUS
10
6.6147709055118105
20
-3.8524437007874015
11
6.614770826771653
21
-3.8524438582677165
0
LINE
8
BLACK
6
CONTINUOUS
10
6.614770826771653
20
-3.8524438582677165
11
6.6123960236220469
21
-3.8587058267716534
0
LINE
8
BLACK
6
CONTINUOUS
10
6.6123960236220469
20
-3.8587058267716534
11
6.6115887795275592
21
-3.865354212598425
0
LINE
8
BLACK
6
CONTINUOUS
10
6.6115887795275592
20
-3.865354212598425
11
6.6115887795275592
21
-3.8653544094488188
0
LINE
8
BLACK
6
CONTINUOUS
10
6.6115887795275592
20
-3.8653544094488188
11
6.6123960236220469
21
-3.8720027952755904
0
LINE
8
BLACK
6
CONTINUOUS
10
6.6123960236220469
20
-3.8720027952755904
11
6.614770826771653
21
-3.8782647637795273
0
LINE
8
BLACK
6
CONTINUOUS
10
6.614770826771653
20
-3.8782647637795273
11
6.6147709055118105
21
-3.8782649212598423
0
LINE
8
BLACK
6
CONTINUOUS
10
6.6147709055118105
20
-3.8782649212598423
11
6.6185754330708662
21
-3.8837766929133859
0
LINE
8
BLACK
6
CONTINUOUS
10
6.6185754330708662
20
-3.8837766929133859
11
6.6185755118110237
21
-3.8837767716535434
0
LINE
8
BLACK
6
CONTINUOUS
10
6.6185755118110237
20
-3.8837767716535434
11
6.6222010629921257
21
-3.8869887401574803
0
LINE
8
BLACK
6
CONTINUOUS
10
6.6222010629921257
20
-3.8869887401574803
11
6.6235885039370075
21
-3.8882178740157478
0
LINE
8
BLACK
6
CONTINUOUS
10
6.6235885039370075
20
-3.8882178740157478
11
6.6295187007874015
21
-3.89133031496063
0
LINE
8
BLACK
6
CONTINUOUS
10
6.6295187007874015
20
-3.89133031496063
11
6.6295187401574802
21
-3.89133031496063
0
LINE
8
BLACK
6
CONTINUOUS
10
6.6295187401574802
20
-3.89133031496063
11
6.6295188188976377
21
-3.8913303543307087
0
LINE
8
BLACK
6
CONTINUOUS
10
6.6295188188976377
20
-3.8913303543307087
11
6.6355887007874017
21
-3.8928264173228344
0
LINE
8
BLACK
6
CONTINUOUS
10
6.6355887007874017
20
-3.8928264173228344
11
6.6360214173228345
21
-3.8929330708661416
0
LINE
8
BLACK
6
CONTINUOUS
10
6.6360214173228345
20
-3.8929330708661416
11
6.6360215354330707
21
-3.8929330708661416
0
LINE
8
BLACK
6
CONTINUOUS
10
6.6360215354330707
20
-3.8929330708661416
11
6.6412032283464564
21
-3.8929330708661416
0
LINE
8
BLACK
6
CONTINUOUS
10
6.6412032283464564
20
-3.8929330708661416
11
6.6438851574803151
21
-3.8937205511811022
0
LINE
8
BLACK
6
CONTINUOUS
10
6.6438851574803151
20
-3.8937205511811022
11
6.6447109055118112
21
-3.8943860236220473
0
LINE
8
BLACK
6
CONTINUOUS
10
6.6447109055118112
20
-3.8943860236220473
11
6.712262677165354
21
-3.9619377952755905
0
LINE
8
BLACK
6
CONTINUOUS
10
6.712262677165354
20
-3.9619377952755905
11
6.7160149606299209
21
-3.9656900787401574
0
LINE
8
BLACK
6
CONTINUOUS
10
6.7160149606299209
20
-3.9656900787401574
11
6.7168562598425199
21
-3.96611874015748
0
LINE
8
BLACK
6
CONTINUOUS
10
6.7168562598425199
20
-3.96611874015748
11
6.717519921259842
21
-3.9665254330708661
0
LINE
8
BLACK
6
CONTINUOUS
10
6.717519921259842
20
-3.9665254330708661
11
6.7182841338582673
21
-3.9670806692913385
0
LINE
8
BLACK
6
CONTINUOUS
10
6.7182841338582673
20
-3.9670806692913385
11
6.718284173228346
21
-3.9670806692913385
0
LINE
8
BLACK
6
CONTINUOUS
10
6.718284173228346
20
-3.9670806692913385
11
6.7182842125984248
21
-3.9670807086614173
0
LINE
8
BLACK
6
CONTINUOUS
10
6.7182842125984248
20
-3.9670807086614173
11
6.719182362204724
21
-3.9673724803149604
0
LINE
8
BLACK
6
CONTINUOUS
10
6.719182362204724
20
-3.9673724803149604
11
6.7199013385826767
21
-3.9676702755905513
0
LINE
8
BLACK
6
CONTINUOUS
10
6.7199013385826767
20
-3.9676702755905513
11
6.720743070866142
21
-3.9680991732283464
0
LINE
8
BLACK
6
CONTINUOUS
10
6.720743070866142
20
-3.9680991732283464
11
6.7216760629921257
21
-3.968246929133858
0
LINE
8
BLACK
6
CONTINUOUS
10
6.7216760629921257
20
-3.968246929133858
11
6.7224325196850394
21
-3.968428503937008
0
LINE
8
BLACK
6
CONTINUOUS
10
6.7224325196850394
20
-3.968428503937008
11
6.7233309842519686
21
-3.9687204724409448
0
LINE
8
BLACK
6
CONTINUOUS
10
6.7233309842519686
20
-3.9687204724409448
11
6.7246658267716537
21
-3.9687204724409448
0
LINE
8
BLACK
6
CONTINUOUS
10
6.7246658267716537
20
-3.9687204724409448
11
6.7250992125984252
21
-3.9687204724409448
0
LINE
8
BLACK
6
CONTINUOUS
10
6.7250992125984252
20
-3.9687204724409448
11
6.727781141732283
21
-3.9695079527559054
0
LINE
8
BLACK
6
CONTINUOUS
10
6.727781141732283
20
-3.9695079527559054
11
6.728583700787401
21
-3.970195708661417
0
LINE
8
BLACK
6
CONTINUOUS
10
6.728583700787401
20
-3.970195708661417
11
6.7285870866141728
21
-3.9701919291338581
0
LINE
8
BLACK
6
CONTINUOUS
10
6.7285870866141728
20
-3.9701919291338581
11
6.7301383858267716
21
-3.9715662598425197
0
LINE
8
BLACK
6
CONTINUOUS
10
6.7301383858267716
20
-3.9715662598425197
11
6.7338247244094482
21
-3.9748320472440946
0
LINE
8
BLACK
6
CONTINUOUS
10
6.7338247244094482
20
-3.9748320472440946
11
6.7355906692913381
21
-3.9757588976377951
0
LINE
8
BLACK
6
CONTINUOUS
10
6.7355906692913381
20
-3.9757588976377951
11
6.7375992913385829
21
-3.977702401574803
0
LINE
8
BLACK
6
CONTINUOUS
10
6.7375992913385829
20
-3.977702401574803
11
6.7382383858267714
21
-3.9804235039370077
0
LINE
8
BLACK
6
CONTINUOUS
10
6.7382383858267714
20
-3.9804235039370077
11
6.7373048818897638
21
-3.9830581496062991
0
LINE
8
BLACK
6
CONTINUOUS
10
6.7373048818897638
20
-3.9830581496062991
11
6.7367929527559056
21
-3.9836588976377953
0
LINE
8
BLACK
6
CONTINUOUS
10
6.7367929527559056
20
-3.9836588976377953
11
6.7266488582677164
21
-3.9938029527559054
0
LINE
8
BLACK
6
CONTINUOUS
10
6.7266488582677164
20
-3.9938029527559054
11
6.7241957086614175
21
-3.9951424803149607
0
LINE
8
BLACK
6
CONTINUOUS
10
6.7241957086614175
20
-3.9951424803149607
11
6.7231412598425191
21
-3.9952558661417323
0
LINE
8
BLACK
6
CONTINUOUS
10
6.7231412598425191
20
-3.9952558661417323
11
6.451324645669291
21
-3.9952558661417323
0
LINE
8
BLACK
6
CONTINUOUS
10
6.451324645669291
20
-3.9952558661417323
11
6.4486427165354332
21
-3.9944683858267718
0
LINE
8
BLACK
6
CONTINUOUS
10
6.4486427165354332
20
-3.9944683858267718
11
6.4468122834645669
21
-3.9923559448818895
0
LINE
8
BLACK
6
CONTINUOUS
10
6.4468122834645669
20
-3.9923559448818895
11
6.4464001968503934
21
-3.989697283464567
0
LINE
8
BLACK
6
CONTINUOUS
10
6.4464001968503934
20
-3.989697283464567
11
6.4466789370078743
21
-3.9874016535433068
0
LINE
8
BLACK
6
CONTINUOUS
10
6.4466789370078743
20
-3.9874016535433068
11
6.4466789370078743
21
-3.9874014566929135
0
LINE
8
BLACK
6
CONTINUOUS
10
6.4466789370078743
20
-3.9874014566929135
11
6.4458716535433069
21
-3.9807530708661418
0
LINE
8
BLACK
6
CONTINUOUS
10
6.4458716535433069
20
-3.9807530708661418
11
6.4434968503937009
21
-3.9744911023622045
0
LINE
8
BLACK
6
CONTINUOUS
10
6.4434968503937009
20
-3.9744911023622045
11
6.4434967716535434
21
-3.9744909448818895
0
LINE
8
BLACK
6
CONTINUOUS
10
6.4434967716535434
20
-3.9744909448818895
11
6.4396922440944877
21
-3.9689791732283464
0
LINE
8
BLACK
6
CONTINUOUS
10
6.4396922440944877
20
-3.9689791732283464
11
6.4396921653543302
21
-3.9689790944881889
0
LINE
8
BLACK
6
CONTINUOUS
10
6.4396921653543302
20
-3.9689790944881889
11
6.4346794094488189
21
-3.9645381889763778
0
LINE
8
BLACK
6
CONTINUOUS
10
6.4346794094488189
20
-3.9645381889763778
11
6.4346791732283464
21
-3.964537992125984
0
LINE
8
BLACK
6
CONTINUOUS
10
6.4346791732283464
20
-3.964537992125984
11
6.4294833858267717
21
-3.961811023622047
0
LINE
8
BLACK
6
CONTINUOUS
10
6.4294833858267717
20
-3.961811023622047
11
6.4096157480314959
21
-3.961811023622047
0
LINE
8
BLACK
6
CONTINUOUS
10
6.4096157480314959
20
-3.961811023622047
11
6.4047710236220468
21
-3.9666557480314961
0
LINE
8
BLACK
6
CONTINUOUS
10
6.4047710236220468
20
-3.9666557480314961
11
6.4040977165354329
21
-3.9670444488188976
0
LINE
8
BLACK
6
CONTINUOUS
10
6.4040977165354329
20
-3.9670444488188976
11
6.4035479527559049
21
-3.9675942519685039
0
LINE
8
BLACK
6
CONTINUOUS
10
6.4035479527559049
20
-3.9675942519685039
11
6.402796968503937
21
-3.9677954724409448
0
LINE
8
BLACK
6
CONTINUOUS
10
6.402796968503937
20
-3.9677954724409448
11
6.4021236614173223
21
-3.968184212598425
0
LINE
8
BLACK
6
CONTINUOUS
10
6.4021236614173223
20
-3.968184212598425
11
6.4013461811023618
21
-3.968184212598425
0
LINE
8
BLACK
6
CONTINUOUS
10
6.4013461811023618
20
-3.968184212598425
11
6.4005951968503938
21
-3.9683854330708659
0
LINE
8
BLACK
6
CONTINUOUS
10
6.4005951968503938
20
-3.9683854330708659
11
6.2570087401574801
21
-3.9683854330708659
0
LINE
8
BLACK
6
CONTINUOUS
10
6.2570087401574801
20
-3.9683854330708659
11
6.248896299212598
21
-3.9764978740157479
0
LINE
8
BLACK
6
CONTINUOUS
10
6.248896299212598
20
-3.9764978740157479
11
6.2482229921259842
21
-3.9768865748031494
0
LINE
8
BLACK
6
CONTINUOUS
10
6.2482229921259842
20
-3.9768865748031494
11
6.2476732283464562
21
-3.9774363779527557
0
LINE
8
BLACK
6
CONTINUOUS
10
6.2476732283464562
20
-3.9774363779527557
11
6.2469222440944883
21
-3.9776375984251966
0
LINE
8
BLACK
6
CONTINUOUS
10
6.2469222440944883
20
-3.9776375984251966
11
6.2462489370078735
21
-3.9780263385826773
0
LINE
8
BLACK
6
CONTINUOUS
10
6.2462489370078735
20
-3.9780263385826773
11
6.245471456692913
21
-3.9780263385826773
0
LINE
8
BLACK
6
CONTINUOUS
10
6.245471456692913
20
-3.9780263385826773
11
6.2447204724409451
21
-3.9782275590551182
0
LINE
8
BLACK
6
CONTINUOUS
10
6.2447204724409451
20
-3.9782275590551182
11
6.2443690944881887
21
-3.9782275590551182
0
LINE
8
BLACK
6
CONTINUOUS
10
6.2443690944881887
20
-3.9782275590551182
11
6.2426616929133854
21
-3.981578503937008
0
LINE
8
BLACK
6
CONTINUOUS
10
6.2426616929133854
20
-3.981578503937008
11
6.2391777165354325
21
-3.9850624803149604
0
LINE
8
BLACK
6
CONTINUOUS
10
6.2391777165354325
20
-3.9850624803149604
11
6.2347876771653539
21
-3.9872993307086615
0
LINE
8
BLACK
6
CONTINUOUS
10
6.2347876771653539
20
-3.9872993307086615
11
6.2320691338582677
21
-3.9877298818897637
0
LINE
8
BLACK
6
CONTINUOUS
10
6.2320691338582677
20
-3.9877298818897637
11
6.2200906299212599
21
-3.999708464566929
0
LINE
8
BLACK
6
CONTINUOUS
10
6.2200906299212599
20
-3.999708464566929
11
6.2176374015748026
21
-4.0010480314960626
0
LINE
8
BLACK
6
CONTINUOUS
10
6.2176374015748026
20
-4.0010480314960626
11
6.2165829133858264
21
-4.0011614173228347
0
LINE
8
BLACK
6
CONTINUOUS
10
6.2165829133858264
20
-4.0011614173228347
11
6.0715157480314961
21
-4.0011614173228347
0
LINE
8
BLACK
6
CONTINUOUS
10
6.0715157480314961
20
-4.0011614173228347
11
6.0688338188976374
21
-4.0003739370078737
0
LINE
8
BLACK
6
CONTINUOUS
10
6.0688338188976374
20
-4.0003739370078737
11
6.0670033858267711
21
-3.9982614960629919
0
LINE
8
BLACK
6
CONTINUOUS
10
6.0670033858267711
20
-3.9982614960629919
11
6.0665551181102364
21
-3.9962007874015746
0
LINE
8
BLACK
6
CONTINUOUS
10
6.0665551181102364
20
-3.9962007874015746
11
6.0665551181102364
21
-3.9549157874015748
0
LINE
8
BLACK
6
CONTINUOUS
10
6.0665551181102364
20
-3.9549157874015748
11
6.0673425984251965
21
-3.9522338582677166
0
LINE
8
BLACK
6
CONTINUOUS
10
6.0673425984251965
20
-3.9522338582677166
11
6.0674332283464567
21
-3.9520978346456692
0
LINE
8
BLACK
6
CONTINUOUS
10
6.0674332283464567
20
-3.9520978346456692
11
6.0680034251968502
21
-3.9512716929133855
0
LINE
8
BLACK
6
CONTINUOUS
10
6.0680034251968502
20
-3.9512716929133855
11
6.0694810236220471
21
-3.9491311023622044
0
LINE
8
BLACK
6
CONTINUOUS
10
6.0694810236220471
20
-3.9491311023622044
11
6.0718559055118106
21
-3.9428689763779525
0
LINE
8
BLACK
6
CONTINUOUS
10
6.0718559055118106
20
-3.9428689763779525
11
6.0723339370078735
21
-3.9389319685039368
0
LINE
8
BLACK
6
CONTINUOUS
10
6.0723339370078735
20
-3.9389319685039368
11
6.072663188976378
21
-3.9362205511811021
0
LINE
8
BLACK
6
CONTINUOUS
10
6.072663188976378
20
-3.9362205511811021
11
6.072663188976378
21
-3.9362203543307084
0
LINE
8
BLACK
6
CONTINUOUS
10
6.072663188976378
20
-3.9362203543307084
11
6.0718559055118106
21
-3.9295719685039368
0
LINE
8
BLACK
6
CONTINUOUS
10
6.0718559055118106
20
-3.9295719685039368
11
6.0694811023622046
21
-3.9233099999999999
0
LINE
8
BLACK
6
CONTINUOUS
10
6.0694811023622046
20
-3.9233099999999999
11
6.0694810236220471
21
-3.9233098425196848
0
LINE
8
BLACK
6
CONTINUOUS
10
6.0694810236220471
20
-3.9233098425196848
11
6.067536023622047
21
-3.9204920472440943
0
LINE
8
BLACK
6
CONTINUOUS
10
6.067536023622047
20
-3.9204920472440943
11
6.0656764960629923
21
-3.9177980708661417
0
LINE
8
BLACK
6
CONTINUOUS
10
6.0656764960629923
20
-3.9177980708661417
11
6.0644706299212601
21
-3.9167297637795273
0
LINE
8
BLACK
6
CONTINUOUS
10
6.0644706299212601
20
-3.9167297637795273
11
6.0629854330708657
21
-3.9143620078740158
0
LINE
8
BLACK
6
CONTINUOUS
10
6.0629854330708657
20
-3.9143620078740158
11
6.0628603149606297
21
-3.9135662992125981
0
LINE
8
BLACK
6
CONTINUOUS
10
6.0628603149606297
20
-3.9135662992125981
11
6.0627464960629922
21
-3.9129647637795273
0
LINE
8
BLACK
6
CONTINUOUS
10
6.0627464960629922
20
-3.9129647637795273
11
6.0623874409448817
21
-3.9110673622047245
0
LINE
8
BLACK
6
CONTINUOUS
10
6.0623874409448817
20
-3.9110673622047245
11
6.0623568897637794
21
-3.910887401574803
0
LINE
8
BLACK
6
CONTINUOUS
10
6.0623568897637794
20
-3.910887401574803
11
6.0620215748031496
21
-3.9086625196850391
0
LINE
8
BLACK
6
CONTINUOUS
10
6.0620215748031496
20
-3.9086625196850391
11
6.0620214173228346
21
-3.9086622047244095
0
LINE
8
BLACK
6
CONTINUOUS
10
6.0620214173228346
20
-3.9086622047244095
11
6.061922047244094
21
-3.9083399606299212
0
LINE
8
BLACK
6
CONTINUOUS
10
6.061922047244094
20
-3.9083399606299212
11
6.0618120078740159
21
-3.9080254724409449
0
LINE
8
BLACK
6
CONTINUOUS
10
6.0618120078740159
20
-3.9080254724409449
11
6.0615003937007872
21
-3.9074359055118109
0
LINE
8
BLACK
6
CONTINUOUS
10
6.0615003937007872
20
-3.9074359055118109
11
6.0607604330708664
21
-3.9060358661417323
0
LINE
8
BLACK
6
CONTINUOUS
10
6.0607604330708664
20
-3.9060358661417323
11
6.0606775196850391
21
-3.9058716535433069
0
LINE
8
BLACK
6
CONTINUOUS
10
6.0606775196850391
20
-3.9058716535433069
11
6.0604557874015743
21
-3.905411181102362
0
LINE
8
BLACK
6
CONTINUOUS
10
6.0604557874015743
20
-3.905411181102362
11
6.0597017716535433
21
-3.9038453937007871
0
LINE
8
BLACK
6
CONTINUOUS
10
6.0597017716535433
20
-3.9038453937007871
11
6.059701653543307
21
-3.9038452755905513
0
LINE
8
BLACK
6
CONTINUOUS
10
6.059701653543307
20
-3.9038452755905513
11
6.059701653543307
21
-3.9038452362204725
0
LINE
8
BLACK
6
CONTINUOUS
10
6.059701653543307
20
-3.9038452362204725
11
6.0595131102362201
21
-3.9035686614173226
0
LINE
8
BLACK
6
CONTINUOUS
10
6.0595131102362201
20
-3.9035686614173226
11
6.0593136220472443
21
-3.903298346456693
0
LINE
8
BLACK
6
CONTINUOUS
10
6.0593136220472443
20
-3.903298346456693
11
6.0593135826771656
21
-3.9032983070866143
0
LINE
8
BLACK
6
CONTINUOUS
10
6.0593135826771656
20
-3.9032983070866143
11
6.0577229921259841
21
-3.9017077165354328
0
LINE
8
BLACK
6
CONTINUOUS
10
6.0577229921259841
20
-3.9017077165354328
11
6.0575963385826768
21
-3.9015762598425194
0
LINE
8
BLACK
6
CONTINUOUS
10
6.0575963385826768
20
-3.9015762598425194
11
6.0560651574803153
21
-3.8999260236220472
0
LINE
8
BLACK
6
CONTINUOUS
10
6.0560651574803153
20
-3.8999260236220472
11
6.0560651181102365
21
-3.8999259842519685
0
LINE
8
BLACK
6
CONTINUOUS
10
6.0560651181102365
20
-3.8999259842519685
11
6.0560649606299215
21
-3.8999258267716534
0
LINE
8
BLACK
6
CONTINUOUS
10
6.0560649606299215
20
-3.8999258267716534
11
6.0557745669291334
21
-3.8996942519685041
0
LINE
8
BLACK
6
CONTINUOUS
10
6.0557745669291334
20
-3.8996942519685041
11
6.0557957874015749
21
-3.8996675984251969
0
LINE
8
BLACK
6
CONTINUOUS
10
6.0557957874015749
20
-3.8996675984251969
11
6.055310236220472
21
-3.8992949606299212
0
LINE
8
BLACK
6
CONTINUOUS
10
6.055310236220472
20
-3.8992949606299212
11
6.0050159448818894
21
-3.8490006692913385
0
LINE
8
BLACK
6
CONTINUOUS
10
6.0050159448818894
20
-3.8490006692913385
11
6.003676338582677
21
-3.8465474409448817
0
LINE
8
BLACK
6
CONTINUOUS
10
6.003676338582677
20
-3.8465474409448817
11
6.0035629921259845
21
-3.8454929921259842
0
LINE
8
BLACK
6
CONTINUOUS
10
6.0035629921259845
20
-3.8454929921259842
11
6.0035629921259845
21
-3.7824195669291338
0
LINE
8
BLACK
6
CONTINUOUS
10
6.0035629921259845
20
-3.7824195669291338
11
6.0043504724409447
21
-3.7797376377952756
0
LINE
8
BLACK
6
CONTINUOUS
10
6.0043504724409447
20
-3.7797376377952756
11
6.0052342125984248
21
-3.7787064173228346
0
LINE
8
BLACK
6
CONTINUOUS
10
6.0052342125984248
20
-3.7787064173228346
11
6.0066211811023624
21
-3.7774776771653542
0
LINE
8
BLACK
6
CONTINUOUS
10
6.0066211811023624
20
-3.7774776771653542
11
6.0066213779527562
21
-3.7774775196850392
0
LINE
8
BLACK
6
CONTINUOUS
10
6.0066213779527562
20
-3.7774775196850392
11
6.010425905511811
21
-3.7719657480314961
0
LINE
8
BLACK
6
CONTINUOUS
10
6.010425905511811
20
-3.7719657480314961
11
6.0128007874015745
21
-3.7657036220472442
0
LINE
8
BLACK
6
CONTINUOUS
10
6.0128007874015745
20
-3.7657036220472442
11
6.0136080708661419
21
-3.7590551181102363
0
LINE
8
BLACK
6
CONTINUOUS
10
6.0136080708661419
20
-3.7590551181102363
11
6.0135528740157476
21
-3.7586006692913383
0
LINE
8
BLACK
6
CONTINUOUS
10
6.0135528740157476
20
-3.7586006692913383
11
6.0128007874015745
21
-3.7524066141732284
0
LINE
8
BLACK
6
CONTINUOUS
10
6.0128007874015745
20
-3.7524066141732284
11
6.0104259842519685
21
-3.7461446456692911
0
LINE
8
BLACK
6
CONTINUOUS
10
6.0104259842519685
20
-3.7461446456692911
11
6.010425905511811
21
-3.7461444881889765
0
LINE
8
BLACK
6
CONTINUOUS
10
6.010425905511811
20
-3.7461444881889765
11
6.0066213779527562
21
-3.7406327165354329
0
LINE
8
BLACK
6
CONTINUOUS
10
6.0066213779527562
20
-3.7406327165354329
11
6.0066212992125987
21
-3.7406326377952754
0
LINE
8
BLACK
6
CONTINUOUS
10
6.0066212992125987
20
-3.7406326377952754
11
6.0016085433070865
21
-3.7361917322834644
0
LINE
8
BLACK
6
CONTINUOUS
10
6.0016085433070865
20
-3.7361917322834644
11
6.001608307086614
21
-3.7361915354330706
0
LINE
8
BLACK
6
CONTINUOUS
10
6.001608307086614
20
-3.7361915354330706
11
5.9956781496062987
21
-3.7330791338582676
0
LINE
8
BLACK
6
CONTINUOUS
10
5.9956781496062987
20
-3.7330791338582676
11
5.9956779921259837
21
-3.7330790551181101
0
LINE
8
BLACK
6
CONTINUOUS
10
5.9956779921259837
20
-3.7330790551181101
11
5.989175551181102
21
-3.731476377952756
0
LINE
8
BLACK
6
CONTINUOUS
10
5.989175551181102
20
-3.731476377952756
11
5.9891754330708658
21
-3.731476377952756
0
LINE
8
BLACK
6
CONTINUOUS
10
5.9891754330708658
20
-3.731476377952756
11
5.9824781102362206
21
-3.731476377952756
0
LINE
8
BLACK
6
CONTINUOUS
10
5.9824781102362206
20
-3.731476377952756
11
5.9824779527559055
21
-3.731476377952756
0
LINE
8
BLACK
6
CONTINUOUS
10
5.9824779527559055
20
-3.731476377952756
11
5.9759755118110238
21
-3.7330790551181101
0
LINE
8
BLACK
6
CONTINUOUS
10
5.9759755118110238
20
-3.7330790551181101
11
5.9759753543307088
21
-3.7330791338582676
0
LINE
8
BLACK
6
CONTINUOUS
10
5.9759753543307088
20
-3.7330791338582676
11
5.9700451968503936
21
-3.7361915354330706
0
LINE
8
BLACK
6
CONTINUOUS
10
5.9700451968503936
20
-3.7361915354330706
11
5.9700449606299211
21
-3.7361917322834644
0
LINE
8
BLACK
6
CONTINUOUS
10
5.9700449606299211
20
-3.7361917322834644
11
5.9650322047244089
21
-3.7406326377952754
0
LINE
8
BLACK
6
CONTINUOUS
10
5.9650322047244089
20
-3.7406326377952754
11
5.9650321259842523
21
-3.7406327165354329
0
LINE
8
BLACK
6
CONTINUOUS
10
5.9650321259842523
20
-3.7406327165354329
11
5.9612275984251966
21
-3.7461444881889765
0
LINE
8
BLACK
6
CONTINUOUS
10
5.9612275984251966
20
-3.7461444881889765
11
5.9612275196850391
21
-3.7461446456692911
0
LINE
8
BLACK
6
CONTINUOUS
10
5.9612275196850391
20
-3.7461446456692911
11
5.958852716535433
21
-3.7524066141732284
0
LINE
8
BLACK
6
CONTINUOUS
10
5.958852716535433
20
-3.7524066141732284
11
5.9580454724409444
21
-3.759055
0
LINE
8
BLACK
6
CONTINUOUS
10
5.9580454724409444
20
-3.759055
11
5.9580454724409444
21
-3.7590551968503938
0
LINE
8
BLACK
6
CONTINUOUS
10
5.9580454724409444
20
-3.7590551968503938
11
5.958852716535433
21
-3.7657035826771654
0
LINE
8
BLACK
6
CONTINUOUS
10
5.958852716535433
20
-3.7657035826771654
11
5.9612275196850391
21
-3.7719655511811023
0
LINE
8
BLACK
6
CONTINUOUS
10
5.9612275196850391
20
-3.7719655511811023
11
5.9612275984251966
21
-3.7719657086614173
0
LINE
8
BLACK
6
CONTINUOUS
10
5.9612275984251966
20
-3.7719657086614173
11
5.9650321259842523
21
-3.7774774803149604
0
LINE
8
BLACK
6
CONTINUOUS
10
5.9650321259842523
20
-3.7774774803149604
11
5.9650323228346451
21
-3.7774776771653542
0
LINE
8
BLACK
6
CONTINUOUS
10
5.9650323228346451
20
-3.7774776771653542
11
5.9664193307086615
21
-3.7787064173228346
0
LINE
8
BLACK
6
CONTINUOUS
10
5.9664193307086615
20
-3.7787064173228346
11
5.9679046456692912
21
-3.7810742519685037
0
LINE
8
BLACK
6
CONTINUOUS
10
5.9679046456692912
20
-3.7810742519685037
11
5.9680905511811027
21
-3.7824195669291338
0
LINE
8
BLACK
6
CONTINUOUS
10
5.9680905511811027
20
-3.7824195669291338
11
5.9680905511811027
21
-3.8536195275590552
0
LINE
8
BLACK
6
CONTINUOUS
10
5.9680905511811027
20
-3.8536195275590552
11
5.9680593700787403
21
-3.8541749212598426
0
LINE
8
BLACK
6
CONTINUOUS
10
5.9680593700787403
20
-3.8541749212598426
11
5.967902755905512
21
-3.8555649999999999
0
LINE
8
BLACK
6
CONTINUOUS
10
5.967902755905512
20
-3.8555649999999999
11
5.967902755905512
21
-3.8555650787401574
0
LINE
8
BLACK
6
CONTINUOUS
10
5.967902755905512
20
-3.8555650787401574
11
5.9683206692913382
21
-3.8577737795275588
0
LINE
8
BLACK
6
CONTINUOUS
10
5.9683206692913382
20
-3.8577737795275588
11
5.9683517322834643
21
-3.8579565748031497
0
LINE
8
BLACK
6
CONTINUOUS
10
5.9683517322834643
20
-3.8579565748031497
11
5.968687047244094
21
-3.8601811811023623
0
LINE
8
BLACK
6
CONTINUOUS
10
5.968687047244094
20
-3.8601811811023623
11
5.9687858267716534
21
-3.8605014173228347
0
LINE
8
BLACK
6
CONTINUOUS
10
5.9687858267716534
20
-3.8605014173228347
11
5.9688966929133853
21
-3.8608182283464565
0
LINE
8
BLACK
6
CONTINUOUS
10
5.9688966929133853
20
-3.8608182283464565
11
5.9688967322834641
21
-3.8608183858267715
0
LINE
8
BLACK
6
CONTINUOUS
10
5.9688967322834641
20
-3.8608183858267715
11
5.9688967716535428
21
-3.8608185039370078
0
LINE
8
BLACK
6
CONTINUOUS
10
5.9688967716535428
20
-3.8608185039370078
11
5.9688968110236216
21
-3.8608185433070865
0
LINE
8
BLACK
6
CONTINUOUS
10
5.9688968110236216
20
-3.8608185433070865
11
5.9699477559055119
21
-3.8628070078740158
0
LINE
8
BLACK
6
CONTINUOUS
10
5.9699477559055119
20
-3.8628070078740158
11
5.9700313385826771
21
-3.8629725984251966
0
LINE
8
BLACK
6
CONTINUOUS
10
5.9700313385826771
20
-3.8629725984251966
11
5.9710068897637791
21
-3.8649983070866143
0
LINE
8
BLACK
6
CONTINUOUS
10
5.9710068897637791
20
-3.8649983070866143
11
5.9710069291338579
21
-3.864998346456693
0
LINE
8
BLACK
6
CONTINUOUS
10
5.9710069291338579
20
-3.864998346456693
11
5.9711962992125986
21
-3.8652761417322834
0
LINE
8
BLACK
6
CONTINUOUS
10
5.9711962992125986
20
-3.8652761417322834
11
5.9713949606299215
21
-3.86554531496063
0
LINE
8
BLACK
6
CONTINUOUS
10
5.9713949606299215
20
-3.86554531496063
11
5.9713950000000002
21
-3.8655453543307088
0
LINE
8
BLACK
6
CONTINUOUS
10
5.9713950000000002
20
-3.8655453543307088
11
5.971395039370079
21
-3.8655453937007875
0
LINE
8
BLACK
6
CONTINUOUS
10
5.971395039370079
20
-3.8655453937007875
11
5.9729861023622046
21
-3.8671364566929132
0
LINE
8
BLACK
6
CONTINUOUS
10
5.9729861023622046
20
-3.8671364566929132
11
5.9731127952755907
21
-3.8672679527559053
0
LINE
8
BLACK
6
CONTINUOUS
10
5.9731127952755907
20
-3.8672679527559053
11
5.974643503937008
21
-3.8689176771653542
0
LINE
8
BLACK
6
CONTINUOUS
10
5.974643503937008
20
-3.8689176771653542
11
5.9746435826771656
21
-3.8689177165354329
0
LINE
8
BLACK
6
CONTINUOUS
10
5.9746435826771656
20
-3.8689177165354329
11
5.9749342125984253
21
-3.8691494881889761
0
LINE
8
BLACK
6
CONTINUOUS
10
5.9749342125984253
20
-3.8691494881889761
11
5.9749129133858263
21
-3.8691761811023619
0
LINE
8
BLACK
6
CONTINUOUS
10
5.9749129133858263
20
-3.8691761811023619
11
5.9753983070866141
21
-3.8695486614173227
0
LINE
8
BLACK
6
CONTINUOUS
10
5.9753983070866141
20
-3.8695486614173227
11
6.0209844094488192
21
-3.9151347637795273
0
LINE
8
BLACK
6
CONTINUOUS
10
6.0209844094488192
20
-3.9151347637795273
11
6.0223240157480316
21
-3.9175879921259842
0
LINE
8
BLACK
6
CONTINUOUS
10
6.0223240157480316
20
-3.9175879921259842
11
6.0221246062992124
21
-3.9203759842519683
0
LINE
8
BLACK
6
CONTINUOUS
10
6.0221246062992124
20
-3.9203759842519683
11
6.0215592913385825
21
-3.9214603149606297
0
LINE
8
BLACK
6
CONTINUOUS
10
6.0215592913385825
20
-3.9214603149606297
11
6.0202827559055114
21
-3.9233097244094486
0
LINE
8
BLACK
6
CONTINUOUS
10
6.0202827559055114
20
-3.9233097244094486
11
6.0179078346456691
21
-3.9295719685039368
0
LINE
8
BLACK
6
CONTINUOUS
10
6.0179078346456691
20
-3.9295719685039368
11
6.0171005905511814
21
-3.9362203543307084
0
LINE
8
BLACK
6
CONTINUOUS
10
6.0171005905511814
20
-3.9362203543307084
11
6.0171005905511814
21
-3.9362205511811021
0
LINE
8
BLACK
6
CONTINUOUS
10
6.0171005905511814
20
-3.9362205511811021
11
6.0179078346456691
21
-3.9428689370078738
0
LINE
8
BLACK
6
CONTINUOUS
10
6.0179078346456691
20
-3.9428689370078738
11
6.0202827559055114
21
-3.9491311023622044
0
LINE
8
BLACK
6
CONTINUOUS
10
6.0202827559055114
20
-3.9491311023622044
11
6.0223305511811018
21
-3.9520978346456692
0
LINE
8
BLACK
6
CONTINUOUS
10
6.0223305511811018
20
-3.9520978346456692
11
6.0232059842519687
21
-3.9547523622047245
0
LINE
8
BLACK
6
CONTINUOUS
10
6.0232059842519687
20
-3.9547523622047245
11
6.023208661417323
21
-3.9549157874015748
0
LINE
8
BLACK
6
CONTINUOUS
10
6.023208661417323
20
-3.9549157874015748
11
6.023208661417323
21
-4.0157395669291338
0
LINE
8
BLACK
6
CONTINUOUS
10
6.023208661417323
20
-4.0157395669291338
11
6.022421181102362
21
-4.0184214960629916
0
LINE
8
BLACK
6
CONTINUOUS
10
6.022421181102362
20
-4.0184214960629916
11
6.0217557086614173
21
-4.0192472440944877
0
LINE
8
BLACK
6
CONTINUOUS
10
6.0217557086614173
20
-4.0192472440944877
11
5.9720123228346456
21
-4.0689905905511807
0
LINE
8
BLACK
6
CONTINUOUS
10
5.9720123228346456
20
-4.0689905905511807
11
5.9696918110236217
21
-4.0702994094488192
0
LINE
8
BLACK
6
CONTINUOUS
10
5.9696918110236217
20
-4.0702994094488192
11
5.9641644488188978
21
-4.0716617716535435
0
LINE
8
BLACK
6
CONTINUOUS
10
5.9641644488188978
20
-4.0716617716535435
11
5.9641643307086616
21
-4.0716618110236222
0
LINE
8
BLACK
6
CONTINUOUS
10
5.9641643307086616
20
-4.0716618110236222
11
5.9582341732283464
21
-4.0747742125984248
0
LINE
8
BLACK
6
CONTINUOUS
10
5.9582341732283464
20
-4.0747742125984248
11
5.9582339370078738
21
-4.0747744094488185
0
LINE
8
BLACK
6
CONTINUOUS
10
5.9582339370078738
20
-4.0747744094488185
11
5.9532211811023616
21
-4.0792153149606296
0
LINE
8
BLACK
6
CONTINUOUS
10
5.9532211811023616
20
-4.0792153149606296
11
5.953221102362205
21
-4.0792153937007871
0
LINE
8
BLACK
6
CONTINUOUS
10
5.953221102362205
20
-4.0792153937007871
11
5.9494165748031493
21
-4.0847271653543302
0
LINE
8
BLACK
6
CONTINUOUS
10
5.9494165748031493
20
-4.0847271653543302
11
5.9494164960629918
21
-4.0847273228346452
0
LINE
8
BLACK
6
CONTINUOUS
10
5.9494164960629918
20
-4.0847273228346452
11
5.9470416929133858
21
-4.090989291338583
0
LINE
8
BLACK
6
CONTINUOUS
10
5.9470416929133858
20
-4.090989291338583
11
5.9462344488188972
21
-4.0976376771653547
0
LINE
8
BLACK
6
CONTINUOUS
10
5.9462344488188972
20
-4.0976376771653547
11
5.9462344488188972
21
-4.0976378740157475
0
LINE
8
BLACK
6
CONTINUOUS
10
5.9462344488188972
20
-4.0976378740157475
11
5.9470416929133858
21
-4.1042862598425192
0
LINE
8
BLACK
6
CONTINUOUS
10
5.9470416929133858
20
-4.1042862598425192
11
5.9494164960629918
21
-4.1105482283464569
0
LINE
8
BLACK
6
CONTINUOUS
10
5.9494164960629918
20
-4.1105482283464569
11
5.9494165748031493
21
-4.110548385826772
0
LINE
8
BLACK
6
CONTINUOUS
10
5.9494165748031493
20
-4.110548385826772
11
5.9532210629921263
21
-4.1160601181102363
0
LINE
8
BLACK
6
CONTINUOUS
10
5.9532210629921263
20
-4.1160601181102363
11
5.9577210629921256
21
-4.1200467716535432
0
LINE
8
BLACK
6
CONTINUOUS
10
5.9577210629921256
20
-4.1200467716535432
11
5.9592062992125987
21
-4.1224146456692914
0
LINE
8
BLACK
6
CONTINUOUS
10
5.9592062992125987
20
-4.1224146456692914
11
5.9591755905511814
21
-4.1252096062992125
0
LINE
8
BLACK
6
CONTINUOUS
10
5.9591755905511814
20
-4.1252096062992125
11
5.9576386614173229
21
-4.1275442913385829
0
LINE
8
BLACK
6
CONTINUOUS
10
5.9576386614173229
20
-4.1275442913385829
11
5.9550835039370078
21
-4.1286774409448821
0
LINE
8
BLACK
6
CONTINUOUS
10
5.9550835039370078
20
-4.1286774409448821
11
5.9544315354330708
21
-4.1287204724409445
0
LINE
8
BLACK
6
CONTINUOUS
10
5.9544315354330708
20
-4.1287204724409445
11
5.6053740157480316
21
-4.1287204724409445
0
LINE
8
BLACK
6
CONTINUOUS
10
5.6053740157480316
20
-4.1287204724409445
11
5.602692086614173
21
-4.1279329921259844
0
LINE
8
BLACK
6
CONTINUOUS
10
5.602692086614173
20
-4.1279329921259844
11
5.6008616535433067
21
-4.1258205511811026
0
LINE
8
BLACK
6
CONTINUOUS
10
5.6008616535433067
20
-4.1258205511811026
11
5.600413385826772
21
-4.1237598425196849
0
LINE
8
BLACK
6
CONTINUOUS
10
5.600413385826772
20
-4.1237598425196849
11
5.600413385826772
21
-3.5833267716535433
0
LINE
8
BLACK
6
CONTINUOUS
10
5.600413385826772
20
-3.5833267716535433
11
5.6012008661417321
21
-3.5806448425196851
0
LINE
8
BLACK
6
CONTINUOUS
10
5.6012008661417321
20
-3.5806448425196851
11
5.6033133070866139
21
-3.5788144094488188
0
LINE
8
BLACK
6
CONTINUOUS
10
5.6033133070866139
20
-3.5788144094488188
11
5.6053740157480316
21
-3.5783661417322832
0
LINE
8
BLACK
6
CONTINUOUS
10
5.6053740157480316
20
-3.5783661417322832
11
5.7497071259842523
21
-3.5783661417322832
0
LINE
8
BLACK
6
CONTINUOUS
10
5.7497071259842523
20
-3.5783661417322832
11
5.7523890551181101
21
-3.5791536220472442
0
LINE
8
BLACK
6
CONTINUOUS
10
6.0705400787401578
20
-3.6990165748031494
11
6.0703782283464562
21
-3.6993709842519684
0
LINE
8
BLACK
6
CONTINUOUS
10
6.0703782283464562
20
-3.6993709842519684
11
6.0689346850393697
21
-3.700514803149606
0
LINE
8
BLACK
6
CONTINUOUS
10
6.0689346850393697
20
-3.700514803149606
11
6.0684703937007871
21
-3.7007585039370077
0
LINE
8
BLACK
6
CONTINUOUS
10
6.0684703937007871
20
-3.7007585039370077
11
6.0684703149606296
21
-3.7007585433070864
0
LINE
8
BLACK
6
CONTINUOUS
10
6.0684703149606296
20
-3.7007585433070864
11
6.0684702755905509
21
-3.7007585826771652
0
LINE
8
BLACK
6
CONTINUOUS
10
6.0684702755905509
20
-3.7007585826771652
11
6.0684701574803146
21
-3.7007586614173227
0
LINE
8
BLACK
6
CONTINUOUS
10
6.0684701574803146
20
-3.7007586614173227
11
6.0634574015748033
21
-3.7051995669291338
0
LINE
8
BLACK
6
CONTINUOUS
10
6.0634574015748033
20
-3.7051995669291338
11
6.0634573228346458
21
-3.7051996456692913
0
LINE
8
BLACK
6
CONTINUOUS
10
6.0634573228346458
20
-3.7051996456692913
11
6.0596527952755901
21
-3.7107114173228344
0
LINE
8
BLACK
6
CONTINUOUS
10
6.0596527952755901
20
-3.7107114173228344
11
6.0596527165354326
21
-3.7107115748031494
0
LINE
8
BLACK
6
CONTINUOUS
10
6.0596527165354326
20
-3.7107115748031494
11
6.0572779133858266
21
-3.7169735433070867
0
LINE
8
BLACK
6
CONTINUOUS
10
6.0572779133858266
20
-3.7169735433070867
11
6.0564706692913388
21
-3.7236219291338584
0
LINE
8
BLACK
6
CONTINUOUS
10
6.0564706692913388
20
-3.7236219291338584
11
6.0564706692913388
21
-3.7236221259842517
0
LINE
8
BLACK
6
CONTINUOUS
10
6.0564706692913388
20
-3.7236221259842517
11
6.0567731102362199
21
-3.7261130314960629
0
LINE
8
BLACK
6
CONTINUOUS
10
6.0567731102362199
20
-3.7261130314960629
11
6.0563146456692909
21
-3.7288703149606297
0
LINE
8
BLACK
6
CONTINUOUS
10
6.0563146456692909
20
-3.7288703149606297
11
6.0553563779527559
21
-3.7302186220472442
0
LINE
8
BLACK
6
CONTINUOUS
10
6.0553563779527559
20
-3.7302186220472442
11
6.0390324803149609
21
-3.7465425984251968
0
LINE
8
BLACK
6
CONTINUOUS
10
6.0390324803149609
20
-3.7465425984251968
11
6.0390324409448821
21
-3.746542559055118
0
LINE
8
BLACK
6
CONTINUOUS
10
6.0390324409448821
20
-3.746542559055118
11
6.0390323228346459
21
-3.7465427559055118
0
LINE
8
BLACK
6
CONTINUOUS
10
6.0390323228346459
20
-3.7465427559055118
11
6.0381441732283463
21
-3.7474308661417322
0
LINE
8
BLACK
6
CONTINUOUS
10
6.0381441732283463
20
-3.7474308661417322
11
6.03814405511811
21
-3.7474310629921259
0
LINE
8
BLACK
6
CONTINUOUS
10
6.03814405511811
20
-3.7474310629921259
11
6.0377508267716538
21
-3.7482027165354328
0
LINE
8
BLACK
6
CONTINUOUS
10
6.0377508267716538
20
-3.7482027165354328
11
6.0373444488188976
21
-3.748865866141732
0
LINE
8
BLACK
6
CONTINUOUS
10
6.0373444488188976
20
-3.748865866141732
11
6.036835157480315
21
-3.749566929133858
0
LINE
8
BLACK
6
CONTINUOUS
10
6.036835157480315
20
-3.749566929133858
11
6.0368351181102362
21
-3.7495669685039368
0
LINE
8
BLACK
6
CONTINUOUS
10
6.0368351181102362
20
-3.7495669685039368
11
6.0365674409448822
21
-3.7503907874015745
0
LINE
8
BLACK
6
CONTINUOUS
10
6.0365674409448822
20
-3.7503907874015745
11
6.0362696456692913
21
-3.7511096850393701
0
LINE
8
BLACK
6
CONTINUOUS
10
6.0362696456692913
20
-3.7511096850393701
11
6.0358764960629916
21
-3.7518812992125983
0
LINE
8
BLACK
6
CONTINUOUS
10
6.0358764960629916
20
-3.7518812992125983
11
6.0357409448818897
21
-3.7527369291338584
0
LINE
8
BLACK
6
CONTINUOUS
10
6.0357409448818897
20
-3.7527369291338584
11
6.0355593307086615
21
-3.7534933070866141
0
LINE
8
BLACK
6
CONTINUOUS
10
6.0355593307086615
20
-3.7534933070866141
11
6.0352916929133853
21
-3.7543170472440943
0
LINE
8
BLACK
6
CONTINUOUS
10
6.0352916929133853
20
-3.7543170472440943
11
6.0352916929133853
21
-3.7995772834645667
0
LINE
8
BLACK
6
CONTINUOUS
10
6.0352916929133853
20
-3.7995772834645667
11
6.0362371259842522
21
-3.8014327952755904
0
LINE
8
BLACK
6
CONTINUOUS
10
6.0362371259842522
20
-3.8014327952755904
11
6.0370078740157478
21
-3.8062992125984252
0
LINE
8
BLACK
6
CONTINUOUS
10
6.0370078740157478
20
-3.8062992125984252
11
6.0362371259842522
21
-3.81116562992126
0
LINE
8
BLACK
6
CONTINUOUS
10
6.0362371259842522
20
-3.81116562992126
11
6.0352916929133853
21
-3.8130211023622045
0
LINE
8
BLACK
6
CONTINUOUS
10
6.0352916929133853
20
-3.8130211023622045
11
6.0352916929133853
21
-3.8490567716535433
0
LINE
8
BLACK
6
CONTINUOUS
10
6.0352916929133853
20
-3.8490567716535433
11
6.0355593307086615
21
-3.8498805511811023
0
LINE
8
BLACK
6
CONTINUOUS
10
6.0355593307086615
20
-3.8498805511811023
11
6.0357409842519685
21
-3.8506372047244093
0
LINE
8
BLACK
6
CONTINUOUS
10
6.0357409842519685
20
-3.8506372047244093
11
6.0358764566929128
21
-3.8514924409448819
0
LINE
8
BLACK
6
CONTINUOUS
10
6.0358764566929128
20
-3.8514924409448819
11
6.0358765354330703
21
-3.8514926771653544
0
LINE
8
BLACK
6
CONTINUOUS
10
6.0358765354330703
20
-3.8514926771653544
11
6.03626968503937
21
-3.8522643307086613
0
LINE
8
BLACK
6
CONTINUOUS
10
6.03626968503937
20
-3.8522643307086613
11
6.0365675196850388
21
-3.8529833464566927
0
LINE
8
BLACK
6
CONTINUOUS
10
6.0365675196850388
20
-3.8529833464566927
11
6.0368351181102362
21
-3.8538069685039371
0
LINE
8
BLACK
6
CONTINUOUS
10
6.0368351181102362
20
-3.8538069685039371
11
6.036835157480315
21
-3.8538070472440946
0
LINE
8
BLACK
6
CONTINUOUS
10
6.036835157480315
20
-3.8538070472440946
11
6.0373440944881889
21
-3.8545075196850394
0
LINE
8
BLACK
6
CONTINUOUS
10
6.0373440944881889
20
-3.8545075196850394
11
6.0377507480314963
21
-3.8551711023622048
0
LINE
8
BLACK
6
CONTINUOUS
10
6.0377507480314963
20
-3.8551711023622048
11
6.0381439763779525
21
-3.8559428346456692
0
LINE
8
BLACK
6
CONTINUOUS
10
6.0381439763779525
20
-3.8559428346456692
11
6.0381440157480313
21
-3.855942874015748
0
LINE
8
BLACK
6
CONTINUOUS
10
6.0381440157480313
20
-3.855942874015748
11
6.03814405511811
21
-3.8559429133858267
0
LINE
8
BLACK
6
CONTINUOUS
10
6.03814405511811
20
-3.8559429133858267
11
6.0389079527559053
21
-3.856706811023622
0
LINE
8
BLACK
6
CONTINUOUS
10
6.0389079527559053
20
-3.856706811023622
11
6.0389090157480316
21
-3.8567079527559054
0
LINE
8
BLACK
6
CONTINUOUS
10
6.0389090157480316
20
-3.8567079527559054
11
6.1391635826771651
21
-3.9569625196850393
0
LINE
8
BLACK
6
CONTINUOUS
10
6.1391635826771651
20
-3.9569625196850393
11
6.1391643307086614
21
-3.9569631889763777
0
LINE
8
BLACK
6
CONTINUOUS
10
6.1391643307086614
20
-3.9569631889763777
11
6.139879488188976
21
-3.9576783464566927
0
LINE
8
BLACK
6
CONTINUOUS
10
6.139879488188976
20
-3.9576783464566927
11
6.1406512204724404
21
-3.9580715748031494
0
LINE
8
BLACK
6
CONTINUOUS
10
6.1406512204724404
20
-3.9580715748031494
11
6.1413149212598421
21
-3.9584783070866143
0
LINE
8
BLACK
6
CONTINUOUS
10
6.1413149212598421
20
-3.9584783070866143
11
6.1420153543307086
21
-3.9589872047244095
0
LINE
8
BLACK
6
CONTINUOUS
10
6.1420153543307086
20
-3.9589872047244095
11
6.1420153937007873
21
-3.9589872047244095
0
LINE
8
BLACK
6
CONTINUOUS
10
6.1420153937007873
20
-3.9589872047244095
11
6.1420154330708661
21
-3.9589872440944882
0
LINE
8
BLACK
6
CONTINUOUS
10
6.1420154330708661
20
-3.9589872440944882
11
6.1424461811023621
21
-3.9591272047244095
0
LINE
8
BLACK
6
CONTINUOUS
10
6.1424461811023621
20
-3.9591272047244095
11
6.1428388582677167
21
-3.9592548031496064
0
LINE
8
BLACK
6
CONTINUOUS
10
6.1428388582677167
20
-3.9592548031496064
11
6.1435579921259844
21
-3.9595526771653544
0
LINE
8
BLACK
6
CONTINUOUS
10
6.1435579921259844
20
-3.9595526771653544
11
6.1443298031496063
21
-3.9599459055118111
0
LINE
8
BLACK
6
CONTINUOUS
10
6.1443298031496063
20
-3.9599459055118111
11
6.1451849606299209
21
-3.9600813385826772
0
LINE
8
BLACK
6
CONTINUOUS
10
6.1451849606299209
20
-3.9600813385826772
11
6.1459419685039371
21
-3.960263031496063
0
LINE
8
BLACK
6
CONTINUOUS
10
6.1459419685039371
20
-3.960263031496063
11
6.1467656692913382
21
-3.9605307086614174
0
LINE
8
BLACK
6
CONTINUOUS
10
6.1467656692913382
20
-3.9605307086614174
11
6.1467657086614169
21
-3.9605307086614174
0
LINE
8
BLACK
6
CONTINUOUS
10
6.1467657086614169
20
-3.9605307086614174
11
6.2197157086614174
21
-3.9605307086614174
0
LINE
8
BLACK
6
CONTINUOUS
10
6.2197157086614174
20
-3.9605307086614174
11
6.2206648031496066
21
-3.9595816141732283
0
LINE
8
BLACK
6
CONTINUOUS
10
6.2206648031496066
20
-3.9595816141732283
11
6.2250548425196852
21
-3.9573447637795276
0
LINE
8
BLACK
6
CONTINUOUS
10
6.2250548425196852
20
-3.9573447637795276
11
6.22992125984252
21
-3.9565740157480316
0
LINE
8
BLACK
6
CONTINUOUS
10
6.22992125984252
20
-3.9565740157480316
11
6.2347876771653539
21
-3.9573447637795276
0
LINE
8
BLACK
6
CONTINUOUS
10
6.2347876771653539
20
-3.9573447637795276
11
6.2391777165354325
21
-3.9595816141732283
0
LINE
8
BLACK
6
CONTINUOUS
10
6.2391777165354325
20
-3.9595816141732283
11
6.2401268110236217
21
-3.9605307086614174
0
LINE
8
BLACK
6
CONTINUOUS
10
6.2401268110236217
20
-3.9605307086614174
11
6.2481601574803145
21
-3.9605307086614174
0
LINE
8
BLACK
6
CONTINUOUS
10
6.2481601574803145
20
-3.9605307086614174
11
6.2503867716535435
21
-3.9583040944881889
0
LINE
8
BLACK
6
CONTINUOUS
10
6.2503867716535435
20
-3.9583040944881889
11
6.2510600393700786
21
-3.9579153543307086
0
LINE
8
BLACK
6
CONTINUOUS
10
6.2510600393700786
20
-3.9579153543307086
11
6.2516098425196853
21
-3.9573655905511811
0
LINE
8
BLACK
6
CONTINUOUS
10
6.2516098425196853
20
-3.9573655905511811
11
6.2523607874015745
21
-3.9571643307086615
0
LINE
8
BLACK
6
CONTINUOUS
10
6.2523607874015745
20
-3.9571643307086615
11
6.253034133858268
21
-3.95677562992126
0
LINE
8
BLACK
6
CONTINUOUS
10
6.253034133858268
20
-3.95677562992126
11
6.2538116141732285
21
-3.95677562992126
0
LINE
8
BLACK
6
CONTINUOUS
10
6.2538116141732285
20
-3.95677562992126
11
6.2545625984251965
21
-3.9565744094488187
0
LINE
8
BLACK
6
CONTINUOUS
10
6.2545625984251965
20
-3.9565744094488187
11
6.3981490551181102
21
-3.9565744094488187
0
LINE
8
BLACK
6
CONTINUOUS
10
6.3981490551181102
20
-3.9565744094488187
11
6.4029937795275593
21
-3.9517296850393699
0
LINE
8
BLACK
6
CONTINUOUS
10
6.4029937795275593
20
-3.9517296850393699
11
6.4036670472440944
21
-3.9513409448818897
0
LINE
8
BLACK
6
CONTINUOUS
10
6.4036670472440944
20
-3.9513409448818897
11
6.4042168503937003
21
-3.9507911811023622
0
LINE
8
BLACK
6
CONTINUOUS
10
6.4042168503937003
20
-3.9507911811023622
11
6.4049677952755903
21
-3.9505899212598425
0
LINE
8
BLACK
6
CONTINUOUS
10
6.4049677952755903
20
-3.9505899212598425
11
6.4056411417322829
21
-3.950201220472441
0
LINE
8
BLACK
6
CONTINUOUS
10
6.4056411417322829
20
-3.950201220472441
11
6.4064186220472443
21
-3.950201220472441
0
LINE
8
BLACK
6
CONTINUOUS
10
6.4064186220472443
20
-3.950201220472441
11
6.4071696062992123
21
-3.9499999999999997
0
LINE
8
BLACK
6
CONTINUOUS
10
6.4071696062992123
20
-3.9499999999999997
11
6.4103184645669291
21
-3.9499999999999997
0
LINE
8
BLACK
6
CONTINUOUS
10
6.4103184645669291
20
-3.9499999999999997
11
6.4108144094488191
21
-3.9495040551181102
0
LINE
8
BLACK
6
CONTINUOUS
10
6.4108144094488191
20
-3.9495040551181102
11
6.4132676771653543
21
-3.9481645275590549
0
LINE
8
BLACK
6
CONTINUOUS
10
6.4132676771653543
20
-3.9481645275590549
11
6.414322086614173
21
-3.948051181102362
0
LINE
8
BLACK
6
CONTINUOUS
10
6.414322086614173
20
-3.948051181102362
11
6.4960292913385826
21
-3.948051181102362
0
LINE
8
BLACK
6
CONTINUOUS
10
6.4960292913385826
20
-3.948051181102362
11
6.4987112204724404
21
-3.9488386614173225
0
LINE
8
BLACK
6
CONTINUOUS
10
6.4987112204724404
20
-3.9488386614173225
11
6.4999114566929128
21
-3.9499999999999997
0
LINE
8
BLACK
6
CONTINUOUS
10
6.4999114566929128
20
-3.9499999999999997
11
6.5011810236220473
21
-3.9499999999999997
0
LINE
8
BLACK
6
CONTINUOUS
10
6.5011810236220473
20
-3.9499999999999997
11
6.5019320078740153
21
-3.950201220472441
0
LINE
8
BLACK
6
CONTINUOUS
10
6.5019320078740153
20
-3.950201220472441
11
6.5027094881889766
21
-3.950201220472441
0
LINE
8
BLACK
6
CONTINUOUS
10
6.5027094881889766
20
-3.950201220472441
11
6.5033827952755905
21
-3.9505899212598425
0
LINE
8
BLACK
6
CONTINUOUS
10
6.5033827952755905
20
-3.9505899212598425
11
6.5041337795275593
21
-3.9507911811023622
0
LINE
8
BLACK
6
CONTINUOUS
10
6.5041337795275593
20
-3.9507911811023622
11
6.5046835433070864
21
-3.9513409448818897
0
LINE
8
BLACK
6
CONTINUOUS
10
6.5046835433070864
20
-3.9513409448818897
11
6.5053568503937003
21
-3.9517296850393699
0
LINE
8
BLACK
6
CONTINUOUS
10
6.5053568503937003
20
-3.9517296850393699
11
6.5120429921259841
21
-3.9584158267716534
0
LINE
8
BLACK
6
CONTINUOUS
10
6.5120429921259841
20
-3.9584158267716534
11
6.5166553543307089
21
-3.9595526771653544
0
LINE
8
BLACK
6
CONTINUOUS
10
6.5166553543307089
20
-3.9595526771653544
11
6.5179111811023622
21
-3.9598622047244092
0
LINE
8
BLACK
6
CONTINUOUS
10
6.5179111811023622
20
-3.9598622047244092
11
6.5179112992125985
21
-3.9598622047244092
0
LINE
8
BLACK
6
CONTINUOUS
10
6.5179112992125985
20
-3.9598622047244092
11
6.5246083858267712
21
-3.9598622047244092
0
LINE
8
BLACK
6
CONTINUOUS
10
6.5246083858267712
20
-3.9598622047244092
11
6.5246085039370074
21
-3.9598622047244092
0
LINE
8
BLACK
6
CONTINUOUS
10
6.5246085039370074
20
-3.9598622047244092
11
6.5311112204724404
21
-3.9582594488188976
0
LINE
8
BLACK
6
CONTINUOUS
10
6.5311112204724404
20
-3.9582594488188976
11
6.5370414173228344
21
-3.9551470078740159
0
LINE
8
BLACK
6
CONTINUOUS
10
6.5370414173228344
20
-3.9551470078740159
11
6.5420544488188979
21
-3.9507058661417322
0
LINE
8
BLACK
6
CONTINUOUS
10
6.5420544488188979
20
-3.9507058661417322
11
6.5458589763779527
21
-3.9451940944881887
0
LINE
8
BLACK
6
CONTINUOUS
10
6.5458589763779527
20
-3.9451940944881887
11
6.5482338582677162
21
-3.9389319685039368
0
LINE
8
BLACK
6
CONTINUOUS
10
6.5482338582677162
20
-3.9389319685039368
11
6.5485631102362207
21
-3.9362203543307084
0
LINE
8
BLACK
6
CONTINUOUS
10
6.5485631102362207
20
-3.9362203543307084
11
6.5490411417322836
21
-3.9322835433070864
0
LINE
8
BLACK
6
CONTINUOUS
10
6.5490411417322836
20
-3.9322835433070864
11
6.5490411417322836
21
-3.9322833070866139
0
LINE
8
BLACK
6
CONTINUOUS
10
6.5490411417322836
20
-3.9322833070866139
11
6.5482843700787399
21
-3.9260505905511809
0
LINE
8
BLACK
6
CONTINUOUS
10
6.5482843700787399
20
-3.9260505905511809
11
6.5487428346456689
21
-3.9232933070866141
0
LINE
8
BLACK
6
CONTINUOUS
10
6.5487428346456689
20
-3.9232933070866141
11
6.550619251968504
21
-3.9212216141732283
0
LINE
8
BLACK
6
CONTINUOUS
10
6.550619251968504
20
-3.9212216141732283
11
6.5532088188976374
21
-3.9204920472440943
0
LINE
8
BLACK
6
CONTINUOUS
10
6.5532088188976374
20
-3.9204920472440943
11
6.5544296062992125
21
-3.9204920472440943
0
LINE
8
BLACK
6
CONTINUOUS
10
6.5544296062992125
20
-3.9204920472440943
11
6.55442968503937
21
-3.9204920472440943
0
LINE
8
BLACK
6
CONTINUOUS
10
6.55442968503937
20
-3.9204920472440943
11
6.5552535826771656
21
-3.9202243307086615
0
LINE
8
BLACK
6
CONTINUOUS
10
6.5552535826771656
20
-3.9202243307086615
11
6.5560098425196847
21
-3.9200427559055115
0
LINE
8
BLACK
6
CONTINUOUS
10
6.5560098425196847
20
-3.9200427559055115
11
6.5568655511811018
21
-3.919907244094488
0
LINE
8
BLACK
6
CONTINUOUS
10
6.5568655511811018
20
-3.919907244094488
11
6.5576374409448821
21
-3.919513897637795
0
LINE
8
BLACK
6
CONTINUOUS
10
6.5576374409448821
20
-3.919513897637795
11
6.5583559842519685
21
-3.9192162598425195
0
LINE
8
BLACK
6
CONTINUOUS
10
6.5583559842519685
20
-3.9192162598425195
11
6.5591799606299208
21
-3.9189485826771651
0
LINE
8
BLACK
6
CONTINUOUS
10
6.5591799606299208
20
-3.9189485826771651
11
6.5598807874015748
21
-3.9184393700787399
0
LINE
8
BLACK
6
CONTINUOUS
10
6.5598807874015748
20
-3.9184393700787399
11
6.5605441732283465
21
-3.9180328346456692
0
LINE
8
BLACK
6
CONTINUOUS
10
6.5605441732283465
20
-3.9180328346456692
11
6.5613158661417321
21
-3.91763968503937
0
LINE
8
BLACK
6
CONTINUOUS
10
6.5613158661417321
20
-3.91763968503937
11
6.5619212598425198
21
-3.9170342125984252
0
LINE
8
BLACK
6
CONTINUOUS
10
6.5619212598425198
20
-3.9170342125984252
11
6.5619216929133861
21
-3.9170338976377952
0
LINE
8
BLACK
6
CONTINUOUS
10
6.5619216929133861
20
-3.9170338976377952
11
6.5629351968503933
21
-3.9160204330708659
0
LINE
8
BLACK
6
CONTINUOUS
10
6.5629351968503933
20
-3.9160204330708659
11
6.5653884251968506
21
-3.9146808267716535
0
LINE
8
BLACK
6
CONTINUOUS
10
6.5653884251968506
20
-3.9146808267716535
11
6.5664428740157481
21
-3.9145674803149606
0
LINE
8
BLACK
6
CONTINUOUS
10
6.5664428740157481
20
-3.9145674803149606
11
6.5730164566929137
21
-3.9145674803149606
0
LINE
8
BLACK
6
CONTINUOUS
10
6.5730164566929137
20
-3.9145674803149606
11
6.573016574803149
21
-3.9145674803149606
0
LINE
8
BLACK
6
CONTINUOUS
10
6.573016574803149
20
-3.9145674803149606
11
6.5795192913385829
21
-3.9129647244094485
0
LINE
8
BLACK
6
CONTINUOUS
10
6.5795192913385829
20
-3.9129647244094485
11
6.585449488188976
21
-3.9098522834645668
0
LINE
8
BLACK
6
CONTINUOUS
10
6.585449488188976
20
-3.9098522834645668
11
6.5904625196850395
21
-3.9054111417322832
0
LINE
8
BLACK
6
CONTINUOUS
10
6.5904625196850395
20
-3.9054111417322832
11
6.5942670472440943
21
-3.8998993700787401
0
LINE
8
BLACK
6
CONTINUOUS
10
6.5942670472440943
20
-3.8998993700787401
11
6.5960629921259839
21
-3.8951637795275591
0
LINE
8
BLACK
6
CONTINUOUS
10
6.5960629921259839
20
-3.8951637795275591
11
6.5960629921259839
21
-3.8788136614173228
0
LINE
8
BLACK
6
CONTINUOUS
10
6.5960629921259839
20
-3.8788136614173228
11
6.5942671259842518
21
-3.8740782677165355
0
LINE
8
BLACK
6
CONTINUOUS
10
6.5942671259842518
20
-3.8740782677165355
11
6.5942670472440943
21
-3.8740781102362205
0
LINE
8
BLACK
6
CONTINUOUS
10
6.5942670472440943
20
-3.8740781102362205
11
6.5904625196850395
21
-3.868566338582677
0
LINE
8
BLACK
6
CONTINUOUS
10
6.5904625196850395
20
-3.868566338582677
11
6.590462440944882
21
-3.8685662598425195
0
LINE
8
BLACK
6
CONTINUOUS
10
6.590462440944882
20
-3.8685662598425195
11
6.5854496850393698
21
-3.8641253543307084
0
LINE
8
BLACK
6
CONTINUOUS
10
6.5854496850393698
20
-3.8641253543307084
11
6.5854494488188973
21
-3.864125157480315
0
LINE
8
BLACK
6
CONTINUOUS
10
6.5854494488188973
20
-3.864125157480315
11
6.5795192913385829
21
-3.8610127559055116
0
LINE
8
BLACK
6
CONTINUOUS
10
6.5795192913385829
20
-3.8610127559055116
11
6.5795191338582679
21
-3.8610126771653541
0
LINE
8
BLACK
6
CONTINUOUS
10
6.5795191338582679
20
-3.8610126771653541
11
6.5730166929133853
21
-3.85941
0
LINE
8
BLACK
6
CONTINUOUS
10
6.5730166929133853
20
-3.85941
11
6.573016574803149
21
-3.85941
0
LINE
8
BLACK
6
CONTINUOUS
10
6.573016574803149
20
-3.85941
11
6.5663192519685039
21
-3.85941
0
LINE
8
BLACK
6
CONTINUOUS
10
6.5663192519685039
20
-3.85941
11
6.5663190944881888
21
-3.85941
0
LINE
8
BLACK
6
CONTINUOUS
10
6.5663190944881888
20
-3.85941
11
6.5598166535433071
21
-3.8610126771653541
0
LINE
8
BLACK
6
CONTINUOUS
10
6.5598166535433071
20
-3.8610126771653541
11
6.5598164960629921
21
-3.8610127559055116
0
LINE
8
BLACK
6
CONTINUOUS
10
6.5598164960629921
20
-3.8610127559055116
11
6.5538863385826769
21
-3.864125157480315
0
LINE
8
BLACK
6
CONTINUOUS
10
6.5538863385826769
20
-3.864125157480315
11
6.5538861023622044
21
-3.8641253543307084
0
LINE
8
BLACK
6
CONTINUOUS
10
6.5538861023622044
20
-3.8641253543307084
11
6.5488733464566931
21
-3.8685662598425195
0
LINE
8
BLACK
6
CONTINUOUS
10
6.5488733464566931
20
-3.8685662598425195
11
6.5486742519685039
21
-3.8687910236220473
0
LINE
8
BLACK
6
CONTINUOUS
10
6.5486742519685039
20
-3.8687910236220473
11
6.5485814566929132
21
-3.8687088188976375
0
LINE
8
BLACK
6
CONTINUOUS
10
6.5485814566929132
20
-3.8687088188976375
11
6.546847125984252
21
-3.8701125196850392
0
LINE
8
BLACK
6
CONTINUOUS
10
6.546847125984252
20
-3.8701125196850392
11
6.5440686220472442
21
-3.8704172047244092
0
LINE
8
BLACK
6
CONTINUOUS
10
6.5440686220472442
20
-3.8704172047244092
11
6.541566496062992
21
-3.8691713385826771
0
LINE
8
BLACK
6
CONTINUOUS
10
6.541566496062992
20
-3.8691713385826771
11
6.5403007874015744
21
-3.8672925590551182
0
LINE
8
BLACK
6
CONTINUOUS
10
6.5403007874015744
20
-3.8672925590551182
11
6.5391486220472439
21
-3.8642544881889762
0
LINE
8
BLACK
6
CONTINUOUS
10
6.5391486220472439
20
-3.8642544881889762
11
6.5391485039370076
21
-3.8642542519685037
0
LINE
8
BLACK
6
CONTINUOUS
10
6.5391485039370076
20
-3.8642542519685037
11
6.5353439763779528
21
-3.8587424803149606
0
LINE
8
BLACK
6
CONTINUOUS
10
6.5353439763779528
20
-3.8587424803149606
11
6.5353438976377953
21
-3.8587424015748031
0
LINE
8
BLACK
6
CONTINUOUS
10
6.5353438976377953
20
-3.8587424015748031
11
6.5303311417322831
21
-3.854301496062992
0
LINE
8
BLACK
6
CONTINUOUS
10
6.5303311417322831
20
-3.854301496062992
11
6.5303309055118106
21
-3.8543012992125982
0
LINE
8
BLACK
6
CONTINUOUS
10
6.5303309055118106
20
-3.8543012992125982
11
6.5244007480314963
21
-3.8511888976377953
0
LINE
8
BLACK
6
CONTINUOUS
10
6.5244007480314963
20
-3.8511888976377953
11
6.5244005905511813
21
-3.8511888188976378
0
LINE
8
BLACK
6
CONTINUOUS
10
6.5244005905511813
20
-3.8511888188976378
11
6.5178981496062987
21
-3.8495861417322832
0
LINE
8
BLACK
6
CONTINUOUS
10
6.5178981496062987
20
-3.8495861417322832
11
6.5178980314960633
21
-3.8495861417322832
0
LINE
8
BLACK
6
CONTINUOUS
10
6.5178980314960633
20
-3.8495861417322832
11
6.5141081889763779
21
-3.8495861417322832
0
LINE
8
BLACK
6
CONTINUOUS
10
6.5141081889763779
20
-3.8495861417322832
11
6.5114262598425192
21
-3.8487986614173226
0
LINE
8
BLACK
6
CONTINUOUS
10
6.5114262598425192
20
-3.8487986614173226
11
6.5106005118110231
21
-3.8481331889763779
0
LINE
8
BLACK
6
CONTINUOUS
10
6.5106005118110231
20
-3.8481331889763779
11
6.4610636614173229
21
-3.7985963779527556
0
LINE
8
BLACK
6
CONTINUOUS
10
6.4610636614173229
20
-3.7985963779527556
11
6.4606929527559052
21
-3.7981815748031496
0
LINE
8
BLACK
6
CONTINUOUS
10
6.4606929527559052
20
-3.7981815748031496
11
6.459820748031496
21
-3.7970878346456693
0
LINE
8
BLACK
6
CONTINUOUS
10
6.459820748031496
20
-3.7970878346456693
11
6.4579615748031491
21
-3.7958202755905512
0
LINE
8
BLACK
6
CONTINUOUS
10
6.4579615748031491
20
-3.7958202755905512
11
6.4578110629921257
21
-3.7957134251968503
0
LINE
8
BLACK
6
CONTINUOUS
10
6.4578110629921257
20
-3.7957134251968503
11
6.4560018897637796
21
-3.7943782283464564
0
LINE
8
BLACK
6
CONTINUOUS
10
6.4560018897637796
20
-3.7943782283464564
11
6.4560018503937009
21
-3.7943781889763777
0
LINE
8
BLACK
6
CONTINUOUS
10
6.4560018503937009
20
-3.7943781889763777
11
6.4560017716535434
21
-3.7943781496062989
0
LINE
8
BLACK
6
CONTINUOUS
10
6.4560017716535434
20
-3.7943781496062989
11
6.4557045669291337
21
-3.7942210236220473
0
LINE
8
BLACK
6
CONTINUOUS
10
6.4557045669291337
20
-3.7942210236220473
11
6.4554031496062994
21
-3.7940759055118107
0
LINE
8
BLACK
6
CONTINUOUS
10
6.4554031496062994
20
-3.7940759055118107
11
6.4532533858267715
21
-3.7934127952755903
0
LINE
8
BLACK
6
CONTINUOUS
10
6.4532533858267715
20
-3.7934127952755903
11
6.4530776377952757
21
-3.7933549606299213
0
LINE
8
BLACK
6
CONTINUOUS
10
6.4530776377952757
20
-3.7933549606299213
11
6.4509553149606296
21
-3.7926123622047245
0
LINE
8
BLACK
6
CONTINUOUS
10
6.4509553149606296
20
-3.7926123622047245
11
6.4509552755905508
21
-3.7926123228346458
0
LINE
8
BLACK
6
CONTINUOUS
10
6.4509552755905508
20
-3.7926123228346458
11
6.4509551968503933
21
-3.7926123228346458
0
LINE
8
BLACK
6
CONTINUOUS
10
6.4509551968503933
20
-3.7926123228346458
11
6.4506254330708659
21
-3.7925498818897636
0
LINE
8
BLACK
6
CONTINUOUS
10
6.4506254330708659
20
-3.7925498818897636
11
6.450294133858268
21
-3.7925
0
LINE
8
BLACK
6
CONTINUOUS
10
6.450294133858268
20
-3.7925
11
6.4502940157480317
21
-3.7925
0
LINE
8
BLACK
6
CONTINUOUS
10
6.4502940157480317
20
-3.7925
11
6.4480453149606296
21
-3.7925
0
LINE
8
BLACK
6
CONTINUOUS
10
6.4480453149606296
20
-3.7925
11
6.4478598425196845
21
-3.7924965354330706
0
LINE
8
BLACK
6
CONTINUOUS
10
6.4478598425196845
20
-3.7924965354330706
11
6.4456124409448821
21
-3.7924124409448816
0
LINE
8
BLACK
6
CONTINUOUS
10
6.4456124409448821
20
-3.7924124409448816
11
6.4456124015748033
21
-3.7924124409448816
0
LINE
8
BLACK
6
CONTINUOUS
10
6.4456124015748033
20
-3.7924124409448816
11
6.4452431496062994
21
-3.7924540551181103
0
LINE
8
BLACK
6
CONTINUOUS
10
6.4452431496062994
20
-3.7924540551181103
11
6.4452392913385825
21
-3.7924201181102362
0
LINE
8
BLACK
6
CONTINUOUS
10
6.4452392913385825
20
-3.7924201181102362
11
6.4446326377952756
21
-3.7925
0
LINE
8
BLACK
6
CONTINUOUS
10
6.4446326377952756
20
-3.7925
11
6.4108520472440942
21
-3.7925
0
LINE
8
BLACK
6
CONTINUOUS
10
6.4108520472440942
20
-3.7925
11
6.4081701181102364
21
-3.7917125196850394
0
LINE
8
BLACK
6
CONTINUOUS
10
6.4081701181102364
20
-3.7917125196850394
11
6.4075625590551182
21
-3.7912524803149608
0
LINE
8
BLACK
6
CONTINUOUS
10
6.4075625590551182
20
-3.7912524803149608
11
6.406778464566929
21
-3.7905578346456692
0
LINE
8
BLACK
6
CONTINUOUS
10
6.406778464566929
20
-3.7905578346456692
11
6.4031831496062992
21
-3.7873726771653544
0
LINE
8
BLACK
6
CONTINUOUS
10
6.4031831496062992
20
-3.7873726771653544
11
6.4031831102362204
21
-3.7873726377952757
0
LINE
8
BLACK
6
CONTINUOUS
10
6.4031831102362204
20
-3.7873726377952757
11
6.3972529527559052
21
-3.7842602362204723
0
LINE
8
BLACK
6
CONTINUOUS
10
6.3972529527559052
20
-3.7842602362204723
11
6.3972527952755902
21
-3.7842601574803147
0
LINE
8
BLACK
6
CONTINUOUS
10
6.3972527952755902
20
-3.7842601574803147
11
6.3907503543307085
21
-3.7826574803149606
0
LINE
8
BLACK
6
CONTINUOUS
10
6.3907503543307085
20
-3.7826574803149606
11
6.3907502362204722
21
-3.7826574803149606
0
LINE
8
BLACK
6
CONTINUOUS
10
6.3907502362204722
20
-3.7826574803149606
11
6.384052913385827
21
-3.7826574803149606
0
LINE
8
BLACK
6
CONTINUOUS
10
6.384052913385827
20
-3.7826574803149606
11
6.384052755905512
21
-3.7826574803149606
0
LINE
8
BLACK
6
CONTINUOUS
10
6.384052755905512
20
-3.7826574803149606
11
6.3775503149606294
21
-3.7842601574803147
0
LINE
8
BLACK
6
CONTINUOUS
10
6.3775503149606294
20
-3.7842601574803147
11
6.3775501574803144
21
-3.7842602362204723
0
LINE
8
BLACK
6
CONTINUOUS
10
6.3775501574803144
20
-3.7842602362204723
11
6.3716200000000001
21
-3.7873726377952757
0
LINE
8
BLACK
6
CONTINUOUS
10
6.3716200000000001
20
-3.7873726377952757
11
6.3716197637795275
21
-3.787372834645669
0
LINE
8
BLACK
6
CONTINUOUS
10
6.3716197637795275
20
-3.787372834645669
11
6.3666070078740153
21
-3.7918137401574801
0
LINE
8
BLACK
6
CONTINUOUS
10
6.3666070078740153
20
-3.7918137401574801
11
6.3666069291338578
21
-3.7918138188976376
0
LINE
8
BLACK
6
CONTINUOUS
10
6.3666069291338578
20
-3.7918138188976376
11
6.362802401574803
21
-3.7973255905511811
0
LINE
8
BLACK
6
CONTINUOUS
10
6.362802401574803
20
-3.7973255905511811
11
6.3628023228346455
21
-3.7973257480314961
0
LINE
8
BLACK
6
CONTINUOUS
10
6.3628023228346455
20
-3.7973257480314961
11
6.3604275196850395
21
-3.803587716535433
0
LINE
8
BLACK
6
CONTINUOUS
10
6.3604275196850395
20
-3.803587716535433
11
6.3596202755905509
21
-3.8102361023622047
0
LINE
8
BLACK
6
CONTINUOUS
10
6.3596202755905509
20
-3.8102361023622047
11
6.3596202755905509
21
-3.8102362992125984
0
LINE
8
BLACK
6
CONTINUOUS
10
6.3596202755905509
20
-3.8102362992125984
11
6.3604275196850395
21
-3.8168846850393701
0
LINE
8
BLACK
6
CONTINUOUS
10
6.3604275196850395
20
-3.8168846850393701
11
6.3628023228346455
21
-3.823146653543307
0
LINE
8
BLACK
6
CONTINUOUS
10
6.3628023228346455
20
-3.823146653543307
11
6.362802401574803
21
-3.823146811023622
0
LINE
8
BLACK
6
CONTINUOUS
10
6.362802401574803
20
-3.823146811023622
11
6.3666069291338578
21
-3.8286585826771651
0
LINE
8
BLACK
6
CONTINUOUS
10
6.3666069291338578
20
-3.8286585826771651
11
6.3666070078740153
21
-3.8286586614173226
0
LINE
8
BLACK
6
CONTINUOUS
10
6.3666070078740153
20
-3.8286586614173226
11
6.3716197637795275
21
-3.8330995669291337
0
LINE
8
BLACK
6
CONTINUOUS
10
6.3716197637795275
20
-3.8330995669291337
11
6.3716199212598426
21
-3.8330996850393699
0
LINE
8
BLACK
6
CONTINUOUS
10
6.3716199212598426
20
-3.8330996850393699
11
6.3716200000000001
21
-3.8330997637795274
0
LINE
8
BLACK
6
CONTINUOUS
10
6.3716200000000001
20
-3.8330997637795274
11
6.3775501968503931
21
-3.8362122047244092
0
LINE
8
BLACK
6
CONTINUOUS
10
6.3775501968503931
20
-3.8362122047244092
11
6.3775502362204719
21
-3.8362122047244092
0
LINE
8
BLACK
6
CONTINUOUS
10
6.3775502362204719
20
-3.8362122047244092
11
6.3775503149606294
21
-3.8362122440944879
0
LINE
8
BLACK
6
CONTINUOUS
10
6.3775503149606294
20
-3.8362122440944879
11
6.3828675196850391
21
-3.8375227952755906
0
LINE
8
BLACK
6
CONTINUOUS
10
6.3828675196850391
20
-3.8375227952755906
11
6.384052913385827
21
-3.8378149606299212
0
LINE
8
BLACK
6
CONTINUOUS
10
6.384052913385827
20
-3.8378149606299212
11
6.3840530314960633
21
-3.8378149606299212
0
LINE
8
BLACK
6
CONTINUOUS
10
6.3840530314960633
20
-3.8378149606299212
11
6.390750118110236
21
-3.8378149606299212
0
LINE
8
BLACK
6
CONTINUOUS
10
6.390750118110236
20
-3.8378149606299212
11
6.3907502362204722
21
-3.8378149606299212
0
LINE
8
BLACK
6
CONTINUOUS
10
6.3907502362204722
20
-3.8378149606299212
11
6.3972529527559052
21
-3.8362122047244092
0
LINE
8
BLACK
6
CONTINUOUS
10
6.3972529527559052
20
-3.8362122047244092
11
6.4031831496062992
21
-3.8330997637795274
0
LINE
8
BLACK
6
CONTINUOUS
10
6.4031831496062992
20
-3.8330997637795274
11
6.4075625590551182
21
-3.8292199606299211
0
LINE
8
BLACK
6
CONTINUOUS
10
6.4075625590551182
20
-3.8292199606299211
11
6.4100922047244095
21
-3.8280309842519684
0
LINE
8
BLACK
6
CONTINUOUS
10
6.4100922047244095
20
-3.8280309842519684
11
6.4108520472440942
21
-3.8279724409448819
0
LINE
8
BLACK
6
CONTINUOUS
10
6.4108520472440942
20
-3.8279724409448819
11
6.4382193700787402
21
-3.8279724409448819
0
LINE
8
BLACK
6
CONTINUOUS
10
6.4382193700787402
20
-3.8279724409448819
11
6.440901299212598
21
-3.8287599212598424
0
LINE
8
BLACK
6
CONTINUOUS
10
6.440901299212598
20
-3.8287599212598424
11
6.4417270472440942
21
-3.8294253937007872
0
LINE
8
BLACK
6
CONTINUOUS
10
6.4417270472440942
20
-3.8294253937007872
11
6.4841959842519685
21
-3.8718942913385828
0
LINE
8
BLACK
6
CONTINUOUS
10
6.4841959842519685
20
-3.8718942913385828
11
6.4841963385826773
21
-3.8718946850393698
0
LINE
8
BLACK
6
CONTINUOUS
10
6.4841963385826773
20
-3.8718946850393698
11
6.4843696062992127
21
-3.8720679527559052
0
LINE
8
BLACK
6
CONTINUOUS
10
6.4843696062992127
20
-3.8720679527559052
11
6.4843696456692914
21
-3.872067992125984
0
LINE
8
BLACK
6
CONTINUOUS
10
6.4843696456692914
20
-3.872067992125984
11
6.4853523228346459
21
-3.8730506692913385
0
LINE
8
BLACK
6
CONTINUOUS
10
6.4853523228346459
20
-3.8730506692913385
11
6.4866918897637795
21
-3.8755038188976378
0
LINE
8
BLACK
6
CONTINUOUS
10
6.4866918897637795
20
-3.8755038188976378
11
6.4867555118110234
21
-3.876864842519685
0
LINE
8
BLACK
6
CONTINUOUS
10
6.4867555118110234
20
-3.876864842519685
11
6.4867680708661419
21
-3.876864842519685
0
LINE
8
BLACK
6
CONTINUOUS
10
6.4867680708661419
20
-3.876864842519685
11
6.4867680708661419
21
-3.8771333464566928
0
LINE
8
BLACK
6
CONTINUOUS
10
6.4867680708661419
20
-3.8771333464566928
11
6.4867691338582674
21
-3.8771561023622048
0
LINE
8
BLACK
6
CONTINUOUS
10
6.4867691338582674
20
-3.8771561023622048
11
6.4867680708661419
21
-3.8771648425196847
0
LINE
8
BLACK
6
CONTINUOUS
10
6.4867680708661419
20
-3.8771648425196847
11
6.4867680708661419
21
-3.8771649999999998
0
LINE
8
BLACK
6
CONTINUOUS
10
6.4867680708661419
20
-3.8771649999999998
11
6.4875248818897635
21
-3.8833980708661415
0
LINE
8
BLACK
6
CONTINUOUS
10
6.4875248818897635
20
-3.8833980708661415
11
6.4870664173228345
21
-3.8861553543307084
0
LINE
8
BLACK
6
CONTINUOUS
10
6.4870664173228345
20
-3.8861553543307084
11
6.485190039370079
21
-3.8882270472440945
0
LINE
8
BLACK
6
CONTINUOUS
10
6.485190039370079
20
-3.8882270472440945
11
6.482600433070866
21
-3.8889566141732281
0
LINE
8
BLACK
6
CONTINUOUS
10
6.482600433070866
20
-3.8889566141732281
11
6.408526141732283
21
-3.8889566141732281
0
LINE
8
BLACK
6
CONTINUOUS
10
6.408526141732283
20
-3.8889566141732281
11
6.4077024015748032
21
-3.8892242519685039
0
LINE
8
BLACK
6
CONTINUOUS
10
6.4077024015748032
20
-3.8892242519685039
11
6.406946023622047
21
-3.8894058661417321
0
LINE
8
BLACK
6
CONTINUOUS
10
6.406946023622047
20
-3.8894058661417321
11
6.4060903937007874
21
-3.8895414173228344
0
LINE
8
BLACK
6
CONTINUOUS
10
6.4060903937007874
20
-3.8895414173228344
11
6.4053187795275592
21
-3.8899345669291336
0
LINE
8
BLACK
6
CONTINUOUS
10
6.4053187795275592
20
-3.8899345669291336
11
6.404599881889764
21
-3.8902323622047241
0
LINE
8
BLACK
6
CONTINUOUS
10
6.404599881889764
20
-3.8902323622047241
11
6.4037760629921259
21
-3.8905000393700786
0
LINE
8
BLACK
6
CONTINUOUS
10
6.4037760629921259
20
-3.8905000393700786
11
6.4037760236220471
21
-3.8905000787401574
0
LINE
8
BLACK
6
CONTINUOUS
10
6.4037760236220471
20
-3.8905000787401574
11
6.4030749606299215
21
-3.89100937007874
0
LINE
8
BLACK
6
CONTINUOUS
10
6.4030749606299215
20
-3.89100937007874
11
6.4024118110236223
21
-3.8914157480314961
0
LINE
8
BLACK
6
CONTINUOUS
10
6.4024118110236223
20
-3.8914157480314961
11
6.4016401574803146
21
-3.8918089763779529
0
LINE
8
BLACK
6
CONTINUOUS
10
6.4016401574803146
20
-3.8918089763779529
11
6.4016399606299208
21
-3.8918090944881887
0
LINE
8
BLACK
6
CONTINUOUS
10
6.4016399606299208
20
-3.8918090944881887
11
6.3823233070866143
21
-3.9111257874015748
0
LINE
8
BLACK
6
CONTINUOUS
10
6.3823233070866143
20
-3.9111257874015748
11
6.379870078740157
21
-3.9124653937007872
0
LINE
8
BLACK
6
CONTINUOUS
10
6.379870078740157
20
-3.9124653937007872
11
6.3788156299212595
21
-3.9125787401574801
0
LINE
8
BLACK
6
CONTINUOUS
10
6.3788156299212595
20
-3.9125787401574801
11
6.1637040157480314
21
-3.9125787401574801
0
LINE
8
BLACK
6
CONTINUOUS
10
6.1637040157480314
20
-3.9125787401574801
11
6.1610220866141727
21
-3.9117912598425195
0
LINE
8
BLACK
6
CONTINUOUS
10
6.1610220866141727
20
-3.9117912598425195
11
6.1601963385826775
21
-3.9111257874015748
0
LINE
8
BLACK
6
CONTINUOUS
10
6.1601963385826775
20
-3.9111257874015748
11
6.0958391732283461
21
-3.8467685826771651
0
LINE
8
BLACK
6
CONTINUOUS
10
6.0958391732283461
20
-3.8467685826771651
11
6.0944995669291337
21
-3.8443153543307087
0
LINE
8
BLACK
6
CONTINUOUS
10
6.0944995669291337
20
-3.8443153543307087
11
6.0943862204724404
21
-3.8432609055118108
0
LINE
8
BLACK
6
CONTINUOUS
10
6.0943862204724404
20
-3.8432609055118108
11
6.0943862204724404
21
-3.7942709448818897
0
LINE
8
BLACK
6
CONTINUOUS
10
6.0943862204724404
20
-3.7942709448818897
11
6.0951737007874014
21
-3.7915890157480314
0
LINE
8
BLACK
6
CONTINUOUS
10
6.0951737007874014
20
-3.7915890157480314
11
6.0960571653543303
21
-3.790558031496063
0
LINE
8
BLACK
6
CONTINUOUS
10
6.0960571653543303
20
-3.790558031496063
11
6.0994131102362203
21
-3.7875849606299212
0
LINE
8
BLACK
6
CONTINUOUS
10
6.0994131102362203
20
-3.7875849606299212
11
6.1032176377952752
21
-3.7820731889763777
0
LINE
8
BLACK
6
CONTINUOUS
10
6.1032176377952752
20
-3.7820731889763777
11
6.1055925196850396
21
-3.7758110629921258
0
LINE
8
BLACK
6
CONTINUOUS
10
6.1055925196850396
20
-3.7758110629921258
11
6.1063998031496061
21
-3.7691625590551179
0
LINE
8
BLACK
6
CONTINUOUS
10
6.1063998031496061
20
-3.7691625590551179
11
6.1058458661417321
21
-3.7646006692913385
0
LINE
8
BLACK
6
CONTINUOUS
10
6.1058458661417321
20
-3.7646006692913385
11
6.1055925196850396
21
-3.76251405511811
0
LINE
8
BLACK
6
CONTINUOUS
10
6.1055925196850396
20
-3.76251405511811
11
6.1032177165354327
21
-3.7562520866141731
0
LINE
8
BLACK
6
CONTINUOUS
10
6.1032177165354327
20
-3.7562520866141731
11
6.1032176377952752
21
-3.7562520078740156
0
LINE
8
BLACK
6
CONTINUOUS
10
6.1032176377952752
20
-3.7562520078740156
11
6.1032176377952752
21
-3.7562519291338581
0
LINE
8
BLACK
6
CONTINUOUS
10
6.1032176377952752
20
-3.7562519291338581
11
6.1003225984251968
21
-3.7520577952755905
0
LINE
8
BLACK
6
CONTINUOUS
10
6.1003225984251968
20
-3.7520577952755905
11
6.0994472440944882
21
-3.7494034251968502
0
LINE
8
BLACK
6
CONTINUOUS
10
6.0994472440944882
20
-3.7494034251968502
11
6.1001459448818895
21
-3.7466970078740158
0
LINE
8
BLACK
6
CONTINUOUS
10
6.1001459448818895
20
-3.7466970078740158
11
6.1011157086614176
21
-3.7455268897637795
0
LINE
8
BLACK
6
CONTINUOUS
10
6.1011157086614176
20
-3.7455268897637795
11
6.1021227952755908
21
-3.7446346456692914
0
LINE
8
BLACK
6
CONTINUOUS
10
6.1021227952755908
20
-3.7446346456692914
11
6.1050465748031497
21
-3.7420444488188975
0
LINE
8
BLACK
6
CONTINUOUS
10
6.1050465748031497
20
-3.7420444488188975
11
6.1088511023622045
21
-3.7365326771653544
0
LINE
8
BLACK
6
CONTINUOUS
10
6.1088511023622045
20
-3.7365326771653544
11
6.1112259842519681
21
-3.7302705511811021
0
LINE
8
BLACK
6
CONTINUOUS
10
6.1112259842519681
20
-3.7302705511811021
11
6.1117153543307081
21
-3.7262401968503935
0
LINE
8
BLACK
6
CONTINUOUS
10
6.1117153543307081
20
-3.7262401968503935
11
6.1120332677165354
21
-3.7236221259842517
0
LINE
8
BLACK
6
CONTINUOUS
10
6.1120332677165354
20
-3.7236221259842517
11
6.1120332677165354
21
-3.7236219291338584
0
LINE
8
BLACK
6
CONTINUOUS
10
6.1120332677165354
20
-3.7236219291338584
11
6.1112259842519681
21
-3.7169735433070867
0
LINE
8
BLACK
6
CONTINUOUS
10
6.1112259842519681
20
-3.7169735433070867
11
6.1094537007874017
21
-3.71230031496063
0
LINE
8
BLACK
6
CONTINUOUS
10
6.1094537007874017
20
-3.71230031496063
11
6.1080605118110238
21
-3.7095660236220471
0
LINE
8
BLACK
6
CONTINUOUS
10
6.1080605118110238
20
-3.7095660236220471
11
6.1050465748031497
21
-3.7051996456692913
0
LINE
8
BLACK
6
CONTINUOUS
10
6.1050465748031497
20
-3.7051996456692913
11
6.1050464960629922
21
-3.7051995669291338
0
LINE
8
BLACK
6
CONTINUOUS
10
6.1050464960629922
20
-3.7051995669291338
11
6.10003374015748
21
-3.7007586614173227
0
LINE
8
BLACK
6
CONTINUOUS
10
6.10003374015748
20
-3.7007586614173227
11
6.1000336220472438
21
-3.7007585826771652
0
LINE
8
BLACK
6
CONTINUOUS
10
6.1000336220472438
20
-3.7007585826771652
11
6.1000335433070862
21
-3.7007585039370077
0
LINE
8
BLACK
6
CONTINUOUS
10
6.1000335433070862
20
-3.7007585039370077
11
6.0995692519685036
21
-3.700514803149606
0
LINE
8
BLACK
6
CONTINUOUS
10
6.0995692519685036
20
-3.700514803149606
11
6.0980208267716538
21
-3.6990165748031494
0
LINE
8
BLACK
6
CONTINUOUS
10
6.0980208267716538
20
-3.6990165748031494
11
6.0705400787401578
21
-3.6990165748031494
0
LINE
8
BLACK
6
CONTINUOUS
10
7.0146307480314958
20
-3.5791536220472442
11
7.0164611811023621
21
-3.581266062992126
0
LINE
8
BLACK
6
CONTINUOUS
10
7.0164611811023621
20
-3.581266062992126
11
7.0169094488188977
21
-3.5833267716535433
0
LINE
8
BLACK
6
CONTINUOUS
10
7.0169094488188977
20
-3.5833267716535433
11
7.0169094488188977
21
-4.1237598425196849
0
LINE
8
BLACK
6
CONTINUOUS
10
7.0169094488188977
20
-4.1237598425196849
11
7.0161219685039367
21
-4.1264417716535435
0
LINE
8
BLACK
6
CONTINUOUS
10
7.0161219685039367
20
-4.1264417716535435
11
7.0140095275590548
21
-4.1282722047244089
0
LINE
8
BLACK
6
CONTINUOUS
10
7.0140095275590548
20
-4.1282722047244089
11
7.011948818897638
21
-4.1287204724409445
0
LINE
8
BLACK
6
CONTINUOUS
10
7.011948818897638
20
-4.1287204724409445
11
6.2466043700787397
21
-4.1287204724409445
0
LINE
8
BLACK
6
CONTINUOUS
10
6.2466043700787397
20
-4.1287204724409445
11
6.2439224409448819
21
-4.1279329921259844
0
LINE
8
BLACK
6
CONTINUOUS
10
6.2439224409448819
20
-4.1279329921259844
11
6.2420920078740156
21
-4.1258205511811026
0
LINE
8
BLACK
6
CONTINUOUS
10
6.2420920078740156
20
-4.1258205511811026
11
6.2416942125984249
21
-4.1230538582677161
0
LINE
8
BLACK
6
CONTINUOUS
10
6.2416942125984249
20
-4.1230538582677161
11
6.2428553937007871
21
-4.120511338582677
0
LINE
8
BLACK
6
CONTINUOUS
10
6.2428553937007871
20
-4.120511338582677
11
6.2442990157480311
21
-4.1193674409448819
0
LINE
8
BLACK
6
CONTINUOUS
10
6.2442990157480311
20
-4.1193674409448819
11
6.2496398425196853
21
-4.1165643307086617
0
LINE
8
BLACK
6
CONTINUOUS
10
6.2496398425196853
20
-4.1165643307086617
11
6.2546528740157479
21
-4.1121231889763781
0
LINE
8
BLACK
6
CONTINUOUS
10
6.2546528740157479
20
-4.1121231889763781
11
6.2584574015748027
21
-4.106611417322835
0
LINE
8
BLACK
6
CONTINUOUS
10
6.2584574015748027
20
-4.106611417322835
11
6.2608322834645671
21
-4.1003492913385822
0
LINE
8
BLACK
6
CONTINUOUS
10
6.2608322834645671
20
-4.1003492913385822
11
6.2616395669291336
21
-4.0937007874015743
0
LINE
8
BLACK
6
CONTINUOUS
10
6.2616395669291336
20
-4.0937007874015743
11
6.26131031496063
21
-4.090989291338583
0
LINE
8
BLACK
6
CONTINUOUS
10
6.26131031496063
20
-4.090989291338583
11
6.2608322834645671
21
-4.0870522834645664
0
LINE
8
BLACK
6
CONTINUOUS
10
6.2608322834645671
20
-4.0870522834645664
11
6.2584574015748027
21
-4.0807901181102357
0
LINE
8
BLACK
6
CONTINUOUS
10
6.2584574015748027
20
-4.0807901181102357
11
6.2579703149606294
21
-4.0800844488188979
0
LINE
8
BLACK
6
CONTINUOUS
10
6.2579703149606294
20
-4.0800844488188979
11
6.2570948818897634
21
-4.0774299212598422
0
LINE
8
BLACK
6
CONTINUOUS
10
6.2570948818897634
20
-4.0774299212598422
11
6.2577935826771656
21
-4.0747235433070861
0
LINE
8
BLACK
6
CONTINUOUS
10
6.2577935826771656
20
-4.0747235433070861
11
6.2585449999999998
21
-4.0737589763779525
0
LINE
8
BLACK
6
CONTINUOUS
10
6.2585449999999998
20
-4.0737589763779525
11
6.2690438188976376
21
-4.0632601574803147
0
LINE
8
BLACK
6
CONTINUOUS
10
6.2690438188976376
20
-4.0632601574803147
11
6.2714969685039366
21
-4.0619206299212598
0
LINE
8
BLACK
6
CONTINUOUS
10
6.2714969685039366
20
-4.0619206299212598
11
6.2742849606299211
21
-4.0621200393700789
0
LINE
8
BLACK
6
CONTINUOUS
10
6.2742849606299211
20
-4.0621200393700789
11
6.2765225984251964
21
-4.0637951181102361
0
LINE
8
BLACK
6
CONTINUOUS
10
6.2765225984251964
20
-4.0637951181102361
11
6.2766334251968505
21
-4.0639492519685039
0
LINE
8
BLACK
6
CONTINUOUS
10
6.2766334251968505
20
-4.0639492519685039
11
6.2787226377952754
21
-4.0669760236220469
0
LINE
8
BLACK
6
CONTINUOUS
10
6.2787226377952754
20
-4.0669760236220469
11
6.2799927559055115
21
-4.0688160629921262
0
LINE
8
BLACK
6
CONTINUOUS
10
6.2799927559055115
20
-4.0688160629921262
11
6.279992834645669
21
-4.0688161417322837
0
LINE
8
BLACK
6
CONTINUOUS
10
6.279992834645669
20
-4.0688161417322837
11
6.2849287795275588
21
-4.0731890157480315
0
LINE
8
BLACK
6
CONTINUOUS
10
6.2849287795275588
20
-4.0731890157480315
11
6.2850058267716538
21
-4.0732572440944885
0
LINE
8
BLACK
6
CONTINUOUS
10
6.2850058267716538
20
-4.0732572440944885
11
6.2909360236220468
21
-4.0763696850393698
0
LINE
8
BLACK
6
CONTINUOUS
10
6.2909360236220468
20
-4.0763696850393698
11
6.296306181102362
21
-4.0776932677165352
0
LINE
8
BLACK
6
CONTINUOUS
10
6.296306181102362
20
-4.0776932677165352
11
6.2985142519685038
21
-4.0789788976377954
0
LINE
8
BLACK
6
CONTINUOUS
10
6.2985142519685038
20
-4.0789788976377954
11
6.2985289370078741
21
-4.078960866141732
0
LINE
8
BLACK
6
CONTINUOUS
10
6.2985289370078741
20
-4.078960866141732
11
6.2986438582677167
21
-4.0790543700787403
0
LINE
8
BLACK
6
CONTINUOUS
10
6.2986438582677167
20
-4.0790543700787403
11
6.2987216929133858
21
-4.0790996850393704
0
LINE
8
BLACK
6
CONTINUOUS
10
6.2987216929133858
20
-4.0790996850393704
11
6.2987424803149601
21
-4.0791218110236223
0
LINE
8
BLACK
6
CONTINUOUS
10
6.2987424803149601
20
-4.0791218110236223
11
6.2987921259842521
21
-4.0791749606299215
0
LINE
8
BLACK
6
CONTINUOUS
10
6.2987921259842521
20
-4.0791749606299215
11
6.3001711811023622
21
-4.0800135433070865
0
LINE
8
BLACK
6
CONTINUOUS
10
6.3001711811023622
20
-4.0800135433070865
11
6.3005903149606297
21
-4.0802988188976377
0
LINE
8
BLACK
6
CONTINUOUS
10
6.3005903149606297
20
-4.0802988188976377
11
6.3018762992125978
21
-4.0812740551181097
0
LINE
8
BLACK
6
CONTINUOUS
10
6.3018762992125978
20
-4.0812740551181097
11
6.3025274803149607
21
-4.0815308267716537
0
LINE
8
BLACK
6
CONTINUOUS
10
6.3025274803149607
20
-4.0815308267716537
11
6.3032846062992123
21
-4.0819068897637791
0
LINE
8
BLACK
6
CONTINUOUS
10
6.3032846062992123
20
-4.0819068897637791
11
6.3038825984251963
21
-4.0822705511811019
0
LINE
8
BLACK
6
CONTINUOUS
10
6.3038825984251963
20
-4.0822705511811019
11
6.3054364960629918
21
-4.0827059448818899
0
LINE
8
BLACK
6
CONTINUOUS
10
6.3054364960629918
20
-4.0827059448818899
11
6.3059173228346452
21
-4.0828675984251968
0
LINE
8
BLACK
6
CONTINUOUS
10
6.3059173228346452
20
-4.0828675984251968
11
6.3074187401574804
21
-4.0834596850393696
0
LINE
8
BLACK
6
CONTINUOUS
10
6.3074187401574804
20
-4.0834596850393696
11
6.3081148425196849
21
-4.083531220472441
0
LINE
8
BLACK
6
CONTINUOUS
10
6.3081148425196849
20
-4.083531220472441
11
6.3089455511811021
21
-4.0836891338582673
0
LINE
8
BLACK
6
CONTINUOUS
10
6.3089455511811021
20
-4.0836891338582673
11
6.309619488188976
21
-4.0838779527559055
0
LINE
8
BLACK
6
CONTINUOUS
10
6.309619488188976
20
-4.0838779527559055
11
6.3112330314960632
21
-4.0838779527559055
0
LINE
8
BLACK
6
CONTINUOUS
10
6.3112330314960632
20
-4.0838779527559055
11
6.311740393700787
21
-4.083903976377953
0
LINE
8
BLACK
6
CONTINUOUS
10
6.311740393700787
20
-4.083903976377953
11
6.3133452755905513
21
-4.084068976377953
0
LINE
8
BLACK
6
CONTINUOUS
10
6.3133452755905513
20
-4.084068976377953
11
6.3133452755905513
21
-4.0840689370078742
0
LINE
8
BLACK
6
CONTINUOUS
10
6.3133452755905513
20
-4.0840689370078742
11
6.3133453543307088
21
-4.084068976377953
0
LINE
8
BLACK
6
CONTINUOUS
10
6.3133453543307088
20
-4.084068976377953
11
6.3137541732283466
21
-4.0839984645669292
0
LINE
8
BLACK
6
CONTINUOUS
10
6.3137541732283466
20
-4.0839984645669292
11
6.3140349999999996
21
-4.0839500787401573
0
LINE
8
BLACK
6
CONTINUOUS
10
6.3140349999999996
20
-4.0839500787401573
11
6.3148777952755903
21
-4.0838779527559055
0
LINE
8
BLACK
6
CONTINUOUS
10
6.3148777952755903
20
-4.0838779527559055
11
6.6400486220472441
21
-4.0838779527559055
0
LINE
8
BLACK
6
CONTINUOUS
10
6.6400486220472441
20
-4.0838779527559055
11
6.6427305511811019
21
-4.0846654330708665
0
LINE
8
BLACK
6
CONTINUOUS
10
6.6427305511811019
20
-4.0846654330708665
11
6.6431491338582678
21
-4.0849824015748029
0
LINE
8
BLACK
6
CONTINUOUS
10
6.6431491338582678
20
-4.0849824015748029
11
6.6432735433070862
21
-4.0850682677165358
0
LINE
8
BLACK
6
CONTINUOUS
10
6.6432735433070862
20
-4.0850682677165358
11
6.6492037401574802
21
-4.088180708661417
0
LINE
8
BLACK
6
CONTINUOUS
10
6.6492037401574802
20
-4.088180708661417
11
6.6492037795275589
21
-4.088180708661417
0
LINE
8
BLACK
6
CONTINUOUS
10
6.6492037795275589
20
-4.088180708661417
11
6.6492038582677164
21
-4.0881807480314958
0
LINE
8
BLACK
6
CONTINUOUS
10
6.6492038582677164
20
-4.0881807480314958
11
6.6553724803149601
21
-4.0897011417322835
0
LINE
8
BLACK
6
CONTINUOUS
10
6.6553724803149601
20
-4.0897011417322835
11
6.6557064566929132
21
-4.0897834645669287
0
LINE
8
BLACK
6
CONTINUOUS
10
6.6557064566929132
20
-4.0897834645669287
11
6.6557065748031494
21
-4.0897834645669287
0
LINE
8
BLACK
6
CONTINUOUS
10
6.6557065748031494
20
-4.0897834645669287
11
6.662403661417323
21
-4.0897834645669287
0
LINE
8
BLACK
6
CONTINUOUS
10
6.662403661417323
20
-4.0897834645669287
11
6.6624037795275592
21
-4.0897834645669287
0
LINE
8
BLACK
6
CONTINUOUS
10
6.6624037795275592
20
-4.0897834645669287
11
6.6689064960629922
21
-4.088180708661417
0
LINE
8
BLACK
6
CONTINUOUS
10
6.6689064960629922
20
-4.088180708661417
11
6.6748366929133853
21
-4.0850682677165358
0
LINE
8
BLACK
6
CONTINUOUS
10
6.6748366929133853
20
-4.0850682677165358
11
6.6798497244094488
21
-4.0806271259842521
0
LINE
8
BLACK
6
CONTINUOUS
10
6.6798497244094488
20
-4.0806271259842521
11
6.6836542519685036
21
-4.0751153543307082
0
LINE
8
BLACK
6
CONTINUOUS
10
6.6836542519685036
20
-4.0751153543307082
11
6.6860291338582671
21
-4.0688532283464562
0
LINE
8
BLACK
6
CONTINUOUS
10
6.6860291338582671
20
-4.0688532283464562
11
6.686545118110236
21
-4.0646037401574802
0
LINE
8
BLACK
6
CONTINUOUS
10
6.686545118110236
20
-4.0646037401574802
11
6.6868364173228345
21
-4.0622048031496059
0
LINE
8
BLACK
6
CONTINUOUS
10
6.6868364173228345
20
-4.0622048031496059
11
6.6868364173228345
21
-4.0622046062992121
0
LINE
8
BLACK
6
CONTINUOUS
10
6.6868364173228345
20
-4.0622046062992121
11
6.6860291338582671
21
-4.0555562204724405
0
LINE
8
BLACK
6
CONTINUOUS
10
6.6860291338582671
20
-4.0555562204724405
11
6.6836543307086611
21
-4.0492942519685036
0
LINE
8
BLACK
6
CONTINUOUS
10
6.6836543307086611
20
-4.0492942519685036
11
6.6836542519685036
21
-4.0492941732283461
0
LINE
8
BLACK
6
CONTINUOUS
10
6.6836542519685036
20
-4.0492941732283461
11
6.6836542519685036
21
-4.0492940944881886
0
LINE
8
BLACK
6
CONTINUOUS
10
6.6836542519685036
20
-4.0492940944881886
11
6.6816433070866141
21
-4.0463807874015751
0
LINE
8
BLACK
6
CONTINUOUS
10
6.6816433070866141
20
-4.0463807874015751
11
6.6807679527559056
21
-4.0437264173228344
0
LINE
8
BLACK
6
CONTINUOUS
10
6.6807679527559056
20
-4.0437264173228344
11
6.6814666535433069
21
-4.0410199999999996
0
LINE
8
BLACK
6
CONTINUOUS
10
6.6814666535433069
20
-4.0410199999999996
11
6.6835175984251967
21
-4.0391209448818897
0
LINE
8
BLACK
6
CONTINUOUS
10
6.6835175984251967
20
-4.0391209448818897
11
6.685725905511811
21
-4.0386023228346453
0
LINE
8
BLACK
6
CONTINUOUS
10
6.685725905511811
20
-4.0386023228346453
11
6.7337181889763782
21
-4.0386023228346453
0
LINE
8
BLACK
6
CONTINUOUS
10
6.7337181889763782
20
-4.0386023228346453
11
6.7338875196850392
21
-4.0386051968503933
0
LINE
8
BLACK
6
CONTINUOUS
10
6.7338875196850392
20
-4.0386051968503933
11
6.7364105905511806
21
-4.0386913779527562
0
LINE
8
BLACK
6
CONTINUOUS
10
6.7364105905511806
20
-4.0386913779527562
11
6.7379778740157477
21
-4.03830937007874
0
LINE
8
BLACK
6
CONTINUOUS
10
6.7379778740157477
20
-4.03830937007874
11
6.7384769291338582
21
-4.0382145275590551
0
LINE
8
BLACK
6
CONTINUOUS
10
6.7384769291338582
20
-4.0382145275590551
11
6.7400757086614176
21
-4.0379948425196845
0
LINE
8
BLACK
6
CONTINUOUS
10
6.7400757086614176
20
-4.0379948425196845
11
6.7407176377952753
21
-4.0377159448818896
0
LINE
8
BLACK
6
CONTINUOUS
10
6.7407176377952753
20
-4.0377159448818896
11
6.7415194094488191
21
-4.0374463385826767
0
LINE
8
BLACK
6
CONTINUOUS
10
6.7415194094488191
20
-4.0374463385826767
11
6.7421990157480316
21
-4.037280787401575
0
LINE
8
BLACK
6
CONTINUOUS
10
6.7421990157480316
20
-4.037280787401575
11
6.7436055118110234
21
-4.0364899212598422
0
LINE
8
BLACK
6
CONTINUOUS
10
6.7436055118110234
20
-4.0364899212598422
11
6.7440604724409443
21
-4.0362639763779526
0
LINE
8
BLACK
6
CONTINUOUS
10
6.7440604724409443
20
-4.0362639763779526
11
6.7449201968503933
21
-4.0358905511811018
0
LINE
8
BLACK
6
CONTINUOUS
10
6.7449201968503933
20
-4.0358905511811018
11
6.7455402755905514
21
-4.0356212204724411
0
LINE
8
BLACK
6
CONTINUOUS
10
6.7455402755905514
20
-4.0356212204724411
11
6.7460830314960631
21
-4.0351796062992129
0
LINE
8
BLACK
6
CONTINUOUS
10
6.7460830314960631
20
-4.0351796062992129
11
6.7467821653543307
21
-4.0347037795275593
0
LINE
8
BLACK
6
CONTINUOUS
10
6.7467821653543307
20
-4.0347037795275593
11
6.7473922047244095
21
-4.0343608267716533
0
LINE
8
BLACK
6
CONTINUOUS
10
6.7473922047244095
20
-4.0343608267716533
11
6.7485335826771653
21
-4.03321937007874
0
LINE
8
BLACK
6
CONTINUOUS
10
6.7485335826771653
20
-4.03321937007874
11
6.748909921259842
21
-4.0328797637795271
0
LINE
8
BLACK
6
CONTINUOUS
10
6.748909921259842
20
-4.0328797637795271
11
6.7501618503937006
21
-4.0318612992125979
0
LINE
8
BLACK
6
CONTINUOUS
10
6.7501618503937006
20
-4.0318612992125979
11
6.750565472440945
21
-4.031289409448819
0
LINE
8
BLACK
6
CONTINUOUS
10
6.750565472440945
20
-4.031289409448819
11
6.7511102362204722
21
-4.030642716535433
0
LINE
8
BLACK
6
CONTINUOUS
10
6.7511102362204722
20
-4.030642716535433
11
6.7980746850393698
21
-3.9836782283464567
0
LINE
8
BLACK
6
CONTINUOUS
10
6.7980746850393698
20
-3.9836782283464567
11
6.798195433070866
21
-3.9835615748031494
0
LINE
8
BLACK
6
CONTINUOUS
10
6.798195433070866
20
-3.9835615748031494
11
6.8000410236220468
21
-3.9818379527559054
0
LINE
8
BLACK
6
CONTINUOUS
10
6.8000410236220468
20
-3.9818379527559054
11
6.8000410629921255
21
-3.9818379133858266
0
LINE
8
BLACK
6
CONTINUOUS
10
6.8000410629921255
20
-3.9818379133858266
11
6.8000410629921255
21
-3.9818378740157478
0
LINE
8
BLACK
6
CONTINUOUS
10
6.8000410629921255
20
-3.9818378740157478
11
6.800041141732283
21
-3.9818378346456691
0
LINE
8
BLACK
6
CONTINUOUS
10
6.800041141732283
20
-3.9818378346456691
11
6.8008794488188977
21
-3.9804591732283465
0
LINE
8
BLACK
6
CONTINUOUS
10
6.8008794488188977
20
-3.9804591732283465
11
6.8011649212598426
21
-3.9800396850393698
0
LINE
8
BLACK
6
CONTINUOUS
10
6.8011649212598426
20
-3.9800396850393698
11
6.8021402362204721
21
-3.9787536614173229
0
LINE
8
BLACK
6
CONTINUOUS
10
6.8021402362204721
20
-3.9787536614173229
11
6.802396889763779
21
-3.9781027559055118
0
LINE
8
BLACK
6
CONTINUOUS
10
6.802396889763779
20
-3.9781027559055118
11
6.8027731496062991
21
-3.9773451574803147
0
LINE
8
BLACK
6
CONTINUOUS
10
6.8027731496062991
20
-3.9773451574803147
11
6.8031367322834644
21
-3.9767473622047245
0
LINE
8
BLACK
6
CONTINUOUS
10
6.8031367322834644
20
-3.9767473622047245
11
6.8035722047244089
21
-3.9751929921259843
0
LINE
8
BLACK
6
CONTINUOUS
10
6.8035722047244089
20
-3.9751929921259843
11
6.8037337007874017
21
-3.9747127559055118
0
LINE
8
BLACK
6
CONTINUOUS
10
6.8037337007874017
20
-3.9747127559055118
11
6.8043258661417321
21
-3.9732112598425195
0
LINE
8
BLACK
6
CONTINUOUS
10
6.8043258661417321
20
-3.9732112598425195
11
6.8043973622047247
21
-3.9725153543307088
0
LINE
8
BLACK
6
CONTINUOUS
10
6.8043973622047247
20
-3.9725153543307088
11
6.8045553149606297
21
-3.9716842125984253
0
LINE
8
BLACK
6
CONTINUOUS
10
6.8045553149606297
20
-3.9716842125984253
11
6.8047441338582679
21
-3.9710104724409447
0
LINE
8
BLACK
6
CONTINUOUS
10
6.8047441338582679
20
-3.9710104724409447
11
6.8047441338582679
21
-3.9693966141732284
0
LINE
8
BLACK
6
CONTINUOUS
10
6.8047441338582679
20
-3.9693966141732284
11
6.8047701574803146
21
-3.9688892519685037
0
LINE
8
BLACK
6
CONTINUOUS
10
6.8047701574803146
20
-3.9688892519685037
11
6.8049351181102358
21
-3.9672846850393699
0
LINE
8
BLACK
6
CONTINUOUS
10
6.8049351181102358
20
-3.9672846850393699
11
6.8048162598425197
21
-3.9665951968503936
0
LINE
8
BLACK
6
CONTINUOUS
10
6.8048162598425197
20
-3.9665951968503936
11
6.8047441338582679
21
-3.9657524409448817
0
LINE
8
BLACK
6
CONTINUOUS
10
6.8047441338582679
20
-3.9657524409448817
11
6.8047441338582679
21
-3.8163481889763777
0
LINE
8
BLACK
6
CONTINUOUS
10
6.8047441338582679
20
-3.8163481889763777
11
6.804747007874016
21
-3.8161788582677163
0
LINE
8
BLACK
6
CONTINUOUS
10
6.804747007874016
20
-3.8161788582677163
11
6.804833188976378
21
-3.8136558267716536
0
LINE
8
BLACK
6
CONTINUOUS
10
6.804833188976378
20
-3.8136558267716536
11
6.8044510629921255
21
-3.8120879133858265
0
LINE
8
BLACK
6
CONTINUOUS
10
6.8044510629921255
20
-3.8120879133858265
11
6.8043563385826769
21
-3.8115893700787402
0
LINE
8
BLACK
6
CONTINUOUS
10
6.8043563385826769
20
-3.8115893700787402
11
6.8041366535433072
21
-3.8099907086614171
0
LINE
8
BLACK
6
CONTINUOUS
10
6.8041366535433072
20
-3.8099907086614171
11
6.8038578346456688
21
-3.8093488976377952
0
LINE
8
BLACK
6
CONTINUOUS
10
6.8038578346456688
20
-3.8093488976377952
11
6.8035881102362206
21
-3.8085467322834643
0
LINE
8
BLACK
6
CONTINUOUS
10
6.8035881102362206
20
-3.8085467322834643
11
6.8034226377952756
21
-3.8078675984251968
0
LINE
8
BLACK
6
CONTINUOUS
10
6.8034226377952756
20
-3.8078675984251968
11
6.8034225984251968
21
-3.8078674015748031
0
LINE
8
BLACK
6
CONTINUOUS
10
6.8034225984251968
20
-3.8078674015748031
11
6.8026314173228348
21
-3.8064602755905512
0
LINE
8
BLACK
6
CONTINUOUS
10
6.8026314173228348
20
-3.8064602755905512
11
6.8024058267716532
21
-3.806006023622047
0
LINE
8
BLACK
6
CONTINUOUS
10
6.8024058267716532
20
-3.806006023622047
11
6.8017631102362204
21
-3.8045262992125983
0
LINE
8
BLACK
6
CONTINUOUS
10
6.8017631102362204
20
-3.8045262992125983
11
6.8017629527559054
21
-3.8045260236220471
0
LINE
8
BLACK
6
CONTINUOUS
10
6.8017629527559054
20
-3.8045260236220471
11
6.8013214566929134
21
-3.8039833464566928
0
LINE
8
BLACK
6
CONTINUOUS
10
6.8013214566929134
20
-3.8039833464566928
11
6.8008455118110236
21
-3.8032840551181102
0
LINE
8
BLACK
6
CONTINUOUS
10
6.8008455118110236
20
-3.8032840551181102
11
6.8005025984251963
21
-3.8026741732283464
0
LINE
8
BLACK
6
CONTINUOUS
10
6.8005025984251963
20
-3.8026741732283464
11
6.8005024409448813
21
-3.8026739763779527
0
LINE
8
BLACK
6
CONTINUOUS
10
6.8005024409448813
20
-3.8026739763779527
11
6.7993618110236218
21
-3.8015333464566927
0
LINE
8
BLACK
6
CONTINUOUS
10
6.7993618110236218
20
-3.8015333464566927
11
6.7990214960629922
21
-3.8011562992125985
0
LINE
8
BLACK
6
CONTINUOUS
10
6.7990214960629922
20
-3.8011562992125985
11
6.7980032283464569
21
-3.7999046850393698
0
LINE
8
BLACK
6
CONTINUOUS
10
6.7980032283464569
20
-3.7999046850393698
11
6.7980029133858269
21
-3.799904409448819
0
LINE
8
BLACK
6
CONTINUOUS
10
6.7980029133858269
20
-3.799904409448819
11
6.797431181102362
21
-3.7995008267716535
0
LINE
8
BLACK
6
CONTINUOUS
10
6.797431181102362
20
-3.7995008267716535
11
6.7967843307086611
21
-3.7989559055118107
0
LINE
8
BLACK
6
CONTINUOUS
10
6.7967843307086611
20
-3.7989559055118107
11
6.6746309055118109
21
-3.6768024803149606
0
LINE
8
BLACK
6
CONTINUOUS
10
6.6746309055118109
20
-3.6768024803149606
11
6.674513149606299
21
-3.6766806692913385
0
LINE
8
BLACK
6
CONTINUOUS
10
6.674513149606299
20
-3.6766806692913385
11
6.6727900787401575
21
-3.6748356692913386
0
LINE
8
BLACK
6
CONTINUOUS
10
6.6727900787401575
20
-3.6748356692913386
11
6.67279
21
-3.6748356299212599
0
LINE
8
BLACK
6
CONTINUOUS
10
6.67279
20
-3.6748356299212599
11
6.6727899606299212
21
-3.6748355905511811
0
LINE
8
BLACK
6
CONTINUOUS
10
6.6727899606299212
20
-3.6748355905511811
11
6.6714113779527562
21
-3.6739972440944881
0
LINE
8
BLACK
6
CONTINUOUS
10
6.6714113779527562
20
-3.6739972440944881
11
6.6709916929133861
21
-3.6737116141732282
0
LINE
8
BLACK
6
CONTINUOUS
10
6.6709916929133861
20
-3.6737116141732282
11
6.6704253149606298
21
-3.6732821259842519
0
LINE
8
BLACK
6
CONTINUOUS
10
6.6704253149606298
20
-3.6732821259842519
11
6.6697057874015746
21
-3.672736496062992
0
LINE
8
BLACK
6
CONTINUOUS
10
6.6697057874015746
20
-3.672736496062992
11
6.6697056692913383
21
-3.6727364173228345
0
LINE
8
BLACK
6
CONTINUOUS
10
6.6697056692913383
20
-3.6727364173228345
11
6.6697056299212596
21
-3.6727364173228345
0
LINE
8
BLACK
6
CONTINUOUS
10
6.6697056299212596
20
-3.6727364173228345
11
6.6690547637795277
21
-3.6724797244094489
0
LINE
8
BLACK
6
CONTINUOUS
10
6.6690547637795277
20
-3.6724797244094489
11
6.6682973622047239
21
-3.6721035433070863
0
LINE
8
BLACK
6
CONTINUOUS
10
6.6682973622047239
20
-3.6721035433070863
11
6.6676995275590549
21
-3.6717399999999998
0
LINE
8
BLACK
6
CONTINUOUS
10
6.6676995275590549
20
-3.6717399999999998
11
6.6676994094488187
21
-3.671739960629921
0
LINE
8
BLACK
6
CONTINUOUS
10
6.6676994094488187
20
-3.671739960629921
11
6.6661457874015744
21
-3.671304645669291
0
LINE
8
BLACK
6
CONTINUOUS
10
6.6661457874015744
20
-3.671304645669291
11
6.6656644881889759
21
-3.6711427952755904
0
LINE
8
BLACK
6
CONTINUOUS
10
6.6656644881889759
20
-3.6711427952755904
11
6.6641634251968505
21
-3.6705508661417321
0
LINE
8
BLACK
6
CONTINUOUS
10
6.6641634251968505
20
-3.6705508661417321
11
6.6636866535433068
21
-3.6705018110236218
0
LINE
8
BLACK
6
CONTINUOUS
10
6.6636866535433068
20
-3.6705018110236218
11
6.6634668503937009
21
-3.6704792125984249
0
LINE
8
BLACK
6
CONTINUOUS
10
6.6634668503937009
20
-3.6704792125984249
11
6.6626365748031491
21
-3.6703214173228345
0
LINE
8
BLACK
6
CONTINUOUS
10
6.6626365748031491
20
-3.6703214173228345
11
6.6619625984251964
21
-3.6701325984251967
0
LINE
8
BLACK
6
CONTINUOUS
10
6.6619625984251964
20
-3.6701325984251967
11
6.6619624803149602
21
-3.6701325984251967
0
LINE
8
BLACK
6
CONTINUOUS
10
6.6619624803149602
20
-3.6701325984251967
11
6.6603490551181102
21
-3.6701325984251967
0
LINE
8
BLACK
6
CONTINUOUS
10
6.6603490551181102
20
-3.6701325984251967
11
6.6598416929133855
21
-3.6701065748031496
0
LINE
8
BLACK
6
CONTINUOUS
10
6.6598416929133855
20
-3.6701065748031496
11
6.6582367716535433
21
-3.6699415354330709
0
LINE
8
BLACK
6
CONTINUOUS
10
6.6582367716535433
20
-3.6699415354330709
11
6.6575470866141728
21
-3.6700604724409449
0
LINE
8
BLACK
6
CONTINUOUS
10
6.6575470866141728
20
-3.6700604724409449
11
6.6567042913385821
21
-3.6701325984251967
0
LINE
8
BLACK
6
CONTINUOUS
10
6.6567042913385821
20
-3.6701325984251967
11
6.6557190944881892
21
-3.6701325984251967
0
LINE
8
BLACK
6
CONTINUOUS
10
6.6557190944881892
20
-3.6701325984251967
11
6.6530371653543305
21
-3.6693451181102361
0
LINE
8
BLACK
6
CONTINUOUS
10
6.6530371653543305
20
-3.6693451181102361
11
6.6526185433070868
21
-3.6690281102362206
0
LINE
8
BLACK
6
CONTINUOUS
10
6.6526185433070868
20
-3.6690281102362206
11
6.6524941338582675
21
-3.6689422440944881
0
LINE
8
BLACK
6
CONTINUOUS
10
6.6524941338582675
20
-3.6689422440944881
11
6.6465639763779523
21
-3.6658298425196851
0
LINE
8
BLACK
6
CONTINUOUS
10
6.6465639763779523
20
-3.6658298425196851
11
6.6465638188976373
21
-3.6658297637795276
0
LINE
8
BLACK
6
CONTINUOUS
10
6.6465638188976373
20
-3.6658297637795276
11
6.6400613779527555
21
-3.6642270866141731
0
LINE
8
BLACK
6
CONTINUOUS
10
6.6400613779527555
20
-3.6642270866141731
11
6.6400612598425193
21
-3.6642270866141731
0
LINE
8
BLACK
6
CONTINUOUS
10
6.6400612598425193
20
-3.6642270866141731
11
6.6333639370078741
21
-3.6642270866141731
0
LINE
8
BLACK
6
CONTINUOUS
10
6.6333639370078741
20
-3.6642270866141731
11
6.6333637795275591
21
-3.6642270866141731
0
LINE
8
BLACK
6
CONTINUOUS
10
6.6333637795275591
20
-3.6642270866141731
11
6.6268613385826773
21
-3.6658297637795276
0
LINE
8
BLACK
6
CONTINUOUS
10
6.6268613385826773
20
-3.6658297637795276
11
6.6268611811023623
21
-3.6658298425196851
0
LINE
8
BLACK
6
CONTINUOUS
10
6.6268611811023623
20
-3.6658298425196851
11
6.6209310236220471
21
-3.6689422440944881
0
LINE
8
BLACK
6
CONTINUOUS
10
6.6209310236220471
20
-3.6689422440944881
11
6.6209309842519684
21
-3.6689422834645669
0
LINE
8
BLACK
6
CONTINUOUS
10
6.6209309842519684
20
-3.6689422834645669
11
6.6201848425196852
21
-3.6696033464566926
0
LINE
8
BLACK
6
CONTINUOUS
10
6.6201848425196852
20
-3.6696033464566926
11
6.6165516141732281
21
-3.6728220866141732
0
LINE
8
BLACK
6
CONTINUOUS
10
6.6165516141732281
20
-3.6728220866141732
11
6.6140219685039368
21
-3.6740110629921259
0
LINE
8
BLACK
6
CONTINUOUS
10
6.6140219685039368
20
-3.6740110629921259
11
6.6132621259842521
21
-3.6740696062992124
0
LINE
8
BLACK
6
CONTINUOUS
10
6.6132621259842521
20
-3.6740696062992124
11
6.5609961417322831
21
-3.6740696062992124
0
LINE
8
BLACK
6
CONTINUOUS
10
6.5609961417322831
20
-3.6740696062992124
11
6.5583142125984253
21
-3.6732821259842519
0
LINE
8
BLACK
6
CONTINUOUS
10
6.5583142125984253
20
-3.6732821259842519
11
6.556483779527559
21
-3.67116968503937
0
LINE
8
BLACK
6
CONTINUOUS
10
6.556483779527559
20
-3.67116968503937
11
6.5560859842519683
21
-3.668402992125984
0
LINE
8
BLACK
6
CONTINUOUS
10
6.5560859842519683
20
-3.668402992125984
11
6.5563578346456692
21
-3.6673499606299211
0
LINE
8
BLACK
6
CONTINUOUS
10
6.5563578346456692
20
-3.6673499606299211
11
6.5569343307086614
21
-3.6658297637795276
0
LINE
8
BLACK
6
CONTINUOUS
10
6.5569343307086614
20
-3.6658297637795276
11
6.5571314960629916
21
-3.6653099212598423
0
LINE
8
BLACK
6
CONTINUOUS
10
6.5571314960629916
20
-3.6653099212598423
11
6.5571314960629916
21
-3.6653098818897636
0
LINE
8
BLACK
6
CONTINUOUS
10
6.5571314960629916
20
-3.6653098818897636
11
6.5571315354330704
21
-3.6653098031496061
0
LINE
8
BLACK
6
CONTINUOUS
10
6.5571315354330704
20
-3.6653098031496061
11
6.557938779527559
21
-3.658661496062992
0
LINE
8
BLACK
6
CONTINUOUS
10
6.557938779527559
20
-3.658661496062992
11
6.557938779527559
21
-3.6586612992125982
0
LINE
8
BLACK
6
CONTINUOUS
10
6.557938779527559
20
-3.6586612992125982
11
6.5571314960629916
21
-3.6520129133858266
0
LINE
8
BLACK
6
CONTINUOUS
10
6.5571314960629916
20
-3.6520129133858266
11
6.5547566929133856
21
-3.6457509448818897
0
LINE
8
BLACK
6
CONTINUOUS
10
6.5547566929133856
20
-3.6457509448818897
11
6.5547566141732281
21
-3.6457507874015747
0
LINE
8
BLACK
6
CONTINUOUS
10
6.5547566141732281
20
-3.6457507874015747
11
6.5509520866141733
21
-3.6402390157480315
0
LINE
8
BLACK
6
CONTINUOUS
10
6.5509520866141733
20
-3.6402390157480315
11
6.5509520078740158
21
-3.640238937007874
0
LINE
8
BLACK
6
CONTINUOUS
10
6.5509520078740158
20
-3.640238937007874
11
6.5459392519685036
21
-3.635798031496063
0
LINE
8
BLACK
6
CONTINUOUS
10
6.5459392519685036
20
-3.635798031496063
11
6.5459390157480311
21
-3.6357978346456692
0
LINE
8
BLACK
6
CONTINUOUS
10
6.5459390157480311
20
-3.6357978346456692
11
6.5400088582677167
21
-3.6326854330708662
0
LINE
8
BLACK
6
CONTINUOUS
10
6.5400088582677167
20
-3.6326854330708662
11
6.5400087007874017
21
-3.6326853543307087
0
LINE
8
BLACK
6
CONTINUOUS
10
6.5400087007874017
20
-3.6326853543307087
11
6.5335062598425191
21
-3.6310826771653542
0
LINE
8
BLACK
6
CONTINUOUS
10
6.5335062598425191
20
-3.6310826771653542
11
6.5335061417322837
21
-3.6310826771653542
0
LINE
8
BLACK
6
CONTINUOUS
10
6.5335061417322837
20
-3.6310826771653542
11
6.5268088188976376
21
-3.6310826771653542
0
LINE
8
BLACK
6
CONTINUOUS
10
6.5268088188976376
20
-3.6310826771653542
11
6.5268086220472439
21
-3.6310826771653542
0
LINE
8
BLACK
6
CONTINUOUS
10
6.5268086220472439
20
-3.6310826771653542
11
6.5261997637795277
21
-3.6312327559055118
0
LINE
8
BLACK
6
CONTINUOUS
10
6.5261997637795277
20
-3.6312327559055118
11
6.5240381889763777
21
-3.6311376377952755
0
LINE
8
BLACK
6
CONTINUOUS
10
6.5240381889763777
20
-3.6311376377952755
11
6.5240143307086615
21
-3.6312637401574803
0
LINE
8
BLACK
6
CONTINUOUS
10
6.5240143307086615
20
-3.6312637401574803
11
6.5233194881889762
21
-3.6311322047244095
0
LINE
8
BLACK
6
CONTINUOUS
10
6.5233194881889762
20
-3.6311322047244095
11
6.5229879921259837
21
-3.6310822834645666
0
LINE
8
BLACK
6
CONTINUOUS
10
6.5229879921259837
20
-3.6310822834645666
11
6.5229878740157483
21
-3.6310822834645666
0
LINE
8
BLACK
6
CONTINUOUS
10
6.5229878740157483
20
-3.6310822834645666
11
6.5207391732283462
21
-3.6310822834645666
0
LINE
8
BLACK
6
CONTINUOUS
10
6.5207391732283462
20
-3.6310822834645666
11
6.520553700787401
21
-3.6310788188976377
0
LINE
8
BLACK
6
CONTINUOUS
10
6.520553700787401
20
-3.6310788188976377
11
6.5194184251968501
21
-3.6310363385826769
0
LINE
8
BLACK
6
CONTINUOUS
10
6.5194184251968501
20
-3.6310363385826769
11
6.5183062992125986
21
-3.6309947244094487
0
LINE
8
BLACK
6
CONTINUOUS
10
6.5183062992125986
20
-3.6309947244094487
11
6.5183062598425199
21
-3.6309947244094487
0
LINE
8
BLACK
6
CONTINUOUS
10
6.5183062598425199
20
-3.6309947244094487
11
6.517937007874016
21
-3.6310363385826769
0
LINE
8
BLACK
6
CONTINUOUS
10
6.517937007874016
20
-3.6310363385826769
11
6.5179331496062991
21
-3.6310024015748033
0
LINE
8
BLACK
6
CONTINUOUS
10
6.5179331496062991
20
-3.6310024015748033
11
6.5173264960629922
21
-3.6310822834645666
0
LINE
8
BLACK
6
CONTINUOUS
10
6.5173264960629922
20
-3.6310822834645666
11
6.4996655118110231
21
-3.6310822834645666
0
LINE
8
BLACK
6
CONTINUOUS
10
6.4996655118110231
20
-3.6310822834645666
11
6.4969835826771654
21
-3.6302948031496061
0
LINE
8
BLACK
6
CONTINUOUS
10
6.4969835826771654
20
-3.6302948031496061
11
6.4951531496062991
21
-3.6281823622047242
0
LINE
8
BLACK
6
CONTINUOUS
10
6.4951531496062991
20
-3.6281823622047242
11
6.4947410629921256
21
-3.62552374015748
0
LINE
8
BLACK
6
CONTINUOUS
10
6.4947410629921256
20
-3.62552374015748
11
6.4954978346456693
21
-3.6192910629921258
0
LINE
8
BLACK
6
CONTINUOUS
10
6.4954978346456693
20
-3.6192910629921258
11
6.4954978346456693
21
-3.6192908267716533
0
LINE
8
BLACK
6
CONTINUOUS
10
6.4954978346456693
20
-3.6192908267716533
11
6.4946905511811019
21
-3.6126424409448816
0
LINE
8
BLACK
6
CONTINUOUS
10
6.4946905511811019
20
-3.6126424409448816
11
6.4923157480314959
21
-3.6063804724409447
0
LINE
8
BLACK
6
CONTINUOUS
10
6.4923157480314959
20
-3.6063804724409447
11
6.4923156692913384
21
-3.6063803149606297
0
LINE
8
BLACK
6
CONTINUOUS
10
6.4923156692913384
20
-3.6063803149606297
11
6.4885111417322836
21
-3.6008685433070866
0
LINE
8
BLACK
6
CONTINUOUS
10
6.4885111417322836
20
-3.6008685433070866
11
6.4885110629921261
21
-3.6008684645669291
0
LINE
8
BLACK
6
CONTINUOUS
10
6.4885110629921261
20
-3.6008684645669291
11
6.4834983070866139
21
-3.596427559055118
0
LINE
8
BLACK
6
CONTINUOUS
10
6.4834983070866139
20
-3.596427559055118
11
6.4834980708661414
21
-3.5964273622047243
0
LINE
8
BLACK
6
CONTINUOUS
10
6.4834980708661414
20
-3.5964273622047243
11
6.477567913385827
21
-3.5933149606299213
0
LINE
8
BLACK
6
CONTINUOUS
10
6.477567913385827
20
-3.5933149606299213
11
6.477567755905512
21
-3.5933148818897638
0
LINE
8
BLACK
6
CONTINUOUS
10
6.477567755905512
20
-3.5933148818897638
11
6.4710653149606294
21
-3.5917122047244092
0
LINE
8
BLACK
6
CONTINUOUS
10
6.4710653149606294
20
-3.5917122047244092
11
6.4710651968503932
21
-3.5917122047244092
0
LINE
8
BLACK
6
CONTINUOUS
10
6.4710651968503932
20
-3.5917122047244092
11
6.4675285826771649
21
-3.5917122047244092
0
LINE
8
BLACK
6
CONTINUOUS
10
6.4675285826771649
20
-3.5917122047244092
11
6.4648466535433071
21
-3.5909247244094487
0
LINE
8
BLACK
6
CONTINUOUS
10
6.4648466535433071
20
-3.5909247244094487
11
6.4640732677165351
21
-3.5902264566929132
0
LINE
8
BLACK
6
CONTINUOUS
10
6.4640732677165351
20
-3.5902264566929132
11
6.4640477165354326
21
-3.5902540551181104
0
LINE
8
BLACK
6
CONTINUOUS
10
6.4640477165354326
20
-3.5902540551181104
11
6.4637751968503938
21
-3.5900012204724407
0
LINE
8
BLACK
6
CONTINUOUS
10
6.4637751968503938
20
-3.5900012204724407
11
6.4637751574803151
21
-3.590001181102362
0
LINE
8
BLACK
6
CONTINUOUS
10
6.4637751574803151
20
-3.590001181102362
11
6.4637751181102363
21
-3.5900011417322832
0
LINE
8
BLACK
6
CONTINUOUS
10
6.4637751181102363
20
-3.5900011417322832
11
6.4619158267716532
21
-3.5887334645669289
0
LINE
8
BLACK
6
CONTINUOUS
10
6.4619158267716532
20
-3.5887334645669289
11
6.4617655118110235
21
-3.5886267716535434
0
LINE
8
BLACK
6
CONTINUOUS
10
6.4617655118110235
20
-3.5886267716535434
11
6.4599922047244096
21
-3.5873180314960629
0
LINE
8
BLACK
6
CONTINUOUS
10
6.4599922047244096
20
-3.5873180314960629
11
6.4583020078740159
21
-3.5850918503937006
0
LINE
8
BLACK
6
CONTINUOUS
10
6.4583020078740159
20
-3.5850918503937006
11
6.4580837007874017
21
-3.5823052362204724
0
LINE
8
BLACK
6
CONTINUOUS
10
6.4580837007874017
20
-3.5823052362204724
11
6.4594065748031495
21
-3.5798429527559055
0
LINE
8
BLACK
6
CONTINUOUS
10
6.4594065748031495
20
-3.5798429527559055
11
6.461850669291338
21
-3.5784867716535431
0
LINE
8
BLACK
6
CONTINUOUS
10
6.461850669291338
20
-3.5784867716535431
11
6.4629379921259842
21
-3.5783661417322832
0
LINE
8
BLACK
6
CONTINUOUS
10
6.4629379921259842
20
-3.5783661417322832
11
7.011948818897638
21
-3.5783661417322832
0
LINE
8
BLACK
6
CONTINUOUS
10
7.011948818897638
20
-3.5783661417322832
11
7.0146307480314958
21
-3.5791536220472442
0
LINE
8
BLACK
6
CONTINUOUS
10
5.9906931889763779
20
-3.7440778346456693
11
5.9950832283464566
21
-3.74631468503937
0
LINE
8
BLACK
6
CONTINUOUS
10
5.9950832283464566
20
-3.74631468503937
11
5.9985672047244094
21
-3.7497986614173229
0
LINE
8
BLACK
6
CONTINUOUS
10
5.9985672047244094
20
-3.7497986614173229
11
6.0008040551181097
21
-3.7541887007874015
0
LINE
8
BLACK
6
CONTINUOUS
10
6.0008040551181097
20
-3.7541887007874015
11
6.0015748031496061
21
-3.7590551181102363
0
LINE
8
BLACK
6
CONTINUOUS
10
6.0015748031496061
20
-3.7590551181102363
11
6.0008040551181097
21
-3.7639215354330706
0
LINE
8
BLACK
6
CONTINUOUS
10
6.0008040551181097
20
-3.7639215354330706
11
5.9985672047244094
21
-3.7683115748031497
0
LINE
8
BLACK
6
CONTINUOUS
10
5.9985672047244094
20
-3.7683115748031497
11
5.9950832283464566
21
-3.7717955511811021
0
LINE
8
BLACK
6
CONTINUOUS
10
5.9950832283464566
20
-3.7717955511811021
11
5.9917322834645672
21
-3.7735029527559054
0
LINE
8
BLACK
6
CONTINUOUS
10
5.9917322834645672
20
-3.7735029527559054
11
5.9917322834645672
21
-3.781326181102362
0
LINE
8
BLACK
6
CONTINUOUS
10
5.9917322834645672
20
-3.781326181102362
11
5.9917322834645672
21
-3.8524481496062992
0
LINE
8
BLACK
6
CONTINUOUS
10
5.9917322834645672
20
-3.8524481496062992
11
6.0490577165354331
21
-3.9097735826771651
0
LINE
8
BLACK
6
CONTINUOUS
10
6.0490577165354331
20
-3.9097735826771651
11
6.0494464173228346
21
-3.9104468503937007
0
LINE
8
BLACK
6
CONTINUOUS
10
6.0494464173228346
20
-3.9104468503937007
11
6.0499962204724405
21
-3.9109966535433069
0
LINE
8
BLACK
6
CONTINUOUS
10
6.0499962204724405
20
-3.9109966535433069
11
6.0501974409448813
21
-3.9117475984251966
0
LINE
8
BLACK
6
CONTINUOUS
10
6.0501974409448813
20
-3.9117475984251966
11
6.0505861811023625
21
-3.9124209448818896
0
LINE
8
BLACK
6
CONTINUOUS
10
6.0505861811023625
20
-3.9124209448818896
11
6.0505861811023625
21
-3.9131984251968501
0
LINE
8
BLACK
6
CONTINUOUS
10
6.0505861811023625
20
-3.9131984251968501
11
6.0507874015748033
21
-3.913949409448819
0
LINE
8
BLACK
6
CONTINUOUS
10
6.0507874015748033
20
-3.913949409448819
11
6.0507874015748033
21
-3.9217725984251968
0
LINE
8
BLACK
6
CONTINUOUS
10
6.0507874015748033
20
-3.9217725984251968
11
6.0541383464566927
21
-3.9234800393700788
0
LINE
8
BLACK
6
CONTINUOUS
10
6.0541383464566927
20
-3.9234800393700788
11
6.0576223228346455
21
-3.9269640157480312
0
LINE
8
BLACK
6
CONTINUOUS
10
6.0576223228346455
20
-3.9269640157480312
11
6.0598591732283467
21
-3.9313540551181103
0
LINE
8
BLACK
6
CONTINUOUS
10
6.0598591732283467
20
-3.9313540551181103
11
6.0606299212598422
21
-3.9362204724409446
0
LINE
8
BLACK
6
CONTINUOUS
10
6.0606299212598422
20
-3.9362204724409446
11
6.0598591732283467
21
-3.9410868897637794
0
LINE
8
BLACK
6
CONTINUOUS
10
6.0598591732283467
20
-3.9410868897637794
11
6.0576223228346455
21
-3.9454769291338581
0
LINE
8
BLACK
6
CONTINUOUS
10
6.0576223228346455
20
-3.9454769291338581
11
6.0547244094488191
21
-3.948374842519685
0
LINE
8
BLACK
6
CONTINUOUS
10
6.0547244094488191
20
-3.948374842519685
11
6.0547244094488191
21
-4.012992125984252
0
LINE
8
BLACK
6
CONTINUOUS
10
6.0547244094488191
20
-4.012992125984252
11
6.2235381102362206
21
-4.012992125984252
0
LINE
8
BLACK
6
CONTINUOUS
10
6.2235381102362206
20
-4.012992125984252
11
6.2533044881889763
21
-3.9832257480314959
0
LINE
8
BLACK
6
CONTINUOUS
10
6.2533044881889763
20
-3.9832257480314959
11
6.2539777559055114
21
-3.9828370078740156
0
LINE
8
BLACK
6
CONTINUOUS
10
6.2539777559055114
20
-3.9828370078740156
11
6.2545275590551181
21
-3.9822872440944881
0
LINE
8
BLACK
6
CONTINUOUS
10
6.2545275590551181
20
-3.9822872440944881
11
6.2552785039370074
21
-3.9820859842519685
0
LINE
8
BLACK
6
CONTINUOUS
10
6.2552785039370074
20
-3.9820859842519685
11
6.2559518503937008
21
-3.981697283464567
0
LINE
8
BLACK
6
CONTINUOUS
10
6.2559518503937008
20
-3.981697283464567
11
6.2567293307086613
21
-3.981697283464567
0
LINE
8
BLACK
6
CONTINUOUS
10
6.2567293307086613
20
-3.981697283464567
11
6.2574803149606302
21
-3.9814960629921261
0
LINE
8
BLACK
6
CONTINUOUS
10
6.2574803149606302
20
-3.9814960629921261
11
6.3966265748031494
21
-3.9814960629921261
0
LINE
8
BLACK
6
CONTINUOUS
10
6.3966265748031494
20
-3.9814960629921261
11
6.404449803149606
21
-3.9814960629921261
0
LINE
8
BLACK
6
CONTINUOUS
10
6.404449803149606
20
-3.9814960629921261
11
6.4061572047244093
21
-3.9781451181102363
0
LINE
8
BLACK
6
CONTINUOUS
10
6.4061572047244093
20
-3.9781451181102363
11
6.4096411811023621
21
-3.9746611417322835
0
LINE
8
BLACK
6
CONTINUOUS
10
6.4096411811023621
20
-3.9746611417322835
11
6.4140312204724408
21
-3.9724242913385828
0
LINE
8
BLACK
6
CONTINUOUS
10
6.4140312204724408
20
-3.9724242913385828
11
6.4188976377952756
21
-3.9716535433070863
0
LINE
8
BLACK
6
CONTINUOUS
10
6.4188976377952756
20
-3.9716535433070863
11
6.4237640551181103
21
-3.9724242913385828
0
LINE
8
BLACK
6
CONTINUOUS
10
6.4237640551181103
20
-3.9724242913385828
11
6.428154094488189
21
-3.9746611417322835
0
LINE
8
BLACK
6
CONTINUOUS
10
6.428154094488189
20
-3.9746611417322835
11
6.4316380708661418
21
-3.9781451181102363
0
LINE
8
BLACK
6
CONTINUOUS
10
6.4316380708661418
20
-3.9781451181102363
11
6.4338749212598421
21
-3.9825351574803149
0
LINE
8
BLACK
6
CONTINUOUS
10
6.4338749212598421
20
-3.9825351574803149
11
6.4346456692913385
21
-3.9874015748031497
0
LINE
8
BLACK
6
CONTINUOUS
10
6.4346456692913385
20
-3.9874015748031497
11
6.4338749212598421
21
-3.992267992125984
0
LINE
8
BLACK
6
CONTINUOUS
10
6.4338749212598421
20
-3.992267992125984
11
6.4316380708661418
21
-3.9966580314960627
0
LINE
8
BLACK
6
CONTINUOUS
10
6.4316380708661418
20
-3.9966580314960627
11
6.428154094488189
21
-4.0001420078740155
0
LINE
8
BLACK
6
CONTINUOUS
10
6.428154094488189
20
-4.0001420078740155
11
6.4237640551181103
21
-4.0023788582677167
0
LINE
8
BLACK
6
CONTINUOUS
10
6.4237640551181103
20
-4.0023788582677167
11
6.4188976377952756
21
-4.0031496062992122
0
LINE
8
BLACK
6
CONTINUOUS
10
6.4188976377952756
20
-4.0031496062992122
11
6.4140312204724408
21
-4.0023788582677167
0
LINE
8
BLACK
6
CONTINUOUS
10
6.4140312204724408
20
-4.0023788582677167
11
6.4096411811023621
21
-4.0001420078740155
0
LINE
8
BLACK
6
CONTINUOUS
10
6.4096411811023621
20
-4.0001420078740155
11
6.4061572047244093
21
-3.9966580314960627
0
LINE
8
BLACK
6
CONTINUOUS
10
6.4061572047244093
20
-3.9966580314960627
11
6.404449803149606
21
-3.9933070866141733
0
LINE
8
BLACK
6
CONTINUOUS
10
6.404449803149606
20
-3.9933070866141733
11
6.3966265748031494
21
-3.9933070866141733
0
LINE
8
BLACK
6
CONTINUOUS
10
6.3966265748031494
20
-3.9933070866141733
11
6.2599264566929129
21
-3.9933070866141733
0
LINE
8
BLACK
6
CONTINUOUS
10
6.2599264566929129
20
-3.9933070866141733
11
6.2301600787401572
21
-4.023073464566929
0
LINE
8
BLACK
6
CONTINUOUS
10
6.2301600787401572
20
-4.023073464566929
11
6.2294867716535434
21
-4.0234621653543305
0
LINE
8
BLACK
6
CONTINUOUS
10
6.2294867716535434
20
-4.0234621653543305
11
6.2289370078740154
21
-4.0240119685039373
0
LINE
8
BLACK
6
CONTINUOUS
10
6.2289370078740154
20
-4.0240119685039373
11
6.2281860236220474
21
-4.0242131889763781
0
LINE
8
BLACK
6
CONTINUOUS
10
6.2281860236220474
20
-4.0242131889763781
11
6.2275127165354327
21
-4.0246019291338584
0
LINE
8
BLACK
6
CONTINUOUS
10
6.2275127165354327
20
-4.0246019291338584
11
6.2267352362204722
21
-4.0246019291338584
0
LINE
8
BLACK
6
CONTINUOUS
10
6.2267352362204722
20
-4.0246019291338584
11
6.2259842519685034
21
-4.0248031496062993
0
LINE
8
BLACK
6
CONTINUOUS
10
6.2259842519685034
20
-4.0248031496062993
11
6.0552020472440944
21
-4.0248031496062993
0
LINE
8
BLACK
6
CONTINUOUS
10
6.0552020472440944
20
-4.0248031496062993
11
6.0547244094488191
21
-4.0252807874015746
0
LINE
8
BLACK
6
CONTINUOUS
10
6.0547244094488191
20
-4.0252807874015746
11
6.0547244094488191
21
-4.0267716535433067
0
LINE
8
BLACK
6
CONTINUOUS
10
6.0547244094488191
20
-4.0267716535433067
11
6.0539751968503932
21
-4.0305382283464564
0
LINE
8
BLACK
6
CONTINUOUS
10
6.0539751968503932
20
-4.0305382283464564
11
6.0518416141732283
21
-4.0337313779527557
0
LINE
8
BLACK
6
CONTINUOUS
10
6.0518416141732283
20
-4.0337313779527557
11
6.0518414566929133
21
-4.0337314566929132
0
LINE
8
BLACK
6
CONTINUOUS
10
6.0518414566929133
20
-4.0337314566929132
11
5.9895137401574798
21
-4.0960592125984254
0
LINE
8
BLACK
6
CONTINUOUS
10
5.9895137401574798
20
-4.0960592125984254
11
5.9897637795275589
21
-4.09763779527559
0
LINE
8
BLACK
6
CONTINUOUS
10
5.9897637795275589
20
-4.09763779527559
11
5.9889930314960624
21
-4.1025042125984248
0
LINE
8
BLACK
6
CONTINUOUS
10
5.9889930314960624
20
-4.1025042125984248
11
5.9867561811023622
21
-4.1068942519685034
0
LINE
8
BLACK
6
CONTINUOUS
10
5.9867561811023622
20
-4.1068942519685034
11
5.9832722047244093
21
-4.1103782283464563
0
LINE
8
BLACK
6
CONTINUOUS
10
5.9832722047244093
20
-4.1103782283464563
11
5.9788821653543307
21
-4.1126150787401574
0
LINE
8
BLACK
6
CONTINUOUS
10
5.9788821653543307
20
-4.1126150787401574
11
5.9740157480314959
21
-4.1133858267716539
0
LINE
8
BLACK
6
CONTINUOUS
10
5.9740157480314959
20
-4.1133858267716539
11
5.9691493307086612
21
-4.1126150787401574
0
LINE
8
BLACK
6
CONTINUOUS
10
5.9691493307086612
20
-4.1126150787401574
11
5.9647592913385825
21
-4.1103782283464563
0
LINE
8
BLACK
6
CONTINUOUS
10
5.9647592913385825
20
-4.1103782283464563
11
5.9612753149606297
21
-4.1068942519685034
0
LINE
8
BLACK
6
CONTINUOUS
10
5.9612753149606297
20
-4.1068942519685034
11
5.9590384645669294
21
-4.1025042125984248
0
LINE
8
BLACK
6
CONTINUOUS
10
5.9590384645669294
20
-4.1025042125984248
11
5.958267716535433
21
-4.09763779527559
0
LINE
8
BLACK
6
CONTINUOUS
10
5.958267716535433
20
-4.09763779527559
11
5.9590384645669294
21
-4.0927713779527561
0
LINE
8
BLACK
6
CONTINUOUS
10
5.9590384645669294
20
-4.0927713779527561
11
5.9612753149606297
21
-4.0883813385826775
0
LINE
8
BLACK
6
CONTINUOUS
10
5.9612753149606297
20
-4.0883813385826775
11
5.9647592913385825
21
-4.0848973622047247
0
LINE
8
BLACK
6
CONTINUOUS
10
5.9647592913385825
20
-4.0848973622047247
11
5.9691493307086612
21
-4.0826605118110235
0
LINE
8
BLACK
6
CONTINUOUS
10
5.9691493307086612
20
-4.0826605118110235
11
5.9740157480314959
21
-4.0818897637795271
0
LINE
8
BLACK
6
CONTINUOUS
10
5.9740157480314959
20
-4.0818897637795271
11
5.9755942913385827
21
-4.0821397637795274
0
LINE
8
BLACK
6
CONTINUOUS
10
5.9755942913385827
20
-4.0821397637795274
11
6.0350393700787404
21
-4.0226947244094484
0
LINE
8
BLACK
6
CONTINUOUS
10
6.0350393700787404
20
-4.0226947244094484
11
6.0350393700787404
21
-3.948374842519685
0
LINE
8
BLACK
6
CONTINUOUS
10
6.0350393700787404
20
-3.948374842519685
11
6.032141456692913
21
-3.9454769291338581
0
LINE
8
BLACK
6
CONTINUOUS
10
6.032141456692913
20
-3.9454769291338581
11
6.0299046062992128
21
-3.9410868897637794
0
LINE
8
BLACK
6
CONTINUOUS
10
6.0299046062992128
20
-3.9410868897637794
11
6.0291338582677163
21
-3.9362204724409446
0
LINE
8
BLACK
6
CONTINUOUS
10
6.0291338582677163
20
-3.9362204724409446
11
6.0299046062992128
21
-3.9313540551181103
0
LINE
8
BLACK
6
CONTINUOUS
10
6.0299046062992128
20
-3.9313540551181103
11
6.032141456692913
21
-3.9269640157480312
0
LINE
8
BLACK
6
CONTINUOUS
10
6.032141456692913
20
-3.9269640157480312
11
6.0356254330708659
21
-3.9234800393700788
0
LINE
8
BLACK
6
CONTINUOUS
10
6.0356254330708659
20
-3.9234800393700788
11
6.0389763779527561
21
-3.9217725984251968
0
LINE
8
BLACK
6
CONTINUOUS
10
6.0389763779527561
20
-3.9217725984251968
11
6.0389763779527561
21
-3.9163955511811022
0
LINE
8
BLACK
6
CONTINUOUS
10
6.0389763779527561
20
-3.9163955511811022
11
5.9816509448818893
21
-3.8590701181102363
0
LINE
8
BLACK
6
CONTINUOUS
10
5.9816509448818893
20
-3.8590701181102363
11
5.9812622047244091
21
-3.858396811023622
0
LINE
8
BLACK
6
CONTINUOUS
10
5.9812622047244091
20
-3.858396811023622
11
5.980712440944882
21
-3.8578470472440944
0
LINE
8
BLACK
6
CONTINUOUS
10
5.980712440944882
20
-3.8578470472440944
11
5.9805111811023624
21
-3.857096062992126
0
LINE
8
BLACK
6
CONTINUOUS
10
5.9805111811023624
20
-3.857096062992126
11
5.9801224803149609
21
-3.8564227559055118
0
LINE
8
BLACK
6
CONTINUOUS
10
5.9801224803149609
20
-3.8564227559055118
11
5.9801224803149609
21
-3.8556452362204725
0
LINE
8
BLACK
6
CONTINUOUS
10
5.9801224803149609
20
-3.8556452362204725
11
5.97992125984252
21
-3.8548942913385824
0
LINE
8
BLACK
6
CONTINUOUS
10
5.97992125984252
20
-3.8548942913385824
11
5.97992125984252
21
-3.781326181102362
0
LINE
8
BLACK
6
CONTINUOUS
10
5.97992125984252
20
-3.781326181102362
11
5.97992125984252
21
-3.7735029527559054
0
LINE
8
BLACK
6
CONTINUOUS
10
5.97992125984252
20
-3.7735029527559054
11
5.9765703149606297
21
-3.7717955511811021
0
LINE
8
BLACK
6
CONTINUOUS
10
5.9765703149606297
20
-3.7717955511811021
11
5.9730863385826769
21
-3.7683115748031497
0
LINE
8
BLACK
6
CONTINUOUS
10
5.9730863385826769
20
-3.7683115748031497
11
5.9708494881889767
21
-3.7639215354330706
0
LINE
8
BLACK
6
CONTINUOUS
10
5.9708494881889767
20
-3.7639215354330706
11
5.9700787401574802
21
-3.7590551181102363
0
LINE
8
BLACK
6
CONTINUOUS
10
5.9700787401574802
20
-3.7590551181102363
11
5.9708494881889767
21
-3.7541887007874015
0
LINE
8
BLACK
6
CONTINUOUS
10
5.9708494881889767
20
-3.7541887007874015
11
5.9730863385826769
21
-3.7497986614173229
0
LINE
8
BLACK
6
CONTINUOUS
10
5.9730863385826769
20
-3.7497986614173229
11
5.9765703149606297
21
-3.74631468503937
0
LINE
8
BLACK
6
CONTINUOUS
10
5.9765703149606297
20
-3.74631468503937
11
5.9809603543307084
21
-3.7440778346456693
0
LINE
8
BLACK
6
CONTINUOUS
10
5.9809603543307084
20
-3.7440778346456693
11
5.9858267716535432
21
-3.7433070866141733
0
LINE
8
BLACK
6
CONTINUOUS
10
5.9858267716535432
20
-3.7433070866141733
11
5.9906931889763779
21
-3.7440778346456693
0
LINE
8
BLACK
6
CONTINUOUS
10
5.7741577559055113
20
-3.5944715354330707
11
5.7785477952755908
21
-3.5967083858267714
0
LINE
8
BLACK
6
CONTINUOUS
10
5.7785477952755908
20
-3.5967083858267714
11
5.7820317716535428
21
-3.6001923622047243
0
LINE
8
BLACK
6
CONTINUOUS
10
5.7820317716535428
20
-3.6001923622047243
11
5.7837391732283461
21
-3.6035433070866141
0
LINE
8
BLACK
6
CONTINUOUS
10
5.7837391732283461
20
-3.6035433070866141
11
5.9234250787401574
21
-3.6035433070866141
0
LINE
8
BLACK
6
CONTINUOUS
10
5.9234250787401574
20
-3.6035433070866141
11
5.9241760629921263
21
-3.6037445275590549
0
LINE
8
BLACK
6
CONTINUOUS
10
5.9241760629921263
20
-3.6037445275590549
11
5.9249535433070868
21
-3.6037445275590549
0
LINE
8
BLACK
6
CONTINUOUS
10
5.9249535433070868
20
-3.6037445275590549
11
5.9256268503937006
21
-3.6041332283464564
0
LINE
8
BLACK
6
CONTINUOUS
10
5.9256268503937006
20
-3.6041332283464564
11
5.9263778346456695
21
-3.6043344881889765
0
LINE
8
BLACK
6
CONTINUOUS
10
5.9263778346456695
20
-3.6043344881889765
11
5.9269275984251966
21
-3.604884251968504
0
LINE
8
BLACK
6
CONTINUOUS
10
5.9269275984251966
20
-3.604884251968504
11
5.9276009055118113
21
-3.6052729921259843
0
LINE
8
BLACK
6
CONTINUOUS
10
5.9276009055118113
20
-3.6052729921259843
11
5.95343031496063
21
-3.631102401574803
0
LINE
8
BLACK
6
CONTINUOUS
10
5.95343031496063
20
-3.631102401574803
11
6.1866142125984247
21
-3.631102401574803
0
LINE
8
BLACK
6
CONTINUOUS
10
6.1866142125984247
20
-3.631102401574803
11
6.1873651968503935
21
-3.6313036220472439
0
LINE
8
BLACK
6
CONTINUOUS
10
6.1873651968503935
20
-3.6313036220472439
11
6.188142677165354
21
-3.6313036220472439
0
LINE
8
BLACK
6
CONTINUOUS
10
6.188142677165354
20
-3.6313036220472439
11
6.1888159842519688
21
-3.6316923228346454
0
LINE
8
BLACK
6
CONTINUOUS
10
6.1888159842519688
20
-3.6316923228346454
11
6.1895669685039367
21
-3.6318935826771654
0
LINE
8
BLACK
6
CONTINUOUS
10
6.1895669685039367
20
-3.6318935826771654
11
6.1901167322834647
21
-3.632443346456693
0
LINE
8
BLACK
6
CONTINUOUS
10
6.1901167322834647
20
-3.632443346456693
11
6.1907900393700785
21
-3.6328320866141732
0
LINE
8
BLACK
6
CONTINUOUS
10
6.1907900393700785
20
-3.6328320866141732
11
6.1963303543307084
21
-3.6383724015748031
0
LINE
8
BLACK
6
CONTINUOUS
10
6.1963303543307084
20
-3.6383724015748031
11
6.197495787401575
21
-3.6377786220472439
0
LINE
8
BLACK
6
CONTINUOUS
10
6.197495787401575
20
-3.6377786220472439
11
6.2023622047244089
21
-3.6370078740157479
0
LINE
8
BLACK
6
CONTINUOUS
10
6.2023622047244089
20
-3.6370078740157479
11
6.2072286220472437
21
-3.6377786220472439
0
LINE
8
BLACK
6
CONTINUOUS
10
6.2072286220472437
20
-3.6377786220472439
11
6.2116186614173223
21
-3.6400154724409446
0
LINE
8
BLACK
6
CONTINUOUS
10
6.2116186614173223
20
-3.6400154724409446
11
6.2151026377952752
21
-3.6434994488188974
0
LINE
8
BLACK
6
CONTINUOUS
10
6.2151026377952752
20
-3.6434994488188974
11
6.2173394881889763
21
-3.6478894881889765
0
LINE
8
BLACK
6
CONTINUOUS
10
6.2173394881889763
20
-3.6478894881889765
11
6.2181102362204719
21
-3.6527559055118108
0
LINE
8
BLACK
6
CONTINUOUS
10
6.2181102362204719
20
-3.6527559055118108
11
6.2173394881889763
21
-3.6576223228346456
0
LINE
8
BLACK
6
CONTINUOUS
10
6.2173394881889763
20
-3.6576223228346456
11
6.2167456692913383
21
-3.658787716535433
0
LINE
8
BLACK
6
CONTINUOUS
10
6.2167456692913383
20
-3.658787716535433
11
6.2205563385826768
21
-3.6625983858267714
0
LINE
8
BLACK
6
CONTINUOUS
10
6.2205563385826768
20
-3.6625983858267714
11
6.4900855905511809
21
-3.6625984251968502
0
LINE
8
BLACK
6
CONTINUOUS
10
6.4900855905511809
20
-3.6625984251968502
11
6.4908365748031498
21
-3.6627996456692911
0
LINE
8
BLACK
6
CONTINUOUS
10
6.4908365748031498
20
-3.6627996456692911
11
6.4916140551181103
21
-3.6627996456692911
0
LINE
8
BLACK
6
CONTINUOUS
10
6.4916140551181103
20
-3.6627996456692911
11
6.4922873622047241
21
-3.663188346456693
0
LINE
8
BLACK
6
CONTINUOUS
10
6.4922873622047241
20
-3.663188346456693
11
6.493038346456693
21
-3.6633896062992126
0
LINE
8
BLACK
6
CONTINUOUS
10
6.493038346456693
20
-3.6633896062992126
11
6.4935881102362201
21
-3.6639393700787402
0
LINE
8
BLACK
6
CONTINUOUS
10
6.4935881102362201
20
-3.6639393700787402
11
6.4942614173228348
21
-3.6643281102362204
0
LINE
8
BLACK
6
CONTINUOUS
10
6.4942614173228348
20
-3.6643281102362204
11
6.5158336220472437
21
-3.6859003149606298
0
LINE
8
BLACK
6
CONTINUOUS
10
6.5158336220472437
20
-3.6859003149606298
11
6.6144415354330706
21
-3.6859003149606298
0
LINE
8
BLACK
6
CONTINUOUS
10
6.6144415354330706
20
-3.6859003149606298
11
6.6222647637795271
21
-3.6859003149606298
0
LINE
8
BLACK
6
CONTINUOUS
10
6.6222647637795271
20
-3.6859003149606298
11
6.6239721653543304
21
-3.6825493700787399
0
LINE
8
BLACK
6
CONTINUOUS
10
6.6239721653543304
20
-3.6825493700787399
11
6.6274561417322833
21
-3.6790653937007871
0
LINE
8
BLACK
6
CONTINUOUS
10
6.6274561417322833
20
-3.6790653937007871
11
6.6318461811023619
21
-3.6768285433070864
0
LINE
8
BLACK
6
CONTINUOUS
10
6.6318461811023619
20
-3.6768285433070864
11
6.6367125984251967
21
-3.6760577952755904
0
LINE
8
BLACK
6
CONTINUOUS
10
6.6367125984251967
20
-3.6760577952755904
11
6.6415790157480314
21
-3.6768285433070864
0
LINE
8
BLACK
6
CONTINUOUS
10
6.6415790157480314
20
-3.6768285433070864
11
6.6459690551181101
21
-3.6790653937007871
0
LINE
8
BLACK
6
CONTINUOUS
10
6.6459690551181101
20
-3.6790653937007871
11
6.6488669685039365
21
-3.681963307086614
0
LINE
8
BLACK
6
CONTINUOUS
10
6.6488669685039365
20
-3.681963307086614
11
6.6589836614173228
21
-3.681963307086614
0
LINE
8
BLACK
6
CONTINUOUS
10
6.6589836614173228
20
-3.681963307086614
11
6.6627502362204725
21
-3.6827125196850394
0
LINE
8
BLACK
6
CONTINUOUS
10
6.6627502362204725
20
-3.6827125196850394
11
6.6659433858267718
21
-3.6848461023622048
0
LINE
8
BLACK
6
CONTINUOUS
10
6.6659433858267718
20
-3.6848461023622048
11
6.7900306299212598
21
-3.8089333464566928
0
LINE
8
BLACK
6
CONTINUOUS
10
6.7900306299212598
20
-3.8089333464566928
11
6.7921642125984247
21
-3.8121264960629921
0
LINE
8
BLACK
6
CONTINUOUS
10
6.7921642125984247
20
-3.8121264960629921
11
6.7929134251968506
21
-3.8158930708661418
0
LINE
8
BLACK
6
CONTINUOUS
10
6.7929134251968506
20
-3.8158930708661418
11
6.7929134251968506
21
-3.9680315354330706
0
LINE
8
BLACK
6
CONTINUOUS
10
6.7929134251968506
20
-3.9680315354330706
11
6.7921642125984247
21
-3.9717981102362203
0
LINE
8
BLACK
6
CONTINUOUS
10
6.7921642125984247
20
-3.9717981102362203
11
6.7900306299212598
21
-3.9749912598425197
0
LINE
8
BLACK
6
CONTINUOUS
10
6.7900306299212598
20
-3.9749912598425197
11
6.7900304724409448
21
-3.9749913385826772
0
LINE
8
BLACK
6
CONTINUOUS
10
6.7900304724409448
20
-3.9749913385826772
11
6.7411330708661419
21
-4.0238888188976381
0
LINE
8
BLACK
6
CONTINUOUS
10
6.7411330708661419
20
-4.0238888188976381
11
6.7379399212598425
21
-4.026022401574803
0
LINE
8
BLACK
6
CONTINUOUS
10
6.7379399212598425
20
-4.026022401574803
11
6.7341733464566929
21
-4.0267716141732279
0
LINE
8
BLACK
6
CONTINUOUS
10
6.7341733464566929
20
-4.0267716141732279
11
6.4429746850393697
21
-4.0267716141732279
0
LINE
8
BLACK
6
CONTINUOUS
10
6.4429746850393697
20
-4.0267716141732279
11
6.4419203937007872
21
-4.0278259055118113
0
LINE
8
BLACK
6
CONTINUOUS
10
6.4419203937007872
20
-4.0278259055118113
11
6.4387272440944878
21
-4.0299594881889762
0
LINE
8
BLACK
6
CONTINUOUS
10
6.4387272440944878
20
-4.0299594881889762
11
6.4349606692913381
21
-4.0307087007874012
0
LINE
8
BLACK
6
CONTINUOUS
10
6.4349606692913381
20
-4.0307087007874012
11
6.4028346062992121
21
-4.0307087007874012
0
LINE
8
BLACK
6
CONTINUOUS
10
6.4028346062992121
20
-4.0307087007874012
11
6.3990680314960624
21
-4.0299594881889762
0
LINE
8
BLACK
6
CONTINUOUS
10
6.3990680314960624
20
-4.0299594881889762
11
6.3958748818897639
21
-4.0278259055118113
0
LINE
8
BLACK
6
CONTINUOUS
10
6.3958748818897639
20
-4.0278259055118113
11
6.3948205905511806
21
-4.0267716141732279
0
LINE
8
BLACK
6
CONTINUOUS
10
6.3948205905511806
20
-4.0267716141732279
11
6.2888012598425194
21
-4.0267716141732279
0
LINE
8
BLACK
6
CONTINUOUS
10
6.2888012598425194
20
-4.0267716141732279
11
6.2437007874015746
21
-4.0718720866141735
0
LINE
8
BLACK
6
CONTINUOUS
10
6.2437007874015746
20
-4.0718720866141735
11
6.2437007874015746
21
-4.0815464173228344
0
LINE
8
BLACK
6
CONTINUOUS
10
6.2437007874015746
20
-4.0815464173228344
11
6.2465987007874011
21
-4.0844443307086618
0
LINE
8
BLACK
6
CONTINUOUS
10
6.2465987007874011
20
-4.0844443307086618
11
6.2488355511811022
21
-4.0888343700787404
0
LINE
8
BLACK
6
CONTINUOUS
10
6.2488355511811022
20
-4.0888343700787404
11
6.2496062992125987
21
-4.0937007874015743
0
LINE
8
BLACK
6
CONTINUOUS
10
6.2496062992125987
20
-4.0937007874015743
11
6.2488355511811022
21
-4.0985672047244091
0
LINE
8
BLACK
6
CONTINUOUS
10
6.2488355511811022
20
-4.0985672047244091
11
6.2465987007874011
21
-4.1029572440944877
0
LINE
8
BLACK
6
CONTINUOUS
10
6.2465987007874011
20
-4.1029572440944877
11
6.2431147244094483
21
-4.1064412204724405
0
LINE
8
BLACK
6
CONTINUOUS
10
6.2431147244094483
20
-4.1064412204724405
11
6.2387246850393696
21
-4.1086780708661417
0
LINE
8
BLACK
6
CONTINUOUS
10
6.2387246850393696
20
-4.1086780708661417
11
6.2338582677165357
21
-4.1094488188976381
0
LINE
8
BLACK
6
CONTINUOUS
10
6.2338582677165357
20
-4.1094488188976381
11
6.228991850393701
21
-4.1086780708661417
0
LINE
8
BLACK
6
CONTINUOUS
10
6.228991850393701
20
-4.1086780708661417
11
6.2246018110236223
21
-4.1064412204724405
0
LINE
8
BLACK
6
CONTINUOUS
10
6.2246018110236223
20
-4.1064412204724405
11
6.2211178346456695
21
-4.1029572440944877
0
LINE
8
BLACK
6
CONTINUOUS
10
6.2211178346456695
20
-4.1029572440944877
11
6.2188809842519683
21
-4.0985672047244091
0
LINE
8
BLACK
6
CONTINUOUS
10
6.2188809842519683
20
-4.0985672047244091
11
6.2181102362204719
21
-4.0937007874015743
0
LINE
8
BLACK
6
CONTINUOUS
10
6.2181102362204719
20
-4.0937007874015743
11
6.2188809842519683
21
-4.0888343700787404
0
LINE
8
BLACK
6
CONTINUOUS
10
6.2188809842519683
20
-4.0888343700787404
11
6.2211178346456695
21
-4.0844443307086618
0
LINE
8
BLACK
6
CONTINUOUS
10
6.2211178346456695
20
-4.0844443307086618
11
6.2240157480314959
21
-4.0815464173228344
0
LINE
8
BLACK
6
CONTINUOUS
10
6.2240157480314959
20
-4.0815464173228344
11
6.2240157480314959
21
-4.0714297244094491
0
LINE
8
BLACK
6
CONTINUOUS
10
6.2240157480314959
20
-4.0714297244094491
11
6.2240157480314959
21
-4.067795196850394
0
LINE
8
BLACK
6
CONTINUOUS
10
6.2240157480314959
20
-4.067795196850394
11
6.2247649606299209
21
-4.0640286220472444
0
LINE
8
BLACK
6
CONTINUOUS
10
6.2247649606299209
20
-4.0640286220472444
11
6.2268985433070867
21
-4.060835472440945
0
LINE
8
BLACK
6
CONTINUOUS
10
6.2268985433070867
20
-4.060835472440945
11
6.2777645275590546
21
-4.0099694881889762
0
LINE
8
BLACK
6
CONTINUOUS
10
6.2777645275590546
20
-4.0099694881889762
11
6.2777646456692908
21
-4.00996937007874
0
LINE
8
BLACK
6
CONTINUOUS
10
6.2777646456692908
20
-4.00996937007874
11
6.2809577952755902
21
-4.0078357874015751
0
LINE
8
BLACK
6
CONTINUOUS
10
6.2809577952755902
20
-4.0078357874015751
11
6.281582716535433
21
-4.0077114566929133
0
LINE
8
BLACK
6
CONTINUOUS
10
6.281582716535433
20
-4.0077114566929133
11
6.2847243700787399
21
-4.0070865354330705
0
LINE
8
BLACK
6
CONTINUOUS
10
6.2847243700787399
20
-4.0070865354330705
11
6.2847245669291336
21
-4.0070865748031492
0
LINE
8
BLACK
6
CONTINUOUS
10
6.2847245669291336
20
-4.0070865748031492
11
6.3988975196850388
21
-4.0070865748031492
0
LINE
8
BLACK
6
CONTINUOUS
10
6.3988975196850388
20
-4.0070865748031492
11
6.4026640944881885
21
-4.0078357874015751
0
LINE
8
BLACK
6
CONTINUOUS
10
6.4026640944881885
20
-4.0078357874015751
11
6.4058572440944879
21
-4.00996937007874
0
LINE
8
BLACK
6
CONTINUOUS
10
6.4058572440944879
20
-4.00996937007874
11
6.4069115354330703
21
-4.0110236614173225
0
LINE
8
BLACK
6
CONTINUOUS
10
6.4069115354330703
20
-4.0110236614173225
11
6.4308837401574799
21
-4.0110236614173225
0
LINE
8
BLACK
6
CONTINUOUS
10
6.4308837401574799
20
-4.0110236614173225
11
6.4319380314960632
21
-4.00996937007874
0
LINE
8
BLACK
6
CONTINUOUS
10
6.4319380314960632
20
-4.00996937007874
11
6.4351311811023617
21
-4.0078357874015751
0
LINE
8
BLACK
6
CONTINUOUS
10
6.4351311811023617
20
-4.0078357874015751
11
6.4388977559055114
21
-4.0070865748031492
0
LINE
8
BLACK
6
CONTINUOUS
10
6.4388977559055114
20
-4.0070865748031492
11
6.7300964173228346
21
-4.0070865748031492
0
LINE
8
BLACK
6
CONTINUOUS
10
6.7300964173228346
20
-4.0070865748031492
11
6.7732283858267719
21
-3.9639546062992124
0
LINE
8
BLACK
6
CONTINUOUS
10
6.7732283858267719
20
-3.9639546062992124
11
6.7732283858267719
21
-3.8199700000000001
0
LINE
8
BLACK
6
CONTINUOUS
10
6.7732283858267719
20
-3.8199700000000001
11
6.6549067322834645
21
-3.7016483464566927
0
LINE
8
BLACK
6
CONTINUOUS
10
6.6549067322834645
20
-3.7016483464566927
11
6.6488669685039365
21
-3.7016483464566927
0
LINE
8
BLACK
6
CONTINUOUS
10
6.6488669685039365
20
-3.7016483464566927
11
6.6459690551181101
21
-3.7045462598425196
0
LINE
8
BLACK
6
CONTINUOUS
10
6.6459690551181101
20
-3.7045462598425196
11
6.6415790157480314
21
-3.7067831102362203
0
LINE
8
BLACK
6
CONTINUOUS
10
6.6415790157480314
20
-3.7067831102362203
11
6.6367125984251967
21
-3.7075538582677163
0
LINE
8
BLACK
6
CONTINUOUS
10
6.6367125984251967
20
-3.7075538582677163
11
6.6318461811023619
21
-3.7067831102362203
0
LINE
8
BLACK
6
CONTINUOUS
10
6.6318461811023619
20
-3.7067831102362203
11
6.6274561417322833
21
-3.7045462598425196
0
LINE
8
BLACK
6
CONTINUOUS
10
6.6274561417322833
20
-3.7045462598425196
11
6.6239721653543304
21
-3.7010622834645668
0
LINE
8
BLACK
6
CONTINUOUS
10
6.6239721653543304
20
-3.7010622834645668
11
6.6222647637795271
21
-3.697711338582677
0
LINE
8
BLACK
6
CONTINUOUS
10
6.6222647637795271
20
-3.697711338582677
11
6.6144415354330706
21
-3.697711338582677
0
LINE
8
BLACK
6
CONTINUOUS
10
6.6144415354330706
20
-3.697711338582677
11
6.5133874803149601
21
-3.697711338582677
0
LINE
8
BLACK
6
CONTINUOUS
10
6.5133874803149601
20
-3.697711338582677
11
6.5126364960629921
21
-3.6975101181102361
0
LINE
8
BLACK
6
CONTINUOUS
10
6.5126364960629921
20
-3.6975101181102361
11
6.5118590157480316
21
-3.6975101181102361
0
LINE
8
BLACK
6
CONTINUOUS
10
6.5118590157480316
20
-3.6975101181102361
11
6.5111856692913381
21
-3.6971213779527559
0
LINE
8
BLACK
6
CONTINUOUS
10
6.5111856692913381
20
-3.6971213779527559
11
6.5104347244094489
21
-3.696920157480315
0
LINE
8
BLACK
6
CONTINUOUS
10
6.5104347244094489
20
-3.696920157480315
11
6.5098849212598422
21
-3.6963703543307087
0
LINE
8
BLACK
6
CONTINUOUS
10
6.5098849212598422
20
-3.6963703543307087
11
6.5092116535433071
21
-3.6959816535433072
0
LINE
8
BLACK
6
CONTINUOUS
10
6.5092116535433071
20
-3.6959816535433072
11
6.4876394094488186
21
-3.6744094094488187
0
LINE
8
BLACK
6
CONTINUOUS
10
6.4876394094488186
20
-3.6744094094488187
11
6.2181101968503931
21
-3.6744094094488187
0
LINE
8
BLACK
6
CONTINUOUS
10
6.2181101968503931
20
-3.6744094094488187
11
6.2173592125984252
21
-3.6742081889763778
0
LINE
8
BLACK
6
CONTINUOUS
10
6.2173592125984252
20
-3.6742081889763778
11
6.2165817322834647
21
-3.6742081889763778
0
LINE
8
BLACK
6
CONTINUOUS
10
6.2165817322834647
20
-3.6742081889763778
11
6.2159083858267712
21
-3.6738194488188975
0
LINE
8
BLACK
6
CONTINUOUS
10
6.2159083858267712
20
-3.6738194488188975
11
6.215157440944882
21
-3.6736182283464567
0
LINE
8
BLACK
6
CONTINUOUS
10
6.215157440944882
20
-3.6736182283464567
11
6.2146076377952753
21
-3.6730684251968504
0
LINE
8
BLACK
6
CONTINUOUS
10
6.2146076377952753
20
-3.6730684251968504
11
6.2139343700787402
21
-3.6726797244094489
0
LINE
8
BLACK
6
CONTINUOUS
10
6.2139343700787402
20
-3.6726797244094489
11
6.2083940157480315
21
-3.6671393700787402
0
LINE
8
BLACK
6
CONTINUOUS
10
6.2083940157480315
20
-3.6671393700787402
11
6.2072286220472437
21
-3.6677331889763778
0
LINE
8
BLACK
6
CONTINUOUS
10
6.2072286220472437
20
-3.6677331889763778
11
6.2023622047244089
21
-3.6685039370078738
0
LINE
8
BLACK
6
CONTINUOUS
10
6.2023622047244089
20
-3.6685039370078738
11
6.197495787401575
21
-3.6677331889763778
0
LINE
8
BLACK
6
CONTINUOUS
10
6.197495787401575
20
-3.6677331889763778
11
6.1931057480314955
21
-3.6654963385826771
0
LINE
8
BLACK
6
CONTINUOUS
10
6.1931057480314955
20
-3.6654963385826771
11
6.1896217716535435
21
-3.6620123622047243
0
LINE
8
BLACK
6
CONTINUOUS
10
6.1896217716535435
20
-3.6620123622047243
11
6.1873849212598424
21
-3.6576223228346456
0
LINE
8
BLACK
6
CONTINUOUS
10
6.1873849212598424
20
-3.6576223228346456
11
6.1866141732283459
21
-3.6527559055118108
0
LINE
8
BLACK
6
CONTINUOUS
10
6.1866141732283459
20
-3.6527559055118108
11
6.1873849212598424
21
-3.6478894881889765
0
LINE
8
BLACK
6
CONTINUOUS
10
6.1873849212598424
20
-3.6478894881889765
11
6.1879787007874016
21
-3.6467240551181104
0
LINE
8
BLACK
6
CONTINUOUS
10
6.1879787007874016
20
-3.6467240551181104
11
6.184168070866142
21
-3.6429134251968502
0
LINE
8
BLACK
6
CONTINUOUS
10
6.184168070866142
20
-3.6429134251968502
11
5.9509841732283464
21
-3.6429134251968502
0
LINE
8
BLACK
6
CONTINUOUS
10
5.9509841732283464
20
-3.6429134251968502
11
5.9502331889763775
21
-3.6427122047244094
0
LINE
8
BLACK
6
CONTINUOUS
10
5.9502331889763775
20
-3.6427122047244094
11
5.949455708661417
21
-3.6427122047244094
0
LINE
8
BLACK
6
CONTINUOUS
10
5.949455708661417
20
-3.6427122047244094
11
5.9487823622047244
21
-3.6423234645669291
0
LINE
8
BLACK
6
CONTINUOUS
10
5.9487823622047244
20
-3.6423234645669291
11
5.9480314173228344
21
-3.6421222440944883
0
LINE
8
BLACK
6
CONTINUOUS
10
5.9480314173228344
20
-3.6421222440944883
11
5.9474816141732285
21
-3.641572440944882
0
LINE
8
BLACK
6
CONTINUOUS
10
5.9474816141732285
20
-3.641572440944882
11
5.9468083464566925
21
-3.64118374015748
0
LINE
8
BLACK
6
CONTINUOUS
10
5.9468083464566925
20
-3.64118374015748
11
5.9209789370078738
21
-3.6153543307086613
0
LINE
8
BLACK
6
CONTINUOUS
10
5.9209789370078738
20
-3.6153543307086613
11
5.7837391732283461
21
-3.6153543307086613
0
LINE
8
BLACK
6
CONTINUOUS
10
5.7837391732283461
20
-3.6153543307086613
11
5.7820317716535428
21
-3.6187052755905511
0
LINE
8
BLACK
6
CONTINUOUS
10
5.7820317716535428
20
-3.6187052755905511
11
5.7785477952755908
21
-3.6221892519685039
0
LINE
8
BLACK
6
CONTINUOUS
10
5.7785477952755908
20
-3.6221892519685039
11
5.7741577559055113
21
-3.6244261023622046
0
LINE
8
BLACK
6
CONTINUOUS
10
5.7741577559055113
20
-3.6244261023622046
11
5.7692913385826774
21
-3.6251968503937007
0
LINE
8
BLACK
6
CONTINUOUS
10
5.7692913385826774
20
-3.6251968503937007
11
5.7644249212598426
21
-3.6244261023622046
0
LINE
8
BLACK
6
CONTINUOUS
10
5.7644249212598426
20
-3.6244261023622046
11
5.760034881889764
21
-3.6221892519685039
0
LINE
8
BLACK
6
CONTINUOUS
10
5.760034881889764
20
-3.6221892519685039
11
5.7565509055118111
21
-3.6187052755905511
0
LINE
8
BLACK
6
CONTINUOUS
10
5.7565509055118111
20
-3.6187052755905511
11
5.75431405511811
21
-3.6143152362204725
0
LINE
8
BLACK
6
CONTINUOUS
10
5.75431405511811
20
-3.6143152362204725
11
5.7535433070866144
21
-3.6094488188976377
0
LINE
8
BLACK
6
CONTINUOUS
10
5.7535433070866144
20
-3.6094488188976377
11
5.75431405511811
21
-3.6045824015748029
0
LINE
8
BLACK
6
CONTINUOUS
10
5.75431405511811
20
-3.6045824015748029
11
5.7565509055118111
21
-3.6001923622047243
0
LINE
8
BLACK
6
CONTINUOUS
10
5.7565509055118111
20
-3.6001923622047243
11
5.760034881889764
21
-3.5967083858267714
0
LINE
8
BLACK
6
CONTINUOUS
10
5.760034881889764
20
-3.5967083858267714
11
5.7644249212598426
21
-3.5944715354330707
0
LINE
8
BLACK
6
CONTINUOUS
10
5.7644249212598426
20
-3.5944715354330707
11
5.7692913385826774
21
-3.5937007874015747
0
LINE
8
BLACK
6
CONTINUOUS
10
5.7692913385826774
20
-3.5937007874015747
11
5.7741577559055113
21
-3.5944715354330707
0
LINE
8
BLACK
6
CONTINUOUS
10
6.3056538188976372
20
-4.0354164173228346
11
6.3100438582677167
21
-4.0376532677165358
0
LINE
8
BLACK
6
CONTINUOUS
10
6.3100438582677167
20
-4.0376532677165358
11
6.3135278346456696
21
-4.0411372440944877
0
LINE
8
BLACK
6
CONTINUOUS
10
6.3135278346456696
20
-4.0411372440944877
11
6.3157646850393698
21
-4.0455272834645672
0
LINE
8
BLACK
6
CONTINUOUS
10
6.3157646850393698
20
-4.0455272834645672
11
6.3165354330708663
21
-4.0503937007874011
0
LINE
8
BLACK
6
CONTINUOUS
10
6.3165354330708663
20
-4.0503937007874011
11
6.3162853937007872
21
-4.0519722440944879
0
LINE
8
BLACK
6
CONTINUOUS
10
6.3162853937007872
20
-4.0519722440944879
11
6.3166753543307088
21
-4.0523622047244094
0
LINE
8
BLACK
6
CONTINUOUS
10
6.3166753543307088
20
-4.0523622047244094
11
6.6469007480314959
21
-4.0523622047244094
0
LINE
8
BLACK
6
CONTINUOUS
10
6.6469007480314959
20
-4.0523622047244094
11
6.6497986614173223
21
-4.049464291338583
0
LINE
8
BLACK
6
CONTINUOUS
10
6.6497986614173223
20
-4.049464291338583
11
6.654188700787401
21
-4.0472274409448818
0
LINE
8
BLACK
6
CONTINUOUS
10
6.654188700787401
20
-4.0472274409448818
11
6.6590551181102358
21
-4.0464566929133854
0
LINE
8
BLACK
6
CONTINUOUS
10
6.6590551181102358
20
-4.0464566929133854
11
6.6639215354330705
21
-4.0472274409448818
0
LINE
8
BLACK
6
CONTINUOUS
10
6.6639215354330705
20
-4.0472274409448818
11
6.6683115748031492
21
-4.049464291338583
0
LINE
8
BLACK
6
CONTINUOUS
10
6.6683115748031492
20
-4.049464291338583
11
6.671795551181102
21
-4.0529482677165349
0
LINE
8
BLACK
6
CONTINUOUS
10
6.671795551181102
20
-4.0529482677165349
11
6.6740324015748032
21
-4.0573383070866145
0
LINE
8
BLACK
6
CONTINUOUS
10
6.6740324015748032
20
-4.0573383070866145
11
6.6748031496062987
21
-4.0622047244094484
0
LINE
8
BLACK
6
CONTINUOUS
10
6.6748031496062987
20
-4.0622047244094484
11
6.6740324015748032
21
-4.0670711417322831
0
LINE
8
BLACK
6
CONTINUOUS
10
6.6740324015748032
20
-4.0670711417322831
11
6.671795551181102
21
-4.0714611811023618
0
LINE
8
BLACK
6
CONTINUOUS
10
6.671795551181102
20
-4.0714611811023618
11
6.6683115748031492
21
-4.0749451574803146
0
LINE
8
BLACK
6
CONTINUOUS
10
6.6683115748031492
20
-4.0749451574803146
11
6.6639215354330705
21
-4.0771820078740157
0
LINE
8
BLACK
6
CONTINUOUS
10
6.6639215354330705
20
-4.0771820078740157
11
6.6590551181102358
21
-4.0779527559055113
0
LINE
8
BLACK
6
CONTINUOUS
10
6.6590551181102358
20
-4.0779527559055113
11
6.654188700787401
21
-4.0771820078740157
0
LINE
8
BLACK
6
CONTINUOUS
10
6.654188700787401
20
-4.0771820078740157
11
6.6497986614173223
21
-4.0749451574803146
0
LINE
8
BLACK
6
CONTINUOUS
10
6.6497986614173223
20
-4.0749451574803146
11
6.6469007480314959
21
-4.0720472440944881
0
LINE
8
BLACK
6
CONTINUOUS
10
6.6469007480314959
20
-4.0720472440944881
11
6.3125984251968505
21
-4.0720472440944881
0
LINE
8
BLACK
6
CONTINUOUS
10
6.3125984251968505
20
-4.0720472440944881
11
6.3088318503937009
21
-4.0712980314960632
0
LINE
8
BLACK
6
CONTINUOUS
10
6.3088318503937009
20
-4.0712980314960632
11
6.3056387007874015
21
-4.0691644488188974
0
LINE
8
BLACK
6
CONTINUOUS
10
6.3056387007874015
20
-4.0691644488188974
11
6.3023659448818901
21
-4.0658916929133859
0
LINE
8
BLACK
6
CONTINUOUS
10
6.3023659448818901
20
-4.0658916929133859
11
6.3007874015748033
21
-4.0661417322834641
0
LINE
8
BLACK
6
CONTINUOUS
10
6.3007874015748033
20
-4.0661417322834641
11
6.2959209842519686
21
-4.0653709842519685
0
LINE
8
BLACK
6
CONTINUOUS
10
6.2959209842519686
20
-4.0653709842519685
11
6.2915309448818899
21
-4.0631341338582674
0
LINE
8
BLACK
6
CONTINUOUS
10
6.2915309448818899
20
-4.0631341338582674
11
6.2880469685039371
21
-4.0596501574803145
0
LINE
8
BLACK
6
CONTINUOUS
10
6.2880469685039371
20
-4.0596501574803145
11
6.2858101181102359
21
-4.0552601181102359
0
LINE
8
BLACK
6
CONTINUOUS
10
6.2858101181102359
20
-4.0552601181102359
11
6.2850393700787404
21
-4.0503937007874011
0
LINE
8
BLACK
6
CONTINUOUS
10
6.2850393700787404
20
-4.0503937007874011
11
6.2858101181102359
21
-4.0455272834645672
0
LINE
8
BLACK
6
CONTINUOUS
10
6.2858101181102359
20
-4.0455272834645672
11
6.2880469685039371
21
-4.0411372440944877
0
LINE
8
BLACK
6
CONTINUOUS
10
6.2880469685039371
20
-4.0411372440944877
11
6.2915309448818899
21
-4.0376532677165358
0
LINE
8
BLACK
6
CONTINUOUS
10
6.2915309448818899
20
-4.0376532677165358
11
6.2959209842519686
21
-4.0354164173228346
0
LINE
8
BLACK
6
CONTINUOUS
10
6.2959209842519686
20
-4.0354164173228346
11
6.3007874015748033
21
-4.0346456692913382
0
LINE
8
BLACK
6
CONTINUOUS
10
6.3007874015748033
20
-4.0346456692913382
11
6.3056538188976372
21
-4.0354164173228346
0
LINE
8
BLACK
6
CONTINUOUS
10
6.1993546062992122
20
-4.0342352362204723
11
6.2037446456692908
21
-4.0364720866141734
0
LINE
8
BLACK
6
CONTINUOUS
10
6.2037446456692908
20
-4.0364720866141734
11
6.2072286220472437
21
-4.0399560629921263
0
LINE
8
BLACK
6
CONTINUOUS
10
6.2072286220472437
20
-4.0399560629921263
11
6.2094654724409448
21
-4.0443461023622049
0
LINE
8
BLACK
6
CONTINUOUS
10
6.2094654724409448
20
-4.0443461023622049
11
6.2102362204724404
21
-4.0492125196850397
0
LINE
8
BLACK
6
CONTINUOUS
10
6.2102362204724404
20
-4.0492125196850397
11
6.2094654724409448
21
-4.0540789370078736
0
LINE
8
BLACK
6
CONTINUOUS
10
6.2094654724409448
20
-4.0540789370078736
11
6.2072286220472437
21
-4.0584689763779522
0
LINE
8
BLACK
6
CONTINUOUS
10
6.2072286220472437
20
-4.0584689763779522
11
6.2037446456692908
21
-4.0619529527559051
0
LINE
8
BLACK
6
CONTINUOUS
10
6.2037446456692908
20
-4.0619529527559051
11
6.1993546062992122
21
-4.0641898031496062
0
LINE
8
BLACK
6
CONTINUOUS
10
6.1993546062992122
20
-4.0641898031496062
11
6.1944881889763774
21
-4.0649605511811027
0
LINE
8
BLACK
6
CONTINUOUS
10
6.1944881889763774
20
-4.0649605511811027
11
6.1896217716535435
21
-4.0641898031496062
0
LINE
8
BLACK
6
CONTINUOUS
10
6.1896217716535435
20
-4.0641898031496062
11
6.185231732283464
21
-4.0619529527559051
0
LINE
8
BLACK
6
CONTINUOUS
10
6.185231732283464
20
-4.0619529527559051
11
6.1835559842519681
21
-4.0602772047244091
0
LINE
8
BLACK
6
CONTINUOUS
10
6.1835559842519681
20
-4.0602772047244091
11
6.0806992913385827
21
-4.0602772047244091
0
LINE
8
BLACK
6
CONTINUOUS
10
6.0806992913385827
20
-4.0602772047244091
11
6.0778013779527553
21
-4.0631751181102365
0
LINE
8
BLACK
6
CONTINUOUS
10
6.0778013779527553
20
-4.0631751181102365
11
6.0734113385826767
21
-4.0654119685039367
0
LINE
8
BLACK
6
CONTINUOUS
10
6.0734113385826767
20
-4.0654119685039367
11
6.0685449212598428
21
-4.0661827165354332
0
LINE
8
BLACK
6
CONTINUOUS
10
6.0685449212598428
20
-4.0661827165354332
11
6.063678503937008
21
-4.0654119685039367
0
LINE
8
BLACK
6
CONTINUOUS
10
6.063678503937008
20
-4.0654119685039367
11
6.0592884645669294
21
-4.0631751181102365
0
LINE
8
BLACK
6
CONTINUOUS
10
6.0592884645669294
20
-4.0631751181102365
11
6.0558044881889765
21
-4.0596911417322836
0
LINE
8
BLACK
6
CONTINUOUS
10
6.0558044881889765
20
-4.0596911417322836
11
6.0535676377952754
21
-4.055301102362205
0
LINE
8
BLACK
6
CONTINUOUS
10
6.0535676377952754
20
-4.055301102362205
11
6.0527968897637798
21
-4.0504346850393702
0
LINE
8
BLACK
6
CONTINUOUS
10
6.0527968897637798
20
-4.0504346850393702
11
6.0535676377952754
21
-4.0455682677165354
0
LINE
8
BLACK
6
CONTINUOUS
10
6.0535676377952754
20
-4.0455682677165354
11
6.0558044881889765
21
-4.0411782283464568
0
LINE
8
BLACK
6
CONTINUOUS
10
6.0558044881889765
20
-4.0411782283464568
11
6.0592884645669294
21
-4.037694251968504
0
LINE
8
BLACK
6
CONTINUOUS
10
6.0592884645669294
20
-4.037694251968504
11
6.063678503937008
21
-4.0354574015748028
0
LINE
8
BLACK
6
CONTINUOUS
10
6.063678503937008
20
-4.0354574015748028
11
6.0685449212598428
21
-4.0346866535433072
0
LINE
8
BLACK
6
CONTINUOUS
10
6.0685449212598428
20
-4.0346866535433072
11
6.0734113385826767
21
-4.0354574015748028
0
LINE
8
BLACK
6
CONTINUOUS
10
6.0734113385826767
20
-4.0354574015748028
11
6.0778013779527553
21
-4.037694251968504
0
LINE
8
BLACK
6
CONTINUOUS
10
6.0778013779527553
20
-4.037694251968504
11
6.0806992913385827
21
-4.0405921653543304
0
LINE
8
BLACK
6
CONTINUOUS
10
6.0806992913385827
20
-4.0405921653543304
11
6.1814236614173224
21
-4.0405921653543304
0
LINE
8
BLACK
6
CONTINUOUS
10
6.1814236614173224
20
-4.0405921653543304
11
6.1817477559055121
21
-4.0399560629921263
0
LINE
8
BLACK
6
CONTINUOUS
10
6.1817477559055121
20
-4.0399560629921263
11
6.185231732283464
21
-4.0364720866141734
0
LINE
8
BLACK
6
CONTINUOUS
10
6.185231732283464
20
-4.0364720866141734
11
6.1896217716535435
21
-4.0342352362204723
0
LINE
8
BLACK
6
CONTINUOUS
10
6.1896217716535435
20
-4.0342352362204723
11
6.1944881889763774
21
-4.0334644881889758
0
LINE
8
BLACK
6
CONTINUOUS
10
6.1944881889763774
20
-4.0334644881889758
11
6.1993546062992122
21
-4.0342352362204723
0
LINE
8
BLACK
6
CONTINUOUS
10
6.6442364960629918
20
-3.8503770472440944
11
6.6486265354330705
21
-3.852613897637795
0
LINE
8
BLACK
6
CONTINUOUS
10
6.6486265354330705
20
-3.852613897637795
11
6.6521105118110233
21
-3.8560978740157479
0
LINE
8
BLACK
6
CONTINUOUS
10
6.6521105118110233
20
-3.8560978740157479
11
6.6543473622047244
21
-3.8604879133858265
0
LINE
8
BLACK
6
CONTINUOUS
10
6.6543473622047244
20
-3.8604879133858265
11
6.65511811023622
21
-3.8653543307086613
0
LINE
8
BLACK
6
CONTINUOUS
10
6.65511811023622
20
-3.8653543307086613
11
6.6543473622047244
21
-3.8702207480314961
0
LINE
8
BLACK
6
CONTINUOUS
10
6.6543473622047244
20
-3.8702207480314961
11
6.6532837007874015
21
-3.8723082677165355
0
LINE
8
BLACK
6
CONTINUOUS
10
6.6532837007874015
20
-3.8723082677165355
11
6.6585979133858268
21
-3.8776224803149604
0
LINE
8
BLACK
6
CONTINUOUS
10
6.6585979133858268
20
-3.8776224803149604
11
6.7280226771653542
21
-3.9470472440944881
0
LINE
8
BLACK
6
CONTINUOUS
10
6.7280226771653542
20
-3.9470472440944881
11
6.7346569685039368
21
-3.9470472440944881
0
LINE
8
BLACK
6
CONTINUOUS
10
6.7346569685039368
20
-3.9470472440944881
11
6.7368658661417324
21
-3.9427120472440942
0
LINE
8
BLACK
6
CONTINUOUS
10
6.7368658661417324
20
-3.9427120472440942
11
6.7403498425196853
21
-3.9392280708661418
0
LINE
8
BLACK
6
CONTINUOUS
10
6.7403498425196853
20
-3.9392280708661418
11
6.7447398818897639
21
-3.9369912204724407
0
LINE
8
BLACK
6
CONTINUOUS
10
6.7447398818897639
20
-3.9369912204724407
11
6.7496062992125987
21
-3.9362204724409446
0
LINE
8
BLACK
6
CONTINUOUS
10
6.7496062992125987
20
-3.9362204724409446
11
6.7544727165354326
21
-3.9369912204724407
0
LINE
8
BLACK
6
CONTINUOUS
10
6.7544727165354326
20
-3.9369912204724407
11
6.7588627559055112
21
-3.9392280708661418
0
LINE
8
BLACK
6
CONTINUOUS
10
6.7588627559055112
20
-3.9392280708661418
11
6.7623467322834641
21
-3.9427120472440942
0
LINE
8
BLACK
6
CONTINUOUS
10
6.7623467322834641
20
-3.9427120472440942
11
6.7645835826771652
21
-3.9471020866141733
0
LINE
8
BLACK
6
CONTINUOUS
10
6.7645835826771652
20
-3.9471020866141733
11
6.7653543307086617
21
-3.9519685039370076
0
LINE
8
BLACK
6
CONTINUOUS
10
6.7653543307086617
20
-3.9519685039370076
11
6.7645835826771652
21
-3.9568349212598424
0
LINE
8
BLACK
6
CONTINUOUS
10
6.7645835826771652
20
-3.9568349212598424
11
6.7623467322834641
21
-3.961224960629921
0
LINE
8
BLACK
6
CONTINUOUS
10
6.7623467322834641
20
-3.961224960629921
11
6.7588627559055112
21
-3.9647089370078739
0
LINE
8
BLACK
6
CONTINUOUS
10
6.7588627559055112
20
-3.9647089370078739
11
6.7544727165354326
21
-3.9669457874015746
0
LINE
8
BLACK
6
CONTINUOUS
10
6.7544727165354326
20
-3.9669457874015746
11
6.7496062992125987
21
-3.9677165354330706
0
LINE
8
BLACK
6
CONTINUOUS
10
6.7496062992125987
20
-3.9677165354330706
11
6.7447398818897639
21
-3.9669457874015746
0
LINE
8
BLACK
6
CONTINUOUS
10
6.7447398818897639
20
-3.9669457874015746
11
6.7403498425196853
21
-3.9647089370078739
0
LINE
8
BLACK
6
CONTINUOUS
10
6.7403498425196853
20
-3.9647089370078739
11
6.7368658661417324
21
-3.961224960629921
0
LINE
8
BLACK
6
CONTINUOUS
10
6.7368658661417324
20
-3.961224960629921
11
6.7346569685039368
21
-3.9568897637795275
0
LINE
8
BLACK
6
CONTINUOUS
10
6.7346569685039368
20
-3.9568897637795275
11
6.7259842519685034
21
-3.9568897637795275
0
LINE
8
BLACK
6
CONTINUOUS
10
6.7259842519685034
20
-3.9568897637795275
11
6.7251144094488184
21
-3.9567646850393698
0
LINE
8
BLACK
6
CONTINUOUS
10
6.7251144094488184
20
-3.9567646850393698
11
6.7249381496062988
21
-3.9567773228346454
0
LINE
8
BLACK
6
CONTINUOUS
10
6.7249381496062988
20
-3.9567773228346454
11
6.7248437795275589
21
-3.9567257874015747
0
LINE
8
BLACK
6
CONTINUOUS
10
6.7248437795275589
20
-3.9567257874015747
11
6.7245977559055117
21
-3.9566904330708659
0
LINE
8
BLACK
6
CONTINUOUS
10
6.7245977559055117
20
-3.9566904330708659
11
6.7235730314960627
21
-3.9560318503937006
0
LINE
8
BLACK
6
CONTINUOUS
10
6.7235730314960627
20
-3.9560318503937006
11
6.7225044094488187
21
-3.9554483464566927
0
LINE
8
BLACK
6
CONTINUOUS
10
6.7225044094488187
20
-3.9554483464566927
11
6.6516382283464566
21
-3.8845821653543307
0
LINE
8
BLACK
6
CONTINUOUS
10
6.6516382283464566
20
-3.8845821653543307
11
6.6463240157480312
21
-3.8792679527559053
0
LINE
8
BLACK
6
CONTINUOUS
10
6.6463240157480312
20
-3.8792679527559053
11
6.6442364960629918
21
-3.8803316141732282
0
LINE
8
BLACK
6
CONTINUOUS
10
6.6442364960629918
20
-3.8803316141732282
11
6.6393700787401571
21
-3.8811023622047243
0
LINE
8
BLACK
6
CONTINUOUS
10
6.6393700787401571
20
-3.8811023622047243
11
6.6345036614173223
21
-3.8803316141732282
0
LINE
8
BLACK
6
CONTINUOUS
10
6.6345036614173223
20
-3.8803316141732282
11
6.6301136220472436
21
-3.8780947637795276
0
LINE
8
BLACK
6
CONTINUOUS
10
6.6301136220472436
20
-3.8780947637795276
11
6.6266296456692908
21
-3.8746107874015747
0
LINE
8
BLACK
6
CONTINUOUS
10
6.6266296456692908
20
-3.8746107874015747
11
6.6243927952755906
21
-3.8702207480314961
0
LINE
8
BLACK
6
CONTINUOUS
10
6.6243927952755906
20
-3.8702207480314961
11
6.6236220472440941
21
-3.8653543307086613
0
LINE
8
BLACK
6
CONTINUOUS
10
6.6236220472440941
20
-3.8653543307086613
11
6.6243927952755906
21
-3.8604879133858265
0
LINE
8
BLACK
6
CONTINUOUS
10
6.6243927952755906
20
-3.8604879133858265
11
6.6266296456692908
21
-3.8560978740157479
0
LINE
8
BLACK
6
CONTINUOUS
10
6.6266296456692908
20
-3.8560978740157479
11
6.6301136220472436
21
-3.852613897637795
0
LINE
8
BLACK
6
CONTINUOUS
10
6.6301136220472436
20
-3.852613897637795
11
6.6345036614173223
21
-3.8503770472440944
0
LINE
8
BLACK
6
CONTINUOUS
10
6.6345036614173223
20
-3.8503770472440944
11
6.6393700787401571
21
-3.8496062992125983
0
LINE
8
BLACK
6
CONTINUOUS
10
6.6393700787401571
20
-3.8496062992125983
11
6.6442364960629918
21
-3.8503770472440944
0
LINE
8
BLACK
6
CONTINUOUS
10
6.6087611417322831
20
-3.7087053149606297
11
6.6131511811023618
21
-3.7109421653543304
0
LINE
8
BLACK
6
CONTINUOUS
10
6.6131511811023618
20
-3.7109421653543304
11
6.6166351574803146
21
-3.7144261417322832
0
LINE
8
BLACK
6
CONTINUOUS
10
6.6166351574803146
20
-3.7144261417322832
11
6.6171457874015749
21
-3.7154282677165353
0
LINE
8
BLACK
6
CONTINUOUS
10
6.6171457874015749
20
-3.7154282677165353
11
6.648598897637795
21
-3.7154282677165353
0
LINE
8
BLACK
6
CONTINUOUS
10
6.648598897637795
20
-3.7154282677165353
11
6.6494687007874012
21
-3.7155533070866142
0
LINE
8
BLACK
6
CONTINUOUS
10
6.6494687007874012
20
-3.7155533070866142
11
6.6496449999999996
21
-3.7155407086614174
0
LINE
8
BLACK
6
CONTINUOUS
10
6.6496449999999996
20
-3.7155407086614174
11
6.6497393307086616
21
-3.7155922047244094
0
LINE
8
BLACK
6
CONTINUOUS
10
6.6497393307086616
20
-3.7155922047244094
11
6.6499853937007876
21
-3.715627598425197
0
LINE
8
BLACK
6
CONTINUOUS
10
6.6499853937007876
20
-3.715627598425197
11
6.6510100787401569
21
-3.7162861417322834
0
LINE
8
BLACK
6
CONTINUOUS
10
6.6510100787401569
20
-3.7162861417322834
11
6.6520787401574806
21
-3.7168696850393701
0
LINE
8
BLACK
6
CONTINUOUS
10
6.6520787401574806
20
-3.7168696850393701
11
6.7530861417322834
21
-3.8178770472440946
0
LINE
8
BLACK
6
CONTINUOUS
10
6.7530861417322834
20
-3.8178770472440946
11
6.7536127952755907
21
-3.8185805905511812
0
LINE
8
BLACK
6
CONTINUOUS
10
6.7536127952755907
20
-3.8185805905511812
11
6.753746338582677
21
-3.8186962992125983
0
LINE
8
BLACK
6
CONTINUOUS
10
6.753746338582677
20
-3.8186962992125983
11
6.7537766141732281
21
-3.8187994094488187
0
LINE
8
BLACK
6
CONTINUOUS
10
6.7537766141732281
20
-3.8187994094488187
11
6.753925590551181
21
-3.8189984251968503
0
LINE
8
BLACK
6
CONTINUOUS
10
6.753925590551181
20
-3.8189984251968503
11
6.7541844488188971
21
-3.8201885039370076
0
LINE
8
BLACK
6
CONTINUOUS
10
6.7541844488188971
20
-3.8201885039370076
11
6.7545275590551181
21
-3.821356929133858
0
LINE
8
BLACK
6
CONTINUOUS
10
6.7545275590551181
20
-3.821356929133858
11
6.7545275590551181
21
-3.8858380314960628
0
LINE
8
BLACK
6
CONTINUOUS
10
6.7545275590551181
20
-3.8858380314960628
11
6.7588627559055112
21
-3.8880469685039367
0
LINE
8
BLACK
6
CONTINUOUS
10
6.7588627559055112
20
-3.8880469685039367
11
6.7623467322834641
21
-3.8915309448818896
0
LINE
8
BLACK
6
CONTINUOUS
10
6.7623467322834641
20
-3.8915309448818896
11
6.7645835826771652
21
-3.8959209842519682
0
LINE
8
BLACK
6
CONTINUOUS
10
6.7645835826771652
20
-3.8959209842519682
11
6.7653543307086617
21
-3.900787401574803
0
LINE
8
BLACK
6
CONTINUOUS
10
6.7653543307086617
20
-3.900787401574803
11
6.7645835826771652
21
-3.9056538188976377
0
LINE
8
BLACK
6
CONTINUOUS
10
6.7645835826771652
20
-3.9056538188976377
11
6.7623467322834641
21
-3.9100438582677164
0
LINE
8
BLACK
6
CONTINUOUS
10
6.7623467322834641
20
-3.9100438582677164
11
6.7588627559055112
21
-3.9135278346456692
0
LINE
8
BLACK
6
CONTINUOUS
10
6.7588627559055112
20
-3.9135278346456692
11
6.7544727165354326
21
-3.9157646850393699
0
LINE
8
BLACK
6
CONTINUOUS
10
6.7544727165354326
20
-3.9157646850393699
11
6.7496062992125987
21
-3.9165354330708659
0
LINE
8
BLACK
6
CONTINUOUS
10
6.7496062992125987
20
-3.9165354330708659
11
6.7447398818897639
21
-3.9157646850393699
0
LINE
8
BLACK
6
CONTINUOUS
10
6.7447398818897639
20
-3.9157646850393699
11
6.7403498425196853
21
-3.9135278346456692
0
LINE
8
BLACK
6
CONTINUOUS
10
6.7403498425196853
20
-3.9135278346456692
11
6.7368658661417324
21
-3.9100438582677164
0
LINE
8
BLACK
6
CONTINUOUS
10
6.7368658661417324
20
-3.9100438582677164
11
6.7346290157480313
21
-3.9056538188976377
0
LINE
8
BLACK
6
CONTINUOUS
10
6.7346290157480313
20
-3.9056538188976377
11
6.7338582677165348
21
-3.900787401574803
0
LINE
8
BLACK
6
CONTINUOUS
10
6.7338582677165348
20
-3.900787401574803
11
6.7346290157480313
21
-3.8959209842519682
0
LINE
8
BLACK
6
CONTINUOUS
10
6.7346290157480313
20
-3.8959209842519682
11
6.7368658661417324
21
-3.8915309448818896
0
LINE
8
BLACK
6
CONTINUOUS
10
6.7368658661417324
20
-3.8915309448818896
11
6.7403498425196853
21
-3.8880469685039367
0
LINE
8
BLACK
6
CONTINUOUS
10
6.7403498425196853
20
-3.8880469685039367
11
6.7446850393700783
21
-3.8858380314960628
0
LINE
8
BLACK
6
CONTINUOUS
10
6.7446850393700783
20
-3.8858380314960628
11
6.7446850393700783
21
-3.8233953543307084
0
LINE
8
BLACK
6
CONTINUOUS
10
6.7446850393700783
20
-3.8233953543307084
11
6.6465604724409451
21
-3.7252707874015747
0
LINE
8
BLACK
6
CONTINUOUS
10
6.6465604724409451
20
-3.7252707874015747
11
6.6193912204724406
21
-3.7252707874015747
0
LINE
8
BLACK
6
CONTINUOUS
10
6.6193912204724406
20
-3.7252707874015747
11
6.6188720078740158
21
-3.7285490157480314
0
LINE
8
BLACK
6
CONTINUOUS
10
6.6188720078740158
20
-3.7285490157480314
11
6.6166351574803146
21
-3.7329390551181101
0
LINE
8
BLACK
6
CONTINUOUS
10
6.6166351574803146
20
-3.7329390551181101
11
6.6131511811023618
21
-3.7364230314960629
0
LINE
8
BLACK
6
CONTINUOUS
10
6.6131511811023618
20
-3.7364230314960629
11
6.6087611417322831
21
-3.7386598818897636
0
LINE
8
BLACK
6
CONTINUOUS
10
6.6087611417322831
20
-3.7386598818897636
11
6.6038947244094484
21
-3.7394306299212596
0
LINE
8
BLACK
6
CONTINUOUS
10
6.6038947244094484
20
-3.7394306299212596
11
6.5990283070866136
21
-3.7386598818897636
0
LINE
8
BLACK
6
CONTINUOUS
10
6.5990283070866136
20
-3.7386598818897636
11
6.5946382677165349
21
-3.7364230314960629
0
LINE
8
BLACK
6
CONTINUOUS
10
6.5946382677165349
20
-3.7364230314960629
11
6.5911542913385821
21
-3.7329390551181101
0
LINE
8
BLACK
6
CONTINUOUS
10
6.5911542913385821
20
-3.7329390551181101
11
6.5889174409448819
21
-3.7285490157480314
0
LINE
8
BLACK
6
CONTINUOUS
10
6.5889174409448819
20
-3.7285490157480314
11
6.5881466929133854
21
-3.7236825984251967
0
LINE
8
BLACK
6
CONTINUOUS
10
6.5881466929133854
20
-3.7236825984251967
11
6.5889174409448819
21
-3.7188161811023623
0
LINE
8
BLACK
6
CONTINUOUS
10
6.5889174409448819
20
-3.7188161811023623
11
6.5911542913385821
21
-3.7144261417322832
0
LINE
8
BLACK
6
CONTINUOUS
10
6.5911542913385821
20
-3.7144261417322832
11
6.5946382677165349
21
-3.7109421653543304
0
LINE
8
BLACK
6
CONTINUOUS
10
6.5946382677165349
20
-3.7109421653543304
11
6.5990283070866136
21
-3.7087053149606297
0
LINE
8
BLACK
6
CONTINUOUS
10
6.5990283070866136
20
-3.7087053149606297
11
6.6038947244094484
21
-3.7079345669291337
0
LINE
8
BLACK
6
CONTINUOUS
10
6.6038947244094484
20
-3.7079345669291337
11
6.6087611417322831
21
-3.7087053149606297
0
LINE
8
BLACK
6
CONTINUOUS
10
5.6836065748031492
20
-3.6417156299212596
11
5.6879966141732279
21
-3.6439524803149603
0
LINE
8
BLACK
6
CONTINUOUS
10
5.6879966141732279
20
-3.6439524803149603
11
5.6914805905511807
21
-3.6474364566929132
0
LINE
8
BLACK
6
CONTINUOUS
10
5.6914805905511807
20
-3.6474364566929132
11
5.6937174409448819
21
-3.6518264960629923
0
LINE
8
BLACK
6
CONTINUOUS
10
5.6937174409448819
20
-3.6518264960629923
11
5.6944881889763774
21
-3.6566929133858266
0
LINE
8
BLACK
6
CONTINUOUS
10
5.6944881889763774
20
-3.6566929133858266
11
5.6937174409448819
21
-3.6615593307086614
0
LINE
8
BLACK
6
CONTINUOUS
10
5.6937174409448819
20
-3.6615593307086614
11
5.6914805905511807
21
-3.66594937007874
0
LINE
8
BLACK
6
CONTINUOUS
10
5.6914805905511807
20
-3.66594937007874
11
5.6879966141732279
21
-3.6694333464566928
0
LINE
8
BLACK
6
CONTINUOUS
10
5.6879966141732279
20
-3.6694333464566928
11
5.6836614173228348
21
-3.671642244094488
0
LINE
8
BLACK
6
CONTINUOUS
10
5.6836614173228348
20
-3.671642244094488
11
5.6836614173228348
21
-3.6769255118110236
0
LINE
8
BLACK
6
CONTINUOUS
10
5.6836614173228348
20
-3.6769255118110236
11
5.6870509448818893
21
-3.6803150393700785
0
LINE
8
BLACK
6
CONTINUOUS
10
5.6870509448818893
20
-3.6803150393700785
11
5.9040638582677163
21
-3.6803150393700785
0
LINE
8
BLACK
6
CONTINUOUS
10
5.9040638582677163
20
-3.6803150393700785
11
5.9134488582677163
21
-3.6709300393700786
0
LINE
8
BLACK
6
CONTINUOUS
10
5.9134488582677163
20
-3.6709300393700786
11
5.9141523228346458
21
-3.6704033858267717
0
LINE
8
BLACK
6
CONTINUOUS
10
5.9141523228346458
20
-3.6704033858267717
11
5.9142680708661413
21
-3.6702698425196849
0
LINE
8
BLACK
6
CONTINUOUS
10
5.9142680708661413
20
-3.6702698425196849
11
5.9143711811023625
21
-3.6702395275590551
0
LINE
8
BLACK
6
CONTINUOUS
10
5.9143711811023625
20
-3.6702395275590551
11
5.9145701968503932
21
-3.6700905905511809
0
LINE
8
BLACK
6
CONTINUOUS
10
5.9145701968503932
20
-3.6700905905511809
11
5.915760275590551
21
-3.6698316929133856
0
LINE
8
BLACK
6
CONTINUOUS
10
5.915760275590551
20
-3.6698316929133856
11
5.9169287007874019
21
-3.6694886220472438
0
LINE
8
BLACK
6
CONTINUOUS
10
5.9169287007874019
20
-3.6694886220472438
11
6.1502421653543307
21
-3.6694886220472438
0
LINE
8
BLACK
6
CONTINUOUS
10
6.1502421653543307
20
-3.6694886220472438
11
6.1511119685039368
21
-3.6696136614173227
0
LINE
8
BLACK
6
CONTINUOUS
10
6.1511119685039368
20
-3.6696136614173227
11
6.1512882677165353
21
-3.6696010629921259
0
LINE
8
BLACK
6
CONTINUOUS
10
6.1512882677165353
20
-3.6696010629921259
11
6.1513825984251964
21
-3.6696525590551179
0
LINE
8
BLACK
6
CONTINUOUS
10
6.1513825984251964
20
-3.6696525590551179
11
6.1516286614173223
21
-3.6696879527559054
0
LINE
8
BLACK
6
CONTINUOUS
10
6.1516286614173223
20
-3.6696879527559054
11
6.1526533464566926
21
-3.6703464960629919
0
LINE
8
BLACK
6
CONTINUOUS
10
6.1526533464566926
20
-3.6703464960629919
11
6.1537220078740154
21
-3.6709300393700786
0
LINE
8
BLACK
6
CONTINUOUS
10
6.1537220078740154
20
-3.6709300393700786
11
6.1865714566929135
21
-3.7037794881889763
0
LINE
8
BLACK
6
CONTINUOUS
10
6.1865714566929135
20
-3.7037794881889763
11
6.4787794881889766
21
-3.7037794881889763
0
LINE
8
BLACK
6
CONTINUOUS
10
6.4787794881889766
20
-3.7037794881889763
11
6.4796492913385828
21
-3.7039045275590552
0
LINE
8
BLACK
6
CONTINUOUS
10
6.4796492913385828
20
-3.7039045275590552
11
6.4798255905511812
21
-3.7038919291338583
0
LINE
8
BLACK
6
CONTINUOUS
10
6.4798255905511812
20
-3.7038919291338583
11
6.4799199212598424
21
-3.7039434251968504
0
LINE
8
BLACK
6
CONTINUOUS
10
6.4799199212598424
20
-3.7039434251968504
11
6.4801659842519683
21
-3.7039788188976379
0
LINE
8
BLACK
6
CONTINUOUS
10
6.4801659842519683
20
-3.7039788188976379
11
6.4811906692913386
21
-3.7046373622047244
0
LINE
8
BLACK
6
CONTINUOUS
10
6.4811906692913386
20
-3.7046373622047244
11
6.4822593307086613
21
-3.705220905511811
0
LINE
8
BLACK
6
CONTINUOUS
10
6.4822593307086613
20
-3.705220905511811
11
6.5036132283464569
21
-3.7265748031496062
0
LINE
8
BLACK
6
CONTINUOUS
10
6.5036132283464569
20
-3.7265748031496062
11
6.5409449212598423
21
-3.7265748031496062
0
LINE
8
BLACK
6
CONTINUOUS
10
6.5409449212598423
20
-3.7265748031496062
11
6.5418147244094484
21
-3.7266998425196851
0
LINE
8
BLACK
6
CONTINUOUS
10
6.5418147244094484
20
-3.7266998425196851
11
6.5419910236220469
21
-3.7266872440944883
0
LINE
8
BLACK
6
CONTINUOUS
10
6.5419910236220469
20
-3.7266872440944883
11
6.5420853543307089
21
-3.7267387401574803
0
LINE
8
BLACK
6
CONTINUOUS
10
6.5420853543307089
20
-3.7267387401574803
11
6.5423314173228349
21
-3.7267741338582678
0
LINE
8
BLACK
6
CONTINUOUS
10
6.5423314173228349
20
-3.7267741338582678
11
6.5433561023622042
21
-3.7274326771653543
0
LINE
8
BLACK
6
CONTINUOUS
10
6.5433561023622042
20
-3.7274326771653543
11
6.544424763779527
21
-3.728016220472441
0
LINE
8
BLACK
6
CONTINUOUS
10
6.544424763779527
20
-3.728016220472441
11
6.5902274015748032
21
-3.7738188582677163
0
LINE
8
BLACK
6
CONTINUOUS
10
6.5902274015748032
20
-3.7738188582677163
11
6.6078739763779524
21
-3.7738188582677163
0
LINE
8
BLACK
6
CONTINUOUS
10
6.6078739763779524
20
-3.7738188582677163
11
6.6087437795275585
21
-3.7739438976377953
0
LINE
8
BLACK
6
CONTINUOUS
10
6.6087437795275585
20
-3.7739438976377953
11
6.608920078740157
21
-3.7739312992125984
0
LINE
8
BLACK
6
CONTINUOUS
10
6.608920078740157
20
-3.7739312992125984
11
6.609014409448819
21
-3.7739827952755904
0
LINE
8
BLACK
6
CONTINUOUS
10
6.609014409448819
20
-3.7739827952755904
11
6.6092604724409449
21
-3.774018188976378
0
LINE
8
BLACK
6
CONTINUOUS
10
6.6092604724409449
20
-3.774018188976378
11
6.6102851574803152
21
-3.7746767322834645
0
LINE
8
BLACK
6
CONTINUOUS
10
6.6102851574803152
20
-3.7746767322834645
11
6.611353818897638
21
-3.7752602755905511
0
LINE
8
BLACK
6
CONTINUOUS
10
6.611353818897638
20
-3.7752602755905511
11
6.6271018110236222
21
-3.7910082677165353
0
LINE
8
BLACK
6
CONTINUOUS
10
6.6271018110236222
20
-3.7910082677165353
11
6.6324159842519688
21
-3.7963224409448819
0
LINE
8
BLACK
6
CONTINUOUS
10
6.6324159842519688
20
-3.7963224409448819
11
6.634503543307086
21
-3.7952588188976377
0
LINE
8
BLACK
6
CONTINUOUS
10
6.634503543307086
20
-3.7952588188976377
11
6.6393699606299208
21
-3.7944880708661417
0
LINE
8
BLACK
6
CONTINUOUS
10
6.6393699606299208
20
-3.7944880708661417
11
6.6442363779527556
21
-3.7952588188976377
0
LINE
8
BLACK
6
CONTINUOUS
10
6.6442363779527556
20
-3.7952588188976377
11
6.6486264173228342
21
-3.7974956692913384
0
LINE
8
BLACK
6
CONTINUOUS
10
6.6486264173228342
20
-3.7974956692913384
11
6.652110393700787
21
-3.8009796456692913
0
LINE
8
BLACK
6
CONTINUOUS
10
6.652110393700787
20
-3.8009796456692913
11
6.6543472440944882
21
-3.8053696850393699
0
LINE
8
BLACK
6
CONTINUOUS
10
6.6543472440944882
20
-3.8053696850393699
11
6.6551179921259838
21
-3.8102361023622047
0
LINE
8
BLACK
6
CONTINUOUS
10
6.6551179921259838
20
-3.8102361023622047
11
6.6543472440944882
21
-3.8151025196850394
0
LINE
8
BLACK
6
CONTINUOUS
10
6.6543472440944882
20
-3.8151025196850394
11
6.652110393700787
21
-3.8194925590551181
0
LINE
8
BLACK
6
CONTINUOUS
10
6.652110393700787
20
-3.8194925590551181
11
6.6486264173228342
21
-3.8229765354330709
0
LINE
8
BLACK
6
CONTINUOUS
10
6.6486264173228342
20
-3.8229765354330709
11
6.6442363779527556
21
-3.8252133858267716
0
LINE
8
BLACK
6
CONTINUOUS
10
6.6442363779527556
20
-3.8252133858267716
11
6.6393699606299208
21
-3.8259841338582676
0
LINE
8
BLACK
6
CONTINUOUS
10
6.6393699606299208
20
-3.8259841338582676
11
6.634503543307086
21
-3.8252133858267716
0
LINE
8
BLACK
6
CONTINUOUS
10
6.634503543307086
20
-3.8252133858267716
11
6.6301135039370074
21
-3.8229765354330709
0
LINE
8
BLACK
6
CONTINUOUS
10
6.6301135039370074
20
-3.8229765354330709
11
6.6266295275590545
21
-3.8194925590551181
0
LINE
8
BLACK
6
CONTINUOUS
10
6.6266295275590545
20
-3.8194925590551181
11
6.6243926771653543
21
-3.8151025196850394
0
LINE
8
BLACK
6
CONTINUOUS
10
6.6243926771653543
20
-3.8151025196850394
11
6.6236219291338578
21
-3.8102361023622047
0
LINE
8
BLACK
6
CONTINUOUS
10
6.6236219291338578
20
-3.8102361023622047
11
6.6243926771653543
21
-3.8053696850393699
0
LINE
8
BLACK
6
CONTINUOUS
10
6.6243926771653543
20
-3.8053696850393699
11
6.6254562992125985
21
-3.8032821259842517
0
LINE
8
BLACK
6
CONTINUOUS
10
6.6254562992125985
20
-3.8032821259842517
11
6.6201421259842519
21
-3.7979679527559056
0
LINE
8
BLACK
6
CONTINUOUS
10
6.6201421259842519
20
-3.7979679527559056
11
6.6058355511811024
21
-3.7836613779527557
0
LINE
8
BLACK
6
CONTINUOUS
10
6.6058355511811024
20
-3.7836613779527557
11
6.5881889763779524
21
-3.7836613779527557
0
LINE
8
BLACK
6
CONTINUOUS
10
6.5881889763779524
20
-3.7836613779527557
11
6.5873191338582675
21
-3.7835362992125985
0
LINE
8
BLACK
6
CONTINUOUS
10
6.5873191338582675
20
-3.7835362992125985
11
6.5871428740157478
21
-3.7835489370078741
0
LINE
8
BLACK
6
CONTINUOUS
10
6.5871428740157478
20
-3.7835489370078741
11
6.5870485039370079
21
-3.7834974015748029
0
LINE
8
BLACK
6
CONTINUOUS
10
6.5870485039370079
20
-3.7834974015748029
11
6.5868024803149607
21
-3.7834620472440945
0
LINE
8
BLACK
6
CONTINUOUS
10
6.5868024803149607
20
-3.7834620472440945
11
6.5857777559055117
21
-3.7828034645669288
0
LINE
8
BLACK
6
CONTINUOUS
10
6.5857777559055117
20
-3.7828034645669288
11
6.5847091338582677
21
-3.7822199606299214
0
LINE
8
BLACK
6
CONTINUOUS
10
6.5847091338582677
20
-3.7822199606299214
11
6.5389064960629923
21
-3.7364173228346456
0
LINE
8
BLACK
6
CONTINUOUS
10
6.5389064960629923
20
-3.7364173228346456
11
6.5015748031496061
21
-3.7364173228346456
0
LINE
8
BLACK
6
CONTINUOUS
10
6.5015748031496061
20
-3.7364173228346456
11
6.5007048031496062
21
-3.7362922440944879
0
LINE
8
BLACK
6
CONTINUOUS
10
6.5007048031496062
20
-3.7362922440944879
11
6.5005287007874015
21
-3.7363048425196848
0
LINE
8
BLACK
6
CONTINUOUS
10
6.5005287007874015
20
-3.7363048425196848
11
6.5004344488188979
21
-3.7362533464566927
0
LINE
8
BLACK
6
CONTINUOUS
10
6.5004344488188979
20
-3.7362533464566927
11
6.5001883070866144
21
-3.7362179921259844
0
LINE
8
BLACK
6
CONTINUOUS
10
6.5001883070866144
20
-3.7362179921259844
11
6.4991633858267717
21
-3.7355592913385824
0
LINE
8
BLACK
6
CONTINUOUS
10
6.4991633858267717
20
-3.7355592913385824
11
6.4980949606299214
21
-3.7349759055118108
0
LINE
8
BLACK
6
CONTINUOUS
10
6.4980949606299214
20
-3.7349759055118108
11
6.4767410629921258
21
-3.7136220078740156
0
LINE
8
BLACK
6
CONTINUOUS
10
6.4767410629921258
20
-3.7136220078740156
11
6.1845330314960627
21
-3.7136220078740156
0
LINE
8
BLACK
6
CONTINUOUS
10
6.1845330314960627
20
-3.7136220078740156
11
6.1836630314960628
21
-3.713496929133858
0
LINE
8
BLACK
6
CONTINUOUS
10
6.1836630314960628
20
-3.713496929133858
11
6.1834869291338581
21
-3.7135095275590548
0
LINE
8
BLACK
6
CONTINUOUS
10
6.1834869291338581
20
-3.7135095275590548
11
6.1833926771653545
21
-3.7134580314960628
0
LINE
8
BLACK
6
CONTINUOUS
10
6.1833926771653545
20
-3.7134580314960628
11
6.183146535433071
21
-3.7134226771653545
0
LINE
8
BLACK
6
CONTINUOUS
10
6.183146535433071
20
-3.7134226771653545
11
6.1821216141732283
21
-3.7127639763779525
0
LINE
8
BLACK
6
CONTINUOUS
10
6.1821216141732283
20
-3.7127639763779525
11
6.181053188976378
21
-3.7121805905511809
0
LINE
8
BLACK
6
CONTINUOUS
10
6.181053188976378
20
-3.7121805905511809
11
6.1482037401574798
21
-3.6793311417322836
0
LINE
8
BLACK
6
CONTINUOUS
10
6.1482037401574798
20
-3.6793311417322836
11
5.9189671259842518
21
-3.6793311417322836
0
LINE
8
BLACK
6
CONTINUOUS
10
5.9189671259842518
20
-3.6793311417322836
11
5.9095821259842518
21
-3.6887161417322836
0
LINE
8
BLACK
6
CONTINUOUS
10
5.9095821259842518
20
-3.6887161417322836
11
5.9088786220472436
21
-3.6892427559055117
0
LINE
8
BLACK
6
CONTINUOUS
10
5.9088786220472436
20
-3.6892427559055117
11
5.9087629133858268
21
-3.6893763385826772
0
LINE
8
BLACK
6
CONTINUOUS
10
5.9087629133858268
20
-3.6893763385826772
11
5.9086597637795277
21
-3.6894066141732282
0
LINE
8
BLACK
6
CONTINUOUS
10
5.9086597637795277
20
-3.6894066141732282
11
5.9084607874015749
21
-3.6895555905511812
0
LINE
8
BLACK
6
CONTINUOUS
10
5.9084607874015749
20
-3.6895555905511812
11
5.9072706692913384
21
-3.6898144488188978
0
LINE
8
BLACK
6
CONTINUOUS
10
5.9072706692913384
20
-3.6898144488188978
11
5.9061022834645671
21
-3.6901575590551179
0
LINE
8
BLACK
6
CONTINUOUS
10
5.9061022834645671
20
-3.6901575590551179
11
5.6850124803149606
21
-3.6901575590551179
0
LINE
8
BLACK
6
CONTINUOUS
10
5.6850124803149606
20
-3.6901575590551179
11
5.6841424803149607
21
-3.6900324803149607
0
LINE
8
BLACK
6
CONTINUOUS
10
5.6841424803149607
20
-3.6900324803149607
11
5.6839663779527561
21
-3.6900450787401575
0
LINE
8
BLACK
6
CONTINUOUS
10
5.6839663779527561
20
-3.6900450787401575
11
5.6838721259842515
21
-3.6899935826771655
0
LINE
8
BLACK
6
CONTINUOUS
10
5.6838721259842515
20
-3.6899935826771655
11
5.6836259842519681
21
-3.6899582283464567
0
LINE
8
BLACK
6
CONTINUOUS
10
5.6836259842519681
20
-3.6899582283464567
11
5.6826011811023625
21
-3.6892996062992127
0
LINE
8
BLACK
6
CONTINUOUS
10
5.6826011811023625
20
-3.6892996062992127
11
5.6815325984251963
21
-3.6887161417322836
0
LINE
8
BLACK
6
CONTINUOUS
10
5.6815325984251963
20
-3.6887161417322836
11
5.6752603149606298
21
-3.6824438188976378
0
LINE
8
BLACK
6
CONTINUOUS
10
5.6752603149606298
20
-3.6824438188976378
11
5.6747336614173225
21
-3.68174031496063
0
LINE
8
BLACK
6
CONTINUOUS
10
5.6747336614173225
20
-3.68174031496063
11
5.6746001181102361
21
-3.6816246062992124
0
LINE
8
BLACK
6
CONTINUOUS
10
5.6746001181102361
20
-3.6816246062992124
11
5.6745698031496064
21
-3.6815214566929133
0
LINE
8
BLACK
6
CONTINUOUS
10
5.6745698031496064
20
-3.6815214566929133
11
5.6744208661417321
21
-3.6813224803149605
0
LINE
8
BLACK
6
CONTINUOUS
10
5.6744208661417321
20
-3.6813224803149605
11
5.6741619685039373
21
-3.6801323622047244
0
LINE
8
BLACK
6
CONTINUOUS
10
5.6741619685039373
20
-3.6801323622047244
11
5.673818897637795
21
-3.6789639763779527
0
LINE
8
BLACK
6
CONTINUOUS
10
5.673818897637795
20
-3.6789639763779527
11
5.673818897637795
21
-3.671642244094488
0
LINE
8
BLACK
6
CONTINUOUS
10
5.673818897637795
20
-3.671642244094488
11
5.669483700787401
21
-3.6694333464566928
0
LINE
8
BLACK
6
CONTINUOUS
10
5.669483700787401
20
-3.6694333464566928
11
5.6659997244094491
21
-3.66594937007874
0
LINE
8
BLACK
6
CONTINUOUS
10
5.6659997244094491
20
-3.66594937007874
11
5.663762874015748
21
-3.6615593307086614
0
LINE
8
BLACK
6
CONTINUOUS
10
5.663762874015748
20
-3.6615593307086614
11
5.6629921259842515
21
-3.6566929133858266
0
LINE
8
BLACK
6
CONTINUOUS
10
5.6629921259842515
20
-3.6566929133858266
11
5.663762874015748
21
-3.6518264960629923
0
LINE
8
BLACK
6
CONTINUOUS
10
5.663762874015748
20
-3.6518264960629923
11
5.6659997244094491
21
-3.6474364566929132
0
LINE
8
BLACK
6
CONTINUOUS
10
5.6659997244094491
20
-3.6474364566929132
11
5.669483700787401
21
-3.6439524803149603
0
LINE
8
BLACK
6
CONTINUOUS
10
5.669483700787401
20
-3.6439524803149603
11
5.6738737401574806
21
-3.6417156299212596
0
LINE
8
BLACK
6
CONTINUOUS
10
5.6738737401574806
20
-3.6417156299212596
11
5.6787401574803145
21
-3.6409448818897636
0
LINE
8
BLACK
6
CONTINUOUS
10
5.6787401574803145
20
-3.6409448818897636
11
5.6836065748031492
21
-3.6417156299212596
0
LINE
8
BLACK
6
CONTINUOUS
10
5.8843939763779529
20
-3.6417156692913384
11
5.8887840157480316
21
-3.6439525196850391
0
LINE
8
BLACK
6
CONTINUOUS
10
5.8887840157480316
20
-3.6439525196850391
11
5.8922679921259844
21
-3.6474364960629919
0
LINE
8
BLACK
6
CONTINUOUS
10
5.8922679921259844
20
-3.6474364960629919
11
5.8944768897637791
21
-3.6517716929133859
0
LINE
8
BLACK
6
CONTINUOUS
10
5.8944768897637791
20
-3.6517716929133859
11
5.9017986220472443
21
-3.6517716929133859
0
LINE
8
BLACK
6
CONTINUOUS
10
5.9017986220472443
20
-3.6517716929133859
11
6.1575807480314957
21
-3.6517716929133859
0
LINE
8
BLACK
6
CONTINUOUS
10
6.1575807480314957
20
-3.6517716929133859
11
6.1584505511811019
21
-3.6518967322834643
0
LINE
8
BLACK
6
CONTINUOUS
10
6.1584505511811019
20
-3.6518967322834643
11
6.1586268503937003
21
-3.6518841338582675
0
LINE
8
BLACK
6
CONTINUOUS
10
6.1586268503937003
20
-3.6518841338582675
11
6.1587211811023623
21
-3.65193562992126
0
LINE
8
BLACK
6
CONTINUOUS
10
6.1587211811023623
20
-3.65193562992126
11
6.1589672440944883
21
-3.6519710236220471
0
LINE
8
BLACK
6
CONTINUOUS
10
6.1589672440944883
20
-3.6519710236220471
11
6.1599919291338585
21
-3.652629566929134
0
LINE
8
BLACK
6
CONTINUOUS
10
6.1599919291338585
20
-3.652629566929134
11
6.1610605905511813
21
-3.6532131102362202
0
LINE
8
BLACK
6
CONTINUOUS
10
6.1610605905511813
20
-3.6532131102362202
11
6.1930833070866145
21
-3.6852357874015746
0
LINE
8
BLACK
6
CONTINUOUS
10
6.1930833070866145
20
-3.6852357874015746
11
6.4852912992125979
21
-3.6852357874015746
0
LINE
8
BLACK
6
CONTINUOUS
10
6.4852912992125979
20
-3.6852357874015746
11
6.486161102362205
21
-3.6853608267716536
0
LINE
8
BLACK
6
CONTINUOUS
10
6.486161102362205
20
-3.6853608267716536
11
6.4863374015748034
21
-3.6853482283464567
0
LINE
8
BLACK
6
CONTINUOUS
10
6.4863374015748034
20
-3.6853482283464567
11
6.4864317322834646
21
-3.6853997244094487
0
LINE
8
BLACK
6
CONTINUOUS
10
6.4864317322834646
20
-3.6853997244094487
11
6.4866777952755905
21
-3.6854351181102363
0
LINE
8
BLACK
6
CONTINUOUS
10
6.4866777952755905
20
-3.6854351181102363
11
6.4877024803149608
21
-3.6860936614173228
0
LINE
8
BLACK
6
CONTINUOUS
10
6.4877024803149608
20
-3.6860936614173228
11
6.4887711417322835
21
-3.6866772047244094
0
LINE
8
BLACK
6
CONTINUOUS
10
6.4887711417322835
20
-3.6866772047244094
11
6.5089837007874012
21
-3.7068897637795275
0
LINE
8
BLACK
6
CONTINUOUS
10
6.5089837007874012
20
-3.7068897637795275
11
6.5497789763779526
21
-3.7068897637795275
0
LINE
8
BLACK
6
CONTINUOUS
10
6.5497789763779526
20
-3.7068897637795275
11
6.5506487795275588
21
-3.7070148031496064
0
LINE
8
BLACK
6
CONTINUOUS
10
6.5506487795275588
20
-3.7070148031496064
11
6.5508250787401572
21
-3.7070022047244096
0
LINE
8
BLACK
6
CONTINUOUS
10
6.5508250787401572
20
-3.7070022047244096
11
6.5509194094488183
21
-3.7070537007874016
0
LINE
8
BLACK
6
CONTINUOUS
10
6.5509194094488183
20
-3.7070537007874016
11
6.5511654724409452
21
-3.7070890944881887
0
LINE
8
BLACK
6
CONTINUOUS
10
6.5511654724409452
20
-3.7070890944881887
11
6.5521901574803145
21
-3.7077476377952756
0
LINE
8
BLACK
6
CONTINUOUS
10
6.5521901574803145
20
-3.7077476377952756
11
6.5532588188976373
21
-3.7083311811023623
0
LINE
8
BLACK
6
CONTINUOUS
10
6.5532588188976373
20
-3.7083311811023623
11
6.5990615354330711
21
-3.7541338582677164
0
LINE
8
BLACK
6
CONTINUOUS
10
6.5990615354330711
20
-3.7541338582677164
11
6.6204837401574803
21
-3.7541338582677164
0
LINE
8
BLACK
6
CONTINUOUS
10
6.6204837401574803
20
-3.7541338582677164
11
6.6226926377952751
21
-3.7497986614173229
0
LINE
8
BLACK
6
CONTINUOUS
10
6.6226926377952751
20
-3.7497986614173229
11
6.6261766141732279
21
-3.74631468503937
0
LINE
8
BLACK
6
CONTINUOUS
10
6.6261766141732279
20
-3.74631468503937
11
6.6305666535433065
21
-3.7440778346456693
0
LINE
8
BLACK
6
CONTINUOUS
10
6.6305666535433065
20
-3.7440778346456693
11
6.6354330708661413
21
-3.7433070866141733
0
LINE
8
BLACK
6
CONTINUOUS
10
6.6354330708661413
20
-3.7433070866141733
11
6.6402994881889761
21
-3.7440778346456693
0
LINE
8
BLACK
6
CONTINUOUS
10
6.6402994881889761
20
-3.7440778346456693
11
6.6446895275590547
21
-3.74631468503937
0
LINE
8
BLACK
6
CONTINUOUS
10
6.6446895275590547
20
-3.74631468503937
11
6.6481735039370076
21
-3.7497986614173229
0
LINE
8
BLACK
6
CONTINUOUS
10
6.6481735039370076
20
-3.7497986614173229
11
6.6504103543307087
21
-3.7541887007874015
0
LINE
8
BLACK
6
CONTINUOUS
10
6.6504103543307087
20
-3.7541887007874015
11
6.6511811023622043
21
-3.7590551181102363
0
LINE
8
BLACK
6
CONTINUOUS
10
6.6511811023622043
20
-3.7590551181102363
11
6.6504103543307087
21
-3.7639215354330706
0
LINE
8
BLACK
6
CONTINUOUS
10
6.6504103543307087
20
-3.7639215354330706
11
6.6481735039370076
21
-3.7683115748031497
0
LINE
8
BLACK
6
CONTINUOUS
10
6.6481735039370076
20
-3.7683115748031497
11
6.6446895275590547
21
-3.7717955511811021
0
LINE
8
BLACK
6
CONTINUOUS
10
6.6446895275590547
20
-3.7717955511811021
11
6.6402994881889761
21
-3.7740324015748032
0
LINE
8
BLACK
6
CONTINUOUS
10
6.6402994881889761
20
-3.7740324015748032
11
6.6354330708661413
21
-3.7748031496062993
0
LINE
8
BLACK
6
CONTINUOUS
10
6.6354330708661413
20
-3.7748031496062993
11
6.6305666535433065
21
-3.7740324015748032
0
LINE
8
BLACK
6
CONTINUOUS
10
6.6305666535433065
20
-3.7740324015748032
11
6.6261766141732279
21
-3.7717955511811021
0
LINE
8
BLACK
6
CONTINUOUS
10
6.6261766141732279
20
-3.7717955511811021
11
6.6226926377952751
21
-3.7683115748031497
0
LINE
8
BLACK
6
CONTINUOUS
10
6.6226926377952751
20
-3.7683115748031497
11
6.6204837401574803
21
-3.7639763779527557
0
LINE
8
BLACK
6
CONTINUOUS
10
6.6204837401574803
20
-3.7639763779527557
11
6.5970230708661415
21
-3.7639763779527557
0
LINE
8
BLACK
6
CONTINUOUS
10
6.5970230708661415
20
-3.7639763779527557
11
6.5961530708661416
21
-3.7638512992125985
0
LINE
8
BLACK
6
CONTINUOUS
10
6.5961530708661416
20
-3.7638512992125985
11
6.5959769685039369
21
-3.7638638976377954
0
LINE
8
BLACK
6
CONTINUOUS
10
6.5959769685039369
20
-3.7638638976377954
11
6.5958827165354332
21
-3.7638124015748029
0
LINE
8
BLACK
6
CONTINUOUS
10
6.5958827165354332
20
-3.7638124015748029
11
6.5956365748031498
21
-3.7637770472440946
0
LINE
8
BLACK
6
CONTINUOUS
10
6.5956365748031498
20
-3.7637770472440946
11
6.5946117716535433
21
-3.7631184251968501
0
LINE
8
BLACK
6
CONTINUOUS
10
6.5946117716535433
20
-3.7631184251968501
11
6.593543188976378
21
-3.762534960629921
0
LINE
8
BLACK
6
CONTINUOUS
10
6.593543188976378
20
-3.762534960629921
11
6.5477405511811027
21
-3.7167322834645669
0
LINE
8
BLACK
6
CONTINUOUS
10
6.5477405511811027
20
-3.7167322834645669
11
6.5069452755905512
21
-3.7167322834645669
0
LINE
8
BLACK
6
CONTINUOUS
10
6.5069452755905512
20
-3.7167322834645669
11
6.5060752755905513
21
-3.7166072047244092
0
LINE
8
BLACK
6
CONTINUOUS
10
6.5060752755905513
20
-3.7166072047244092
11
6.5058991732283467
21
-3.716619803149606
0
LINE
8
BLACK
6
CONTINUOUS
10
6.5058991732283467
20
-3.716619803149606
11
6.5058049212598421
21
-3.716568307086614
0
LINE
8
BLACK
6
CONTINUOUS
10
6.5058049212598421
20
-3.716568307086614
11
6.5055587795275587
21
-3.7165329527559052
0
LINE
8
BLACK
6
CONTINUOUS
10
6.5055587795275587
20
-3.7165329527559052
11
6.5045338582677168
21
-3.7158742519685037
0
LINE
8
BLACK
6
CONTINUOUS
10
6.5045338582677168
20
-3.7158742519685037
11
6.5034654330708657
21
-3.7152908661417321
0
LINE
8
BLACK
6
CONTINUOUS
10
6.5034654330708657
20
-3.7152908661417321
11
6.483252874015748
21
-3.695078307086614
0
LINE
8
BLACK
6
CONTINUOUS
10
6.483252874015748
20
-3.695078307086614
11
6.1910448425196849
21
-3.695078307086614
0
LINE
8
BLACK
6
CONTINUOUS
10
6.1910448425196849
20
-3.695078307086614
11
6.190175
21
-3.6949532283464568
0
LINE
8
BLACK
6
CONTINUOUS
10
6.190175
20
-3.6949532283464568
11
6.1899987401574803
21
-3.6949658661417324
0
LINE
8
BLACK
6
CONTINUOUS
10
6.1899987401574803
20
-3.6949658661417324
11
6.1899043700787404
21
-3.6949143307086612
0
LINE
8
BLACK
6
CONTINUOUS
10
6.1899043700787404
20
-3.6949143307086612
11
6.1896583464566932
21
-3.6948789763779528
0
LINE
8
BLACK
6
CONTINUOUS
10
6.1896583464566932
20
-3.6948789763779528
11
6.188633818897638
21
-3.6942205511811022
0
LINE
8
BLACK
6
CONTINUOUS
10
6.188633818897638
20
-3.6942205511811022
11
6.1875650000000002
21
-3.693636929133858
0
LINE
8
BLACK
6
CONTINUOUS
10
6.1875650000000002
20
-3.693636929133858
11
6.1555423228346458
21
-3.6616142125984252
0
LINE
8
BLACK
6
CONTINUOUS
10
6.1555423228346458
20
-3.6616142125984252
11
5.9017986220472443
21
-3.6616142125984252
0
LINE
8
BLACK
6
CONTINUOUS
10
5.9017986220472443
20
-3.6616142125984252
11
5.8944768897637791
21
-3.6616142125984252
0
LINE
8
BLACK
6
CONTINUOUS
10
5.8944768897637791
20
-3.6616142125984252
11
5.8922679921259844
21
-3.6659494094488188
0
LINE
8
BLACK
6
CONTINUOUS
10
5.8922679921259844
20
-3.6659494094488188
11
5.8887840157480316
21
-3.6694333858267716
0
LINE
8
BLACK
6
CONTINUOUS
10
5.8887840157480316
20
-3.6694333858267716
11
5.8843939763779529
21
-3.6716702362204723
0
LINE
8
BLACK
6
CONTINUOUS
10
5.8843939763779529
20
-3.6716702362204723
11
5.8795275590551181
21
-3.6724409842519683
0
LINE
8
BLACK
6
CONTINUOUS
10
5.8795275590551181
20
-3.6724409842519683
11
5.8746611417322834
21
-3.6716702362204723
0
LINE
8
BLACK
6
CONTINUOUS
10
5.8746611417322834
20
-3.6716702362204723
11
5.8702711023622047
21
-3.6694333858267716
0
LINE
8
BLACK
6
CONTINUOUS
10
5.8702711023622047
20
-3.6694333858267716
11
5.8667871259842519
21
-3.6659494094488188
0
LINE
8
BLACK
6
CONTINUOUS
10
5.8667871259842519
20
-3.6659494094488188
11
5.8645502755905508
21
-3.6615593700787401
0
LINE
8
BLACK
6
CONTINUOUS
10
5.8645502755905508
20
-3.6615593700787401
11
5.8637795275590552
21
-3.6566929527559053
0
LINE
8
BLACK
6
CONTINUOUS
10
5.8637795275590552
20
-3.6566929527559053
11
5.8645502755905508
21
-3.6518265354330706
0
LINE
8
BLACK
6
CONTINUOUS
10
5.8645502755905508
20
-3.6518265354330706
11
5.8667871259842519
21
-3.6474364960629919
0
LINE
8
BLACK
6
CONTINUOUS
10
5.8667871259842519
20
-3.6474364960629919
11
5.8702711023622047
21
-3.6439525196850391
0
LINE
8
BLACK
6
CONTINUOUS
10
5.8702711023622047
20
-3.6439525196850391
11
5.8746611417322834
21
-3.6417156692913384
0
LINE
8
BLACK
6
CONTINUOUS
10
5.8746611417322834
20
-3.6417156692913384
11
5.8795275590551181
21
-3.6409449212598424
0
LINE
8
BLACK
6
CONTINUOUS
10
5.8795275590551181
20
-3.6409449212598424
11
5.8843939763779529
21
-3.6417156692913384
0
LINE
8
BLACK
6
CONTINUOUS
10
6.3410868897637798
20
-3.6176998818897639
11
6.3454769291338584
21
-3.6199367322834646
0
LINE
8
BLACK
6
CONTINUOUS
10
6.3454769291338584
20
-3.6199367322834646
11
6.3489609055118112
21
-3.6234207086614174
0
LINE
8
BLACK
6
CONTINUOUS
10
6.3489609055118112
20
-3.6234207086614174
11
6.3511977559055115
21
-3.6278107480314961
0
LINE
8
BLACK
6
CONTINUOUS
10
6.3511977559055115
20
-3.6278107480314961
11
6.351968503937008
21
-3.6326771653543308
0
LINE
8
BLACK
6
CONTINUOUS
10
6.351968503937008
20
-3.6326771653543308
11
6.3511977559055115
21
-3.6375435826771652
0
LINE
8
BLACK
6
CONTINUOUS
10
6.3511977559055115
20
-3.6375435826771652
11
6.3506039370078735
21
-3.6387089763779525
0
LINE
8
BLACK
6
CONTINUOUS
10
6.3506039370078735
20
-3.6387089763779525
11
6.3548079527559054
21
-3.642912992125984
0
LINE
8
BLACK
6
CONTINUOUS
10
6.3548079527559054
20
-3.642912992125984
11
6.4818893700787399
21
-3.642912992125984
0
LINE
8
BLACK
6
CONTINUOUS
10
6.4818893700787399
20
-3.642912992125984
11
6.5203145669291338
21
-3.642912992125984
0
LINE
8
BLACK
6
CONTINUOUS
10
6.5203145669291338
20
-3.642912992125984
11
6.5210655511811026
21
-3.6431142125984253
0
LINE
8
BLACK
6
CONTINUOUS
10
6.5210655511811026
20
-3.6431142125984253
11
6.5218430314960631
21
-3.6431142125984253
0
LINE
8
BLACK
6
CONTINUOUS
10
6.5218430314960631
20
-3.6431142125984253
11
6.522516338582677
21
-3.6435029133858268
0
LINE
8
BLACK
6
CONTINUOUS
10
6.522516338582677
20
-3.6435029133858268
11
6.5232673228346458
21
-3.6437041732283464
0
LINE
8
BLACK
6
CONTINUOUS
10
6.5232673228346458
20
-3.6437041732283464
11
6.5238170866141729
21
-3.6442539370078739
0
LINE
8
BLACK
6
CONTINUOUS
10
6.5238170866141729
20
-3.6442539370078739
11
6.523983818897638
21
-3.6443501968503935
0
LINE
8
BLACK
6
CONTINUOUS
10
6.523983818897638
20
-3.6443501968503935
11
6.5252910629921255
21
-3.6436841338582675
0
LINE
8
BLACK
6
CONTINUOUS
10
6.5252910629921255
20
-3.6436841338582675
11
6.5301574803149602
21
-3.6429133858267715
0
LINE
8
BLACK
6
CONTINUOUS
10
6.5301574803149602
20
-3.6429133858267715
11
6.535023897637795
21
-3.6436841338582675
0
LINE
8
BLACK
6
CONTINUOUS
10
6.535023897637795
20
-3.6436841338582675
11
6.5394139370078737
21
-3.6459209842519682
0
LINE
8
BLACK
6
CONTINUOUS
10
6.5394139370078737
20
-3.6459209842519682
11
6.5428979133858265
21
-3.649404960629921
0
LINE
8
BLACK
6
CONTINUOUS
10
6.5428979133858265
20
-3.649404960629921
11
6.5451347637795276
21
-3.6537950000000001
0
LINE
8
BLACK
6
CONTINUOUS
10
6.5451347637795276
20
-3.6537950000000001
11
6.5459055118110232
21
-3.6586614173228345
0
LINE
8
BLACK
6
CONTINUOUS
10
6.5459055118110232
20
-3.6586614173228345
11
6.5451347637795276
21
-3.6635278346456692
0
LINE
8
BLACK
6
CONTINUOUS
10
6.5451347637795276
20
-3.6635278346456692
11
6.5428979133858265
21
-3.6679178740157479
0
LINE
8
BLACK
6
CONTINUOUS
10
6.5428979133858265
20
-3.6679178740157479
11
6.5394139370078737
21
-3.6714018503937007
0
LINE
8
BLACK
6
CONTINUOUS
10
6.5394139370078737
20
-3.6714018503937007
11
6.535023897637795
21
-3.6736387007874014
0
LINE
8
BLACK
6
CONTINUOUS
10
6.535023897637795
20
-3.6736387007874014
11
6.5301574803149602
21
-3.6744094488188974
0
LINE
8
BLACK
6
CONTINUOUS
10
6.5301574803149602
20
-3.6744094488188974
11
6.5252910629921255
21
-3.6736387007874014
0
LINE
8
BLACK
6
CONTINUOUS
10
6.5252910629921255
20
-3.6736387007874014
11
6.5209010236220468
21
-3.6714018503937007
0
LINE
8
BLACK
6
CONTINUOUS
10
6.5209010236220468
20
-3.6714018503937007
11
6.517417047244094
21
-3.6679178740157479
0
LINE
8
BLACK
6
CONTINUOUS
10
6.517417047244094
20
-3.6679178740157479
11
6.5151801968503937
21
-3.6635278346456692
0
LINE
8
BLACK
6
CONTINUOUS
10
6.5151801968503937
20
-3.6635278346456692
11
6.5144094488188973
21
-3.6586614173228345
0
LINE
8
BLACK
6
CONTINUOUS
10
6.5144094488188973
20
-3.6586614173228345
11
6.5150330708661413
21
-3.6547240157480316
0
LINE
8
BLACK
6
CONTINUOUS
10
6.5150330708661413
20
-3.6547240157480316
11
6.4818893700787399
21
-3.6547240157480316
0
LINE
8
BLACK
6
CONTINUOUS
10
6.4818893700787399
20
-3.6547240157480316
11
6.3523618110236217
21
-3.6547240157480316
0
LINE
8
BLACK
6
CONTINUOUS
10
6.3523618110236217
20
-3.6547240157480316
11
6.3516108267716538
21
-3.6545227952755903
0
LINE
8
BLACK
6
CONTINUOUS
10
6.3516108267716538
20
-3.6545227952755903
11
6.3508333464566924
21
-3.6545227952755903
0
LINE
8
BLACK
6
CONTINUOUS
10
6.3508333464566924
20
-3.6545227952755903
11
6.3501599999999998
21
-3.6541340551181101
0
LINE
8
BLACK
6
CONTINUOUS
10
6.3501599999999998
20
-3.6541340551181101
11
6.3494090551181097
21
-3.6539328346456692
0
LINE
8
BLACK
6
CONTINUOUS
10
6.3494090551181097
20
-3.6539328346456692
11
6.3488592519685039
21
-3.6533830314960629
0
LINE
8
BLACK
6
CONTINUOUS
10
6.3488592519685039
20
-3.6533830314960629
11
6.3481859842519688
21
-3.6529943307086614
0
LINE
8
BLACK
6
CONTINUOUS
10
6.3481859842519688
20
-3.6529943307086614
11
6.3422522834645667
21
-3.6470606299212598
0
LINE
8
BLACK
6
CONTINUOUS
10
6.3422522834645667
20
-3.6470606299212598
11
6.3410868897637798
21
-3.6476544488188978
0
LINE
8
BLACK
6
CONTINUOUS
10
6.3410868897637798
20
-3.6476544488188978
11
6.336220472440945
21
-3.6484251968503938
0
LINE
8
BLACK
6
CONTINUOUS
10
6.336220472440945
20
-3.6484251968503938
11
6.3313540551181102
21
-3.6476544488188978
0
LINE
8
BLACK
6
CONTINUOUS
10
6.3313540551181102
20
-3.6476544488188978
11
6.3269640157480316
21
-3.6454175984251966
0
LINE
8
BLACK
6
CONTINUOUS
10
6.3269640157480316
20
-3.6454175984251966
11
6.3234800393700787
21
-3.6419336220472438
0
LINE
8
BLACK
6
CONTINUOUS
10
6.3234800393700787
20
-3.6419336220472438
11
6.3212431889763776
21
-3.6375435826771652
0
LINE
8
BLACK
6
CONTINUOUS
10
6.3212431889763776
20
-3.6375435826771652
11
6.320472440944882
21
-3.6326771653543308
0
LINE
8
BLACK
6
CONTINUOUS
10
6.320472440944882
20
-3.6326771653543308
11
6.3212431889763776
21
-3.6278107480314961
0
LINE
8
BLACK
6
CONTINUOUS
10
6.3212431889763776
20
-3.6278107480314961
11
6.3234800393700787
21
-3.6234207086614174
0
LINE
8
BLACK
6
CONTINUOUS
10
6.3234800393700787
20
-3.6234207086614174
11
6.3269640157480316
21
-3.6199367322834646
0
LINE
8
BLACK
6
CONTINUOUS
10
6.3269640157480316
20
-3.6199367322834646
11
6.3313540551181102
21
-3.6176998818897639
0
LINE
8
BLACK
6
CONTINUOUS
10
6.3313540551181102
20
-3.6176998818897639
11
6.336220472440945
21
-3.6169291338582674
0
LINE
8
BLACK
6
CONTINUOUS
10
6.336220472440945
20
-3.6169291338582674
11
6.3410868897637798
21
-3.6176998818897639
0
LINE
8
BLACK
6
CONTINUOUS
10
5.9670711417322835
20
-3.58955031496063
11
5.9714611811023621
21
-3.5917871653543307
0
LINE
8
BLACK
6
CONTINUOUS
10
5.9714611811023621
20
-3.5917871653543307
11
5.974945157480315
21
-3.5952711417322836
0
LINE
8
BLACK
6
CONTINUOUS
10
5.974945157480315
20
-3.5952711417322836
11
5.9759503937007876
21
-3.59724405511811
0
LINE
8
BLACK
6
CONTINUOUS
10
5.9759503937007876
20
-3.59724405511811
11
6.4515751574803151
21
-3.59724405511811
0
LINE
8
BLACK
6
CONTINUOUS
10
6.4515751574803151
20
-3.59724405511811
11
6.452326141732283
21
-3.5974452755905513
0
LINE
8
BLACK
6
CONTINUOUS
10
6.452326141732283
20
-3.5974452755905513
11
6.4531036220472435
21
-3.5974452755905513
0
LINE
8
BLACK
6
CONTINUOUS
10
6.4531036220472435
20
-3.5974452755905513
11
6.4537769291338583
21
-3.5978339763779528
0
LINE
8
BLACK
6
CONTINUOUS
10
6.4537769291338583
20
-3.5978339763779528
11
6.4545279133858262
21
-3.5980352362204724
0
LINE
8
BLACK
6
CONTINUOUS
10
6.4545279133858262
20
-3.5980352362204724
11
6.4550776771653542
21
-3.5985849999999999
0
LINE
8
BLACK
6
CONTINUOUS
10
6.4550776771653542
20
-3.5985849999999999
11
6.455750984251968
21
-3.5989737401574802
0
LINE
8
BLACK
6
CONTINUOUS
10
6.455750984251968
20
-3.5989737401574802
11
6.4616846850393701
21
-3.6049074409448818
0
LINE
8
BLACK
6
CONTINUOUS
10
6.4616846850393701
20
-3.6049074409448818
11
6.4628501181102358
21
-3.6043136614173226
0
LINE
8
BLACK
6
CONTINUOUS
10
6.4628501181102358
20
-3.6043136614173226
11
6.4677165354330706
21
-3.6035429133858266
0
LINE
8
BLACK
6
CONTINUOUS
10
6.4677165354330706
20
-3.6035429133858266
11
6.4725829527559053
21
-3.6043136614173226
0
LINE
8
BLACK
6
CONTINUOUS
10
6.4725829527559053
20
-3.6043136614173226
11
6.476972992125984
21
-3.6065505118110237
0
LINE
8
BLACK
6
CONTINUOUS
10
6.476972992125984
20
-3.6065505118110237
11
6.4804569685039368
21
-3.6100344881889761
0
LINE
8
BLACK
6
CONTINUOUS
10
6.4804569685039368
20
-3.6100344881889761
11
6.482693818897638
21
-3.6144245275590552
0
LINE
8
BLACK
6
CONTINUOUS
10
6.482693818897638
20
-3.6144245275590552
11
6.4834645669291335
21
-3.6192909448818895
0
LINE
8
BLACK
6
CONTINUOUS
10
6.4834645669291335
20
-3.6192909448818895
11
6.482693818897638
21
-3.6241573622047243
0
LINE
8
BLACK
6
CONTINUOUS
10
6.482693818897638
20
-3.6241573622047243
11
6.4804569685039368
21
-3.6285474015748029
0
LINE
8
BLACK
6
CONTINUOUS
10
6.4804569685039368
20
-3.6285474015748029
11
6.476972992125984
21
-3.6320313779527558
0
LINE
8
BLACK
6
CONTINUOUS
10
6.476972992125984
20
-3.6320313779527558
11
6.4725829527559053
21
-3.6342682283464565
0
LINE
8
BLACK
6
CONTINUOUS
10
6.4725829527559053
20
-3.6342682283464565
11
6.4677165354330706
21
-3.6350389763779525
0
LINE
8
BLACK
6
CONTINUOUS
10
6.4677165354330706
20
-3.6350389763779525
11
6.4628501181102358
21
-3.6342682283464565
0
LINE
8
BLACK
6
CONTINUOUS
10
6.4628501181102358
20
-3.6342682283464565
11
6.4584600787401572
21
-3.6320313779527558
0
LINE
8
BLACK
6
CONTINUOUS
10
6.4584600787401572
20
-3.6320313779527558
11
6.4549761023622043
21
-3.6285474015748029
0
LINE
8
BLACK
6
CONTINUOUS
10
6.4549761023622043
20
-3.6285474015748029
11
6.4527392519685041
21
-3.6241573622047243
0
LINE
8
BLACK
6
CONTINUOUS
10
6.4527392519685041
20
-3.6241573622047243
11
6.4519685039370076
21
-3.6192909448818895
0
LINE
8
BLACK
6
CONTINUOUS
10
6.4519685039370076
20
-3.6192909448818895
11
6.4527392519685041
21
-3.6144245275590552
0
LINE
8
BLACK
6
CONTINUOUS
10
6.4527392519685041
20
-3.6144245275590552
11
6.4533330314960624
21
-3.613259094488189
0
LINE
8
BLACK
6
CONTINUOUS
10
6.4533330314960624
20
-3.613259094488189
11
6.4491290157480314
21
-3.6090550787401572
0
LINE
8
BLACK
6
CONTINUOUS
10
6.4491290157480314
20
-3.6090550787401572
11
5.977235708661417
21
-3.6090550787401572
0
LINE
8
BLACK
6
CONTINUOUS
10
5.977235708661417
20
-3.6090550787401572
11
5.9771820078740152
21
-3.6093940157480313
0
LINE
8
BLACK
6
CONTINUOUS
10
5.9771820078740152
20
-3.6093940157480313
11
5.974945157480315
21
-3.61378405511811
0
LINE
8
BLACK
6
CONTINUOUS
10
5.974945157480315
20
-3.61378405511811
11
5.9714611811023621
21
-3.6172680314960628
0
LINE
8
BLACK
6
CONTINUOUS
10
5.9714611811023621
20
-3.6172680314960628
11
5.9670711417322835
21
-3.6195048818897635
0
LINE
8
BLACK
6
CONTINUOUS
10
5.9670711417322835
20
-3.6195048818897635
11
5.9622047244094487
21
-3.62027562992126
0
LINE
8
BLACK
6
CONTINUOUS
10
5.9622047244094487
20
-3.62027562992126
11
5.9573383070866139
21
-3.6195048818897635
0
LINE
8
BLACK
6
CONTINUOUS
10
5.9573383070866139
20
-3.6195048818897635
11
5.9529482677165353
21
-3.6172680314960628
0
LINE
8
BLACK
6
CONTINUOUS
10
5.9529482677165353
20
-3.6172680314960628
11
5.9494642913385825
21
-3.61378405511811
0
LINE
8
BLACK
6
CONTINUOUS
10
5.9494642913385825
20
-3.61378405511811
11
5.9472274409448813
21
-3.6093940157480313
0
LINE
8
BLACK
6
CONTINUOUS
10
5.9472274409448813
20
-3.6093940157480313
11
5.9464566929133857
21
-3.604527598425197
0
LINE
8
BLACK
6
CONTINUOUS
10
5.9464566929133857
20
-3.604527598425197
11
5.9472274409448813
21
-3.5996611811023622
0
LINE
8
BLACK
6
CONTINUOUS
10
5.9472274409448813
20
-3.5996611811023622
11
5.9494642913385825
21
-3.5952711417322836
0
LINE
8
BLACK
6
CONTINUOUS
10
5.9494642913385825
20
-3.5952711417322836
11
5.9529482677165353
21
-3.5917871653543307
0
LINE
8
BLACK
6
CONTINUOUS
10
5.9529482677165353
20
-3.5917871653543307
11
5.9573383070866139
21
-3.58955031496063
0
LINE
8
BLACK
6
CONTINUOUS
10
5.9573383070866139
20
-3.58955031496063
11
5.9622047244094487
21
-3.5887795669291336
0
LINE
8
BLACK
6
CONTINUOUS
10
5.9622047244094487
20
-3.5887795669291336
11
5.9670711417322835
21
-3.58955031496063
0
CIRCLE
8
BLACK
10
5.9326771653543302
20
-3.7688976377952756
40
0.0068897637795276
0
CIRCLE
8
BLACK
10
5.6452755905511811
20
-3.9381889763779525
40
0.0068897637795276
0
CIRCLE
8
BLACK
10
5.6452755905511811
20
-3.7688976377952756
40
0.0068897637795276
0
CIRCLE
8
BLACK
10
6.8829904724409445
20
-3.9034662204724411
40
0.0078740157480315
0
CIRCLE
8
BLACK
10
6.8137795275590554
20
-3.6326771653543308
40
0.0078740157480315
0
CIRCLE
8
BLACK
10
6.8837795275590548
20
-3.9626771653543305
40
0.0078740157480315
0
CIRCLE
8
BLACK
10
6.9937795275590551
20
-3.6826771653543307
40
0.0078740157480315
0
CIRCLE
8
BLACK
10
6.9837795275590553
20
-3.9026771653543304
40
0.0078740157480315
0
CIRCLE
8
BLACK
10
6.8637795275590552
20
-3.6326771653543308
40
0.0078740157480315
0
CIRCLE
8
BLACK
10
6.9837795275590553
20
-3.9526771653543307
40
0.0078740157480315
0
CIRCLE
8
BLACK
10
6.953779527559055
20
-3.6826771653543307
40
0.0078740157480315
0
CIRCLE
8
BLACK
10
6.7537795275590549
20
-3.6326771653543308
40
0.0078740157480315
0
CIRCLE
8
BLACK
10
6.9037795275590552
20
-3.6826771653543307
40
0.0078740157480315
0
CIRCLE
8
BLACK
10
6.1944881889763774
20
-3.88503937007874
40
0.0078740157480315
0
CIRCLE
8
BLACK
10
6.4700787401574802
20
-4.1015748031496058
40
0.0078740157480315
0
CIRCLE
8
BLACK
10
6.6196850393700783
20
-3.9283464566929132
40
0.0078740157480315
0
CIRCLE
8
BLACK
10
6.22992125984252
20
-3.9723220472440945
40
0.0078740157480315
0
CIRCLE
8
BLACK
10
5.7062992125984247
20
-4.0543307086614169
40
0.0078740157480315
0
CIRCLE
8
BLACK
10
6.5921259842519682
20
-3.8181102362204724
40
0.0078740157480315
0
CIRCLE
8
BLACK
10
6.5251968503937006
20
-4.1015748031496058
40
0.0078740157480315
0
CIRCLE
8
BLACK
10
6.3165354330708663
20
-3.7372440944881888
40
0.0078740157480315
0
CIRCLE
8
BLACK
10
6.5566929133858265
20
-3.8072834251968501
40
0.0078740157480315
0
CIRCLE
8
BLACK
10
6.2771653543307089
20
-3.8811023622047243
40
0.0078740157480315
0
CIRCLE
8
BLACK
10
6.540446771653543
20
-3.771364251968504
40
0.0078740157480315
0
CIRCLE
8
BLACK
10
6.5842519685039367
20
-4.1015748031496058
40
0.0078740157480315
0
CIRCLE
8
BLACK
10
5.7653543307086617
20
-4.0543307086614169
40
0.0078740157480315
0
CIRCLE
8
BLACK
10
6.0212598425196848
20
-3.8062992125984252
40
0.0078740157480315
0
CIRCLE
8
BLACK
10
5.820472440944882
20
-4.0543307086614169
40
0.0078740157480315
0
CIRCLE
8
BLACK
10
6.1226492125984251
20
-3.7039370078740155
40
0.0078740157480315
0
CIRCLE
8
BLACK
10
5.65511811023622
20
-4.0543307086614169
40
0.0078740157480315
0
CIRCLE
8
BLACK
10
5.6433070866141728
20
-3.7078740157480312
40
0.0078740157480315
0
CIRCLE
8
BLACK
10
5.8362293307086617
20
-3.6518990157480316
40
0.0078740157480315
0
CIRCLE
8
BLACK
10
6.0685449212598428
20
-4.0504346850393702
40
0.0078740157480315
0
CIRCLE
8
BLACK
10
6.6590551181102358
20
-4.0622047244094484
40
0.0078740157480315
0
CIRCLE
8
BLACK
10
6.3007874015748033
20
-4.0503937007874011
40
0.0078740157480315
0
CIRCLE
8
BLACK
10
6.1944881889763774
20
-4.0492125196850397
40
0.0078740157480315
0
CIRCLE
8
BLACK
10
6.2338582677165357
20
-4.0937007874015743
40
0.0078740157480315
0
CIRCLE
8
BLACK
10
6.2023622047244089
20
-3.6527559055118108
40
0.0078740157480315
0
CIRCLE
8
BLACK
10
5.7692913385826774
20
-3.6094488188976377
40
0.0078740157480315
0
CIRCLE
8
BLACK
10
6.6367125984251967
20
-3.6918058267716534
40
0.0078740157480315
0
CIRCLE
8
BLACK
10
5.9740157480314959
20
-4.09763779527559
40
0.0078740157480315
0
CIRCLE
8
BLACK
10
6.5145493700787398
20
-3.8771648818897635
40
0.0078740157480315
0
CIRCLE
8
BLACK
10
5.9858267716535432
20
-3.7590551181102363
40
0.0078740157480315
0
CIRCLE
8
BLACK
10
6.3874015748031496
20
-3.8102362204724409
40
0.0078740157480315
0
CIRCLE
8
BLACK
10
6.4677165354330706
20
-3.6192909448818895
40
0.0078740157480315
0
CIRCLE
8
BLACK
10
6.4188976377952756
20
-3.9874015748031497
40
0.0078740157480315
0
CIRCLE
8
BLACK
10
6.0448818897637793
20
-3.9362204724409446
40
0.0078740157480315
0
CIRCLE
8
BLACK
10
5.9622047244094487
20
-3.604527598425197
40
0.0078740157480315
0
CIRCLE
8
BLACK
10
6.7496062992125987
20
-3.9519685039370076
40
0.0078740157480315
0
CIRCLE
8
BLACK
10
6.6393700787401571
20
-3.8653543307086613
40
0.0078740157480315
0
CIRCLE
8
BLACK
10
6.6038947244094484
20
-3.7236825984251967
40
0.0078740157480315
0
CIRCLE
8
BLACK
10
6.7496062992125987
20
-3.900787401574803
40
0.0078740157480315
0
CIRCLE
8
BLACK
10
6.5301574803149602
20
-3.6586614173228345
40
0.0078740157480315
0
CIRCLE
8
BLACK
10
6.336220472440945
20
-3.6326771653543308
40
0.0078740157480315
0
CIRCLE
8
BLACK
10
6.6393699606299208
20
-3.8102361023622047
40
0.0078740157480315
0
CIRCLE
8
BLACK
10
5.6787401574803145
20
-3.6566929133858266
40
0.0078740157480315
0
CIRCLE
8
BLACK
10
5.8795275590551181
20
-3.6566929527559053
40
0.0078740157480315
0
CIRCLE
8
BLACK
10
6.6354330708661413
20
-3.7590551181102363
40
0.0078740157480315
0
CIRCLE
8
BLACK
10
6.5212598425196848
20
-3.9322834645669289
40
0.0078740157480315
0
CIRCLE
8
BLACK
10
6.0842519685039367
20
-3.7236220472440946
40
0.0078740157480315
0
CIRCLE
8
BLACK
10
6.5696679133858265
20
-3.8869887401574803
40
0.0078740157480315
0
CIRCLE
8
BLACK
10
6.0786185039370073
20
-3.7691625590551179
40
0.0078740157480315
  0
ENDSEC
  0
EOF
