  0
SECTION
  2
HEADER
  9
$ANGBASE
  50
0.0
  9
$ANGDIR
  70
1
  9
$MEASUREMENT
  70
0
  0
ENDSEC
  0
SECTION
  2
TABLES
  0
TABLE
  2
LTYPE
  70
4
  0
LTYPE
  5
40F
  2
CONTINUOUS
  70
0
  3
Solid line
  72
65
  73
0
  40
0.0
  0
LTYPE
  5
410
  2
DASHDOT
 70
0
  3
Dash Dot ____ _ ____ _
 72
65
 73
4
 40
2.0
 49
1.25
 49
-0.25
 49
0.25
 49
-0.25
  0
LTYPE
  5
411
  2
DASHED
 70
0
  3
Dashed __ __ __ __ __
 72
65
 73
2
 40
0.75
 49
0.5
 49
-0.25
  0
LTYPE
  5
43B
  2
DOTTED
 70
0
  3
Dotted .  .  .  .
 72
65
 73
2
 40
0.2
 49
0.0
 49
-0.2
  0
ENDTAB
  0
TABLE
  2
STYLE
  70
4
  0
STYLE
  2
KICAD
  70
0
  40
0
  41
1
  42
1
  50
0
  71
0
  3
isocp.shx
  0
STYLE
  2
KICADB
  70
0
  40
0
  41
1
  42
1
  50
0
  71
0
  3
isocp.shx
  0
STYLE
  2
KICADI
  70
0
  40
0
  41
1
  42
1
  50
15
  71
0
  3
isocp.shx
  0
STYLE
  2
KICADBI
  70
0
  40
0
  41
1
  42
1
  50
15
  71
0
  3
isocp.shx
  0
ENDTAB
  0
TABLE
  2
LAYER
  70
1
  0
LAYER
  2
BLACK
  70
0
  62
7
  6
CONTINUOUS
  0
ENDTAB
  0
ENDSEC
  0
SECTION
  2
ENTITIES
0
LINE
8
BLACK
6
CONTINUOUS
10
6.2141095669291335
20
-3.8079451968503935
11
6.2141588582677167
21
-3.8079944881889762
0
LINE
8
BLACK
6
CONTINUOUS
10
6.2141588582677167
20
-3.8079944881889762
11
6.2154989763779529
21
-3.8082837401574801
0
LINE
8
BLACK
6
CONTINUOUS
10
6.2154989763779529
20
-3.8082837401574801
11
6.2157768110236216
21
-3.8084149606299214
0
LINE
8
BLACK
6
CONTINUOUS
10
6.2157768110236216
20
-3.8084149606299214
11
6.2157989370078734
21
-3.8084518503937006
0
LINE
8
BLACK
6
CONTINUOUS
10
6.2157989370078734
20
-3.8084518503937006
11
6.2163568897637793
21
-3.8086950787401572
0
LINE
8
BLACK
6
CONTINUOUS
10
6.2163568897637793
20
-3.8086950787401572
11
6.2163592913385823
21
-3.8086950787401572
0
LINE
8
BLACK
6
CONTINUOUS
10
6.2163592913385823
20
-3.8086950787401572
11
6.2163614566929128
21
-3.8086970472440944
0
LINE
8
BLACK
6
CONTINUOUS
10
6.2163614566929128
20
-3.8086970472440944
11
6.2164100787401573
21
-3.8087182677165354
0
LINE
8
BLACK
6
CONTINUOUS
10
6.2164100787401573
20
-3.8087182677165354
11
6.2166527952755901
21
-3.8089066141732282
0
LINE
8
BLACK
6
CONTINUOUS
10
6.2166527952755901
20
-3.8089066141732282
11
6.2166802362204727
21
-3.8089889763779525
0
LINE
8
BLACK
6
CONTINUOUS
10
6.2166802362204727
20
-3.8089889763779525
11
6.2173646456692913
21
-3.8096157086614171
0
LINE
8
BLACK
6
CONTINUOUS
10
6.2173646456692913
20
-3.8096157086614171
11
6.2173865354330706
21
-3.8096484645669291
0
LINE
8
BLACK
6
CONTINUOUS
10
6.2173865354330706
20
-3.8096484645669291
11
6.2174027559055114
21
-3.8096565748031495
0
LINE
8
BLACK
6
CONTINUOUS
10
6.2174027559055114
20
-3.8096565748031495
11
6.2174168503937004
21
-3.8096938582677167
0
LINE
8
BLACK
6
CONTINUOUS
10
6.2174168503937004
20
-3.8096938582677167
11
6.2175353543307086
21
-3.8098711417322835
0
LINE
8
BLACK
6
CONTINUOUS
10
6.2175353543307086
20
-3.8098711417322835
11
6.2175353543307086
21
-3.8100066929133858
0
LINE
8
BLACK
6
CONTINUOUS
10
6.2175353543307086
20
-3.8100066929133858
11
6.2179097637795273
21
-3.8109954724409447
0
LINE
8
BLACK
6
CONTINUOUS
10
6.2179097637795273
20
-3.8109954724409447
11
6.2179102755905511
21
-3.8109959842519685
0
LINE
8
BLACK
6
CONTINUOUS
10
6.2179102755905511
20
-3.8109959842519685
11
6.2179102755905511
21
-3.8109968110236219
0
LINE
8
BLACK
6
CONTINUOUS
10
6.2179102755905511
20
-3.8109968110236219
11
6.2179298031496062
21
-3.8110483464566927
0
LINE
8
BLACK
6
CONTINUOUS
10
6.2179298031496062
20
-3.8110483464566927
11
6.2179682283464563
21
-3.8113531496062993
0
LINE
8
BLACK
6
CONTINUOUS
10
6.2179682283464563
20
-3.8113531496062993
11
6.2179225984251971
21
-3.8114443307086612
0
LINE
8
BLACK
6
CONTINUOUS
10
6.2179225984251971
20
-3.8114443307086612
11
6.217970196850394
21
-3.813172086614173
0
LINE
8
BLACK
6
CONTINUOUS
10
6.217970196850394
20
-3.813172086614173
11
6.2179102755905511
21
-3.8134734251968503
0
LINE
8
BLACK
6
CONTINUOUS
10
6.2179102755905511
20
-3.8134734251968503
11
6.2174841338582674
21
-3.8138995669291336
0
LINE
8
BLACK
6
CONTINUOUS
10
6.2174841338582674
20
-3.8138995669291336
11
6.209308779527559
21
-3.8139594881889765
0
LINE
8
BLACK
6
CONTINUOUS
10
6.209308779527559
20
-3.8139594881889765
11
6.2090074409448821
21
-3.8138995669291336
0
LINE
8
BLACK
6
CONTINUOUS
10
6.2090074409448821
20
-3.8138995669291336
11
6.2085812992125984
21
-3.8134734251968503
0
LINE
8
BLACK
6
CONTINUOUS
10
6.2085812992125984
20
-3.8134734251968503
11
6.2085213779527555
21
-3.8112973228346454
0
LINE
8
BLACK
6
CONTINUOUS
10
6.2085213779527555
20
-3.8112973228346454
11
6.2085812992125984
21
-3.8109959842519685
0
LINE
8
BLACK
6
CONTINUOUS
10
6.2085812992125984
20
-3.8109959842519685
11
6.2086450393700785
21
-3.8109322047244092
0
LINE
8
BLACK
6
CONTINUOUS
10
6.2086450393700785
20
-3.8109322047244092
11
6.2089367716535433
21
-3.8099234645669289
0
LINE
8
BLACK
6
CONTINUOUS
10
6.2089367716535433
20
-3.8099234645669289
11
6.2089562598425196
21
-3.8098892519685039
0
LINE
8
BLACK
6
CONTINUOUS
10
6.2089562598425196
20
-3.8098892519685039
11
6.2089562598425196
21
-3.8098711417322835
0
LINE
8
BLACK
6
CONTINUOUS
10
6.2089562598425196
20
-3.8098711417322835
11
6.2089835826771651
21
-3.8098412598425195
0
LINE
8
BLACK
6
CONTINUOUS
10
6.2089835826771651
20
-3.8098412598425195
11
6.2090888976377947
21
-3.8096565354330707
0
LINE
8
BLACK
6
CONTINUOUS
10
6.2090888976377947
20
-3.8096565354330707
11
6.2092067322834641
21
-3.8095975984251966
0
LINE
8
BLACK
6
CONTINUOUS
10
6.2092067322834641
20
-3.8095975984251966
11
6.2098384251968506
21
-3.8089077559055116
0
LINE
8
BLACK
6
CONTINUOUS
10
6.2098384251968506
20
-3.8089077559055116
11
6.2098388188976372
21
-3.8089066141732282
0
LINE
8
BLACK
6
CONTINUOUS
10
6.2098388188976372
20
-3.8089066141732282
11
6.2098402362204723
21
-3.8089057874015748
0
LINE
8
BLACK
6
CONTINUOUS
10
6.2098402362204723
20
-3.8089057874015748
11
6.2098768897637795
21
-3.8088657874015746
0
LINE
8
BLACK
6
CONTINUOUS
10
6.2098768897637795
20
-3.8088657874015746
11
6.2101323228346459
21
-3.8086950787401572
0
LINE
8
BLACK
6
CONTINUOUS
10
6.2101323228346459
20
-3.8086950787401572
11
6.2102115748031492
21
-3.8086950787401572
0
LINE
8
BLACK
6
CONTINUOUS
10
6.2102115748031492
20
-3.8086950787401572
11
6.2108314173228347
21
-3.8083433464566929
0
LINE
8
BLACK
6
CONTINUOUS
10
6.2108314173228347
20
-3.8083433464566929
11
6.2111277559055118
21
-3.8082622047244095
0
LINE
8
BLACK
6
CONTINUOUS
10
6.2111277559055118
20
-3.8082622047244095
11
6.2111846062992129
21
-3.8082811417322833
0
LINE
8
BLACK
6
CONTINUOUS
10
6.2111846062992129
20
-3.8082811417322833
11
6.2124924015748029
21
-3.8079087795275588
0
LINE
8
BLACK
6
CONTINUOUS
10
6.2124924015748029
20
-3.8079087795275588
11
6.2127992519685034
21
-3.8078938188976377
0
LINE
8
BLACK
6
CONTINUOUS
10
6.2127992519685034
20
-3.8078938188976377
11
6.2128519685039372
21
-3.8079254330708658
0
LINE
8
BLACK
6
CONTINUOUS
10
6.2128519685039372
20
-3.8079254330708658
11
6.2138082283464566
21
-3.807885275590551
0
LINE
8
BLACK
6
CONTINUOUS
10
6.2138082283464566
20
-3.807885275590551
11
6.2141095669291335
21
-3.8079451968503935
0
LINE
8
BLACK
6
CONTINUOUS
10
6.2126833858267716
20
-3.8094600787401576
11
6.2126394488188978
21
-3.8094513385826771
0
LINE
8
BLACK
6
CONTINUOUS
10
6.2126394488188978
20
-3.8094513385826771
11
6.2113745275590553
21
-3.8098115354330706
0
LINE
8
BLACK
6
CONTINUOUS
10
6.2113745275590553
20
-3.8098115354330706
11
6.2113383070866144
21
-3.8098132677165353
0
LINE
8
BLACK
6
CONTINUOUS
10
6.2113383070866144
20
-3.8098132677165353
11
6.2107990157480311
21
-3.8101193307086612
0
LINE
8
BLACK
6
CONTINUOUS
10
6.2107990157480311
20
-3.8101193307086612
11
6.2103157874015746
21
-3.8106470078740156
0
LINE
8
BLACK
6
CONTINUOUS
10
6.2103157874015746
20
-3.8106470078740156
11
6.2100557874015747
21
-3.8115463385826769
0
LINE
8
BLACK
6
CONTINUOUS
10
6.2100557874015747
20
-3.8115463385826769
11
6.2100516141732278
21
-3.8115536220472439
0
LINE
8
BLACK
6
CONTINUOUS
10
6.2100516141732278
20
-3.8115536220472439
11
6.2100759055118111
21
-3.8124367716535432
0
LINE
8
BLACK
6
CONTINUOUS
10
6.2100759055118111
20
-3.8124367716535432
11
6.2164254724409451
21
-3.8123901968503935
0
LINE
8
BLACK
6
CONTINUOUS
10
6.2164254724409451
20
-3.8123901968503935
11
6.2163955905511807
21
-3.8113053937007875
0
LINE
8
BLACK
6
CONTINUOUS
10
6.2163955905511807
20
-3.8113053937007875
11
6.2161016535433067
21
-3.8105292125984249
0
LINE
8
BLACK
6
CONTINUOUS
10
6.2161016535433067
20
-3.8105292125984249
11
6.2155225984251965
21
-3.8099989370078737
0
LINE
8
BLACK
6
CONTINUOUS
10
6.2155225984251965
20
-3.8099989370078737
11
6.2149559055118111
21
-3.8097519291338582
0
LINE
8
BLACK
6
CONTINUOUS
10
6.2149559055118111
20
-3.8097519291338582
11
6.2149087007874018
21
-3.809715275590551
0
LINE
8
BLACK
6
CONTINUOUS
10
6.2149087007874018
20
-3.809715275590551
11
6.2136172440944879
21
-3.8094365748031493
0
LINE
8
BLACK
6
CONTINUOUS
10
6.2136172440944879
20
-3.8094365748031493
11
6.2135866535433069
21
-3.809422125984252
0
LINE
8
BLACK
6
CONTINUOUS
10
6.2135866535433069
20
-3.809422125984252
11
6.2126833858267716
21
-3.8094600787401576
0
LINE
8
BLACK
6
CONTINUOUS
10
6.2099850787401571
20
-3.8041956692913383
11
6.2099851181102359
21
-3.8041956692913383
0
LINE
8
BLACK
6
CONTINUOUS
10
6.2099851181102359
20
-3.8041956692913383
11
6.2099853149606297
21
-3.8041958661417321
0
LINE
8
BLACK
6
CONTINUOUS
10
6.2099853149606297
20
-3.8041958661417321
11
6.2106154330708661
21
-3.8047412598425194
0
LINE
8
BLACK
6
CONTINUOUS
10
6.2106154330708661
20
-3.8047412598425194
11
6.2107861811023621
21
-3.8049966929133858
0
LINE
8
BLACK
6
CONTINUOUS
10
6.2107861811023621
20
-3.8049966929133858
11
6.2107861811023621
21
-3.8049967322834646
0
LINE
8
BLACK
6
CONTINUOUS
10
6.2107861811023621
20
-3.8049967322834646
11
6.2107861811023621
21
-3.8055994094488188
0
LINE
8
BLACK
6
CONTINUOUS
10
6.2107861811023621
20
-3.8055994094488188
11
6.2102405118110235
21
-3.806229803149606
0
LINE
8
BLACK
6
CONTINUOUS
10
6.2102405118110235
20
-3.806229803149606
11
6.2099850787401571
21
-3.8064005118110233
0
LINE
8
BLACK
6
CONTINUOUS
10
6.2099850787401571
20
-3.8064005118110233
11
6.2093824015748034
21
-3.8064005118110233
0
LINE
8
BLACK
6
CONTINUOUS
10
6.2093824015748034
20
-3.8064005118110233
11
6.2087520078740157
21
-3.8058548425196848
0
LINE
8
BLACK
6
CONTINUOUS
10
6.2087520078740157
20
-3.8058548425196848
11
6.2085812992125984
21
-3.8055994094488188
0
LINE
8
BLACK
6
CONTINUOUS
10
6.2085812992125984
20
-3.8055994094488188
11
6.2085812598425196
21
-3.8055993700787401
0
LINE
8
BLACK
6
CONTINUOUS
10
6.2085812598425196
20
-3.8055993700787401
11
6.2085812992125984
21
-3.8049966929133858
0
LINE
8
BLACK
6
CONTINUOUS
10
6.2085812992125984
20
-3.8049966929133858
11
6.209126968503937
21
-3.8043663385826769
0
LINE
8
BLACK
6
CONTINUOUS
10
6.209126968503937
20
-3.8043663385826769
11
6.2093821653543309
21
-3.8041958267716534
0
LINE
8
BLACK
6
CONTINUOUS
10
6.2093821653543309
20
-3.8041958267716534
11
6.2093823622047246
21
-3.8041956692913383
0
LINE
8
BLACK
6
CONTINUOUS
10
6.2093823622047246
20
-3.8041956692913383
11
6.2099850393700784
21
-3.8041956299212596
0
LINE
8
BLACK
6
CONTINUOUS
10
6.2099850393700784
20
-3.8041956299212596
11
6.2099850787401571
21
-3.8041956692913383
0
LINE
8
BLACK
6
CONTINUOUS
10
6.2174841338582674
20
-3.8045705905511809
11
6.2179102755905511
21
-3.8049967322834646
0
LINE
8
BLACK
6
CONTINUOUS
10
6.2179102755905511
20
-3.8049967322834646
11
6.2179102755905511
21
-3.8055994094488188
0
LINE
8
BLACK
6
CONTINUOUS
10
6.2179102755905511
20
-3.8055994094488188
11
6.2174841338582674
21
-3.8060255511811021
0
LINE
8
BLACK
6
CONTINUOUS
10
6.2174841338582674
20
-3.8060255511811021
11
6.2119334645669291
21
-3.806085472440945
0
LINE
8
BLACK
6
CONTINUOUS
10
6.2119334645669291
20
-3.806085472440945
11
6.2116321259842522
21
-3.8060255511811021
0
LINE
8
BLACK
6
CONTINUOUS
10
6.2116321259842522
20
-3.8060255511811021
11
6.2112059842519685
21
-3.8055994094488188
0
LINE
8
BLACK
6
CONTINUOUS
10
6.2112059842519685
20
-3.8055994094488188
11
6.2112059842519685
21
-3.8049967322834646
0
LINE
8
BLACK
6
CONTINUOUS
10
6.2112059842519685
20
-3.8049967322834646
11
6.2116321259842522
21
-3.8045705905511809
0
LINE
8
BLACK
6
CONTINUOUS
10
6.2116321259842522
20
-3.8045705905511809
11
6.2171827952755905
21
-3.8045106692913384
0
LINE
8
BLACK
6
CONTINUOUS
10
6.2171827952755905
20
-3.8045106692913384
11
6.2174841338582674
21
-3.8045705905511809
0
LINE
8
BLACK
6
CONTINUOUS
10
6.2225972047244094
20
-3.7986225196850394
11
6.2225972047244094
21
-3.7992251968503936
0
LINE
8
BLACK
6
CONTINUOUS
10
6.2225972047244094
20
-3.7992251968503936
11
6.2221288976377949
21
-3.799766181102362
0
LINE
8
BLACK
6
CONTINUOUS
10
6.2221288976377949
20
-3.799766181102362
11
6.2218766929133853
21
-3.8006384645669291
0
LINE
8
BLACK
6
CONTINUOUS
10
6.2218766929133853
20
-3.8006384645669291
11
6.2219066929133859
21
-3.8011647244094489
0
LINE
8
BLACK
6
CONTINUOUS
10
6.2219066929133859
20
-3.8011647244094489
11
6.22220094488189
21
-3.8019416535433068
0
LINE
8
BLACK
6
CONTINUOUS
10
6.22220094488189
20
-3.8019416535433068
11
6.222780039370079
21
-3.802471929133858
0
LINE
8
BLACK
6
CONTINUOUS
10
6.222780039370079
20
-3.802471929133858
11
6.2233466929133856
21
-3.8027189763779528
0
LINE
8
BLACK
6
CONTINUOUS
10
6.2233466929133856
20
-3.8027189763779528
11
6.2233938976377949
21
-3.8027555905511812
0
LINE
8
BLACK
6
CONTINUOUS
10
6.2233938976377949
20
-3.8027555905511812
11
6.2246853543307088
21
-3.8030343307086611
0
LINE
8
BLACK
6
CONTINUOUS
10
6.2246853543307088
20
-3.8030343307086611
11
6.2247159448818898
21
-3.8030487401574802
0
LINE
8
BLACK
6
CONTINUOUS
10
6.2247159448818898
20
-3.8030487401574802
11
6.2256192519685039
21
-3.8030108267716534
0
LINE
8
BLACK
6
CONTINUOUS
10
6.2256192519685039
20
-3.8030108267716534
11
6.2256631496062989
21
-3.803019527559055
0
LINE
8
BLACK
6
CONTINUOUS
10
6.2256631496062989
20
-3.803019527559055
11
6.2269280708661414
21
-3.8026593700787399
0
LINE
8
BLACK
6
CONTINUOUS
10
6.2269280708661414
20
-3.8026593700787399
11
6.2269642913385823
21
-3.8026575984251969
0
LINE
8
BLACK
6
CONTINUOUS
10
6.2269642913385823
20
-3.8026575984251969
11
6.2275035433070869
21
-3.8023515748031493
0
LINE
8
BLACK
6
CONTINUOUS
10
6.2275035433070869
20
-3.8023515748031493
11
6.2279867716535433
21
-3.8018238976377954
0
LINE
8
BLACK
6
CONTINUOUS
10
6.2279867716535433
20
-3.8018238976377954
11
6.228236889763779
21
-3.800958779527559
0
LINE
8
BLACK
6
CONTINUOUS
10
6.228236889763779
20
-3.800958779527559
11
6.2282068897637792
21
-3.8004324803149605
0
LINE
8
BLACK
6
CONTINUOUS
10
6.2282068897637792
20
-3.8004324803149605
11
6.2279240944881886
21
-3.7996857086614173
0
LINE
8
BLACK
6
CONTINUOUS
10
6.2279240944881886
20
-3.7996857086614173
11
6.2276871653543306
21
-3.7994806299212596
0
LINE
8
BLACK
6
CONTINUOUS
10
6.2276871653543306
20
-3.7994806299212596
11
6.2275164566929133
21
-3.7992251968503936
0
LINE
8
BLACK
6
CONTINUOUS
10
6.2275164566929133
20
-3.7992251968503936
11
6.2275164566929133
21
-3.7986225196850394
0
LINE
8
BLACK
6
CONTINUOUS
10
6.2275164566929133
20
-3.7986225196850394
11
6.227942598425197
21
-3.7981963779527557
0
LINE
8
BLACK
6
CONTINUOUS
10
6.227942598425197
20
-3.7981963779527557
11
6.2285452755905508
21
-3.7981963779527557
0
LINE
8
BLACK
6
CONTINUOUS
10
6.2285452755905508
20
-3.7981963779527557
11
6.2291756692913385
21
-3.7987420472440943
0
LINE
8
BLACK
6
CONTINUOUS
10
6.2291756692913385
20
-3.7987420472440943
11
6.2291975590551178
21
-3.7987748031496062
0
LINE
8
BLACK
6
CONTINUOUS
10
6.2291975590551178
20
-3.7987748031496062
11
6.2292137795275586
21
-3.7987829133858266
0
LINE
8
BLACK
6
CONTINUOUS
10
6.2292137795275586
20
-3.7987829133858266
11
6.2292278740157476
21
-3.7988201968503934
0
LINE
8
BLACK
6
CONTINUOUS
10
6.2292278740157476
20
-3.7988201968503934
11
6.2293463779527558
21
-3.7989974803149607
0
LINE
8
BLACK
6
CONTINUOUS
10
6.2293463779527558
20
-3.7989974803149607
11
6.2293463779527558
21
-3.799133031496063
0
LINE
8
BLACK
6
CONTINUOUS
10
6.2293463779527558
20
-3.799133031496063
11
6.2297207874015745
21
-3.8001218110236219
0
LINE
8
BLACK
6
CONTINUOUS
10
6.2297207874015745
20
-3.8001218110236219
11
6.2297212992125983
21
-3.8001223228346457
0
LINE
8
BLACK
6
CONTINUOUS
10
6.2297212992125983
20
-3.8001223228346457
11
6.2297213385826771
21
-3.8001232283464565
0
LINE
8
BLACK
6
CONTINUOUS
10
6.2297213385826771
20
-3.8001232283464565
11
6.2297408267716534
21
-3.8001746850393698
0
LINE
8
BLACK
6
CONTINUOUS
10
6.2297408267716534
20
-3.8001746850393698
11
6.2297792519685036
21
-3.8004794881889761
0
LINE
8
BLACK
6
CONTINUOUS
10
6.2297792519685036
20
-3.8004794881889761
11
6.2297454724409445
21
-3.8005469685039368
0
LINE
8
BLACK
6
CONTINUOUS
10
6.2297454724409445
20
-3.8005469685039368
11
6.2297778740157481
21
-3.8011149999999998
0
LINE
8
BLACK
6
CONTINUOUS
10
6.2297778740157481
20
-3.8011149999999998
11
6.2297792519685036
21
-3.8011177559055116
0
LINE
8
BLACK
6
CONTINUOUS
10
6.2297792519685036
20
-3.8011177559055116
11
6.2297782283464569
21
-3.8011212598425197
0
LINE
8
BLACK
6
CONTINUOUS
10
6.2297782283464569
20
-3.8011212598425197
11
6.2297812204724412
21
-3.8011735826771651
0
LINE
8
BLACK
6
CONTINUOUS
10
6.2297812204724412
20
-3.8011735826771651
11
6.2297212992125983
21
-3.8014749212598424
0
LINE
8
BLACK
6
CONTINUOUS
10
6.2297212992125983
20
-3.8014749212598424
11
6.2296575196850394
21
-3.8015386614173226
0
LINE
8
BLACK
6
CONTINUOUS
10
6.2296575196850394
20
-3.8015386614173226
11
6.2293659055118109
21
-3.8025474015748029
0
LINE
8
BLACK
6
CONTINUOUS
10
6.2293659055118109
20
-3.8025474015748029
11
6.2293463779527558
21
-3.802581653543307
0
LINE
8
BLACK
6
CONTINUOUS
10
6.2293463779527558
20
-3.802581653543307
11
6.2293463779527558
21
-3.8025997637795275
0
LINE
8
BLACK
6
CONTINUOUS
10
6.2293463779527558
20
-3.8025997637795275
11
6.2293190551181103
21
-3.8026295669291339
0
LINE
8
BLACK
6
CONTINUOUS
10
6.2293190551181103
20
-3.8026295669291339
11
6.2292137795275586
21
-3.8028143307086615
0
LINE
8
BLACK
6
CONTINUOUS
10
6.2292137795275586
20
-3.8028143307086615
11
6.2290959055118105
21
-3.8028732283464568
0
LINE
8
BLACK
6
CONTINUOUS
10
6.2290959055118105
20
-3.8028732283464568
11
6.2284641732283461
21
-3.8035631102362202
0
LINE
8
BLACK
6
CONTINUOUS
10
6.2284641732283461
20
-3.8035631102362202
11
6.2284638188976373
21
-3.8035642913385828
0
LINE
8
BLACK
6
CONTINUOUS
10
6.2284638188976373
20
-3.8035642913385828
11
6.2284623622047244
21
-3.8035650787401574
0
LINE
8
BLACK
6
CONTINUOUS
10
6.2284623622047244
20
-3.8035650787401574
11
6.228425748031496
21
-3.8036051181102359
0
LINE
8
BLACK
6
CONTINUOUS
10
6.228425748031496
20
-3.8036051181102359
11
6.2281703149606296
21
-3.8037758267716533
0
LINE
8
BLACK
6
CONTINUOUS
10
6.2281703149606296
20
-3.8037758267716533
11
6.2280910236220475
21
-3.8037758267716533
0
LINE
8
BLACK
6
CONTINUOUS
10
6.2280910236220475
20
-3.8037758267716533
11
6.227471181102362
21
-3.804127559055118
0
LINE
8
BLACK
6
CONTINUOUS
10
6.227471181102362
20
-3.804127559055118
11
6.2271748425196849
21
-3.8042087007874015
0
LINE
8
BLACK
6
CONTINUOUS
10
6.2271748425196849
20
-3.8042087007874015
11
6.2271179527559051
21
-3.8041897244094489
0
LINE
8
BLACK
6
CONTINUOUS
10
6.2271179527559051
20
-3.8041897244094489
11
6.2258102362204726
21
-3.8045621259842517
0
LINE
8
BLACK
6
CONTINUOUS
10
6.2258102362204726
20
-3.8045621259842517
11
6.2255033464566925
21
-3.8045770866141733
0
LINE
8
BLACK
6
CONTINUOUS
10
6.2255033464566925
20
-3.8045770866141733
11
6.2254505905511808
21
-3.8045454330708659
0
LINE
8
BLACK
6
CONTINUOUS
10
6.2254505905511808
20
-3.8045454330708659
11
6.2244944094488188
21
-3.8045856299212599
0
LINE
8
BLACK
6
CONTINUOUS
10
6.2244944094488188
20
-3.8045856299212599
11
6.2241930708661419
21
-3.804525708661417
0
LINE
8
BLACK
6
CONTINUOUS
10
6.2241930708661419
20
-3.804525708661417
11
6.22414374015748
21
-3.8044763779527559
0
LINE
8
BLACK
6
CONTINUOUS
10
6.22414374015748
20
-3.8044763779527559
11
6.222803582677165
21
-3.8041871653543304
0
LINE
8
BLACK
6
CONTINUOUS
10
6.222803582677165
20
-3.8041871653543304
11
6.2225257874015742
21
-3.8040559448818896
0
LINE
8
BLACK
6
CONTINUOUS
10
6.2225257874015742
20
-3.8040559448818896
11
6.2225036220472436
21
-3.8040189763779528
0
LINE
8
BLACK
6
CONTINUOUS
10
6.2225036220472436
20
-3.8040189763779528
11
6.2219457480314961
21
-3.8037758267716533
0
LINE
8
BLACK
6
CONTINUOUS
10
6.2219457480314961
20
-3.8037758267716533
11
6.2219433464566931
21
-3.8037758267716533
0
LINE
8
BLACK
6
CONTINUOUS
10
6.2219433464566931
20
-3.8037758267716533
11
6.221941141732283
21
-3.8037738188976378
0
LINE
8
BLACK
6
CONTINUOUS
10
6.221941141732283
20
-3.8037738188976378
11
6.2218925590551182
21
-3.8037526377952755
0
LINE
8
BLACK
6
CONTINUOUS
10
6.2218925590551182
20
-3.8037526377952755
11
6.2216498425196853
21
-3.8035642913385828
0
LINE
8
BLACK
6
CONTINUOUS
10
6.2216498425196853
20
-3.8035642913385828
11
6.221622362204724
21
-3.8034818897637797
0
LINE
8
BLACK
6
CONTINUOUS
10
6.221622362204724
20
-3.8034818897637797
11
6.2209379921259842
21
-3.8028551968503934
0
LINE
8
BLACK
6
CONTINUOUS
10
6.2209379921259842
20
-3.8028551968503934
11
6.2209161023622048
21
-3.8028224409448819
0
LINE
8
BLACK
6
CONTINUOUS
10
6.2209161023622048
20
-3.8028224409448819
11
6.2208999212598428
21
-3.8028143700787402
0
LINE
8
BLACK
6
CONTINUOUS
10
6.2208999212598428
20
-3.8028143700787402
11
6.2208857874015751
21
-3.802777086614173
0
LINE
8
BLACK
6
CONTINUOUS
10
6.2208857874015751
20
-3.802777086614173
11
6.2207672834645669
21
-3.8025997637795275
0
LINE
8
BLACK
6
CONTINUOUS
10
6.2207672834645669
20
-3.8025997637795275
11
6.2207672834645669
21
-3.8024641338582676
0
LINE
8
BLACK
6
CONTINUOUS
10
6.2207672834645669
20
-3.8024641338582676
11
6.2203927559055119
21
-3.8014753543307087
0
LINE
8
BLACK
6
CONTINUOUS
10
6.2203927559055119
20
-3.8014753543307087
11
6.2203923228346456
21
-3.8014749212598424
0
LINE
8
BLACK
6
CONTINUOUS
10
6.2203923228346456
20
-3.8014749212598424
11
6.2203922440944881
21
-3.8014740157480316
0
LINE
8
BLACK
6
CONTINUOUS
10
6.2203922440944881
20
-3.8014740157480316
11
6.2203727952755905
21
-3.8014225984251966
0
LINE
8
BLACK
6
CONTINUOUS
10
6.2203727952755905
20
-3.8014225984251966
11
6.2203343700787403
21
-3.8011177559055116
0
LINE
8
BLACK
6
CONTINUOUS
10
6.2203343700787403
20
-3.8011177559055116
11
6.2203681102362207
21
-3.8010502362204726
0
LINE
8
BLACK
6
CONTINUOUS
10
6.2203681102362207
20
-3.8010502362204726
11
6.2203357086614171
21
-3.8004822047244096
0
LINE
8
BLACK
6
CONTINUOUS
10
6.2203357086614171
20
-3.8004822047244096
11
6.2203343700787403
21
-3.8004794881889761
0
LINE
8
BLACK
6
CONTINUOUS
10
6.2203343700787403
20
-3.8004794881889761
11
6.2203353543307083
21
-3.8004759448818897
0
LINE
8
BLACK
6
CONTINUOUS
10
6.2203353543307083
20
-3.8004759448818897
11
6.2203324015748027
21
-3.8004236614173226
0
LINE
8
BLACK
6
CONTINUOUS
10
6.2203324015748027
20
-3.8004236614173226
11
6.2203923228346456
21
-3.8001223228346457
0
LINE
8
BLACK
6
CONTINUOUS
10
6.2203923228346456
20
-3.8001223228346457
11
6.2204560629921257
21
-3.8000585433070864
0
LINE
8
BLACK
6
CONTINUOUS
10
6.2204560629921257
20
-3.8000585433070864
11
6.2207477952755905
21
-3.7990498031496061
0
LINE
8
BLACK
6
CONTINUOUS
10
6.2207477952755905
20
-3.7990498031496061
11
6.2207672834645669
21
-3.7990155905511811
0
LINE
8
BLACK
6
CONTINUOUS
10
6.2207672834645669
20
-3.7990155905511811
11
6.2207672834645669
21
-3.7989974803149607
0
LINE
8
BLACK
6
CONTINUOUS
10
6.2207672834645669
20
-3.7989974803149607
11
6.2207975196850391
21
-3.7989625196850394
0
LINE
8
BLACK
6
CONTINUOUS
10
6.2207975196850391
20
-3.7989625196850394
11
6.2208999212598428
21
-3.7987828740157479
0
LINE
8
BLACK
6
CONTINUOUS
10
6.2208999212598428
20
-3.7987828740157479
11
6.2209935826771652
21
-3.7987360236220473
0
LINE
8
BLACK
6
CONTINUOUS
10
6.2209935826771652
20
-3.7987360236220473
11
6.2213129527559055
21
-3.798367086614173
0
LINE
8
BLACK
6
CONTINUOUS
10
6.2213129527559055
20
-3.798367086614173
11
6.2215683858267719
21
-3.7981963779527557
0
LINE
8
BLACK
6
CONTINUOUS
10
6.2215683858267719
20
-3.7981963779527557
11
6.2221710629921256
21
-3.7981963779527557
0
LINE
8
BLACK
6
CONTINUOUS
10
6.2221710629921256
20
-3.7981963779527557
11
6.2225972047244094
21
-3.7986225196850394
0
LINE
8
BLACK
6
CONTINUOUS
10
6.2037046062992127
20
-3.7966965748031494
11
6.2037810629921255
21
-3.796773031496063
0
LINE
8
BLACK
6
CONTINUOUS
10
6.2037810629921255
20
-3.796773031496063
11
6.2038853937007872
21
-3.7968014960629919
0
LINE
8
BLACK
6
CONTINUOUS
10
6.2038853937007872
20
-3.7968014960629919
11
6.2039865354330708
21
-3.7969785039370079
0
LINE
8
BLACK
6
CONTINUOUS
10
6.2039865354330708
20
-3.7969785039370079
11
6.2041307480314956
21
-3.7971227165354331
0
LINE
8
BLACK
6
CONTINUOUS
10
6.2041307480314956
20
-3.7971227165354331
11
6.2041307480314956
21
-3.7972308267716532
0
LINE
8
BLACK
6
CONTINUOUS
10
6.2041307480314956
20
-3.7972308267716532
11
6.2041844094488185
21
-3.7973247637795273
0
LINE
8
BLACK
6
CONTINUOUS
10
6.2041844094488185
20
-3.7973247637795273
11
6.2041307480314956
21
-3.7975214960629922
0
LINE
8
BLACK
6
CONTINUOUS
10
6.2041307480314956
20
-3.7975214960629922
11
6.2041307480314956
21
-3.7977253937007873
0
LINE
8
BLACK
6
CONTINUOUS
10
6.2041307480314956
20
-3.7977253937007873
11
6.204054251968504
21
-3.7978018503937006
0
LINE
8
BLACK
6
CONTINUOUS
10
6.204054251968504
20
-3.7978018503937006
11
6.2040258267716535
21
-3.7979061811023622
0
LINE
8
BLACK
6
CONTINUOUS
10
6.2040258267716535
20
-3.7979061811023622
11
6.2038451968503932
21
-3.798010905511811
0
LINE
8
BLACK
6
CONTINUOUS
10
6.2038451968503932
20
-3.798010905511811
11
6.2037046062992127
21
-3.7981515354330706
0
LINE
8
BLACK
6
CONTINUOUS
10
6.2037046062992127
20
-3.7981515354330706
11
6.2036014173228349
21
-3.7981522834645669
0
LINE
8
BLACK
6
CONTINUOUS
10
6.2036014173228349
20
-3.7981522834645669
11
6.1983931496062992
21
-3.8011727559055117
0
LINE
8
BLACK
6
CONTINUOUS
10
6.1983931496062992
20
-3.8011727559055117
11
6.2034032677165349
21
-3.8011360629921258
0
LINE
8
BLACK
6
CONTINUOUS
10
6.2034032677165349
20
-3.8011360629921258
11
6.2037046062992127
21
-3.8011959842519683
0
LINE
8
BLACK
6
CONTINUOUS
10
6.2037046062992127
20
-3.8011959842519683
11
6.2041307480314956
21
-3.801622125984252
0
LINE
8
BLACK
6
CONTINUOUS
10
6.2041307480314956
20
-3.801622125984252
11
6.2041307480314956
21
-3.8022248031496062
0
LINE
8
BLACK
6
CONTINUOUS
10
6.2041307480314956
20
-3.8022248031496062
11
6.2037046062992127
21
-3.8026509448818895
0
LINE
8
BLACK
6
CONTINUOUS
10
6.2037046062992127
20
-3.8026509448818895
11
6.1955292519685035
21
-3.8027108661417324
0
LINE
8
BLACK
6
CONTINUOUS
10
6.1955292519685035
20
-3.8027108661417324
11
6.1952279133858266
21
-3.8026509448818895
0
LINE
8
BLACK
6
CONTINUOUS
10
6.1952279133858266
20
-3.8026509448818895
11
6.1951514173228341
21
-3.8025744488188975
0
LINE
8
BLACK
6
CONTINUOUS
10
6.1951514173228341
20
-3.8025744488188975
11
6.1950471259842521
21
-3.802546023622047
0
LINE
8
BLACK
6
CONTINUOUS
10
6.1950471259842521
20
-3.802546023622047
11
6.1949459448818898
21
-3.8023689763779527
0
LINE
8
BLACK
6
CONTINUOUS
10
6.1949459448818898
20
-3.8023689763779527
11
6.1948017716535428
21
-3.8022248031496062
0
LINE
8
BLACK
6
CONTINUOUS
10
6.1948017716535428
20
-3.8022248031496062
11
6.1948017716535428
21
-3.8021166535433069
0
LINE
8
BLACK
6
CONTINUOUS
10
6.1948017716535428
20
-3.8021166535433069
11
6.1947481102362207
21
-3.8020227559055115
0
LINE
8
BLACK
6
CONTINUOUS
10
6.1947481102362207
20
-3.8020227559055115
11
6.1948017716535428
21
-3.8018259842519684
0
LINE
8
BLACK
6
CONTINUOUS
10
6.1948017716535428
20
-3.8018259842519684
11
6.1948017716535428
21
-3.801622125984252
0
LINE
8
BLACK
6
CONTINUOUS
10
6.1948017716535428
20
-3.801622125984252
11
6.1948782283464565
21
-3.8015456299212596
0
LINE
8
BLACK
6
CONTINUOUS
10
6.1948782283464565
20
-3.8015456299212596
11
6.1949066929133858
21
-3.8014413385826771
0
LINE
8
BLACK
6
CONTINUOUS
10
6.1949066929133858
20
-3.8014413385826771
11
6.1950872834645665
21
-3.8013365748031496
0
LINE
8
BLACK
6
CONTINUOUS
10
6.1950872834645665
20
-3.8013365748031496
11
6.1952279133858266
21
-3.8011959842519683
0
LINE
8
BLACK
6
CONTINUOUS
10
6.1952279133858266
20
-3.8011959842519683
11
6.1953310629921257
21
-3.8011951968503936
0
LINE
8
BLACK
6
CONTINUOUS
10
6.1953310629921257
20
-3.8011951968503936
11
6.2005393307086614
21
-3.7981747244094488
0
LINE
8
BLACK
6
CONTINUOUS
10
6.2005393307086614
20
-3.7981747244094488
11
6.1955292519685035
21
-3.7982114566929135
0
LINE
8
BLACK
6
CONTINUOUS
10
6.1955292519685035
20
-3.7982114566929135
11
6.1952279133858266
21
-3.7981515354330706
0
LINE
8
BLACK
6
CONTINUOUS
10
6.1952279133858266
20
-3.7981515354330706
11
6.1948017716535428
21
-3.7977253937007873
0
LINE
8
BLACK
6
CONTINUOUS
10
6.1948017716535428
20
-3.7977253937007873
11
6.1948017716535428
21
-3.7971227165354331
0
LINE
8
BLACK
6
CONTINUOUS
10
6.1948017716535428
20
-3.7971227165354331
11
6.1952279133858266
21
-3.7966965748031494
0
LINE
8
BLACK
6
CONTINUOUS
10
6.1952279133858266
20
-3.7966965748031494
11
6.2034032677165349
21
-3.7966366535433069
0
LINE
8
BLACK
6
CONTINUOUS
10
6.2034032677165349
20
-3.7966366535433069
11
6.2037046062992127
21
-3.7966965748031494
0
LINE
8
BLACK
6
CONTINUOUS
10
6.2126609448818897
20
-3.7989975196850394
11
6.2127134645669289
21
-3.7999192519685039
0
LINE
8
BLACK
6
CONTINUOUS
10
6.2127134645669289
20
-3.7999192519685039
11
6.212983031496063
21
-3.8003942913385824
0
LINE
8
BLACK
6
CONTINUOUS
10
6.212983031496063
20
-3.8003942913385824
11
6.2132162204724404
21
-3.8005961417322833
0
LINE
8
BLACK
6
CONTINUOUS
10
6.2132162204724404
20
-3.8005961417322833
11
6.2136814173228343
21
-3.8007989370078739
0
LINE
8
BLACK
6
CONTINUOUS
10
6.2136814173228343
20
-3.8007989370078739
11
6.2171827952755905
21
-3.8007611417322833
0
LINE
8
BLACK
6
CONTINUOUS
10
6.2171827952755905
20
-3.8007611417322833
11
6.2174841338582674
21
-3.8008210629921257
0
LINE
8
BLACK
6
CONTINUOUS
10
6.2174841338582674
20
-3.8008210629921257
11
6.2179102755905511
21
-3.8012472047244095
0
LINE
8
BLACK
6
CONTINUOUS
10
6.2179102755905511
20
-3.8012472047244095
11
6.2179102755905511
21
-3.8018498818897637
0
LINE
8
BLACK
6
CONTINUOUS
10
6.2179102755905511
20
-3.8018498818897637
11
6.2174841338582674
21
-3.802276023622047
0
LINE
8
BLACK
6
CONTINUOUS
10
6.2174841338582674
20
-3.802276023622047
11
6.2134196850393701
21
-3.8023198818897637
0
LINE
8
BLACK
6
CONTINUOUS
10
6.2134196850393701
20
-3.8023198818897637
11
6.2133774803149606
21
-3.8023339763779527
0
LINE
8
BLACK
6
CONTINUOUS
10
6.2133774803149606
20
-3.8023339763779527
11
6.2133469685039371
21
-3.8023206692913387
0
LINE
8
BLACK
6
CONTINUOUS
10
6.2133469685039371
20
-3.8023206692913387
11
6.2119334645669291
21
-3.8023359448818899
0
LINE
8
BLACK
6
CONTINUOUS
10
6.2119334645669291
20
-3.8023359448818899
11
6.2116321259842522
21
-3.802276023622047
0
LINE
8
BLACK
6
CONTINUOUS
10
6.2116321259842522
20
-3.802276023622047
11
6.2112059842519685
21
-3.8018498818897637
0
LINE
8
BLACK
6
CONTINUOUS
10
6.2112059842519685
20
-3.8018498818897637
11
6.2112059842519685
21
-3.8012472047244095
0
LINE
8
BLACK
6
CONTINUOUS
10
6.2112059842519685
20
-3.8012472047244095
11
6.2115271653543305
21
-3.8009259842519683
0
LINE
8
BLACK
6
CONTINUOUS
10
6.2115271653543305
20
-3.8009259842519683
11
6.2112291732283467
21
-3.8004008661417323
0
LINE
8
BLACK
6
CONTINUOUS
10
6.2112291732283467
20
-3.8004008661417323
11
6.2112187401574799
21
-3.8003628346456693
0
LINE
8
BLACK
6
CONTINUOUS
10
6.2112187401574799
20
-3.8003628346456693
11
6.2112059842519685
21
-3.8003500787401574
0
LINE
8
BLACK
6
CONTINUOUS
10
6.2112059842519685
20
-3.8003500787401574
11
6.2112035433070867
21
-3.8003072440944883
0
LINE
8
BLACK
6
CONTINUOUS
10
6.2112035433070867
20
-3.8003072440944883
11
6.2111480314960632
21
-3.8001045669291336
0
LINE
8
BLACK
6
CONTINUOUS
10
6.2111480314960632
20
-3.8001045669291336
11
6.211185551181102
21
-3.7999919291338582
0
LINE
8
BLACK
6
CONTINUOUS
10
6.211185551181102
20
-3.7999919291338582
11
6.2111460629921256
21
-3.7992988582677163
0
LINE
8
BLACK
6
CONTINUOUS
10
6.2111460629921256
20
-3.7992988582677163
11
6.2112059842519685
21
-3.7989975196850394
0
LINE
8
BLACK
6
CONTINUOUS
10
6.2112059842519685
20
-3.7989975196850394
11
6.2116321259842522
21
-3.7985713779527557
0
LINE
8
BLACK
6
CONTINUOUS
10
6.2116321259842522
20
-3.7985713779527557
11
6.212234803149606
21
-3.7985713779527557
0
LINE
8
BLACK
6
CONTINUOUS
10
6.212234803149606
20
-3.7985713779527557
11
6.2126609448818897
21
-3.7989975196850394
0
LINE
8
BLACK
6
CONTINUOUS
10
6.2139223228346454
20
-3.792534842519685
11
6.2139610236220468
21
-3.7925271259842517
0
LINE
8
BLACK
6
CONTINUOUS
10
6.2139610236220468
20
-3.7925271259842517
11
6.213993976377953
21
-3.792549094488189
0
LINE
8
BLACK
6
CONTINUOUS
10
6.213993976377953
20
-3.792549094488189
11
6.2141095669291335
21
-3.792572086614173
0
LINE
8
BLACK
6
CONTINUOUS
10
6.2141095669291335
20
-3.792572086614173
11
6.2142717322834642
21
-3.7927342519685037
0
LINE
8
BLACK
6
CONTINUOUS
10
6.2142717322834642
20
-3.7927342519685037
11
6.2144624803149604
21
-3.7928614173228348
0
LINE
8
BLACK
6
CONTINUOUS
10
6.2144624803149604
20
-3.7928614173228348
11
6.2144798818897637
21
-3.7929424015748032
0
LINE
8
BLACK
6
CONTINUOUS
10
6.2144798818897637
20
-3.7929424015748032
11
6.2145357086614172
21
-3.7929982283464567
0
LINE
8
BLACK
6
CONTINUOUS
10
6.2145357086614172
20
-3.7929982283464567
11
6.2145357086614172
21
-3.7932017322834644
0
LINE
8
BLACK
6
CONTINUOUS
10
6.2145357086614172
20
-3.7932017322834644
11
6.2151974409448814
21
-3.7962772834645668
0
LINE
8
BLACK
6
CONTINUOUS
10
6.2151974409448814
20
-3.7962772834645668
11
6.2159376377952755
21
-3.7962638582677166
0
LINE
8
BLACK
6
CONTINUOUS
10
6.2159376377952755
20
-3.7962638582677166
11
6.2162555905511807
21
-3.7960834251968505
0
LINE
8
BLACK
6
CONTINUOUS
10
6.2162555905511807
20
-3.7960834251968505
11
6.2164367322834648
21
-3.7956678740157481
0
LINE
8
BLACK
6
CONTINUOUS
10
6.2164367322834648
20
-3.7956678740157481
11
6.2163994881889764
21
-3.7945481496062992
0
LINE
8
BLACK
6
CONTINUOUS
10
6.2163994881889764
20
-3.7945481496062992
11
6.2161035826771656
21
-3.7940266535433071
0
LINE
8
BLACK
6
CONTINUOUS
10
6.2161035826771656
20
-3.7940266535433071
11
6.2160224409448821
21
-3.7937303149606296
0
LINE
8
BLACK
6
CONTINUOUS
10
6.2160224409448821
20
-3.7937303149606296
11
6.2162130314960624
21
-3.7931585826771652
0
LINE
8
BLACK
6
CONTINUOUS
10
6.2162130314960624
20
-3.7931585826771652
11
6.2167520866141732
21
-3.792889094488189
0
LINE
8
BLACK
6
CONTINUOUS
10
6.2167520866141732
20
-3.792889094488189
11
6.2173238188976381
21
-3.7930796850393702
0
LINE
8
BLACK
6
CONTINUOUS
10
6.2173238188976381
20
-3.7930796850393702
11
6.2178870866141729
21
-3.7940723622047243
0
LINE
8
BLACK
6
CONTINUOUS
10
6.2178870866141729
20
-3.7940723622047243
11
6.2178974409448822
21
-3.7941102755905511
0
LINE
8
BLACK
6
CONTINUOUS
10
6.2178974409448822
20
-3.7941102755905511
11
6.2179102755905511
21
-3.7941231102362205
0
LINE
8
BLACK
6
CONTINUOUS
10
6.2179102755905511
20
-3.7941231102362205
11
6.2179115354330703
21
-3.7941616929133857
0
LINE
8
BLACK
6
CONTINUOUS
10
6.2179115354330703
20
-3.7941616929133857
11
6.2179682283464563
21
-3.7943686614173227
0
LINE
8
BLACK
6
CONTINUOUS
10
6.2179682283464563
20
-3.7943686614173227
11
6.217922952755905
21
-3.7945044488188975
0
LINE
8
BLACK
6
CONTINUOUS
10
6.217922952755905
20
-3.7945044488188975
11
6.217970196850394
21
-3.7959242519685037
0
LINE
8
BLACK
6
CONTINUOUS
10
6.217970196850394
20
-3.7959242519685037
11
6.2179624803149602
21
-3.7959628740157481
0
LINE
8
BLACK
6
CONTINUOUS
10
6.2179624803149602
20
-3.7959628740157481
11
6.2179682283464563
21
-3.7959800393700784
0
LINE
8
BLACK
6
CONTINUOUS
10
6.2179682283464563
20
-3.7959800393700784
11
6.2179514173228343
21
-3.7960185039370078
0
LINE
8
BLACK
6
CONTINUOUS
10
6.2179514173228343
20
-3.7960185039370078
11
6.2179102755905511
21
-3.796225590551181
0
LINE
8
BLACK
6
CONTINUOUS
10
6.2179102755905511
20
-3.796225590551181
11
6.2178232283464565
21
-3.7963125984251969
0
LINE
8
BLACK
6
CONTINUOUS
10
6.2178232283464565
20
-3.7963125984251969
11
6.2175121653543304
21
-3.7970262598425197
0
LINE
8
BLACK
6
CONTINUOUS
10
6.2175121653543304
20
-3.7970262598425197
11
6.2174159842519687
21
-3.7971501574803148
0
LINE
8
BLACK
6
CONTINUOUS
10
6.2174159842519687
20
-3.7971501574803148
11
6.2174027165354326
21
-3.7971900393700788
0
LINE
8
BLACK
6
CONTINUOUS
10
6.2174027165354326
20
-3.7971900393700788
11
6.2173711811023624
21
-3.7972079133858267
0
LINE
8
BLACK
6
CONTINUOUS
10
6.2173711811023624
20
-3.7972079133858267
11
6.2173238188976381
21
-3.7972689763779526
0
LINE
8
BLACK
6
CONTINUOUS
10
6.2173238188976381
20
-3.7972689763779526
11
6.2171779133858269
21
-3.7973175984251966
0
LINE
8
BLACK
6
CONTINUOUS
10
6.2171779133858269
20
-3.7973175984251966
11
6.2164100787401573
21
-3.7977533858267716
0
LINE
8
BLACK
6
CONTINUOUS
10
6.2164100787401573
20
-3.7977533858267716
11
6.2163720472440946
21
-3.7977637795275592
0
LINE
8
BLACK
6
CONTINUOUS
10
6.2163720472440946
20
-3.7977637795275592
11
6.2163592913385823
21
-3.7977765748031493
0
LINE
8
BLACK
6
CONTINUOUS
10
6.2163592913385823
20
-3.7977765748031493
11
6.2163229921259839
21
-3.7977772047244094
0
LINE
8
BLACK
6
CONTINUOUS
10
6.2163229921259839
20
-3.7977772047244094
11
6.2161137795275589
21
-3.797834527559055
0
LINE
8
BLACK
6
CONTINUOUS
10
6.2161137795275589
20
-3.797834527559055
11
6.2159615354330704
21
-3.7977837795275589
0
LINE
8
BLACK
6
CONTINUOUS
10
6.2159615354330704
20
-3.7977837795275589
11
6.2144575196850393
21
-3.797811062992126
0
LINE
8
BLACK
6
CONTINUOUS
10
6.2144575196850393
20
-3.797811062992126
11
6.214405354330709
21
-3.7978215354330707
0
LINE
8
BLACK
6
CONTINUOUS
10
6.214405354330709
20
-3.7978215354330707
11
6.2143914566929128
21
-3.7978122834645669
0
LINE
8
BLACK
6
CONTINUOUS
10
6.2143914566929128
20
-3.7978122834645669
11
6.2130583070866141
21
-3.7978364960629922
0
LINE
8
BLACK
6
CONTINUOUS
10
6.2130583070866141
20
-3.7978364960629922
11
6.2130196062992127
21
-3.7978287795275589
0
LINE
8
BLACK
6
CONTINUOUS
10
6.2130196062992127
20
-3.7978287795275589
11
6.2130024803149606
21
-3.797834527559055
0
LINE
8
BLACK
6
CONTINUOUS
10
6.2130024803149606
20
-3.797834527559055
11
6.2129639370078742
21
-3.797817716535433
0
LINE
8
BLACK
6
CONTINUOUS
10
6.2129639370078742
20
-3.797817716535433
11
6.2127569685039372
21
-3.7977765748031493
0
LINE
8
BLACK
6
CONTINUOUS
10
6.2127569685039372
20
-3.7977765748031493
11
6.2126699212598426
21
-3.7976895275590552
0
LINE
8
BLACK
6
CONTINUOUS
10
6.2126699212598426
20
-3.7976895275590552
11
6.2119562598425198
21
-3.7973783858267716
0
LINE
8
BLACK
6
CONTINUOUS
10
6.2119562598425198
20
-3.7973783858267716
11
6.2118323622047242
21
-3.7972822440944882
0
LINE
8
BLACK
6
CONTINUOUS
10
6.2118323622047242
20
-3.7972822440944882
11
6.211792519685039
21
-3.7972689763779526
0
LINE
8
BLACK
6
CONTINUOUS
10
6.211792519685039
20
-3.7972689763779526
11
6.2117746062992127
21
-3.7972374015748032
0
LINE
8
BLACK
6
CONTINUOUS
10
6.2117746062992127
20
-3.7972374015748032
11
6.2117135433070869
21
-3.7971900393700788
0
LINE
8
BLACK
6
CONTINUOUS
10
6.2117135433070869
20
-3.7971900393700788
11
6.2116648818897637
21
-3.7970441338582677
0
LINE
8
BLACK
6
CONTINUOUS
10
6.2116648818897637
20
-3.7970441338582677
11
6.2112292125984254
21
-3.7962764173228347
0
LINE
8
BLACK
6
CONTINUOUS
10
6.2112292125984254
20
-3.7962764173228347
11
6.2112187795275586
21
-3.7962383858267716
0
LINE
8
BLACK
6
CONTINUOUS
10
6.2112187795275586
20
-3.7962383858267716
11
6.2112059842519685
21
-3.796225590551181
0
LINE
8
BLACK
6
CONTINUOUS
10
6.2112059842519685
20
-3.796225590551181
11
6.2112046850393696
21
-3.7961869291338584
0
LINE
8
BLACK
6
CONTINUOUS
10
6.2112046850393696
20
-3.7961869291338584
11
6.2111480314960632
21
-3.7959800787401572
0
LINE
8
BLACK
6
CONTINUOUS
10
6.2111480314960632
20
-3.7959800787401572
11
6.2111932677165349
21
-3.7958442519685041
0
LINE
8
BLACK
6
CONTINUOUS
10
6.2111932677165349
20
-3.7958442519685041
11
6.2111460629921256
21
-3.7944244488188974
0
LINE
8
BLACK
6
CONTINUOUS
10
6.2111460629921256
20
-3.7944244488188974
11
6.2111537401574806
21
-3.794385748031496
0
LINE
8
BLACK
6
CONTINUOUS
10
6.2111537401574806
20
-3.794385748031496
11
6.2111480314960632
21
-3.7943686220472439
0
LINE
8
BLACK
6
CONTINUOUS
10
6.2111480314960632
20
-3.7943686220472439
11
6.2111648031496065
21
-3.7943300787401575
0
LINE
8
BLACK
6
CONTINUOUS
10
6.2111648031496065
20
-3.7943300787401575
11
6.2112059842519685
21
-3.7941231102362205
0
LINE
8
BLACK
6
CONTINUOUS
10
6.2112059842519685
20
-3.7941231102362205
11
6.2112929921259843
21
-3.7940360629921259
0
LINE
8
BLACK
6
CONTINUOUS
10
6.2112929921259843
20
-3.7940360629921259
11
6.2116041338582679
21
-3.793322401574803
0
LINE
8
BLACK
6
CONTINUOUS
10
6.2116041338582679
20
-3.793322401574803
11
6.2117001968503933
21
-3.7931985826771655
0
LINE
8
BLACK
6
CONTINUOUS
10
6.2117001968503933
20
-3.7931985826771655
11
6.2117135433070869
21
-3.793158622047244
0
LINE
8
BLACK
6
CONTINUOUS
10
6.2117135433070869
20
-3.793158622047244
11
6.2117451574803146
21
-3.7931406299212598
0
LINE
8
BLACK
6
CONTINUOUS
10
6.2117451574803146
20
-3.7931406299212598
11
6.211792519685039
21
-3.7930796850393702
0
LINE
8
BLACK
6
CONTINUOUS
10
6.211792519685039
20
-3.7930796850393702
11
6.2119381889763776
21
-3.7930311023622045
0
LINE
8
BLACK
6
CONTINUOUS
10
6.2119381889763776
20
-3.7930311023622045
11
6.2127061417322835
21
-3.79259531496063
0
LINE
8
BLACK
6
CONTINUOUS
10
6.2127061417322835
20
-3.79259531496063
11
6.2127441338582674
21
-3.7925848818897636
0
LINE
8
BLACK
6
CONTINUOUS
10
6.2127441338582674
20
-3.7925848818897636
11
6.2127569685039372
21
-3.792572086614173
0
LINE
8
BLACK
6
CONTINUOUS
10
6.2127569685039372
20
-3.792572086614173
11
6.2127998425196846
21
-3.7925696062992125
0
LINE
8
BLACK
6
CONTINUOUS
10
6.2127998425196846
20
-3.7925696062992125
11
6.2130024803149606
21
-3.7925141338582677
0
LINE
8
BLACK
6
CONTINUOUS
10
6.2130024803149606
20
-3.7925141338582677
11
6.2131150787401577
21
-3.792551653543307
0
LINE
8
BLACK
6
CONTINUOUS
10
6.2131150787401577
20
-3.792551653543307
11
6.2138082283464566
21
-3.7925121653543306
0
LINE
8
BLACK
6
CONTINUOUS
10
6.2138082283464566
20
-3.7925121653543306
11
6.2139223228346454
21
-3.792534842519685
0
LINE
8
BLACK
6
CONTINUOUS
10
6.2128606692913388
20
-3.7942651968503935
11
6.212679488188976
21
-3.7946807874015747
0
LINE
8
BLACK
6
CONTINUOUS
10
6.212679488188976
20
-3.7946807874015747
11
6.2127167322834644
21
-3.7958005118110236
0
LINE
8
BLACK
6
CONTINUOUS
10
6.2127167322834644
20
-3.7958005118110236
11
6.212899094488189
21
-3.7961218897637794
0
LINE
8
BLACK
6
CONTINUOUS
10
6.212899094488189
20
-3.7961218897637794
11
6.2133332283464568
21
-3.7963111417322835
0
LINE
8
BLACK
6
CONTINUOUS
10
6.2133332283464568
20
-3.7963111417322835
11
6.2136496062992128
21
-3.7963053937007873
0
LINE
8
BLACK
6
CONTINUOUS
10
6.2136496062992128
20
-3.7963053937007873
11
6.2131725590551179
21
-3.794088188976378
0
LINE
8
BLACK
6
CONTINUOUS
10
6.2131725590551179
20
-3.794088188976378
11
6.2128606692913388
21
-3.7942651968503935
0
LINE
8
BLACK
6
CONTINUOUS
10
6.1880564173228345
20
-3.7918720866141733
11
6.1884179921259843
21
-3.7923542519685038
0
LINE
8
BLACK
6
CONTINUOUS
10
6.1884179921259843
20
-3.7923542519685038
11
6.1883327952755902
21
-3.7929508267716536
0
LINE
8
BLACK
6
CONTINUOUS
10
6.1883327952755902
20
-3.7929508267716536
11
6.184342992125984
21
-3.7960066535433068
0
LINE
8
BLACK
6
CONTINUOUS
10
6.184342992125984
20
-3.7960066535433068
11
6.1846252362204721
21
-3.7962838582677163
0
LINE
8
BLACK
6
CONTINUOUS
10
6.1846252362204721
20
-3.7962838582677163
11
6.187655236220472
21
-3.7962616535433069
0
LINE
8
BLACK
6
CONTINUOUS
10
6.187655236220472
20
-3.7962616535433069
11
6.1879565748031498
21
-3.7963215748031494
0
LINE
8
BLACK
6
CONTINUOUS
10
6.1879565748031498
20
-3.7963215748031494
11
6.1883827165354326
21
-3.7967477165354331
0
LINE
8
BLACK
6
CONTINUOUS
10
6.1883827165354326
20
-3.7967477165354331
11
6.1883827165354326
21
-3.7973503937007873
0
LINE
8
BLACK
6
CONTINUOUS
10
6.1883827165354326
20
-3.7973503937007873
11
6.1879565748031498
21
-3.7977765354330706
0
LINE
8
BLACK
6
CONTINUOUS
10
6.1879565748031498
20
-3.7977765354330706
11
6.1797812204724405
21
-3.7978364566929135
0
LINE
8
BLACK
6
CONTINUOUS
10
6.1797812204724405
20
-3.7978364566929135
11
6.1794798818897636
21
-3.7977765354330706
0
LINE
8
BLACK
6
CONTINUOUS
10
6.1794798818897636
20
-3.7977765354330706
11
6.1790537401574799
21
-3.7973503937007873
0
LINE
8
BLACK
6
CONTINUOUS
10
6.1790537401574799
20
-3.7973503937007873
11
6.1790537401574799
21
-3.7967477165354331
0
LINE
8
BLACK
6
CONTINUOUS
10
6.1790537401574799
20
-3.7967477165354331
11
6.1794798818897636
21
-3.7963215748031494
0
LINE
8
BLACK
6
CONTINUOUS
10
6.1794798818897636
20
-3.7963215748031494
11
6.1824755905511806
21
-3.7962996062992125
0
LINE
8
BLACK
6
CONTINUOUS
10
6.1824755905511806
20
-3.7962996062992125
11
6.1792244488188972
21
-3.7931064173228344
0
LINE
8
BLACK
6
CONTINUOUS
10
6.1792244488188972
20
-3.7931064173228344
11
6.1790537401574799
21
-3.7928509842519684
0
LINE
8
BLACK
6
CONTINUOUS
10
6.1790537401574799
20
-3.7928509842519684
11
6.1790537401574799
21
-3.7922483070866142
0
LINE
8
BLACK
6
CONTINUOUS
10
6.1790537401574799
20
-3.7922483070866142
11
6.1794798818897636
21
-3.7918221653543305
0
LINE
8
BLACK
6
CONTINUOUS
10
6.1794798818897636
20
-3.7918221653543305
11
6.1800825590551183
21
-3.7918221653543305
0
LINE
8
BLACK
6
CONTINUOUS
10
6.1800825590551183
20
-3.7918221653543305
11
6.1832492913385826
21
-3.7949324409448817
0
LINE
8
BLACK
6
CONTINUOUS
10
6.1832492913385826
20
-3.7949324409448817
11
6.1871827952755902
21
-3.7919197244094489
0
LINE
8
BLACK
6
CONTINUOUS
10
6.1871827952755902
20
-3.7919197244094489
11
6.187459803149606
21
-3.7917868503937009
0
LINE
8
BLACK
6
CONTINUOUS
10
6.187459803149606
20
-3.7917868503937009
11
6.1880564173228345
21
-3.7918720866141733
0
LINE
8
BLACK
6
CONTINUOUS
10
6.2275326771653541
20
-3.7910200000000001
11
6.2275498425196849
21
-3.7910142913385827
0
LINE
8
BLACK
6
CONTINUOUS
10
6.2275498425196849
20
-3.7910142913385827
11
6.2275883464566926
21
-3.791031062992126
0
LINE
8
BLACK
6
CONTINUOUS
10
6.2275883464566926
20
-3.791031062992126
11
6.2277953543307083
21
-3.791072244094488
0
LINE
8
BLACK
6
CONTINUOUS
10
6.2277953543307083
20
-3.791072244094488
11
6.2278823622047241
21
-3.7911592519685038
0
LINE
8
BLACK
6
CONTINUOUS
10
6.2278823622047241
20
-3.7911592519685038
11
6.2285428740157478
21
-3.7914472047244092
0
LINE
8
BLACK
6
CONTINUOUS
10
6.2285428740157478
20
-3.7914472047244092
11
6.2285452755905508
21
-3.7914472047244092
0
LINE
8
BLACK
6
CONTINUOUS
10
6.2285452755905508
20
-3.7914472047244092
11
6.2285476771653538
21
-3.7914492913385827
0
LINE
8
BLACK
6
CONTINUOUS
10
6.2285476771653538
20
-3.7914492913385827
11
6.2285960629921258
21
-3.7914703937007874
0
LINE
8
BLACK
6
CONTINUOUS
10
6.2285960629921258
20
-3.7914703937007874
11
6.2288387795275586
21
-3.7916587795275589
0
LINE
8
BLACK
6
CONTINUOUS
10
6.2288387795275586
20
-3.7916587795275589
11
6.2288586614173225
21
-3.7917184645669288
0
LINE
8
BLACK
6
CONTINUOUS
10
6.2288586614173225
20
-3.7917184645669288
11
6.2291296850393696
21
-3.7919530708661418
0
LINE
8
BLACK
6
CONTINUOUS
10
6.2291296850393696
20
-3.7919530708661418
11
6.2291348425196853
21
-3.7919548031496064
0
LINE
8
BLACK
6
CONTINUOUS
10
6.2291348425196853
20
-3.7919548031496064
11
6.2291378740157475
21
-3.791960157480315
0
LINE
8
BLACK
6
CONTINUOUS
10
6.2291378740157475
20
-3.791960157480315
11
6.2291756692913385
21
-3.7919928740157478
0
LINE
8
BLACK
6
CONTINUOUS
10
6.2291756692913385
20
-3.7919928740157478
11
6.2293463779527558
21
-3.7922483070866142
0
LINE
8
BLACK
6
CONTINUOUS
10
6.2293463779527558
20
-3.7922483070866142
11
6.2293463779527558
21
-3.7923275984251967
0
LINE
8
BLACK
6
CONTINUOUS
10
6.2293463779527558
20
-3.7923275984251967
11
6.2296981102362201
21
-3.7929474803149605
0
LINE
8
BLACK
6
CONTINUOUS
10
6.2296981102362201
20
-3.7929474803149605
11
6.2297084645669294
21
-3.7929853937007874
0
LINE
8
BLACK
6
CONTINUOUS
10
6.2297084645669294
20
-3.7929853937007874
11
6.2297212992125983
21
-3.7929982283464567
0
LINE
8
BLACK
6
CONTINUOUS
10
6.2297212992125983
20
-3.7929982283464567
11
6.229722952755905
21
-3.7930382677165353
0
LINE
8
BLACK
6
CONTINUOUS
10
6.229722952755905
20
-3.7930382677165353
11
6.2297792519685036
21
-3.7932437795275589
0
LINE
8
BLACK
6
CONTINUOUS
10
6.2297792519685036
20
-3.7932437795275589
11
6.2297369291338578
21
-3.7933706692913387
0
LINE
8
BLACK
6
CONTINUOUS
10
6.2297369291338578
20
-3.7933706692913387
11
6.2297812204724412
21
-3.7944244094488186
0
LINE
8
BLACK
6
CONTINUOUS
10
6.2297812204724412
20
-3.7944244094488186
11
6.2297735039370075
21
-3.794463031496063
0
LINE
8
BLACK
6
CONTINUOUS
10
6.2297735039370075
20
-3.794463031496063
11
6.2297792519685036
21
-3.7944801968503934
0
LINE
8
BLACK
6
CONTINUOUS
10
6.2297792519685036
20
-3.7944801968503934
11
6.2297624409448815
21
-3.7945186614173227
0
LINE
8
BLACK
6
CONTINUOUS
10
6.2297624409448815
20
-3.7945186614173227
11
6.2297212992125983
21
-3.794725748031496
0
LINE
8
BLACK
6
CONTINUOUS
10
6.2297212992125983
20
-3.794725748031496
11
6.2296342519685037
21
-3.7948127559055118
0
LINE
8
BLACK
6
CONTINUOUS
10
6.2296342519685037
20
-3.7948127559055118
11
6.2293463779527558
21
-3.7954732283464567
0
LINE
8
BLACK
6
CONTINUOUS
10
6.2293463779527558
20
-3.7954732283464567
11
6.2293463779527558
21
-3.7954757086614173
0
LINE
8
BLACK
6
CONTINUOUS
10
6.2293463779527558
20
-3.7954757086614173
11
6.2293442125984253
21
-3.7954781889763778
0
LINE
8
BLACK
6
CONTINUOUS
10
6.2293442125984253
20
-3.7954781889763778
11
6.2293231889763776
21
-3.7955264566929134
0
LINE
8
BLACK
6
CONTINUOUS
10
6.2293231889763776
20
-3.7955264566929134
11
6.2291348425196853
21
-3.7957691732283463
0
LINE
8
BLACK
6
CONTINUOUS
10
6.2291348425196853
20
-3.7957691732283463
11
6.2290750393700787
21
-3.7957890944881889
0
LINE
8
BLACK
6
CONTINUOUS
10
6.2290750393700787
20
-3.7957890944881889
11
6.2288404330708662
21
-3.7960600787401573
0
LINE
8
BLACK
6
CONTINUOUS
10
6.2288404330708662
20
-3.7960600787401573
11
6.2288387795275586
21
-3.796065157480315
0
LINE
8
BLACK
6
CONTINUOUS
10
6.2288387795275586
20
-3.796065157480315
11
6.2288334645669288
21
-3.7960681496062993
0
LINE
8
BLACK
6
CONTINUOUS
10
6.2288334645669288
20
-3.7960681496062993
11
6.2288006692913385
21
-3.7961060629921257
0
LINE
8
BLACK
6
CONTINUOUS
10
6.2288006692913385
20
-3.7961060629921257
11
6.2285452362204721
21
-3.796276771653543
0
LINE
8
BLACK
6
CONTINUOUS
10
6.2285452362204721
20
-3.796276771653543
11
6.2284659055118112
21
-3.7962767322834643
0
LINE
8
BLACK
6
CONTINUOUS
10
6.2284659055118112
20
-3.7962767322834643
11
6.2278461417322832
21
-3.7966285039370078
0
LINE
8
BLACK
6
CONTINUOUS
10
6.2278461417322832
20
-3.7966285039370078
11
6.2278081102362206
21
-3.7966388976377954
0
LINE
8
BLACK
6
CONTINUOUS
10
6.2278081102362206
20
-3.7966388976377954
11
6.2277953543307083
21
-3.7966516929133856
0
LINE
8
BLACK
6
CONTINUOUS
10
6.2277953543307083
20
-3.7966516929133856
11
6.2277582677165357
21
-3.7966525590551181
0
LINE
8
BLACK
6
CONTINUOUS
10
6.2277582677165357
20
-3.7966525590551181
11
6.2275498425196849
21
-3.7967096456692913
0
LINE
8
BLACK
6
CONTINUOUS
10
6.2275498425196849
20
-3.7967096456692913
11
6.2274035433070862
21
-3.7966608661417323
0
LINE
8
BLACK
6
CONTINUOUS
10
6.2274035433070862
20
-3.7966608661417323
11
6.2252442913385826
21
-3.7967116141732284
0
LINE
8
BLACK
6
CONTINUOUS
10
6.2252442913385826
20
-3.7967116141732284
11
6.2252055905511812
21
-3.7967038976377951
0
LINE
8
BLACK
6
CONTINUOUS
10
6.2252055905511812
20
-3.7967038976377951
11
6.2251884645669291
21
-3.7967096456692913
0
LINE
8
BLACK
6
CONTINUOUS
10
6.2251884645669291
20
-3.7967096456692913
11
6.2251499212598427
21
-3.7966928346456692
0
LINE
8
BLACK
6
CONTINUOUS
10
6.2251499212598427
20
-3.7966928346456692
11
6.2249429527559057
21
-3.7966516929133856
0
LINE
8
BLACK
6
CONTINUOUS
10
6.2249429527559057
20
-3.7966516929133856
11
6.2248559055118111
21
-3.7965646456692914
0
LINE
8
BLACK
6
CONTINUOUS
10
6.2248559055118111
20
-3.7965646456692914
11
6.2241955118110237
21
-3.7962767322834643
0
LINE
8
BLACK
6
CONTINUOUS
10
6.2241955118110237
20
-3.7962767322834643
11
6.2241931102362207
21
-3.7962767322834643
0
LINE
8
BLACK
6
CONTINUOUS
10
6.2241931102362207
20
-3.7962767322834643
11
6.2241906299212593
21
-3.7962746062992125
0
LINE
8
BLACK
6
CONTINUOUS
10
6.2241906299212593
20
-3.7962746062992125
11
6.2241422440944882
21
-3.7962535039370078
0
LINE
8
BLACK
6
CONTINUOUS
10
6.2241422440944882
20
-3.7962535039370078
11
6.2238995275590554
21
-3.796065157480315
0
LINE
8
BLACK
6
CONTINUOUS
10
6.2238995275590554
20
-3.796065157480315
11
6.2238796062992128
21
-3.7960053937007872
0
LINE
8
BLACK
6
CONTINUOUS
10
6.2238796062992128
20
-3.7960053937007872
11
6.2236085826771648
21
-3.7957708267716535
0
LINE
8
BLACK
6
CONTINUOUS
10
6.2236085826771648
20
-3.7957708267716535
11
6.2236035433070862
21
-3.7957691732283463
0
LINE
8
BLACK
6
CONTINUOUS
10
6.2236035433070862
20
-3.7957691732283463
11
6.2236005118110231
21
-3.7957638582677165
0
LINE
8
BLACK
6
CONTINUOUS
10
6.2236005118110231
20
-3.7957638582677165
11
6.223562716535433
21
-3.7957311417322832
0
LINE
8
BLACK
6
CONTINUOUS
10
6.223562716535433
20
-3.7957311417322832
11
6.2233919685039369
21
-3.7954757086614173
0
LINE
8
BLACK
6
CONTINUOUS
10
6.2233919685039369
20
-3.7954757086614173
11
6.2233919291338582
21
-3.7953963385826772
0
LINE
8
BLACK
6
CONTINUOUS
10
6.2233919291338582
20
-3.7953963385826772
11
6.2230401968503939
21
-3.7947765354330709
0
LINE
8
BLACK
6
CONTINUOUS
10
6.2230401968503939
20
-3.7947765354330709
11
6.2230297637795271
21
-3.7947385039370078
0
LINE
8
BLACK
6
CONTINUOUS
10
6.2230297637795271
20
-3.7947385039370078
11
6.2230170078740157
21
-3.794725748031496
0
LINE
8
BLACK
6
CONTINUOUS
10
6.2230170078740157
20
-3.794725748031496
11
6.2230153149606302
21
-3.7946857086614174
0
LINE
8
BLACK
6
CONTINUOUS
10
6.2230153149606302
20
-3.7946857086614174
11
6.2229590551181104
21
-3.7944802362204721
0
LINE
8
BLACK
6
CONTINUOUS
10
6.2229590551181104
20
-3.7944802362204721
11
6.2230013385826775
21
-3.7943532677165352
0
LINE
8
BLACK
6
CONTINUOUS
10
6.2230013385826775
20
-3.7943532677165352
11
6.2229570866141728
21
-3.7932995669291336
0
LINE
8
BLACK
6
CONTINUOUS
10
6.2229570866141728
20
-3.7932995669291336
11
6.2229647637795278
21
-3.7932608661417322
0
LINE
8
BLACK
6
CONTINUOUS
10
6.2229647637795278
20
-3.7932608661417322
11
6.2229590551181104
21
-3.7932437401574801
0
LINE
8
BLACK
6
CONTINUOUS
10
6.2229590551181104
20
-3.7932437401574801
11
6.2229758267716537
21
-3.7932051968503937
0
LINE
8
BLACK
6
CONTINUOUS
10
6.2229758267716537
20
-3.7932051968503937
11
6.2230170078740157
21
-3.7929982283464567
0
LINE
8
BLACK
6
CONTINUOUS
10
6.2230170078740157
20
-3.7929982283464567
11
6.2231040157480315
21
-3.7929111811023621
0
LINE
8
BLACK
6
CONTINUOUS
10
6.2231040157480315
20
-3.7929111811023621
11
6.2233919685039369
21
-3.7922507086614172
0
LINE
8
BLACK
6
CONTINUOUS
10
6.2233919685039369
20
-3.7922507086614172
11
6.2233919685039369
21
-3.7922483070866142
0
LINE
8
BLACK
6
CONTINUOUS
10
6.2233919685039369
20
-3.7922483070866142
11
6.2233940551181099
21
-3.792245866141732
0
LINE
8
BLACK
6
CONTINUOUS
10
6.2233940551181099
20
-3.792245866141732
11
6.2234151574803152
21
-3.7921975196850393
0
LINE
8
BLACK
6
CONTINUOUS
10
6.2234151574803152
20
-3.7921975196850393
11
6.2236035433070862
21
-3.7919548031496064
0
LINE
8
BLACK
6
CONTINUOUS
10
6.2236035433070862
20
-3.7919548031496064
11
6.2236632283464566
21
-3.7919348818897638
0
LINE
8
BLACK
6
CONTINUOUS
10
6.2236632283464566
20
-3.7919348818897638
11
6.2238977952755903
21
-3.791663897637795
0
LINE
8
BLACK
6
CONTINUOUS
10
6.2238977952755903
20
-3.791663897637795
11
6.2238995275590554
21
-3.7916587795275589
0
LINE
8
BLACK
6
CONTINUOUS
10
6.2238995275590554
20
-3.7916587795275589
11
6.223904881889764
21
-3.7916557086614171
0
LINE
8
BLACK
6
CONTINUOUS
10
6.223904881889764
20
-3.7916557086614171
11
6.2239376377952755
21
-3.7916179133858265
0
LINE
8
BLACK
6
CONTINUOUS
10
6.2239376377952755
20
-3.7916179133858265
11
6.2241930708661419
21
-3.7914472047244092
0
LINE
8
BLACK
6
CONTINUOUS
10
6.2241930708661419
20
-3.7914472047244092
11
6.2242723228346453
21
-3.7914472047244092
0
LINE
8
BLACK
6
CONTINUOUS
10
6.2242723228346453
20
-3.7914472047244092
11
6.224892125984252
21
-3.7910954724409449
0
LINE
8
BLACK
6
CONTINUOUS
10
6.224892125984252
20
-3.7910954724409449
11
6.2249301181102359
21
-3.7910850393700786
0
LINE
8
BLACK
6
CONTINUOUS
10
6.2249301181102359
20
-3.7910850393700786
11
6.2249429527559057
21
-3.791072244094488
0
LINE
8
BLACK
6
CONTINUOUS
10
6.2249429527559057
20
-3.791072244094488
11
6.224980078740157
21
-3.7910713385826771
0
LINE
8
BLACK
6
CONTINUOUS
10
6.224980078740157
20
-3.7910713385826771
11
6.2251884645669291
21
-3.7910142913385827
0
LINE
8
BLACK
6
CONTINUOUS
10
6.2251884645669291
20
-3.7910142913385827
11
6.225334724409449
21
-3.7910630314960629
0
LINE
8
BLACK
6
CONTINUOUS
10
6.225334724409449
20
-3.7910630314960629
11
6.2274940157480314
21
-3.7910123228346455
0
LINE
8
BLACK
6
CONTINUOUS
10
6.2274940157480314
20
-3.7910123228346455
11
6.2275326771653541
21
-3.7910200000000001
0
LINE
8
BLACK
6
CONTINUOUS
10
6.2253657480314963
20
-3.792584251968504
11
6.2248987401574798
21
-3.7928492913385825
0
LINE
8
BLACK
6
CONTINUOUS
10
6.2248987401574798
20
-3.7928492913385825
11
6.2246968897637798
21
-3.7930824803149608
0
LINE
8
BLACK
6
CONTINUOUS
10
6.2246968897637798
20
-3.7930824803149608
11
6.2244949606299214
21
-3.793545708661417
0
LINE
8
BLACK
6
CONTINUOUS
10
6.2244949606299214
20
-3.793545708661417
11
6.2245265748031491
21
-3.7942986220472439
0
LINE
8
BLACK
6
CONTINUOUS
10
6.2245265748031491
20
-3.7942986220472439
11
6.2247940157480315
21
-3.7947698818897635
0
LINE
8
BLACK
6
CONTINUOUS
10
6.2247940157480315
20
-3.7947698818897635
11
6.2250272834645664
21
-3.7949717716535432
0
LINE
8
BLACK
6
CONTINUOUS
10
6.2250272834645664
20
-3.7949717716535432
11
6.2255125196850392
21
-3.7951833464566929
0
LINE
8
BLACK
6
CONTINUOUS
10
6.2255125196850392
20
-3.7951833464566929
11
6.2273725196850389
21
-3.7951396456692912
0
LINE
8
BLACK
6
CONTINUOUS
10
6.2273725196850389
20
-3.7951396456692912
11
6.2278395275590546
21
-3.7948746062992127
0
LINE
8
BLACK
6
CONTINUOUS
10
6.2278395275590546
20
-3.7948746062992127
11
6.2280414173228342
21
-3.7946413779527557
0
LINE
8
BLACK
6
CONTINUOUS
10
6.2280414173228342
20
-3.7946413779527557
11
6.2282433070866139
21
-3.7941782283464565
0
LINE
8
BLACK
6
CONTINUOUS
10
6.2282433070866139
20
-3.7941782283464565
11
6.2282116929133853
21
-3.7934253149606296
0
LINE
8
BLACK
6
CONTINUOUS
10
6.2282116929133853
20
-3.7934253149606296
11
6.227944212598425
21
-3.7929539370078738
0
LINE
8
BLACK
6
CONTINUOUS
10
6.227944212598425
20
-3.7929539370078738
11
6.2277110629921255
21
-3.792752125984252
0
LINE
8
BLACK
6
CONTINUOUS
10
6.2277110629921255
20
-3.792752125984252
11
6.2272257480314961
21
-3.7925405511811023
0
LINE
8
BLACK
6
CONTINUOUS
10
6.2272257480314961
20
-3.7925405511811023
11
6.2253657480314963
21
-3.792584251968504
0
LINE
8
BLACK
6
CONTINUOUS
10
6.2019421259842522
20
-3.7891452362204725
11
6.2019592913385821
21
-3.7891395275590551
0
LINE
8
BLACK
6
CONTINUOUS
10
6.2019592913385821
20
-3.7891395275590551
11
6.2019977952755907
21
-3.7891562992125984
0
LINE
8
BLACK
6
CONTINUOUS
10
6.2019977952755907
20
-3.7891562992125984
11
6.2022048031496064
21
-3.7891974803149604
0
LINE
8
BLACK
6
CONTINUOUS
10
6.2022048031496064
20
-3.7891974803149604
11
6.2022918110236223
21
-3.7892844881889762
0
LINE
8
BLACK
6
CONTINUOUS
10
6.2022918110236223
20
-3.7892844881889762
11
6.2029523228346459
21
-3.7895724409448817
0
LINE
8
BLACK
6
CONTINUOUS
10
6.2029523228346459
20
-3.7895724409448817
11
6.2029547244094489
21
-3.7895724409448817
0
LINE
8
BLACK
6
CONTINUOUS
10
6.2029547244094489
20
-3.7895724409448817
11
6.202957125984252
21
-3.7895745275590551
0
LINE
8
BLACK
6
CONTINUOUS
10
6.202957125984252
20
-3.7895745275590551
11
6.2030055118110239
21
-3.7895956299212599
0
LINE
8
BLACK
6
CONTINUOUS
10
6.2030055118110239
20
-3.7895956299212599
11
6.2032482283464567
21
-3.7897840157480314
0
LINE
8
BLACK
6
CONTINUOUS
10
6.2032482283464567
20
-3.7897840157480314
11
6.2032681102362206
21
-3.7898437007874013
0
LINE
8
BLACK
6
CONTINUOUS
10
6.2032681102362206
20
-3.7898437007874013
11
6.2035391338582677
21
-3.7900783070866142
0
LINE
8
BLACK
6
CONTINUOUS
10
6.2035391338582677
20
-3.7900783070866142
11
6.2035442913385825
21
-3.7900800393700789
0
LINE
8
BLACK
6
CONTINUOUS
10
6.2035442913385825
20
-3.7900800393700789
11
6.2035473228346456
21
-3.7900853937007875
0
LINE
8
BLACK
6
CONTINUOUS
10
6.2035473228346456
20
-3.7900853937007875
11
6.2035851181102357
21
-3.7901181102362203
0
LINE
8
BLACK
6
CONTINUOUS
10
6.2035851181102357
20
-3.7901181102362203
11
6.203755826771653
21
-3.7903735433070866
0
LINE
8
BLACK
6
CONTINUOUS
10
6.203755826771653
20
-3.7903735433070866
11
6.203755826771653
21
-3.7904528346456692
0
LINE
8
BLACK
6
CONTINUOUS
10
6.203755826771653
20
-3.7904528346456692
11
6.2041075590551182
21
-3.791072716535433
0
LINE
8
BLACK
6
CONTINUOUS
10
6.2041075590551182
20
-3.791072716535433
11
6.2041179133858266
21
-3.7911106299212598
0
LINE
8
BLACK
6
CONTINUOUS
10
6.2041179133858266
20
-3.7911106299212598
11
6.2041307480314956
21
-3.7911234645669292
0
LINE
8
BLACK
6
CONTINUOUS
10
6.2041307480314956
20
-3.7911234645669292
11
6.2041324015748032
21
-3.7911635039370077
0
LINE
8
BLACK
6
CONTINUOUS
10
6.2041324015748032
20
-3.7911635039370077
11
6.2041887007874017
21
-3.7913690157480313
0
LINE
8
BLACK
6
CONTINUOUS
10
6.2041887007874017
20
-3.7913690157480313
11
6.2041463779527559
21
-3.7914959055118111
0
LINE
8
BLACK
6
CONTINUOUS
10
6.2041463779527559
20
-3.7914959055118111
11
6.2041906692913384
21
-3.7925496456692911
0
LINE
8
BLACK
6
CONTINUOUS
10
6.2041906692913384
20
-3.7925496456692911
11
6.2041829527559056
21
-3.7925882677165355
0
LINE
8
BLACK
6
CONTINUOUS
10
6.2041829527559056
20
-3.7925882677165355
11
6.2041887007874017
21
-3.7926054330708658
0
LINE
8
BLACK
6
CONTINUOUS
10
6.2041887007874017
20
-3.7926054330708658
11
6.2041718897637796
21
-3.7926438976377952
0
LINE
8
BLACK
6
CONTINUOUS
10
6.2041718897637796
20
-3.7926438976377952
11
6.2041307480314956
21
-3.7928509842519684
0
LINE
8
BLACK
6
CONTINUOUS
10
6.2041307480314956
20
-3.7928509842519684
11
6.2040437007874019
21
-3.7929379921259843
0
LINE
8
BLACK
6
CONTINUOUS
10
6.2040437007874019
20
-3.7929379921259843
11
6.203755826771653
21
-3.7935984645669292
0
LINE
8
BLACK
6
CONTINUOUS
10
6.203755826771653
20
-3.7935984645669292
11
6.203755826771653
21
-3.7936009448818897
0
LINE
8
BLACK
6
CONTINUOUS
10
6.203755826771653
20
-3.7936009448818897
11
6.2037536614173225
21
-3.7936034251968502
0
LINE
8
BLACK
6
CONTINUOUS
10
6.2037536614173225
20
-3.7936034251968502
11
6.2037326377952757
21
-3.7936516929133859
0
LINE
8
BLACK
6
CONTINUOUS
10
6.2037326377952757
20
-3.7936516929133859
11
6.2035442913385825
21
-3.7938944094488187
0
LINE
8
BLACK
6
CONTINUOUS
10
6.2035442913385825
20
-3.7938944094488187
11
6.2034844881889759
21
-3.7939143307086614
0
LINE
8
BLACK
6
CONTINUOUS
10
6.2034844881889759
20
-3.7939143307086614
11
6.2032498818897635
21
-3.7941853149606297
0
LINE
8
BLACK
6
CONTINUOUS
10
6.2032498818897635
20
-3.7941853149606297
11
6.2032482283464567
21
-3.7941903937007875
0
LINE
8
BLACK
6
CONTINUOUS
10
6.2032482283464567
20
-3.7941903937007875
11
6.2032429133858269
21
-3.7941933858267713
0
LINE
8
BLACK
6
CONTINUOUS
10
6.2032429133858269
20
-3.7941933858267713
11
6.2032101181102357
21
-3.7942312992125982
0
LINE
8
BLACK
6
CONTINUOUS
10
6.2032101181102357
20
-3.7942312992125982
11
6.2029546850393702
21
-3.7944020078740155
0
LINE
8
BLACK
6
CONTINUOUS
10
6.2029546850393702
20
-3.7944020078740155
11
6.2028753543307085
21
-3.7944019685039367
0
LINE
8
BLACK
6
CONTINUOUS
10
6.2028753543307085
20
-3.7944019685039367
11
6.2022555905511814
21
-3.7947537401574802
0
LINE
8
BLACK
6
CONTINUOUS
10
6.2022555905511814
20
-3.7947537401574802
11
6.2022175590551178
21
-3.7947641338582678
0
LINE
8
BLACK
6
CONTINUOUS
10
6.2022175590551178
20
-3.7947641338582678
11
6.2022048031496064
21
-3.794776929133858
0
LINE
8
BLACK
6
CONTINUOUS
10
6.2022048031496064
20
-3.794776929133858
11
6.202167716535433
21
-3.7947777952755906
0
LINE
8
BLACK
6
CONTINUOUS
10
6.202167716535433
20
-3.7947777952755906
11
6.2019592913385821
21
-3.7948348818897637
0
LINE
8
BLACK
6
CONTINUOUS
10
6.2019592913385821
20
-3.7948348818897637
11
6.2018129921259844
21
-3.7947861023622047
0
LINE
8
BLACK
6
CONTINUOUS
10
6.2018129921259844
20
-3.7947861023622047
11
6.1996537401574798
21
-3.7948368503937009
0
LINE
8
BLACK
6
CONTINUOUS
10
6.1996537401574798
20
-3.7948368503937009
11
6.1996150393700784
21
-3.7948291338582676
0
LINE
8
BLACK
6
CONTINUOUS
10
6.1996150393700784
20
-3.7948291338582676
11
6.1995979133858263
21
-3.7948348818897637
0
LINE
8
BLACK
6
CONTINUOUS
10
6.1995979133858263
20
-3.7948348818897637
11
6.1995593700787399
21
-3.7948180708661416
0
LINE
8
BLACK
6
CONTINUOUS
10
6.1995593700787399
20
-3.7948180708661416
11
6.1993524015748029
21
-3.794776929133858
0
LINE
8
BLACK
6
CONTINUOUS
10
6.1993524015748029
20
-3.794776929133858
11
6.1992653543307084
21
-3.7946898818897639
0
LINE
8
BLACK
6
CONTINUOUS
10
6.1992653543307084
20
-3.7946898818897639
11
6.1986049606299209
21
-3.7944019685039367
0
LINE
8
BLACK
6
CONTINUOUS
10
6.1986049606299209
20
-3.7944019685039367
11
6.1986025590551179
21
-3.7944019685039367
0
LINE
8
BLACK
6
CONTINUOUS
10
6.1986025590551179
20
-3.7944019685039367
11
6.1986000787401574
21
-3.794399842519685
0
LINE
8
BLACK
6
CONTINUOUS
10
6.1986000787401574
20
-3.794399842519685
11
6.1985516929133855
21
-3.7943787401574802
0
LINE
8
BLACK
6
CONTINUOUS
10
6.1985516929133855
20
-3.7943787401574802
11
6.1983089763779526
21
-3.7941903937007875
0
LINE
8
BLACK
6
CONTINUOUS
10
6.1983089763779526
20
-3.7941903937007875
11
6.19828905511811
21
-3.7941306299212596
0
LINE
8
BLACK
6
CONTINUOUS
10
6.19828905511811
20
-3.7941306299212596
11
6.1980180314960629
21
-3.7938960629921259
0
LINE
8
BLACK
6
CONTINUOUS
10
6.1980180314960629
20
-3.7938960629921259
11
6.1980129921259843
21
-3.7938944094488187
0
LINE
8
BLACK
6
CONTINUOUS
10
6.1980129921259843
20
-3.7938944094488187
11
6.1980099606299213
21
-3.7938890944881889
0
LINE
8
BLACK
6
CONTINUOUS
10
6.1980099606299213
20
-3.7938890944881889
11
6.1979721653543303
21
-3.7938563779527557
0
LINE
8
BLACK
6
CONTINUOUS
10
6.1979721653543303
20
-3.7938563779527557
11
6.1978014173228342
21
-3.7936009448818897
0
LINE
8
BLACK
6
CONTINUOUS
10
6.1978014173228342
20
-3.7936009448818897
11
6.1978013779527554
21
-3.7935215748031497
0
LINE
8
BLACK
6
CONTINUOUS
10
6.1978013779527554
20
-3.7935215748031497
11
6.1974496456692911
21
-3.7929017716535434
0
LINE
8
BLACK
6
CONTINUOUS
10
6.1974496456692911
20
-3.7929017716535434
11
6.1974392125984252
21
-3.7928637401574803
0
LINE
8
BLACK
6
CONTINUOUS
10
6.1974392125984252
20
-3.7928637401574803
11
6.1974264566929129
21
-3.7928509842519684
0
LINE
8
BLACK
6
CONTINUOUS
10
6.1974264566929129
20
-3.7928509842519684
11
6.1974247637795274
21
-3.7928109448818899
0
LINE
8
BLACK
6
CONTINUOUS
10
6.1974247637795274
20
-3.7928109448818899
11
6.1973685039370077
21
-3.7926054724409446
0
LINE
8
BLACK
6
CONTINUOUS
10
6.1973685039370077
20
-3.7926054724409446
11
6.1974107874015747
21
-3.7924785039370077
0
LINE
8
BLACK
6
CONTINUOUS
10
6.1974107874015747
20
-3.7924785039370077
11
6.1973665354330709
21
-3.7914248031496061
0
LINE
8
BLACK
6
CONTINUOUS
10
6.1973665354330709
20
-3.7914248031496061
11
6.197374212598425
21
-3.7913861023622046
0
LINE
8
BLACK
6
CONTINUOUS
10
6.197374212598425
20
-3.7913861023622046
11
6.1973685039370077
21
-3.7913689763779526
0
LINE
8
BLACK
6
CONTINUOUS
10
6.1973685039370077
20
-3.7913689763779526
11
6.197385275590551
21
-3.7913304330708661
0
LINE
8
BLACK
6
CONTINUOUS
10
6.197385275590551
20
-3.7913304330708661
11
6.1974264566929129
21
-3.7911234645669292
0
LINE
8
BLACK
6
CONTINUOUS
10
6.1974264566929129
20
-3.7911234645669292
11
6.1975134645669288
21
-3.7910364173228346
0
LINE
8
BLACK
6
CONTINUOUS
10
6.1975134645669288
20
-3.7910364173228346
11
6.1978014173228342
21
-3.7903759448818897
0
LINE
8
BLACK
6
CONTINUOUS
10
6.1978014173228342
20
-3.7903759448818897
11
6.1978014173228342
21
-3.7903735433070866
0
LINE
8
BLACK
6
CONTINUOUS
10
6.1978014173228342
20
-3.7903735433070866
11
6.1978035039370081
21
-3.7903711023622044
0
LINE
8
BLACK
6
CONTINUOUS
10
6.1978035039370081
20
-3.7903711023622044
11
6.1978246062992124
21
-3.7903227559055117
0
LINE
8
BLACK
6
CONTINUOUS
10
6.1978246062992124
20
-3.7903227559055117
11
6.1980129921259843
21
-3.7900800393700789
0
LINE
8
BLACK
6
CONTINUOUS
10
6.1980129921259843
20
-3.7900800393700789
11
6.1980726771653538
21
-3.7900601181102362
0
LINE
8
BLACK
6
CONTINUOUS
10
6.1980726771653538
20
-3.7900601181102362
11
6.1983072440944884
21
-3.7897891338582674
0
LINE
8
BLACK
6
CONTINUOUS
10
6.1983072440944884
20
-3.7897891338582674
11
6.1983089763779526
21
-3.7897840157480314
0
LINE
8
BLACK
6
CONTINUOUS
10
6.1983089763779526
20
-3.7897840157480314
11
6.1983143307086612
21
-3.7897809448818895
0
LINE
8
BLACK
6
CONTINUOUS
10
6.1983143307086612
20
-3.7897809448818895
11
6.1983470866141728
21
-3.789743149606299
0
LINE
8
BLACK
6
CONTINUOUS
10
6.1983470866141728
20
-3.789743149606299
11
6.1986025196850392
21
-3.7895724409448817
0
LINE
8
BLACK
6
CONTINUOUS
10
6.1986025196850392
20
-3.7895724409448817
11
6.1986817716535434
21
-3.7895724409448817
0
LINE
8
BLACK
6
CONTINUOUS
10
6.1986817716535434
20
-3.7895724409448817
11
6.1993015748031493
21
-3.7892207086614174
0
LINE
8
BLACK
6
CONTINUOUS
10
6.1993015748031493
20
-3.7892207086614174
11
6.199339566929134
21
-3.789210275590551
0
LINE
8
BLACK
6
CONTINUOUS
10
6.199339566929134
20
-3.789210275590551
11
6.1993524015748029
21
-3.7891974803149604
0
LINE
8
BLACK
6
CONTINUOUS
10
6.1993524015748029
20
-3.7891974803149604
11
6.1993895275590551
21
-3.7891965748031495
0
LINE
8
BLACK
6
CONTINUOUS
10
6.1993895275590551
20
-3.7891965748031495
11
6.1995979133858263
21
-3.7891395275590551
0
LINE
8
BLACK
6
CONTINUOUS
10
6.1995979133858263
20
-3.7891395275590551
11
6.1997441732283463
21
-3.7891882677165354
0
LINE
8
BLACK
6
CONTINUOUS
10
6.1997441732283463
20
-3.7891882677165354
11
6.2019034645669286
21
-3.789137559055118
0
LINE
8
BLACK
6
CONTINUOUS
10
6.2019034645669286
20
-3.789137559055118
11
6.2019421259842522
21
-3.7891452362204725
0
LINE
8
BLACK
6
CONTINUOUS
10
6.1997751968503936
20
-3.7907094881889765
11
6.1993081889763779
21
-3.790974527559055
0
LINE
8
BLACK
6
CONTINUOUS
10
6.1993081889763779
20
-3.790974527559055
11
6.199106338582677
21
-3.7912077165354332
0
LINE
8
BLACK
6
CONTINUOUS
10
6.199106338582677
20
-3.7912077165354332
11
6.1989044094488186
21
-3.7916709448818895
0
LINE
8
BLACK
6
CONTINUOUS
10
6.1989044094488186
20
-3.7916709448818895
11
6.1989360236220472
21
-3.7924238582677163
0
LINE
8
BLACK
6
CONTINUOUS
10
6.1989360236220472
20
-3.7924238582677163
11
6.1992034645669287
21
-3.7928951181102359
0
LINE
8
BLACK
6
CONTINUOUS
10
6.1992034645669287
20
-3.7928951181102359
11
6.1994367322834645
21
-3.7930970078740156
0
LINE
8
BLACK
6
CONTINUOUS
10
6.1994367322834645
20
-3.7930970078740156
11
6.1999219685039373
21
-3.7933085826771653
0
LINE
8
BLACK
6
CONTINUOUS
10
6.1999219685039373
20
-3.7933085826771653
11
6.201781968503937
21
-3.7932648818897636
0
LINE
8
BLACK
6
CONTINUOUS
10
6.201781968503937
20
-3.7932648818897636
11
6.2022489763779527
21
-3.7929998425196851
0
LINE
8
BLACK
6
CONTINUOUS
10
6.2022489763779527
20
-3.7929998425196851
11
6.2024508661417324
21
-3.7927666141732281
0
LINE
8
BLACK
6
CONTINUOUS
10
6.2024508661417324
20
-3.7927666141732281
11
6.202652755905512
21
-3.7923034645669289
0
LINE
8
BLACK
6
CONTINUOUS
10
6.202652755905512
20
-3.7923034645669289
11
6.2026211417322834
21
-3.7915505511811021
0
LINE
8
BLACK
6
CONTINUOUS
10
6.2026211417322834
20
-3.7915505511811021
11
6.2023536614173223
21
-3.7910791732283462
0
LINE
8
BLACK
6
CONTINUOUS
10
6.2023536614173223
20
-3.7910791732283462
11
6.2021205118110236
21
-3.7908773622047245
0
LINE
8
BLACK
6
CONTINUOUS
10
6.2021205118110236
20
-3.7908773622047245
11
6.2016351968503933
21
-3.7906657874015748
0
LINE
8
BLACK
6
CONTINUOUS
10
6.2016351968503933
20
-3.7906657874015748
11
6.1997751968503936
21
-3.7907094881889765
0
LINE
8
BLACK
6
CONTINUOUS
10
6.2173238188976381
20
-3.7859555511811025
11
6.2178870866141729
21
-3.7869482283464566
0
LINE
8
BLACK
6
CONTINUOUS
10
6.2178870866141729
20
-3.7869482283464566
11
6.2178974409448822
21
-3.7869861417322834
0
LINE
8
BLACK
6
CONTINUOUS
10
6.2178974409448822
20
-3.7869861417322834
11
6.2179102755905511
21
-3.7869989763779528
0
LINE
8
BLACK
6
CONTINUOUS
10
6.2179102755905511
20
-3.7869989763779528
11
6.2179115354330703
21
-3.787037559055118
0
LINE
8
BLACK
6
CONTINUOUS
10
6.2179115354330703
20
-3.787037559055118
11
6.2179682283464563
21
-3.7872445275590549
0
LINE
8
BLACK
6
CONTINUOUS
10
6.2179682283464563
20
-3.7872445275590549
11
6.217922952755905
21
-3.7873803149606298
0
LINE
8
BLACK
6
CONTINUOUS
10
6.217922952755905
20
-3.7873803149606298
11
6.217970196850394
21
-3.788800118110236
0
LINE
8
BLACK
6
CONTINUOUS
10
6.217970196850394
20
-3.788800118110236
11
6.2179624803149602
21
-3.7888387401574803
0
LINE
8
BLACK
6
CONTINUOUS
10
6.2179624803149602
20
-3.7888387401574803
11
6.2179682283464563
21
-3.7888559055118107
0
LINE
8
BLACK
6
CONTINUOUS
10
6.2179682283464563
20
-3.7888559055118107
11
6.2179514173228343
21
-3.7888943700787401
0
LINE
8
BLACK
6
CONTINUOUS
10
6.2179514173228343
20
-3.7888943700787401
11
6.2179102755905511
21
-3.7891014566929133
0
LINE
8
BLACK
6
CONTINUOUS
10
6.2179102755905511
20
-3.7891014566929133
11
6.2178232283464565
21
-3.7891884645669291
0
LINE
8
BLACK
6
CONTINUOUS
10
6.2178232283464565
20
-3.7891884645669291
11
6.2175353543307086
21
-3.7898489370078741
0
LINE
8
BLACK
6
CONTINUOUS
10
6.2175353543307086
20
-3.7898489370078741
11
6.2175353543307086
21
-3.7898514173228346
0
LINE
8
BLACK
6
CONTINUOUS
10
6.2175353543307086
20
-3.7898514173228346
11
6.2175331889763781
21
-3.7898538976377951
0
LINE
8
BLACK
6
CONTINUOUS
10
6.2175331889763781
20
-3.7898538976377951
11
6.2175121653543304
21
-3.7899021653543308
0
LINE
8
BLACK
6
CONTINUOUS
10
6.2175121653543304
20
-3.7899021653543308
11
6.2173238188976381
21
-3.7901448818897636
0
LINE
8
BLACK
6
CONTINUOUS
10
6.2173238188976381
20
-3.7901448818897636
11
6.2172640157480314
21
-3.7901648031496062
0
LINE
8
BLACK
6
CONTINUOUS
10
6.2172640157480314
20
-3.7901648031496062
11
6.217029409448819
21
-3.7904357874015746
0
LINE
8
BLACK
6
CONTINUOUS
10
6.217029409448819
20
-3.7904357874015746
11
6.2170277559055114
21
-3.7904408661417324
0
LINE
8
BLACK
6
CONTINUOUS
10
6.2170277559055114
20
-3.7904408661417324
11
6.2170224409448815
21
-3.7904438582677162
0
LINE
8
BLACK
6
CONTINUOUS
10
6.2170224409448815
20
-3.7904438582677162
11
6.2169896456692912
21
-3.7904817716535431
0
LINE
8
BLACK
6
CONTINUOUS
10
6.2169896456692912
20
-3.7904817716535431
11
6.2167342125984248
21
-3.7906524803149604
0
LINE
8
BLACK
6
CONTINUOUS
10
6.2167342125984248
20
-3.7906524803149604
11
6.216654881889764
21
-3.7906524409448816
0
LINE
8
BLACK
6
CONTINUOUS
10
6.216654881889764
20
-3.7906524409448816
11
6.216035118110236
21
-3.7910042125984251
0
LINE
8
BLACK
6
CONTINUOUS
10
6.216035118110236
20
-3.7910042125984251
11
6.2159970866141734
21
-3.7910146062992127
0
LINE
8
BLACK
6
CONTINUOUS
10
6.2159970866141734
20
-3.7910146062992127
11
6.2159843307086611
21
-3.7910274015748029
0
LINE
8
BLACK
6
CONTINUOUS
10
6.2159843307086611
20
-3.7910274015748029
11
6.2159472440944876
21
-3.7910282677165354
0
LINE
8
BLACK
6
CONTINUOUS
10
6.2159472440944876
20
-3.7910282677165354
11
6.2157388188976377
21
-3.7910853543307086
0
LINE
8
BLACK
6
CONTINUOUS
10
6.2157388188976377
20
-3.7910853543307086
11
6.215592519685039
21
-3.7910365748031496
0
LINE
8
BLACK
6
CONTINUOUS
10
6.215592519685039
20
-3.7910365748031496
11
6.2134332677165354
21
-3.7910873228346458
0
LINE
8
BLACK
6
CONTINUOUS
10
6.2134332677165354
20
-3.7910873228346458
11
6.2133945669291339
21
-3.7910796062992125
0
LINE
8
BLACK
6
CONTINUOUS
10
6.2133945669291339
20
-3.7910796062992125
11
6.2133774409448819
21
-3.7910853543307086
0
LINE
8
BLACK
6
CONTINUOUS
10
6.2133774409448819
20
-3.7910853543307086
11
6.2133388976377955
21
-3.7910685433070865
0
LINE
8
BLACK
6
CONTINUOUS
10
6.2133388976377955
20
-3.7910685433070865
11
6.2131319291338585
21
-3.7910274015748029
0
LINE
8
BLACK
6
CONTINUOUS
10
6.2131319291338585
20
-3.7910274015748029
11
6.2130448818897639
21
-3.7909403543307088
0
LINE
8
BLACK
6
CONTINUOUS
10
6.2130448818897639
20
-3.7909403543307088
11
6.2123844881889765
21
-3.7906524409448816
0
LINE
8
BLACK
6
CONTINUOUS
10
6.2123844881889765
20
-3.7906524409448816
11
6.2123820866141735
21
-3.7906524409448816
0
LINE
8
BLACK
6
CONTINUOUS
10
6.2123820866141735
20
-3.7906524409448816
11
6.212379606299212
21
-3.7906503149606299
0
LINE
8
BLACK
6
CONTINUOUS
10
6.212379606299212
20
-3.7906503149606299
11
6.212331220472441
21
-3.7906292125984251
0
LINE
8
BLACK
6
CONTINUOUS
10
6.212331220472441
20
-3.7906292125984251
11
6.2120885039370073
21
-3.7904408661417324
0
LINE
8
BLACK
6
CONTINUOUS
10
6.2120885039370073
20
-3.7904408661417324
11
6.2120685826771656
21
-3.7903811023622045
0
LINE
8
BLACK
6
CONTINUOUS
10
6.2120685826771656
20
-3.7903811023622045
11
6.2117975590551175
21
-3.7901465354330708
0
LINE
8
BLACK
6
CONTINUOUS
10
6.2117975590551175
20
-3.7901465354330708
11
6.211792519685039
21
-3.7901448818897636
0
LINE
8
BLACK
6
CONTINUOUS
10
6.211792519685039
20
-3.7901448818897636
11
6.2117894881889759
21
-3.7901395669291338
0
LINE
8
BLACK
6
CONTINUOUS
10
6.2117894881889759
20
-3.7901395669291338
11
6.2117516929133858
21
-3.7901068503937005
0
LINE
8
BLACK
6
CONTINUOUS
10
6.2117516929133858
20
-3.7901068503937005
11
6.2115809448818897
21
-3.7898514173228346
0
LINE
8
BLACK
6
CONTINUOUS
10
6.2115809448818897
20
-3.7898514173228346
11
6.211580905511811
21
-3.7897720472440946
0
LINE
8
BLACK
6
CONTINUOUS
10
6.211580905511811
20
-3.7897720472440946
11
6.2112291732283467
21
-3.7891522440944883
0
LINE
8
BLACK
6
CONTINUOUS
10
6.2112291732283467
20
-3.7891522440944883
11
6.2112187401574799
21
-3.7891142125984252
0
LINE
8
BLACK
6
CONTINUOUS
10
6.2112187401574799
20
-3.7891142125984252
11
6.2112059842519685
21
-3.7891014566929133
0
LINE
8
BLACK
6
CONTINUOUS
10
6.2112059842519685
20
-3.7891014566929133
11
6.2112046850393696
21
-3.7890628740157482
0
LINE
8
BLACK
6
CONTINUOUS
10
6.2112046850393696
20
-3.7890628740157482
11
6.2111480314960632
21
-3.7888559448818895
0
LINE
8
BLACK
6
CONTINUOUS
10
6.2111480314960632
20
-3.7888559448818895
11
6.2111932677165349
21
-3.7887201181102363
0
LINE
8
BLACK
6
CONTINUOUS
10
6.2111932677165349
20
-3.7887201181102363
11
6.2111460629921256
21
-3.7873003149606297
0
LINE
8
BLACK
6
CONTINUOUS
10
6.2111460629921256
20
-3.7873003149606297
11
6.2111537401574806
21
-3.7872616141732283
0
LINE
8
BLACK
6
CONTINUOUS
10
6.2111537401574806
20
-3.7872616141732283
11
6.2111480314960632
21
-3.7872444881889762
0
LINE
8
BLACK
6
CONTINUOUS
10
6.2111480314960632
20
-3.7872444881889762
11
6.2111648031496065
21
-3.7872059448818898
0
LINE
8
BLACK
6
CONTINUOUS
10
6.2111648031496065
20
-3.7872059448818898
11
6.2112059842519685
21
-3.7869989763779528
0
LINE
8
BLACK
6
CONTINUOUS
10
6.2112059842519685
20
-3.7869989763779528
11
6.2112929921259843
21
-3.7869119291338582
0
LINE
8
BLACK
6
CONTINUOUS
10
6.2112929921259843
20
-3.7869119291338582
11
6.2116041338582679
21
-3.7861982677165353
0
LINE
8
BLACK
6
CONTINUOUS
10
6.2116041338582679
20
-3.7861982677165353
11
6.211792519685039
21
-3.7859555511811025
0
LINE
8
BLACK
6
CONTINUOUS
10
6.211792519685039
20
-3.7859555511811025
11
6.2123642519685038
21
-3.7857649606299213
0
LINE
8
BLACK
6
CONTINUOUS
10
6.2123642519685038
20
-3.7857649606299213
11
6.212903267716535
21
-3.7860344881889763
0
LINE
8
BLACK
6
CONTINUOUS
10
6.212903267716535
20
-3.7860344881889763
11
6.2130938582677162
21
-3.7866062204724407
0
LINE
8
BLACK
6
CONTINUOUS
10
6.2130938582677162
20
-3.7866062204724407
11
6.212679488188976
21
-3.787556653543307
0
LINE
8
BLACK
6
CONTINUOUS
10
6.212679488188976
20
-3.787556653543307
11
6.2127167322834644
21
-3.7886763779527559
0
LINE
8
BLACK
6
CONTINUOUS
10
6.2127167322834644
20
-3.7886763779527559
11
6.2129829921259843
21
-3.7891455905511808
0
LINE
8
BLACK
6
CONTINUOUS
10
6.2129829921259843
20
-3.7891455905511808
11
6.2132162598425191
21
-3.7893474803149605
0
LINE
8
BLACK
6
CONTINUOUS
10
6.2132162598425191
20
-3.7893474803149605
11
6.2137014960629919
21
-3.7895590551181102
0
LINE
8
BLACK
6
CONTINUOUS
10
6.2137014960629919
20
-3.7895590551181102
11
6.2155614960629917
21
-3.7895153543307085
0
LINE
8
BLACK
6
CONTINUOUS
10
6.2155614960629917
20
-3.7895153543307085
11
6.2160285039370073
21
-3.78925031496063
0
LINE
8
BLACK
6
CONTINUOUS
10
6.2160285039370073
20
-3.78925031496063
11
6.216230393700787
21
-3.789017086614173
0
LINE
8
BLACK
6
CONTINUOUS
10
6.216230393700787
20
-3.789017086614173
11
6.2164367322834648
21
-3.7885437401574804
0
LINE
8
BLACK
6
CONTINUOUS
10
6.2164367322834648
20
-3.7885437401574804
11
6.2163994881889764
21
-3.7874240157480314
0
LINE
8
BLACK
6
CONTINUOUS
10
6.2163994881889764
20
-3.7874240157480314
11
6.2161035826771656
21
-3.7869025196850394
0
LINE
8
BLACK
6
CONTINUOUS
10
6.2161035826771656
20
-3.7869025196850394
11
6.2160224409448821
21
-3.7866061811023619
0
LINE
8
BLACK
6
CONTINUOUS
10
6.2160224409448821
20
-3.7866061811023619
11
6.2162130314960624
21
-3.7860344488188975
0
LINE
8
BLACK
6
CONTINUOUS
10
6.2162130314960624
20
-3.7860344488188975
11
6.2167520866141732
21
-3.7857649606299213
0
LINE
8
BLACK
6
CONTINUOUS
10
6.2167520866141732
20
-3.7857649606299213
11
6.2173238188976381
21
-3.7859555511811025
0
LINE
8
BLACK
6
CONTINUOUS
10
6.1805087007874011
20
-3.7851241732283465
11
6.1805577165354331
21
-3.7884396456692913
0
LINE
8
BLACK
6
CONTINUOUS
10
6.1805577165354331
20
-3.7884396456692913
11
6.1827816929133856
21
-3.788423346456693
0
LINE
8
BLACK
6
CONTINUOUS
10
6.1827816929133856
20
-3.788423346456693
11
6.182743346456693
21
-3.7865503937007872
0
LINE
8
BLACK
6
CONTINUOUS
10
6.182743346456693
20
-3.7865503937007872
11
6.182803267716535
21
-3.7862490551181103
0
LINE
8
BLACK
6
CONTINUOUS
10
6.182803267716535
20
-3.7862490551181103
11
6.1832294094488187
21
-3.7858229133858265
0
LINE
8
BLACK
6
CONTINUOUS
10
6.1832294094488187
20
-3.7858229133858265
11
6.1838320866141734
21
-3.7858229133858265
0
LINE
8
BLACK
6
CONTINUOUS
10
6.1838320866141734
20
-3.7858229133858265
11
6.1842582283464562
21
-3.7862490551181103
0
LINE
8
BLACK
6
CONTINUOUS
10
6.1842582283464562
20
-3.7862490551181103
11
6.1843025196850396
21
-3.7884122047244095
0
LINE
8
BLACK
6
CONTINUOUS
10
6.1843025196850396
20
-3.7884122047244095
11
6.1869116929133856
21
-3.7883930708661415
0
LINE
8
BLACK
6
CONTINUOUS
10
6.1869116929133856
20
-3.7883930708661415
11
6.1868678346456694
21
-3.7854255118110234
0
LINE
8
BLACK
6
CONTINUOUS
10
6.1868678346456694
20
-3.7854255118110234
11
6.1869277559055114
21
-3.7851241732283465
0
LINE
8
BLACK
6
CONTINUOUS
10
6.1869277559055114
20
-3.7851241732283465
11
6.1873538976377951
21
-3.7846980314960628
0
LINE
8
BLACK
6
CONTINUOUS
10
6.1873538976377951
20
-3.7846980314960628
11
6.1879565748031498
21
-3.7846980314960628
0
LINE
8
BLACK
6
CONTINUOUS
10
6.1879565748031498
20
-3.7846980314960628
11
6.1883827165354326
21
-3.7851241732283465
0
LINE
8
BLACK
6
CONTINUOUS
10
6.1883827165354326
20
-3.7851241732283465
11
6.1884426377952755
21
-3.7891750393700785
0
LINE
8
BLACK
6
CONTINUOUS
10
6.1884426377952755
20
-3.7891750393700785
11
6.1883827165354326
21
-3.7894763779527558
0
LINE
8
BLACK
6
CONTINUOUS
10
6.1883827165354326
20
-3.7894763779527558
11
6.1879565748031498
21
-3.7899025196850391
0
LINE
8
BLACK
6
CONTINUOUS
10
6.1879565748031498
20
-3.7899025196850391
11
6.1797812204724405
21
-3.789962440944882
0
LINE
8
BLACK
6
CONTINUOUS
10
6.1797812204724405
20
-3.789962440944882
11
6.1794798818897636
21
-3.7899025196850391
0
LINE
8
BLACK
6
CONTINUOUS
10
6.1794798818897636
20
-3.7899025196850391
11
6.1790537401574799
21
-3.7894763779527558
0
LINE
8
BLACK
6
CONTINUOUS
10
6.1790537401574799
20
-3.7894763779527558
11
6.1789938188976379
21
-3.7854255118110234
0
LINE
8
BLACK
6
CONTINUOUS
10
6.1789938188976379
20
-3.7854255118110234
11
6.1790537401574799
21
-3.7851241732283465
0
LINE
8
BLACK
6
CONTINUOUS
10
6.1790537401574799
20
-3.7851241732283465
11
6.1794798818897636
21
-3.7846980314960628
0
LINE
8
BLACK
6
CONTINUOUS
10
6.1794798818897636
20
-3.7846980314960628
11
6.1800825590551183
21
-3.7846980314960628
0
LINE
8
BLACK
6
CONTINUOUS
10
6.1800825590551183
20
-3.7846980314960628
11
6.1805087007874011
21
-3.7851241732283465
0
LINE
8
BLACK
6
CONTINUOUS
10
6.2292951574803146
20
-3.7809485433070864
11
6.2297212992125983
21
-3.7813746850393701
0
LINE
8
BLACK
6
CONTINUOUS
10
6.2297212992125983
20
-3.7813746850393701
11
6.2297212992125983
21
-3.7819773622047244
0
LINE
8
BLACK
6
CONTINUOUS
10
6.2297212992125983
20
-3.7819773622047244
11
6.2292951574803146
21
-3.7824035039370076
0
LINE
8
BLACK
6
CONTINUOUS
10
6.2292951574803146
20
-3.7824035039370076
11
6.2249886220472437
21
-3.7824617716535434
0
LINE
8
BLACK
6
CONTINUOUS
10
6.2249886220472437
20
-3.7824617716535434
11
6.2246716535433073
21
-3.7826416929133857
0
LINE
8
BLACK
6
CONTINUOUS
10
6.2246716535433073
20
-3.7826416929133857
11
6.2244949606299214
21
-3.7830469685039367
0
LINE
8
BLACK
6
CONTINUOUS
10
6.2244949606299214
20
-3.7830469685039367
11
6.2245265748031491
21
-3.7837999212598423
0
LINE
8
BLACK
6
CONTINUOUS
10
6.2245265748031491
20
-3.7837999212598423
11
6.2247101181102362
21
-3.7841233858267715
0
LINE
8
BLACK
6
CONTINUOUS
10
6.2247101181102362
20
-3.7841233858267715
11
6.2251501574803152
21
-3.7843151968503936
0
LINE
8
BLACK
6
CONTINUOUS
10
6.2251501574803152
20
-3.7843151968503936
11
6.2289938188976377
21
-3.7842631889763778
0
LINE
8
BLACK
6
CONTINUOUS
10
6.2289938188976377
20
-3.7842631889763778
11
6.2292951574803146
21
-3.7843231102362203
0
LINE
8
BLACK
6
CONTINUOUS
10
6.2292951574803146
20
-3.7843231102362203
11
6.2297212992125983
21
-3.784749251968504
0
LINE
8
BLACK
6
CONTINUOUS
10
6.2297212992125983
20
-3.784749251968504
11
6.2297212992125983
21
-3.7853519291338582
0
LINE
8
BLACK
6
CONTINUOUS
10
6.2297212992125983
20
-3.7853519291338582
11
6.2292951574803146
21
-3.7857780708661415
0
LINE
8
BLACK
6
CONTINUOUS
10
6.2292951574803146
20
-3.7857780708661415
11
6.2249886220472437
21
-3.7858363385826772
0
LINE
8
BLACK
6
CONTINUOUS
10
6.2249886220472437
20
-3.7858363385826772
11
6.2246716929133861
21
-3.7860162204724408
0
LINE
8
BLACK
6
CONTINUOUS
10
6.2246716929133861
20
-3.7860162204724408
11
6.2244949606299214
21
-3.7864216141732281
0
LINE
8
BLACK
6
CONTINUOUS
10
6.2244949606299214
20
-3.7864216141732281
11
6.2245265748031491
21
-3.7871745275590549
0
LINE
8
BLACK
6
CONTINUOUS
10
6.2245265748031491
20
-3.7871745275590549
11
6.2247940157480315
21
-3.7876457874015745
0
LINE
8
BLACK
6
CONTINUOUS
10
6.2247940157480315
20
-3.7876457874015745
11
6.2248365748031498
21
-3.7876825984251967
0
LINE
8
BLACK
6
CONTINUOUS
10
6.2248365748031498
20
-3.7876825984251967
11
6.2289938188976377
21
-3.7876377559055117
0
LINE
8
BLACK
6
CONTINUOUS
10
6.2289938188976377
20
-3.7876377559055117
11
6.2292951574803146
21
-3.7876976771653541
0
LINE
8
BLACK
6
CONTINUOUS
10
6.2292951574803146
20
-3.7876976771653541
11
6.2297212992125983
21
-3.7881238188976378
0
LINE
8
BLACK
6
CONTINUOUS
10
6.2297212992125983
20
-3.7881238188976378
11
6.2297212992125983
21
-3.7887264960629921
0
LINE
8
BLACK
6
CONTINUOUS
10
6.2297212992125983
20
-3.7887264960629921
11
6.2292951574803146
21
-3.7891526377952753
0
LINE
8
BLACK
6
CONTINUOUS
10
6.2292951574803146
20
-3.7891526377952753
11
6.2237444881889763
21
-3.7892125590551182
0
LINE
8
BLACK
6
CONTINUOUS
10
6.2237444881889763
20
-3.7892125590551182
11
6.2234431496062994
21
-3.7891526377952753
0
LINE
8
BLACK
6
CONTINUOUS
10
6.2234431496062994
20
-3.7891526377952753
11
6.2230170078740157
21
-3.7887264960629921
0
LINE
8
BLACK
6
CONTINUOUS
10
6.2230170078740157
20
-3.7887264960629921
11
6.2230170078740157
21
-3.7881238188976378
0
LINE
8
BLACK
6
CONTINUOUS
10
6.2230170078740157
20
-3.7881238188976378
11
6.2232024409448821
21
-3.7879383464566927
0
LINE
8
BLACK
6
CONTINUOUS
10
6.2232024409448821
20
-3.7879383464566927
11
6.2230401968503939
21
-3.787652440944882
0
LINE
8
BLACK
6
CONTINUOUS
10
6.2230401968503939
20
-3.787652440944882
11
6.2230297637795271
21
-3.7876144094488189
0
LINE
8
BLACK
6
CONTINUOUS
10
6.2230297637795271
20
-3.7876144094488189
11
6.2230170078740157
21
-3.787601653543307
0
LINE
8
BLACK
6
CONTINUOUS
10
6.2230170078740157
20
-3.787601653543307
11
6.2230153149606302
21
-3.7875616141732285
0
LINE
8
BLACK
6
CONTINUOUS
10
6.2230153149606302
20
-3.7875616141732285
11
6.2229590551181104
21
-3.7873561417322832
0
LINE
8
BLACK
6
CONTINUOUS
10
6.2229590551181104
20
-3.7873561417322832
11
6.2230013385826775
21
-3.7872291732283463
0
LINE
8
BLACK
6
CONTINUOUS
10
6.2230013385826775
20
-3.7872291732283463
11
6.2229570866141728
21
-3.7861754724409447
0
LINE
8
BLACK
6
CONTINUOUS
10
6.2229570866141728
20
-3.7861754724409447
11
6.2229647637795278
21
-3.7861367716535432
0
LINE
8
BLACK
6
CONTINUOUS
10
6.2229647637795278
20
-3.7861367716535432
11
6.2229590551181104
21
-3.7861196456692912
0
LINE
8
BLACK
6
CONTINUOUS
10
6.2229590551181104
20
-3.7861196456692912
11
6.2229758267716537
21
-3.7860811023622047
0
LINE
8
BLACK
6
CONTINUOUS
10
6.2229758267716537
20
-3.7860811023622047
11
6.2230170078740157
21
-3.7858741338582678
0
LINE
8
BLACK
6
CONTINUOUS
10
6.2230170078740157
20
-3.7858741338582678
11
6.2231040157480315
21
-3.7857870866141732
0
LINE
8
BLACK
6
CONTINUOUS
10
6.2231040157480315
20
-3.7857870866141732
11
6.2234151574803152
21
-3.7850734251968503
0
LINE
8
BLACK
6
CONTINUOUS
10
6.2234151574803152
20
-3.7850734251968503
11
6.2234593700787402
21
-3.7850164173228347
0
LINE
8
BLACK
6
CONTINUOUS
10
6.2234593700787402
20
-3.7850164173228347
11
6.2230402362204726
21
-3.7842779133858269
0
LINE
8
BLACK
6
CONTINUOUS
10
6.2230402362204726
20
-3.7842779133858269
11
6.2230298031496059
21
-3.7842398818897638
0
LINE
8
BLACK
6
CONTINUOUS
10
6.2230298031496059
20
-3.7842398818897638
11
6.2230170078740157
21
-3.7842270866141732
0
LINE
8
BLACK
6
CONTINUOUS
10
6.2230170078740157
20
-3.7842270866141732
11
6.2230153149606302
21
-3.7841869685039371
0
LINE
8
BLACK
6
CONTINUOUS
10
6.2230153149606302
20
-3.7841869685039371
11
6.2229590551181104
21
-3.7839815748031493
0
LINE
8
BLACK
6
CONTINUOUS
10
6.2229590551181104
20
-3.7839815748031493
11
6.2230013385826775
21
-3.7838546062992124
0
LINE
8
BLACK
6
CONTINUOUS
10
6.2230013385826775
20
-3.7838546062992124
11
6.2229570866141728
21
-3.7828008661417321
0
LINE
8
BLACK
6
CONTINUOUS
10
6.2229570866141728
20
-3.7828008661417321
11
6.2229647637795278
21
-3.7827621653543306
0
LINE
8
BLACK
6
CONTINUOUS
10
6.2229647637795278
20
-3.7827621653543306
11
6.2229590551181104
21
-3.7827450393700786
0
LINE
8
BLACK
6
CONTINUOUS
10
6.2229590551181104
20
-3.7827450393700786
11
6.2229758267716537
21
-3.7827064960629921
0
LINE
8
BLACK
6
CONTINUOUS
10
6.2229758267716537
20
-3.7827064960629921
11
6.2230170078740157
21
-3.7824995275590552
0
LINE
8
BLACK
6
CONTINUOUS
10
6.2230170078740157
20
-3.7824995275590552
11
6.2231040157480315
21
-3.7824124803149606
0
LINE
8
BLACK
6
CONTINUOUS
10
6.2231040157480315
20
-3.7824124803149606
11
6.2234151574803152
21
-3.7816988582677165
0
LINE
8
BLACK
6
CONTINUOUS
10
6.2234151574803152
20
-3.7816988582677165
11
6.2235112204724405
21
-3.7815750393700784
0
LINE
8
BLACK
6
CONTINUOUS
10
6.2235112204724405
20
-3.7815750393700784
11
6.2235245669291341
21
-3.7815350787401574
0
LINE
8
BLACK
6
CONTINUOUS
10
6.2235245669291341
20
-3.7815350787401574
11
6.2235561811023619
21
-3.7815170866141732
0
LINE
8
BLACK
6
CONTINUOUS
10
6.2235561811023619
20
-3.7815170866141732
11
6.2236035433070862
21
-3.7814561417322832
0
LINE
8
BLACK
6
CONTINUOUS
10
6.2236035433070862
20
-3.7814561417322832
11
6.2237492125984248
21
-3.7814075590551179
0
LINE
8
BLACK
6
CONTINUOUS
10
6.2237492125984248
20
-3.7814075590551179
11
6.2245171653543307
21
-3.7809717716535434
0
LINE
8
BLACK
6
CONTINUOUS
10
6.2245171653543307
20
-3.7809717716535434
11
6.2245551574803146
21
-3.780961338582677
0
LINE
8
BLACK
6
CONTINUOUS
10
6.2245551574803146
20
-3.780961338582677
11
6.2245679921259844
21
-3.7809485433070864
0
LINE
8
BLACK
6
CONTINUOUS
10
6.2245679921259844
20
-3.7809485433070864
11
6.2246037007874016
21
-3.7809480314960631
0
LINE
8
BLACK
6
CONTINUOUS
10
6.2246037007874016
20
-3.7809480314960631
11
6.2248135039370078
21
-3.7808905905511812
0
LINE
8
BLACK
6
CONTINUOUS
10
6.2248135039370078
20
-3.7808905905511812
11
6.2249709842519687
21
-3.7809430708661416
0
LINE
8
BLACK
6
CONTINUOUS
10
6.2249709842519687
20
-3.7809430708661416
11
6.2289938188976377
21
-3.780888622047244
0
LINE
8
BLACK
6
CONTINUOUS
10
6.2289938188976377
20
-3.780888622047244
11
6.2292951574803146
21
-3.7809485433070864
0
LINE
8
BLACK
6
CONTINUOUS
10
6.2126609448818897
20
-3.7809996850393701
11
6.2126866535433072
21
-3.7824170078740158
0
LINE
8
BLACK
6
CONTINUOUS
10
6.2126866535433072
20
-3.7824170078740158
11
6.2159397244094485
21
-3.7823893700787399
0
LINE
8
BLACK
6
CONTINUOUS
10
6.2159397244094485
20
-3.7823893700787399
11
6.2162555905511807
21
-3.7822101574803151
0
LINE
8
BLACK
6
CONTINUOUS
10
6.2162555905511807
20
-3.7822101574803151
11
6.2164250393700788
21
-3.7818214173228344
0
LINE
8
BLACK
6
CONTINUOUS
10
6.2164250393700788
20
-3.7818214173228344
11
6.216395393700787
21
-3.781301023622047
0
LINE
8
BLACK
6
CONTINUOUS
10
6.216395393700787
20
-3.781301023622047
11
6.2164553149606299
21
-3.7809996850393701
0
LINE
8
BLACK
6
CONTINUOUS
10
6.2164553149606299
20
-3.7809996850393701
11
6.2168814566929136
21
-3.7805735433070864
0
LINE
8
BLACK
6
CONTINUOUS
10
6.2168814566929136
20
-3.7805735433070864
11
6.2174841338582674
21
-3.7805735433070864
0
LINE
8
BLACK
6
CONTINUOUS
10
6.2174841338582674
20
-3.7805735433070864
11
6.2179102755905511
21
-3.7809996850393701
0
LINE
8
BLACK
6
CONTINUOUS
10
6.2179102755905511
20
-3.7809996850393701
11
6.217970196850394
21
-3.7820509448818895
0
LINE
8
BLACK
6
CONTINUOUS
10
6.217970196850394
20
-3.7820509448818895
11
6.2179624803149602
21
-3.7820895669291339
0
LINE
8
BLACK
6
CONTINUOUS
10
6.2179624803149602
20
-3.7820895669291339
11
6.2179682283464563
21
-3.7821067322834643
0
LINE
8
BLACK
6
CONTINUOUS
10
6.2179682283464563
20
-3.7821067322834643
11
6.2179514173228343
21
-3.7821451968503936
0
LINE
8
BLACK
6
CONTINUOUS
10
6.2179514173228343
20
-3.7821451968503936
11
6.2179102755905511
21
-3.7823522834645669
0
LINE
8
BLACK
6
CONTINUOUS
10
6.2179102755905511
20
-3.7823522834645669
11
6.2178232283464565
21
-3.7824392913385827
0
LINE
8
BLACK
6
CONTINUOUS
10
6.2178232283464565
20
-3.7824392913385827
11
6.2175121653543304
21
-3.7831529921259843
0
LINE
8
BLACK
6
CONTINUOUS
10
6.2175121653543304
20
-3.7831529921259843
11
6.2174160236220475
21
-3.7832768503937007
0
LINE
8
BLACK
6
CONTINUOUS
10
6.2174160236220475
20
-3.7832768503937007
11
6.2174027165354326
21
-3.7833168110236222
0
LINE
8
BLACK
6
CONTINUOUS
10
6.2174027165354326
20
-3.7833168110236222
11
6.2173711023622049
21
-3.7833347244094488
0
LINE
8
BLACK
6
CONTINUOUS
10
6.2173711023622049
20
-3.7833347244094488
11
6.2173238188976381
21
-3.7833957086614172
0
LINE
8
BLACK
6
CONTINUOUS
10
6.2173238188976381
20
-3.7833957086614172
11
6.2171779921259844
21
-3.7834442913385824
0
LINE
8
BLACK
6
CONTINUOUS
10
6.2171779921259844
20
-3.7834442913385824
11
6.2164100787401573
21
-3.7838800787401574
0
LINE
8
BLACK
6
CONTINUOUS
10
6.2164100787401573
20
-3.7838800787401574
11
6.2163720472440946
21
-3.783890472440945
0
LINE
8
BLACK
6
CONTINUOUS
10
6.2163720472440946
20
-3.783890472440945
11
6.2163592913385823
21
-3.7839032677165352
0
LINE
8
BLACK
6
CONTINUOUS
10
6.2163592913385823
20
-3.7839032677165352
11
6.2163242913385828
21
-3.7839035433070864
0
LINE
8
BLACK
6
CONTINUOUS
10
6.2163242913385828
20
-3.7839035433070864
11
6.2161137401574802
21
-3.7839612204724409
0
LINE
8
BLACK
6
CONTINUOUS
10
6.2161137401574802
20
-3.7839612204724409
11
6.2159503149606294
21
-3.7839067322834645
0
LINE
8
BLACK
6
CONTINUOUS
10
6.2159503149606294
20
-3.7839067322834645
11
6.2127142125984252
21
-3.783934212598425
0
LINE
8
BLACK
6
CONTINUOUS
10
6.2127142125984252
20
-3.783934212598425
11
6.2127208661417326
21
-3.7843006692913383
0
LINE
8
BLACK
6
CONTINUOUS
10
6.2127208661417326
20
-3.7843006692913383
11
6.2126609448818897
21
-3.7846020078740157
0
LINE
8
BLACK
6
CONTINUOUS
10
6.2126609448818897
20
-3.7846020078740157
11
6.212234803149606
21
-3.785028149606299
0
LINE
8
BLACK
6
CONTINUOUS
10
6.212234803149606
20
-3.785028149606299
11
6.2116321259842522
21
-3.785028149606299
0
LINE
8
BLACK
6
CONTINUOUS
10
6.2116321259842522
20
-3.785028149606299
11
6.2112059842519685
21
-3.7846020078740157
0
LINE
8
BLACK
6
CONTINUOUS
10
6.2112059842519685
20
-3.7846020078740157
11
6.2111940944881887
21
-3.7839471653543306
0
LINE
8
BLACK
6
CONTINUOUS
10
6.2111940944881887
20
-3.7839471653543306
11
6.209308779527559
21
-3.7839631889763781
0
LINE
8
BLACK
6
CONTINUOUS
10
6.209308779527559
20
-3.7839631889763781
11
6.2090074409448821
21
-3.7839032677165352
0
LINE
8
BLACK
6
CONTINUOUS
10
6.2090074409448821
20
-3.7839032677165352
11
6.2085812992125984
21
-3.7834771259842519
0
LINE
8
BLACK
6
CONTINUOUS
10
6.2085812992125984
20
-3.7834771259842519
11
6.2085812992125984
21
-3.7828744488188977
0
LINE
8
BLACK
6
CONTINUOUS
10
6.2085812992125984
20
-3.7828744488188977
11
6.2090074409448821
21
-3.7824483070866139
0
LINE
8
BLACK
6
CONTINUOUS
10
6.2090074409448821
20
-3.7824483070866139
11
6.2111665354330707
21
-3.7824299212598422
0
LINE
8
BLACK
6
CONTINUOUS
10
6.2111665354330707
20
-3.7824299212598422
11
6.2111460629921256
21
-3.781301023622047
0
LINE
8
BLACK
6
CONTINUOUS
10
6.2111460629921256
20
-3.781301023622047
11
6.2112059842519685
21
-3.7809996850393701
0
LINE
8
BLACK
6
CONTINUOUS
10
6.2112059842519685
20
-3.7809996850393701
11
6.2116321259842522
21
-3.7805735433070864
0
LINE
8
BLACK
6
CONTINUOUS
10
6.2116321259842522
20
-3.7805735433070864
11
6.212234803149606
21
-3.7805735433070864
0
LINE
8
BLACK
6
CONTINUOUS
10
6.212234803149606
20
-3.7805735433070864
11
6.2126609448818897
21
-3.7809996850393701
0
LINE
8
BLACK
6
CONTINUOUS
10
6.1805087007874011
20
-3.7780000787401575
11
6.1805577165354331
21
-3.7813155511811023
0
LINE
8
BLACK
6
CONTINUOUS
10
6.1805577165354331
20
-3.7813155511811023
11
6.1827816929133856
21
-3.781299251968504
0
LINE
8
BLACK
6
CONTINUOUS
10
6.1827816929133856
20
-3.781299251968504
11
6.182743346456693
21
-3.7794262992125982
0
LINE
8
BLACK
6
CONTINUOUS
10
6.182743346456693
20
-3.7794262992125982
11
6.182803267716535
21
-3.7791249606299213
0
LINE
8
BLACK
6
CONTINUOUS
10
6.182803267716535
20
-3.7791249606299213
11
6.1832294094488187
21
-3.7786988188976376
0
LINE
8
BLACK
6
CONTINUOUS
10
6.1832294094488187
20
-3.7786988188976376
11
6.1838320866141734
21
-3.7786988188976376
0
LINE
8
BLACK
6
CONTINUOUS
10
6.1838320866141734
20
-3.7786988188976376
11
6.1842582283464562
21
-3.7791249606299213
0
LINE
8
BLACK
6
CONTINUOUS
10
6.1842582283464562
20
-3.7791249606299213
11
6.1843025196850396
21
-3.7812881102362206
0
LINE
8
BLACK
6
CONTINUOUS
10
6.1843025196850396
20
-3.7812881102362206
11
6.1869116929133856
21
-3.7812689763779526
0
LINE
8
BLACK
6
CONTINUOUS
10
6.1869116929133856
20
-3.7812689763779526
11
6.1868678346456694
21
-3.7783014173228344
0
LINE
8
BLACK
6
CONTINUOUS
10
6.1868678346456694
20
-3.7783014173228344
11
6.1869277559055114
21
-3.7780000787401575
0
LINE
8
BLACK
6
CONTINUOUS
10
6.1869277559055114
20
-3.7780000787401575
11
6.1873538976377951
21
-3.7775739370078738
0
LINE
8
BLACK
6
CONTINUOUS
10
6.1873538976377951
20
-3.7775739370078738
11
6.1879565748031498
21
-3.7775739370078738
0
LINE
8
BLACK
6
CONTINUOUS
10
6.1879565748031498
20
-3.7775739370078738
11
6.1883827165354326
21
-3.7780000787401575
0
LINE
8
BLACK
6
CONTINUOUS
10
6.1883827165354326
20
-3.7780000787401575
11
6.1884426377952755
21
-3.7820509448818895
0
LINE
8
BLACK
6
CONTINUOUS
10
6.1884426377952755
20
-3.7820509448818895
11
6.1883827165354326
21
-3.7823522834645669
0
LINE
8
BLACK
6
CONTINUOUS
10
6.1883827165354326
20
-3.7823522834645669
11
6.1879565748031498
21
-3.7827784251968501
0
LINE
8
BLACK
6
CONTINUOUS
10
6.1879565748031498
20
-3.7827784251968501
11
6.1797812204724405
21
-3.782838346456693
0
LINE
8
BLACK
6
CONTINUOUS
10
6.1797812204724405
20
-3.782838346456693
11
6.1794798818897636
21
-3.7827784251968501
0
LINE
8
BLACK
6
CONTINUOUS
10
6.1794798818897636
20
-3.7827784251968501
11
6.1790537401574799
21
-3.7823522834645669
0
LINE
8
BLACK
6
CONTINUOUS
10
6.1790537401574799
20
-3.7823522834645669
11
6.1789938188976379
21
-3.7783014173228344
0
LINE
8
BLACK
6
CONTINUOUS
10
6.1789938188976379
20
-3.7783014173228344
11
6.1790537401574799
21
-3.7780000787401575
0
LINE
8
BLACK
6
CONTINUOUS
10
6.1790537401574799
20
-3.7780000787401575
11
6.1794798818897636
21
-3.7775739370078738
0
LINE
8
BLACK
6
CONTINUOUS
10
6.1794798818897636
20
-3.7775739370078738
11
6.1800825590551183
21
-3.7775739370078738
0
LINE
8
BLACK
6
CONTINUOUS
10
6.1800825590551183
20
-3.7775739370078738
11
6.1805087007874011
21
-3.7780000787401575
0
LINE
8
BLACK
6
CONTINUOUS
10
6.1970066535433066
20
-3.7757503937007875
11
6.1970066535433066
21
-3.7763530708661417
0
LINE
8
BLACK
6
CONTINUOUS
10
6.1970066535433066
20
-3.7763530708661417
11
6.196538346456693
21
-3.77689405511811
0
LINE
8
BLACK
6
CONTINUOUS
10
6.196538346456693
20
-3.77689405511811
11
6.1962861417322834
21
-3.7777663385826772
0
LINE
8
BLACK
6
CONTINUOUS
10
6.1962861417322834
20
-3.7777663385826772
11
6.1963161417322832
21
-3.7782925984251969
0
LINE
8
BLACK
6
CONTINUOUS
10
6.1963161417322832
20
-3.7782925984251969
11
6.1966103937007873
21
-3.7790695275590549
0
LINE
8
BLACK
6
CONTINUOUS
10
6.1966103937007873
20
-3.7790695275590549
11
6.1971894881889762
21
-3.7795998031496061
0
LINE
8
BLACK
6
CONTINUOUS
10
6.1971894881889762
20
-3.7795998031496061
11
6.1977561417322837
21
-3.7798468503937008
0
LINE
8
BLACK
6
CONTINUOUS
10
6.1977561417322837
20
-3.7798468503937008
11
6.1978033464566931
21
-3.7798834645669293
0
LINE
8
BLACK
6
CONTINUOUS
10
6.1978033464566931
20
-3.7798834645669293
11
6.199094803149606
21
-3.7801622047244092
0
LINE
8
BLACK
6
CONTINUOUS
10
6.199094803149606
20
-3.7801622047244092
11
6.1991253937007871
21
-3.7801766141732283
0
LINE
8
BLACK
6
CONTINUOUS
10
6.1991253937007871
20
-3.7801766141732283
11
6.2000287007874011
21
-3.7801387007874014
0
LINE
8
BLACK
6
CONTINUOUS
10
6.2000287007874011
20
-3.7801387007874014
11
6.200072598425197
21
-3.7801474015748031
0
LINE
8
BLACK
6
CONTINUOUS
10
6.200072598425197
20
-3.7801474015748031
11
6.2013375196850395
21
-3.779787244094488
0
LINE
8
BLACK
6
CONTINUOUS
10
6.2013375196850395
20
-3.779787244094488
11
6.2013737401574804
21
-3.779785472440945
0
LINE
8
BLACK
6
CONTINUOUS
10
6.2013737401574804
20
-3.779785472440945
11
6.2019129921259841
21
-3.7794794488188974
0
LINE
8
BLACK
6
CONTINUOUS
10
6.2019129921259841
20
-3.7794794488188974
11
6.2023962204724405
21
-3.778951771653543
0
LINE
8
BLACK
6
CONTINUOUS
10
6.2023962204724405
20
-3.778951771653543
11
6.2026463385826771
21
-3.7780866535433071
0
LINE
8
BLACK
6
CONTINUOUS
10
6.2026463385826771
20
-3.7780866535433071
11
6.2026163385826774
21
-3.7775603543307086
0
LINE
8
BLACK
6
CONTINUOUS
10
6.2026163385826774
20
-3.7775603543307086
11
6.2023335433070867
21
-3.7768135826771654
0
LINE
8
BLACK
6
CONTINUOUS
10
6.2023335433070867
20
-3.7768135826771654
11
6.2020966141732279
21
-3.7766085039370076
0
LINE
8
BLACK
6
CONTINUOUS
10
6.2020966141732279
20
-3.7766085039370076
11
6.2019259055118106
21
-3.7763530708661417
0
LINE
8
BLACK
6
CONTINUOUS
10
6.2019259055118106
20
-3.7763530708661417
11
6.2019259055118106
21
-3.7757503937007875
0
LINE
8
BLACK
6
CONTINUOUS
10
6.2019259055118106
20
-3.7757503937007875
11
6.2023520472440943
21
-3.7753242519685037
0
LINE
8
BLACK
6
CONTINUOUS
10
6.2023520472440943
20
-3.7753242519685037
11
6.2029547244094489
21
-3.7753242519685037
0
LINE
8
BLACK
6
CONTINUOUS
10
6.2029547244094489
20
-3.7753242519685037
11
6.2035851181102357
21
-3.7758699212598423
0
LINE
8
BLACK
6
CONTINUOUS
10
6.2035851181102357
20
-3.7758699212598423
11
6.203607007874016
21
-3.7759026771653543
0
LINE
8
BLACK
6
CONTINUOUS
10
6.203607007874016
20
-3.7759026771653543
11
6.2036232283464567
21
-3.7759107874015747
0
LINE
8
BLACK
6
CONTINUOUS
10
6.2036232283464567
20
-3.7759107874015747
11
6.2036373228346458
21
-3.7759480708661415
0
LINE
8
BLACK
6
CONTINUOUS
10
6.2036373228346458
20
-3.7759480708661415
11
6.203755826771653
21
-3.7761253543307087
0
LINE
8
BLACK
6
CONTINUOUS
10
6.203755826771653
20
-3.7761253543307087
11
6.203755826771653
21
-3.776260905511811
0
LINE
8
BLACK
6
CONTINUOUS
10
6.203755826771653
20
-3.776260905511811
11
6.2041302362204727
21
-3.77724968503937
0
LINE
8
BLACK
6
CONTINUOUS
10
6.2041302362204727
20
-3.77724968503937
11
6.2041307480314956
21
-3.7772501968503938
0
LINE
8
BLACK
6
CONTINUOUS
10
6.2041307480314956
20
-3.7772501968503938
11
6.2041307874015743
21
-3.7772511023622046
0
LINE
8
BLACK
6
CONTINUOUS
10
6.2041307874015743
20
-3.7772511023622046
11
6.2041502755905507
21
-3.7773025590551179
0
LINE
8
BLACK
6
CONTINUOUS
10
6.2041502755905507
20
-3.7773025590551179
11
6.2041887007874017
21
-3.7776073622047242
0
LINE
8
BLACK
6
CONTINUOUS
10
6.2041887007874017
20
-3.7776073622047242
11
6.2041549212598426
21
-3.7776748425196849
0
LINE
8
BLACK
6
CONTINUOUS
10
6.2041549212598426
20
-3.7776748425196849
11
6.2041873228346454
21
-3.7782428740157479
0
LINE
8
BLACK
6
CONTINUOUS
10
6.2041873228346454
20
-3.7782428740157479
11
6.2041887007874017
21
-3.7782456299212597
0
LINE
8
BLACK
6
CONTINUOUS
10
6.2041887007874017
20
-3.7782456299212597
11
6.2041876771653541
21
-3.7782491338582678
0
LINE
8
BLACK
6
CONTINUOUS
10
6.2041876771653541
20
-3.7782491338582678
11
6.2041906692913384
21
-3.7783014566929132
0
LINE
8
BLACK
6
CONTINUOUS
10
6.2041906692913384
20
-3.7783014566929132
11
6.2041307480314956
21
-3.7786027952755905
0
LINE
8
BLACK
6
CONTINUOUS
10
6.2041307480314956
20
-3.7786027952755905
11
6.2040669685039367
21
-3.7786665354330706
0
LINE
8
BLACK
6
CONTINUOUS
10
6.2040669685039367
20
-3.7786665354330706
11
6.2037753543307081
21
-3.7796752755905509
0
LINE
8
BLACK
6
CONTINUOUS
10
6.2037753543307081
20
-3.7796752755905509
11
6.203755826771653
21
-3.7797095275590551
0
LINE
8
BLACK
6
CONTINUOUS
10
6.203755826771653
20
-3.7797095275590551
11
6.203755826771653
21
-3.7797276377952755
0
LINE
8
BLACK
6
CONTINUOUS
10
6.203755826771653
20
-3.7797276377952755
11
6.2037285039370076
21
-3.779757440944882
0
LINE
8
BLACK
6
CONTINUOUS
10
6.2037285039370076
20
-3.779757440944882
11
6.2036232283464567
21
-3.7799422047244096
0
LINE
8
BLACK
6
CONTINUOUS
10
6.2036232283464567
20
-3.7799422047244096
11
6.2035053543307086
21
-3.7800011023622044
0
LINE
8
BLACK
6
CONTINUOUS
10
6.2035053543307086
20
-3.7800011023622044
11
6.2028736220472442
21
-3.7806909842519683
0
LINE
8
BLACK
6
CONTINUOUS
10
6.2028736220472442
20
-3.7806909842519683
11
6.2028732677165355
21
-3.7806921653543308
0
LINE
8
BLACK
6
CONTINUOUS
10
6.2028732677165355
20
-3.7806921653543308
11
6.2028718110236216
21
-3.7806929527559054
0
LINE
8
BLACK
6
CONTINUOUS
10
6.2028718110236216
20
-3.7806929527559054
11
6.2028351968503932
21
-3.780732992125984
0
LINE
8
BLACK
6
CONTINUOUS
10
6.2028351968503932
20
-3.780732992125984
11
6.2025797637795277
21
-3.7809037007874013
0
LINE
8
BLACK
6
CONTINUOUS
10
6.2025797637795277
20
-3.7809037007874013
11
6.2025004724409447
21
-3.7809037007874013
0
LINE
8
BLACK
6
CONTINUOUS
10
6.2025004724409447
20
-3.7809037007874013
11
6.2018806299212601
21
-3.7812554330708661
0
LINE
8
BLACK
6
CONTINUOUS
10
6.2018806299212601
20
-3.7812554330708661
11
6.2015842913385821
21
-3.7813365748031496
0
LINE
8
BLACK
6
CONTINUOUS
10
6.2015842913385821
20
-3.7813365748031496
11
6.2015274015748032
21
-3.7813175984251965
0
LINE
8
BLACK
6
CONTINUOUS
10
6.2015274015748032
20
-3.7813175984251965
11
6.2002196850393698
21
-3.7816899999999998
0
LINE
8
BLACK
6
CONTINUOUS
10
6.2002196850393698
20
-3.7816899999999998
11
6.1999127952755906
21
-3.7817049606299213
0
LINE
8
BLACK
6
CONTINUOUS
10
6.1999127952755906
20
-3.7817049606299213
11
6.1998600393700789
21
-3.781673307086614
0
LINE
8
BLACK
6
CONTINUOUS
10
6.1998600393700789
20
-3.781673307086614
11
6.1989038582677161
21
-3.781713503937008
0
LINE
8
BLACK
6
CONTINUOUS
10
6.1989038582677161
20
-3.781713503937008
11
6.1986025196850392
21
-3.7816535826771651
0
LINE
8
BLACK
6
CONTINUOUS
10
6.1986025196850392
20
-3.7816535826771651
11
6.1985531889763781
21
-3.781604251968504
0
LINE
8
BLACK
6
CONTINUOUS
10
6.1985531889763781
20
-3.781604251968504
11
6.1972130314960632
21
-3.7813150393700785
0
LINE
8
BLACK
6
CONTINUOUS
10
6.1972130314960632
20
-3.7813150393700785
11
6.1969352362204724
21
-3.7811838188976377
0
LINE
8
BLACK
6
CONTINUOUS
10
6.1969352362204724
20
-3.7811838188976377
11
6.1969130708661417
21
-3.7811468503937009
0
LINE
8
BLACK
6
CONTINUOUS
10
6.1969130708661417
20
-3.7811468503937009
11
6.1963551968503934
21
-3.7809037007874013
0
LINE
8
BLACK
6
CONTINUOUS
10
6.1963551968503934
20
-3.7809037007874013
11
6.1963527952755904
21
-3.7809037007874013
0
LINE
8
BLACK
6
CONTINUOUS
10
6.1963527952755904
20
-3.7809037007874013
11
6.1963505905511811
21
-3.7809016929133858
0
LINE
8
BLACK
6
CONTINUOUS
10
6.1963505905511811
20
-3.7809016929133858
11
6.1963020078740154
21
-3.7808805118110236
0
LINE
8
BLACK
6
CONTINUOUS
10
6.1963020078740154
20
-3.7808805118110236
11
6.1960592913385826
21
-3.7806921653543308
0
LINE
8
BLACK
6
CONTINUOUS
10
6.1960592913385826
20
-3.7806921653543308
11
6.1960318110236221
21
-3.7806097637795273
0
LINE
8
BLACK
6
CONTINUOUS
10
6.1960318110236221
20
-3.7806097637795273
11
6.1953474409448814
21
-3.7799830708661415
0
LINE
8
BLACK
6
CONTINUOUS
10
6.1953474409448814
20
-3.7799830708661415
11
6.1953255511811021
21
-3.7799503149606299
0
LINE
8
BLACK
6
CONTINUOUS
10
6.1953255511811021
20
-3.7799503149606299
11
6.1953093700787401
21
-3.7799422440944883
0
LINE
8
BLACK
6
CONTINUOUS
10
6.1953093700787401
20
-3.7799422440944883
11
6.1952952362204723
21
-3.7799049606299211
0
LINE
8
BLACK
6
CONTINUOUS
10
6.1952952362204723
20
-3.7799049606299211
11
6.1951767322834641
21
-3.7797276377952755
0
LINE
8
BLACK
6
CONTINUOUS
10
6.1951767322834641
20
-3.7797276377952755
11
6.1951767322834641
21
-3.7795920078740157
0
LINE
8
BLACK
6
CONTINUOUS
10
6.1951767322834641
20
-3.7795920078740157
11
6.1948022047244091
21
-3.7786032283464568
0
LINE
8
BLACK
6
CONTINUOUS
10
6.1948022047244091
20
-3.7786032283464568
11
6.1948017716535428
21
-3.7786027952755905
0
LINE
8
BLACK
6
CONTINUOUS
10
6.1948017716535428
20
-3.7786027952755905
11
6.1948016929133853
21
-3.7786018897637796
0
LINE
8
BLACK
6
CONTINUOUS
10
6.1948016929133853
20
-3.7786018897637796
11
6.1947822440944877
21
-3.7785504724409447
0
LINE
8
BLACK
6
CONTINUOUS
10
6.1947822440944877
20
-3.7785504724409447
11
6.1947438188976376
21
-3.7782456299212597
0
LINE
8
BLACK
6
CONTINUOUS
10
6.1947438188976376
20
-3.7782456299212597
11
6.194777559055118
21
-3.7781781102362202
0
LINE
8
BLACK
6
CONTINUOUS
10
6.194777559055118
20
-3.7781781102362202
11
6.1947451574803152
21
-3.7776100787401572
0
LINE
8
BLACK
6
CONTINUOUS
10
6.1947451574803152
20
-3.7776100787401572
11
6.1947438188976376
21
-3.7776073622047242
0
LINE
8
BLACK
6
CONTINUOUS
10
6.1947438188976376
20
-3.7776073622047242
11
6.1947448031496064
21
-3.7776038188976377
0
LINE
8
BLACK
6
CONTINUOUS
10
6.1947448031496064
20
-3.7776038188976377
11
6.1947418503937008
21
-3.7775515354330707
0
LINE
8
BLACK
6
CONTINUOUS
10
6.1947418503937008
20
-3.7775515354330707
11
6.1948017716535428
21
-3.7772501968503938
0
LINE
8
BLACK
6
CONTINUOUS
10
6.1948017716535428
20
-3.7772501968503938
11
6.1948655118110239
21
-3.7771864173228344
0
LINE
8
BLACK
6
CONTINUOUS
10
6.1948655118110239
20
-3.7771864173228344
11
6.1951572440944878
21
-3.7761776771653541
0
LINE
8
BLACK
6
CONTINUOUS
10
6.1951572440944878
20
-3.7761776771653541
11
6.1951767322834641
21
-3.7761434645669292
0
LINE
8
BLACK
6
CONTINUOUS
10
6.1951767322834641
20
-3.7761434645669292
11
6.1951767322834641
21
-3.7761253543307087
0
LINE
8
BLACK
6
CONTINUOUS
10
6.1951767322834641
20
-3.7761253543307087
11
6.1952069685039373
21
-3.7760903937007875
0
LINE
8
BLACK
6
CONTINUOUS
10
6.1952069685039373
20
-3.7760903937007875
11
6.1953093700787401
21
-3.775910748031496
0
LINE
8
BLACK
6
CONTINUOUS
10
6.1953093700787401
20
-3.775910748031496
11
6.1954030314960624
21
-3.7758638976377954
0
LINE
8
BLACK
6
CONTINUOUS
10
6.1954030314960624
20
-3.7758638976377954
11
6.1957224015748027
21
-3.7754949606299211
0
LINE
8
BLACK
6
CONTINUOUS
10
6.1957224015748027
20
-3.7754949606299211
11
6.1959778346456691
21
-3.7753242519685037
0
LINE
8
BLACK
6
CONTINUOUS
10
6.1959778346456691
20
-3.7753242519685037
11
6.1965805118110238
21
-3.7753242519685037
0
LINE
8
BLACK
6
CONTINUOUS
10
6.1965805118110238
20
-3.7753242519685037
11
6.1970066535433066
21
-3.7757503937007875
0
LINE
8
BLACK
6
CONTINUOUS
10
6.2177776377952751
20
-3.7770355511811022
11
6.2179682283464563
21
-3.7776072834645666
0
LINE
8
BLACK
6
CONTINUOUS
10
6.2179682283464563
20
-3.7776072834645666
11
6.2175121653543304
21
-3.7786535433070867
0
LINE
8
BLACK
6
CONTINUOUS
10
6.2175121653543304
20
-3.7786535433070867
11
6.2174160236220475
21
-3.778777401574803
0
LINE
8
BLACK
6
CONTINUOUS
10
6.2174160236220475
20
-3.778777401574803
11
6.2174027165354326
21
-3.7788173622047245
0
LINE
8
BLACK
6
CONTINUOUS
10
6.2174027165354326
20
-3.7788173622047245
11
6.2173711023622049
21
-3.7788352755905512
0
LINE
8
BLACK
6
CONTINUOUS
10
6.2173711023622049
20
-3.7788352755905512
11
6.2173238188976381
21
-3.7788962598425195
0
LINE
8
BLACK
6
CONTINUOUS
10
6.2173238188976381
20
-3.7788962598425195
11
6.2171779921259844
21
-3.7789448425196848
0
LINE
8
BLACK
6
CONTINUOUS
10
6.2171779921259844
20
-3.7789448425196848
11
6.2164100787401573
21
-3.7793806299212598
0
LINE
8
BLACK
6
CONTINUOUS
10
6.2164100787401573
20
-3.7793806299212598
11
6.2163720472440946
21
-3.7793910236220474
0
LINE
8
BLACK
6
CONTINUOUS
10
6.2163720472440946
20
-3.7793910236220474
11
6.2163592913385823
21
-3.7794038188976375
0
LINE
8
BLACK
6
CONTINUOUS
10
6.2163592913385823
20
-3.7794038188976375
11
6.2163242913385828
21
-3.7794040944881888
0
LINE
8
BLACK
6
CONTINUOUS
10
6.2163242913385828
20
-3.7794040944881888
11
6.2161137401574802
21
-3.7794617716535432
0
LINE
8
BLACK
6
CONTINUOUS
10
6.2161137401574802
20
-3.7794617716535432
11
6.2159503149606294
21
-3.7794072834645669
0
LINE
8
BLACK
6
CONTINUOUS
10
6.2159503149606294
20
-3.7794072834645669
11
6.209308779527559
21
-3.7794637401574804
0
LINE
8
BLACK
6
CONTINUOUS
10
6.209308779527559
20
-3.7794637401574804
11
6.2090074409448821
21
-3.7794038188976375
0
LINE
8
BLACK
6
CONTINUOUS
10
6.2090074409448821
20
-3.7794038188976375
11
6.2085812992125984
21
-3.7789776771653543
0
LINE
8
BLACK
6
CONTINUOUS
10
6.2085812992125984
20
-3.7789776771653543
11
6.2085812992125984
21
-3.778375
0
LINE
8
BLACK
6
CONTINUOUS
10
6.2085812992125984
20
-3.778375
11
6.2090074409448821
21
-3.7779488582677163
0
LINE
8
BLACK
6
CONTINUOUS
10
6.2090074409448821
20
-3.7779488582677163
11
6.2159397244094485
21
-3.7778899212598422
0
LINE
8
BLACK
6
CONTINUOUS
10
6.2159397244094485
20
-3.7778899212598422
11
6.2162555905511807
21
-3.7777107086614174
0
LINE
8
BLACK
6
CONTINUOUS
10
6.2162555905511807
20
-3.7777107086614174
11
6.2164785039370081
21
-3.7771993700787401
0
LINE
8
BLACK
6
CONTINUOUS
10
6.2164785039370081
20
-3.7771993700787401
11
6.2166668503937004
21
-3.7769566535433068
0
LINE
8
BLACK
6
CONTINUOUS
10
6.2166668503937004
20
-3.7769566535433068
11
6.2172385826771652
21
-3.776766062992126
0
LINE
8
BLACK
6
CONTINUOUS
10
6.2172385826771652
20
-3.776766062992126
11
6.2177776377952751
21
-3.7770355511811022
0
LINE
8
BLACK
6
CONTINUOUS
10
6.2275326771653541
20
-3.7733972047244095
11
6.2275498425196849
21
-3.7733914960629922
0
LINE
8
BLACK
6
CONTINUOUS
10
6.2275498425196849
20
-3.7733914960629922
11
6.2275883464566926
21
-3.7734082677165355
0
LINE
8
BLACK
6
CONTINUOUS
10
6.2275883464566926
20
-3.7734082677165355
11
6.2277953543307083
21
-3.7734494488188974
0
LINE
8
BLACK
6
CONTINUOUS
10
6.2277953543307083
20
-3.7734494488188974
11
6.2278823622047241
21
-3.7735364566929133
0
LINE
8
BLACK
6
CONTINUOUS
10
6.2278823622047241
20
-3.7735364566929133
11
6.2285428740157478
21
-3.7738244094488187
0
LINE
8
BLACK
6
CONTINUOUS
10
6.2285428740157478
20
-3.7738244094488187
11
6.2285452755905508
21
-3.7738244094488187
0
LINE
8
BLACK
6
CONTINUOUS
10
6.2285452755905508
20
-3.7738244094488187
11
6.2285476771653538
21
-3.7738264960629921
0
LINE
8
BLACK
6
CONTINUOUS
10
6.2285476771653538
20
-3.7738264960629921
11
6.2285960629921258
21
-3.7738475984251969
0
LINE
8
BLACK
6
CONTINUOUS
10
6.2285960629921258
20
-3.7738475984251969
11
6.2288387795275586
21
-3.7740359842519684
0
LINE
8
BLACK
6
CONTINUOUS
10
6.2288387795275586
20
-3.7740359842519684
11
6.2288586614173225
21
-3.7740956692913383
0
LINE
8
BLACK
6
CONTINUOUS
10
6.2288586614173225
20
-3.7740956692913383
11
6.2291296850393696
21
-3.7743302755905512
0
LINE
8
BLACK
6
CONTINUOUS
10
6.2291296850393696
20
-3.7743302755905512
11
6.2291348425196853
21
-3.7743320078740155
0
LINE
8
BLACK
6
CONTINUOUS
10
6.2291348425196853
20
-3.7743320078740155
11
6.2291378740157475
21
-3.7743373622047245
0
LINE
8
BLACK
6
CONTINUOUS
10
6.2291378740157475
20
-3.7743373622047245
11
6.2291756692913385
21
-3.7743700787401573
0
LINE
8
BLACK
6
CONTINUOUS
10
6.2291756692913385
20
-3.7743700787401573
11
6.2293463779527558
21
-3.7746255118110237
0
LINE
8
BLACK
6
CONTINUOUS
10
6.2293463779527558
20
-3.7746255118110237
11
6.2293463779527558
21
-3.7747048031496062
0
LINE
8
BLACK
6
CONTINUOUS
10
6.2293463779527558
20
-3.7747048031496062
11
6.2296981102362201
21
-3.77532468503937
0
LINE
8
BLACK
6
CONTINUOUS
10
6.2296981102362201
20
-3.77532468503937
11
6.2297084645669294
21
-3.7753625984251968
0
LINE
8
BLACK
6
CONTINUOUS
10
6.2297084645669294
20
-3.7753625984251968
11
6.2297212992125983
21
-3.7753754330708662
0
LINE
8
BLACK
6
CONTINUOUS
10
6.2297212992125983
20
-3.7753754330708662
11
6.2297225590551184
21
-3.7754140157480314
0
LINE
8
BLACK
6
CONTINUOUS
10
6.2297225590551184
20
-3.7754140157480314
11
6.2297792519685036
21
-3.7756209842519683
0
LINE
8
BLACK
6
CONTINUOUS
10
6.2297792519685036
20
-3.7756209842519683
11
6.2297339763779522
21
-3.7757567716535432
0
LINE
8
BLACK
6
CONTINUOUS
10
6.2297339763779522
20
-3.7757567716535432
11
6.2297803937007874
21
-3.7771525196850391
0
LINE
8
BLACK
6
CONTINUOUS
10
6.2297803937007874
20
-3.7771525196850391
11
6.2316185039370078
21
-3.7771390551181101
0
LINE
8
BLACK
6
CONTINUOUS
10
6.2316185039370078
20
-3.7771390551181101
11
6.2319198425196847
21
-3.7771989763779525
0
LINE
8
BLACK
6
CONTINUOUS
10
6.2319198425196847
20
-3.7771989763779525
11
6.2323459842519684
21
-3.7776251181102363
0
LINE
8
BLACK
6
CONTINUOUS
10
6.2323459842519684
20
-3.7776251181102363
11
6.2323459842519684
21
-3.7782277952755905
0
LINE
8
BLACK
6
CONTINUOUS
10
6.2323459842519684
20
-3.7782277952755905
11
6.2319198425196847
21
-3.7786539370078738
0
LINE
8
BLACK
6
CONTINUOUS
10
6.2319198425196847
20
-3.7786539370078738
11
6.228665393700787
21
-3.7786777559055116
0
LINE
8
BLACK
6
CONTINUOUS
10
6.228665393700787
20
-3.7786777559055116
11
6.2285631102362204
21
-3.7787118897637795
0
LINE
8
BLACK
6
CONTINUOUS
10
6.2285631102362204
20
-3.7787118897637795
11
6.2284973622047239
21
-3.7786790157480312
0
LINE
8
BLACK
6
CONTINUOUS
10
6.2284973622047239
20
-3.7786790157480312
11
6.2241776771653541
21
-3.7787106692913386
0
LINE
8
BLACK
6
CONTINUOUS
10
6.2241776771653541
20
-3.7787106692913386
11
6.2241752755905511
21
-3.7787118897637795
0
LINE
8
BLACK
6
CONTINUOUS
10
6.2241752755905511
20
-3.7787118897637795
11
6.224171771653543
21
-3.7787107086614173
0
LINE
8
BLACK
6
CONTINUOUS
10
6.224171771653543
20
-3.7787107086614173
11
6.2237444881889763
21
-3.7787138582677167
0
LINE
8
BLACK
6
CONTINUOUS
10
6.2237444881889763
20
-3.7787138582677167
11
6.2234431496062994
21
-3.7786539370078738
0
LINE
8
BLACK
6
CONTINUOUS
10
6.2234431496062994
20
-3.7786539370078738
11
6.2230170078740157
21
-3.7782277952755905
0
LINE
8
BLACK
6
CONTINUOUS
10
6.2230170078740157
20
-3.7782277952755905
11
6.2230170078740157
21
-3.7776251181102363
0
LINE
8
BLACK
6
CONTINUOUS
10
6.2230170078740157
20
-3.7776251181102363
11
6.2230666929133855
21
-3.7775753937007872
0
LINE
8
BLACK
6
CONTINUOUS
10
6.2230666929133855
20
-3.7775753937007872
11
6.2230402362204726
21
-3.7775287401574804
0
LINE
8
BLACK
6
CONTINUOUS
10
6.2230402362204726
20
-3.7775287401574804
11
6.2230298031496059
21
-3.7774907086614173
0
LINE
8
BLACK
6
CONTINUOUS
10
6.2230298031496059
20
-3.7774907086614173
11
6.2230170078740157
21
-3.7774779133858267
0
LINE
8
BLACK
6
CONTINUOUS
10
6.2230170078740157
20
-3.7774779133858267
11
6.2230157086614168
21
-3.7774392519685041
0
LINE
8
BLACK
6
CONTINUOUS
10
6.2230157086614168
20
-3.7774392519685041
11
6.2229590551181104
21
-3.7772324015748029
0
LINE
8
BLACK
6
CONTINUOUS
10
6.2229590551181104
20
-3.7772324015748029
11
6.2230042913385821
21
-3.7770965748031493
0
LINE
8
BLACK
6
CONTINUOUS
10
6.2230042913385821
20
-3.7770965748031493
11
6.2229570866141728
21
-3.7756767716535431
0
LINE
8
BLACK
6
CONTINUOUS
10
6.2229570866141728
20
-3.7756767716535431
11
6.2229647637795278
21
-3.7756380708661417
0
LINE
8
BLACK
6
CONTINUOUS
10
6.2229647637795278
20
-3.7756380708661417
11
6.2229590551181104
21
-3.7756209448818896
0
LINE
8
BLACK
6
CONTINUOUS
10
6.2229590551181104
20
-3.7756209448818896
11
6.2229758267716537
21
-3.7755824015748032
0
LINE
8
BLACK
6
CONTINUOUS
10
6.2229758267716537
20
-3.7755824015748032
11
6.2230170078740157
21
-3.7753754330708662
0
LINE
8
BLACK
6
CONTINUOUS
10
6.2230170078740157
20
-3.7753754330708662
11
6.2231040157480315
21
-3.7752883858267716
0
LINE
8
BLACK
6
CONTINUOUS
10
6.2231040157480315
20
-3.7752883858267716
11
6.2233919685039369
21
-3.7746279133858267
0
LINE
8
BLACK
6
CONTINUOUS
10
6.2233919685039369
20
-3.7746279133858267
11
6.2233919685039369
21
-3.7746255118110237
0
LINE
8
BLACK
6
CONTINUOUS
10
6.2233919685039369
20
-3.7746255118110237
11
6.2233940551181099
21
-3.7746230708661415
0
LINE
8
BLACK
6
CONTINUOUS
10
6.2233940551181099
20
-3.7746230708661415
11
6.2234151574803152
21
-3.7745747244094487
0
LINE
8
BLACK
6
CONTINUOUS
10
6.2234151574803152
20
-3.7745747244094487
11
6.2236035433070862
21
-3.7743320078740155
0
LINE
8
BLACK
6
CONTINUOUS
10
6.2236035433070862
20
-3.7743320078740155
11
6.2236632283464566
21
-3.7743120866141733
0
LINE
8
BLACK
6
CONTINUOUS
10
6.2236632283464566
20
-3.7743120866141733
11
6.2238977952755903
21
-3.7740411023622045
0
LINE
8
BLACK
6
CONTINUOUS
10
6.2238977952755903
20
-3.7740411023622045
11
6.2238995275590554
21
-3.7740359842519684
0
LINE
8
BLACK
6
CONTINUOUS
10
6.2238995275590554
20
-3.7740359842519684
11
6.223904881889764
21
-3.7740329133858266
0
LINE
8
BLACK
6
CONTINUOUS
10
6.223904881889764
20
-3.7740329133858266
11
6.2239376377952755
21
-3.773995118110236
0
LINE
8
BLACK
6
CONTINUOUS
10
6.2239376377952755
20
-3.773995118110236
11
6.2241930708661419
21
-3.7738244094488187
0
LINE
8
BLACK
6
CONTINUOUS
10
6.2241930708661419
20
-3.7738244094488187
11
6.2242723228346453
21
-3.7738244094488187
0
LINE
8
BLACK
6
CONTINUOUS
10
6.2242723228346453
20
-3.7738244094488187
11
6.224892125984252
21
-3.7734726771653544
0
LINE
8
BLACK
6
CONTINUOUS
10
6.224892125984252
20
-3.7734726771653544
11
6.2249301181102359
21
-3.773462244094488
0
LINE
8
BLACK
6
CONTINUOUS
10
6.2249301181102359
20
-3.773462244094488
11
6.2249429527559057
21
-3.7734494488188974
0
LINE
8
BLACK
6
CONTINUOUS
10
6.2249429527559057
20
-3.7734494488188974
11
6.224980078740157
21
-3.7734485433070866
0
LINE
8
BLACK
6
CONTINUOUS
10
6.224980078740157
20
-3.7734485433070866
11
6.2251884645669291
21
-3.7733914960629922
0
LINE
8
BLACK
6
CONTINUOUS
10
6.2251884645669291
20
-3.7733914960629922
11
6.225334724409449
21
-3.7734402362204724
0
LINE
8
BLACK
6
CONTINUOUS
10
6.225334724409449
20
-3.7734402362204724
11
6.2274940157480314
21
-3.773389527559055
0
LINE
8
BLACK
6
CONTINUOUS
10
6.2274940157480314
20
-3.773389527559055
11
6.2275326771653541
21
-3.7733972047244095
0
LINE
8
BLACK
6
CONTINUOUS
10
6.2253657480314963
20
-3.7749614566929135
11
6.2248987401574798
21
-3.775226496062992
0
LINE
8
BLACK
6
CONTINUOUS
10
6.2248987401574798
20
-3.775226496062992
11
6.2246968897637798
21
-3.7754596850393698
0
LINE
8
BLACK
6
CONTINUOUS
10
6.2246968897637798
20
-3.7754596850393698
11
6.2244905118110232
21
-3.7759331102362204
0
LINE
8
BLACK
6
CONTINUOUS
10
6.2244905118110232
20
-3.7759331102362204
11
6.2245277559055117
21
-3.7770528346456693
0
LINE
8
BLACK
6
CONTINUOUS
10
6.2245277559055117
20
-3.7770528346456693
11
6.2246058661417321
21
-3.7771904330708659
0
LINE
8
BLACK
6
CONTINUOUS
10
6.2246058661417321
20
-3.7771904330708659
11
6.2281412598425199
21
-3.7771645275590551
0
LINE
8
BLACK
6
CONTINUOUS
10
6.2281412598425199
20
-3.7771645275590551
11
6.2282477559055121
21
-3.7769201968503938
0
LINE
8
BLACK
6
CONTINUOUS
10
6.2282477559055121
20
-3.7769201968503938
11
6.2282105118110236
21
-3.7758004724409449
0
LINE
8
BLACK
6
CONTINUOUS
10
6.2282105118110236
20
-3.7758004724409449
11
6.227944212598425
21
-3.7753311417322832
0
LINE
8
BLACK
6
CONTINUOUS
10
6.227944212598425
20
-3.7753311417322832
11
6.2277110629921255
21
-3.7751293307086615
0
LINE
8
BLACK
6
CONTINUOUS
10
6.2277110629921255
20
-3.7751293307086615
11
6.2272257480314961
21
-3.7749177559055118
0
LINE
8
BLACK
6
CONTINUOUS
10
6.2272257480314961
20
-3.7749177559055118
11
6.2253657480314963
21
-3.7749614566929135
0
LINE
8
BLACK
6
CONTINUOUS
10
6.2174475984251965
20
-3.7726854724409447
11
6.2176921653543307
21
-3.7728318503937008
0
LINE
8
BLACK
6
CONTINUOUS
10
6.2176921653543307
20
-3.7728318503937008
11
6.2193499999999995
21
-3.7734458267716535
0
LINE
8
BLACK
6
CONTINUOUS
10
6.2193499999999995
20
-3.7734458267716535
11
6.2193554724409443
21
-3.7734494094488187
0
LINE
8
BLACK
6
CONTINUOUS
10
6.2193554724409443
20
-3.7734494094488187
11
6.2193588582677162
21
-3.7734494094488187
0
LINE
8
BLACK
6
CONTINUOUS
10
6.2193588582677162
20
-3.7734494094488187
11
6.2193689763779529
21
-3.7734581889763779
0
LINE
8
BLACK
6
CONTINUOUS
10
6.2193689763779529
20
-3.7734581889763779
11
6.2196075196850389
21
-3.7736133858267715
0
LINE
8
BLACK
6
CONTINUOUS
10
6.2196075196850389
20
-3.7736133858267715
11
6.2196424015748031
21
-3.773694842519685
0
LINE
8
BLACK
6
CONTINUOUS
10
6.2196424015748031
20
-3.773694842519685
11
6.2199432677165349
21
-3.7739552362204725
0
LINE
8
BLACK
6
CONTINUOUS
10
6.2199432677165349
20
-3.7739552362204725
11
6.2199484251968506
21
-3.7739569685039371
0
LINE
8
BLACK
6
CONTINUOUS
10
6.2199484251968506
20
-3.7739569685039371
11
6.2199514566929128
21
-3.7739623228346457
0
LINE
8
BLACK
6
CONTINUOUS
10
6.2199514566929128
20
-3.7739623228346457
11
6.2199892519685038
21
-3.7739950393700785
0
LINE
8
BLACK
6
CONTINUOUS
10
6.2199892519685038
20
-3.7739950393700785
11
6.2201599999999999
21
-3.7742504724409449
0
LINE
8
BLACK
6
CONTINUOUS
10
6.2201599999999999
20
-3.7742504724409449
11
6.2201599999999999
21
-3.7743297637795274
0
LINE
8
BLACK
6
CONTINUOUS
10
6.2201599999999999
20
-3.7743297637795274
11
6.2205117322834642
21
-3.7749496062992125
0
LINE
8
BLACK
6
CONTINUOUS
10
6.2205117322834642
20
-3.7749496062992125
11
6.2205929133858264
21
-3.7752459448818896
0
LINE
8
BLACK
6
CONTINUOUS
10
6.2205929133858264
20
-3.7752459448818896
11
6.2204023228346452
21
-3.7758176771653544
0
LINE
8
BLACK
6
CONTINUOUS
10
6.2204023228346452
20
-3.7758176771653544
11
6.2198633070866141
21
-3.7760872047244094
0
LINE
8
BLACK
6
CONTINUOUS
10
6.2198633070866141
20
-3.7760872047244094
11
6.2192915748031492
21
-3.7758966141732282
0
LINE
8
BLACK
6
CONTINUOUS
10
6.2192915748031492
20
-3.7758966141732282
11
6.2187578346456691
21
-3.774956181102362
0
LINE
8
BLACK
6
CONTINUOUS
10
6.2187578346456691
20
-3.774956181102362
11
6.2185427952755905
21
-3.7747700787401572
0
LINE
8
BLACK
6
CONTINUOUS
10
6.2185427952755905
20
-3.7747700787401572
11
6.2171005118110232
21
-3.7742359055118109
0
LINE
8
BLACK
6
CONTINUOUS
10
6.2171005118110232
20
-3.7742359055118109
11
6.2121983070866138
21
-3.776043307086614
0
LINE
8
BLACK
6
CONTINUOUS
10
6.2121983070866138
20
-3.776043307086614
11
6.2118943700787401
21
-3.7760882283464565
0
LINE
8
BLACK
6
CONTINUOUS
10
6.2118943700787401
20
-3.7760882283464565
11
6.2113497244094491
21
-3.7758302362204725
0
LINE
8
BLACK
6
CONTINUOUS
10
6.2113497244094491
20
-3.7758302362204725
11
6.2111470078740156
21
-3.7752626771653541
0
LINE
8
BLACK
6
CONTINUOUS
10
6.2111470078740156
20
-3.7752626771653541
11
6.2114050000000001
21
-3.7747180314960631
0
LINE
8
BLACK
6
CONTINUOUS
10
6.2114050000000001
20
-3.7747180314960631
11
6.2149260629921255
21
-3.7734198425196848
0
LINE
8
BLACK
6
CONTINUOUS
10
6.2149260629921255
20
-3.7734198425196848
11
6.2116686220472443
21
-3.7722937795275588
0
LINE
8
BLACK
6
CONTINUOUS
10
6.2116686220472443
20
-3.7722937795275588
11
6.2114050000000001
21
-3.7721359842519684
0
LINE
8
BLACK
6
CONTINUOUS
10
6.2114050000000001
20
-3.7721359842519684
11
6.2111470078740156
21
-3.7715913385826769
0
LINE
8
BLACK
6
CONTINUOUS
10
6.2111470078740156
20
-3.7715913385826769
11
6.2113497244094491
21
-3.771023779527559
0
LINE
8
BLACK
6
CONTINUOUS
10
6.2113497244094491
20
-3.771023779527559
11
6.2118943700787401
21
-3.7707657874015745
0
LINE
8
BLACK
6
CONTINUOUS
10
6.2118943700787401
20
-3.7707657874015745
11
6.2174475984251965
21
-3.7726854724409447
0
LINE
8
BLACK
6
CONTINUOUS
10
6.1824445669291341
20
-3.7696477165354332
11
6.1824617322834641
21
-3.7696420078740158
0
LINE
8
BLACK
6
CONTINUOUS
10
6.1824617322834641
20
-3.7696420078740158
11
6.1825002362204726
21
-3.7696587795275591
0
LINE
8
BLACK
6
CONTINUOUS
10
6.1825002362204726
20
-3.7696587795275591
11
6.1827072440944884
21
-3.7696999606299211
0
LINE
8
BLACK
6
CONTINUOUS
10
6.1827072440944884
20
-3.7696999606299211
11
6.1827942519685042
21
-3.7697869685039369
0
LINE
8
BLACK
6
CONTINUOUS
10
6.1827942519685042
20
-3.7697869685039369
11
6.1834547637795279
21
-3.7700749212598423
0
LINE
8
BLACK
6
CONTINUOUS
10
6.1834547637795279
20
-3.7700749212598423
11
6.1834571653543309
21
-3.7700749212598423
0
LINE
8
BLACK
6
CONTINUOUS
10
6.1834571653543309
20
-3.7700749212598423
11
6.1834595669291339
21
-3.7700770078740158
0
LINE
8
BLACK
6
CONTINUOUS
10
6.1834595669291339
20
-3.7700770078740158
11
6.1835079527559058
21
-3.7700981102362205
0
LINE
8
BLACK
6
CONTINUOUS
10
6.1835079527559058
20
-3.7700981102362205
11
6.1837506692913387
21
-3.770286496062992
0
LINE
8
BLACK
6
CONTINUOUS
10
6.1837506692913387
20
-3.770286496062992
11
6.1837705511811025
21
-3.770346181102362
0
LINE
8
BLACK
6
CONTINUOUS
10
6.1837705511811025
20
-3.770346181102362
11
6.1840414960629921
21
-3.7705807086614174
0
LINE
8
BLACK
6
CONTINUOUS
10
6.1840414960629921
20
-3.7705807086614174
11
6.184046653543307
21
-3.7705824409448816
0
LINE
8
BLACK
6
CONTINUOUS
10
6.184046653543307
20
-3.7705824409448816
11
6.18404968503937
21
-3.7705877952755906
0
LINE
8
BLACK
6
CONTINUOUS
10
6.18404968503937
20
-3.7705877952755906
11
6.1840875196850389
21
-3.7706205511811022
0
LINE
8
BLACK
6
CONTINUOUS
10
6.1840875196850389
20
-3.7706205511811022
11
6.1842582283464562
21
-3.7708760236220473
0
LINE
8
BLACK
6
CONTINUOUS
10
6.1842582283464562
20
-3.7708760236220473
11
6.1842582283464562
21
-3.7709552362204724
0
LINE
8
BLACK
6
CONTINUOUS
10
6.1842582283464562
20
-3.7709552362204724
11
6.1846099606299214
21
-3.7715750787401574
0
LINE
8
BLACK
6
CONTINUOUS
10
6.1846099606299214
20
-3.7715750787401574
11
6.1846203543307086
21
-3.7716130708661417
0
LINE
8
BLACK
6
CONTINUOUS
10
6.1846203543307086
20
-3.7716130708661417
11
6.1846331889763775
21
-3.7716259055118111
0
LINE
8
BLACK
6
CONTINUOUS
10
6.1846331889763775
20
-3.7716259055118111
11
6.1846338188976375
21
-3.7716622440944882
0
LINE
8
BLACK
6
CONTINUOUS
10
6.1846338188976375
20
-3.7716622440944882
11
6.1846911417322836
21
-3.7718714173228345
0
LINE
8
BLACK
6
CONTINUOUS
10
6.1846911417322836
20
-3.7718714173228345
11
6.1846403937007874
21
-3.7720235826771651
0
LINE
8
BLACK
6
CONTINUOUS
10
6.1846403937007874
20
-3.7720235826771651
11
6.1846792125984251
21
-3.7741612598425194
0
LINE
8
BLACK
6
CONTINUOUS
10
6.1846792125984251
20
-3.7741612598425194
11
6.187655236220472
21
-3.7741394488188975
0
LINE
8
BLACK
6
CONTINUOUS
10
6.187655236220472
20
-3.7741394488188975
11
6.1879565748031498
21
-3.77419937007874
0
LINE
8
BLACK
6
CONTINUOUS
10
6.1879565748031498
20
-3.77419937007874
11
6.1883827165354326
21
-3.7746255118110237
0
LINE
8
BLACK
6
CONTINUOUS
10
6.1883827165354326
20
-3.7746255118110237
11
6.1883827165354326
21
-3.7752281889763779
0
LINE
8
BLACK
6
CONTINUOUS
10
6.1883827165354326
20
-3.7752281889763779
11
6.1879565748031498
21
-3.7756543307086612
0
LINE
8
BLACK
6
CONTINUOUS
10
6.1879565748031498
20
-3.7756543307086612
11
6.1797812204724405
21
-3.7757142519685036
0
LINE
8
BLACK
6
CONTINUOUS
10
6.1797812204724405
20
-3.7757142519685036
11
6.1794798818897636
21
-3.7756543307086612
0
LINE
8
BLACK
6
CONTINUOUS
10
6.1794798818897636
20
-3.7756543307086612
11
6.1790537401574799
21
-3.7752281889763779
0
LINE
8
BLACK
6
CONTINUOUS
10
6.1790537401574799
20
-3.7752281889763779
11
6.1789938188976379
21
-3.771927244094488
0
LINE
8
BLACK
6
CONTINUOUS
10
6.1789938188976379
20
-3.771927244094488
11
6.179001496062992
21
-3.7718885433070866
0
LINE
8
BLACK
6
CONTINUOUS
10
6.179001496062992
20
-3.7718885433070866
11
6.1789957874015746
21
-3.7718714173228345
0
LINE
8
BLACK
6
CONTINUOUS
10
6.1789957874015746
20
-3.7718714173228345
11
6.1790125590551179
21
-3.7718328740157481
0
LINE
8
BLACK
6
CONTINUOUS
10
6.1790125590551179
20
-3.7718328740157481
11
6.1790537401574799
21
-3.7716259055118111
0
LINE
8
BLACK
6
CONTINUOUS
10
6.1790537401574799
20
-3.7716259055118111
11
6.1791407480314957
21
-3.7715388582677165
0
LINE
8
BLACK
6
CONTINUOUS
10
6.1791407480314957
20
-3.7715388582677165
11
6.1794286614173224
21
-3.7708783858267716
0
LINE
8
BLACK
6
CONTINUOUS
10
6.1794286614173224
20
-3.7708783858267716
11
6.1794287007874011
21
-3.7708759448818898
0
LINE
8
BLACK
6
CONTINUOUS
10
6.1794287007874011
20
-3.7708759448818898
11
6.1794308267716538
21
-3.7708734645669288
0
LINE
8
BLACK
6
CONTINUOUS
10
6.1794308267716538
20
-3.7708734645669288
11
6.1794518897637793
21
-3.7708251968503936
0
LINE
8
BLACK
6
CONTINUOUS
10
6.1794518897637793
20
-3.7708251968503936
11
6.1796402755905513
21
-3.7705824803149603
0
LINE
8
BLACK
6
CONTINUOUS
10
6.1796402755905513
20
-3.7705824803149603
11
6.1796999606299208
21
-3.7705625590551182
0
LINE
8
BLACK
6
CONTINUOUS
10
6.1796999606299208
20
-3.7705625590551182
11
6.1799345669291341
21
-3.7702915354330706
0
LINE
8
BLACK
6
CONTINUOUS
10
6.1799345669291341
20
-3.7702915354330706
11
6.1799362598425196
21
-3.770286496062992
0
LINE
8
BLACK
6
CONTINUOUS
10
6.1799362598425196
20
-3.770286496062992
11
6.1799415354330707
21
-3.770283464566929
0
LINE
8
BLACK
6
CONTINUOUS
10
6.1799415354330707
20
-3.770283464566929
11
6.1799743700787397
21
-3.7702455905511809
0
LINE
8
BLACK
6
CONTINUOUS
10
6.1799743700787397
20
-3.7702455905511809
11
6.1802298425196849
21
-3.7700749212598423
0
LINE
8
BLACK
6
CONTINUOUS
10
6.1802298425196849
20
-3.7700749212598423
11
6.1803090944881891
21
-3.7700749212598423
0
LINE
8
BLACK
6
CONTINUOUS
10
6.1803090944881891
20
-3.7700749212598423
11
6.180928897637795
21
-3.769723188976378
0
LINE
8
BLACK
6
CONTINUOUS
10
6.180928897637795
20
-3.769723188976378
11
6.1809668897637797
21
-3.7697127559055117
0
LINE
8
BLACK
6
CONTINUOUS
10
6.1809668897637797
20
-3.7697127559055117
11
6.1809797244094487
21
-3.7696999606299211
0
LINE
8
BLACK
6
CONTINUOUS
10
6.1809797244094487
20
-3.7696999606299211
11
6.1810198031496064
21
-3.7696982677165352
0
LINE
8
BLACK
6
CONTINUOUS
10
6.1810198031496064
20
-3.7696982677165352
11
6.181225236220472
21
-3.7696420078740158
0
LINE
8
BLACK
6
CONTINUOUS
10
6.181225236220472
20
-3.7696420078740158
11
6.1813521259842519
21
-3.7696842913385824
0
LINE
8
BLACK
6
CONTINUOUS
10
6.1813521259842519
20
-3.7696842913385824
11
6.1824059055118106
21
-3.7696400393700786
0
LINE
8
BLACK
6
CONTINUOUS
10
6.1824059055118106
20
-3.7696400393700786
11
6.1824445669291341
21
-3.7696477165354332
0
LINE
8
BLACK
6
CONTINUOUS
10
6.1814068110236216
20
-3.7712095275590549
11
6.1809354330708661
21
-3.7714770472440944
0
LINE
8
BLACK
6
CONTINUOUS
10
6.1809354330708661
20
-3.7714770472440944
11
6.180733622047244
21
-3.7717101574803147
0
LINE
8
BLACK
6
CONTINUOUS
10
6.180733622047244
20
-3.7717101574803147
11
6.1805191338582679
21
-3.7722021653543307
0
LINE
8
BLACK
6
CONTINUOUS
10
6.1805191338582679
20
-3.7722021653543307
11
6.1805552362204725
21
-3.7741914566929133
0
LINE
8
BLACK
6
CONTINUOUS
10
6.1805552362204725
20
-3.7741914566929133
11
6.1831590551181099
21
-3.7741724015748033
0
LINE
8
BLACK
6
CONTINUOUS
10
6.1831590551181099
20
-3.7741724015748033
11
6.1831204724409448
21
-3.7720475196850392
0
LINE
8
BLACK
6
CONTINUOUS
10
6.1831204724409448
20
-3.7720475196850392
11
6.1828560629921254
21
-3.7715816141732281
0
LINE
8
BLACK
6
CONTINUOUS
10
6.1828560629921254
20
-3.7715816141732281
11
6.1826229527559056
21
-3.7713798425196852
0
LINE
8
BLACK
6
CONTINUOUS
10
6.1826229527559056
20
-3.7713798425196852
11
6.1821597244094484
21
-3.7711779133858268
0
LINE
8
BLACK
6
CONTINUOUS
10
6.1821597244094484
20
-3.7711779133858268
11
6.1814068110236216
21
-3.7712095275590549
0
LINE
8
BLACK
6
CONTINUOUS
10
6.2019421259842522
20
-3.7681478740157481
11
6.2019592913385821
21
-3.7681421653543308
0
LINE
8
BLACK
6
CONTINUOUS
10
6.2019592913385821
20
-3.7681421653543308
11
6.2019977952755907
21
-3.7681589370078741
0
LINE
8
BLACK
6
CONTINUOUS
10
6.2019977952755907
20
-3.7681589370078741
11
6.2022048031496064
21
-3.768200118110236
0
LINE
8
BLACK
6
CONTINUOUS
10
6.2022048031496064
20
-3.768200118110236
11
6.2022918110236223
21
-3.7682871259842519
0
LINE
8
BLACK
6
CONTINUOUS
10
6.2022918110236223
20
-3.7682871259842519
11
6.2029523228346459
21
-3.7685750787401573
0
LINE
8
BLACK
6
CONTINUOUS
10
6.2029523228346459
20
-3.7685750787401573
11
6.2029547244094489
21
-3.7685750787401573
0
LINE
8
BLACK
6
CONTINUOUS
10
6.2029547244094489
20
-3.7685750787401573
11
6.202957125984252
21
-3.7685771653543307
0
LINE
8
BLACK
6
CONTINUOUS
10
6.202957125984252
20
-3.7685771653543307
11
6.2030055118110239
21
-3.7685982677165355
0
LINE
8
BLACK
6
CONTINUOUS
10
6.2030055118110239
20
-3.7685982677165355
11
6.2032482283464567
21
-3.768786653543307
0
LINE
8
BLACK
6
CONTINUOUS
10
6.2032482283464567
20
-3.768786653543307
11
6.2032681102362206
21
-3.7688463385826769
0
LINE
8
BLACK
6
CONTINUOUS
10
6.2032681102362206
20
-3.7688463385826769
11
6.2035391338582677
21
-3.7690809448818898
0
LINE
8
BLACK
6
CONTINUOUS
10
6.2035391338582677
20
-3.7690809448818898
11
6.2035442913385825
21
-3.7690826771653541
0
LINE
8
BLACK
6
CONTINUOUS
10
6.2035442913385825
20
-3.7690826771653541
11
6.2035473228346456
21
-3.7690880314960631
0
LINE
8
BLACK
6
CONTINUOUS
10
6.2035473228346456
20
-3.7690880314960631
11
6.2035851181102357
21
-3.7691207480314959
0
LINE
8
BLACK
6
CONTINUOUS
10
6.2035851181102357
20
-3.7691207480314959
11
6.203755826771653
21
-3.7693761811023623
0
LINE
8
BLACK
6
CONTINUOUS
10
6.203755826771653
20
-3.7693761811023623
11
6.203755826771653
21
-3.7694554724409448
0
LINE
8
BLACK
6
CONTINUOUS
10
6.203755826771653
20
-3.7694554724409448
11
6.2041075590551182
21
-3.7700753543307086
0
LINE
8
BLACK
6
CONTINUOUS
10
6.2041075590551182
20
-3.7700753543307086
11
6.2041179133858266
21
-3.7701132677165354
0
LINE
8
BLACK
6
CONTINUOUS
10
6.2041179133858266
20
-3.7701132677165354
11
6.2041307480314956
21
-3.7701261023622048
0
LINE
8
BLACK
6
CONTINUOUS
10
6.2041307480314956
20
-3.7701261023622048
11
6.2041324015748032
21
-3.7701661417322834
0
LINE
8
BLACK
6
CONTINUOUS
10
6.2041324015748032
20
-3.7701661417322834
11
6.2041887007874017
21
-3.7703716535433069
0
LINE
8
BLACK
6
CONTINUOUS
10
6.2041887007874017
20
-3.7703716535433069
11
6.2041463779527559
21
-3.7704985433070863
0
LINE
8
BLACK
6
CONTINUOUS
10
6.2041463779527559
20
-3.7704985433070863
11
6.2041906692913384
21
-3.7715522834645667
0
LINE
8
BLACK
6
CONTINUOUS
10
6.2041906692913384
20
-3.7715522834645667
11
6.2041829527559056
21
-3.7715909055118111
0
LINE
8
BLACK
6
CONTINUOUS
10
6.2041829527559056
20
-3.7715909055118111
11
6.2041887007874017
21
-3.7716080708661415
0
LINE
8
BLACK
6
CONTINUOUS
10
6.2041887007874017
20
-3.7716080708661415
11
6.2041718897637796
21
-3.7716465354330708
0
LINE
8
BLACK
6
CONTINUOUS
10
6.2041718897637796
20
-3.7716465354330708
11
6.2041307480314956
21
-3.7718536220472441
0
LINE
8
BLACK
6
CONTINUOUS
10
6.2041307480314956
20
-3.7718536220472441
11
6.2040437007874019
21
-3.7719406299212599
0
LINE
8
BLACK
6
CONTINUOUS
10
6.2040437007874019
20
-3.7719406299212599
11
6.203755826771653
21
-3.7726011023622048
0
LINE
8
BLACK
6
CONTINUOUS
10
6.203755826771653
20
-3.7726011023622048
11
6.203755826771653
21
-3.7726035826771653
0
LINE
8
BLACK
6
CONTINUOUS
10
6.203755826771653
20
-3.7726035826771653
11
6.2037536614173225
21
-3.7726060629921259
0
LINE
8
BLACK
6
CONTINUOUS
10
6.2037536614173225
20
-3.7726060629921259
11
6.2037326377952757
21
-3.7726543307086615
0
LINE
8
BLACK
6
CONTINUOUS
10
6.2037326377952757
20
-3.7726543307086615
11
6.2035442913385825
21
-3.7728970472440944
0
LINE
8
BLACK
6
CONTINUOUS
10
6.2035442913385825
20
-3.7728970472440944
11
6.2034844881889759
21
-3.772916968503937
0
LINE
8
BLACK
6
CONTINUOUS
10
6.2034844881889759
20
-3.772916968503937
11
6.2032498818897635
21
-3.7731879527559053
0
LINE
8
BLACK
6
CONTINUOUS
10
6.2032498818897635
20
-3.7731879527559053
11
6.2032482283464567
21
-3.7731930314960631
0
LINE
8
BLACK
6
CONTINUOUS
10
6.2032482283464567
20
-3.7731930314960631
11
6.2032429133858269
21
-3.773196023622047
0
LINE
8
BLACK
6
CONTINUOUS
10
6.2032429133858269
20
-3.773196023622047
11
6.2032101181102357
21
-3.7732339370078738
0
LINE
8
BLACK
6
CONTINUOUS
10
6.2032101181102357
20
-3.7732339370078738
11
6.2029546850393702
21
-3.7734046456692911
0
LINE
8
BLACK
6
CONTINUOUS
10
6.2029546850393702
20
-3.7734046456692911
11
6.2028753543307085
21
-3.7734046062992124
0
LINE
8
BLACK
6
CONTINUOUS
10
6.2028753543307085
20
-3.7734046062992124
11
6.2022555905511814
21
-3.7737563779527559
0
LINE
8
BLACK
6
CONTINUOUS
10
6.2022555905511814
20
-3.7737563779527559
11
6.2022175590551178
21
-3.773766771653543
0
LINE
8
BLACK
6
CONTINUOUS
10
6.2022175590551178
20
-3.773766771653543
11
6.2022048031496064
21
-3.7737795669291336
0
LINE
8
BLACK
6
CONTINUOUS
10
6.2022048031496064
20
-3.7737795669291336
11
6.202167716535433
21
-3.7737804330708662
0
LINE
8
BLACK
6
CONTINUOUS
10
6.202167716535433
20
-3.7737804330708662
11
6.2019592913385821
21
-3.7738375196850393
0
LINE
8
BLACK
6
CONTINUOUS
10
6.2019592913385821
20
-3.7738375196850393
11
6.2018129921259844
21
-3.7737887401574803
0
LINE
8
BLACK
6
CONTINUOUS
10
6.2018129921259844
20
-3.7737887401574803
11
6.1996537401574798
21
-3.7738394881889761
0
LINE
8
BLACK
6
CONTINUOUS
10
6.1996537401574798
20
-3.7738394881889761
11
6.1996150393700784
21
-3.7738317716535432
0
LINE
8
BLACK
6
CONTINUOUS
10
6.1996150393700784
20
-3.7738317716535432
11
6.1995979133858263
21
-3.7738375196850393
0
LINE
8
BLACK
6
CONTINUOUS
10
6.1995979133858263
20
-3.7738375196850393
11
6.1995593700787399
21
-3.7738207086614173
0
LINE
8
BLACK
6
CONTINUOUS
10
6.1995593700787399
20
-3.7738207086614173
11
6.1993524015748029
21
-3.7737795669291336
0
LINE
8
BLACK
6
CONTINUOUS
10
6.1993524015748029
20
-3.7737795669291336
11
6.1992653543307084
21
-3.7736925196850395
0
LINE
8
BLACK
6
CONTINUOUS
10
6.1992653543307084
20
-3.7736925196850395
11
6.1986049606299209
21
-3.7734046062992124
0
LINE
8
BLACK
6
CONTINUOUS
10
6.1986049606299209
20
-3.7734046062992124
11
6.1986025590551179
21
-3.7734046062992124
0
LINE
8
BLACK
6
CONTINUOUS
10
6.1986025590551179
20
-3.7734046062992124
11
6.1986000787401574
21
-3.7734024803149606
0
LINE
8
BLACK
6
CONTINUOUS
10
6.1986000787401574
20
-3.7734024803149606
11
6.1985516929133855
21
-3.7733813779527559
0
LINE
8
BLACK
6
CONTINUOUS
10
6.1985516929133855
20
-3.7733813779527559
11
6.1983089763779526
21
-3.7731930314960631
0
LINE
8
BLACK
6
CONTINUOUS
10
6.1983089763779526
20
-3.7731930314960631
11
6.19828905511811
21
-3.7731332677165352
0
LINE
8
BLACK
6
CONTINUOUS
10
6.19828905511811
20
-3.7731332677165352
11
6.1980180314960629
21
-3.7728987007874015
0
LINE
8
BLACK
6
CONTINUOUS
10
6.1980180314960629
20
-3.7728987007874015
11
6.1980129921259843
21
-3.7728970472440944
0
LINE
8
BLACK
6
CONTINUOUS
10
6.1980129921259843
20
-3.7728970472440944
11
6.1980099606299213
21
-3.7728917322834645
0
LINE
8
BLACK
6
CONTINUOUS
10
6.1980099606299213
20
-3.7728917322834645
11
6.1979721653543303
21
-3.7728590157480313
0
LINE
8
BLACK
6
CONTINUOUS
10
6.1979721653543303
20
-3.7728590157480313
11
6.1978014173228342
21
-3.7726035826771653
0
LINE
8
BLACK
6
CONTINUOUS
10
6.1978014173228342
20
-3.7726035826771653
11
6.1978013779527554
21
-3.7725242125984253
0
LINE
8
BLACK
6
CONTINUOUS
10
6.1978013779527554
20
-3.7725242125984253
11
6.1974496456692911
21
-3.771904409448819
0
LINE
8
BLACK
6
CONTINUOUS
10
6.1974496456692911
20
-3.771904409448819
11
6.1974392125984252
21
-3.7718663779527559
0
LINE
8
BLACK
6
CONTINUOUS
10
6.1974392125984252
20
-3.7718663779527559
11
6.1974264566929129
21
-3.7718536220472441
0
LINE
8
BLACK
6
CONTINUOUS
10
6.1974264566929129
20
-3.7718536220472441
11
6.1974247637795274
21
-3.7718135826771655
0
LINE
8
BLACK
6
CONTINUOUS
10
6.1974247637795274
20
-3.7718135826771655
11
6.1973685039370077
21
-3.7716081102362202
0
LINE
8
BLACK
6
CONTINUOUS
10
6.1973685039370077
20
-3.7716081102362202
11
6.1974107874015747
21
-3.7714811417322833
0
LINE
8
BLACK
6
CONTINUOUS
10
6.1974107874015747
20
-3.7714811417322833
11
6.1973665354330709
21
-3.7704274409448817
0
LINE
8
BLACK
6
CONTINUOUS
10
6.1973665354330709
20
-3.7704274409448817
11
6.197374212598425
21
-3.7703887401574803
0
LINE
8
BLACK
6
CONTINUOUS
10
6.197374212598425
20
-3.7703887401574803
11
6.1973685039370077
21
-3.7703716141732282
0
LINE
8
BLACK
6
CONTINUOUS
10
6.1973685039370077
20
-3.7703716141732282
11
6.197385275590551
21
-3.7703330708661418
0
LINE
8
BLACK
6
CONTINUOUS
10
6.197385275590551
20
-3.7703330708661418
11
6.1974264566929129
21
-3.7701261023622048
0
LINE
8
BLACK
6
CONTINUOUS
10
6.1974264566929129
20
-3.7701261023622048
11
6.1975134645669288
21
-3.7700390551181102
0
LINE
8
BLACK
6
CONTINUOUS
10
6.1975134645669288
20
-3.7700390551181102
11
6.1978014173228342
21
-3.7693785826771653
0
LINE
8
BLACK
6
CONTINUOUS
10
6.1978014173228342
20
-3.7693785826771653
11
6.1978014173228342
21
-3.7693761811023623
0
LINE
8
BLACK
6
CONTINUOUS
10
6.1978014173228342
20
-3.7693761811023623
11
6.1978035039370081
21
-3.7693737401574801
0
LINE
8
BLACK
6
CONTINUOUS
10
6.1978035039370081
20
-3.7693737401574801
11
6.1978246062992124
21
-3.7693253937007873
0
LINE
8
BLACK
6
CONTINUOUS
10
6.1978246062992124
20
-3.7693253937007873
11
6.1980129921259843
21
-3.7690826771653541
0
LINE
8
BLACK
6
CONTINUOUS
10
6.1980129921259843
20
-3.7690826771653541
11
6.1980726771653538
21
-3.7690627559055119
0
LINE
8
BLACK
6
CONTINUOUS
10
6.1980726771653538
20
-3.7690627559055119
11
6.1983072440944884
21
-3.7687917716535431
0
LINE
8
BLACK
6
CONTINUOUS
10
6.1983072440944884
20
-3.7687917716535431
11
6.1983089763779526
21
-3.768786653543307
0
LINE
8
BLACK
6
CONTINUOUS
10
6.1983089763779526
20
-3.768786653543307
11
6.1983143307086612
21
-3.7687835826771652
0
LINE
8
BLACK
6
CONTINUOUS
10
6.1983143307086612
20
-3.7687835826771652
11
6.1983470866141728
21
-3.7687457874015746
0
LINE
8
BLACK
6
CONTINUOUS
10
6.1983470866141728
20
-3.7687457874015746
11
6.1986025196850392
21
-3.7685750787401573
0
LINE
8
BLACK
6
CONTINUOUS
10
6.1986025196850392
20
-3.7685750787401573
11
6.1986817716535434
21
-3.7685750787401573
0
LINE
8
BLACK
6
CONTINUOUS
10
6.1986817716535434
20
-3.7685750787401573
11
6.1993015748031493
21
-3.768223346456693
0
LINE
8
BLACK
6
CONTINUOUS
10
6.1993015748031493
20
-3.768223346456693
11
6.199339566929134
21
-3.7682129133858266
0
LINE
8
BLACK
6
CONTINUOUS
10
6.199339566929134
20
-3.7682129133858266
11
6.1993524015748029
21
-3.768200118110236
0
LINE
8
BLACK
6
CONTINUOUS
10
6.1993524015748029
20
-3.768200118110236
11
6.1993895275590551
21
-3.7681992125984252
0
LINE
8
BLACK
6
CONTINUOUS
10
6.1993895275590551
20
-3.7681992125984252
11
6.1995979133858263
21
-3.7681421653543308
0
LINE
8
BLACK
6
CONTINUOUS
10
6.1995979133858263
20
-3.7681421653543308
11
6.1997441732283463
21
-3.768190905511811
0
LINE
8
BLACK
6
CONTINUOUS
10
6.1997441732283463
20
-3.768190905511811
11
6.2019034645669286
21
-3.7681401968503936
0
LINE
8
BLACK
6
CONTINUOUS
10
6.2019034645669286
20
-3.7681401968503936
11
6.2019421259842522
21
-3.7681478740157481
0
LINE
8
BLACK
6
CONTINUOUS
10
6.1997751968503936
20
-3.7697121259842521
11
6.1993081889763779
21
-3.7699771653543306
0
LINE
8
BLACK
6
CONTINUOUS
10
6.1993081889763779
20
-3.7699771653543306
11
6.199106338582677
21
-3.7702103543307084
0
LINE
8
BLACK
6
CONTINUOUS
10
6.199106338582677
20
-3.7702103543307084
11
6.1989044094488186
21
-3.7706735826771651
0
LINE
8
BLACK
6
CONTINUOUS
10
6.1989044094488186
20
-3.7706735826771651
11
6.1989360236220472
21
-3.771426496062992
0
LINE
8
BLACK
6
CONTINUOUS
10
6.1989360236220472
20
-3.771426496062992
11
6.1992034645669287
21
-3.7718977559055116
0
LINE
8
BLACK
6
CONTINUOUS
10
6.1992034645669287
20
-3.7718977559055116
11
6.1994367322834645
21
-3.7720996456692912
0
LINE
8
BLACK
6
CONTINUOUS
10
6.1994367322834645
20
-3.7720996456692912
11
6.1999219685039373
21
-3.7723112204724409
0
LINE
8
BLACK
6
CONTINUOUS
10
6.1999219685039373
20
-3.7723112204724409
11
6.201781968503937
21
-3.7722675196850393
0
LINE
8
BLACK
6
CONTINUOUS
10
6.201781968503937
20
-3.7722675196850393
11
6.2022489763779527
21
-3.7720024803149603
0
LINE
8
BLACK
6
CONTINUOUS
10
6.2022489763779527
20
-3.7720024803149603
11
6.2024508661417324
21
-3.7717692519685038
0
LINE
8
BLACK
6
CONTINUOUS
10
6.2024508661417324
20
-3.7717692519685038
11
6.202652755905512
21
-3.7713061023622045
0
LINE
8
BLACK
6
CONTINUOUS
10
6.202652755905512
20
-3.7713061023622045
11
6.2026211417322834
21
-3.7705531889763777
0
LINE
8
BLACK
6
CONTINUOUS
10
6.2026211417322834
20
-3.7705531889763777
11
6.2023536614173223
21
-3.7700818110236218
0
LINE
8
BLACK
6
CONTINUOUS
10
6.2023536614173223
20
-3.7700818110236218
11
6.2021205118110236
21
-3.7698800000000001
0
LINE
8
BLACK
6
CONTINUOUS
10
6.2021205118110236
20
-3.7698800000000001
11
6.2016351968503933
21
-3.7696684251968504
0
LINE
8
BLACK
6
CONTINUOUS
10
6.2016351968503933
20
-3.7696684251968504
11
6.1997751968503936
21
-3.7697121259842521
0
LINE
8
BLACK
6
CONTINUOUS
10
6.2275326771653541
20
-3.7662731102362206
11
6.2275498425196849
21
-3.7662674015748032
0
LINE
8
BLACK
6
CONTINUOUS
10
6.2275498425196849
20
-3.7662674015748032
11
6.2275883464566926
21
-3.7662841732283465
0
LINE
8
BLACK
6
CONTINUOUS
10
6.2275883464566926
20
-3.7662841732283465
11
6.2277953543307083
21
-3.7663253543307085
0
LINE
8
BLACK
6
CONTINUOUS
10
6.2277953543307083
20
-3.7663253543307085
11
6.2278823622047241
21
-3.7664123622047243
0
LINE
8
BLACK
6
CONTINUOUS
10
6.2278823622047241
20
-3.7664123622047243
11
6.2285428740157478
21
-3.7667003149606297
0
LINE
8
BLACK
6
CONTINUOUS
10
6.2285428740157478
20
-3.7667003149606297
11
6.2285452755905508
21
-3.7667003149606297
0
LINE
8
BLACK
6
CONTINUOUS
10
6.2285452755905508
20
-3.7667003149606297
11
6.2285476771653538
21
-3.7667024015748032
0
LINE
8
BLACK
6
CONTINUOUS
10
6.2285476771653538
20
-3.7667024015748032
11
6.2285960629921258
21
-3.7667235039370079
0
LINE
8
BLACK
6
CONTINUOUS
10
6.2285960629921258
20
-3.7667235039370079
11
6.2288387795275586
21
-3.7669118897637794
0
LINE
8
BLACK
6
CONTINUOUS
10
6.2288387795275586
20
-3.7669118897637794
11
6.2288586614173225
21
-3.7669715748031494
0
LINE
8
BLACK
6
CONTINUOUS
10
6.2288586614173225
20
-3.7669715748031494
11
6.2291296850393696
21
-3.7672061811023623
0
LINE
8
BLACK
6
CONTINUOUS
10
6.2291296850393696
20
-3.7672061811023623
11
6.2291348425196853
21
-3.7672079133858265
0
LINE
8
BLACK
6
CONTINUOUS
10
6.2291348425196853
20
-3.7672079133858265
11
6.2291378740157475
21
-3.7672132677165355
0
LINE
8
BLACK
6
CONTINUOUS
10
6.2291378740157475
20
-3.7672132677165355
11
6.2291756692913385
21
-3.7672459842519683
0
LINE
8
BLACK
6
CONTINUOUS
10
6.2291756692913385
20
-3.7672459842519683
11
6.2293463779527558
21
-3.7675014173228347
0
LINE
8
BLACK
6
CONTINUOUS
10
6.2293463779527558
20
-3.7675014173228347
11
6.2293463779527558
21
-3.7675807086614173
0
LINE
8
BLACK
6
CONTINUOUS
10
6.2293463779527558
20
-3.7675807086614173
11
6.2296981102362201
21
-3.7682005905511811
0
LINE
8
BLACK
6
CONTINUOUS
10
6.2296981102362201
20
-3.7682005905511811
11
6.2297084645669294
21
-3.7682385039370079
0
LINE
8
BLACK
6
CONTINUOUS
10
6.2297084645669294
20
-3.7682385039370079
11
6.2297212992125983
21
-3.7682513385826772
0
LINE
8
BLACK
6
CONTINUOUS
10
6.2297212992125983
20
-3.7682513385826772
11
6.229722952755905
21
-3.7682913779527558
0
LINE
8
BLACK
6
CONTINUOUS
10
6.229722952755905
20
-3.7682913779527558
11
6.2297792519685036
21
-3.7684968897637794
0
LINE
8
BLACK
6
CONTINUOUS
10
6.2297792519685036
20
-3.7684968897637794
11
6.2297369291338578
21
-3.7686237795275588
0
LINE
8
BLACK
6
CONTINUOUS
10
6.2297369291338578
20
-3.7686237795275588
11
6.2297812204724412
21
-3.7696775196850392
0
LINE
8
BLACK
6
CONTINUOUS
10
6.2297812204724412
20
-3.7696775196850392
11
6.2297735039370075
21
-3.7697161417322835
0
LINE
8
BLACK
6
CONTINUOUS
10
6.2297735039370075
20
-3.7697161417322835
11
6.2297792519685036
21
-3.7697333070866139
0
LINE
8
BLACK
6
CONTINUOUS
10
6.2297792519685036
20
-3.7697333070866139
11
6.2297624409448815
21
-3.7697717716535433
0
LINE
8
BLACK
6
CONTINUOUS
10
6.2297624409448815
20
-3.7697717716535433
11
6.2297212992125983
21
-3.7699788582677165
0
LINE
8
BLACK
6
CONTINUOUS
10
6.2297212992125983
20
-3.7699788582677165
11
6.2296342519685037
21
-3.7700658661417323
0
LINE
8
BLACK
6
CONTINUOUS
10
6.2296342519685037
20
-3.7700658661417323
11
6.2293463779527558
21
-3.7707263385826773
0
LINE
8
BLACK
6
CONTINUOUS
10
6.2293463779527558
20
-3.7707263385826773
11
6.2293463779527558
21
-3.7707288188976378
0
LINE
8
BLACK
6
CONTINUOUS
10
6.2293463779527558
20
-3.7707288188976378
11
6.2293442125984253
21
-3.7707312992125983
0
LINE
8
BLACK
6
CONTINUOUS
10
6.2293442125984253
20
-3.7707312992125983
11
6.2293231889763776
21
-3.770779566929134
0
LINE
8
BLACK
6
CONTINUOUS
10
6.2293231889763776
20
-3.770779566929134
11
6.2291348425196853
21
-3.7710222834645668
0
LINE
8
BLACK
6
CONTINUOUS
10
6.2291348425196853
20
-3.7710222834645668
11
6.2290750393700787
21
-3.7710422047244094
0
LINE
8
BLACK
6
CONTINUOUS
10
6.2290750393700787
20
-3.7710422047244094
11
6.2288404330708662
21
-3.7713131889763778
0
LINE
8
BLACK
6
CONTINUOUS
10
6.2288404330708662
20
-3.7713131889763778
11
6.2288387795275586
21
-3.7713182677165356
0
LINE
8
BLACK
6
CONTINUOUS
10
6.2288387795275586
20
-3.7713182677165356
11
6.2288334645669288
21
-3.7713212598425194
0
LINE
8
BLACK
6
CONTINUOUS
10
6.2288334645669288
20
-3.7713212598425194
11
6.2288006692913385
21
-3.7713591732283462
0
LINE
8
BLACK
6
CONTINUOUS
10
6.2288006692913385
20
-3.7713591732283462
11
6.2285452362204721
21
-3.7715298818897636
0
LINE
8
BLACK
6
CONTINUOUS
10
6.2285452362204721
20
-3.7715298818897636
11
6.2284659055118112
21
-3.7715298425196848
0
LINE
8
BLACK
6
CONTINUOUS
10
6.2284659055118112
20
-3.7715298425196848
11
6.2278461417322832
21
-3.7718816141732283
0
LINE
8
BLACK
6
CONTINUOUS
10
6.2278461417322832
20
-3.7718816141732283
11
6.2278081102362206
21
-3.7718920078740155
0
LINE
8
BLACK
6
CONTINUOUS
10
6.2278081102362206
20
-3.7718920078740155
11
6.2277953543307083
21
-3.7719048031496061
0
LINE
8
BLACK
6
CONTINUOUS
10
6.2277953543307083
20
-3.7719048031496061
11
6.2277582677165357
21
-3.7719056692913386
0
LINE
8
BLACK
6
CONTINUOUS
10
6.2277582677165357
20
-3.7719056692913386
11
6.2275498425196849
21
-3.7719627559055118
0
LINE
8
BLACK
6
CONTINUOUS
10
6.2275498425196849
20
-3.7719627559055118
11
6.2274035433070862
21
-3.7719139763779528
0
LINE
8
BLACK
6
CONTINUOUS
10
6.2274035433070862
20
-3.7719139763779528
11
6.2252442913385826
21
-3.7719647244094485
0
LINE
8
BLACK
6
CONTINUOUS
10
6.2252442913385826
20
-3.7719647244094485
11
6.2252055905511812
21
-3.7719570078740157
0
LINE
8
BLACK
6
CONTINUOUS
10
6.2252055905511812
20
-3.7719570078740157
11
6.2251884645669291
21
-3.7719627559055118
0
LINE
8
BLACK
6
CONTINUOUS
10
6.2251884645669291
20
-3.7719627559055118
11
6.2251499212598427
21
-3.7719459448818897
0
LINE
8
BLACK
6
CONTINUOUS
10
6.2251499212598427
20
-3.7719459448818897
11
6.2249429527559057
21
-3.7719048031496061
0
LINE
8
BLACK
6
CONTINUOUS
10
6.2249429527559057
20
-3.7719048031496061
11
6.2248559055118111
21
-3.7718177559055119
0
LINE
8
BLACK
6
CONTINUOUS
10
6.2248559055118111
20
-3.7718177559055119
11
6.2241955118110237
21
-3.7715298425196848
0
LINE
8
BLACK
6
CONTINUOUS
10
6.2241955118110237
20
-3.7715298425196848
11
6.2241931102362207
21
-3.7715298425196848
0
LINE
8
BLACK
6
CONTINUOUS
10
6.2241931102362207
20
-3.7715298425196848
11
6.2241906299212593
21
-3.7715277165354331
0
LINE
8
BLACK
6
CONTINUOUS
10
6.2241906299212593
20
-3.7715277165354331
11
6.2241422440944882
21
-3.7715066141732283
0
LINE
8
BLACK
6
CONTINUOUS
10
6.2241422440944882
20
-3.7715066141732283
11
6.2238995275590554
21
-3.7713182677165356
0
LINE
8
BLACK
6
CONTINUOUS
10
6.2238995275590554
20
-3.7713182677165356
11
6.2238796062992128
21
-3.7712585039370077
0
LINE
8
BLACK
6
CONTINUOUS
10
6.2238796062992128
20
-3.7712585039370077
11
6.2236085826771648
21
-3.771023937007874
0
LINE
8
BLACK
6
CONTINUOUS
10
6.2236085826771648
20
-3.771023937007874
11
6.2236035433070862
21
-3.7710222834645668
0
LINE
8
BLACK
6
CONTINUOUS
10
6.2236035433070862
20
-3.7710222834645668
11
6.2236005118110231
21
-3.771016968503937
0
LINE
8
BLACK
6
CONTINUOUS
10
6.2236005118110231
20
-3.771016968503937
11
6.223562716535433
21
-3.7709842519685037
0
LINE
8
BLACK
6
CONTINUOUS
10
6.223562716535433
20
-3.7709842519685037
11
6.2233919685039369
21
-3.7707288188976378
0
LINE
8
BLACK
6
CONTINUOUS
10
6.2233919685039369
20
-3.7707288188976378
11
6.2233919291338582
21
-3.7706494488188977
0
LINE
8
BLACK
6
CONTINUOUS
10
6.2233919291338582
20
-3.7706494488188977
11
6.2230401968503939
21
-3.7700296456692914
0
LINE
8
BLACK
6
CONTINUOUS
10
6.2230401968503939
20
-3.7700296456692914
11
6.2230297637795271
21
-3.7699916141732284
0
LINE
8
BLACK
6
CONTINUOUS
10
6.2230297637795271
20
-3.7699916141732284
11
6.2230170078740157
21
-3.7699788582677165
0
LINE
8
BLACK
6
CONTINUOUS
10
6.2230170078740157
20
-3.7699788582677165
11
6.2230153149606302
21
-3.7699388188976375
0
LINE
8
BLACK
6
CONTINUOUS
10
6.2230153149606302
20
-3.7699388188976375
11
6.2229590551181104
21
-3.7697333464566927
0
LINE
8
BLACK
6
CONTINUOUS
10
6.2229590551181104
20
-3.7697333464566927
11
6.2230013385826775
21
-3.7696063779527558
0
LINE
8
BLACK
6
CONTINUOUS
10
6.2230013385826775
20
-3.7696063779527558
11
6.2229570866141728
21
-3.7685526771653541
0
LINE
8
BLACK
6
CONTINUOUS
10
6.2229570866141728
20
-3.7685526771653541
11
6.2229647637795278
21
-3.7685139763779527
0
LINE
8
BLACK
6
CONTINUOUS
10
6.2229647637795278
20
-3.7685139763779527
11
6.2229590551181104
21
-3.7684968503937006
0
LINE
8
BLACK
6
CONTINUOUS
10
6.2229590551181104
20
-3.7684968503937006
11
6.2229758267716537
21
-3.7684583070866142
0
LINE
8
BLACK
6
CONTINUOUS
10
6.2229758267716537
20
-3.7684583070866142
11
6.2230170078740157
21
-3.7682513385826772
0
LINE
8
BLACK
6
CONTINUOUS
10
6.2230170078740157
20
-3.7682513385826772
11
6.2231040157480315
21
-3.7681642913385827
0
LINE
8
BLACK
6
CONTINUOUS
10
6.2231040157480315
20
-3.7681642913385827
11
6.2233919685039369
21
-3.7675038188976377
0
LINE
8
BLACK
6
CONTINUOUS
10
6.2233919685039369
20
-3.7675038188976377
11
6.2233919685039369
21
-3.7675014173228347
0
LINE
8
BLACK
6
CONTINUOUS
10
6.2233919685039369
20
-3.7675014173228347
11
6.2233940551181099
21
-3.7674989763779525
0
LINE
8
BLACK
6
CONTINUOUS
10
6.2233940551181099
20
-3.7674989763779525
11
6.2234151574803152
21
-3.7674506299212598
0
LINE
8
BLACK
6
CONTINUOUS
10
6.2234151574803152
20
-3.7674506299212598
11
6.2236035433070862
21
-3.7672079133858265
0
LINE
8
BLACK
6
CONTINUOUS
10
6.2236035433070862
20
-3.7672079133858265
11
6.2236632283464566
21
-3.7671879921259843
0
LINE
8
BLACK
6
CONTINUOUS
10
6.2236632283464566
20
-3.7671879921259843
11
6.2238977952755903
21
-3.7669170078740155
0
LINE
8
BLACK
6
CONTINUOUS
10
6.2238977952755903
20
-3.7669170078740155
11
6.2238995275590554
21
-3.7669118897637794
0
LINE
8
BLACK
6
CONTINUOUS
10
6.2238995275590554
20
-3.7669118897637794
11
6.223904881889764
21
-3.7669088188976376
0
LINE
8
BLACK
6
CONTINUOUS
10
6.223904881889764
20
-3.7669088188976376
11
6.2239376377952755
21
-3.7668710236220471
0
LINE
8
BLACK
6
CONTINUOUS
10
6.2239376377952755
20
-3.7668710236220471
11
6.2241930708661419
21
-3.7667003149606297
0
LINE
8
BLACK
6
CONTINUOUS
10
6.2241930708661419
20
-3.7667003149606297
11
6.2242723228346453
21
-3.7667003149606297
0
LINE
8
BLACK
6
CONTINUOUS
10
6.2242723228346453
20
-3.7667003149606297
11
6.224892125984252
21
-3.7663485826771654
0
LINE
8
BLACK
6
CONTINUOUS
10
6.224892125984252
20
-3.7663485826771654
11
6.2249301181102359
21
-3.7663381496062991
0
LINE
8
BLACK
6
CONTINUOUS
10
6.2249301181102359
20
-3.7663381496062991
11
6.2249429527559057
21
-3.7663253543307085
0
LINE
8
BLACK
6
CONTINUOUS
10
6.2249429527559057
20
-3.7663253543307085
11
6.224980078740157
21
-3.7663244488188976
0
LINE
8
BLACK
6
CONTINUOUS
10
6.224980078740157
20
-3.7663244488188976
11
6.2251884645669291
21
-3.7662674015748032
0
LINE
8
BLACK
6
CONTINUOUS
10
6.2251884645669291
20
-3.7662674015748032
11
6.225334724409449
21
-3.7663161417322835
0
LINE
8
BLACK
6
CONTINUOUS
10
6.225334724409449
20
-3.7663161417322835
11
6.2274940157480314
21
-3.766265433070866
0
LINE
8
BLACK
6
CONTINUOUS
10
6.2274940157480314
20
-3.766265433070866
11
6.2275326771653541
21
-3.7662731102362206
0
LINE
8
BLACK
6
CONTINUOUS
10
6.2253657480314963
20
-3.7678373622047245
11
6.2248987401574798
21
-3.768102401574803
0
LINE
8
BLACK
6
CONTINUOUS
10
6.2248987401574798
20
-3.768102401574803
11
6.2246968897637798
21
-3.7683355905511808
0
LINE
8
BLACK
6
CONTINUOUS
10
6.2246968897637798
20
-3.7683355905511808
11
6.2244949606299214
21
-3.7687988188976376
0
LINE
8
BLACK
6
CONTINUOUS
10
6.2244949606299214
20
-3.7687988188976376
11
6.2245265748031491
21
-3.7695517322834644
0
LINE
8
BLACK
6
CONTINUOUS
10
6.2245265748031491
20
-3.7695517322834644
11
6.2247940157480315
21
-3.770022992125984
0
LINE
8
BLACK
6
CONTINUOUS
10
6.2247940157480315
20
-3.770022992125984
11
6.2250272834645664
21
-3.7702248818897637
0
LINE
8
BLACK
6
CONTINUOUS
10
6.2250272834645664
20
-3.7702248818897637
11
6.2255125196850392
21
-3.7704364566929134
0
LINE
8
BLACK
6
CONTINUOUS
10
6.2255125196850392
20
-3.7704364566929134
11
6.2273725196850389
21
-3.7703927559055117
0
LINE
8
BLACK
6
CONTINUOUS
10
6.2273725196850389
20
-3.7703927559055117
11
6.2278395275590546
21
-3.7701277165354328
0
LINE
8
BLACK
6
CONTINUOUS
10
6.2278395275590546
20
-3.7701277165354328
11
6.2280414173228342
21
-3.7698944881889762
0
LINE
8
BLACK
6
CONTINUOUS
10
6.2280414173228342
20
-3.7698944881889762
11
6.2282433070866139
21
-3.769431338582677
0
LINE
8
BLACK
6
CONTINUOUS
10
6.2282433070866139
20
-3.769431338582677
11
6.2282116929133853
21
-3.7686784251968501
0
LINE
8
BLACK
6
CONTINUOUS
10
6.2282116929133853
20
-3.7686784251968501
11
6.227944212598425
21
-3.7682070472440943
0
LINE
8
BLACK
6
CONTINUOUS
10
6.227944212598425
20
-3.7682070472440943
11
6.2277110629921255
21
-3.7680052362204726
0
LINE
8
BLACK
6
CONTINUOUS
10
6.2277110629921255
20
-3.7680052362204726
11
6.2272257480314961
21
-3.7677936614173229
0
LINE
8
BLACK
6
CONTINUOUS
10
6.2272257480314961
20
-3.7677936614173229
11
6.2253657480314963
21
-3.7678373622047245
0
LINE
8
BLACK
6
CONTINUOUS
10
6.1853319291338584
20
-3.7614509842519683
11
6.1853812204724408
21
-3.7615002755905511
0
LINE
8
BLACK
6
CONTINUOUS
10
6.1853812204724408
20
-3.7615002755905511
11
6.1867213385826769
21
-3.7617895275590549
0
LINE
8
BLACK
6
CONTINUOUS
10
6.1867213385826769
20
-3.7617895275590549
11
6.1867984645669294
21
-3.7618259448818896
0
LINE
8
BLACK
6
CONTINUOUS
10
6.1867984645669294
20
-3.7618259448818896
11
6.186831692913386
21
-3.7618259448818896
0
LINE
8
BLACK
6
CONTINUOUS
10
6.186831692913386
20
-3.7618259448818896
11
6.1868670866141731
21
-3.7618583464566928
0
LINE
8
BLACK
6
CONTINUOUS
10
6.1868670866141731
20
-3.7618583464566928
11
6.1869991732283465
21
-3.7619207480314958
0
LINE
8
BLACK
6
CONTINUOUS
10
6.1869991732283465
20
-3.7619207480314958
11
6.1870770866141731
21
-3.7620506299212599
0
LINE
8
BLACK
6
CONTINUOUS
10
6.1870770866141731
20
-3.7620506299212599
11
6.1877951181102357
21
-3.7627080708661418
0
LINE
8
BLACK
6
CONTINUOUS
10
6.1877951181102357
20
-3.7627080708661418
11
6.1877962598425196
21
-3.7627084645669289
0
LINE
8
BLACK
6
CONTINUOUS
10
6.1877962598425196
20
-3.7627084645669289
11
6.1877970078740159
21
-3.762709803149606
0
LINE
8
BLACK
6
CONTINUOUS
10
6.1877970078740159
20
-3.762709803149606
11
6.1878370866141728
21
-3.7627464960629919
0
LINE
8
BLACK
6
CONTINUOUS
10
6.1878370866141728
20
-3.7627464960629919
11
6.1880077952755901
21
-3.7630019685039371
0
LINE
8
BLACK
6
CONTINUOUS
10
6.1880077952755901
20
-3.7630019685039371
11
6.1880077952755901
21
-3.7630812598425196
0
LINE
8
BLACK
6
CONTINUOUS
10
6.1880077952755901
20
-3.7630812598425196
11
6.1883595275590553
21
-3.7637011417322834
0
LINE
8
BLACK
6
CONTINUOUS
10
6.1883595275590553
20
-3.7637011417322834
11
6.1883698818897637
21
-3.7637390551181102
0
LINE
8
BLACK
6
CONTINUOUS
10
6.1883698818897637
20
-3.7637390551181102
11
6.1883827165354326
21
-3.7637518897637796
0
LINE
8
BLACK
6
CONTINUOUS
10
6.1883827165354326
20
-3.7637518897637796
11
6.1883839763779527
21
-3.7637904724409448
0
LINE
8
BLACK
6
CONTINUOUS
10
6.1883839763779527
20
-3.7637904724409448
11
6.1884406692913387
21
-3.7639974409448818
0
LINE
8
BLACK
6
CONTINUOUS
10
6.1884406692913387
20
-3.7639974409448818
11
6.1883953937007874
21
-3.7641332283464566
0
LINE
8
BLACK
6
CONTINUOUS
10
6.1883953937007874
20
-3.7641332283464566
11
6.1884426377952755
21
-3.7655530314960628
0
LINE
8
BLACK
6
CONTINUOUS
10
6.1884426377952755
20
-3.7655530314960628
11
6.1884349212598426
21
-3.7655916535433072
0
LINE
8
BLACK
6
CONTINUOUS
10
6.1884349212598426
20
-3.7655916535433072
11
6.1884406692913387
21
-3.7656088188976375
0
LINE
8
BLACK
6
CONTINUOUS
10
6.1884406692913387
20
-3.7656088188976375
11
6.1884238582677167
21
-3.7656472834645669
0
LINE
8
BLACK
6
CONTINUOUS
10
6.1884238582677167
20
-3.7656472834645669
11
6.1883827165354326
21
-3.7658543700787401
0
LINE
8
BLACK
6
CONTINUOUS
10
6.1883827165354326
20
-3.7658543700787401
11
6.188295669291338
21
-3.765941377952756
0
LINE
8
BLACK
6
CONTINUOUS
10
6.188295669291338
20
-3.765941377952756
11
6.1880077952755901
21
-3.7666018503937009
0
LINE
8
BLACK
6
CONTINUOUS
10
6.1880077952755901
20
-3.7666018503937009
11
6.1880077952755901
21
-3.7666042913385827
0
LINE
8
BLACK
6
CONTINUOUS
10
6.1880077952755901
20
-3.7666042913385827
11
6.1880057874015746
21
-3.7666064566929132
0
LINE
8
BLACK
6
CONTINUOUS
10
6.1880057874015746
20
-3.7666064566929132
11
6.1879846062992128
21
-3.7666550787401576
0
LINE
8
BLACK
6
CONTINUOUS
10
6.1879846062992128
20
-3.7666550787401576
11
6.1877962598425196
21
-3.7668977952755904
0
LINE
8
BLACK
6
CONTINUOUS
10
6.1877962598425196
20
-3.7668977952755904
11
6.187713858267716
21
-3.7669252362204722
0
LINE
8
BLACK
6
CONTINUOUS
10
6.187713858267716
20
-3.7669252362204722
11
6.1870871653543302
21
-3.7676096456692911
0
LINE
8
BLACK
6
CONTINUOUS
10
6.1870871653543302
20
-3.7676096456692911
11
6.1870162598425198
21
-3.7676569685039367
0
LINE
8
BLACK
6
CONTINUOUS
10
6.1870162598425198
20
-3.7676569685039367
11
6.1869991732283465
21
-3.7676855118110235
0
LINE
8
BLACK
6
CONTINUOUS
10
6.1869991732283465
20
-3.7676855118110235
11
6.1869545669291339
21
-3.7676981889763779
0
LINE
8
BLACK
6
CONTINUOUS
10
6.1869545669291339
20
-3.7676981889763779
11
6.186831692913386
21
-3.7677803149606297
0
LINE
8
BLACK
6
CONTINUOUS
10
6.186831692913386
20
-3.7677803149606297
11
6.1866662598425197
21
-3.7677803149606297
0
LINE
8
BLACK
6
CONTINUOUS
10
6.1866662598425197
20
-3.7677803149606297
11
6.1852215748031494
21
-3.7681916929133856
0
LINE
8
BLACK
6
CONTINUOUS
10
6.1852215748031494
20
-3.7681916929133856
11
6.1849146850393701
21
-3.7682066535433072
0
LINE
8
BLACK
6
CONTINUOUS
10
6.1849146850393701
20
-3.7682066535433072
11
6.1848456299212593
21
-3.7681651968503935
0
LINE
8
BLACK
6
CONTINUOUS
10
6.1848456299212593
20
-3.7681651968503935
11
6.1824059055118106
21
-3.7682151968503934
0
LINE
8
BLACK
6
CONTINUOUS
10
6.1824059055118106
20
-3.7682151968503934
11
6.1821045669291337
21
-3.768155275590551
0
LINE
8
BLACK
6
CONTINUOUS
10
6.1821045669291337
20
-3.768155275590551
11
6.1820552362204726
21
-3.7681059448818899
0
LINE
8
BLACK
6
CONTINUOUS
10
6.1820552362204726
20
-3.7681059448818899
11
6.1807151181102364
21
-3.7678167322834644
0
LINE
8
BLACK
6
CONTINUOUS
10
6.1807151181102364
20
-3.7678167322834644
11
6.1806380314960627
21
-3.7677803149606297
0
LINE
8
BLACK
6
CONTINUOUS
10
6.1806380314960627
20
-3.7677803149606297
11
6.1806048031496061
21
-3.7677803149606297
0
LINE
8
BLACK
6
CONTINUOUS
10
6.1806048031496061
20
-3.7677803149606297
11
6.1805693700787403
21
-3.7677478740157477
0
LINE
8
BLACK
6
CONTINUOUS
10
6.1805693700787403
20
-3.7677478740157477
11
6.1804373228346456
21
-3.7676855118110235
0
LINE
8
BLACK
6
CONTINUOUS
10
6.1804373228346456
20
-3.7676855118110235
11
6.1803593307086615
21
-3.7675555511811023
0
LINE
8
BLACK
6
CONTINUOUS
10
6.1803593307086615
20
-3.7675555511811023
11
6.179641299212598
21
-3.7668981102362205
0
LINE
8
BLACK
6
CONTINUOUS
10
6.179641299212598
20
-3.7668981102362205
11
6.1796402755905513
21
-3.7668977952755904
0
LINE
8
BLACK
6
CONTINUOUS
10
6.1796402755905513
20
-3.7668977952755904
11
6.179639527559055
21
-3.766896496062992
0
LINE
8
BLACK
6
CONTINUOUS
10
6.179639527559055
20
-3.766896496062992
11
6.1795994094488185
21
-3.7668597637795274
0
LINE
8
BLACK
6
CONTINUOUS
10
6.1795994094488185
20
-3.7668597637795274
11
6.1794287007874011
21
-3.7666042913385827
0
LINE
8
BLACK
6
CONTINUOUS
10
6.1794287007874011
20
-3.7666042913385827
11
6.1794287007874011
21
-3.7665249606299214
0
LINE
8
BLACK
6
CONTINUOUS
10
6.1794287007874011
20
-3.7665249606299214
11
6.1790769291338581
21
-3.7659051574803151
0
LINE
8
BLACK
6
CONTINUOUS
10
6.1790769291338581
20
-3.7659051574803151
11
6.1790664960629922
21
-3.765867125984252
0
LINE
8
BLACK
6
CONTINUOUS
10
6.1790664960629922
20
-3.765867125984252
11
6.1790537401574799
21
-3.7658543700787401
0
LINE
8
BLACK
6
CONTINUOUS
10
6.1790537401574799
20
-3.7658543700787401
11
6.1790524409448819
21
-3.7658157874015745
0
LINE
8
BLACK
6
CONTINUOUS
10
6.1790524409448819
20
-3.7658157874015745
11
6.1789957874015746
21
-3.7656088582677163
0
LINE
8
BLACK
6
CONTINUOUS
10
6.1789957874015746
20
-3.7656088582677163
11
6.1790410236220472
21
-3.7654730314960627
0
LINE
8
BLACK
6
CONTINUOUS
10
6.1790410236220472
20
-3.7654730314960627
11
6.1789938188976379
21
-3.7640532283464565
0
LINE
8
BLACK
6
CONTINUOUS
10
6.1789938188976379
20
-3.7640532283464565
11
6.179001496062992
21
-3.7640145275590551
0
LINE
8
BLACK
6
CONTINUOUS
10
6.179001496062992
20
-3.7640145275590551
11
6.1789957874015746
21
-3.763997401574803
0
LINE
8
BLACK
6
CONTINUOUS
10
6.1789957874015746
20
-3.763997401574803
11
6.1790125590551179
21
-3.7639588582677166
0
LINE
8
BLACK
6
CONTINUOUS
10
6.1790125590551179
20
-3.7639588582677166
11
6.1790537401574799
21
-3.7637518897637796
0
LINE
8
BLACK
6
CONTINUOUS
10
6.1790537401574799
20
-3.7637518897637796
11
6.1791407480314957
21
-3.763664842519685
0
LINE
8
BLACK
6
CONTINUOUS
10
6.1791407480314957
20
-3.763664842519685
11
6.1794287007874011
21
-3.7630043700787401
0
LINE
8
BLACK
6
CONTINUOUS
10
6.1794287007874011
20
-3.7630043700787401
11
6.1794287007874011
21
-3.7630019685039371
0
LINE
8
BLACK
6
CONTINUOUS
10
6.1794287007874011
20
-3.7630019685039371
11
6.1794306692913388
21
-3.7629997637795274
0
LINE
8
BLACK
6
CONTINUOUS
10
6.1794306692913388
20
-3.7629997637795274
11
6.1794518897637793
21
-3.7629511811023622
0
LINE
8
BLACK
6
CONTINUOUS
10
6.1794518897637793
20
-3.7629511811023622
11
6.1796402755905513
21
-3.7627084645669289
0
LINE
8
BLACK
6
CONTINUOUS
10
6.1796402755905513
20
-3.7627084645669289
11
6.1797225984251964
21
-3.7626809842519684
0
LINE
8
BLACK
6
CONTINUOUS
10
6.1797225984251964
20
-3.7626809842519684
11
6.180349330708661
21
-3.7619966535433069
0
LINE
8
BLACK
6
CONTINUOUS
10
6.180349330708661
20
-3.7619966535433069
11
6.1804201574803148
21
-3.7619492913385826
0
LINE
8
BLACK
6
CONTINUOUS
10
6.1804201574803148
20
-3.7619492913385826
11
6.1804373228346456
21
-3.7619207480314958
0
LINE
8
BLACK
6
CONTINUOUS
10
6.1804373228346456
20
-3.7619207480314958
11
6.1804819291338582
21
-3.7619080314960631
0
LINE
8
BLACK
6
CONTINUOUS
10
6.1804819291338582
20
-3.7619080314960631
11
6.1806048031496061
21
-3.7618259448818896
0
LINE
8
BLACK
6
CONTINUOUS
10
6.1806048031496061
20
-3.7618259448818896
11
6.1807702362204724
21
-3.7618259448818896
0
LINE
8
BLACK
6
CONTINUOUS
10
6.1807702362204724
20
-3.7618259448818896
11
6.1822149212598427
21
-3.7614145669291337
0
LINE
8
BLACK
6
CONTINUOUS
10
6.1822149212598427
20
-3.7614145669291337
11
6.1825217716535432
21
-3.7613996062992126
0
LINE
8
BLACK
6
CONTINUOUS
10
6.1825217716535432
20
-3.7613996062992126
11
6.1825907874015744
21
-3.761441023622047
0
LINE
8
BLACK
6
CONTINUOUS
10
6.1825907874015744
20
-3.761441023622047
11
6.1850305905511807
21
-3.7613910629921259
0
LINE
8
BLACK
6
CONTINUOUS
10
6.1850305905511807
20
-3.7613910629921259
11
6.1853319291338584
21
-3.7614509842519683
0
LINE
8
BLACK
6
CONTINUOUS
10
6.1824059055118106
20
-3.762965866141732
11
6.1823619685039368
21
-3.762957125984252
0
LINE
8
BLACK
6
CONTINUOUS
10
6.1823619685039368
20
-3.762957125984252
11
6.1812498031496066
21
-3.7632738188976376
0
LINE
8
BLACK
6
CONTINUOUS
10
6.1812498031496066
20
-3.7632738188976376
11
6.1807325196850389
21
-3.7638387401574804
0
LINE
8
BLACK
6
CONTINUOUS
10
6.1807325196850389
20
-3.7638387401574804
11
6.1805272440944883
21
-3.7643095669291338
0
LINE
8
BLACK
6
CONTINUOUS
10
6.1805272440944883
20
-3.7643095669291338
11
6.1805644881889759
21
-3.7654292913385827
0
LINE
8
BLACK
6
CONTINUOUS
10
6.1805644881889759
20
-3.7654292913385827
11
6.1808528740157476
21
-3.7659375196850391
0
LINE
8
BLACK
6
CONTINUOUS
10
6.1808528740157476
20
-3.7659375196850391
11
6.1813529921259844
21
-3.766395433070866
0
LINE
8
BLACK
6
CONTINUOUS
10
6.1813529921259844
20
-3.766395433070866
11
6.1825968503937005
21
-3.7666638976377951
0
LINE
8
BLACK
6
CONTINUOUS
10
6.1825968503937005
20
-3.7666638976377951
11
6.182650275590551
21
-3.7666891338582675
0
LINE
8
BLACK
6
CONTINUOUS
10
6.182650275590551
20
-3.7666891338582675
11
6.1850305905511807
21
-3.7666403937007873
0
LINE
8
BLACK
6
CONTINUOUS
10
6.1850305905511807
20
-3.7666403937007873
11
6.1850744881889765
21
-3.766649094488189
0
LINE
8
BLACK
6
CONTINUOUS
10
6.1850744881889765
20
-3.766649094488189
11
6.1861866535433068
21
-3.766332401574803
0
LINE
8
BLACK
6
CONTINUOUS
10
6.1861866535433068
20
-3.766332401574803
11
6.1867038976377948
21
-3.7657675984251968
0
LINE
8
BLACK
6
CONTINUOUS
10
6.1867038976377948
20
-3.7657675984251968
11
6.1869091732283463
21
-3.7652966535433068
0
LINE
8
BLACK
6
CONTINUOUS
10
6.1869091732283463
20
-3.7652966535433068
11
6.1868719291338579
21
-3.7641769291338583
0
LINE
8
BLACK
6
CONTINUOUS
10
6.1868719291338579
20
-3.7641769291338583
11
6.1865835433070862
21
-3.7636686614173227
0
LINE
8
BLACK
6
CONTINUOUS
10
6.1865835433070862
20
-3.7636686614173227
11
6.1860834645669289
21
-3.7632107874015746
0
LINE
8
BLACK
6
CONTINUOUS
10
6.1860834645669289
20
-3.7632107874015746
11
6.1848396062992128
21
-3.7629423622047242
0
LINE
8
BLACK
6
CONTINUOUS
10
6.1848396062992128
20
-3.7629423622047242
11
6.1847861417322836
21
-3.762917086614173
0
LINE
8
BLACK
6
CONTINUOUS
10
6.1847861417322836
20
-3.762917086614173
11
6.1824059055118106
21
-3.762965866141732
0
LINE
8
BLACK
6
CONTINUOUS
10
6.2019421259842522
20
-3.7610237795275592
11
6.2019592913385821
21
-3.7610180708661418
0
LINE
8
BLACK
6
CONTINUOUS
10
6.2019592913385821
20
-3.7610180708661418
11
6.2019977952755907
21
-3.7610348425196851
0
LINE
8
BLACK
6
CONTINUOUS
10
6.2019977952755907
20
-3.7610348425196851
11
6.2022048031496064
21
-3.7610760236220471
0
LINE
8
BLACK
6
CONTINUOUS
10
6.2022048031496064
20
-3.7610760236220471
11
6.2022918110236223
21
-3.7611630314960629
0
LINE
8
BLACK
6
CONTINUOUS
10
6.2022918110236223
20
-3.7611630314960629
11
6.2029523228346459
21
-3.7614509842519683
0
LINE
8
BLACK
6
CONTINUOUS
10
6.2029523228346459
20
-3.7614509842519683
11
6.2029547244094489
21
-3.7614509842519683
0
LINE
8
BLACK
6
CONTINUOUS
10
6.2029547244094489
20
-3.7614509842519683
11
6.202957125984252
21
-3.7614530708661418
0
LINE
8
BLACK
6
CONTINUOUS
10
6.202957125984252
20
-3.7614530708661418
11
6.2030055118110239
21
-3.7614741732283465
0
LINE
8
BLACK
6
CONTINUOUS
10
6.2030055118110239
20
-3.7614741732283465
11
6.2032482283464567
21
-3.761662559055118
0
LINE
8
BLACK
6
CONTINUOUS
10
6.2032482283464567
20
-3.761662559055118
11
6.2032681102362206
21
-3.761722244094488
0
LINE
8
BLACK
6
CONTINUOUS
10
6.2032681102362206
20
-3.761722244094488
11
6.2035391338582677
21
-3.7619568503937009
0
LINE
8
BLACK
6
CONTINUOUS
10
6.2035391338582677
20
-3.7619568503937009
11
6.2035442913385825
21
-3.7619585826771651
0
LINE
8
BLACK
6
CONTINUOUS
10
6.2035442913385825
20
-3.7619585826771651
11
6.2035473228346456
21
-3.7619639370078741
0
LINE
8
BLACK
6
CONTINUOUS
10
6.2035473228346456
20
-3.7619639370078741
11
6.2035851181102357
21
-3.7619966535433069
0
LINE
8
BLACK
6
CONTINUOUS
10
6.2035851181102357
20
-3.7619966535433069
11
6.203755826771653
21
-3.7622520866141733
0
LINE
8
BLACK
6
CONTINUOUS
10
6.203755826771653
20
-3.7622520866141733
11
6.203755826771653
21
-3.7623313779527559
0
LINE
8
BLACK
6
CONTINUOUS
10
6.203755826771653
20
-3.7623313779527559
11
6.2041075590551182
21
-3.7629512598425197
0
LINE
8
BLACK
6
CONTINUOUS
10
6.2041075590551182
20
-3.7629512598425197
11
6.2041179133858266
21
-3.7629891732283465
0
LINE
8
BLACK
6
CONTINUOUS
10
6.2041179133858266
20
-3.7629891732283465
11
6.2041307480314956
21
-3.7630020078740158
0
LINE
8
BLACK
6
CONTINUOUS
10
6.2041307480314956
20
-3.7630020078740158
11
6.2041320078740156
21
-3.763040590551181
0
LINE
8
BLACK
6
CONTINUOUS
10
6.2041320078740156
20
-3.763040590551181
11
6.2041887007874017
21
-3.763247559055118
0
LINE
8
BLACK
6
CONTINUOUS
10
6.2041887007874017
20
-3.763247559055118
11
6.2041434251968504
21
-3.7633833464566928
0
LINE
8
BLACK
6
CONTINUOUS
10
6.2041434251968504
20
-3.7633833464566928
11
6.2041898425196846
21
-3.7647790944881887
0
LINE
8
BLACK
6
CONTINUOUS
10
6.2041898425196846
20
-3.7647790944881887
11
6.206027952755905
21
-3.7647656299212597
0
LINE
8
BLACK
6
CONTINUOUS
10
6.206027952755905
20
-3.7647656299212597
11
6.2063292913385828
21
-3.7648255511811022
0
LINE
8
BLACK
6
CONTINUOUS
10
6.2063292913385828
20
-3.7648255511811022
11
6.2067554330708656
21
-3.7652516929133859
0
LINE
8
BLACK
6
CONTINUOUS
10
6.2067554330708656
20
-3.7652516929133859
11
6.2067554330708656
21
-3.7658543700787401
0
LINE
8
BLACK
6
CONTINUOUS
10
6.2067554330708656
20
-3.7658543700787401
11
6.2063292913385828
21
-3.7662805118110234
0
LINE
8
BLACK
6
CONTINUOUS
10
6.2063292913385828
20
-3.7662805118110234
11
6.2030748425196851
21
-3.7663043307086612
0
LINE
8
BLACK
6
CONTINUOUS
10
6.2030748425196851
20
-3.7663043307086612
11
6.2029725590551177
21
-3.7663384645669291
0
LINE
8
BLACK
6
CONTINUOUS
10
6.2029725590551177
20
-3.7663384645669291
11
6.2029068110236221
21
-3.7663055905511809
0
LINE
8
BLACK
6
CONTINUOUS
10
6.2029068110236221
20
-3.7663055905511809
11
6.1985871259842522
21
-3.7663372440944882
0
LINE
8
BLACK
6
CONTINUOUS
10
6.1985871259842522
20
-3.7663372440944882
11
6.1985847244094483
21
-3.7663384645669291
0
LINE
8
BLACK
6
CONTINUOUS
10
6.1985847244094483
20
-3.7663384645669291
11
6.1985812204724411
21
-3.766337283464567
0
LINE
8
BLACK
6
CONTINUOUS
10
6.1985812204724411
20
-3.766337283464567
11
6.1981539370078735
21
-3.7663404330708659
0
LINE
8
BLACK
6
CONTINUOUS
10
6.1981539370078735
20
-3.7663404330708659
11
6.1978525984251966
21
-3.7662805118110234
0
LINE
8
BLACK
6
CONTINUOUS
10
6.1978525984251966
20
-3.7662805118110234
11
6.1974264566929129
21
-3.7658543700787401
0
LINE
8
BLACK
6
CONTINUOUS
10
6.1974264566929129
20
-3.7658543700787401
11
6.1974264566929129
21
-3.7652516929133859
0
LINE
8
BLACK
6
CONTINUOUS
10
6.1974264566929129
20
-3.7652516929133859
11
6.1974761417322837
21
-3.7652019685039368
0
LINE
8
BLACK
6
CONTINUOUS
10
6.1974761417322837
20
-3.7652019685039368
11
6.1974496850393699
21
-3.7651553149606301
0
LINE
8
BLACK
6
CONTINUOUS
10
6.1974496850393699
20
-3.7651553149606301
11
6.197439251968504
21
-3.765117283464567
0
LINE
8
BLACK
6
CONTINUOUS
10
6.197439251968504
20
-3.765117283464567
11
6.1974264566929129
21
-3.7651044881889764
0
LINE
8
BLACK
6
CONTINUOUS
10
6.1974264566929129
20
-3.7651044881889764
11
6.197425157480315
21
-3.7650658267716532
0
LINE
8
BLACK
6
CONTINUOUS
10
6.197425157480315
20
-3.7650658267716532
11
6.1973685039370077
21
-3.7648589763779525
0
LINE
8
BLACK
6
CONTINUOUS
10
6.1973685039370077
20
-3.7648589763779525
11
6.1974137401574803
21
-3.7647231496062989
0
LINE
8
BLACK
6
CONTINUOUS
10
6.1974137401574803
20
-3.7647231496062989
11
6.1973665354330709
21
-3.7633033464566927
0
LINE
8
BLACK
6
CONTINUOUS
10
6.1973665354330709
20
-3.7633033464566927
11
6.197374212598425
21
-3.7632646456692913
0
LINE
8
BLACK
6
CONTINUOUS
10
6.197374212598425
20
-3.7632646456692913
11
6.1973685039370077
21
-3.7632475196850392
0
LINE
8
BLACK
6
CONTINUOUS
10
6.1973685039370077
20
-3.7632475196850392
11
6.197385275590551
21
-3.7632089763779528
0
LINE
8
BLACK
6
CONTINUOUS
10
6.197385275590551
20
-3.7632089763779528
11
6.1974264566929129
21
-3.7630020078740158
0
LINE
8
BLACK
6
CONTINUOUS
10
6.1974264566929129
20
-3.7630020078740158
11
6.1975134645669288
21
-3.7629149606299213
0
LINE
8
BLACK
6
CONTINUOUS
10
6.1975134645669288
20
-3.7629149606299213
11
6.1978014173228342
21
-3.7622544881889763
0
LINE
8
BLACK
6
CONTINUOUS
10
6.1978014173228342
20
-3.7622544881889763
11
6.1978014173228342
21
-3.7622520866141733
0
LINE
8
BLACK
6
CONTINUOUS
10
6.1978014173228342
20
-3.7622520866141733
11
6.1978035039370081
21
-3.7622496456692911
0
LINE
8
BLACK
6
CONTINUOUS
10
6.1978035039370081
20
-3.7622496456692911
11
6.1978246062992124
21
-3.7622012992125984
0
LINE
8
BLACK
6
CONTINUOUS
10
6.1978246062992124
20
-3.7622012992125984
11
6.1980129921259843
21
-3.7619585826771651
0
LINE
8
BLACK
6
CONTINUOUS
10
6.1980129921259843
20
-3.7619585826771651
11
6.1980726771653538
21
-3.7619386614173229
0
LINE
8
BLACK
6
CONTINUOUS
10
6.1980726771653538
20
-3.7619386614173229
11
6.1983072440944884
21
-3.7616676771653541
0
LINE
8
BLACK
6
CONTINUOUS
10
6.1983072440944884
20
-3.7616676771653541
11
6.1983089763779526
21
-3.761662559055118
0
LINE
8
BLACK
6
CONTINUOUS
10
6.1983089763779526
20
-3.761662559055118
11
6.1983143307086612
21
-3.7616594881889762
0
LINE
8
BLACK
6
CONTINUOUS
10
6.1983143307086612
20
-3.7616594881889762
11
6.1983470866141728
21
-3.7616216929133857
0
LINE
8
BLACK
6
CONTINUOUS
10
6.1983470866141728
20
-3.7616216929133857
11
6.1986025196850392
21
-3.7614509842519683
0
LINE
8
BLACK
6
CONTINUOUS
10
6.1986025196850392
20
-3.7614509842519683
11
6.1986817716535434
21
-3.7614509842519683
0
LINE
8
BLACK
6
CONTINUOUS
10
6.1986817716535434
20
-3.7614509842519683
11
6.1993015748031493
21
-3.761099251968504
0
LINE
8
BLACK
6
CONTINUOUS
10
6.1993015748031493
20
-3.761099251968504
11
6.199339566929134
21
-3.7610888188976377
0
LINE
8
BLACK
6
CONTINUOUS
10
6.199339566929134
20
-3.7610888188976377
11
6.1993524015748029
21
-3.7610760236220471
0
LINE
8
BLACK
6
CONTINUOUS
10
6.1993524015748029
20
-3.7610760236220471
11
6.1993895275590551
21
-3.7610751181102362
0
LINE
8
BLACK
6
CONTINUOUS
10
6.1993895275590551
20
-3.7610751181102362
11
6.1995979133858263
21
-3.7610180708661418
0
LINE
8
BLACK
6
CONTINUOUS
10
6.1995979133858263
20
-3.7610180708661418
11
6.1997441732283463
21
-3.7610668110236221
0
LINE
8
BLACK
6
CONTINUOUS
10
6.1997441732283463
20
-3.7610668110236221
11
6.2019034645669286
21
-3.7610161023622046
0
LINE
8
BLACK
6
CONTINUOUS
10
6.2019034645669286
20
-3.7610161023622046
11
6.2019421259842522
21
-3.7610237795275592
0
LINE
8
BLACK
6
CONTINUOUS
10
6.1997751968503936
20
-3.7625880314960627
11
6.1993081889763779
21
-3.7628530708661416
0
LINE
8
BLACK
6
CONTINUOUS
10
6.1993081889763779
20
-3.7628530708661416
11
6.199106338582677
21
-3.7630862598425194
0
LINE
8
BLACK
6
CONTINUOUS
10
6.199106338582677
20
-3.7630862598425194
11
6.1988999606299213
21
-3.76355968503937
0
LINE
8
BLACK
6
CONTINUOUS
10
6.1988999606299213
20
-3.76355968503937
11
6.1989372047244089
21
-3.764679409448819
0
LINE
8
BLACK
6
CONTINUOUS
10
6.1989372047244089
20
-3.764679409448819
11
6.1990153149606302
21
-3.7648170078740155
0
LINE
8
BLACK
6
CONTINUOUS
10
6.1990153149606302
20
-3.7648170078740155
11
6.2025507086614171
21
-3.7647911023622047
0
LINE
8
BLACK
6
CONTINUOUS
10
6.2025507086614171
20
-3.7647911023622047
11
6.2026572047244093
21
-3.764546771653543
0
LINE
8
BLACK
6
CONTINUOUS
10
6.2026572047244093
20
-3.764546771653543
11
6.2026199606299208
21
-3.7634270472440945
0
LINE
8
BLACK
6
CONTINUOUS
10
6.2026199606299208
20
-3.7634270472440945
11
6.2023536614173223
21
-3.7629577165354329
0
LINE
8
BLACK
6
CONTINUOUS
10
6.2023536614173223
20
-3.7629577165354329
11
6.2021205118110236
21
-3.7627559055118107
0
LINE
8
BLACK
6
CONTINUOUS
10
6.2021205118110236
20
-3.7627559055118107
11
6.2016351968503933
21
-3.7625443307086615
0
LINE
8
BLACK
6
CONTINUOUS
10
6.2016351968503933
20
-3.7625443307086615
11
6.1997751968503936
21
-3.7625880314960627
0
LINE
8
BLACK
6
CONTINUOUS
10
6.2292951574803146
20
-3.7595762204724408
11
6.2297212992125983
21
-3.7600023622047245
0
LINE
8
BLACK
6
CONTINUOUS
10
6.2297212992125983
20
-3.7600023622047245
11
6.2297212992125983
21
-3.7606050393700787
0
LINE
8
BLACK
6
CONTINUOUS
10
6.2297212992125983
20
-3.7606050393700787
11
6.2292951574803146
21
-3.761031181102362
0
LINE
8
BLACK
6
CONTINUOUS
10
6.2292951574803146
20
-3.761031181102362
11
6.2249886220472437
21
-3.7610894488188977
0
LINE
8
BLACK
6
CONTINUOUS
10
6.2249886220472437
20
-3.7610894488188977
11
6.2246716929133861
21
-3.7612693307086613
0
LINE
8
BLACK
6
CONTINUOUS
10
6.2246716929133861
20
-3.7612693307086613
11
6.2244949606299214
21
-3.7616747244094486
0
LINE
8
BLACK
6
CONTINUOUS
10
6.2244949606299214
20
-3.7616747244094486
11
6.2245265748031491
21
-3.7624276377952754
0
LINE
8
BLACK
6
CONTINUOUS
10
6.2245265748031491
20
-3.7624276377952754
11
6.2247940157480315
21
-3.7628988976377951
0
LINE
8
BLACK
6
CONTINUOUS
10
6.2247940157480315
20
-3.7628988976377951
11
6.2248365748031498
21
-3.7629357086614172
0
LINE
8
BLACK
6
CONTINUOUS
10
6.2248365748031498
20
-3.7629357086614172
11
6.2289938188976377
21
-3.7628908661417322
0
LINE
8
BLACK
6
CONTINUOUS
10
6.2289938188976377
20
-3.7628908661417322
11
6.2292951574803146
21
-3.7629507874015746
0
LINE
8
BLACK
6
CONTINUOUS
10
6.2292951574803146
20
-3.7629507874015746
11
6.2297212992125983
21
-3.7633769291338584
0
LINE
8
BLACK
6
CONTINUOUS
10
6.2297212992125983
20
-3.7633769291338584
11
6.2297212992125983
21
-3.7639796062992126
0
LINE
8
BLACK
6
CONTINUOUS
10
6.2297212992125983
20
-3.7639796062992126
11
6.2292951574803146
21
-3.7644057480314959
0
LINE
8
BLACK
6
CONTINUOUS
10
6.2292951574803146
20
-3.7644057480314959
11
6.2237444881889763
21
-3.7644656692913383
0
LINE
8
BLACK
6
CONTINUOUS
10
6.2237444881889763
20
-3.7644656692913383
11
6.2234431496062994
21
-3.7644057480314959
0
LINE
8
BLACK
6
CONTINUOUS
10
6.2234431496062994
20
-3.7644057480314959
11
6.2230170078740157
21
-3.7639796062992126
0
LINE
8
BLACK
6
CONTINUOUS
10
6.2230170078740157
20
-3.7639796062992126
11
6.2230170078740157
21
-3.7633769291338584
0
LINE
8
BLACK
6
CONTINUOUS
10
6.2230170078740157
20
-3.7633769291338584
11
6.2232024409448821
21
-3.7631914566929132
0
LINE
8
BLACK
6
CONTINUOUS
10
6.2232024409448821
20
-3.7631914566929132
11
6.2230401968503939
21
-3.7629055511811025
0
LINE
8
BLACK
6
CONTINUOUS
10
6.2230401968503939
20
-3.7629055511811025
11
6.2230297637795271
21
-3.7628675196850394
0
LINE
8
BLACK
6
CONTINUOUS
10
6.2230297637795271
20
-3.7628675196850394
11
6.2230170078740157
21
-3.7628547637795275
0
LINE
8
BLACK
6
CONTINUOUS
10
6.2230170078740157
20
-3.7628547637795275
11
6.2230153149606302
21
-3.7628147244094485
0
LINE
8
BLACK
6
CONTINUOUS
10
6.2230153149606302
20
-3.7628147244094485
11
6.2229590551181104
21
-3.7626092519685037
0
LINE
8
BLACK
6
CONTINUOUS
10
6.2229590551181104
20
-3.7626092519685037
11
6.2230013385826775
21
-3.7624822834645668
0
LINE
8
BLACK
6
CONTINUOUS
10
6.2230013385826775
20
-3.7624822834645668
11
6.2229570866141728
21
-3.7614285826771652
0
LINE
8
BLACK
6
CONTINUOUS
10
6.2229570866141728
20
-3.7614285826771652
11
6.2229647637795278
21
-3.7613898818897638
0
LINE
8
BLACK
6
CONTINUOUS
10
6.2229647637795278
20
-3.7613898818897638
11
6.2229590551181104
21
-3.7613727559055117
0
LINE
8
BLACK
6
CONTINUOUS
10
6.2229590551181104
20
-3.7613727559055117
11
6.2229758267716537
21
-3.7613342125984253
0
LINE
8
BLACK
6
CONTINUOUS
10
6.2229758267716537
20
-3.7613342125984253
11
6.2230170078740157
21
-3.7611272440944883
0
LINE
8
BLACK
6
CONTINUOUS
10
6.2230170078740157
20
-3.7611272440944883
11
6.2231040157480315
21
-3.7610401968503937
0
LINE
8
BLACK
6
CONTINUOUS
10
6.2231040157480315
20
-3.7610401968503937
11
6.2234151574803152
21
-3.7603265354330708
0
LINE
8
BLACK
6
CONTINUOUS
10
6.2234151574803152
20
-3.7603265354330708
11
6.2235112204724405
21
-3.7602027165354328
0
LINE
8
BLACK
6
CONTINUOUS
10
6.2235112204724405
20
-3.7602027165354328
11
6.2235245669291341
21
-3.7601627559055117
0
LINE
8
BLACK
6
CONTINUOUS
10
6.2235245669291341
20
-3.7601627559055117
11
6.2235561811023619
21
-3.7601447637795276
0
LINE
8
BLACK
6
CONTINUOUS
10
6.2235561811023619
20
-3.7601447637795276
11
6.2236035433070862
21
-3.7600838188976375
0
LINE
8
BLACK
6
CONTINUOUS
10
6.2236035433070862
20
-3.7600838188976375
11
6.2237492125984248
21
-3.7600352362204723
0
LINE
8
BLACK
6
CONTINUOUS
10
6.2237492125984248
20
-3.7600352362204723
11
6.2245171653543307
21
-3.7595994488188977
0
LINE
8
BLACK
6
CONTINUOUS
10
6.2245171653543307
20
-3.7595994488188977
11
6.2245551574803146
21
-3.7595890157480314
0
LINE
8
BLACK
6
CONTINUOUS
10
6.2245551574803146
20
-3.7595890157480314
11
6.2245679921259844
21
-3.7595762204724408
0
LINE
8
BLACK
6
CONTINUOUS
10
6.2245679921259844
20
-3.7595762204724408
11
6.2246037007874016
21
-3.7595757086614174
0
LINE
8
BLACK
6
CONTINUOUS
10
6.2246037007874016
20
-3.7595757086614174
11
6.2248135039370078
21
-3.7595182677165355
0
LINE
8
BLACK
6
CONTINUOUS
10
6.2248135039370078
20
-3.7595182677165355
11
6.2249709842519687
21
-3.7595707480314959
0
LINE
8
BLACK
6
CONTINUOUS
10
6.2249709842519687
20
-3.7595707480314959
11
6.2289938188976377
21
-3.7595162992125983
0
LINE
8
BLACK
6
CONTINUOUS
10
6.2289938188976377
20
-3.7595162992125983
11
6.2292951574803146
21
-3.7595762204724408
0
LINE
8
BLACK
6
CONTINUOUS
10
6.2157216535433069
20
-3.7572742125984253
11
6.2157388188976377
21
-3.757268503937008
0
LINE
8
BLACK
6
CONTINUOUS
10
6.2157388188976377
20
-3.757268503937008
11
6.2157773228346453
21
-3.7572852755905513
0
LINE
8
BLACK
6
CONTINUOUS
10
6.2157773228346453
20
-3.7572852755905513
11
6.2159843307086611
21
-3.7573264566929132
0
LINE
8
BLACK
6
CONTINUOUS
10
6.2159843307086611
20
-3.7573264566929132
11
6.2160713385826769
21
-3.757413464566929
0
LINE
8
BLACK
6
CONTINUOUS
10
6.2160713385826769
20
-3.757413464566929
11
6.2167317322834643
21
-3.7577013779527557
0
LINE
8
BLACK
6
CONTINUOUS
10
6.2167317322834643
20
-3.7577013779527557
11
6.2167342125984248
21
-3.7577013779527557
0
LINE
8
BLACK
6
CONTINUOUS
10
6.2167342125984248
20
-3.7577013779527557
11
6.2167366929133854
21
-3.7577035039370079
0
LINE
8
BLACK
6
CONTINUOUS
10
6.2167366929133854
20
-3.7577035039370079
11
6.2167850393700785
21
-3.7577246062992127
0
LINE
8
BLACK
6
CONTINUOUS
10
6.2167850393700785
20
-3.7577246062992127
11
6.2170277559055114
21
-3.7579129921259842
0
LINE
8
BLACK
6
CONTINUOUS
10
6.2170277559055114
20
-3.7579129921259842
11
6.2170476377952753
21
-3.7579726377952754
0
LINE
8
BLACK
6
CONTINUOUS
10
6.2170476377952753
20
-3.7579726377952754
11
6.2173186614173224
21
-3.7582072440944883
0
LINE
8
BLACK
6
CONTINUOUS
10
6.2173186614173224
20
-3.7582072440944883
11
6.2173238188976381
21
-3.7582089763779525
0
LINE
8
BLACK
6
CONTINUOUS
10
6.2173238188976381
20
-3.7582089763779525
11
6.2173268503937003
21
-3.7582143307086615
0
LINE
8
BLACK
6
CONTINUOUS
10
6.2173268503937003
20
-3.7582143307086615
11
6.2173646062992125
21
-3.7582470078740156
0
LINE
8
BLACK
6
CONTINUOUS
10
6.2173646062992125
20
-3.7582470078740156
11
6.2175353543307086
21
-3.758502440944882
0
LINE
8
BLACK
6
CONTINUOUS
10
6.2175353543307086
20
-3.758502440944882
11
6.2175353543307086
21
-3.7585817716535432
0
LINE
8
BLACK
6
CONTINUOUS
10
6.2175353543307086
20
-3.7585817716535432
11
6.2178870866141729
21
-3.759201653543307
0
LINE
8
BLACK
6
CONTINUOUS
10
6.2178870866141729
20
-3.759201653543307
11
6.2178974409448822
21
-3.7592395669291339
0
LINE
8
BLACK
6
CONTINUOUS
10
6.2178974409448822
20
-3.7592395669291339
11
6.2179102755905511
21
-3.7592524015748032
0
LINE
8
BLACK
6
CONTINUOUS
10
6.2179102755905511
20
-3.7592524015748032
11
6.2179109055118111
21
-3.7592887007874016
0
LINE
8
BLACK
6
CONTINUOUS
10
6.2179109055118111
20
-3.7592887007874016
11
6.2179682283464563
21
-3.7594979527559054
0
LINE
8
BLACK
6
CONTINUOUS
10
6.2179682283464563
20
-3.7594979527559054
11
6.2179174803149602
21
-3.759650118110236
0
LINE
8
BLACK
6
CONTINUOUS
10
6.2179174803149602
20
-3.759650118110236
11
6.217970196850394
21
-3.7625533464566927
0
LINE
8
BLACK
6
CONTINUOUS
10
6.217970196850394
20
-3.7625533464566927
11
6.2179102755905511
21
-3.76285468503937
0
LINE
8
BLACK
6
CONTINUOUS
10
6.2179102755905511
20
-3.76285468503937
11
6.2174841338582674
21
-3.7632808267716533
0
LINE
8
BLACK
6
CONTINUOUS
10
6.2174841338582674
20
-3.7632808267716533
11
6.209308779527559
21
-3.7633407480314958
0
LINE
8
BLACK
6
CONTINUOUS
10
6.209308779527559
20
-3.7633407480314958
11
6.2090074409448821
21
-3.7632808267716533
0
LINE
8
BLACK
6
CONTINUOUS
10
6.2090074409448821
20
-3.7632808267716533
11
6.2085812992125984
21
-3.76285468503937
0
LINE
8
BLACK
6
CONTINUOUS
10
6.2085812992125984
20
-3.76285468503937
11
6.2085213779527555
21
-3.7599287007874014
0
LINE
8
BLACK
6
CONTINUOUS
10
6.2085213779527555
20
-3.7599287007874014
11
6.2085290551181105
21
-3.75989
0
LINE
8
BLACK
6
CONTINUOUS
10
6.2085290551181105
20
-3.75989
11
6.2085233464566931
21
-3.7598728740157479
0
LINE
8
BLACK
6
CONTINUOUS
10
6.2085233464566931
20
-3.7598728740157479
11
6.2085401181102364
21
-3.7598343307086615
0
LINE
8
BLACK
6
CONTINUOUS
10
6.2085401181102364
20
-3.7598343307086615
11
6.2085812992125984
21
-3.7596273622047245
0
LINE
8
BLACK
6
CONTINUOUS
10
6.2085812992125984
20
-3.7596273622047245
11
6.2086683070866142
21
-3.7595403149606299
0
LINE
8
BLACK
6
CONTINUOUS
10
6.2086683070866142
20
-3.7595403149606299
11
6.2089562598425196
21
-3.758879842519685
0
LINE
8
BLACK
6
CONTINUOUS
10
6.2089562598425196
20
-3.758879842519685
11
6.2089562598425196
21
-3.758877440944882
0
LINE
8
BLACK
6
CONTINUOUS
10
6.2089562598425196
20
-3.758877440944882
11
6.2089583464566926
21
-3.7588749999999997
0
LINE
8
BLACK
6
CONTINUOUS
10
6.2089583464566926
20
-3.7588749999999997
11
6.2089794488188979
21
-3.758826653543307
0
LINE
8
BLACK
6
CONTINUOUS
10
6.2089794488188979
20
-3.758826653543307
11
6.2091678346456689
21
-3.7585839370078737
0
LINE
8
BLACK
6
CONTINUOUS
10
6.2091678346456689
20
-3.7585839370078737
11
6.2092275196850393
21
-3.7585640157480316
0
LINE
8
BLACK
6
CONTINUOUS
10
6.2092275196850393
20
-3.7585640157480316
11
6.2094621259842517
21
-3.758292992125984
0
LINE
8
BLACK
6
CONTINUOUS
10
6.2094621259842517
20
-3.758292992125984
11
6.209463858267716
21
-3.7582878740157479
0
LINE
8
BLACK
6
CONTINUOUS
10
6.209463858267716
20
-3.7582878740157479
11
6.2094692125984254
21
-3.7582848031496061
0
LINE
8
BLACK
6
CONTINUOUS
10
6.2094692125984254
20
-3.7582848031496061
11
6.2095019291338582
21
-3.7582470472440943
0
LINE
8
BLACK
6
CONTINUOUS
10
6.2095019291338582
20
-3.7582470472440943
11
6.2097573622047246
21
-3.758076338582677
0
LINE
8
BLACK
6
CONTINUOUS
10
6.2097573622047246
20
-3.758076338582677
11
6.2098366535433067
21
-3.758076338582677
0
LINE
8
BLACK
6
CONTINUOUS
10
6.2098366535433067
20
-3.758076338582677
11
6.210456535433071
21
-3.7577246062992127
0
LINE
8
BLACK
6
CONTINUOUS
10
6.210456535433071
20
-3.7577246062992127
11
6.2104944488188973
21
-3.7577142125984251
0
LINE
8
BLACK
6
CONTINUOUS
10
6.2104944488188973
20
-3.7577142125984251
11
6.2105072834645672
21
-3.7577014173228345
0
LINE
8
BLACK
6
CONTINUOUS
10
6.2105072834645672
20
-3.7577014173228345
11
6.2105501181102358
21
-3.7576989370078739
0
LINE
8
BLACK
6
CONTINUOUS
10
6.2105501181102358
20
-3.7576989370078739
11
6.2107528346456693
21
-3.7576434645669292
0
LINE
8
BLACK
6
CONTINUOUS
10
6.2107528346456693
20
-3.7576434645669292
11
6.2108654330708664
21
-3.7576809842519685
0
LINE
8
BLACK
6
CONTINUOUS
10
6.2108654330708664
20
-3.7576809842519685
11
6.2115585039370078
21
-3.757641496062992
0
LINE
8
BLACK
6
CONTINUOUS
10
6.2115585039370078
20
-3.757641496062992
11
6.2115971259842517
21
-3.7576491732283466
0
LINE
8
BLACK
6
CONTINUOUS
10
6.2115971259842517
20
-3.7576491732283466
11
6.2116142913385826
21
-3.7576434645669292
0
LINE
8
BLACK
6
CONTINUOUS
10
6.2116142913385826
20
-3.7576434645669292
11
6.2116527559055115
21
-3.7576602362204725
0
LINE
8
BLACK
6
CONTINUOUS
10
6.2116527559055115
20
-3.7576602362204725
11
6.2118598425196847
21
-3.7577014173228345
0
LINE
8
BLACK
6
CONTINUOUS
10
6.2118598425196847
20
-3.7577014173228345
11
6.2119468503937005
21
-3.7577884251968503
0
LINE
8
BLACK
6
CONTINUOUS
10
6.2119468503937005
20
-3.7577884251968503
11
6.2126073622047242
21
-3.758076338582677
0
LINE
8
BLACK
6
CONTINUOUS
10
6.2126073622047242
20
-3.758076338582677
11
6.2126097637795272
21
-3.758076338582677
0
LINE
8
BLACK
6
CONTINUOUS
10
6.2126097637795272
20
-3.758076338582677
11
6.212612204724409
21
-3.7580784251968504
0
LINE
8
BLACK
6
CONTINUOUS
10
6.212612204724409
20
-3.7580784251968504
11
6.2126605511811022
21
-3.7580995275590552
0
LINE
8
BLACK
6
CONTINUOUS
10
6.2126605511811022
20
-3.7580995275590552
11
6.2128778346456688
21
-3.7582681496062991
0
LINE
8
BLACK
6
CONTINUOUS
10
6.2128778346456688
20
-3.7582681496062991
11
6.2129320472440943
21
-3.7582410236220474
0
LINE
8
BLACK
6
CONTINUOUS
10
6.2129320472440943
20
-3.7582410236220474
11
6.2132116535433068
21
-3.7579180314960627
0
LINE
8
BLACK
6
CONTINUOUS
10
6.2132116535433068
20
-3.7579180314960627
11
6.2132133464566932
21
-3.7579129921259842
0
LINE
8
BLACK
6
CONTINUOUS
10
6.2132133464566932
20
-3.7579129921259842
11
6.2132186220472443
21
-3.7579099606299211
0
LINE
8
BLACK
6
CONTINUOUS
10
6.2132186220472443
20
-3.7579099606299211
11
6.2132514566929133
21
-3.757872086614173
0
LINE
8
BLACK
6
CONTINUOUS
10
6.2132514566929133
20
-3.757872086614173
11
6.2135069291338585
21
-3.7577014173228345
0
LINE
8
BLACK
6
CONTINUOUS
10
6.2135069291338585
20
-3.7577014173228345
11
6.2135861811023618
21
-3.7577014173228345
0
LINE
8
BLACK
6
CONTINUOUS
10
6.2135861811023618
20
-3.7577014173228345
11
6.2142059842519686
21
-3.7573496850393702
0
LINE
8
BLACK
6
CONTINUOUS
10
6.2142059842519686
20
-3.7573496850393702
11
6.2142439763779524
21
-3.7573392519685038
0
LINE
8
BLACK
6
CONTINUOUS
10
6.2142439763779524
20
-3.7573392519685038
11
6.2142568110236223
21
-3.7573264566929132
0
LINE
8
BLACK
6
CONTINUOUS
10
6.2142568110236223
20
-3.7573264566929132
11
6.2142968897637791
21
-3.7573247637795273
0
LINE
8
BLACK
6
CONTINUOUS
10
6.2142968897637791
20
-3.7573247637795273
11
6.2145023228346457
21
-3.757268503937008
0
LINE
8
BLACK
6
CONTINUOUS
10
6.2145023228346457
20
-3.757268503937008
11
6.2146292125984255
21
-3.7573107874015745
0
LINE
8
BLACK
6
CONTINUOUS
10
6.2146292125984255
20
-3.7573107874015745
11
6.2156829921259842
21
-3.7572665354330708
0
LINE
8
BLACK
6
CONTINUOUS
10
6.2156829921259842
20
-3.7572665354330708
11
6.2157216535433069
21
-3.7572742125984253
0
LINE
8
BLACK
6
CONTINUOUS
10
6.2109380708661419
20
-3.7592088976377953
11
6.2104629921259837
21
-3.759478464566929
0
LINE
8
BLACK
6
CONTINUOUS
10
6.2104629921259837
20
-3.759478464566929
11
6.2102611811023625
21
-3.7597116141732281
0
LINE
8
BLACK
6
CONTINUOUS
10
6.2102611811023625
20
-3.7597116141732281
11
6.2100479921259844
21
-3.7602006692913386
0
LINE
8
BLACK
6
CONTINUOUS
10
6.2100479921259844
20
-3.7602006692913386
11
6.2100811023622047
21
-3.7618179921259842
0
LINE
8
BLACK
6
CONTINUOUS
10
6.2100811023622047
20
-3.7618179921259842
11
6.2123092519685041
21
-3.7618016535433072
0
LINE
8
BLACK
6
CONTINUOUS
10
6.2123092519685041
20
-3.7618016535433072
11
6.2122733464566924
21
-3.7600494881889763
0
LINE
8
BLACK
6
CONTINUOUS
10
6.2122733464566924
20
-3.7600494881889763
11
6.2120087007874014
21
-3.7595830708661415
0
LINE
8
BLACK
6
CONTINUOUS
10
6.2120087007874014
20
-3.7595830708661415
11
6.2117755511811019
21
-3.7593812992125986
0
LINE
8
BLACK
6
CONTINUOUS
10
6.2117755511811019
20
-3.7593812992125986
11
6.2113289763779527
21
-3.7591866141732284
0
LINE
8
BLACK
6
CONTINUOUS
10
6.2113289763779527
20
-3.7591866141732284
11
6.2109380708661419
21
-3.7592088976377953
0
LINE
8
BLACK
6
CONTINUOUS
10
6.2146838976377952
20
-3.7588360236220471
11
6.2142125196850388
21
-3.7591035433070865
0
LINE
8
BLACK
6
CONTINUOUS
10
6.2142125196850388
20
-3.7591035433070865
11
6.2140674015748028
21
-3.759271181102362
0
LINE
8
BLACK
6
CONTINUOUS
10
6.2140674015748028
20
-3.759271181102362
11
6.2138053149606298
21
-3.7601777165354329
0
LINE
8
BLACK
6
CONTINUOUS
10
6.2138053149606298
20
-3.7601777165354329
11
6.2137973228346457
21
-3.7601916929133856
0
LINE
8
BLACK
6
CONTINUOUS
10
6.2137973228346457
20
-3.7601916929133856
11
6.2138300787401572
21
-3.7617905118110238
0
LINE
8
BLACK
6
CONTINUOUS
10
6.2138300787401572
20
-3.7617905118110238
11
6.2164356299212598
21
-3.7617714173228345
0
LINE
8
BLACK
6
CONTINUOUS
10
6.2164356299212598
20
-3.7617714173228345
11
6.2163975590551184
21
-3.7596740157480313
0
LINE
8
BLACK
6
CONTINUOUS
10
6.2163975590551184
20
-3.7596740157480313
11
6.2161331889763778
21
-3.759208149606299
0
LINE
8
BLACK
6
CONTINUOUS
10
6.2161331889763778
20
-3.759208149606299
11
6.2159000393700783
21
-3.7590063385826773
0
LINE
8
BLACK
6
CONTINUOUS
10
6.2159000393700783
20
-3.7590063385826773
11
6.215436811023622
21
-3.7588044094488189
0
LINE
8
BLACK
6
CONTINUOUS
10
6.215436811023622
20
-3.7588044094488189
11
6.2146838976377952
21
-3.7588360236220471
0
LINE
8
BLACK
6
CONTINUOUS
10
6.1861940944881892
20
-3.753524724409449
11
6.1862112598425192
21
-3.7535190157480316
0
LINE
8
BLACK
6
CONTINUOUS
10
6.1862112598425192
20
-3.7535190157480316
11
6.1862497637795277
21
-3.7535357874015749
0
LINE
8
BLACK
6
CONTINUOUS
10
6.1862497637795277
20
-3.7535357874015749
11
6.1864567716535435
21
-3.7535769685039369
0
LINE
8
BLACK
6
CONTINUOUS
10
6.1864567716535435
20
-3.7535769685039369
11
6.1865437795275593
21
-3.7536639763779527
0
LINE
8
BLACK
6
CONTINUOUS
10
6.1865437795275593
20
-3.7536639763779527
11
6.1872041732283467
21
-3.7539518897637794
0
LINE
8
BLACK
6
CONTINUOUS
10
6.1872041732283467
20
-3.7539518897637794
11
6.1872066535433072
21
-3.7539518897637794
0
LINE
8
BLACK
6
CONTINUOUS
10
6.1872066535433072
20
-3.7539518897637794
11
6.1872091338582678
21
-3.7539540157480316
0
LINE
8
BLACK
6
CONTINUOUS
10
6.1872091338582678
20
-3.7539540157480316
11
6.1872574803149609
21
-3.7539751181102363
0
LINE
8
BLACK
6
CONTINUOUS
10
6.1872574803149609
20
-3.7539751181102363
11
6.1875001968503938
21
-3.7541635039370078
0
LINE
8
BLACK
6
CONTINUOUS
10
6.1875001968503938
20
-3.7541635039370078
11
6.1875200787401576
21
-3.754223149606299
0
LINE
8
BLACK
6
CONTINUOUS
10
6.1875200787401576
20
-3.754223149606299
11
6.1877911023622048
21
-3.7544577559055119
0
LINE
8
BLACK
6
CONTINUOUS
10
6.1877911023622048
20
-3.7544577559055119
11
6.1877962598425196
21
-3.7544594881889761
0
LINE
8
BLACK
6
CONTINUOUS
10
6.1877962598425196
20
-3.7544594881889761
11
6.1877992913385826
21
-3.7544648425196852
0
LINE
8
BLACK
6
CONTINUOUS
10
6.1877992913385826
20
-3.7544648425196852
11
6.187837047244094
21
-3.7544975196850392
0
LINE
8
BLACK
6
CONTINUOUS
10
6.187837047244094
20
-3.7544975196850392
11
6.1880077952755901
21
-3.7547529527559056
0
LINE
8
BLACK
6
CONTINUOUS
10
6.1880077952755901
20
-3.7547529527559056
11
6.1880077952755901
21
-3.7548322834645669
0
LINE
8
BLACK
6
CONTINUOUS
10
6.1880077952755901
20
-3.7548322834645669
11
6.1883595275590553
21
-3.7554521653543307
0
LINE
8
BLACK
6
CONTINUOUS
10
6.1883595275590553
20
-3.7554521653543307
11
6.1883698818897637
21
-3.7554900787401575
0
LINE
8
BLACK
6
CONTINUOUS
10
6.1883698818897637
20
-3.7554900787401575
11
6.1883827165354326
21
-3.7555029133858269
0
LINE
8
BLACK
6
CONTINUOUS
10
6.1883827165354326
20
-3.7555029133858269
11
6.1883839763779527
21
-3.755541496062992
0
LINE
8
BLACK
6
CONTINUOUS
10
6.1883839763779527
20
-3.755541496062992
11
6.1884406692913387
21
-3.755748464566929
0
LINE
8
BLACK
6
CONTINUOUS
10
6.1884406692913387
20
-3.755748464566929
11
6.1883953937007874
21
-3.7558842519685038
0
LINE
8
BLACK
6
CONTINUOUS
10
6.1883953937007874
20
-3.7558842519685038
11
6.1884426377952755
21
-3.7573040551181101
0
LINE
8
BLACK
6
CONTINUOUS
10
6.1884426377952755
20
-3.7573040551181101
11
6.1884349212598426
21
-3.7573426771653544
0
LINE
8
BLACK
6
CONTINUOUS
10
6.1884349212598426
20
-3.7573426771653544
11
6.1884406692913387
21
-3.7573598425196848
0
LINE
8
BLACK
6
CONTINUOUS
10
6.1884406692913387
20
-3.7573598425196848
11
6.1884238582677167
21
-3.7573983070866142
0
LINE
8
BLACK
6
CONTINUOUS
10
6.1884238582677167
20
-3.7573983070866142
11
6.1883827165354326
21
-3.7576053937007874
0
LINE
8
BLACK
6
CONTINUOUS
10
6.1883827165354326
20
-3.7576053937007874
11
6.188295669291338
21
-3.7576924015748032
0
LINE
8
BLACK
6
CONTINUOUS
10
6.188295669291338
20
-3.7576924015748032
11
6.1880077952755901
21
-3.7583528740157481
0
LINE
8
BLACK
6
CONTINUOUS
10
6.1880077952755901
20
-3.7583528740157481
11
6.1880077952755901
21
-3.7583553149606299
0
LINE
8
BLACK
6
CONTINUOUS
10
6.1880077952755901
20
-3.7583553149606299
11
6.1880056692913383
21
-3.7583577559055117
0
LINE
8
BLACK
6
CONTINUOUS
10
6.1880056692913383
20
-3.7583577559055117
11
6.1879846062992128
21
-3.7584061023622048
0
LINE
8
BLACK
6
CONTINUOUS
10
6.1879846062992128
20
-3.7584061023622048
11
6.1877962598425196
21
-3.7586488188976377
0
LINE
8
BLACK
6
CONTINUOUS
10
6.1877962598425196
20
-3.7586488188976377
11
6.1877364566929129
21
-3.7586687401574803
0
LINE
8
BLACK
6
CONTINUOUS
10
6.1877364566929129
20
-3.7586687401574803
11
6.1875018897637792
21
-3.7589397244094487
0
LINE
8
BLACK
6
CONTINUOUS
10
6.1875018897637792
20
-3.7589397244094487
11
6.1875001968503938
21
-3.7589448818897635
0
LINE
8
BLACK
6
CONTINUOUS
10
6.1875001968503938
20
-3.7589448818897635
11
6.1874948031496064
21
-3.7589479133858266
0
LINE
8
BLACK
6
CONTINUOUS
10
6.1874948031496064
20
-3.7589479133858266
11
6.1874621259842515
21
-3.7589857086614171
0
LINE
8
BLACK
6
CONTINUOUS
10
6.1874621259842515
20
-3.7589857086614171
11
6.187206692913386
21
-3.7591564173228345
0
LINE
8
BLACK
6
CONTINUOUS
10
6.187206692913386
20
-3.7591564173228345
11
6.187127401574803
21
-3.7591564173228345
0
LINE
8
BLACK
6
CONTINUOUS
10
6.187127401574803
20
-3.7591564173228345
11
6.1865075590551184
21
-3.7595081496062992
0
LINE
8
BLACK
6
CONTINUOUS
10
6.1865075590551184
20
-3.7595081496062992
11
6.1864695275590549
21
-3.7595185433070863
0
LINE
8
BLACK
6
CONTINUOUS
10
6.1864695275590549
20
-3.7595185433070863
11
6.1864567716535435
21
-3.759531338582677
0
LINE
8
BLACK
6
CONTINUOUS
10
6.1864567716535435
20
-3.759531338582677
11
6.1864216929133855
21
-3.7595316141732282
0
LINE
8
BLACK
6
CONTINUOUS
10
6.1864216929133855
20
-3.7595316141732282
11
6.1862112204724404
21
-3.7595892913385827
0
LINE
8
BLACK
6
CONTINUOUS
10
6.1862112204724404
20
-3.7595892913385827
11
6.1860483464566931
21
-3.7595350000000001
0
LINE
8
BLACK
6
CONTINUOUS
10
6.1860483464566931
20
-3.7595350000000001
11
6.1797812204724405
21
-3.7595912598425194
0
LINE
8
BLACK
6
CONTINUOUS
10
6.1797812204724405
20
-3.7595912598425194
11
6.1794798818897636
21
-3.759531338582677
0
LINE
8
BLACK
6
CONTINUOUS
10
6.1794798818897636
20
-3.759531338582677
11
6.1790537401574799
21
-3.7591051968503937
0
LINE
8
BLACK
6
CONTINUOUS
10
6.1790537401574799
20
-3.7591051968503937
11
6.1790537401574799
21
-3.7585025196850395
0
LINE
8
BLACK
6
CONTINUOUS
10
6.1790537401574799
20
-3.7585025196850395
11
6.1794798818897636
21
-3.7580763779527557
0
LINE
8
BLACK
6
CONTINUOUS
10
6.1794798818897636
20
-3.7580763779527557
11
6.1860370866141734
21
-3.7580174803149604
0
LINE
8
BLACK
6
CONTINUOUS
10
6.1860370866141734
20
-3.7580174803149604
11
6.1865009842519685
21
-3.7577542913385824
0
LINE
8
BLACK
6
CONTINUOUS
10
6.1865009842519685
20
-3.7577542913385824
11
6.1867027952755906
21
-3.7575211023622046
0
LINE
8
BLACK
6
CONTINUOUS
10
6.1867027952755906
20
-3.7575211023622046
11
6.1869091732283463
21
-3.757047677165354
0
LINE
8
BLACK
6
CONTINUOUS
10
6.1869091732283463
20
-3.757047677165354
11
6.1868719291338579
21
-3.7559279527559055
0
LINE
8
BLACK
6
CONTINUOUS
10
6.1868719291338579
20
-3.7559279527559055
11
6.1866056299212593
21
-3.7554586614173227
0
LINE
8
BLACK
6
CONTINUOUS
10
6.1866056299212593
20
-3.7554586614173227
11
6.1863724803149607
21
-3.7552568503937005
0
LINE
8
BLACK
6
CONTINUOUS
10
6.1863724803149607
20
-3.7552568503937005
11
6.1858685826771653
21
-3.7550372047244092
0
LINE
8
BLACK
6
CONTINUOUS
10
6.1858685826771653
20
-3.7550372047244092
11
6.1797812204724405
21
-3.7550918503937005
0
LINE
8
BLACK
6
CONTINUOUS
10
6.1797812204724405
20
-3.7550918503937005
11
6.1794798818897636
21
-3.7550319291338581
0
LINE
8
BLACK
6
CONTINUOUS
10
6.1794798818897636
20
-3.7550319291338581
11
6.1790537401574799
21
-3.7546057874015748
0
LINE
8
BLACK
6
CONTINUOUS
10
6.1790537401574799
20
-3.7546057874015748
11
6.1790537401574799
21
-3.7540031102362206
0
LINE
8
BLACK
6
CONTINUOUS
10
6.1790537401574799
20
-3.7540031102362206
11
6.1794798818897636
21
-3.7535769685039369
0
LINE
8
BLACK
6
CONTINUOUS
10
6.1794798818897636
20
-3.7535769685039369
11
6.1861554330708657
21
-3.7535170472440944
0
LINE
8
BLACK
6
CONTINUOUS
10
6.1861554330708657
20
-3.7535170472440944
11
6.1861940944881892
21
-3.753524724409449
0
LINE
8
BLACK
6
CONTINUOUS
10
6.2019421259842522
20
-3.7538996850393698
11
6.2019592913385821
21
-3.7538939763779529
0
LINE
8
BLACK
6
CONTINUOUS
10
6.2019592913385821
20
-3.7538939763779529
11
6.2019977952755907
21
-3.7539107480314962
0
LINE
8
BLACK
6
CONTINUOUS
10
6.2019977952755907
20
-3.7539107480314962
11
6.2022048031496064
21
-3.7539519291338581
0
LINE
8
BLACK
6
CONTINUOUS
10
6.2022048031496064
20
-3.7539519291338581
11
6.2022918110236223
21
-3.7540389370078739
0
LINE
8
BLACK
6
CONTINUOUS
10
6.2022918110236223
20
-3.7540389370078739
11
6.2029523228346459
21
-3.7543268897637794
0
LINE
8
BLACK
6
CONTINUOUS
10
6.2029523228346459
20
-3.7543268897637794
11
6.2029547244094489
21
-3.7543268897637794
0
LINE
8
BLACK
6
CONTINUOUS
10
6.2029547244094489
20
-3.7543268897637794
11
6.202957125984252
21
-3.7543289763779528
0
LINE
8
BLACK
6
CONTINUOUS
10
6.202957125984252
20
-3.7543289763779528
11
6.2030055118110239
21
-3.7543500787401576
0
LINE
8
BLACK
6
CONTINUOUS
10
6.2030055118110239
20
-3.7543500787401576
11
6.2032482283464567
21
-3.7545384645669291
0
LINE
8
BLACK
6
CONTINUOUS
10
6.2032482283464567
20
-3.7545384645669291
11
6.2032681102362206
21
-3.754598149606299
0
LINE
8
BLACK
6
CONTINUOUS
10
6.2032681102362206
20
-3.754598149606299
11
6.2035391338582677
21
-3.7548327559055119
0
LINE
8
BLACK
6
CONTINUOUS
10
6.2035391338582677
20
-3.7548327559055119
11
6.2035442913385825
21
-3.7548344881889761
0
LINE
8
BLACK
6
CONTINUOUS
10
6.2035442913385825
20
-3.7548344881889761
11
6.2035473228346456
21
-3.7548398425196852
0
LINE
8
BLACK
6
CONTINUOUS
10
6.2035473228346456
20
-3.7548398425196852
11
6.2035851181102357
21
-3.754872559055118
0
LINE
8
BLACK
6
CONTINUOUS
10
6.2035851181102357
20
-3.754872559055118
11
6.203755826771653
21
-3.7551279921259844
0
LINE
8
BLACK
6
CONTINUOUS
10
6.203755826771653
20
-3.7551279921259844
11
6.203755826771653
21
-3.7552072834645669
0
LINE
8
BLACK
6
CONTINUOUS
10
6.203755826771653
20
-3.7552072834645669
11
6.2041075590551182
21
-3.7558271653543307
0
LINE
8
BLACK
6
CONTINUOUS
10
6.2041075590551182
20
-3.7558271653543307
11
6.2041179133858266
21
-3.7558650787401575
0
LINE
8
BLACK
6
CONTINUOUS
10
6.2041179133858266
20
-3.7558650787401575
11
6.2041307480314956
21
-3.7558779133858269
0
LINE
8
BLACK
6
CONTINUOUS
10
6.2041307480314956
20
-3.7558779133858269
11
6.2041320078740156
21
-3.755916496062992
0
LINE
8
BLACK
6
CONTINUOUS
10
6.2041320078740156
20
-3.755916496062992
11
6.2041887007874017
21
-3.756123464566929
0
LINE
8
BLACK
6
CONTINUOUS
10
6.2041887007874017
20
-3.756123464566929
11
6.2041434251968504
21
-3.7562592519685039
0
LINE
8
BLACK
6
CONTINUOUS
10
6.2041434251968504
20
-3.7562592519685039
11
6.2041898425196846
21
-3.7576549999999997
0
LINE
8
BLACK
6
CONTINUOUS
10
6.2041898425196846
20
-3.7576549999999997
11
6.206027952755905
21
-3.7576415354330708
0
LINE
8
BLACK
6
CONTINUOUS
10
6.206027952755905
20
-3.7576415354330708
11
6.2063292913385828
21
-3.7577014566929132
0
LINE
8
BLACK
6
CONTINUOUS
10
6.2063292913385828
20
-3.7577014566929132
11
6.2067554330708656
21
-3.7581275984251969
0
LINE
8
BLACK
6
CONTINUOUS
10
6.2067554330708656
20
-3.7581275984251969
11
6.2067554330708656
21
-3.7587302755905512
0
LINE
8
BLACK
6
CONTINUOUS
10
6.2067554330708656
20
-3.7587302755905512
11
6.2063292913385828
21
-3.7591564173228345
0
LINE
8
BLACK
6
CONTINUOUS
10
6.2063292913385828
20
-3.7591564173228345
11
6.2030748425196851
21
-3.7591802362204723
0
LINE
8
BLACK
6
CONTINUOUS
10
6.2030748425196851
20
-3.7591802362204723
11
6.2029725590551177
21
-3.7592143700787402
0
LINE
8
BLACK
6
CONTINUOUS
10
6.2029725590551177
20
-3.7592143700787402
11
6.2029068110236221
21
-3.7591814960629919
0
LINE
8
BLACK
6
CONTINUOUS
10
6.2029068110236221
20
-3.7591814960629919
11
6.1985871259842522
21
-3.7592131496062993
0
LINE
8
BLACK
6
CONTINUOUS
10
6.1985871259842522
20
-3.7592131496062993
11
6.1985847244094483
21
-3.7592143700787402
0
LINE
8
BLACK
6
CONTINUOUS
10
6.1985847244094483
20
-3.7592143700787402
11
6.1985812204724411
21
-3.759213188976378
0
LINE
8
BLACK
6
CONTINUOUS
10
6.1985812204724411
20
-3.759213188976378
11
6.1981539370078735
21
-3.7592163385826769
0
LINE
8
BLACK
6
CONTINUOUS
10
6.1981539370078735
20
-3.7592163385826769
11
6.1978525984251966
21
-3.7591564173228345
0
LINE
8
BLACK
6
CONTINUOUS
10
6.1978525984251966
20
-3.7591564173228345
11
6.1974264566929129
21
-3.7587302755905512
0
LINE
8
BLACK
6
CONTINUOUS
10
6.1974264566929129
20
-3.7587302755905512
11
6.1974264566929129
21
-3.7581275984251969
0
LINE
8
BLACK
6
CONTINUOUS
10
6.1974264566929129
20
-3.7581275984251969
11
6.1974761417322837
21
-3.7580778740157479
0
LINE
8
BLACK
6
CONTINUOUS
10
6.1974761417322837
20
-3.7580778740157479
11
6.1974496850393699
21
-3.7580312204724406
0
LINE
8
BLACK
6
CONTINUOUS
10
6.1974496850393699
20
-3.7580312204724406
11
6.197439251968504
21
-3.757993188976378
0
LINE
8
BLACK
6
CONTINUOUS
10
6.197439251968504
20
-3.757993188976378
11
6.1974264566929129
21
-3.7579803937007874
0
LINE
8
BLACK
6
CONTINUOUS
10
6.1974264566929129
20
-3.7579803937007874
11
6.197425157480315
21
-3.7579417322834643
0
LINE
8
BLACK
6
CONTINUOUS
10
6.197425157480315
20
-3.7579417322834643
11
6.1973685039370077
21
-3.7577348818897636
0
LINE
8
BLACK
6
CONTINUOUS
10
6.1973685039370077
20
-3.7577348818897636
11
6.1974137401574803
21
-3.75759905511811
0
LINE
8
BLACK
6
CONTINUOUS
10
6.1974137401574803
20
-3.75759905511811
11
6.1973665354330709
21
-3.7561792519685038
0
LINE
8
BLACK
6
CONTINUOUS
10
6.1973665354330709
20
-3.7561792519685038
11
6.197374212598425
21
-3.7561405511811023
0
LINE
8
BLACK
6
CONTINUOUS
10
6.197374212598425
20
-3.7561405511811023
11
6.1973685039370077
21
-3.7561234251968503
0
LINE
8
BLACK
6
CONTINUOUS
10
6.1973685039370077
20
-3.7561234251968503
11
6.197385275590551
21
-3.7560848818897639
0
LINE
8
BLACK
6
CONTINUOUS
10
6.197385275590551
20
-3.7560848818897639
11
6.1974264566929129
21
-3.7558779133858269
0
LINE
8
BLACK
6
CONTINUOUS
10
6.1974264566929129
20
-3.7558779133858269
11
6.1975134645669288
21
-3.7557908661417323
0
LINE
8
BLACK
6
CONTINUOUS
10
6.1975134645669288
20
-3.7557908661417323
11
6.1978014173228342
21
-3.7551303937007874
0
LINE
8
BLACK
6
CONTINUOUS
10
6.1978014173228342
20
-3.7551303937007874
11
6.1978014173228342
21
-3.7551279921259844
0
LINE
8
BLACK
6
CONTINUOUS
10
6.1978014173228342
20
-3.7551279921259844
11
6.1978035039370081
21
-3.7551255511811021
0
LINE
8
BLACK
6
CONTINUOUS
10
6.1978035039370081
20
-3.7551255511811021
11
6.1978246062992124
21
-3.7550772047244094
0
LINE
8
BLACK
6
CONTINUOUS
10
6.1978246062992124
20
-3.7550772047244094
11
6.1980129921259843
21
-3.7548344881889761
0
LINE
8
BLACK
6
CONTINUOUS
10
6.1980129921259843
20
-3.7548344881889761
11
6.1980726771653538
21
-3.754814566929134
0
LINE
8
BLACK
6
CONTINUOUS
10
6.1980726771653538
20
-3.754814566929134
11
6.1983072440944884
21
-3.7545435826771651
0
LINE
8
BLACK
6
CONTINUOUS
10
6.1983072440944884
20
-3.7545435826771651
11
6.1983089763779526
21
-3.7545384645669291
0
LINE
8
BLACK
6
CONTINUOUS
10
6.1983089763779526
20
-3.7545384645669291
11
6.1983143307086612
21
-3.7545353937007873
0
LINE
8
BLACK
6
CONTINUOUS
10
6.1983143307086612
20
-3.7545353937007873
11
6.1983470866141728
21
-3.7544975984251967
0
LINE
8
BLACK
6
CONTINUOUS
10
6.1983470866141728
20
-3.7544975984251967
11
6.1986025196850392
21
-3.7543268897637794
0
LINE
8
BLACK
6
CONTINUOUS
10
6.1986025196850392
20
-3.7543268897637794
11
6.1986817716535434
21
-3.7543268897637794
0
LINE
8
BLACK
6
CONTINUOUS
10
6.1986817716535434
20
-3.7543268897637794
11
6.1993015748031493
21
-3.7539751574803151
0
LINE
8
BLACK
6
CONTINUOUS
10
6.1993015748031493
20
-3.7539751574803151
11
6.199339566929134
21
-3.7539647244094487
0
LINE
8
BLACK
6
CONTINUOUS
10
6.199339566929134
20
-3.7539647244094487
11
6.1993524015748029
21
-3.7539519291338581
0
LINE
8
BLACK
6
CONTINUOUS
10
6.1993524015748029
20
-3.7539519291338581
11
6.1993895275590551
21
-3.7539510236220472
0
LINE
8
BLACK
6
CONTINUOUS
10
6.1993895275590551
20
-3.7539510236220472
11
6.1995979133858263
21
-3.7538939763779529
0
LINE
8
BLACK
6
CONTINUOUS
10
6.1995979133858263
20
-3.7538939763779529
11
6.1997441732283463
21
-3.7539427165354331
0
LINE
8
BLACK
6
CONTINUOUS
10
6.1997441732283463
20
-3.7539427165354331
11
6.2019034645669286
21
-3.7538920078740157
0
LINE
8
BLACK
6
CONTINUOUS
10
6.2019034645669286
20
-3.7538920078740157
11
6.2019421259842522
21
-3.7538996850393698
0
LINE
8
BLACK
6
CONTINUOUS
10
6.1997751968503936
20
-3.7554639370078737
11
6.1993081889763779
21
-3.7557289763779527
0
LINE
8
BLACK
6
CONTINUOUS
10
6.1993081889763779
20
-3.7557289763779527
11
6.199106338582677
21
-3.7559621653543305
0
LINE
8
BLACK
6
CONTINUOUS
10
6.199106338582677
20
-3.7559621653543305
11
6.1988999606299213
21
-3.756435590551181
0
LINE
8
BLACK
6
CONTINUOUS
10
6.1988999606299213
20
-3.756435590551181
11
6.1989372047244089
21
-3.75755531496063
0
LINE
8
BLACK
6
CONTINUOUS
10
6.1989372047244089
20
-3.75755531496063
11
6.1990153149606302
21
-3.7576929133858266
0
LINE
8
BLACK
6
CONTINUOUS
10
6.1990153149606302
20
-3.7576929133858266
11
6.2025507086614171
21
-3.7576670078740158
0
LINE
8
BLACK
6
CONTINUOUS
10
6.2025507086614171
20
-3.7576670078740158
11
6.2026572047244093
21
-3.7574226771653541
0
LINE
8
BLACK
6
CONTINUOUS
10
6.2026572047244093
20
-3.7574226771653541
11
6.2026199606299208
21
-3.7563029527559055
0
LINE
8
BLACK
6
CONTINUOUS
10
6.2026199606299208
20
-3.7563029527559055
11
6.2023536614173223
21
-3.7558336220472439
0
LINE
8
BLACK
6
CONTINUOUS
10
6.2023536614173223
20
-3.7558336220472439
11
6.2021205118110236
21
-3.7556318110236218
0
LINE
8
BLACK
6
CONTINUOUS
10
6.2021205118110236
20
-3.7556318110236218
11
6.2016351968503933
21
-3.7554202362204725
0
LINE
8
BLACK
6
CONTINUOUS
10
6.2016351968503933
20
-3.7554202362204725
11
6.1997751968503936
21
-3.7554639370078737
0
LINE
8
BLACK
6
CONTINUOUS
10
6.2257333464566926
20
-3.7524148818897638
11
6.2257720472440941
21
-3.7524071653543305
0
LINE
8
BLACK
6
CONTINUOUS
10
6.2257720472440941
20
-3.7524071653543305
11
6.2258050000000003
21
-3.7524291338582678
0
LINE
8
BLACK
6
CONTINUOUS
10
6.2258050000000003
20
-3.7524291338582678
11
6.2259205905511807
21
-3.7524521259842518
0
LINE
8
BLACK
6
CONTINUOUS
10
6.2259205905511807
20
-3.7524521259842518
11
6.2260827559055114
21
-3.7526142913385825
0
LINE
8
BLACK
6
CONTINUOUS
10
6.2260827559055114
20
-3.7526142913385825
11
6.2262735039370076
21
-3.7527414566929131
0
LINE
8
BLACK
6
CONTINUOUS
10
6.2262735039370076
20
-3.7527414566929131
11
6.226290905511811
21
-3.7528224409448816
0
LINE
8
BLACK
6
CONTINUOUS
10
6.226290905511811
20
-3.7528224409448816
11
6.2263467322834645
21
-3.7528782677165355
0
LINE
8
BLACK
6
CONTINUOUS
10
6.2263467322834645
20
-3.7528782677165355
11
6.2263467322834645
21
-3.7530817716535432
0
LINE
8
BLACK
6
CONTINUOUS
10
6.2263467322834645
20
-3.7530817716535432
11
6.2270084645669286
21
-3.7561573228346457
0
LINE
8
BLACK
6
CONTINUOUS
10
6.2270084645669286
20
-3.7561573228346457
11
6.2277486614173228
21
-3.756143897637795
0
LINE
8
BLACK
6
CONTINUOUS
10
6.2277486614173228
20
-3.756143897637795
11
6.2280666141732279
21
-3.7559634645669289
0
LINE
8
BLACK
6
CONTINUOUS
10
6.2280666141732279
20
-3.7559634645669289
11
6.2282477559055121
21
-3.7555479133858265
0
LINE
8
BLACK
6
CONTINUOUS
10
6.2282477559055121
20
-3.7555479133858265
11
6.2282105118110236
21
-3.754428188976378
0
LINE
8
BLACK
6
CONTINUOUS
10
6.2282105118110236
20
-3.754428188976378
11
6.2279146062992128
21
-3.7539066929133855
0
LINE
8
BLACK
6
CONTINUOUS
10
6.2279146062992128
20
-3.7539066929133855
11
6.2278334645669293
21
-3.7536103543307084
0
LINE
8
BLACK
6
CONTINUOUS
10
6.2278334645669293
20
-3.7536103543307084
11
6.2280240551181105
21
-3.753038622047244
0
LINE
8
BLACK
6
CONTINUOUS
10
6.2280240551181105
20
-3.753038622047244
11
6.2285631102362204
21
-3.7527691338582678
0
LINE
8
BLACK
6
CONTINUOUS
10
6.2285631102362204
20
-3.7527691338582678
11
6.2291348425196853
21
-3.7529597244094486
0
LINE
8
BLACK
6
CONTINUOUS
10
6.2291348425196853
20
-3.7529597244094486
11
6.2296981102362201
21
-3.7539524015748031
0
LINE
8
BLACK
6
CONTINUOUS
10
6.2296981102362201
20
-3.7539524015748031
11
6.2297084645669294
21
-3.75399031496063
0
LINE
8
BLACK
6
CONTINUOUS
10
6.2297084645669294
20
-3.75399031496063
11
6.2297212992125983
21
-3.7540031496062993
0
LINE
8
BLACK
6
CONTINUOUS
10
6.2297212992125983
20
-3.7540031496062993
11
6.2297225590551184
21
-3.7540417322834645
0
LINE
8
BLACK
6
CONTINUOUS
10
6.2297225590551184
20
-3.7540417322834645
11
6.2297792519685036
21
-3.7542487007874015
0
LINE
8
BLACK
6
CONTINUOUS
10
6.2297792519685036
20
-3.7542487007874015
11
6.2297339763779522
21
-3.7543844881889763
0
LINE
8
BLACK
6
CONTINUOUS
10
6.2297339763779522
20
-3.7543844881889763
11
6.2297812204724412
21
-3.7558042913385825
0
LINE
8
BLACK
6
CONTINUOUS
10
6.2297812204724412
20
-3.7558042913385825
11
6.2297735039370075
21
-3.7558429133858269
0
LINE
8
BLACK
6
CONTINUOUS
10
6.2297735039370075
20
-3.7558429133858269
11
6.2297792519685036
21
-3.7558600787401573
0
LINE
8
BLACK
6
CONTINUOUS
10
6.2297792519685036
20
-3.7558600787401573
11
6.2297624409448815
21
-3.7558985433070866
0
LINE
8
BLACK
6
CONTINUOUS
10
6.2297624409448815
20
-3.7558985433070866
11
6.2297212992125983
21
-3.7561056299212598
0
LINE
8
BLACK
6
CONTINUOUS
10
6.2297212992125983
20
-3.7561056299212598
11
6.2296342519685037
21
-3.7561926377952757
0
LINE
8
BLACK
6
CONTINUOUS
10
6.2296342519685037
20
-3.7561926377952757
11
6.2293231889763776
21
-3.7569062992125986
0
LINE
8
BLACK
6
CONTINUOUS
10
6.2293231889763776
20
-3.7569062992125986
11
6.229227007874016
21
-3.7570301968503936
0
LINE
8
BLACK
6
CONTINUOUS
10
6.229227007874016
20
-3.7570301968503936
11
6.2292137401574799
21
-3.7570700787401572
0
LINE
8
BLACK
6
CONTINUOUS
10
6.2292137401574799
20
-3.7570700787401572
11
6.2291822047244096
21
-3.7570879527559056
0
LINE
8
BLACK
6
CONTINUOUS
10
6.2291822047244096
20
-3.7570879527559056
11
6.2291348425196853
21
-3.7571490157480314
0
LINE
8
BLACK
6
CONTINUOUS
10
6.2291348425196853
20
-3.7571490157480314
11
6.2289889370078741
21
-3.7571976377952754
0
LINE
8
BLACK
6
CONTINUOUS
10
6.2289889370078741
20
-3.7571976377952754
11
6.2282211023622045
21
-3.7576334251968504
0
LINE
8
BLACK
6
CONTINUOUS
10
6.2282211023622045
20
-3.7576334251968504
11
6.2281830708661419
21
-3.7576438188976375
0
LINE
8
BLACK
6
CONTINUOUS
10
6.2281830708661419
20
-3.7576438188976375
11
6.2281703149606296
21
-3.7576566141732282
0
LINE
8
BLACK
6
CONTINUOUS
10
6.2281703149606296
20
-3.7576566141732282
11
6.2281340157480312
21
-3.7576572440944882
0
LINE
8
BLACK
6
CONTINUOUS
10
6.2281340157480312
20
-3.7576572440944882
11
6.2279248031496062
21
-3.7577145669291339
0
LINE
8
BLACK
6
CONTINUOUS
10
6.2279248031496062
20
-3.7577145669291339
11
6.2277725590551176
21
-3.7576638188976377
0
LINE
8
BLACK
6
CONTINUOUS
10
6.2277725590551176
20
-3.7576638188976377
11
6.2262685433070866
21
-3.7576911023622048
0
LINE
8
BLACK
6
CONTINUOUS
10
6.2262685433070866
20
-3.7576911023622048
11
6.2262163779527562
21
-3.7577015748031495
0
LINE
8
BLACK
6
CONTINUOUS
10
6.2262163779527562
20
-3.7577015748031495
11
6.2262024803149609
21
-3.7576923228346457
0
LINE
8
BLACK
6
CONTINUOUS
10
6.2262024803149609
20
-3.7576923228346457
11
6.2248693307086613
21
-3.7577165354330706
0
LINE
8
BLACK
6
CONTINUOUS
10
6.2248693307086613
20
-3.7577165354330706
11
6.2248306299212599
21
-3.7577088188976377
0
LINE
8
BLACK
6
CONTINUOUS
10
6.2248306299212599
20
-3.7577088188976377
11
6.2248135039370078
21
-3.7577145669291339
0
LINE
8
BLACK
6
CONTINUOUS
10
6.2248135039370078
20
-3.7577145669291339
11
6.2247749606299214
21
-3.7576977559055118
0
LINE
8
BLACK
6
CONTINUOUS
10
6.2247749606299214
20
-3.7576977559055118
11
6.2245679921259844
21
-3.7576566141732282
0
LINE
8
BLACK
6
CONTINUOUS
10
6.2245679921259844
20
-3.7576566141732282
11
6.2244809448818899
21
-3.7575695669291336
0
LINE
8
BLACK
6
CONTINUOUS
10
6.2244809448818899
20
-3.7575695669291336
11
6.223767283464567
21
-3.7572584251968504
0
LINE
8
BLACK
6
CONTINUOUS
10
6.223767283464567
20
-3.7572584251968504
11
6.2236433858267715
21
-3.757162283464567
0
LINE
8
BLACK
6
CONTINUOUS
10
6.2236433858267715
20
-3.757162283464567
11
6.2236035433070862
21
-3.7571490157480314
0
LINE
8
BLACK
6
CONTINUOUS
10
6.2236035433070862
20
-3.7571490157480314
11
6.22358562992126
21
-3.757117440944882
0
LINE
8
BLACK
6
CONTINUOUS
10
6.22358562992126
20
-3.757117440944882
11
6.2235245669291341
21
-3.7570700787401572
0
LINE
8
BLACK
6
CONTINUOUS
10
6.2235245669291341
20
-3.7570700787401572
11
6.223475905511811
21
-3.7569241732283465
0
LINE
8
BLACK
6
CONTINUOUS
10
6.223475905511811
20
-3.7569241732283465
11
6.2230402362204726
21
-3.7561564566929131
0
LINE
8
BLACK
6
CONTINUOUS
10
6.2230402362204726
20
-3.7561564566929131
11
6.2230298031496059
21
-3.7561184251968505
0
LINE
8
BLACK
6
CONTINUOUS
10
6.2230298031496059
20
-3.7561184251968505
11
6.2230170078740157
21
-3.7561056299212598
0
LINE
8
BLACK
6
CONTINUOUS
10
6.2230170078740157
20
-3.7561056299212598
11
6.2230157086614168
21
-3.7560669685039367
0
LINE
8
BLACK
6
CONTINUOUS
10
6.2230157086614168
20
-3.7560669685039367
11
6.2229590551181104
21
-3.755860118110236
0
LINE
8
BLACK
6
CONTINUOUS
10
6.2229590551181104
20
-3.755860118110236
11
6.2230042913385821
21
-3.7557242913385824
0
LINE
8
BLACK
6
CONTINUOUS
10
6.2230042913385821
20
-3.7557242913385824
11
6.2229570866141728
21
-3.7543044881889762
0
LINE
8
BLACK
6
CONTINUOUS
10
6.2229570866141728
20
-3.7543044881889762
11
6.2229647637795278
21
-3.7542657874015748
0
LINE
8
BLACK
6
CONTINUOUS
10
6.2229647637795278
20
-3.7542657874015748
11
6.2229590551181104
21
-3.7542486614173227
0
LINE
8
BLACK
6
CONTINUOUS
10
6.2229590551181104
20
-3.7542486614173227
11
6.2229758267716537
21
-3.7542101181102363
0
LINE
8
BLACK
6
CONTINUOUS
10
6.2229758267716537
20
-3.7542101181102363
11
6.2230170078740157
21
-3.7540031496062993
0
LINE
8
BLACK
6
CONTINUOUS
10
6.2230170078740157
20
-3.7540031496062993
11
6.2231040157480315
21
-3.7539161023622047
0
LINE
8
BLACK
6
CONTINUOUS
10
6.2231040157480315
20
-3.7539161023622047
11
6.2234151574803152
21
-3.7532024409448819
0
LINE
8
BLACK
6
CONTINUOUS
10
6.2234151574803152
20
-3.7532024409448819
11
6.2235112204724405
21
-3.7530786220472439
0
LINE
8
BLACK
6
CONTINUOUS
10
6.2235112204724405
20
-3.7530786220472439
11
6.2235245669291341
21
-3.7530386614173228
0
LINE
8
BLACK
6
CONTINUOUS
10
6.2235245669291341
20
-3.7530386614173228
11
6.2235561811023619
21
-3.7530206692913386
0
LINE
8
BLACK
6
CONTINUOUS
10
6.2235561811023619
20
-3.7530206692913386
11
6.2236035433070862
21
-3.7529597244094486
0
LINE
8
BLACK
6
CONTINUOUS
10
6.2236035433070862
20
-3.7529597244094486
11
6.2237492125984248
21
-3.7529111417322834
0
LINE
8
BLACK
6
CONTINUOUS
10
6.2237492125984248
20
-3.7529111417322834
11
6.2245171653543307
21
-3.7524753543307088
0
LINE
8
BLACK
6
CONTINUOUS
10
6.2245171653543307
20
-3.7524753543307088
11
6.2245551574803146
21
-3.7524649212598424
0
LINE
8
BLACK
6
CONTINUOUS
10
6.2245551574803146
20
-3.7524649212598424
11
6.2245679921259844
21
-3.7524521259842518
0
LINE
8
BLACK
6
CONTINUOUS
10
6.2245679921259844
20
-3.7524521259842518
11
6.2246108661417319
21
-3.7524496456692913
0
LINE
8
BLACK
6
CONTINUOUS
10
6.2246108661417319
20
-3.7524496456692913
11
6.2248135039370078
21
-3.7523941732283466
0
LINE
8
BLACK
6
CONTINUOUS
10
6.2248135039370078
20
-3.7523941732283466
11
6.2249261023622049
21
-3.7524316929133859
0
LINE
8
BLACK
6
CONTINUOUS
10
6.2249261023622049
20
-3.7524316929133859
11
6.2256192519685039
21
-3.7523922047244094
0
LINE
8
BLACK
6
CONTINUOUS
10
6.2256192519685039
20
-3.7523922047244094
11
6.2257333464566926
21
-3.7524148818897638
0
LINE
8
BLACK
6
CONTINUOUS
10
6.2246716929133861
20
-3.7541452362204724
11
6.2244905118110232
21
-3.7545608267716535
0
LINE
8
BLACK
6
CONTINUOUS
10
6.2244905118110232
20
-3.7545608267716535
11
6.2245277559055117
21
-3.7556805511811024
0
LINE
8
BLACK
6
CONTINUOUS
10
6.2245277559055117
20
-3.7556805511811024
11
6.2247101181102362
21
-3.7560019291338582
0
LINE
8
BLACK
6
CONTINUOUS
10
6.2247101181102362
20
-3.7560019291338582
11
6.2251442519685041
21
-3.7561911811023623
0
LINE
8
BLACK
6
CONTINUOUS
10
6.2251442519685041
20
-3.7561911811023623
11
6.22546062992126
21
-3.7561854330708662
0
LINE
8
BLACK
6
CONTINUOUS
10
6.22546062992126
20
-3.7561854330708662
11
6.2249835826771651
21
-3.7539682283464568
0
LINE
8
BLACK
6
CONTINUOUS
10
6.2249835826771651
20
-3.7539682283464568
11
6.2246716929133861
21
-3.7541452362204724
0
LINE
8
BLACK
6
CONTINUOUS
10
6.2139223228346454
20
-3.7505400393700787
11
6.2139610236220468
21
-3.7505323228346454
0
LINE
8
BLACK
6
CONTINUOUS
10
6.2139610236220468
20
-3.7505323228346454
11
6.213993976377953
21
-3.7505542913385828
0
LINE
8
BLACK
6
CONTINUOUS
10
6.213993976377953
20
-3.7505542913385828
11
6.2141095669291335
21
-3.7505772834645668
0
LINE
8
BLACK
6
CONTINUOUS
10
6.2141095669291335
20
-3.7505772834645668
11
6.2142717322834642
21
-3.7507394488188974
0
LINE
8
BLACK
6
CONTINUOUS
10
6.2142717322834642
20
-3.7507394488188974
11
6.2144624803149604
21
-3.7508666141732281
0
LINE
8
BLACK
6
CONTINUOUS
10
6.2144624803149604
20
-3.7508666141732281
11
6.2144798818897637
21
-3.750947598425197
0
LINE
8
BLACK
6
CONTINUOUS
10
6.2144798818897637
20
-3.750947598425197
11
6.2145357086614172
21
-3.7510034251968505
0
LINE
8
BLACK
6
CONTINUOUS
10
6.2145357086614172
20
-3.7510034251968505
11
6.2145357086614172
21
-3.7512069291338581
0
LINE
8
BLACK
6
CONTINUOUS
10
6.2145357086614172
20
-3.7512069291338581
11
6.2151974409448814
21
-3.7542824803149606
0
LINE
8
BLACK
6
CONTINUOUS
10
6.2151974409448814
20
-3.7542824803149606
11
6.2159376377952755
21
-3.7542690551181099
0
LINE
8
BLACK
6
CONTINUOUS
10
6.2159376377952755
20
-3.7542690551181099
11
6.2162555905511807
21
-3.7540886220472438
0
LINE
8
BLACK
6
CONTINUOUS
10
6.2162555905511807
20
-3.7540886220472438
11
6.2164367322834648
21
-3.7536730708661414
0
LINE
8
BLACK
6
CONTINUOUS
10
6.2164367322834648
20
-3.7536730708661414
11
6.2163994881889764
21
-3.7525533464566929
0
LINE
8
BLACK
6
CONTINUOUS
10
6.2163994881889764
20
-3.7525533464566929
11
6.2161035826771656
21
-3.7520318503937009
0
LINE
8
BLACK
6
CONTINUOUS
10
6.2161035826771656
20
-3.7520318503937009
11
6.2160224409448821
21
-3.7517355118110234
0
LINE
8
BLACK
6
CONTINUOUS
10
6.2160224409448821
20
-3.7517355118110234
11
6.2162130314960624
21
-3.751163779527559
0
LINE
8
BLACK
6
CONTINUOUS
10
6.2162130314960624
20
-3.751163779527559
11
6.2167520866141732
21
-3.7508942913385828
0
LINE
8
BLACK
6
CONTINUOUS
10
6.2167520866141732
20
-3.7508942913385828
11
6.2173238188976381
21
-3.7510848818897635
0
LINE
8
BLACK
6
CONTINUOUS
10
6.2173238188976381
20
-3.7510848818897635
11
6.2178870866141729
21
-3.7520775590551181
0
LINE
8
BLACK
6
CONTINUOUS
10
6.2178870866141729
20
-3.7520775590551181
11
6.2178974409448822
21
-3.7521154724409449
0
LINE
8
BLACK
6
CONTINUOUS
10
6.2178974409448822
20
-3.7521154724409449
11
6.2179102755905511
21
-3.7521283070866143
0
LINE
8
BLACK
6
CONTINUOUS
10
6.2179102755905511
20
-3.7521283070866143
11
6.2179115354330703
21
-3.7521668897637794
0
LINE
8
BLACK
6
CONTINUOUS
10
6.2179115354330703
20
-3.7521668897637794
11
6.2179682283464563
21
-3.7523738582677164
0
LINE
8
BLACK
6
CONTINUOUS
10
6.2179682283464563
20
-3.7523738582677164
11
6.217922952755905
21
-3.7525096456692912
0
LINE
8
BLACK
6
CONTINUOUS
10
6.217922952755905
20
-3.7525096456692912
11
6.217970196850394
21
-3.7539294488188975
0
LINE
8
BLACK
6
CONTINUOUS
10
6.217970196850394
20
-3.7539294488188975
11
6.2179624803149602
21
-3.7539680708661418
0
LINE
8
BLACK
6
CONTINUOUS
10
6.2179624803149602
20
-3.7539680708661418
11
6.2179682283464563
21
-3.7539852362204722
0
LINE
8
BLACK
6
CONTINUOUS
10
6.2179682283464563
20
-3.7539852362204722
11
6.2179514173228343
21
-3.7540237007874016
0
LINE
8
BLACK
6
CONTINUOUS
10
6.2179514173228343
20
-3.7540237007874016
11
6.2179102755905511
21
-3.7542307874015748
0
LINE
8
BLACK
6
CONTINUOUS
10
6.2179102755905511
20
-3.7542307874015748
11
6.2178232283464565
21
-3.7543177952755906
0
LINE
8
BLACK
6
CONTINUOUS
10
6.2178232283464565
20
-3.7543177952755906
11
6.2175121653543304
21
-3.7550314566929135
0
LINE
8
BLACK
6
CONTINUOUS
10
6.2175121653543304
20
-3.7550314566929135
11
6.2174159842519687
21
-3.7551553543307086
0
LINE
8
BLACK
6
CONTINUOUS
10
6.2174159842519687
20
-3.7551553543307086
11
6.2174027165354326
21
-3.7551952362204726
0
LINE
8
BLACK
6
CONTINUOUS
10
6.2174027165354326
20
-3.7551952362204726
11
6.2173711811023624
21
-3.7552131102362205
0
LINE
8
BLACK
6
CONTINUOUS
10
6.2173711811023624
20
-3.7552131102362205
11
6.2173238188976381
21
-3.7552741732283463
0
LINE
8
BLACK
6
CONTINUOUS
10
6.2173238188976381
20
-3.7552741732283463
11
6.2171779133858269
21
-3.7553227952755903
0
LINE
8
BLACK
6
CONTINUOUS
10
6.2171779133858269
20
-3.7553227952755903
11
6.2164100787401573
21
-3.7557585826771653
0
LINE
8
BLACK
6
CONTINUOUS
10
6.2164100787401573
20
-3.7557585826771653
11
6.2163720472440946
21
-3.7557689763779525
0
LINE
8
BLACK
6
CONTINUOUS
10
6.2163720472440946
20
-3.7557689763779525
11
6.2163592913385823
21
-3.7557817716535431
0
LINE
8
BLACK
6
CONTINUOUS
10
6.2163592913385823
20
-3.7557817716535431
11
6.2163229921259839
21
-3.7557824015748031
0
LINE
8
BLACK
6
CONTINUOUS
10
6.2163229921259839
20
-3.7557824015748031
11
6.2161137795275589
21
-3.7558397244094488
0
LINE
8
BLACK
6
CONTINUOUS
10
6.2161137795275589
20
-3.7558397244094488
11
6.2159615354330704
21
-3.7557889763779526
0
LINE
8
BLACK
6
CONTINUOUS
10
6.2159615354330704
20
-3.7557889763779526
11
6.2144575196850393
21
-3.7558162598425198
0
LINE
8
BLACK
6
CONTINUOUS
10
6.2144575196850393
20
-3.7558162598425198
11
6.214405354330709
21
-3.7558267322834644
0
LINE
8
BLACK
6
CONTINUOUS
10
6.214405354330709
20
-3.7558267322834644
11
6.2143914566929128
21
-3.7558174803149607
0
LINE
8
BLACK
6
CONTINUOUS
10
6.2143914566929128
20
-3.7558174803149607
11
6.2130583070866141
21
-3.7558416929133855
0
LINE
8
BLACK
6
CONTINUOUS
10
6.2130583070866141
20
-3.7558416929133855
11
6.2130196062992127
21
-3.7558339763779527
0
LINE
8
BLACK
6
CONTINUOUS
10
6.2130196062992127
20
-3.7558339763779527
11
6.2130024803149606
21
-3.7558397244094488
0
LINE
8
BLACK
6
CONTINUOUS
10
6.2130024803149606
20
-3.7558397244094488
11
6.2129639370078742
21
-3.7558229133858267
0
LINE
8
BLACK
6
CONTINUOUS
10
6.2129639370078742
20
-3.7558229133858267
11
6.2127569685039372
21
-3.7557817716535431
0
LINE
8
BLACK
6
CONTINUOUS
10
6.2127569685039372
20
-3.7557817716535431
11
6.2126699212598426
21
-3.7556947244094485
0
LINE
8
BLACK
6
CONTINUOUS
10
6.2126699212598426
20
-3.7556947244094485
11
6.2119562598425198
21
-3.7553835826771653
0
LINE
8
BLACK
6
CONTINUOUS
10
6.2119562598425198
20
-3.7553835826771653
11
6.2118323622047242
21
-3.755287440944882
0
LINE
8
BLACK
6
CONTINUOUS
10
6.2118323622047242
20
-3.755287440944882
11
6.211792519685039
21
-3.7552741732283463
0
LINE
8
BLACK
6
CONTINUOUS
10
6.211792519685039
20
-3.7552741732283463
11
6.2117746062992127
21
-3.7552425984251969
0
LINE
8
BLACK
6
CONTINUOUS
10
6.2117746062992127
20
-3.7552425984251969
11
6.2117135433070869
21
-3.7551952362204726
0
LINE
8
BLACK
6
CONTINUOUS
10
6.2117135433070869
20
-3.7551952362204726
11
6.2116648818897637
21
-3.7550493307086614
0
LINE
8
BLACK
6
CONTINUOUS
10
6.2116648818897637
20
-3.7550493307086614
11
6.2112292125984254
21
-3.7542816141732285
0
LINE
8
BLACK
6
CONTINUOUS
10
6.2112292125984254
20
-3.7542816141732285
11
6.2112187795275586
21
-3.7542435826771654
0
LINE
8
BLACK
6
CONTINUOUS
10
6.2112187795275586
20
-3.7542435826771654
11
6.2112059842519685
21
-3.7542307874015748
0
LINE
8
BLACK
6
CONTINUOUS
10
6.2112059842519685
20
-3.7542307874015748
11
6.2112046850393696
21
-3.7541921259842517
0
LINE
8
BLACK
6
CONTINUOUS
10
6.2112046850393696
20
-3.7541921259842517
11
6.2111480314960632
21
-3.753985275590551
0
LINE
8
BLACK
6
CONTINUOUS
10
6.2111480314960632
20
-3.753985275590551
11
6.2111932677165349
21
-3.7538494488188974
0
LINE
8
BLACK
6
CONTINUOUS
10
6.2111932677165349
20
-3.7538494488188974
11
6.2111460629921256
21
-3.7524296456692912
0
LINE
8
BLACK
6
CONTINUOUS
10
6.2111460629921256
20
-3.7524296456692912
11
6.2111537401574806
21
-3.7523909448818897
0
LINE
8
BLACK
6
CONTINUOUS
10
6.2111537401574806
20
-3.7523909448818897
11
6.2111480314960632
21
-3.7523738188976377
0
LINE
8
BLACK
6
CONTINUOUS
10
6.2111480314960632
20
-3.7523738188976377
11
6.2111648031496065
21
-3.7523352755905512
0
LINE
8
BLACK
6
CONTINUOUS
10
6.2111648031496065
20
-3.7523352755905512
11
6.2112059842519685
21
-3.7521283070866143
0
LINE
8
BLACK
6
CONTINUOUS
10
6.2112059842519685
20
-3.7521283070866143
11
6.2112929921259843
21
-3.7520412598425197
0
LINE
8
BLACK
6
CONTINUOUS
10
6.2112929921259843
20
-3.7520412598425197
11
6.2116041338582679
21
-3.7513275984251968
0
LINE
8
BLACK
6
CONTINUOUS
10
6.2116041338582679
20
-3.7513275984251968
11
6.2117001968503933
21
-3.7512037795275588
0
LINE
8
BLACK
6
CONTINUOUS
10
6.2117001968503933
20
-3.7512037795275588
11
6.2117135433070869
21
-3.7511638188976377
0
LINE
8
BLACK
6
CONTINUOUS
10
6.2117135433070869
20
-3.7511638188976377
11
6.2117451574803146
21
-3.7511458267716535
0
LINE
8
BLACK
6
CONTINUOUS
10
6.2117451574803146
20
-3.7511458267716535
11
6.211792519685039
21
-3.7510848818897635
0
LINE
8
BLACK
6
CONTINUOUS
10
6.211792519685039
20
-3.7510848818897635
11
6.2119381889763776
21
-3.7510362992125983
0
LINE
8
BLACK
6
CONTINUOUS
10
6.2119381889763776
20
-3.7510362992125983
11
6.2127061417322835
21
-3.7506005118110237
0
LINE
8
BLACK
6
CONTINUOUS
10
6.2127061417322835
20
-3.7506005118110237
11
6.2127441338582674
21
-3.7505900787401574
0
LINE
8
BLACK
6
CONTINUOUS
10
6.2127441338582674
20
-3.7505900787401574
11
6.2127569685039372
21
-3.7505772834645668
0
LINE
8
BLACK
6
CONTINUOUS
10
6.2127569685039372
20
-3.7505772834645668
11
6.2127998425196846
21
-3.7505748031496062
0
LINE
8
BLACK
6
CONTINUOUS
10
6.2127998425196846
20
-3.7505748031496062
11
6.2130024803149606
21
-3.7505193307086615
0
LINE
8
BLACK
6
CONTINUOUS
10
6.2130024803149606
20
-3.7505193307086615
11
6.2131150787401577
21
-3.7505568503937008
0
LINE
8
BLACK
6
CONTINUOUS
10
6.2131150787401577
20
-3.7505568503937008
11
6.2138082283464566
21
-3.7505173622047243
0
LINE
8
BLACK
6
CONTINUOUS
10
6.2138082283464566
20
-3.7505173622047243
11
6.2139223228346454
21
-3.7505400393700787
0
LINE
8
BLACK
6
CONTINUOUS
10
6.2128606692913388
20
-3.7522703937007873
11
6.212679488188976
21
-3.7526859842519684
0
LINE
8
BLACK
6
CONTINUOUS
10
6.212679488188976
20
-3.7526859842519684
11
6.2127167322834644
21
-3.7538057086614174
0
LINE
8
BLACK
6
CONTINUOUS
10
6.2127167322834644
20
-3.7538057086614174
11
6.212899094488189
21
-3.7541270866141732
0
LINE
8
BLACK
6
CONTINUOUS
10
6.212899094488189
20
-3.7541270866141732
11
6.2133332283464568
21
-3.7543163385826772
0
LINE
8
BLACK
6
CONTINUOUS
10
6.2133332283464568
20
-3.7543163385826772
11
6.2136496062992128
21
-3.7543105905511811
0
LINE
8
BLACK
6
CONTINUOUS
10
6.2136496062992128
20
-3.7543105905511811
11
6.2131725590551179
21
-3.7520933858267718
0
LINE
8
BLACK
6
CONTINUOUS
10
6.2131725590551179
20
-3.7520933858267718
11
6.2128606692913388
21
-3.7522703937007873
0
LINE
8
BLACK
6
CONTINUOUS
10
6.2001427952755908
20
-3.7471655511811024
11
6.2001814960629922
21
-3.7471578346456691
0
LINE
8
BLACK
6
CONTINUOUS
10
6.2001814960629922
20
-3.7471578346456691
11
6.2002144488188975
21
-3.7471798031496064
0
LINE
8
BLACK
6
CONTINUOUS
10
6.2002144488188975
20
-3.7471798031496064
11
6.2003300393700789
21
-3.7472027952755904
0
LINE
8
BLACK
6
CONTINUOUS
10
6.2003300393700789
20
-3.7472027952755904
11
6.2004922047244095
21
-3.7473649606299211
0
LINE
8
BLACK
6
CONTINUOUS
10
6.2004922047244095
20
-3.7473649606299211
11
6.2006829527559058
21
-3.7474921259842517
0
LINE
8
BLACK
6
CONTINUOUS
10
6.2006829527559058
20
-3.7474921259842517
11
6.2007003543307082
21
-3.7475731102362202
0
LINE
8
BLACK
6
CONTINUOUS
10
6.2007003543307082
20
-3.7475731102362202
11
6.2007561811023617
21
-3.7476289370078741
0
LINE
8
BLACK
6
CONTINUOUS
10
6.2007561811023617
20
-3.7476289370078741
11
6.2007561811023617
21
-3.7478324409448818
0
LINE
8
BLACK
6
CONTINUOUS
10
6.2007561811023617
20
-3.7478324409448818
11
6.2014179133858267
21
-3.7509079921259842
0
LINE
8
BLACK
6
CONTINUOUS
10
6.2014179133858267
20
-3.7509079921259842
11
6.20215811023622
21
-3.7508945669291336
0
LINE
8
BLACK
6
CONTINUOUS
10
6.20215811023622
20
-3.7508945669291336
11
6.2024760629921261
21
-3.7507141338582675
0
LINE
8
BLACK
6
CONTINUOUS
10
6.2024760629921261
20
-3.7507141338582675
11
6.2026572047244093
21
-3.7502985826771651
0
LINE
8
BLACK
6
CONTINUOUS
10
6.2026572047244093
20
-3.7502985826771651
11
6.2026199606299208
21
-3.7491788582677166
0
LINE
8
BLACK
6
CONTINUOUS
10
6.2026199606299208
20
-3.7491788582677166
11
6.20232405511811
21
-3.7486573622047241
0
LINE
8
BLACK
6
CONTINUOUS
10
6.20232405511811
20
-3.7486573622047241
11
6.2022429133858266
21
-3.748361023622047
0
LINE
8
BLACK
6
CONTINUOUS
10
6.2022429133858266
20
-3.748361023622047
11
6.2024335039370078
21
-3.7477892913385826
0
LINE
8
BLACK
6
CONTINUOUS
10
6.2024335039370078
20
-3.7477892913385826
11
6.2029725590551177
21
-3.7475198031496064
0
LINE
8
BLACK
6
CONTINUOUS
10
6.2029725590551177
20
-3.7475198031496064
11
6.2035442913385825
21
-3.7477103937007872
0
LINE
8
BLACK
6
CONTINUOUS
10
6.2035442913385825
20
-3.7477103937007872
11
6.2041075590551182
21
-3.7487030708661417
0
LINE
8
BLACK
6
CONTINUOUS
10
6.2041075590551182
20
-3.7487030708661417
11
6.2041179133858266
21
-3.7487409842519686
0
LINE
8
BLACK
6
CONTINUOUS
10
6.2041179133858266
20
-3.7487409842519686
11
6.2041307480314956
21
-3.7487538188976379
0
LINE
8
BLACK
6
CONTINUOUS
10
6.2041307480314956
20
-3.7487538188976379
11
6.2041320078740156
21
-3.7487924015748031
0
LINE
8
BLACK
6
CONTINUOUS
10
6.2041320078740156
20
-3.7487924015748031
11
6.2041887007874017
21
-3.7489993700787401
0
LINE
8
BLACK
6
CONTINUOUS
10
6.2041887007874017
20
-3.7489993700787401
11
6.2041434251968504
21
-3.7491351574803149
0
LINE
8
BLACK
6
CONTINUOUS
10
6.2041434251968504
20
-3.7491351574803149
11
6.2041906692913384
21
-3.7505549606299211
0
LINE
8
BLACK
6
CONTINUOUS
10
6.2041906692913384
20
-3.7505549606299211
11
6.2041829527559056
21
-3.7505935826771655
0
LINE
8
BLACK
6
CONTINUOUS
10
6.2041829527559056
20
-3.7505935826771655
11
6.2041887007874017
21
-3.7506107480314959
0
LINE
8
BLACK
6
CONTINUOUS
10
6.2041887007874017
20
-3.7506107480314959
11
6.2041718897637796
21
-3.7506492125984252
0
LINE
8
BLACK
6
CONTINUOUS
10
6.2041718897637796
20
-3.7506492125984252
11
6.2041307480314956
21
-3.7508562992125984
0
LINE
8
BLACK
6
CONTINUOUS
10
6.2041307480314956
20
-3.7508562992125984
11
6.2040437007874019
21
-3.7509433070866143
0
LINE
8
BLACK
6
CONTINUOUS
10
6.2040437007874019
20
-3.7509433070866143
11
6.2037326377952757
21
-3.7516569685039367
0
LINE
8
BLACK
6
CONTINUOUS
10
6.2037326377952757
20
-3.7516569685039367
11
6.2036364566929132
21
-3.7517808661417322
0
LINE
8
BLACK
6
CONTINUOUS
10
6.2036364566929132
20
-3.7517808661417322
11
6.203623188976378
21
-3.7518207480314958
0
LINE
8
BLACK
6
CONTINUOUS
10
6.203623188976378
20
-3.7518207480314958
11
6.2035916535433069
21
-3.7518386220472442
0
LINE
8
BLACK
6
CONTINUOUS
10
6.2035916535433069
20
-3.7518386220472442
11
6.2035442913385825
21
-3.75189968503937
0
LINE
8
BLACK
6
CONTINUOUS
10
6.2035442913385825
20
-3.75189968503937
11
6.2033983858267714
21
-3.751948307086614
0
LINE
8
BLACK
6
CONTINUOUS
10
6.2033983858267714
20
-3.751948307086614
11
6.2026305511811026
21
-3.752384094488189
0
LINE
8
BLACK
6
CONTINUOUS
10
6.2026305511811026
20
-3.752384094488189
11
6.2025925196850391
21
-3.7523944881889761
0
LINE
8
BLACK
6
CONTINUOUS
10
6.2025925196850391
20
-3.7523944881889761
11
6.2025797637795277
21
-3.7524072834645668
0
LINE
8
BLACK
6
CONTINUOUS
10
6.2025797637795277
20
-3.7524072834645668
11
6.2025434645669293
21
-3.7524079133858268
0
LINE
8
BLACK
6
CONTINUOUS
10
6.2025434645669293
20
-3.7524079133858268
11
6.2023342519685034
21
-3.7524652362204725
0
LINE
8
BLACK
6
CONTINUOUS
10
6.2023342519685034
20
-3.7524652362204725
11
6.2021820078740157
21
-3.7524144881889763
0
LINE
8
BLACK
6
CONTINUOUS
10
6.2021820078740157
20
-3.7524144881889763
11
6.2006779921259838
21
-3.7524417716535434
0
LINE
8
BLACK
6
CONTINUOUS
10
6.2006779921259838
20
-3.7524417716535434
11
6.2006258267716534
21
-3.7524522440944881
0
LINE
8
BLACK
6
CONTINUOUS
10
6.2006258267716534
20
-3.7524522440944881
11
6.2006119291338582
21
-3.7524429921259843
0
LINE
8
BLACK
6
CONTINUOUS
10
6.2006119291338582
20
-3.7524429921259843
11
6.1992787795275586
21
-3.7524672047244092
0
LINE
8
BLACK
6
CONTINUOUS
10
6.1992787795275586
20
-3.7524672047244092
11
6.1992400787401571
21
-3.7524594881889763
0
LINE
8
BLACK
6
CONTINUOUS
10
6.1992400787401571
20
-3.7524594881889763
11
6.1992229527559051
21
-3.7524652362204725
0
LINE
8
BLACK
6
CONTINUOUS
10
6.1992229527559051
20
-3.7524652362204725
11
6.1991844094488187
21
-3.7524484251968504
0
LINE
8
BLACK
6
CONTINUOUS
10
6.1991844094488187
20
-3.7524484251968504
11
6.1989774409448817
21
-3.7524072834645668
0
LINE
8
BLACK
6
CONTINUOUS
10
6.1989774409448817
20
-3.7524072834645668
11
6.1988903937007871
21
-3.7523202362204722
0
LINE
8
BLACK
6
CONTINUOUS
10
6.1988903937007871
20
-3.7523202362204722
11
6.1981767322834642
21
-3.752009094488189
0
LINE
8
BLACK
6
CONTINUOUS
10
6.1981767322834642
20
-3.752009094488189
11
6.1980528346456696
21
-3.7519129527559056
0
LINE
8
BLACK
6
CONTINUOUS
10
6.1980528346456696
20
-3.7519129527559056
11
6.1980129921259843
21
-3.75189968503937
0
LINE
8
BLACK
6
CONTINUOUS
10
6.1980129921259843
20
-3.75189968503937
11
6.1979950787401572
21
-3.7518681102362206
0
LINE
8
BLACK
6
CONTINUOUS
10
6.1979950787401572
20
-3.7518681102362206
11
6.1979340157480314
21
-3.7518207480314958
0
LINE
8
BLACK
6
CONTINUOUS
10
6.1979340157480314
20
-3.7518207480314958
11
6.1978853543307082
21
-3.7516748425196851
0
LINE
8
BLACK
6
CONTINUOUS
10
6.1978853543307082
20
-3.7516748425196851
11
6.1974496850393699
21
-3.7509071259842517
0
LINE
8
BLACK
6
CONTINUOUS
10
6.1974496850393699
20
-3.7509071259842517
11
6.197439251968504
21
-3.7508690944881891
0
LINE
8
BLACK
6
CONTINUOUS
10
6.197439251968504
20
-3.7508690944881891
11
6.1974264566929129
21
-3.7508562992125984
0
LINE
8
BLACK
6
CONTINUOUS
10
6.1974264566929129
20
-3.7508562992125984
11
6.197425157480315
21
-3.7508176377952753
0
LINE
8
BLACK
6
CONTINUOUS
10
6.197425157480315
20
-3.7508176377952753
11
6.1973685039370077
21
-3.7506107874015746
0
LINE
8
BLACK
6
CONTINUOUS
10
6.1973685039370077
20
-3.7506107874015746
11
6.1974137401574803
21
-3.750474960629921
0
LINE
8
BLACK
6
CONTINUOUS
10
6.1974137401574803
20
-3.750474960629921
11
6.1973665354330709
21
-3.7490551574803148
0
LINE
8
BLACK
6
CONTINUOUS
10
6.1973665354330709
20
-3.7490551574803148
11
6.197374212598425
21
-3.7490164566929134
0
LINE
8
BLACK
6
CONTINUOUS
10
6.197374212598425
20
-3.7490164566929134
11
6.1973685039370077
21
-3.7489993307086613
0
LINE
8
BLACK
6
CONTINUOUS
10
6.1973685039370077
20
-3.7489993307086613
11
6.197385275590551
21
-3.7489607874015749
0
LINE
8
BLACK
6
CONTINUOUS
10
6.197385275590551
20
-3.7489607874015749
11
6.1974264566929129
21
-3.7487538188976379
0
LINE
8
BLACK
6
CONTINUOUS
10
6.1974264566929129
20
-3.7487538188976379
11
6.1975134645669288
21
-3.7486667716535433
0
LINE
8
BLACK
6
CONTINUOUS
10
6.1975134645669288
20
-3.7486667716535433
11
6.1978246062992124
21
-3.7479531102362205
0
LINE
8
BLACK
6
CONTINUOUS
10
6.1978246062992124
20
-3.7479531102362205
11
6.1979206692913387
21
-3.7478292913385824
0
LINE
8
BLACK
6
CONTINUOUS
10
6.1979206692913387
20
-3.7478292913385824
11
6.1979340157480314
21
-3.7477893307086614
0
LINE
8
BLACK
6
CONTINUOUS
10
6.1979340157480314
20
-3.7477893307086614
11
6.19796562992126
21
-3.7477713385826772
0
LINE
8
BLACK
6
CONTINUOUS
10
6.19796562992126
20
-3.7477713385826772
11
6.1980129921259843
21
-3.7477103937007872
0
LINE
8
BLACK
6
CONTINUOUS
10
6.1980129921259843
20
-3.7477103937007872
11
6.198158661417323
21
-3.7476618110236219
0
LINE
8
BLACK
6
CONTINUOUS
10
6.198158661417323
20
-3.7476618110236219
11
6.198926614173228
21
-3.7472260236220474
0
LINE
8
BLACK
6
CONTINUOUS
10
6.198926614173228
20
-3.7472260236220474
11
6.1989646062992128
21
-3.747215590551181
0
LINE
8
BLACK
6
CONTINUOUS
10
6.1989646062992128
20
-3.747215590551181
11
6.1989774409448817
21
-3.7472027952755904
0
LINE
8
BLACK
6
CONTINUOUS
10
6.1989774409448817
20
-3.7472027952755904
11
6.19902031496063
21
-3.7472003149606299
0
LINE
8
BLACK
6
CONTINUOUS
10
6.19902031496063
20
-3.7472003149606299
11
6.1992229527559051
21
-3.7471448425196852
0
LINE
8
BLACK
6
CONTINUOUS
10
6.1992229527559051
20
-3.7471448425196852
11
6.1993355511811021
21
-3.7471823622047244
0
LINE
8
BLACK
6
CONTINUOUS
10
6.1993355511811021
20
-3.7471823622047244
11
6.2000287007874011
21
-3.747142874015748
0
LINE
8
BLACK
6
CONTINUOUS
10
6.2000287007874011
20
-3.747142874015748
11
6.2001427952755908
21
-3.7471655511811024
0
LINE
8
BLACK
6
CONTINUOUS
10
6.1990811417322833
20
-3.748895905511811
11
6.1988999606299213
21
-3.7493114960629921
0
LINE
8
BLACK
6
CONTINUOUS
10
6.1988999606299213
20
-3.7493114960629921
11
6.1989372047244089
21
-3.750431220472441
0
LINE
8
BLACK
6
CONTINUOUS
10
6.1989372047244089
20
-3.750431220472441
11
6.1991195669291335
21
-3.7507525984251968
0
LINE
8
BLACK
6
CONTINUOUS
10
6.1991195669291335
20
-3.7507525984251968
11
6.1995537007874013
21
-3.7509418503937009
0
LINE
8
BLACK
6
CONTINUOUS
10
6.1995537007874013
20
-3.7509418503937009
11
6.1998700787401573
21
-3.7509361023622048
0
LINE
8
BLACK
6
CONTINUOUS
10
6.1998700787401573
20
-3.7509361023622048
11
6.1993930314960632
21
-3.748718897637795
0
LINE
8
BLACK
6
CONTINUOUS
10
6.1993930314960632
20
-3.748718897637795
11
6.1990811417322833
21
-3.748895905511811
0
LINE
8
BLACK
6
CONTINUOUS
10
6.1805087007874011
20
-3.7468789763779529
11
6.1805313385826768
21
-3.7486948425196851
0
LINE
8
BLACK
6
CONTINUOUS
10
6.1805313385826768
20
-3.7486948425196851
11
6.187655236220472
21
-3.7486426377952755
0
LINE
8
BLACK
6
CONTINUOUS
10
6.187655236220472
20
-3.7486426377952755
11
6.1879565748031498
21
-3.748702559055118
0
LINE
8
BLACK
6
CONTINUOUS
10
6.1879565748031498
20
-3.748702559055118
11
6.1883827165354326
21
-3.7491287007874017
0
LINE
8
BLACK
6
CONTINUOUS
10
6.1883827165354326
20
-3.7491287007874017
11
6.1883827165354326
21
-3.7497313779527559
0
LINE
8
BLACK
6
CONTINUOUS
10
6.1883827165354326
20
-3.7497313779527559
11
6.1879565748031498
21
-3.7501575196850392
0
LINE
8
BLACK
6
CONTINUOUS
10
6.1879565748031498
20
-3.7501575196850392
11
6.1805502755905515
21
-3.750211771653543
0
LINE
8
BLACK
6
CONTINUOUS
10
6.1805502755905515
20
-3.750211771653543
11
6.180568622047244
21
-3.7516797637795274
0
LINE
8
BLACK
6
CONTINUOUS
10
6.180568622047244
20
-3.7516797637795274
11
6.1805087007874011
21
-3.7519811023622047
0
LINE
8
BLACK
6
CONTINUOUS
10
6.1805087007874011
20
-3.7519811023622047
11
6.1800825590551183
21
-3.752407244094488
0
LINE
8
BLACK
6
CONTINUOUS
10
6.1800825590551183
20
-3.752407244094488
11
6.1794798818897636
21
-3.752407244094488
0
LINE
8
BLACK
6
CONTINUOUS
10
6.1794798818897636
20
-3.752407244094488
11
6.1790537401574799
21
-3.7519811023622047
0
LINE
8
BLACK
6
CONTINUOUS
10
6.1790537401574799
20
-3.7519811023622047
11
6.1789938188976379
21
-3.7471803149606298
0
LINE
8
BLACK
6
CONTINUOUS
10
6.1789938188976379
20
-3.7471803149606298
11
6.1790537401574799
21
-3.7468789763779529
0
LINE
8
BLACK
6
CONTINUOUS
10
6.1790537401574799
20
-3.7468789763779529
11
6.1794798818897636
21
-3.7464528346456691
0
LINE
8
BLACK
6
CONTINUOUS
10
6.1794798818897636
20
-3.7464528346456691
11
6.1800825590551183
21
-3.7464528346456691
0
LINE
8
BLACK
6
CONTINUOUS
10
6.1800825590551183
20
-3.7464528346456691
11
6.1805087007874011
21
-3.7468789763779529
0
LINE
8
BLACK
6
CONTINUOUS
10
6.2292951574803146
20
-3.7457029527559054
11
6.2297212992125983
21
-3.7461290944881891
0
LINE
8
BLACK
6
CONTINUOUS
10
6.2297212992125983
20
-3.7461290944881891
11
6.2297212992125983
21
-3.7467317716535433
0
LINE
8
BLACK
6
CONTINUOUS
10
6.2297212992125983
20
-3.7467317716535433
11
6.2292951574803146
21
-3.7471579133858266
0
LINE
8
BLACK
6
CONTINUOUS
10
6.2292951574803146
20
-3.7471579133858266
11
6.2249886220472437
21
-3.7472161811023623
0
LINE
8
BLACK
6
CONTINUOUS
10
6.2249886220472437
20
-3.7472161811023623
11
6.2246716929133861
21
-3.7473960629921259
0
LINE
8
BLACK
6
CONTINUOUS
10
6.2246716929133861
20
-3.7473960629921259
11
6.2244949606299214
21
-3.7478014566929132
0
LINE
8
BLACK
6
CONTINUOUS
10
6.2244949606299214
20
-3.7478014566929132
11
6.2245265748031491
21
-3.74855437007874
0
LINE
8
BLACK
6
CONTINUOUS
10
6.2245265748031491
20
-3.74855437007874
11
6.2247940157480315
21
-3.7490256299212597
0
LINE
8
BLACK
6
CONTINUOUS
10
6.2247940157480315
20
-3.7490256299212597
11
6.2248365748031498
21
-3.7490624409448818
0
LINE
8
BLACK
6
CONTINUOUS
10
6.2248365748031498
20
-3.7490624409448818
11
6.2289938188976377
21
-3.7490175984251968
0
LINE
8
BLACK
6
CONTINUOUS
10
6.2289938188976377
20
-3.7490175984251968
11
6.2292951574803146
21
-3.7490775196850392
0
LINE
8
BLACK
6
CONTINUOUS
10
6.2292951574803146
20
-3.7490775196850392
11
6.2297212992125983
21
-3.7495036614173229
0
LINE
8
BLACK
6
CONTINUOUS
10
6.2297212992125983
20
-3.7495036614173229
11
6.2297212992125983
21
-3.7501063385826772
0
LINE
8
BLACK
6
CONTINUOUS
10
6.2297212992125983
20
-3.7501063385826772
11
6.2292951574803146
21
-3.7505324803149604
0
LINE
8
BLACK
6
CONTINUOUS
10
6.2292951574803146
20
-3.7505324803149604
11
6.2237444881889763
21
-3.7505924015748029
0
LINE
8
BLACK
6
CONTINUOUS
10
6.2237444881889763
20
-3.7505924015748029
11
6.2234431496062994
21
-3.7505324803149604
0
LINE
8
BLACK
6
CONTINUOUS
10
6.2234431496062994
20
-3.7505324803149604
11
6.2230170078740157
21
-3.7501063385826772
0
LINE
8
BLACK
6
CONTINUOUS
10
6.2230170078740157
20
-3.7501063385826772
11
6.2230170078740157
21
-3.7495036614173229
0
LINE
8
BLACK
6
CONTINUOUS
10
6.2230170078740157
20
-3.7495036614173229
11
6.2232024409448821
21
-3.7493181889763778
0
LINE
8
BLACK
6
CONTINUOUS
10
6.2232024409448821
20
-3.7493181889763778
11
6.2230401968503939
21
-3.7490322834645666
0
LINE
8
BLACK
6
CONTINUOUS
10
6.2230401968503939
20
-3.7490322834645666
11
6.2230297637795271
21
-3.748994251968504
0
LINE
8
BLACK
6
CONTINUOUS
10
6.2230297637795271
20
-3.748994251968504
11
6.2230170078740157
21
-3.7489814960629921
0
LINE
8
BLACK
6
CONTINUOUS
10
6.2230170078740157
20
-3.7489814960629921
11
6.2230153149606302
21
-3.7489414566929131
0
LINE
8
BLACK
6
CONTINUOUS
10
6.2230153149606302
20
-3.7489414566929131
11
6.2229590551181104
21
-3.7487359842519683
0
LINE
8
BLACK
6
CONTINUOUS
10
6.2229590551181104
20
-3.7487359842519683
11
6.2230013385826775
21
-3.7486090157480314
0
LINE
8
BLACK
6
CONTINUOUS
10
6.2230013385826775
20
-3.7486090157480314
11
6.2229570866141728
21
-3.7475553149606298
0
LINE
8
BLACK
6
CONTINUOUS
10
6.2229570866141728
20
-3.7475553149606298
11
6.2229647637795278
21
-3.7475166141732283
0
LINE
8
BLACK
6
CONTINUOUS
10
6.2229647637795278
20
-3.7475166141732283
11
6.2229590551181104
21
-3.7474994881889763
0
LINE
8
BLACK
6
CONTINUOUS
10
6.2229590551181104
20
-3.7474994881889763
11
6.2229758267716537
21
-3.7474609448818899
0
LINE
8
BLACK
6
CONTINUOUS
10
6.2229758267716537
20
-3.7474609448818899
11
6.2230170078740157
21
-3.7472539763779529
0
LINE
8
BLACK
6
CONTINUOUS
10
6.2230170078740157
20
-3.7472539763779529
11
6.2231040157480315
21
-3.7471669291338583
0
LINE
8
BLACK
6
CONTINUOUS
10
6.2231040157480315
20
-3.7471669291338583
11
6.2234151574803152
21
-3.7464532677165354
0
LINE
8
BLACK
6
CONTINUOUS
10
6.2234151574803152
20
-3.7464532677165354
11
6.2235112204724405
21
-3.7463294488188974
0
LINE
8
BLACK
6
CONTINUOUS
10
6.2235112204724405
20
-3.7463294488188974
11
6.2235245669291341
21
-3.7462894881889763
0
LINE
8
BLACK
6
CONTINUOUS
10
6.2235245669291341
20
-3.7462894881889763
11
6.2235561811023619
21
-3.7462714960629921
0
LINE
8
BLACK
6
CONTINUOUS
10
6.2235561811023619
20
-3.7462714960629921
11
6.2236035433070862
21
-3.7462105511811021
0
LINE
8
BLACK
6
CONTINUOUS
10
6.2236035433070862
20
-3.7462105511811021
11
6.2237492125984248
21
-3.7461619685039369
0
LINE
8
BLACK
6
CONTINUOUS
10
6.2237492125984248
20
-3.7461619685039369
11
6.2245171653543307
21
-3.7457261811023623
0
LINE
8
BLACK
6
CONTINUOUS
10
6.2245171653543307
20
-3.7457261811023623
11
6.2245551574803146
21
-3.745715748031496
0
LINE
8
BLACK
6
CONTINUOUS
10
6.2245551574803146
20
-3.745715748031496
11
6.2245679921259844
21
-3.7457029527559054
0
LINE
8
BLACK
6
CONTINUOUS
10
6.2245679921259844
20
-3.7457029527559054
11
6.2246037007874016
21
-3.7457024409448816
0
LINE
8
BLACK
6
CONTINUOUS
10
6.2246037007874016
20
-3.7457024409448816
11
6.2248135039370078
21
-3.7456450000000001
0
LINE
8
BLACK
6
CONTINUOUS
10
6.2248135039370078
20
-3.7456450000000001
11
6.2249709842519687
21
-3.7456974803149605
0
LINE
8
BLACK
6
CONTINUOUS
10
6.2249709842519687
20
-3.7456974803149605
11
6.2289938188976377
21
-3.7456430314960629
0
LINE
8
BLACK
6
CONTINUOUS
10
6.2289938188976377
20
-3.7456430314960629
11
6.2292951574803146
21
-3.7457029527559054
0
LINE
8
BLACK
6
CONTINUOUS
10
6.2177776377952751
20
-3.7462893700787401
11
6.2179682283464563
21
-3.7468611023622045
0
LINE
8
BLACK
6
CONTINUOUS
10
6.2179682283464563
20
-3.7468611023622045
11
6.2175121653543304
21
-3.7479073622047245
0
LINE
8
BLACK
6
CONTINUOUS
10
6.2175121653543304
20
-3.7479073622047245
11
6.2174160236220475
21
-3.7480312204724409
0
LINE
8
BLACK
6
CONTINUOUS
10
6.2174160236220475
20
-3.7480312204724409
11
6.2174027165354326
21
-3.7480711811023619
0
LINE
8
BLACK
6
CONTINUOUS
10
6.2174027165354326
20
-3.7480711811023619
11
6.2173711023622049
21
-3.7480890944881891
0
LINE
8
BLACK
6
CONTINUOUS
10
6.2173711023622049
20
-3.7480890944881891
11
6.2173238188976381
21
-3.7481500787401574
0
LINE
8
BLACK
6
CONTINUOUS
10
6.2173238188976381
20
-3.7481500787401574
11
6.2171779921259844
21
-3.7481986614173226
0
LINE
8
BLACK
6
CONTINUOUS
10
6.2171779921259844
20
-3.7481986614173226
11
6.2164100787401573
21
-3.7486344488188976
0
LINE
8
BLACK
6
CONTINUOUS
10
6.2164100787401573
20
-3.7486344488188976
11
6.2163720472440946
21
-3.7486448425196848
0
LINE
8
BLACK
6
CONTINUOUS
10
6.2163720472440946
20
-3.7486448425196848
11
6.2163592913385823
21
-3.7486576377952754
0
LINE
8
BLACK
6
CONTINUOUS
10
6.2163592913385823
20
-3.7486576377952754
11
6.2163242913385828
21
-3.7486579133858267
0
LINE
8
BLACK
6
CONTINUOUS
10
6.2163242913385828
20
-3.7486579133858267
11
6.2161137401574802
21
-3.7487155905511811
0
LINE
8
BLACK
6
CONTINUOUS
10
6.2161137401574802
20
-3.7487155905511811
11
6.2159503149606294
21
-3.7486611023622047
0
LINE
8
BLACK
6
CONTINUOUS
10
6.2159503149606294
20
-3.7486611023622047
11
6.209308779527559
21
-3.7487175590551178
0
LINE
8
BLACK
6
CONTINUOUS
10
6.209308779527559
20
-3.7487175590551178
11
6.2090074409448821
21
-3.7486576377952754
0
LINE
8
BLACK
6
CONTINUOUS
10
6.2090074409448821
20
-3.7486576377952754
11
6.2085812992125984
21
-3.7482314960629921
0
LINE
8
BLACK
6
CONTINUOUS
10
6.2085812992125984
20
-3.7482314960629921
11
6.2085812992125984
21
-3.7476288188976379
0
LINE
8
BLACK
6
CONTINUOUS
10
6.2085812992125984
20
-3.7476288188976379
11
6.2090074409448821
21
-3.7472026771653542
0
LINE
8
BLACK
6
CONTINUOUS
10
6.2090074409448821
20
-3.7472026771653542
11
6.2159397244094485
21
-3.7471437401574801
0
LINE
8
BLACK
6
CONTINUOUS
10
6.2159397244094485
20
-3.7471437401574801
11
6.2162555905511807
21
-3.7469645275590548
0
LINE
8
BLACK
6
CONTINUOUS
10
6.2162555905511807
20
-3.7469645275590548
11
6.2164785039370081
21
-3.7464531889763779
0
LINE
8
BLACK
6
CONTINUOUS
10
6.2164785039370081
20
-3.7464531889763779
11
6.2166668503937004
21
-3.7462104724409446
0
LINE
8
BLACK
6
CONTINUOUS
10
6.2166668503937004
20
-3.7462104724409446
11
6.2172385826771652
21
-3.7460198818897639
0
LINE
8
BLACK
6
CONTINUOUS
10
6.2172385826771652
20
-3.7460198818897639
11
6.2177776377952751
21
-3.7462893700787401
0
LINE
8
BLACK
6
CONTINUOUS
10
6.1988814173228342
20
-3.7420046456692915
11
6.1989339370078742
21
-3.742926377952756
0
LINE
8
BLACK
6
CONTINUOUS
10
6.1989339370078742
20
-3.742926377952756
11
6.1992035039370075
21
-3.7434014173228345
0
LINE
8
BLACK
6
CONTINUOUS
10
6.1992035039370075
20
-3.7434014173228345
11
6.1994366929133857
21
-3.7436032677165354
0
LINE
8
BLACK
6
CONTINUOUS
10
6.1994366929133857
20
-3.7436032677165354
11
6.1999018897637796
21
-3.7438060629921259
0
LINE
8
BLACK
6
CONTINUOUS
10
6.1999018897637796
20
-3.7438060629921259
11
6.2034032677165349
21
-3.7437682677165354
0
LINE
8
BLACK
6
CONTINUOUS
10
6.2034032677165349
20
-3.7437682677165354
11
6.2037046062992127
21
-3.7438281889763778
0
LINE
8
BLACK
6
CONTINUOUS
10
6.2037046062992127
20
-3.7438281889763778
11
6.2041307480314956
21
-3.7442543307086615
0
LINE
8
BLACK
6
CONTINUOUS
10
6.2041307480314956
20
-3.7442543307086615
11
6.2041307480314956
21
-3.7448570078740158
0
LINE
8
BLACK
6
CONTINUOUS
10
6.2041307480314956
20
-3.7448570078740158
11
6.2037046062992127
21
-3.745283149606299
0
LINE
8
BLACK
6
CONTINUOUS
10
6.2037046062992127
20
-3.745283149606299
11
6.1996401574803146
21
-3.7453270078740157
0
LINE
8
BLACK
6
CONTINUOUS
10
6.1996401574803146
20
-3.7453270078740157
11
6.1995979527559051
21
-3.7453411023622047
0
LINE
8
BLACK
6
CONTINUOUS
10
6.1995979527559051
20
-3.7453411023622047
11
6.1995674409448815
21
-3.7453277952755903
0
LINE
8
BLACK
6
CONTINUOUS
10
6.1995674409448815
20
-3.7453277952755903
11
6.1981539370078735
21
-3.7453430708661415
0
LINE
8
BLACK
6
CONTINUOUS
10
6.1981539370078735
20
-3.7453430708661415
11
6.1978525984251966
21
-3.745283149606299
0
LINE
8
BLACK
6
CONTINUOUS
10
6.1978525984251966
20
-3.745283149606299
11
6.1974264566929129
21
-3.7448570078740158
0
LINE
8
BLACK
6
CONTINUOUS
10
6.1974264566929129
20
-3.7448570078740158
11
6.1974264566929129
21
-3.7442543307086615
0
LINE
8
BLACK
6
CONTINUOUS
10
6.1974264566929129
20
-3.7442543307086615
11
6.1977476377952758
21
-3.7439331102362203
0
LINE
8
BLACK
6
CONTINUOUS
10
6.1977476377952758
20
-3.7439331102362203
11
6.1974496456692911
21
-3.743407992125984
0
LINE
8
BLACK
6
CONTINUOUS
10
6.1974496456692911
20
-3.743407992125984
11
6.1974392125984252
21
-3.7433699606299213
0
LINE
8
BLACK
6
CONTINUOUS
10
6.1974392125984252
20
-3.7433699606299213
11
6.1974264566929129
21
-3.7433572047244095
0
LINE
8
BLACK
6
CONTINUOUS
10
6.1974264566929129
20
-3.7433572047244095
11
6.1974240157480311
21
-3.7433143700787399
0
LINE
8
BLACK
6
CONTINUOUS
10
6.1974240157480311
20
-3.7433143700787399
11
6.1973685039370077
21
-3.7431116929133856
0
LINE
8
BLACK
6
CONTINUOUS
10
6.1973685039370077
20
-3.7431116929133856
11
6.1974060236220474
21
-3.7429990551181103
0
LINE
8
BLACK
6
CONTINUOUS
10
6.1974060236220474
20
-3.7429990551181103
11
6.1973665354330709
21
-3.7423059842519684
0
LINE
8
BLACK
6
CONTINUOUS
10
6.1973665354330709
20
-3.7423059842519684
11
6.1974264566929129
21
-3.7420046456692915
0
LINE
8
BLACK
6
CONTINUOUS
10
6.1974264566929129
20
-3.7420046456692915
11
6.1978525984251966
21
-3.7415785039370077
0
LINE
8
BLACK
6
CONTINUOUS
10
6.1978525984251966
20
-3.7415785039370077
11
6.1984552755905513
21
-3.7415785039370077
0
LINE
8
BLACK
6
CONTINUOUS
10
6.1984552755905513
20
-3.7415785039370077
11
6.1988814173228342
21
-3.7420046456692915
0
LINE
8
BLACK
6
CONTINUOUS
10
6.2157216535433069
20
-3.7392764173228348
11
6.2157388188976377
21
-3.7392707086614174
0
LINE
8
BLACK
6
CONTINUOUS
10
6.2157388188976377
20
-3.7392707086614174
11
6.2157773228346453
21
-3.7392874803149607
0
LINE
8
BLACK
6
CONTINUOUS
10
6.2157773228346453
20
-3.7392874803149607
11
6.2159843307086611
21
-3.7393286614173227
0
LINE
8
BLACK
6
CONTINUOUS
10
6.2159843307086611
20
-3.7393286614173227
11
6.2160713385826769
21
-3.7394156692913385
0
LINE
8
BLACK
6
CONTINUOUS
10
6.2160713385826769
20
-3.7394156692913385
11
6.2167318503937006
21
-3.7397036220472439
0
LINE
8
BLACK
6
CONTINUOUS
10
6.2167318503937006
20
-3.7397036220472439
11
6.2167342519685036
21
-3.7397036220472439
0
LINE
8
BLACK
6
CONTINUOUS
10
6.2167342519685036
20
-3.7397036220472439
11
6.2167366535433066
21
-3.7397057086614174
0
LINE
8
BLACK
6
CONTINUOUS
10
6.2167366535433066
20
-3.7397057086614174
11
6.2167850393700785
21
-3.7397268110236221
0
LINE
8
BLACK
6
CONTINUOUS
10
6.2167850393700785
20
-3.7397268110236221
11
6.2170277559055114
21
-3.7399151968503936
0
LINE
8
BLACK
6
CONTINUOUS
10
6.2170277559055114
20
-3.7399151968503936
11
6.2170476377952753
21
-3.7399748818897636
0
LINE
8
BLACK
6
CONTINUOUS
10
6.2170476377952753
20
-3.7399748818897636
11
6.2173186614173224
21
-3.7402094881889765
0
LINE
8
BLACK
6
CONTINUOUS
10
6.2173186614173224
20
-3.7402094881889765
11
6.2173238188976381
21
-3.7402112204724407
0
LINE
8
BLACK
6
CONTINUOUS
10
6.2173238188976381
20
-3.7402112204724407
11
6.2173268503937003
21
-3.7402165748031497
0
LINE
8
BLACK
6
CONTINUOUS
10
6.2173268503937003
20
-3.7402165748031497
11
6.2173646456692913
21
-3.7402492913385825
0
LINE
8
BLACK
6
CONTINUOUS
10
6.2173646456692913
20
-3.7402492913385825
11
6.2175353543307086
21
-3.7405047244094489
0
LINE
8
BLACK
6
CONTINUOUS
10
6.2175353543307086
20
-3.7405047244094489
11
6.2175353543307086
21
-3.7405840157480315
0
LINE
8
BLACK
6
CONTINUOUS
10
6.2175353543307086
20
-3.7405840157480315
11
6.2178870866141729
21
-3.7412038976377953
0
LINE
8
BLACK
6
CONTINUOUS
10
6.2178870866141729
20
-3.7412038976377953
11
6.2178974409448822
21
-3.7412418110236221
0
LINE
8
BLACK
6
CONTINUOUS
10
6.2178974409448822
20
-3.7412418110236221
11
6.2179102755905511
21
-3.7412546456692914
0
LINE
8
BLACK
6
CONTINUOUS
10
6.2179102755905511
20
-3.7412546456692914
11
6.2179119291338578
21
-3.74129468503937
0
LINE
8
BLACK
6
CONTINUOUS
10
6.2179119291338578
20
-3.74129468503937
11
6.2179682283464563
21
-3.7415001968503936
0
LINE
8
BLACK
6
CONTINUOUS
10
6.2179682283464563
20
-3.7415001968503936
11
6.2179259055118106
21
-3.741627086614173
0
LINE
8
BLACK
6
CONTINUOUS
10
6.2179259055118106
20
-3.741627086614173
11
6.217970196850394
21
-3.7426808267716534
0
LINE
8
BLACK
6
CONTINUOUS
10
6.217970196850394
20
-3.7426808267716534
11
6.2179624803149602
21
-3.7427194488188977
0
LINE
8
BLACK
6
CONTINUOUS
10
6.2179624803149602
20
-3.7427194488188977
11
6.2179682283464563
21
-3.7427366141732281
0
LINE
8
BLACK
6
CONTINUOUS
10
6.2179682283464563
20
-3.7427366141732281
11
6.2179514173228343
21
-3.7427750787401575
0
LINE
8
BLACK
6
CONTINUOUS
10
6.2179514173228343
20
-3.7427750787401575
11
6.2179102755905511
21
-3.7429821653543307
0
LINE
8
BLACK
6
CONTINUOUS
10
6.2179102755905511
20
-3.7429821653543307
11
6.2178232283464565
21
-3.7430691732283465
0
LINE
8
BLACK
6
CONTINUOUS
10
6.2178232283464565
20
-3.7430691732283465
11
6.2175353543307086
21
-3.7437296456692915
0
LINE
8
BLACK
6
CONTINUOUS
10
6.2175353543307086
20
-3.7437296456692915
11
6.2175353543307086
21
-3.743732125984252
0
LINE
8
BLACK
6
CONTINUOUS
10
6.2175353543307086
20
-3.743732125984252
11
6.2175331889763781
21
-3.7437346062992125
0
LINE
8
BLACK
6
CONTINUOUS
10
6.2175331889763781
20
-3.7437346062992125
11
6.2175121653543304
21
-3.7437828740157482
0
LINE
8
BLACK
6
CONTINUOUS
10
6.2175121653543304
20
-3.7437828740157482
11
6.2173238188976381
21
-3.744025590551181
0
LINE
8
BLACK
6
CONTINUOUS
10
6.2173238188976381
20
-3.744025590551181
11
6.2172640157480314
21
-3.7440455118110236
0
LINE
8
BLACK
6
CONTINUOUS
10
6.2172640157480314
20
-3.7440455118110236
11
6.217029409448819
21
-3.744316496062992
0
LINE
8
BLACK
6
CONTINUOUS
10
6.217029409448819
20
-3.744316496062992
11
6.2170277559055114
21
-3.7443215748031493
0
LINE
8
BLACK
6
CONTINUOUS
10
6.2170277559055114
20
-3.7443215748031493
11
6.2170224409448815
21
-3.7443245669291336
0
LINE
8
BLACK
6
CONTINUOUS
10
6.2170224409448815
20
-3.7443245669291336
11
6.2169896456692912
21
-3.7443624803149604
0
LINE
8
BLACK
6
CONTINUOUS
10
6.2169896456692912
20
-3.7443624803149604
11
6.2167342125984248
21
-3.7445331889763778
0
LINE
8
BLACK
6
CONTINUOUS
10
6.2167342125984248
20
-3.7445331889763778
11
6.216654881889764
21
-3.744533149606299
0
LINE
8
BLACK
6
CONTINUOUS
10
6.216654881889764
20
-3.744533149606299
11
6.216035118110236
21
-3.7448849212598425
0
LINE
8
BLACK
6
CONTINUOUS
10
6.216035118110236
20
-3.7448849212598425
11
6.2159970866141734
21
-3.7448953149606297
0
LINE
8
BLACK
6
CONTINUOUS
10
6.2159970866141734
20
-3.7448953149606297
11
6.2159843307086611
21
-3.7449081102362203
0
LINE
8
BLACK
6
CONTINUOUS
10
6.2159843307086611
20
-3.7449081102362203
11
6.2159472440944876
21
-3.7449089763779528
0
LINE
8
BLACK
6
CONTINUOUS
10
6.2159472440944876
20
-3.7449089763779528
11
6.2157388188976377
21
-3.744966062992126
0
LINE
8
BLACK
6
CONTINUOUS
10
6.2157388188976377
20
-3.744966062992126
11
6.215592519685039
21
-3.744917283464567
0
LINE
8
BLACK
6
CONTINUOUS
10
6.215592519685039
20
-3.744917283464567
11
6.2134332677165354
21
-3.7449680314960627
0
LINE
8
BLACK
6
CONTINUOUS
10
6.2134332677165354
20
-3.7449680314960627
11
6.2133945669291339
21
-3.7449603149606299
0
LINE
8
BLACK
6
CONTINUOUS
10
6.2133945669291339
20
-3.7449603149606299
11
6.2133774409448819
21
-3.744966062992126
0
LINE
8
BLACK
6
CONTINUOUS
10
6.2133774409448819
20
-3.744966062992126
11
6.2133388976377955
21
-3.7449492519685039
0
LINE
8
BLACK
6
CONTINUOUS
10
6.2133388976377955
20
-3.7449492519685039
11
6.2131319291338585
21
-3.7449081102362203
0
LINE
8
BLACK
6
CONTINUOUS
10
6.2131319291338585
20
-3.7449081102362203
11
6.2130448818897639
21
-3.7448210629921257
0
LINE
8
BLACK
6
CONTINUOUS
10
6.2130448818897639
20
-3.7448210629921257
11
6.2123844881889765
21
-3.744533149606299
0
LINE
8
BLACK
6
CONTINUOUS
10
6.2123844881889765
20
-3.744533149606299
11
6.2123820866141735
21
-3.744533149606299
0
LINE
8
BLACK
6
CONTINUOUS
10
6.2123820866141735
20
-3.744533149606299
11
6.212379606299212
21
-3.7445310236220473
0
LINE
8
BLACK
6
CONTINUOUS
10
6.212379606299212
20
-3.7445310236220473
11
6.212331220472441
21
-3.7445099212598425
0
LINE
8
BLACK
6
CONTINUOUS
10
6.212331220472441
20
-3.7445099212598425
11
6.2120885039370073
21
-3.7443215748031493
0
LINE
8
BLACK
6
CONTINUOUS
10
6.2120885039370073
20
-3.7443215748031493
11
6.2120685826771656
21
-3.7442618110236219
0
LINE
8
BLACK
6
CONTINUOUS
10
6.2120685826771656
20
-3.7442618110236219
11
6.2117975590551175
21
-3.7440272440944882
0
LINE
8
BLACK
6
CONTINUOUS
10
6.2117975590551175
20
-3.7440272440944882
11
6.211792519685039
21
-3.744025590551181
0
LINE
8
BLACK
6
CONTINUOUS
10
6.211792519685039
20
-3.744025590551181
11
6.2117894881889759
21
-3.7440202755905512
0
LINE
8
BLACK
6
CONTINUOUS
10
6.2117894881889759
20
-3.7440202755905512
11
6.2117516929133858
21
-3.7439875590551179
0
LINE
8
BLACK
6
CONTINUOUS
10
6.2117516929133858
20
-3.7439875590551179
11
6.2115809448818897
21
-3.743732125984252
0
LINE
8
BLACK
6
CONTINUOUS
10
6.2115809448818897
20
-3.743732125984252
11
6.211580905511811
21
-3.7436527559055119
0
LINE
8
BLACK
6
CONTINUOUS
10
6.211580905511811
20
-3.7436527559055119
11
6.2112291732283467
21
-3.7430329527559056
0
LINE
8
BLACK
6
CONTINUOUS
10
6.2112291732283467
20
-3.7430329527559056
11
6.2112187401574799
21
-3.7429949212598426
0
LINE
8
BLACK
6
CONTINUOUS
10
6.2112187401574799
20
-3.7429949212598426
11
6.2112059842519685
21
-3.7429821653543307
0
LINE
8
BLACK
6
CONTINUOUS
10
6.2112059842519685
20
-3.7429821653543307
11
6.2112042913385821
21
-3.7429421259842517
0
LINE
8
BLACK
6
CONTINUOUS
10
6.2112042913385821
20
-3.7429421259842517
11
6.2111480314960632
21
-3.7427366535433069
0
LINE
8
BLACK
6
CONTINUOUS
10
6.2111480314960632
20
-3.7427366535433069
11
6.2111903149606293
21
-3.74260968503937
0
LINE
8
BLACK
6
CONTINUOUS
10
6.2111903149606293
20
-3.74260968503937
11
6.2111460629921256
21
-3.7415559842519683
0
LINE
8
BLACK
6
CONTINUOUS
10
6.2111460629921256
20
-3.7415559842519683
11
6.2111537401574806
21
-3.7415172834645669
0
LINE
8
BLACK
6
CONTINUOUS
10
6.2111537401574806
20
-3.7415172834645669
11
6.2111480314960632
21
-3.7415001574803148
0
LINE
8
BLACK
6
CONTINUOUS
10
6.2111480314960632
20
-3.7415001574803148
11
6.2111648031496065
21
-3.7414616141732284
0
LINE
8
BLACK
6
CONTINUOUS
10
6.2111648031496065
20
-3.7414616141732284
11
6.2112059842519685
21
-3.7412546456692914
0
LINE
8
BLACK
6
CONTINUOUS
10
6.2112059842519685
20
-3.7412546456692914
11
6.2112929921259843
21
-3.7411675984251969
0
LINE
8
BLACK
6
CONTINUOUS
10
6.2112929921259843
20
-3.7411675984251969
11
6.2115809448818897
21
-3.7405071259842519
0
LINE
8
BLACK
6
CONTINUOUS
10
6.2115809448818897
20
-3.7405071259842519
11
6.2115809448818897
21
-3.7405047244094489
0
LINE
8
BLACK
6
CONTINUOUS
10
6.2115809448818897
20
-3.7405047244094489
11
6.2115830314960627
21
-3.7405022834645667
0
LINE
8
BLACK
6
CONTINUOUS
10
6.2115830314960627
20
-3.7405022834645667
11
6.2116041338582679
21
-3.740453937007874
0
LINE
8
BLACK
6
CONTINUOUS
10
6.2116041338582679
20
-3.740453937007874
11
6.211792519685039
21
-3.7402112204724407
0
LINE
8
BLACK
6
CONTINUOUS
10
6.211792519685039
20
-3.7402112204724407
11
6.2118522047244094
21
-3.7401912992125985
0
LINE
8
BLACK
6
CONTINUOUS
10
6.2118522047244094
20
-3.7401912992125985
11
6.2120867716535431
21
-3.7399203149606297
0
LINE
8
BLACK
6
CONTINUOUS
10
6.2120867716535431
20
-3.7399203149606297
11
6.2120885039370073
21
-3.7399151968503936
0
LINE
8
BLACK
6
CONTINUOUS
10
6.2120885039370073
20
-3.7399151968503936
11
6.2120938582677168
21
-3.7399121259842518
0
LINE
8
BLACK
6
CONTINUOUS
10
6.2120938582677168
20
-3.7399121259842518
11
6.2121266141732283
21
-3.7398743307086613
0
LINE
8
BLACK
6
CONTINUOUS
10
6.2121266141732283
20
-3.7398743307086613
11
6.2123820472440947
21
-3.7397036220472439
0
LINE
8
BLACK
6
CONTINUOUS
10
6.2123820472440947
20
-3.7397036220472439
11
6.212461299212598
21
-3.7397036220472439
0
LINE
8
BLACK
6
CONTINUOUS
10
6.212461299212598
20
-3.7397036220472439
11
6.2130811023622048
21
-3.7393518897637796
0
LINE
8
BLACK
6
CONTINUOUS
10
6.2130811023622048
20
-3.7393518897637796
11
6.2131190944881887
21
-3.7393414566929133
0
LINE
8
BLACK
6
CONTINUOUS
10
6.2131190944881887
20
-3.7393414566929133
11
6.2131319291338585
21
-3.7393286614173227
0
LINE
8
BLACK
6
CONTINUOUS
10
6.2131319291338585
20
-3.7393286614173227
11
6.2131690551181098
21
-3.7393277559055118
0
LINE
8
BLACK
6
CONTINUOUS
10
6.2131690551181098
20
-3.7393277559055118
11
6.2133774409448819
21
-3.7392707086614174
0
LINE
8
BLACK
6
CONTINUOUS
10
6.2133774409448819
20
-3.7392707086614174
11
6.2135237007874018
21
-3.7393194488188977
0
LINE
8
BLACK
6
CONTINUOUS
10
6.2135237007874018
20
-3.7393194488188977
11
6.2156829921259842
21
-3.7392687401574802
0
LINE
8
BLACK
6
CONTINUOUS
10
6.2156829921259842
20
-3.7392687401574802
11
6.2157216535433069
21
-3.7392764173228348
0
LINE
8
BLACK
6
CONTINUOUS
10
6.2135547244094491
20
-3.7408406692913383
11
6.2130877165354326
21
-3.7411057086614172
0
LINE
8
BLACK
6
CONTINUOUS
10
6.2130877165354326
20
-3.7411057086614172
11
6.2128858661417325
21
-3.741338897637795
0
LINE
8
BLACK
6
CONTINUOUS
10
6.2128858661417325
20
-3.741338897637795
11
6.2126839370078741
21
-3.7418021259842518
0
LINE
8
BLACK
6
CONTINUOUS
10
6.2126839370078741
20
-3.7418021259842518
11
6.2127155511811019
21
-3.7425550393700786
0
LINE
8
BLACK
6
CONTINUOUS
10
6.2127155511811019
20
-3.7425550393700786
11
6.2129829921259843
21
-3.7430262992125982
0
LINE
8
BLACK
6
CONTINUOUS
10
6.2129829921259843
20
-3.7430262992125982
11
6.2132162598425191
21
-3.7432281889763779
0
LINE
8
BLACK
6
CONTINUOUS
10
6.2132162598425191
20
-3.7432281889763779
11
6.2137014960629919
21
-3.7434397637795276
0
LINE
8
BLACK
6
CONTINUOUS
10
6.2137014960629919
20
-3.7434397637795276
11
6.2155614960629917
21
-3.7433960629921259
0
LINE
8
BLACK
6
CONTINUOUS
10
6.2155614960629917
20
-3.7433960629921259
11
6.2160285039370073
21
-3.743131023622047
0
LINE
8
BLACK
6
CONTINUOUS
10
6.2160285039370073
20
-3.743131023622047
11
6.216230393700787
21
-3.7428977952755904
0
LINE
8
BLACK
6
CONTINUOUS
10
6.216230393700787
20
-3.7428977952755904
11
6.2164322834645667
21
-3.7424346456692912
0
LINE
8
BLACK
6
CONTINUOUS
10
6.2164322834645667
20
-3.7424346456692912
11
6.2164006692913381
21
-3.7416817322834643
0
LINE
8
BLACK
6
CONTINUOUS
10
6.2164006692913381
20
-3.7416817322834643
11
6.2161331889763778
21
-3.7412103543307085
0
LINE
8
BLACK
6
CONTINUOUS
10
6.2161331889763778
20
-3.7412103543307085
11
6.2159000393700783
21
-3.7410085433070863
0
LINE
8
BLACK
6
CONTINUOUS
10
6.2159000393700783
20
-3.7410085433070863
11
6.2154147244094489
21
-3.7407969685039371
0
LINE
8
BLACK
6
CONTINUOUS
10
6.2154147244094489
20
-3.7407969685039371
11
6.2135547244094491
21
-3.7408406692913383
0
LINE
8
BLACK
6
CONTINUOUS
10
6.2244719685039369
20
-3.7405048031496064
11
6.2244976771653544
21
-3.7419221259842517
0
LINE
8
BLACK
6
CONTINUOUS
10
6.2244976771653544
20
-3.7419221259842517
11
6.2277507480314958
21
-3.7418944881889762
0
LINE
8
BLACK
6
CONTINUOUS
10
6.2277507480314958
20
-3.7418944881889762
11
6.2280666141732279
21
-3.7417152755905509
0
LINE
8
BLACK
6
CONTINUOUS
10
6.2280666141732279
20
-3.7417152755905509
11
6.2282360629921261
21
-3.7413265354330707
0
LINE
8
BLACK
6
CONTINUOUS
10
6.2282360629921261
20
-3.7413265354330707
11
6.2282064173228342
21
-3.7408061417322833
0
LINE
8
BLACK
6
CONTINUOUS
10
6.2282064173228342
20
-3.7408061417322833
11
6.2282663385826771
21
-3.7405048031496064
0
LINE
8
BLACK
6
CONTINUOUS
10
6.2282663385826771
20
-3.7405048031496064
11
6.2286924803149608
21
-3.7400786614173227
0
LINE
8
BLACK
6
CONTINUOUS
10
6.2286924803149608
20
-3.7400786614173227
11
6.2292951574803146
21
-3.7400786614173227
0
LINE
8
BLACK
6
CONTINUOUS
10
6.2292951574803146
20
-3.7400786614173227
11
6.2297212992125983
21
-3.7405048031496064
0
LINE
8
BLACK
6
CONTINUOUS
10
6.2297212992125983
20
-3.7405048031496064
11
6.2297812204724412
21
-3.7415560629921258
0
LINE
8
BLACK
6
CONTINUOUS
10
6.2297812204724412
20
-3.7415560629921258
11
6.2297735039370075
21
-3.7415946850393702
0
LINE
8
BLACK
6
CONTINUOUS
10
6.2297735039370075
20
-3.7415946850393702
11
6.2297792519685036
21
-3.7416118503937006
0
LINE
8
BLACK
6
CONTINUOUS
10
6.2297792519685036
20
-3.7416118503937006
11
6.2297624409448815
21
-3.7416503149606299
0
LINE
8
BLACK
6
CONTINUOUS
10
6.2297624409448815
20
-3.7416503149606299
11
6.2297212992125983
21
-3.7418574015748032
0
LINE
8
BLACK
6
CONTINUOUS
10
6.2297212992125983
20
-3.7418574015748032
11
6.2296342519685037
21
-3.741944409448819
0
LINE
8
BLACK
6
CONTINUOUS
10
6.2296342519685037
20
-3.741944409448819
11
6.2293231889763776
21
-3.7426581102362202
0
LINE
8
BLACK
6
CONTINUOUS
10
6.2293231889763776
20
-3.7426581102362202
11
6.2292270472440947
21
-3.742781968503937
0
LINE
8
BLACK
6
CONTINUOUS
10
6.2292270472440947
20
-3.742781968503937
11
6.2292137401574799
21
-3.742821929133858
0
LINE
8
BLACK
6
CONTINUOUS
10
6.2292137401574799
20
-3.742821929133858
11
6.2291821259842521
21
-3.7428398425196852
0
LINE
8
BLACK
6
CONTINUOUS
10
6.2291821259842521
20
-3.7428398425196852
11
6.2291348425196853
21
-3.7429008267716535
0
LINE
8
BLACK
6
CONTINUOUS
10
6.2291348425196853
20
-3.7429008267716535
11
6.2289890157480317
21
-3.7429494094488187
0
LINE
8
BLACK
6
CONTINUOUS
10
6.2289890157480317
20
-3.7429494094488187
11
6.2282211023622045
21
-3.7433851968503937
0
LINE
8
BLACK
6
CONTINUOUS
10
6.2282211023622045
20
-3.7433851968503937
11
6.2281830708661419
21
-3.7433955905511809
0
LINE
8
BLACK
6
CONTINUOUS
10
6.2281830708661419
20
-3.7433955905511809
11
6.2281703149606296
21
-3.7434083858267715
0
LINE
8
BLACK
6
CONTINUOUS
10
6.2281703149606296
20
-3.7434083858267715
11
6.22813531496063
21
-3.7434086614173228
0
LINE
8
BLACK
6
CONTINUOUS
10
6.22813531496063
20
-3.7434086614173228
11
6.2279247637795274
21
-3.7434663385826772
0
LINE
8
BLACK
6
CONTINUOUS
10
6.2279247637795274
20
-3.7434663385826772
11
6.2277613385826767
21
-3.7434118503937008
0
LINE
8
BLACK
6
CONTINUOUS
10
6.2277613385826767
20
-3.7434118503937008
11
6.2245252362204724
21
-3.7434393307086613
0
LINE
8
BLACK
6
CONTINUOUS
10
6.2245252362204724
20
-3.7434393307086613
11
6.2245318897637798
21
-3.7438057874015747
0
LINE
8
BLACK
6
CONTINUOUS
10
6.2245318897637798
20
-3.7438057874015747
11
6.2244719685039369
21
-3.744107125984252
0
LINE
8
BLACK
6
CONTINUOUS
10
6.2244719685039369
20
-3.744107125984252
11
6.2240458267716532
21
-3.7445332677165353
0
LINE
8
BLACK
6
CONTINUOUS
10
6.2240458267716532
20
-3.7445332677165353
11
6.2234431496062994
21
-3.7445332677165353
0
LINE
8
BLACK
6
CONTINUOUS
10
6.2234431496062994
20
-3.7445332677165353
11
6.2230170078740157
21
-3.744107125984252
0
LINE
8
BLACK
6
CONTINUOUS
10
6.2230170078740157
20
-3.744107125984252
11
6.2230051181102359
21
-3.7434522834645669
0
LINE
8
BLACK
6
CONTINUOUS
10
6.2230051181102359
20
-3.7434522834645669
11
6.2211198031496062
21
-3.7434683070866139
0
LINE
8
BLACK
6
CONTINUOUS
10
6.2211198031496062
20
-3.7434683070866139
11
6.2208184645669293
21
-3.7434083858267715
0
LINE
8
BLACK
6
CONTINUOUS
10
6.2208184645669293
20
-3.7434083858267715
11
6.2203923228346456
21
-3.7429822440944882
0
LINE
8
BLACK
6
CONTINUOUS
10
6.2203923228346456
20
-3.7429822440944882
11
6.2203923228346456
21
-3.742379566929134
0
LINE
8
BLACK
6
CONTINUOUS
10
6.2203923228346456
20
-3.742379566929134
11
6.2208184645669293
21
-3.7419534251968503
0
LINE
8
BLACK
6
CONTINUOUS
10
6.2208184645669293
20
-3.7419534251968503
11
6.222977559055118
21
-3.7419350393700785
0
LINE
8
BLACK
6
CONTINUOUS
10
6.222977559055118
20
-3.7419350393700785
11
6.2229570866141728
21
-3.7408061417322833
0
LINE
8
BLACK
6
CONTINUOUS
10
6.2229570866141728
20
-3.7408061417322833
11
6.2230170078740157
21
-3.7405048031496064
0
LINE
8
BLACK
6
CONTINUOUS
10
6.2230170078740157
20
-3.7405048031496064
11
6.2234431496062994
21
-3.7400786614173227
0
LINE
8
BLACK
6
CONTINUOUS
10
6.2234431496062994
20
-3.7400786614173227
11
6.2240458267716532
21
-3.7400786614173227
0
LINE
8
BLACK
6
CONTINUOUS
10
6.2240458267716532
20
-3.7400786614173227
11
6.2244719685039369
21
-3.7405048031496064
0
LINE
8
BLACK
6
CONTINUOUS
10
6.2173990944881892
20
-3.7321749212598423
11
6.2176723622047243
21
-3.7323153543307086
0
LINE
8
BLACK
6
CONTINUOUS
10
6.2176723622047243
20
-3.7323153543307086
11
6.217697874015748
21
-3.7323612992125983
0
LINE
8
BLACK
6
CONTINUOUS
10
6.217697874015748
20
-3.7323612992125983
11
6.2177463385826774
21
-3.732382086614173
0
LINE
8
BLACK
6
CONTINUOUS
10
6.2177463385826774
20
-3.732382086614173
11
6.2178411811023624
21
-3.732619251968504
0
LINE
8
BLACK
6
CONTINUOUS
10
6.2178411811023624
20
-3.732619251968504
11
6.2179650393700783
21
-3.7328421653543304
0
LINE
8
BLACK
6
CONTINUOUS
10
6.2179650393700783
20
-3.7328421653543304
11
6.2179505905511814
21
-3.7328927165354329
0
LINE
8
BLACK
6
CONTINUOUS
10
6.2179505905511814
20
-3.7328927165354329
11
6.2179701574803152
21
-3.7329416535433069
0
LINE
8
BLACK
6
CONTINUOUS
10
6.2179701574803152
20
-3.7329416535433069
11
6.2178695275590554
21
-3.733176377952756
0
LINE
8
BLACK
6
CONTINUOUS
10
6.2178695275590554
20
-3.733176377952756
11
6.2177994881889767
21
-3.7334216535433069
0
LINE
8
BLACK
6
CONTINUOUS
10
6.2177994881889767
20
-3.7334216535433069
11
6.217753464566929
21
-3.7334472047244094
0
LINE
8
BLACK
6
CONTINUOUS
10
6.217753464566929
20
-3.7334472047244094
11
6.2177327559055113
21
-3.7334955905511809
0
LINE
8
BLACK
6
CONTINUOUS
10
6.2177327559055113
20
-3.7334955905511809
11
6.2174683858267716
21
-3.7336055511811024
0
LINE
8
BLACK
6
CONTINUOUS
10
6.2174683858267716
20
-3.7336055511811024
11
6.2172726771653544
21
-3.7337143307086613
0
LINE
8
BLACK
6
CONTINUOUS
10
6.2172726771653544
20
-3.7337143307086613
11
6.2172331496062991
21
-3.7337034645669291
0
LINE
8
BLACK
6
CONTINUOUS
10
6.2172331496062991
20
-3.7337034645669291
11
6.2154783464566927
21
-3.7344336614173228
0
LINE
8
BLACK
6
CONTINUOUS
10
6.2154783464566927
20
-3.7344336614173228
11
6.2174751968503932
21
-3.7352005905511811
0
LINE
8
BLACK
6
CONTINUOUS
10
6.2174751968503932
20
-3.7352005905511811
11
6.2177327559055113
21
-3.7353681496062991
0
LINE
8
BLACK
6
CONTINUOUS
10
6.2177327559055113
20
-3.7353681496062991
11
6.217753464566929
21
-3.7354164960629919
0
LINE
8
BLACK
6
CONTINUOUS
10
6.217753464566929
20
-3.7354164960629919
11
6.2177994881889767
21
-3.7354420866141731
0
LINE
8
BLACK
6
CONTINUOUS
10
6.2177994881889767
20
-3.7354420866141731
11
6.2178695275590554
21
-3.7356873228346457
0
LINE
8
BLACK
6
CONTINUOUS
10
6.2178695275590554
20
-3.7356873228346457
11
6.2179701574803152
21
-3.7359220866141731
0
LINE
8
BLACK
6
CONTINUOUS
10
6.2179701574803152
20
-3.7359220866141731
11
6.2179505511811026
21
-3.7359709842519684
0
LINE
8
BLACK
6
CONTINUOUS
10
6.2179505511811026
20
-3.7359709842519684
11
6.2179650393700783
21
-3.7360215748031496
0
LINE
8
BLACK
6
CONTINUOUS
10
6.2179650393700783
20
-3.7360215748031496
11
6.2178411023622049
21
-3.736244566929134
0
LINE
8
BLACK
6
CONTINUOUS
10
6.2178411023622049
20
-3.736244566929134
11
6.2177462992125987
21
-3.736481653543307
0
LINE
8
BLACK
6
CONTINUOUS
10
6.2177462992125987
20
-3.736481653543307
11
6.2176979133858268
21
-3.7365023622047242
0
LINE
8
BLACK
6
CONTINUOUS
10
6.2176979133858268
20
-3.7365023622047242
11
6.2176723622047243
21
-3.7365483858267714
0
LINE
8
BLACK
6
CONTINUOUS
10
6.2176723622047243
20
-3.7365483858267714
11
6.2174060629921257
21
-3.7366274409448819
0
LINE
8
BLACK
6
CONTINUOUS
10
6.2174060629921257
20
-3.7366274409448819
11
6.2171924015748026
21
-3.73671905511811
0
LINE
8
BLACK
6
CONTINUOUS
10
6.2171924015748026
20
-3.73671905511811
11
6.2171511023622044
21
-3.736703188976378
0
LINE
8
BLACK
6
CONTINUOUS
10
6.2171511023622044
20
-3.736703188976378
11
6.2121497637795278
21
-3.7381885826771653
0
LINE
8
BLACK
6
CONTINUOUS
10
6.2121497637795278
20
-3.7381885826771653
11
6.2118435826771652
21
-3.738213779527559
0
LINE
8
BLACK
6
CONTINUOUS
10
6.2118435826771652
20
-3.738213779527559
11
6.2113167716535429
21
-3.7379211023622045
0
LINE
8
BLACK
6
CONTINUOUS
10
6.2113167716535429
20
-3.7379211023622045
11
6.2111511811023616
21
-3.7373416141732281
0
LINE
8
BLACK
6
CONTINUOUS
10
6.2111511811023616
20
-3.7373416141732281
11
6.2114438582677165
21
-3.7368148031496062
0
LINE
8
BLACK
6
CONTINUOUS
10
6.2114438582677165
20
-3.7368148031496062
11
6.2148261417322832
21
-3.7358102362204724
0
LINE
8
BLACK
6
CONTINUOUS
10
6.2148261417322832
20
-3.7358102362204724
11
6.213140826771653
21
-3.7351629921259843
0
LINE
8
BLACK
6
CONTINUOUS
10
6.213140826771653
20
-3.7351629921259843
11
6.2128833070866136
21
-3.7349954330708659
0
LINE
8
BLACK
6
CONTINUOUS
10
6.2128833070866136
20
-3.7349954330708659
11
6.2128792125984251
21
-3.7349859055118109
0
LINE
8
BLACK
6
CONTINUOUS
10
6.2128792125984251
20
-3.7349859055118109
11
6.2128697244094484
21
-3.7349818503937007
0
LINE
8
BLACK
6
CONTINUOUS
10
6.2128697244094484
20
-3.7349818503937007
11
6.2127611023622045
21
-3.7347103149606298
0
LINE
8
BLACK
6
CONTINUOUS
10
6.2127611023622045
20
-3.7347103149606298
11
6.2126459055118106
21
-3.7344414960629919
0
LINE
8
BLACK
6
CONTINUOUS
10
6.2126459055118106
20
-3.7344414960629919
11
6.2126497244094487
21
-3.7344318897637794
0
LINE
8
BLACK
6
CONTINUOUS
10
6.2126497244094487
20
-3.7344318897637794
11
6.2126459055118106
21
-3.7344222834645668
0
LINE
8
BLACK
6
CONTINUOUS
10
6.2126459055118106
20
-3.7344222834645668
11
6.2127611023622045
21
-3.7341534251968502
0
LINE
8
BLACK
6
CONTINUOUS
10
6.2127611023622045
20
-3.7341534251968502
11
6.2128697244094484
21
-3.7338819291338581
0
LINE
8
BLACK
6
CONTINUOUS
10
6.2128697244094484
20
-3.7338819291338581
11
6.2128792125984251
21
-3.7338778346456691
0
LINE
8
BLACK
6
CONTINUOUS
10
6.2128792125984251
20
-3.7338778346456691
11
6.2128833070866136
21
-3.7338683464566929
0
LINE
8
BLACK
6
CONTINUOUS
10
6.2128833070866136
20
-3.7338683464566929
11
6.2148509448818894
21
-3.7330495669291337
0
LINE
8
BLACK
6
CONTINUOUS
10
6.2148509448818894
20
-3.7330495669291337
11
6.2117171653543304
21
-3.7321893307086613
0
LINE
8
BLACK
6
CONTINUOUS
10
6.2117171653543304
20
-3.7321893307086613
11
6.2114438582677165
21
-3.7320489370078738
0
LINE
8
BLACK
6
CONTINUOUS
10
6.2114438582677165
20
-3.7320489370078738
11
6.2111511811023616
21
-3.7315221259842519
0
LINE
8
BLACK
6
CONTINUOUS
10
6.2111511811023616
20
-3.7315221259842519
11
6.2113167716535429
21
-3.7309426377952755
0
LINE
8
BLACK
6
CONTINUOUS
10
6.2113167716535429
20
-3.7309426377952755
11
6.2118435826771652
21
-3.730649960629921
0
LINE
8
BLACK
6
CONTINUOUS
10
6.2118435826771652
20
-3.730649960629921
11
6.2173990944881892
21
-3.7321749212598423
  0
ENDSEC
  0
EOF
