  0
SECTION
  2
HEADER
  9
$ANGBASE
  50
0.0
  9
$ANGDIR
  70
1
  9
$MEASUREMENT
  70
0
  0
ENDSEC
  0
SECTION
  2
TABLES
  0
TABLE
  2
LTYPE
  70
4
  0
LTYPE
  5
40F
  2
CONTINUOUS
  70
0
  3
Solid line
  72
65
  73
0
  40
0.0
  0
LTYPE
  5
410
  2
DASHDOT
 70
0
  3
Dash Dot ____ _ ____ _
 72
65
 73
4
 40
2.0
 49
1.25
 49
-0.25
 49
0.25
 49
-0.25
  0
LTYPE
  5
411
  2
DASHED
 70
0
  3
Dashed __ __ __ __ __
 72
65
 73
2
 40
0.75
 49
0.5
 49
-0.25
  0
LTYPE
  5
43B
  2
DOTTED
 70
0
  3
Dotted .  .  .  .
 72
65
 73
2
 40
0.2
 49
0.0
 49
-0.2
  0
ENDTAB
  0
TABLE
  2
STYLE
  70
4
  0
STYLE
  2
KICAD
  70
0
  40
0
  41
1
  42
1
  50
0
  71
0
  3
isocp.shx
  0
STYLE
  2
KICADB
  70
0
  40
0
  41
1
  42
1
  50
0
  71
0
  3
isocp.shx
  0
STYLE
  2
KICADI
  70
0
  40
0
  41
1
  42
1
  50
15
  71
0
  3
isocp.shx
  0
STYLE
  2
KICADBI
  70
0
  40
0
  41
1
  42
1
  50
15
  71
0
  3
isocp.shx
  0
ENDTAB
  0
TABLE
  2
LAYER
  70
1
  0
LAYER
  2
BLACK
  70
0
  62
7
  6
CONTINUOUS
  0
ENDTAB
  0
ENDSEC
  0
SECTION
  2
ENTITIES
0
LINE
8
BLACK
6
CONTINUOUS
10
6.7101181102362206
20
-4.0109645669291334
11
6.7023625984251964
21
-4.0109645669291334
0
LINE
8
BLACK
6
CONTINUOUS
10
6.7023625984251964
20
-4.0109645669291334
11
6.7024176377952758
21
-4.028740157480315
0
LINE
8
BLACK
6
CONTINUOUS
10
6.7024176377952758
20
-4.028740157480315
11
6.7318975590551178
21
-4.028740157480315
0
LINE
8
BLACK
6
CONTINUOUS
10
6.7318975590551178
20
-4.028740157480315
11
6.7662686220472441
21
-3.9942213779527558
0
LINE
8
BLACK
6
CONTINUOUS
10
6.7662686220472441
20
-3.9942213779527558
11
6.7677599212598425
21
-3.9929975196850394
0
LINE
8
BLACK
6
CONTINUOUS
10
6.7677599212598425
20
-3.9929975196850394
11
6.7677601181102363
21
-3.9929973622047243
0
LINE
8
BLACK
6
CONTINUOUS
10
6.7677601181102363
20
-3.9929973622047243
11
6.7713081496062992
21
-3.9915277165354328
0
LINE
8
BLACK
6
CONTINUOUS
10
6.7713081496062992
20
-3.9915277165354328
11
6.7889689763779524
21
-3.9914603937007871
0
LINE
8
BLACK
6
CONTINUOUS
10
6.7889689763779524
20
-3.9914603937007871
11
6.7892099999999997
21
-3.9910997637795274
0
LINE
8
BLACK
6
CONTINUOUS
10
6.7892099999999997
20
-3.9910997637795274
11
6.7911258661417317
21
-3.9898196062992124
0
LINE
8
BLACK
6
CONTINUOUS
10
6.7911258661417317
20
-3.9898196062992124
11
6.7933858267716536
21
-3.9893700787401576
0
LINE
8
BLACK
6
CONTINUOUS
10
6.7933858267716536
20
-3.9893700787401576
11
6.848503937007874
21
-3.9893700787401576
0
LINE
8
BLACK
6
CONTINUOUS
10
6.848503937007874
20
-3.9893700787401576
11
6.8507638976377949
21
-3.9898196062992124
0
LINE
8
BLACK
6
CONTINUOUS
10
6.8507638976377949
20
-3.9898196062992124
11
6.8526797637795278
21
-3.9910997637795274
0
LINE
8
BLACK
6
CONTINUOUS
10
6.8526797637795278
20
-3.9910997637795274
11
6.8539599212598423
21
-3.9930156299212598
0
LINE
8
BLACK
6
CONTINUOUS
10
6.8539599212598423
20
-3.9930156299212598
11
6.8544094488188971
21
-3.9952755905511812
0
LINE
8
BLACK
6
CONTINUOUS
10
6.8544094488188971
20
-3.9952755905511812
11
6.8544094488188971
21
-4.007086614173228
0
LINE
8
BLACK
6
CONTINUOUS
10
6.8544094488188971
20
-4.007086614173228
11
6.8539599212598423
21
-4.0093465748031498
0
LINE
8
BLACK
6
CONTINUOUS
10
6.8539599212598423
20
-4.0093465748031498
11
6.8526797637795278
21
-4.0112624409448818
0
LINE
8
BLACK
6
CONTINUOUS
10
6.8526797637795278
20
-4.0112624409448818
11
6.8507638976377949
21
-4.0125425984251963
0
LINE
8
BLACK
6
CONTINUOUS
10
6.8507638976377949
20
-4.0125425984251963
11
6.848503937007874
21
-4.012992125984252
0
LINE
8
BLACK
6
CONTINUOUS
10
6.848503937007874
20
-4.012992125984252
11
6.7933858267716536
21
-4.012992125984252
0
LINE
8
BLACK
6
CONTINUOUS
10
6.7933858267716536
20
-4.012992125984252
11
6.7911258661417317
21
-4.0125425984251963
0
LINE
8
BLACK
6
CONTINUOUS
10
6.7911258661417317
20
-4.0125425984251963
11
6.7892099999999997
21
-4.0112624409448818
0
LINE
8
BLACK
6
CONTINUOUS
10
6.7892099999999997
20
-4.0112624409448818
11
6.7890102362204727
21
-4.0109634645669292
0
LINE
8
BLACK
6
CONTINUOUS
10
6.7890102362204727
20
-4.0109634645669292
11
6.7770710236220468
21
-4.0110089763779531
0
LINE
8
BLACK
6
CONTINUOUS
10
6.7770710236220468
20
-4.0110089763779531
11
6.7377952755905515
21
-4.0504535433070865
0
LINE
8
BLACK
6
CONTINUOUS
10
6.7377952755905515
20
-4.0504535433070865
11
6.7377952755905515
21
-4.0956692913385826
0
LINE
8
BLACK
6
CONTINUOUS
10
6.7377952755905515
20
-4.0956692913385826
11
6.6866141732283459
21
-4.0956692913385826
0
LINE
8
BLACK
6
CONTINUOUS
10
6.6866141732283459
20
-4.0956692913385826
11
6.6866141732283459
21
-4.0719525590551182
0
LINE
8
BLACK
6
CONTINUOUS
10
6.6866141732283459
20
-4.0719525590551182
11
6.6712513385826773
21
-4.0720053543307086
0
LINE
8
BLACK
6
CONTINUOUS
10
6.6712513385826773
20
-4.0720053543307086
11
6.6683115748031492
21
-4.0749451574803146
0
LINE
8
BLACK
6
CONTINUOUS
10
6.6683115748031492
20
-4.0749451574803146
11
6.6639215354330705
21
-4.0771820078740157
0
LINE
8
BLACK
6
CONTINUOUS
10
6.6639215354330705
20
-4.0771820078740157
11
6.6590551181102358
21
-4.0779527559055113
0
LINE
8
BLACK
6
CONTINUOUS
10
6.6590551181102358
20
-4.0779527559055113
11
6.654188700787401
21
-4.0771820078740157
0
LINE
8
BLACK
6
CONTINUOUS
10
6.654188700787401
20
-4.0771820078740157
11
6.6497986614173223
21
-4.0749451574803146
0
LINE
8
BLACK
6
CONTINUOUS
10
6.6497986614173223
20
-4.0749451574803146
11
6.6463146850393695
21
-4.0714611811023618
0
LINE
8
BLACK
6
CONTINUOUS
10
6.6463146850393695
20
-4.0714611811023618
11
6.6440778346456693
21
-4.0670711417322831
0
LINE
8
BLACK
6
CONTINUOUS
10
6.6440778346456693
20
-4.0670711417322831
11
6.6433070866141728
21
-4.0622047244094484
0
LINE
8
BLACK
6
CONTINUOUS
10
6.6433070866141728
20
-4.0622047244094484
11
6.6440778346456693
21
-4.0573383070866145
0
LINE
8
BLACK
6
CONTINUOUS
10
6.6440778346456693
20
-4.0573383070866145
11
6.6463146850393695
21
-4.0529482677165349
0
LINE
8
BLACK
6
CONTINUOUS
10
6.6463146850393695
20
-4.0529482677165349
11
6.6497986614173223
21
-4.049464291338583
0
LINE
8
BLACK
6
CONTINUOUS
10
6.6497986614173223
20
-4.049464291338583
11
6.654188700787401
21
-4.0472274409448818
0
LINE
8
BLACK
6
CONTINUOUS
10
6.654188700787401
20
-4.0472274409448818
11
6.6590551181102358
21
-4.0464566929133854
0
LINE
8
BLACK
6
CONTINUOUS
10
6.6590551181102358
20
-4.0464566929133854
11
6.6639215354330705
21
-4.0472274409448818
0
LINE
8
BLACK
6
CONTINUOUS
10
6.6639215354330705
20
-4.0472274409448818
11
6.6683115748031492
21
-4.049464291338583
0
LINE
8
BLACK
6
CONTINUOUS
10
6.6683115748031492
20
-4.049464291338583
11
6.6713497637795278
21
-4.0525024803149607
0
LINE
8
BLACK
6
CONTINUOUS
10
6.6713497637795278
20
-4.0525024803149607
11
6.6866141732283459
21
-4.0524500787401569
0
LINE
8
BLACK
6
CONTINUOUS
10
6.6866141732283459
20
-4.0524500787401569
11
6.6866141732283459
21
-4.0505214566929135
0
LINE
8
BLACK
6
CONTINUOUS
10
6.6866141732283459
20
-4.0505214566929135
11
6.6856583858267715
21
-4.0495778346456692
0
LINE
8
BLACK
6
CONTINUOUS
10
6.6856583858267715
20
-4.0495778346456692
11
6.6844345275590547
21
-4.0480864960629921
0
LINE
8
BLACK
6
CONTINUOUS
10
6.6844345275590547
20
-4.0480864960629921
11
6.6844343700787396
21
-4.0480863385826771
0
LINE
8
BLACK
6
CONTINUOUS
10
6.6844343700787396
20
-4.0480863385826771
11
6.682964724409449
21
-4.0445383070866141
0
LINE
8
BLACK
6
CONTINUOUS
10
6.682964724409449
20
-4.0445383070866141
11
6.6828607480314961
21
-4.0109645669291334
0
LINE
8
BLACK
6
CONTINUOUS
10
6.6828607480314961
20
-4.0109645669291334
11
6.6751181102362205
21
-4.0109645669291334
0
LINE
8
BLACK
6
CONTINUOUS
10
6.6751181102362205
20
-4.0109645669291334
11
6.6751181102362205
21
-3.9559645669291337
0
LINE
8
BLACK
6
CONTINUOUS
10
6.6751181102362205
20
-3.9559645669291337
11
6.7101181102362206
21
-3.9559645669291337
0
LINE
8
BLACK
6
CONTINUOUS
10
6.7101181102362206
20
-3.9559645669291337
11
6.7101181102362206
21
-4.0109645669291334
0
LINE
8
BLACK
6
CONTINUOUS
10
6.5194157874015746
20
-3.8621875984251965
11
6.5238058267716532
21
-3.8644244488188977
0
LINE
8
BLACK
6
CONTINUOUS
10
6.5238058267716532
20
-3.8644244488188977
11
6.5272898031496061
21
-3.8679084251968505
0
LINE
8
BLACK
6
CONTINUOUS
10
6.5272898031496061
20
-3.8679084251968505
11
6.5295266535433072
21
-3.8722984645669292
0
LINE
8
BLACK
6
CONTINUOUS
10
6.5295266535433072
20
-3.8722984645669292
11
6.5302974015748028
21
-3.8771648818897635
0
LINE
8
BLACK
6
CONTINUOUS
10
6.5302974015748028
20
-3.8771648818897635
11
6.5295266535433072
21
-3.8820312992125983
0
LINE
8
BLACK
6
CONTINUOUS
10
6.5295266535433072
20
-3.8820312992125983
11
6.5272898031496061
21
-3.8864213385826769
0
LINE
8
BLACK
6
CONTINUOUS
10
6.5272898031496061
20
-3.8864213385826769
11
6.5238058267716532
21
-3.8899053149606297
0
LINE
8
BLACK
6
CONTINUOUS
10
6.5238058267716532
20
-3.8899053149606297
11
6.5194157874015746
21
-3.8921421653543304
0
LINE
8
BLACK
6
CONTINUOUS
10
6.5194157874015746
20
-3.8921421653543304
11
6.518462913385827
21
-3.8922930708661418
0
LINE
8
BLACK
6
CONTINUOUS
10
6.518462913385827
20
-3.8922930708661418
11
6.5184863779527555
21
-3.8994359448818896
0
LINE
8
BLACK
6
CONTINUOUS
10
6.5184863779527555
20
-3.8994359448818896
11
6.5184848818897638
21
-3.8994508267716537
0
LINE
8
BLACK
6
CONTINUOUS
10
6.5184848818897638
20
-3.8994508267716537
11
6.5184863779527555
21
-3.8994663779527556
0
LINE
8
BLACK
6
CONTINUOUS
10
6.5184863779527555
20
-3.8994663779527556
11
6.5184107480314957
21
-3.9002344488188974
0
LINE
8
BLACK
6
CONTINUOUS
10
6.5184107480314957
20
-3.9002344488188974
11
6.5182724803149608
21
-3.9005682283464567
0
LINE
8
BLACK
6
CONTINUOUS
10
6.5182724803149608
20
-3.9005682283464567
11
6.5178228740157476
21
-3.9016537007874015
0
LINE
8
BLACK
6
CONTINUOUS
10
6.5178228740157476
20
-3.9016537007874015
11
6.5007760236220475
21
-3.9188075196850392
0
LINE
8
BLACK
6
CONTINUOUS
10
6.5007760236220475
20
-3.9188075196850392
11
6.500179409448819
21
-3.9192971259842517
0
LINE
8
BLACK
6
CONTINUOUS
10
6.500179409448819
20
-3.9192971259842517
11
6.4987601968503936
21
-3.9198849999999998
0
LINE
8
BLACK
6
CONTINUOUS
10
6.4987601968503936
20
-3.9198849999999998
11
6.49011811023622
21
-3.9199025590551182
0
LINE
8
BLACK
6
CONTINUOUS
10
6.49011811023622
20
-3.9199025590551182
11
6.49011811023622
21
-3.9248818897637796
0
LINE
8
BLACK
6
CONTINUOUS
10
6.49011811023622
20
-3.9248818897637796
11
6.4673837007874013
21
-3.9248818897637796
0
LINE
8
BLACK
6
CONTINUOUS
10
6.4673837007874013
20
-3.9248818897637796
11
6.4674507480314958
21
-3.964763779527559
0
LINE
8
BLACK
6
CONTINUOUS
10
6.4674507480314958
20
-3.964763779527559
11
6.4713090551181098
21
-3.964763779527559
0
LINE
8
BLACK
6
CONTINUOUS
10
6.4713090551181098
20
-3.964763779527559
11
6.4746048031496057
21
-3.9654193307086611
0
LINE
8
BLACK
6
CONTINUOUS
10
6.4746048031496057
20
-3.9654193307086611
11
6.4773988188976377
21
-3.9672862204724408
0
LINE
8
BLACK
6
CONTINUOUS
10
6.4773988188976377
20
-3.9672862204724408
11
6.4792657086614174
21
-3.9700802362204723
0
LINE
8
BLACK
6
CONTINUOUS
10
6.4792657086614174
20
-3.9700802362204723
11
6.4799212598425191
21
-3.9733759842519683
0
LINE
8
BLACK
6
CONTINUOUS
10
6.4799212598425191
20
-3.9733759842519683
11
6.4799212598425191
21
-3.9935531496062993
0
LINE
8
BLACK
6
CONTINUOUS
10
6.4799212598425191
20
-3.9935531496062993
11
6.4792657086614174
21
-3.9968488976377952
0
LINE
8
BLACK
6
CONTINUOUS
10
6.4792657086614174
20
-3.9968488976377952
11
6.4773988188976377
21
-3.9996429133858267
0
LINE
8
BLACK
6
CONTINUOUS
10
6.4773988188976377
20
-3.9996429133858267
11
6.4746048031496057
21
-4.0015098031496059
0
LINE
8
BLACK
6
CONTINUOUS
10
6.4746048031496057
20
-4.0015098031496059
11
6.4713090551181098
21
-4.0021653543307085
0
LINE
8
BLACK
6
CONTINUOUS
10
6.4713090551181098
20
-4.0021653543307085
11
6.4540846456692913
21
-4.0021653543307085
0
LINE
8
BLACK
6
CONTINUOUS
10
6.4540846456692913
20
-4.0021653543307085
11
6.4507888976377954
21
-4.0015098031496059
0
LINE
8
BLACK
6
CONTINUOUS
10
6.4507888976377954
20
-4.0015098031496059
11
6.4479948818897634
21
-3.9996429133858267
0
LINE
8
BLACK
6
CONTINUOUS
10
6.4479948818897634
20
-3.9996429133858267
11
6.4461279921259838
21
-3.9968488976377952
0
LINE
8
BLACK
6
CONTINUOUS
10
6.4461279921259838
20
-3.9968488976377952
11
6.445472440944882
21
-3.9935531496062993
0
LINE
8
BLACK
6
CONTINUOUS
10
6.445472440944882
20
-3.9935531496062993
11
6.445472440944882
21
-3.9893074409448817
0
LINE
8
BLACK
6
CONTINUOUS
10
6.445472440944882
20
-3.9893074409448817
11
6.4343388976377955
21
-3.9893382283464565
0
LINE
8
BLACK
6
CONTINUOUS
10
6.4343388976377955
20
-3.9893382283464565
11
6.4338749212598421
21
-3.992267992125984
0
LINE
8
BLACK
6
CONTINUOUS
10
6.4338749212598421
20
-3.992267992125984
11
6.4316380708661418
21
-3.9966580314960627
0
LINE
8
BLACK
6
CONTINUOUS
10
6.4316380708661418
20
-3.9966580314960627
11
6.428154094488189
21
-4.0001420078740155
0
LINE
8
BLACK
6
CONTINUOUS
10
6.428154094488189
20
-4.0001420078740155
11
6.4237640551181103
21
-4.0023788582677167
0
LINE
8
BLACK
6
CONTINUOUS
10
6.4237640551181103
20
-4.0023788582677167
11
6.4188976377952756
21
-4.0031496062992122
0
LINE
8
BLACK
6
CONTINUOUS
10
6.4188976377952756
20
-4.0031496062992122
11
6.4140312204724408
21
-4.0023788582677167
0
LINE
8
BLACK
6
CONTINUOUS
10
6.4140312204724408
20
-4.0023788582677167
11
6.4096411811023621
21
-4.0001420078740155
0
LINE
8
BLACK
6
CONTINUOUS
10
6.4096411811023621
20
-4.0001420078740155
11
6.4061572047244093
21
-3.9966580314960627
0
LINE
8
BLACK
6
CONTINUOUS
10
6.4061572047244093
20
-3.9966580314960627
11
6.4039203543307082
21
-3.992267992125984
0
LINE
8
BLACK
6
CONTINUOUS
10
6.4039203543307082
20
-3.992267992125984
11
6.4031496062992126
21
-3.9874015748031497
0
LINE
8
BLACK
6
CONTINUOUS
10
6.4031496062992126
20
-3.9874015748031497
11
6.4039203543307082
21
-3.9825351574803149
0
LINE
8
BLACK
6
CONTINUOUS
10
6.4039203543307082
20
-3.9825351574803149
11
6.4061572047244093
21
-3.9781451181102363
0
LINE
8
BLACK
6
CONTINUOUS
10
6.4061572047244093
20
-3.9781451181102363
11
6.4096411811023621
21
-3.9746611417322835
0
LINE
8
BLACK
6
CONTINUOUS
10
6.4096411811023621
20
-3.9746611417322835
11
6.4140312204724408
21
-3.9724242913385828
0
LINE
8
BLACK
6
CONTINUOUS
10
6.4140312204724408
20
-3.9724242913385828
11
6.4188976377952756
21
-3.9716535433070863
0
LINE
8
BLACK
6
CONTINUOUS
10
6.4188976377952756
20
-3.9716535433070863
11
6.4237640551181103
21
-3.9724242913385828
0
LINE
8
BLACK
6
CONTINUOUS
10
6.4237640551181103
20
-3.9724242913385828
11
6.428154094488189
21
-3.9746611417322835
0
LINE
8
BLACK
6
CONTINUOUS
10
6.428154094488189
20
-3.9746611417322835
11
6.4311392913385825
21
-3.977646338582677
0
LINE
8
BLACK
6
CONTINUOUS
10
6.4311392913385825
20
-3.977646338582677
11
6.445472440944882
21
-3.9776066929133855
0
LINE
8
BLACK
6
CONTINUOUS
10
6.445472440944882
20
-3.9776066929133855
11
6.445472440944882
21
-3.9733759842519683
0
LINE
8
BLACK
6
CONTINUOUS
10
6.445472440944882
20
-3.9733759842519683
11
6.4461279921259838
21
-3.9700802362204723
0
LINE
8
BLACK
6
CONTINUOUS
10
6.4461279921259838
20
-3.9700802362204723
11
6.4479948818897634
21
-3.9672862204724408
0
LINE
8
BLACK
6
CONTINUOUS
10
6.4479948818897634
20
-3.9672862204724408
11
6.4507888976377954
21
-3.9654193307086611
0
LINE
8
BLACK
6
CONTINUOUS
10
6.4507888976377954
20
-3.9654193307086611
11
6.4540846456692913
21
-3.964763779527559
0
LINE
8
BLACK
6
CONTINUOUS
10
6.4540846456692913
20
-3.964763779527559
11
6.4557512598425193
21
-3.964763779527559
0
LINE
8
BLACK
6
CONTINUOUS
10
6.4557512598425193
20
-3.964763779527559
11
6.4556841732283461
21
-3.9248818897637796
0
LINE
8
BLACK
6
CONTINUOUS
10
6.4556841732283461
20
-3.9248818897637796
11
6.4330314960629922
21
-3.9248818897637796
0
LINE
8
BLACK
6
CONTINUOUS
10
6.4330314960629922
20
-3.9248818897637796
11
6.4330314960629922
21
-3.9071653543307088
0
LINE
8
BLACK
6
CONTINUOUS
10
6.4330314960629922
20
-3.9071653543307088
11
6.49011811023622
21
-3.9071653543307088
0
LINE
8
BLACK
6
CONTINUOUS
10
6.49011811023622
20
-3.9071653543307088
11
6.49011811023622
21
-3.9121025984251969
0
LINE
8
BLACK
6
CONTINUOUS
10
6.49011811023622
20
-3.9121025984251969
11
6.4964542913385825
21
-3.9120897244094488
0
LINE
8
BLACK
6
CONTINUOUS
10
6.4964542913385825
20
-3.9120897244094488
11
6.5106799999999998
21
-3.8977747244094489
0
LINE
8
BLACK
6
CONTINUOUS
10
6.5106799999999998
20
-3.8977747244094489
11
6.5106620078740152
21
-3.8922972047244095
0
LINE
8
BLACK
6
CONTINUOUS
10
6.5106620078740152
20
-3.8922972047244095
11
6.509682952755905
21
-3.8921421653543304
0
LINE
8
BLACK
6
CONTINUOUS
10
6.509682952755905
20
-3.8921421653543304
11
6.5052929133858264
21
-3.8899053149606297
0
LINE
8
BLACK
6
CONTINUOUS
10
6.5052929133858264
20
-3.8899053149606297
11
6.5018089370078735
21
-3.8864213385826769
0
LINE
8
BLACK
6
CONTINUOUS
10
6.5018089370078735
20
-3.8864213385826769
11
6.4995720866141733
21
-3.8820312992125983
0
LINE
8
BLACK
6
CONTINUOUS
10
6.4995720866141733
20
-3.8820312992125983
11
6.4988013385826768
21
-3.8771648818897635
0
LINE
8
BLACK
6
CONTINUOUS
10
6.4988013385826768
20
-3.8771648818897635
11
6.4995720866141733
21
-3.8722984645669292
0
LINE
8
BLACK
6
CONTINUOUS
10
6.4995720866141733
20
-3.8722984645669292
11
6.5018089370078735
21
-3.8679084251968505
0
LINE
8
BLACK
6
CONTINUOUS
10
6.5018089370078735
20
-3.8679084251968505
11
6.5052929133858264
21
-3.8644244488188977
0
LINE
8
BLACK
6
CONTINUOUS
10
6.5052929133858264
20
-3.8644244488188977
11
6.509682952755905
21
-3.8621875984251965
0
LINE
8
BLACK
6
CONTINUOUS
10
6.509682952755905
20
-3.8621875984251965
11
6.5145493700787398
21
-3.8614168503937005
0
LINE
8
BLACK
6
CONTINUOUS
10
6.5145493700787398
20
-3.8614168503937005
11
6.5194157874015746
21
-3.8621875984251965
0
LINE
8
BLACK
6
CONTINUOUS
10
6.7544727165354326
20
-3.9369912204724407
11
6.7588627559055112
21
-3.9392280708661418
0
LINE
8
BLACK
6
CONTINUOUS
10
6.7588627559055112
20
-3.9392280708661418
11
6.7623467322834641
21
-3.9427120472440942
0
LINE
8
BLACK
6
CONTINUOUS
10
6.7623467322834641
20
-3.9427120472440942
11
6.7645835826771652
21
-3.9471020866141733
0
LINE
8
BLACK
6
CONTINUOUS
10
6.7645835826771652
20
-3.9471020866141733
11
6.7645865354330708
21
-3.9471209448818896
0
LINE
8
BLACK
6
CONTINUOUS
10
6.7645865354330708
20
-3.9471209448818896
11
6.7874803149606295
21
-3.9470909842519686
0
LINE
8
BLACK
6
CONTINUOUS
10
6.7874803149606295
20
-3.9470909842519686
11
6.7874803149606295
21
-3.946062992125984
0
LINE
8
BLACK
6
CONTINUOUS
10
6.7874803149606295
20
-3.946062992125984
11
6.7879298425196852
21
-3.943803031496063
0
LINE
8
BLACK
6
CONTINUOUS
10
6.7879298425196852
20
-3.943803031496063
11
6.7892099999999997
21
-3.9418871653543306
0
LINE
8
BLACK
6
CONTINUOUS
10
6.7892099999999997
20
-3.9418871653543306
11
6.7911258661417317
21
-3.9406070078740156
0
LINE
8
BLACK
6
CONTINUOUS
10
6.7911258661417317
20
-3.9406070078740156
11
6.7933858267716536
21
-3.9401574803149604
0
LINE
8
BLACK
6
CONTINUOUS
10
6.7933858267716536
20
-3.9401574803149604
11
6.848503937007874
21
-3.9401574803149604
0
LINE
8
BLACK
6
CONTINUOUS
10
6.848503937007874
20
-3.9401574803149604
11
6.8507638976377949
21
-3.9406070078740156
0
LINE
8
BLACK
6
CONTINUOUS
10
6.8507638976377949
20
-3.9406070078740156
11
6.8526797637795278
21
-3.9418871653543306
0
LINE
8
BLACK
6
CONTINUOUS
10
6.8526797637795278
20
-3.9418871653543306
11
6.8539599212598423
21
-3.943803031496063
0
LINE
8
BLACK
6
CONTINUOUS
10
6.8539599212598423
20
-3.943803031496063
11
6.8544094488188971
21
-3.946062992125984
0
LINE
8
BLACK
6
CONTINUOUS
10
6.8544094488188971
20
-3.946062992125984
11
6.8544094488188971
21
-3.9578740157480312
0
LINE
8
BLACK
6
CONTINUOUS
10
6.8544094488188971
20
-3.9578740157480312
11
6.8539599212598423
21
-3.9601339763779526
0
LINE
8
BLACK
6
CONTINUOUS
10
6.8539599212598423
20
-3.9601339763779526
11
6.8526797637795278
21
-3.9620498425196851
0
LINE
8
BLACK
6
CONTINUOUS
10
6.8526797637795278
20
-3.9620498425196851
11
6.8507638976377949
21
-3.96333
0
LINE
8
BLACK
6
CONTINUOUS
10
6.8507638976377949
20
-3.96333
11
6.848503937007874
21
-3.9637795275590548
0
LINE
8
BLACK
6
CONTINUOUS
10
6.848503937007874
20
-3.9637795275590548
11
6.7933858267716536
21
-3.9637795275590548
0
LINE
8
BLACK
6
CONTINUOUS
10
6.7933858267716536
20
-3.9637795275590548
11
6.7911258661417317
21
-3.96333
0
LINE
8
BLACK
6
CONTINUOUS
10
6.7911258661417317
20
-3.96333
11
6.7892099999999997
21
-3.9620498425196851
0
LINE
8
BLACK
6
CONTINUOUS
10
6.7892099999999997
20
-3.9620498425196851
11
6.7879298425196852
21
-3.9601339763779526
0
LINE
8
BLACK
6
CONTINUOUS
10
6.7879298425196852
20
-3.9601339763779526
11
6.7874803149606295
21
-3.9578740157480312
0
LINE
8
BLACK
6
CONTINUOUS
10
6.7874803149606295
20
-3.9578740157480312
11
6.7874803149606295
21
-3.9568401968503935
0
LINE
8
BLACK
6
CONTINUOUS
10
6.7874803149606295
20
-3.9568401968503935
11
6.7645655905511806
21
-3.9568701968503937
0
LINE
8
BLACK
6
CONTINUOUS
10
6.7645655905511806
20
-3.9568701968503937
11
6.7623467322834641
21
-3.961224960629921
0
LINE
8
BLACK
6
CONTINUOUS
10
6.7623467322834641
20
-3.961224960629921
11
6.7588627559055112
21
-3.9647089370078739
0
LINE
8
BLACK
6
CONTINUOUS
10
6.7588627559055112
20
-3.9647089370078739
11
6.7544727165354326
21
-3.9669457874015746
0
LINE
8
BLACK
6
CONTINUOUS
10
6.7544727165354326
20
-3.9669457874015746
11
6.7496062992125987
21
-3.9677165354330706
0
LINE
8
BLACK
6
CONTINUOUS
10
6.7496062992125987
20
-3.9677165354330706
11
6.7447398818897639
21
-3.9669457874015746
0
LINE
8
BLACK
6
CONTINUOUS
10
6.7447398818897639
20
-3.9669457874015746
11
6.7403498425196853
21
-3.9647089370078739
0
LINE
8
BLACK
6
CONTINUOUS
10
6.7403498425196853
20
-3.9647089370078739
11
6.7368658661417324
21
-3.961224960629921
0
LINE
8
BLACK
6
CONTINUOUS
10
6.7368658661417324
20
-3.961224960629921
11
6.7346290157480313
21
-3.9568349212598424
0
LINE
8
BLACK
6
CONTINUOUS
10
6.7346290157480313
20
-3.9568349212598424
11
6.7338582677165348
21
-3.9519685039370076
0
LINE
8
BLACK
6
CONTINUOUS
10
6.7338582677165348
20
-3.9519685039370076
11
6.7346290157480313
21
-3.9471020866141733
0
LINE
8
BLACK
6
CONTINUOUS
10
6.7346290157480313
20
-3.9471020866141733
11
6.7368658661417324
21
-3.9427120472440942
0
LINE
8
BLACK
6
CONTINUOUS
10
6.7368658661417324
20
-3.9427120472440942
11
6.7403498425196853
21
-3.9392280708661418
0
LINE
8
BLACK
6
CONTINUOUS
10
6.7403498425196853
20
-3.9392280708661418
11
6.7447398818897639
21
-3.9369912204724407
0
LINE
8
BLACK
6
CONTINUOUS
10
6.7447398818897639
20
-3.9369912204724407
11
6.7496062992125987
21
-3.9362204724409446
0
LINE
8
BLACK
6
CONTINUOUS
10
6.7496062992125987
20
-3.9362204724409446
11
6.7544727165354326
21
-3.9369912204724407
0
LINE
8
BLACK
6
CONTINUOUS
10
6.0233252755905511
20
-3.9152224803149607
11
6.0261192913385822
21
-3.9170893700787399
0
LINE
8
BLACK
6
CONTINUOUS
10
6.0261192913385822
20
-3.9170893700787399
11
6.0279861811023618
21
-3.9198833858267714
0
LINE
8
BLACK
6
CONTINUOUS
10
6.0279861811023618
20
-3.9198833858267714
11
6.0286417322834644
21
-3.9231791338582678
0
LINE
8
BLACK
6
CONTINUOUS
10
6.0286417322834644
20
-3.9231791338582678
11
6.0286417322834644
21
-3.9264726377952757
0
LINE
8
BLACK
6
CONTINUOUS
10
6.0286417322834644
20
-3.9264726377952757
11
6.0326562204724405
21
-3.9264492125984249
0
LINE
8
BLACK
6
CONTINUOUS
10
6.0326562204724405
20
-3.9264492125984249
11
6.0356254330708659
21
-3.9234800393700788
0
LINE
8
BLACK
6
CONTINUOUS
10
6.0356254330708659
20
-3.9234800393700788
11
6.0400154724409445
21
-3.9212431889763777
0
LINE
8
BLACK
6
CONTINUOUS
10
6.0400154724409445
20
-3.9212431889763777
11
6.0448818897637793
21
-3.9204724409448817
0
LINE
8
BLACK
6
CONTINUOUS
10
6.0448818897637793
20
-3.9204724409448817
11
6.049748307086614
21
-3.9212431889763777
0
LINE
8
BLACK
6
CONTINUOUS
10
6.049748307086614
20
-3.9212431889763777
11
6.0541383464566927
21
-3.9234800393700788
0
LINE
8
BLACK
6
CONTINUOUS
10
6.0541383464566927
20
-3.9234800393700788
11
6.0571450787401577
21
-3.9264867716535434
0
LINE
8
BLACK
6
CONTINUOUS
10
6.0571450787401577
20
-3.9264867716535434
11
6.0621062992125987
21
-3.9264587007874017
0
LINE
8
BLACK
6
CONTINUOUS
10
6.0621062992125987
20
-3.9264587007874017
11
6.0621062992125987
21
-3.9231791338582678
0
LINE
8
BLACK
6
CONTINUOUS
10
6.0621062992125987
20
-3.9231791338582678
11
6.0627618503937004
21
-3.9198833858267714
0
LINE
8
BLACK
6
CONTINUOUS
10
6.0627618503937004
20
-3.9198833858267714
11
6.0646287401574801
21
-3.9170893700787399
0
LINE
8
BLACK
6
CONTINUOUS
10
6.0646287401574801
20
-3.9170893700787399
11
6.0674227559055121
21
-3.9152224803149607
0
LINE
8
BLACK
6
CONTINUOUS
10
6.0674227559055121
20
-3.9152224803149607
11
6.070718503937008
21
-3.9145669291338581
0
LINE
8
BLACK
6
CONTINUOUS
10
6.070718503937008
20
-3.9145669291338581
11
6.0908956692913385
21
-3.9145669291338581
0
LINE
8
BLACK
6
CONTINUOUS
10
6.0908956692913385
20
-3.9145669291338581
11
6.0941914173228344
21
-3.9152224803149607
0
LINE
8
BLACK
6
CONTINUOUS
10
6.0941914173228344
20
-3.9152224803149607
11
6.0969854330708664
21
-3.9170893700787399
0
LINE
8
BLACK
6
CONTINUOUS
10
6.0969854330708664
20
-3.9170893700787399
11
6.0988523228346452
21
-3.9198833858267714
0
LINE
8
BLACK
6
CONTINUOUS
10
6.0988523228346452
20
-3.9198833858267714
11
6.0995078740157478
21
-3.9231791338582678
0
LINE
8
BLACK
6
CONTINUOUS
10
6.0995078740157478
20
-3.9231791338582678
11
6.0995078740157478
21
-3.9404035433070863
0
LINE
8
BLACK
6
CONTINUOUS
10
6.0995078740157478
20
-3.9404035433070863
11
6.0988523228346452
21
-3.9436992913385827
0
LINE
8
BLACK
6
CONTINUOUS
10
6.0988523228346452
20
-3.9436992913385827
11
6.0969854330708664
21
-3.9464933070866142
0
LINE
8
BLACK
6
CONTINUOUS
10
6.0969854330708664
20
-3.9464933070866142
11
6.0941914173228344
21
-3.9483601968503934
0
LINE
8
BLACK
6
CONTINUOUS
10
6.0941914173228344
20
-3.9483601968503934
11
6.0908956692913385
21
-3.949015748031496
0
LINE
8
BLACK
6
CONTINUOUS
10
6.0908956692913385
20
-3.949015748031496
11
6.070718503937008
21
-3.949015748031496
0
LINE
8
BLACK
6
CONTINUOUS
10
6.070718503937008
20
-3.949015748031496
11
6.0674227559055121
21
-3.9483601968503934
0
LINE
8
BLACK
6
CONTINUOUS
10
6.0674227559055121
20
-3.9483601968503934
11
6.0646287401574801
21
-3.9464933070866142
0
LINE
8
BLACK
6
CONTINUOUS
10
6.0646287401574801
20
-3.9464933070866142
11
6.0642678740157479
21
-3.9459532677165354
0
LINE
8
BLACK
6
CONTINUOUS
10
6.0642678740157479
20
-3.9459532677165354
11
6.0571054330708662
21
-3.945993779527559
0
LINE
8
BLACK
6
CONTINUOUS
10
6.0571054330708662
20
-3.945993779527559
11
6.0541383464566927
21
-3.9489609055118109
0
LINE
8
BLACK
6
CONTINUOUS
10
6.0541383464566927
20
-3.9489609055118109
11
6.049748307086614
21
-3.9511977559055116
0
LINE
8
BLACK
6
CONTINUOUS
10
6.049748307086614
20
-3.9511977559055116
11
6.0448818897637793
21
-3.9519685039370076
0
LINE
8
BLACK
6
CONTINUOUS
10
6.0448818897637793
20
-3.9519685039370076
11
6.0400154724409445
21
-3.9511977559055116
0
LINE
8
BLACK
6
CONTINUOUS
10
6.0400154724409445
20
-3.9511977559055116
11
6.0356254330708659
21
-3.9489609055118109
0
LINE
8
BLACK
6
CONTINUOUS
10
6.0356254330708659
20
-3.9489609055118109
11
6.032621062992126
21
-3.9459565354330706
0
LINE
8
BLACK
6
CONTINUOUS
10
6.032621062992126
20
-3.9459565354330706
11
6.0264538976377953
21
-3.9459925196850394
0
LINE
8
BLACK
6
CONTINUOUS
10
6.0264538976377953
20
-3.9459925196850394
11
6.0261192913385822
21
-3.9464933070866142
0
LINE
8
BLACK
6
CONTINUOUS
10
6.0261192913385822
20
-3.9464933070866142
11
6.0233252755905511
21
-3.9483601968503934
0
LINE
8
BLACK
6
CONTINUOUS
10
6.0233252755905511
20
-3.9483601968503934
11
6.0200295275590552
21
-3.949015748031496
0
LINE
8
BLACK
6
CONTINUOUS
10
6.0200295275590552
20
-3.949015748031496
11
5.9998523622047246
21
-3.949015748031496
0
LINE
8
BLACK
6
CONTINUOUS
10
5.9998523622047246
20
-3.949015748031496
11
5.9965566141732278
21
-3.9483601968503934
0
LINE
8
BLACK
6
CONTINUOUS
10
5.9965566141732278
20
-3.9483601968503934
11
5.9937625984251968
21
-3.9464933070866142
0
LINE
8
BLACK
6
CONTINUOUS
10
5.9937625984251968
20
-3.9464933070866142
11
5.9918957086614171
21
-3.9436992913385827
0
LINE
8
BLACK
6
CONTINUOUS
10
5.9918957086614171
20
-3.9436992913385827
11
5.9912401574803145
21
-3.9404035433070863
0
LINE
8
BLACK
6
CONTINUOUS
10
5.9912401574803145
20
-3.9404035433070863
11
5.9912401574803145
21
-3.9231791338582678
0
LINE
8
BLACK
6
CONTINUOUS
10
5.9912401574803145
20
-3.9231791338582678
11
5.9918957086614171
21
-3.9198833858267714
0
LINE
8
BLACK
6
CONTINUOUS
10
5.9918957086614171
20
-3.9198833858267714
11
5.9937625984251968
21
-3.9170893700787399
0
LINE
8
BLACK
6
CONTINUOUS
10
5.9937625984251968
20
-3.9170893700787399
11
5.9965566141732278
21
-3.9152224803149607
0
LINE
8
BLACK
6
CONTINUOUS
10
5.9965566141732278
20
-3.9152224803149607
11
5.9998523622047246
21
-3.9145669291338581
0
LINE
8
BLACK
6
CONTINUOUS
10
5.9998523622047246
20
-3.9145669291338581
11
6.0200295275590552
21
-3.9145669291338581
0
LINE
8
BLACK
6
CONTINUOUS
10
6.0200295275590552
20
-3.9145669291338581
11
6.0233252755905511
21
-3.9152224803149607
0
LINE
8
BLACK
6
CONTINUOUS
10
6.49011811023622
20
-3.8097403937007872
11
6.4979921259842515
21
-3.809724409448819
0
LINE
8
BLACK
6
CONTINUOUS
10
6.4979921259842515
20
-3.809724409448819
11
6.4987601968503936
21
-3.8098000393700788
0
LINE
8
BLACK
6
CONTINUOUS
10
6.4987601968503936
20
-3.8098000393700788
11
6.500179409448819
21
-3.8103879133858265
0
LINE
8
BLACK
6
CONTINUOUS
10
6.500179409448819
20
-3.8103879133858265
11
6.5448923622047239
21
-3.8549938582677163
0
LINE
8
BLACK
6
CONTINUOUS
10
6.5448923622047239
20
-3.8549938582677163
11
6.5453819685039365
21
-3.8555904724409449
0
LINE
8
BLACK
6
CONTINUOUS
10
6.5453819685039365
20
-3.8555904724409449
11
6.5459698425196846
21
-3.8570096850393698
0
LINE
8
BLACK
6
CONTINUOUS
10
6.5459698425196846
20
-3.8570096850393698
11
6.5460454724409445
21
-3.911434842519685
0
LINE
8
BLACK
6
CONTINUOUS
10
6.5460454724409445
20
-3.911434842519685
11
6.5459698425196846
21
-3.9122029133858267
0
LINE
8
BLACK
6
CONTINUOUS
10
6.5459698425196846
20
-3.9122029133858267
11
6.5453819685039365
21
-3.9136221259842521
0
LINE
8
BLACK
6
CONTINUOUS
10
6.5453819685039365
20
-3.9136221259842521
11
6.5397917322834642
21
-3.9193193700787399
0
LINE
8
BLACK
6
CONTINUOUS
10
6.5397917322834642
20
-3.9193193700787399
11
6.5392335826771655
21
-3.9197773622047243
0
LINE
8
BLACK
6
CONTINUOUS
10
6.5392335826771655
20
-3.9197773622047243
11
6.5346799606299211
21
-3.9243609842519684
0
LINE
8
BLACK
6
CONTINUOUS
10
6.5346799606299211
20
-3.9243609842519684
11
6.5362371259842522
21
-3.9274170472440946
0
LINE
8
BLACK
6
CONTINUOUS
10
6.5362371259842522
20
-3.9274170472440946
11
6.5370078740157478
21
-3.9322834645669289
0
LINE
8
BLACK
6
CONTINUOUS
10
6.5370078740157478
20
-3.9322834645669289
11
6.5362371259842522
21
-3.9371498818897637
0
LINE
8
BLACK
6
CONTINUOUS
10
6.5362371259842522
20
-3.9371498818897637
11
6.5340002755905511
21
-3.9415399212598423
0
LINE
8
BLACK
6
CONTINUOUS
10
6.5340002755905511
20
-3.9415399212598423
11
6.5305162992125982
21
-3.9450238976377952
0
LINE
8
BLACK
6
CONTINUOUS
10
6.5305162992125982
20
-3.9450238976377952
11
6.5261262598425196
21
-3.9472607480314958
0
LINE
8
BLACK
6
CONTINUOUS
10
6.5261262598425196
20
-3.9472607480314958
11
6.5212598425196848
21
-3.9480314960629919
0
LINE
8
BLACK
6
CONTINUOUS
10
6.5212598425196848
20
-3.9480314960629919
11
6.5163934251968501
21
-3.9472607480314958
0
LINE
8
BLACK
6
CONTINUOUS
10
6.5163934251968501
20
-3.9472607480314958
11
6.5120033858267714
21
-3.9450238976377952
0
LINE
8
BLACK
6
CONTINUOUS
10
6.5120033858267714
20
-3.9450238976377952
11
6.5085194094488186
21
-3.9415399212598423
0
LINE
8
BLACK
6
CONTINUOUS
10
6.5085194094488186
20
-3.9415399212598423
11
6.5062825590551183
21
-3.9371498818897637
0
LINE
8
BLACK
6
CONTINUOUS
10
6.5062825590551183
20
-3.9371498818897637
11
6.5055118110236219
21
-3.9322834645669289
0
LINE
8
BLACK
6
CONTINUOUS
10
6.5055118110236219
20
-3.9322834645669289
11
6.5062825590551183
21
-3.9274170472440946
0
LINE
8
BLACK
6
CONTINUOUS
10
6.5062825590551183
20
-3.9274170472440946
11
6.5085194094488186
21
-3.9230270078740155
0
LINE
8
BLACK
6
CONTINUOUS
10
6.5085194094488186
20
-3.9230270078740155
11
6.5120033858267714
21
-3.9195430314960631
0
LINE
8
BLACK
6
CONTINUOUS
10
6.5120033858267714
20
-3.9195430314960631
11
6.5163934251968501
21
-3.917306181102362
0
LINE
8
BLACK
6
CONTINUOUS
10
6.5163934251968501
20
-3.917306181102362
11
6.5212598425196848
21
-3.9165354330708659
0
LINE
8
BLACK
6
CONTINUOUS
10
6.5212598425196848
20
-3.9165354330708659
11
6.5261262598425196
21
-3.917306181102362
0
LINE
8
BLACK
6
CONTINUOUS
10
6.5261262598425196
20
-3.917306181102362
11
6.5291579527559049
21
-3.9188509055118108
0
LINE
8
BLACK
6
CONTINUOUS
10
6.5291579527559049
20
-3.9188509055118108
11
6.5342239370078739
21
-3.9137515748031495
0
LINE
8
BLACK
6
CONTINUOUS
10
6.5342239370078739
20
-3.9137515748031495
11
6.5347157874015744
21
-3.9133479133858269
0
LINE
8
BLACK
6
CONTINUOUS
10
6.5347157874015744
20
-3.9133479133858269
11
6.5382436614173223
21
-3.9097525196850391
0
LINE
8
BLACK
6
CONTINUOUS
10
6.5382436614173223
20
-3.9097525196850391
11
6.5381735826771656
21
-3.8593078346456693
0
LINE
8
BLACK
6
CONTINUOUS
10
6.5381735826771656
20
-3.8593078346456693
11
6.4962933070866145
21
-3.8175277952755904
0
LINE
8
BLACK
6
CONTINUOUS
10
6.4962933070866145
20
-3.8175277952755904
11
6.49011811023622
21
-3.8175403543307085
0
LINE
8
BLACK
6
CONTINUOUS
10
6.49011811023622
20
-3.8175403543307085
11
6.49011811023622
21
-3.8225196850393699
0
LINE
8
BLACK
6
CONTINUOUS
10
6.49011811023622
20
-3.8225196850393699
11
6.4330314960629922
21
-3.8225196850393699
0
LINE
8
BLACK
6
CONTINUOUS
10
6.4330314960629922
20
-3.8225196850393699
11
6.4330314960629922
21
-3.8048031496062991
0
LINE
8
BLACK
6
CONTINUOUS
10
6.4330314960629922
20
-3.8048031496062991
11
6.49011811023622
21
-3.8048031496062991
0
LINE
8
BLACK
6
CONTINUOUS
10
6.49011811023622
20
-3.8048031496062991
11
6.49011811023622
21
-3.8097403937007872
0
LINE
8
BLACK
6
CONTINUOUS
10
6.1543359842519685
20
-3.7925120472440943
11
6.1549746062992128
21
-3.7929387795275589
0
LINE
8
BLACK
6
CONTINUOUS
10
6.1549746062992128
20
-3.7929387795275589
11
6.1554013385826769
21
-3.7935774015748032
0
LINE
8
BLACK
6
CONTINUOUS
10
6.1554013385826769
20
-3.7935774015748032
11
6.1555511811023624
21
-3.7943307086614171
0
LINE
8
BLACK
6
CONTINUOUS
10
6.1555511811023624
20
-3.7943307086614171
11
6.1555511811023624
21
-3.7982677165354328
0
LINE
8
BLACK
6
CONTINUOUS
10
6.1555511811023624
20
-3.7982677165354328
11
6.1554013385826769
21
-3.7990210236220472
0
LINE
8
BLACK
6
CONTINUOUS
10
6.1554013385826769
20
-3.7990210236220472
11
6.1549746062992128
21
-3.799659645669291
0
LINE
8
BLACK
6
CONTINUOUS
10
6.1549746062992128
20
-3.799659645669291
11
6.1543359842519685
21
-3.8000863779527556
0
LINE
8
BLACK
6
CONTINUOUS
10
6.1543359842519685
20
-3.8000863779527556
11
6.1535826771653541
21
-3.8002362204724407
0
LINE
8
BLACK
6
CONTINUOUS
10
6.1535826771653541
20
-3.8002362204724407
11
6.1358661417322837
21
-3.8002362204724407
0
LINE
8
BLACK
6
CONTINUOUS
10
6.1358661417322837
20
-3.8002362204724407
11
6.135546850393701
21
-3.8001726771653543
0
LINE
8
BLACK
6
CONTINUOUS
10
6.135546850393701
20
-3.8001726771653543
11
6.0849533858267719
21
-3.8002343307086615
0
LINE
8
BLACK
6
CONTINUOUS
10
6.0849533858267719
20
-3.8002343307086615
11
6.0277493700787401
21
-3.8575211023622047
0
LINE
8
BLACK
6
CONTINUOUS
10
6.0277493700787401
20
-3.8575211023622047
11
6.0279861811023618
21
-3.8578755118110237
0
LINE
8
BLACK
6
CONTINUOUS
10
6.0279861811023618
20
-3.8578755118110237
11
6.0286417322834644
21
-3.8611712598425196
0
LINE
8
BLACK
6
CONTINUOUS
10
6.0286417322834644
20
-3.8611712598425196
11
6.0286417322834644
21
-3.8783956692913386
0
LINE
8
BLACK
6
CONTINUOUS
10
6.0286417322834644
20
-3.8783956692913386
11
6.0279861811023618
21
-3.8816914173228345
0
LINE
8
BLACK
6
CONTINUOUS
10
6.0279861811023618
20
-3.8816914173228345
11
6.0277508661417318
21
-3.8820435433070863
0
LINE
8
BLACK
6
CONTINUOUS
10
6.0277508661417318
20
-3.8820435433070863
11
6.0308985433070861
21
-3.8851732677165352
0
LINE
8
BLACK
6
CONTINUOUS
10
6.0308985433070861
20
-3.8851732677165352
11
6.0313546456692908
21
-3.8857290551181101
0
LINE
8
BLACK
6
CONTINUOUS
10
6.0313546456692908
20
-3.8857290551181101
11
6.0446089763779529
21
-3.8988912598425194
0
LINE
8
BLACK
6
CONTINUOUS
10
6.0446089763779529
20
-3.8988912598425194
11
6.1049816929133858
21
-3.8988218110236219
0
LINE
8
BLACK
6
CONTINUOUS
10
6.1049816929133858
20
-3.8988218110236219
11
6.1051399212598421
21
-3.8986636220472439
0
LINE
8
BLACK
6
CONTINUOUS
10
6.1051399212598421
20
-3.8986636220472439
11
6.1069139370078735
21
-3.8979288188976375
0
LINE
8
BLACK
6
CONTINUOUS
10
6.1069139370078735
20
-3.8979288188976375
11
6.1281351968503932
21
-3.8978342519685039
0
LINE
8
BLACK
6
CONTINUOUS
10
6.1281351968503932
20
-3.8978342519685039
11
6.1290952755905508
21
-3.8979288188976375
0
LINE
8
BLACK
6
CONTINUOUS
10
6.1290952755905508
20
-3.8979288188976375
11
6.1290953149606295
21
-3.8979288188976375
0
LINE
8
BLACK
6
CONTINUOUS
10
6.1290953149606295
20
-3.8979288188976375
11
6.1293958267716535
21
-3.8980533070866139
0
LINE
8
BLACK
6
CONTINUOUS
10
6.1293958267716535
20
-3.8980533070866139
11
6.1308692913385823
21
-3.8986636220472439
0
LINE
8
BLACK
6
CONTINUOUS
10
6.1308692913385823
20
-3.8986636220472439
11
6.1308781889763777
21
-3.8986725196850394
0
LINE
8
BLACK
6
CONTINUOUS
10
6.1308781889763777
20
-3.8986725196850394
11
6.15978874015748
21
-3.9274553149606297
0
LINE
8
BLACK
6
CONTINUOUS
10
6.15978874015748
20
-3.9274553149606297
11
6.3573813779527555
21
-3.9273630708661416
0
LINE
8
BLACK
6
CONTINUOUS
10
6.3573813779527555
20
-3.9273630708661416
11
6.4232523622047246
21
-3.8613626771653542
0
LINE
8
BLACK
6
CONTINUOUS
10
6.4232523622047246
20
-3.8613626771653542
11
6.4239981102362202
21
-3.8607506299212599
0
LINE
8
BLACK
6
CONTINUOUS
10
6.4239981102362202
20
-3.8607506299212599
11
6.425772086614173
21
-3.8600158267716536
0
LINE
8
BLACK
6
CONTINUOUS
10
6.425772086614173
20
-3.8600158267716536
11
6.4257721259842517
21
-3.8600158267716536
0
LINE
8
BLACK
6
CONTINUOUS
10
6.4257721259842517
20
-3.8600158267716536
11
6.4330314960629922
21
-3.8599966141732285
0
LINE
8
BLACK
6
CONTINUOUS
10
6.4330314960629922
20
-3.8599966141732285
11
6.4330314960629922
21
-3.8559842519685037
0
LINE
8
BLACK
6
CONTINUOUS
10
6.4330314960629922
20
-3.8559842519685037
11
6.49011811023622
21
-3.8559842519685037
0
LINE
8
BLACK
6
CONTINUOUS
10
6.49011811023622
20
-3.8559842519685037
11
6.49011811023622
21
-3.8737007874015745
0
LINE
8
BLACK
6
CONTINUOUS
10
6.49011811023622
20
-3.8737007874015745
11
6.4330314960629922
21
-3.8737007874015745
0
LINE
8
BLACK
6
CONTINUOUS
10
6.4330314960629922
20
-3.8737007874015745
11
6.4330314960629922
21
-3.8697471259842517
0
LINE
8
BLACK
6
CONTINUOUS
10
6.4330314960629922
20
-3.8697471259842517
11
6.4286462598425196
21
-3.8697587007874015
0
LINE
8
BLACK
6
CONTINUOUS
10
6.4286462598425196
20
-3.8697587007874015
11
6.3627711023622044
21
-3.935763307086614
0
LINE
8
BLACK
6
CONTINUOUS
10
6.3627711023622044
20
-3.935763307086614
11
6.3620255511811026
21
-3.9363751181102362
0
LINE
8
BLACK
6
CONTINUOUS
10
6.3620255511811026
20
-3.9363751181102362
11
6.3620253543307088
21
-3.9363753543307087
0
LINE
8
BLACK
6
CONTINUOUS
10
6.3620253543307088
20
-3.9363753543307087
11
6.3607709448818897
21
-3.9368949212598423
0
LINE
8
BLACK
6
CONTINUOUS
10
6.3607709448818897
20
-3.9368949212598423
11
6.3602513779527561
21
-3.9371101574803147
0
LINE
8
BLACK
6
CONTINUOUS
10
6.3602513779527561
20
-3.9371101574803147
11
6.3602513385826773
21
-3.9371101574803147
0
LINE
8
BLACK
6
CONTINUOUS
10
6.3602513385826773
20
-3.9371101574803147
11
6.1576631496062992
21
-3.9372047244094488
0
LINE
8
BLACK
6
CONTINUOUS
10
6.1576631496062992
20
-3.9372047244094488
11
6.1567030708661417
21
-3.9371101574803147
0
LINE
8
BLACK
6
CONTINUOUS
10
6.1567030708661417
20
-3.9371101574803147
11
6.1567030314960629
21
-3.9371101574803147
0
LINE
8
BLACK
6
CONTINUOUS
10
6.1567030314960629
20
-3.9371101574803147
11
6.155968228346457
21
-3.936805748031496
0
LINE
8
BLACK
6
CONTINUOUS
10
6.155968228346457
20
-3.936805748031496
11
6.1549290551181102
21
-3.9363753543307087
0
LINE
8
BLACK
6
CONTINUOUS
10
6.1549290551181102
20
-3.9363753543307087
11
6.1549290157480314
21
-3.93637531496063
0
LINE
8
BLACK
6
CONTINUOUS
10
6.1549290157480314
20
-3.93637531496063
11
6.1260219291338585
21
-3.9075958661417323
0
LINE
8
BLACK
6
CONTINUOUS
10
6.1260219291338585
20
-3.9075958661417323
11
6.1078740157480311
21
-3.9076767716535432
0
LINE
8
BLACK
6
CONTINUOUS
10
6.1078740157480311
20
-3.9076767716535432
11
6.1069139370078735
21
-3.9075822047244095
0
LINE
8
BLACK
6
CONTINUOUS
10
6.1069139370078735
20
-3.9075822047244095
11
6.1051399212598421
21
-3.9068474015748031
0
LINE
8
BLACK
6
CONTINUOUS
10
6.1051399212598421
20
-3.9068474015748031
11
6.1049136614173225
21
-3.9066211417322836
0
LINE
8
BLACK
6
CONTINUOUS
10
6.1049136614173225
20
-3.9066211417322836
11
6.0429129921259843
21
-3.9066925196850395
0
LINE
8
BLACK
6
CONTINUOUS
10
6.0429129921259843
20
-3.9066925196850395
11
6.0421449212598421
21
-3.9066168897637796
0
LINE
8
BLACK
6
CONTINUOUS
10
6.0421449212598421
20
-3.9066168897637796
11
6.0407257086614168
21
-3.9060290157480315
0
LINE
8
BLACK
6
CONTINUOUS
10
6.0407257086614168
20
-3.9060290157480315
11
6.0253307480314957
21
-3.890741062992126
0
LINE
8
BLACK
6
CONTINUOUS
10
6.0253307480314957
20
-3.890741062992126
11
6.0248687401574799
21
-3.8901780708661415
0
LINE
8
BLACK
6
CONTINUOUS
10
6.0248687401574799
20
-3.8901780708661415
11
6.0214051574803147
21
-3.8867342125984252
0
LINE
8
BLACK
6
CONTINUOUS
10
6.0214051574803147
20
-3.8867342125984252
11
6.0200295275590552
21
-3.8870078740157479
0
LINE
8
BLACK
6
CONTINUOUS
10
6.0200295275590552
20
-3.8870078740157479
11
5.9998523622047246
21
-3.8870078740157479
0
LINE
8
BLACK
6
CONTINUOUS
10
5.9998523622047246
20
-3.8870078740157479
11
5.9965566141732278
21
-3.8863523228346457
0
LINE
8
BLACK
6
CONTINUOUS
10
5.9965566141732278
20
-3.8863523228346457
11
5.9937625984251968
21
-3.884485433070866
0
LINE
8
BLACK
6
CONTINUOUS
10
5.9937625984251968
20
-3.884485433070866
11
5.9918957086614171
21
-3.8816914173228345
0
LINE
8
BLACK
6
CONTINUOUS
10
5.9918957086614171
20
-3.8816914173228345
11
5.9912401574803145
21
-3.8783956692913386
0
LINE
8
BLACK
6
CONTINUOUS
10
5.9912401574803145
20
-3.8783956692913386
11
5.9912401574803145
21
-3.8611712598425196
0
LINE
8
BLACK
6
CONTINUOUS
10
5.9912401574803145
20
-3.8611712598425196
11
5.9918957086614171
21
-3.8578755118110237
0
LINE
8
BLACK
6
CONTINUOUS
10
5.9918957086614171
20
-3.8578755118110237
11
5.9937625984251968
21
-3.8550814960629922
0
LINE
8
BLACK
6
CONTINUOUS
10
5.9937625984251968
20
-3.8550814960629922
11
5.9965566141732278
21
-3.8532146062992125
0
LINE
8
BLACK
6
CONTINUOUS
10
5.9965566141732278
20
-3.8532146062992125
11
5.9998523622047246
21
-3.8525590551181104
0
LINE
8
BLACK
6
CONTINUOUS
10
5.9998523622047246
20
-3.8525590551181104
11
6.0200295275590552
21
-3.8525590551181104
0
LINE
8
BLACK
6
CONTINUOUS
10
6.0200295275590552
20
-3.8525590551181104
11
6.0214088582677165
21
-3.8528333858267714
0
LINE
8
BLACK
6
CONTINUOUS
10
6.0214088582677165
20
-3.8528333858267714
11
6.0806413385826774
21
-3.7935153149606298
0
LINE
8
BLACK
6
CONTINUOUS
10
6.0806413385826774
20
-3.7935153149606298
11
6.0812379133858263
21
-3.7930256692913384
0
LINE
8
BLACK
6
CONTINUOUS
10
6.0812379133858263
20
-3.7930256692913384
11
6.0826571259842517
21
-3.7924378346456691
0
LINE
8
BLACK
6
CONTINUOUS
10
6.0826571259842517
20
-3.7924378346456691
11
6.1358115354330707
21
-3.7923730314960631
0
LINE
8
BLACK
6
CONTINUOUS
10
6.1358115354330707
20
-3.7923730314960631
11
6.1358661417322837
21
-3.7923622047244092
0
LINE
8
BLACK
6
CONTINUOUS
10
6.1358661417322837
20
-3.7923622047244092
11
6.1535826771653541
21
-3.7923622047244092
0
LINE
8
BLACK
6
CONTINUOUS
10
6.1535826771653541
20
-3.7923622047244092
11
6.1543359842519685
21
-3.7925120472440943
0
LINE
8
BLACK
6
CONTINUOUS
10
6.1543359842519685
20
-3.8082600787401573
11
6.1549746062992128
21
-3.8086868110236218
0
LINE
8
BLACK
6
CONTINUOUS
10
6.1549746062992128
20
-3.8086868110236218
11
6.1554013385826769
21
-3.8093254330708661
0
LINE
8
BLACK
6
CONTINUOUS
10
6.1554013385826769
20
-3.8093254330708661
11
6.1555511811023624
21
-3.81007874015748
0
LINE
8
BLACK
6
CONTINUOUS
10
6.1555511811023624
20
-3.81007874015748
11
6.1555511811023624
21
-3.8140157480314958
0
LINE
8
BLACK
6
CONTINUOUS
10
6.1555511811023624
20
-3.8140157480314958
11
6.1554013385826769
21
-3.8147690551181102
0
LINE
8
BLACK
6
CONTINUOUS
10
6.1554013385826769
20
-3.8147690551181102
11
6.1549746062992128
21
-3.8154076771653544
0
LINE
8
BLACK
6
CONTINUOUS
10
6.1549746062992128
20
-3.8154076771653544
11
6.1543359842519685
21
-3.815834409448819
0
LINE
8
BLACK
6
CONTINUOUS
10
6.1543359842519685
20
-3.815834409448819
11
6.1535826771653541
21
-3.8159842519685037
0
LINE
8
BLACK
6
CONTINUOUS
10
6.1535826771653541
20
-3.8159842519685037
11
6.1358661417322837
21
-3.8159842519685037
0
LINE
8
BLACK
6
CONTINUOUS
10
6.1358661417322837
20
-3.8159842519685037
11
6.1355651574803147
21
-3.81592437007874
0
LINE
8
BLACK
6
CONTINUOUS
10
6.1355651574803147
20
-3.81592437007874
11
6.0994108267716536
21
-3.8159818110236219
0
LINE
8
BLACK
6
CONTINUOUS
10
6.0994108267716536
20
-3.8159818110236219
11
6.0846729527559056
21
-3.8308094881889763
0
LINE
8
BLACK
6
CONTINUOUS
10
6.0846729527559056
20
-3.8308094881889763
11
6.0847126377952758
21
-3.8525590551181104
0
LINE
8
BLACK
6
CONTINUOUS
10
6.0847126377952758
20
-3.8525590551181104
11
6.0908956692913385
21
-3.8525590551181104
0
LINE
8
BLACK
6
CONTINUOUS
10
6.0908956692913385
20
-3.8525590551181104
11
6.0941914173228344
21
-3.8532146062992125
0
LINE
8
BLACK
6
CONTINUOUS
10
6.0941914173228344
20
-3.8532146062992125
11
6.0969854330708664
21
-3.8550814960629922
0
LINE
8
BLACK
6
CONTINUOUS
10
6.0969854330708664
20
-3.8550814960629922
11
6.0988523228346452
21
-3.8578755118110237
0
LINE
8
BLACK
6
CONTINUOUS
10
6.0988523228346452
20
-3.8578755118110237
11
6.0995078740157478
21
-3.8611712598425196
0
LINE
8
BLACK
6
CONTINUOUS
10
6.0995078740157478
20
-3.8611712598425196
11
6.0995078740157478
21
-3.8649107086614172
0
LINE
8
BLACK
6
CONTINUOUS
10
6.0995078740157478
20
-3.8649107086614172
11
6.1202186614173231
21
-3.8648622047244094
0
LINE
8
BLACK
6
CONTINUOUS
10
6.1202186614173231
20
-3.8648622047244094
11
6.1211787401574798
21
-3.8649567716535431
0
LINE
8
BLACK
6
CONTINUOUS
10
6.1211787401574798
20
-3.8649567716535431
11
6.1211787795275585
21
-3.8649567716535431
0
LINE
8
BLACK
6
CONTINUOUS
10
6.1211787795275585
20
-3.8649567716535431
11
6.1214494488188977
21
-3.8650688976377952
0
LINE
8
BLACK
6
CONTINUOUS
10
6.1214494488188977
20
-3.8650688976377952
11
6.1229527559055112
21
-3.8656915748031495
0
LINE
8
BLACK
6
CONTINUOUS
10
6.1229527559055112
20
-3.8656915748031495
11
6.1229658661417323
21
-3.8657046850393701
0
LINE
8
BLACK
6
CONTINUOUS
10
6.1229658661417323
20
-3.8657046850393701
11
6.1661452755905515
21
-3.9087544488188977
0
LINE
8
BLACK
6
CONTINUOUS
10
6.1661452755905515
20
-3.9087544488188977
11
6.3509420472440947
21
-3.9086624015748033
0
LINE
8
BLACK
6
CONTINUOUS
10
6.3509420472440947
20
-3.9086624015748033
11
6.3937793307086617
21
-3.8657005511811025
0
LINE
8
BLACK
6
CONTINUOUS
10
6.3937793307086617
20
-3.8657005511811025
11
6.3941360629921258
21
-3.8648393307086613
0
LINE
8
BLACK
6
CONTINUOUS
10
6.3941360629921258
20
-3.8648393307086613
11
6.3941446062992124
21
-3.8648307480314958
0
LINE
8
BLACK
6
CONTINUOUS
10
6.3941446062992124
20
-3.8648307480314958
11
6.4230695669291338
21
-3.8357720866141731
0
LINE
8
BLACK
6
CONTINUOUS
10
6.4230695669291338
20
-3.8357720866141731
11
6.4238153149606294
21
-3.8351600787401572
0
LINE
8
BLACK
6
CONTINUOUS
10
6.4238153149606294
20
-3.8351600787401572
11
6.4255892913385821
21
-3.8344252755905512
0
LINE
8
BLACK
6
CONTINUOUS
10
6.4255892913385821
20
-3.8344252755905512
11
6.4255893307086609
21
-3.8344252755905512
0
LINE
8
BLACK
6
CONTINUOUS
10
6.4255893307086609
20
-3.8344252755905512
11
6.4330314960629922
21
-3.8344057086614174
0
LINE
8
BLACK
6
CONTINUOUS
10
6.4330314960629922
20
-3.8344057086614174
11
6.4330314960629922
21
-3.8303937007874014
0
LINE
8
BLACK
6
CONTINUOUS
10
6.4330314960629922
20
-3.8303937007874014
11
6.49011811023622
21
-3.8303937007874014
0
LINE
8
BLACK
6
CONTINUOUS
10
6.49011811023622
20
-3.8303937007874014
11
6.49011811023622
21
-3.8481102362204722
0
LINE
8
BLACK
6
CONTINUOUS
10
6.49011811023622
20
-3.8481102362204722
11
6.4330314960629922
21
-3.8481102362204722
0
LINE
8
BLACK
6
CONTINUOUS
10
6.4330314960629922
20
-3.8481102362204722
11
6.4330314960629922
21
-3.8441561811023619
0
LINE
8
BLACK
6
CONTINUOUS
10
6.4330314960629922
20
-3.8441561811023619
11
6.4284692125984249
21
-3.8441681496062992
0
LINE
8
BLACK
6
CONTINUOUS
10
6.4284692125984249
20
-3.8441681496062992
11
6.4026777165354325
21
-3.8700788188976376
0
LINE
8
BLACK
6
CONTINUOUS
10
6.4026777165354325
20
-3.8700788188976376
11
6.4023198425196846
21
-3.8709429133858269
0
LINE
8
BLACK
6
CONTINUOUS
10
6.4023198425196846
20
-3.8709429133858269
11
6.4023062598425193
21
-3.8709564566929133
0
LINE
8
BLACK
6
CONTINUOUS
10
6.4023062598425193
20
-3.8709564566929133
11
6.3563338976377954
21
-3.9170625590551182
0
LINE
8
BLACK
6
CONTINUOUS
10
6.3563338976377954
20
-3.9170625590551182
11
6.3555883464566927
21
-3.91767437007874
0
LINE
8
BLACK
6
CONTINUOUS
10
6.3555883464566927
20
-3.91767437007874
11
6.3555881496062989
21
-3.9176746062992125
0
LINE
8
BLACK
6
CONTINUOUS
10
6.3555881496062989
20
-3.9176746062992125
11
6.3543337401574798
21
-3.9181941732283465
0
LINE
8
BLACK
6
CONTINUOUS
10
6.3543337401574798
20
-3.9181941732283465
11
6.3538141732283462
21
-3.9184094094488189
0
LINE
8
BLACK
6
CONTINUOUS
10
6.3538141732283462
20
-3.9184094094488189
11
6.3538141338582674
21
-3.9184094094488189
0
LINE
8
BLACK
6
CONTINUOUS
10
6.3538141338582674
20
-3.9184094094488189
11
6.1640179133858268
21
-3.9185039763779526
0
LINE
8
BLACK
6
CONTINUOUS
10
6.1640179133858268
20
-3.9185039763779526
11
6.1630578346456693
21
-3.9184094094488189
0
LINE
8
BLACK
6
CONTINUOUS
10
6.1630578346456693
20
-3.9184094094488189
11
6.1630577952755905
21
-3.9184094094488189
0
LINE
8
BLACK
6
CONTINUOUS
10
6.1630577952755905
20
-3.9184094094488189
11
6.1625381889763782
21
-3.9181941732283465
0
LINE
8
BLACK
6
CONTINUOUS
10
6.1625381889763782
20
-3.9181941732283465
11
6.1612838188976378
21
-3.9176746062992125
0
LINE
8
BLACK
6
CONTINUOUS
10
6.1612838188976378
20
-3.9176746062992125
11
6.1612706692913388
21
-3.9176614566929131
0
LINE
8
BLACK
6
CONTINUOUS
10
6.1612706692913388
20
-3.9176614566929131
11
6.1180969291338583
21
-3.8746173622047242
0
LINE
8
BLACK
6
CONTINUOUS
10
6.1180969291338583
20
-3.8746173622047242
11
6.0995078740157478
21
-3.8746609055118109
0
LINE
8
BLACK
6
CONTINUOUS
10
6.0995078740157478
20
-3.8746609055118109
11
6.0995078740157478
21
-3.8783956692913386
0
LINE
8
BLACK
6
CONTINUOUS
10
6.0995078740157478
20
-3.8783956692913386
11
6.0988523228346452
21
-3.8816914173228345
0
LINE
8
BLACK
6
CONTINUOUS
10
6.0988523228346452
20
-3.8816914173228345
11
6.0969854330708664
21
-3.884485433070866
0
LINE
8
BLACK
6
CONTINUOUS
10
6.0969854330708664
20
-3.884485433070866
11
6.0941914173228344
21
-3.8863523228346457
0
LINE
8
BLACK
6
CONTINUOUS
10
6.0941914173228344
20
-3.8863523228346457
11
6.0908956692913385
21
-3.8870078740157479
0
LINE
8
BLACK
6
CONTINUOUS
10
6.0908956692913385
20
-3.8870078740157479
11
6.070718503937008
21
-3.8870078740157479
0
LINE
8
BLACK
6
CONTINUOUS
10
6.070718503937008
20
-3.8870078740157479
11
6.0674227559055121
21
-3.8863523228346457
0
LINE
8
BLACK
6
CONTINUOUS
10
6.0674227559055121
20
-3.8863523228346457
11
6.0646287401574801
21
-3.884485433070866
0
LINE
8
BLACK
6
CONTINUOUS
10
6.0646287401574801
20
-3.884485433070866
11
6.0627618503937004
21
-3.8816914173228345
0
LINE
8
BLACK
6
CONTINUOUS
10
6.0627618503937004
20
-3.8816914173228345
11
6.0621062992125987
21
-3.8783956692913386
0
LINE
8
BLACK
6
CONTINUOUS
10
6.0621062992125987
20
-3.8783956692913386
11
6.0621062992125987
21
-3.8611712598425196
0
LINE
8
BLACK
6
CONTINUOUS
10
6.0621062992125987
20
-3.8611712598425196
11
6.0627618503937004
21
-3.8578755118110237
0
LINE
8
BLACK
6
CONTINUOUS
10
6.0627618503937004
20
-3.8578755118110237
11
6.0646287401574801
21
-3.8550814960629922
0
LINE
8
BLACK
6
CONTINUOUS
10
6.0646287401574801
20
-3.8550814960629922
11
6.0674227559055121
21
-3.8532146062992125
0
LINE
8
BLACK
6
CONTINUOUS
10
6.0674227559055121
20
-3.8532146062992125
11
6.070718503937008
21
-3.8525590551181104
0
LINE
8
BLACK
6
CONTINUOUS
10
6.070718503937008
20
-3.8525590551181104
11
6.0769128740157479
21
-3.8525590551181104
0
LINE
8
BLACK
6
CONTINUOUS
10
6.0769128740157479
20
-3.8525590551181104
11
6.0768700787401571
21
-3.8291141732283465
0
LINE
8
BLACK
6
CONTINUOUS
10
6.0768700787401571
20
-3.8291141732283465
11
6.0769457086614169
21
-3.8283461023622047
0
LINE
8
BLACK
6
CONTINUOUS
10
6.0769457086614169
20
-3.8283461023622047
11
6.077533582677165
21
-3.8269268897637794
0
LINE
8
BLACK
6
CONTINUOUS
10
6.077533582677165
20
-3.8269268897637794
11
6.0950901574803149
21
-3.8092633464566927
0
LINE
8
BLACK
6
CONTINUOUS
10
6.0950901574803149
20
-3.8092633464566927
11
6.0956867322834647
21
-3.8087737007874014
0
LINE
8
BLACK
6
CONTINUOUS
10
6.0956867322834647
20
-3.8087737007874014
11
6.0971059448818901
21
-3.808185866141732
0
LINE
8
BLACK
6
CONTINUOUS
10
6.0971059448818901
20
-3.808185866141732
11
6.1357948031496061
21
-3.8081244094488187
0
LINE
8
BLACK
6
CONTINUOUS
10
6.1357948031496061
20
-3.8081244094488187
11
6.1358661417322837
21
-3.8081102362204722
0
LINE
8
BLACK
6
CONTINUOUS
10
6.1358661417322837
20
-3.8081102362204722
11
6.1535826771653541
21
-3.8081102362204722
0
LINE
8
BLACK
6
CONTINUOUS
10
6.1535826771653541
20
-3.8081102362204722
11
6.1543359842519685
21
-3.8082600787401573
0
LINE
8
BLACK
6
CONTINUOUS
10
6.7544727165354326
20
-3.885810118110236
11
6.7588627559055112
21
-3.8880469685039367
0
LINE
8
BLACK
6
CONTINUOUS
10
6.7588627559055112
20
-3.8880469685039367
11
6.7623467322834641
21
-3.8915309448818896
0
LINE
8
BLACK
6
CONTINUOUS
10
6.7623467322834641
20
-3.8915309448818896
11
6.7645835826771652
21
-3.8959209842519682
0
LINE
8
BLACK
6
CONTINUOUS
10
6.7645835826771652
20
-3.8959209842519682
11
6.7645864566929133
21
-3.8959392519685037
0
LINE
8
BLACK
6
CONTINUOUS
10
6.7645864566929133
20
-3.8959392519685037
11
6.7876677165354327
21
-3.8959082283464568
0
LINE
8
BLACK
6
CONTINUOUS
10
6.7876677165354327
20
-3.8959082283464568
11
6.7879298425196852
21
-3.8945904330708658
0
LINE
8
BLACK
6
CONTINUOUS
10
6.7879298425196852
20
-3.8945904330708658
11
6.7892099999999997
21
-3.8926745669291338
0
LINE
8
BLACK
6
CONTINUOUS
10
6.7892099999999997
20
-3.8926745669291338
11
6.7911258661417317
21
-3.8913944094488189
0
LINE
8
BLACK
6
CONTINUOUS
10
6.7911258661417317
20
-3.8913944094488189
11
6.7933858267716536
21
-3.8909448818897636
0
LINE
8
BLACK
6
CONTINUOUS
10
6.7933858267716536
20
-3.8909448818897636
11
6.848503937007874
21
-3.8909448818897636
0
LINE
8
BLACK
6
CONTINUOUS
10
6.848503937007874
20
-3.8909448818897636
11
6.8507638976377949
21
-3.8913944094488189
0
LINE
8
BLACK
6
CONTINUOUS
10
6.8507638976377949
20
-3.8913944094488189
11
6.8526797637795278
21
-3.8926745669291338
0
LINE
8
BLACK
6
CONTINUOUS
10
6.8526797637795278
20
-3.8926745669291338
11
6.8539599212598423
21
-3.8945904330708658
0
LINE
8
BLACK
6
CONTINUOUS
10
6.8539599212598423
20
-3.8945904330708658
11
6.8544094488188971
21
-3.8968503937007872
0
LINE
8
BLACK
6
CONTINUOUS
10
6.8544094488188971
20
-3.8968503937007872
11
6.8544094488188971
21
-3.9086614173228345
0
LINE
8
BLACK
6
CONTINUOUS
10
6.8544094488188971
20
-3.9086614173228345
11
6.8539599212598423
21
-3.9109213779527559
0
LINE
8
BLACK
6
CONTINUOUS
10
6.8539599212598423
20
-3.9109213779527559
11
6.8526797637795278
21
-3.9128372440944883
0
LINE
8
BLACK
6
CONTINUOUS
10
6.8526797637795278
20
-3.9128372440944883
11
6.8507638976377949
21
-3.9141174015748033
0
LINE
8
BLACK
6
CONTINUOUS
10
6.8507638976377949
20
-3.9141174015748033
11
6.848503937007874
21
-3.9145669291338581
0
LINE
8
BLACK
6
CONTINUOUS
10
6.848503937007874
20
-3.9145669291338581
11
6.7933858267716536
21
-3.9145669291338581
0
LINE
8
BLACK
6
CONTINUOUS
10
6.7933858267716536
20
-3.9145669291338581
11
6.7911258661417317
21
-3.9141174015748033
0
LINE
8
BLACK
6
CONTINUOUS
10
6.7911258661417317
20
-3.9141174015748033
11
6.7892099999999997
21
-3.9128372440944883
0
LINE
8
BLACK
6
CONTINUOUS
10
6.7892099999999997
20
-3.9128372440944883
11
6.7879298425196852
21
-3.9109213779527559
0
LINE
8
BLACK
6
CONTINUOUS
10
6.7879298425196852
20
-3.9109213779527559
11
6.7874803149606295
21
-3.9086614173228345
0
LINE
8
BLACK
6
CONTINUOUS
10
6.7874803149606295
20
-3.9086614173228345
11
6.7874803149606295
21
-3.9056577165354329
0
LINE
8
BLACK
6
CONTINUOUS
10
6.7874803149606295
20
-3.9056577165354329
11
6.7645658661417318
21
-3.9056885433070865
0
LINE
8
BLACK
6
CONTINUOUS
10
6.7645658661417318
20
-3.9056885433070865
11
6.7623467322834641
21
-3.9100438582677164
0
LINE
8
BLACK
6
CONTINUOUS
10
6.7623467322834641
20
-3.9100438582677164
11
6.7588627559055112
21
-3.9135278346456692
0
LINE
8
BLACK
6
CONTINUOUS
10
6.7588627559055112
20
-3.9135278346456692
11
6.7544727165354326
21
-3.9157646850393699
0
LINE
8
BLACK
6
CONTINUOUS
10
6.7544727165354326
20
-3.9157646850393699
11
6.7496062992125987
21
-3.9165354330708659
0
LINE
8
BLACK
6
CONTINUOUS
10
6.7496062992125987
20
-3.9165354330708659
11
6.7447398818897639
21
-3.9157646850393699
0
LINE
8
BLACK
6
CONTINUOUS
10
6.7447398818897639
20
-3.9157646850393699
11
6.7403498425196853
21
-3.9135278346456692
0
LINE
8
BLACK
6
CONTINUOUS
10
6.7403498425196853
20
-3.9135278346456692
11
6.7368658661417324
21
-3.9100438582677164
0
LINE
8
BLACK
6
CONTINUOUS
10
6.7368658661417324
20
-3.9100438582677164
11
6.7346290157480313
21
-3.9056538188976377
0
LINE
8
BLACK
6
CONTINUOUS
10
6.7346290157480313
20
-3.9056538188976377
11
6.7338582677165348
21
-3.900787401574803
0
LINE
8
BLACK
6
CONTINUOUS
10
6.7338582677165348
20
-3.900787401574803
11
6.7346290157480313
21
-3.8959209842519682
0
LINE
8
BLACK
6
CONTINUOUS
10
6.7346290157480313
20
-3.8959209842519682
11
6.7368658661417324
21
-3.8915309448818896
0
LINE
8
BLACK
6
CONTINUOUS
10
6.7368658661417324
20
-3.8915309448818896
11
6.7403498425196853
21
-3.8880469685039367
0
LINE
8
BLACK
6
CONTINUOUS
10
6.7403498425196853
20
-3.8880469685039367
11
6.7447398818897639
21
-3.885810118110236
0
LINE
8
BLACK
6
CONTINUOUS
10
6.7447398818897639
20
-3.885810118110236
11
6.7496062992125987
21
-3.88503937007874
0
LINE
8
BLACK
6
CONTINUOUS
10
6.7496062992125987
20
-3.88503937007874
11
6.7544727165354326
21
-3.885810118110236
0
LINE
8
BLACK
6
CONTINUOUS
10
6.49011811023622
20
-3.7841498425196849
11
6.4979921259842515
21
-3.7841338582677166
0
LINE
8
BLACK
6
CONTINUOUS
10
6.4979921259842515
20
-3.7841338582677166
11
6.4987601968503936
21
-3.7842094881889765
0
LINE
8
BLACK
6
CONTINUOUS
10
6.4987601968503936
20
-3.7842094881889765
11
6.500179409448819
21
-3.7847973622047242
0
LINE
8
BLACK
6
CONTINUOUS
10
6.500179409448819
20
-3.7847973622047242
11
6.5724518110236216
21
-3.8569627952755905
0
LINE
8
BLACK
6
CONTINUOUS
10
6.5724518110236216
20
-3.8569627952755905
11
6.5729414173228342
21
-3.8575593700787403
0
LINE
8
BLACK
6
CONTINUOUS
10
6.5729414173228342
20
-3.8575593700787403
11
6.5735292913385823
21
-3.8589785826771652
0
LINE
8
BLACK
6
CONTINUOUS
10
6.5735292913385823
20
-3.8589785826771652
11
6.5736049212598422
21
-3.8647176771653542
0
LINE
8
BLACK
6
CONTINUOUS
10
6.5736049212598422
20
-3.8647176771653542
11
6.5735341338582671
21
-3.8654361811023623
0
LINE
8
BLACK
6
CONTINUOUS
10
6.5735341338582671
20
-3.8654361811023623
11
6.5735552362204723
21
-3.8718563779527559
0
LINE
8
BLACK
6
CONTINUOUS
10
6.5735552362204723
20
-3.8718563779527559
11
6.5745343307086612
21
-3.8720114566929134
0
LINE
8
BLACK
6
CONTINUOUS
10
6.5745343307086612
20
-3.8720114566929134
11
6.5789243700787399
21
-3.8742483070866141
0
LINE
8
BLACK
6
CONTINUOUS
10
6.5789243700787399
20
-3.8742483070866141
11
6.5824083464566927
21
-3.8777322834645669
0
LINE
8
BLACK
6
CONTINUOUS
10
6.5824083464566927
20
-3.8777322834645669
11
6.5846451968503938
21
-3.8821223228346455
0
LINE
8
BLACK
6
CONTINUOUS
10
6.5846451968503938
20
-3.8821223228346455
11
6.5854159448818894
21
-3.8869887401574803
0
LINE
8
BLACK
6
CONTINUOUS
10
6.5854159448818894
20
-3.8869887401574803
11
6.5846451968503938
21
-3.8918551574803151
0
LINE
8
BLACK
6
CONTINUOUS
10
6.5846451968503938
20
-3.8918551574803151
11
6.5824083464566927
21
-3.8962451968503937
0
LINE
8
BLACK
6
CONTINUOUS
10
6.5824083464566927
20
-3.8962451968503937
11
6.5789243700787399
21
-3.8997291732283466
0
LINE
8
BLACK
6
CONTINUOUS
10
6.5789243700787399
20
-3.8997291732283466
11
6.5745343307086612
21
-3.9019660236220473
0
LINE
8
BLACK
6
CONTINUOUS
10
6.5745343307086612
20
-3.9019660236220473
11
6.5696679133858265
21
-3.9027367716535433
0
LINE
8
BLACK
6
CONTINUOUS
10
6.5696679133858265
20
-3.9027367716535433
11
6.5648014960629917
21
-3.9019660236220473
0
LINE
8
BLACK
6
CONTINUOUS
10
6.5648014960629917
20
-3.9019660236220473
11
6.560411456692913
21
-3.8997291732283466
0
LINE
8
BLACK
6
CONTINUOUS
10
6.560411456692913
20
-3.8997291732283466
11
6.5569274803149602
21
-3.8962451968503937
0
LINE
8
BLACK
6
CONTINUOUS
10
6.5569274803149602
20
-3.8962451968503937
11
6.5546906299212599
21
-3.8918551574803151
0
LINE
8
BLACK
6
CONTINUOUS
10
6.5546906299212599
20
-3.8918551574803151
11
6.5539198818897635
21
-3.8869887401574803
0
LINE
8
BLACK
6
CONTINUOUS
10
6.5539198818897635
20
-3.8869887401574803
11
6.5546906299212599
21
-3.8821223228346455
0
LINE
8
BLACK
6
CONTINUOUS
10
6.5546906299212599
20
-3.8821223228346455
11
6.5569274803149602
21
-3.8777322834645669
0
LINE
8
BLACK
6
CONTINUOUS
10
6.5569274803149602
20
-3.8777322834645669
11
6.560411456692913
21
-3.8742483070866141
0
LINE
8
BLACK
6
CONTINUOUS
10
6.560411456692913
20
-3.8742483070866141
11
6.5648014960629917
21
-3.8720114566929134
0
LINE
8
BLACK
6
CONTINUOUS
10
6.5648014960629917
20
-3.8720114566929134
11
6.5657543307086614
21
-3.8718605118110236
0
LINE
8
BLACK
6
CONTINUOUS
10
6.5657543307086614
20
-3.8718605118110236
11
6.5657309055118107
21
-3.8647176771653542
0
LINE
8
BLACK
6
CONTINUOUS
10
6.5657309055118107
20
-3.8647176771653542
11
6.5657886614173231
21
-3.8641309055118112
0
LINE
8
BLACK
6
CONTINUOUS
10
6.5657886614173231
20
-3.8641309055118112
11
6.5657512598425196
21
-3.861293346456693
0
LINE
8
BLACK
6
CONTINUOUS
10
6.5657512598425196
20
-3.861293346456693
11
6.4962923228346456
21
-3.7919372440944881
0
LINE
8
BLACK
6
CONTINUOUS
10
6.4962923228346456
20
-3.7919372440944881
11
6.49011811023622
21
-3.7919498031496062
0
LINE
8
BLACK
6
CONTINUOUS
10
6.49011811023622
20
-3.7919498031496062
11
6.49011811023622
21
-3.7969291338582676
0
LINE
8
BLACK
6
CONTINUOUS
10
6.49011811023622
20
-3.7969291338582676
11
6.4330314960629922
21
-3.7969291338582676
0
LINE
8
BLACK
6
CONTINUOUS
10
6.4330314960629922
20
-3.7969291338582676
11
6.4330314960629922
21
-3.7792125984251967
0
LINE
8
BLACK
6
CONTINUOUS
10
6.4330314960629922
20
-3.7792125984251967
11
6.49011811023622
21
-3.7792125984251967
0
LINE
8
BLACK
6
CONTINUOUS
10
6.49011811023622
20
-3.7792125984251967
11
6.49011811023622
21
-3.7841498425196849
0
LINE
8
BLACK
6
CONTINUOUS
10
6.1460480708661418
20
-3.8289174015748029
11
6.1478785039370081
21
-3.8310298425196851
0
LINE
8
BLACK
6
CONTINUOUS
10
6.1478785039370081
20
-3.8310298425196851
11
6.1483267716535428
21
-3.8330905511811024
0
LINE
8
BLACK
6
CONTINUOUS
10
6.1483267716535428
20
-3.8330905511811024
11
6.1483267716535428
21
-3.8419300393700788
0
LINE
8
BLACK
6
CONTINUOUS
10
6.1483267716535428
20
-3.8419300393700788
11
6.1487264960629924
21
-3.8446735039370079
0
LINE
8
BLACK
6
CONTINUOUS
10
6.1487264960629924
20
-3.8446735039370079
11
6.1487265354330711
21
-3.8446735826771654
0
LINE
8
BLACK
6
CONTINUOUS
10
6.1487265354330711
20
-3.8446735826771654
11
6.1507953149606296
21
-3.8489053937007873
0
LINE
8
BLACK
6
CONTINUOUS
10
6.1507953149606296
20
-3.8489053937007873
11
6.1541260629921259
21
-3.8522361417322832
0
LINE
8
BLACK
6
CONTINUOUS
10
6.1541260629921259
20
-3.8522361417322832
11
6.1541261023622047
21
-3.8522361417322832
0
LINE
8
BLACK
6
CONTINUOUS
10
6.1541261023622047
20
-3.8522361417322832
11
6.1541261417322835
21
-3.852236181102362
0
LINE
8
BLACK
6
CONTINUOUS
10
6.1541261417322835
20
-3.852236181102362
11
6.1583579921259837
21
-3.8543050000000001
0
LINE
8
BLACK
6
CONTINUOUS
10
6.1583579921259837
20
-3.8543050000000001
11
6.161101496062992
21
-3.8547047244094488
0
LINE
8
BLACK
6
CONTINUOUS
10
6.161101496062992
20
-3.8547047244094488
11
6.1611017322834645
21
-3.8547047244094488
0
LINE
8
BLACK
6
CONTINUOUS
10
6.1611017322834645
20
-3.8547047244094488
11
6.1677171653543308
21
-3.8547047244094488
0
LINE
8
BLACK
6
CONTINUOUS
10
6.1677171653543308
20
-3.8547047244094488
11
6.1677174015748033
21
-3.8547047244094488
0
LINE
8
BLACK
6
CONTINUOUS
10
6.1677174015748033
20
-3.8547047244094488
11
6.1704609055118107
21
-3.8543050000000001
0
LINE
8
BLACK
6
CONTINUOUS
10
6.1704609055118107
20
-3.8543050000000001
11
6.170461023622047
21
-3.8543049212598426
0
LINE
8
BLACK
6
CONTINUOUS
10
6.170461023622047
20
-3.8543049212598426
11
6.1708189370078737
21
-3.8541943700787402
0
LINE
8
BLACK
6
CONTINUOUS
10
6.1708189370078737
20
-3.8541943700787402
11
6.1736137795275585
21
-3.8541549606299212
0
LINE
8
BLACK
6
CONTINUOUS
10
6.1736137795275585
20
-3.8541549606299212
11
6.1737479921259837
21
-3.8541943700787402
0
LINE
8
BLACK
6
CONTINUOUS
10
6.1737479921259837
20
-3.8541943700787402
11
6.1741059055118113
21
-3.8543049212598426
0
LINE
8
BLACK
6
CONTINUOUS
10
6.1741059055118113
20
-3.8543049212598426
11
6.1741060236220475
21
-3.8543050000000001
0
LINE
8
BLACK
6
CONTINUOUS
10
6.1741060236220475
20
-3.8543050000000001
11
6.1768495275590549
21
-3.8547047244094488
0
LINE
8
BLACK
6
CONTINUOUS
10
6.1768495275590549
20
-3.8547047244094488
11
6.1768497637795274
21
-3.8547047244094488
0
LINE
8
BLACK
6
CONTINUOUS
10
6.1768497637795274
20
-3.8547047244094488
11
6.1834651968503938
21
-3.8547047244094488
0
LINE
8
BLACK
6
CONTINUOUS
10
6.1834651968503938
20
-3.8547047244094488
11
6.1834654330708663
21
-3.8547047244094488
0
LINE
8
BLACK
6
CONTINUOUS
10
6.1834654330708663
20
-3.8547047244094488
11
6.1862089370078737
21
-3.8543050000000001
0
LINE
8
BLACK
6
CONTINUOUS
10
6.1862089370078737
20
-3.8543050000000001
11
6.1862090551181099
21
-3.8543049212598426
0
LINE
8
BLACK
6
CONTINUOUS
10
6.1862090551181099
20
-3.8543049212598426
11
6.1865669685039366
21
-3.8541943700787402
0
LINE
8
BLACK
6
CONTINUOUS
10
6.1865669685039366
20
-3.8541943700787402
11
6.1893618110236215
21
-3.8541549606299212
0
LINE
8
BLACK
6
CONTINUOUS
10
6.1893618110236215
20
-3.8541549606299212
11
6.1894960236220475
21
-3.8541943700787402
0
LINE
8
BLACK
6
CONTINUOUS
10
6.1894960236220475
20
-3.8541943700787402
11
6.1898539370078742
21
-3.8543049212598426
0
LINE
8
BLACK
6
CONTINUOUS
10
6.1898539370078742
20
-3.8543049212598426
11
6.1898540551181105
21
-3.8543050000000001
0
LINE
8
BLACK
6
CONTINUOUS
10
6.1898540551181105
20
-3.8543050000000001
11
6.1925975590551179
21
-3.8547047244094488
0
LINE
8
BLACK
6
CONTINUOUS
10
6.1925975590551179
20
-3.8547047244094488
11
6.1925977952755904
21
-3.8547047244094488
0
LINE
8
BLACK
6
CONTINUOUS
10
6.1925977952755904
20
-3.8547047244094488
11
6.1992132283464567
21
-3.8547047244094488
0
LINE
8
BLACK
6
CONTINUOUS
10
6.1992132283464567
20
-3.8547047244094488
11
6.1992134645669292
21
-3.8547047244094488
0
LINE
8
BLACK
6
CONTINUOUS
10
6.1992134645669292
20
-3.8547047244094488
11
6.2019569685039366
21
-3.8543050000000001
0
LINE
8
BLACK
6
CONTINUOUS
10
6.2019569685039366
20
-3.8543050000000001
11
6.2019570866141729
21
-3.8543049212598426
0
LINE
8
BLACK
6
CONTINUOUS
10
6.2019570866141729
20
-3.8543049212598426
11
6.2023149999999996
21
-3.8541943700787402
0
LINE
8
BLACK
6
CONTINUOUS
10
6.2023149999999996
20
-3.8541943700787402
11
6.2051098425196853
21
-3.8541549606299212
0
LINE
8
BLACK
6
CONTINUOUS
10
6.2051098425196853
20
-3.8541549606299212
11
6.2052440551181105
21
-3.8541943700787402
0
LINE
8
BLACK
6
CONTINUOUS
10
6.2052440551181105
20
-3.8541943700787402
11
6.2056019685039372
21
-3.8543049212598426
0
LINE
8
BLACK
6
CONTINUOUS
10
6.2056019685039372
20
-3.8543049212598426
11
6.2056020866141735
21
-3.8543050000000001
0
LINE
8
BLACK
6
CONTINUOUS
10
6.2056020866141735
20
-3.8543050000000001
11
6.2083455905511808
21
-3.8547047244094488
0
LINE
8
BLACK
6
CONTINUOUS
10
6.2083455905511808
20
-3.8547047244094488
11
6.2083458267716534
21
-3.8547047244094488
0
LINE
8
BLACK
6
CONTINUOUS
10
6.2083458267716534
20
-3.8547047244094488
11
6.2149612598425197
21
-3.8547047244094488
0
LINE
8
BLACK
6
CONTINUOUS
10
6.2149612598425197
20
-3.8547047244094488
11
6.2149614960629922
21
-3.8547047244094488
0
LINE
8
BLACK
6
CONTINUOUS
10
6.2149614960629922
20
-3.8547047244094488
11
6.2177049999999996
21
-3.8543050000000001
0
LINE
8
BLACK
6
CONTINUOUS
10
6.2177049999999996
20
-3.8543050000000001
11
6.2177051181102359
21
-3.8543049212598426
0
LINE
8
BLACK
6
CONTINUOUS
10
6.2177051181102359
20
-3.8543049212598426
11
6.2180630314960625
21
-3.8541943700787402
0
LINE
8
BLACK
6
CONTINUOUS
10
6.2180630314960625
20
-3.8541943700787402
11
6.2208578740157483
21
-3.8541549606299212
0
LINE
8
BLACK
6
CONTINUOUS
10
6.2208578740157483
20
-3.8541549606299212
11
6.2209920866141735
21
-3.8541943700787402
0
LINE
8
BLACK
6
CONTINUOUS
10
6.2209920866141735
20
-3.8541943700787402
11
6.2213500000000002
21
-3.8543049212598426
0
LINE
8
BLACK
6
CONTINUOUS
10
6.2213500000000002
20
-3.8543049212598426
11
6.2213501181102364
21
-3.8543050000000001
0
LINE
8
BLACK
6
CONTINUOUS
10
6.2213501181102364
20
-3.8543050000000001
11
6.2240936220472438
21
-3.8547047244094488
0
LINE
8
BLACK
6
CONTINUOUS
10
6.2240936220472438
20
-3.8547047244094488
11
6.2240938582677163
21
-3.8547047244094488
0
LINE
8
BLACK
6
CONTINUOUS
10
6.2240938582677163
20
-3.8547047244094488
11
6.2307092913385826
21
-3.8547047244094488
0
LINE
8
BLACK
6
CONTINUOUS
10
6.2307092913385826
20
-3.8547047244094488
11
6.2307095275590552
21
-3.8547047244094488
0
LINE
8
BLACK
6
CONTINUOUS
10
6.2307095275590552
20
-3.8547047244094488
11
6.2334530314960626
21
-3.8543050000000001
0
LINE
8
BLACK
6
CONTINUOUS
10
6.2334530314960626
20
-3.8543050000000001
11
6.2334531496062988
21
-3.8543049212598426
0
LINE
8
BLACK
6
CONTINUOUS
10
6.2334531496062988
20
-3.8543049212598426
11
6.2338110629921255
21
-3.8541943700787402
0
LINE
8
BLACK
6
CONTINUOUS
10
6.2338110629921255
20
-3.8541943700787402
11
6.2366059055118113
21
-3.8541549606299212
0
LINE
8
BLACK
6
CONTINUOUS
10
6.2366059055118113
20
-3.8541549606299212
11
6.2367401181102364
21
-3.8541943700787402
0
LINE
8
BLACK
6
CONTINUOUS
10
6.2367401181102364
20
-3.8541943700787402
11
6.2370980314960631
21
-3.8543049212598426
0
LINE
8
BLACK
6
CONTINUOUS
10
6.2370980314960631
20
-3.8543049212598426
11
6.2370981496062994
21
-3.8543050000000001
0
LINE
8
BLACK
6
CONTINUOUS
10
6.2370981496062994
20
-3.8543050000000001
11
6.2398416535433068
21
-3.8547047244094488
0
LINE
8
BLACK
6
CONTINUOUS
10
6.2398416535433068
20
-3.8547047244094488
11
6.2398418897637793
21
-3.8547047244094488
0
LINE
8
BLACK
6
CONTINUOUS
10
6.2398418897637793
20
-3.8547047244094488
11
6.2464573228346456
21
-3.8547047244094488
0
LINE
8
BLACK
6
CONTINUOUS
10
6.2464573228346456
20
-3.8547047244094488
11
6.2464575590551181
21
-3.8547047244094488
0
LINE
8
BLACK
6
CONTINUOUS
10
6.2464575590551181
20
-3.8547047244094488
11
6.2492010629921255
21
-3.8543050000000001
0
LINE
8
BLACK
6
CONTINUOUS
10
6.2492010629921255
20
-3.8543050000000001
11
6.2534329133858266
21
-3.852236181102362
0
LINE
8
BLACK
6
CONTINUOUS
10
6.2534329133858266
20
-3.852236181102362
11
6.2567637401574805
21
-3.8489053543307086
0
LINE
8
BLACK
6
CONTINUOUS
10
6.2567637401574805
20
-3.8489053543307086
11
6.2588325590551177
21
-3.8446735039370079
0
LINE
8
BLACK
6
CONTINUOUS
10
6.2588325590551177
20
-3.8446735039370079
11
6.2592322834645664
21
-3.8419300000000001
0
LINE
8
BLACK
6
CONTINUOUS
10
6.2592322834645664
20
-3.8419300000000001
11
6.2592322834645664
21
-3.8330905511811024
0
LINE
8
BLACK
6
CONTINUOUS
10
6.2592322834645664
20
-3.8330905511811024
11
6.2600197637795274
21
-3.8304086220472442
0
LINE
8
BLACK
6
CONTINUOUS
10
6.2600197637795274
20
-3.8304086220472442
11
6.2621322047244092
21
-3.8285781889763779
0
LINE
8
BLACK
6
CONTINUOUS
10
6.2621322047244092
20
-3.8285781889763779
11
6.264192913385827
21
-3.8281299212598423
0
LINE
8
BLACK
6
CONTINUOUS
10
6.264192913385827
20
-3.8281299212598423
11
6.278134015748031
21
-3.8281299212598423
0
LINE
8
BLACK
6
CONTINUOUS
10
6.278134015748031
20
-3.8281299212598423
11
6.2808159448818897
21
-3.8289174015748029
0
LINE
8
BLACK
6
CONTINUOUS
10
6.2808159448818897
20
-3.8289174015748029
11
6.281641496062992
21
-3.8295826771653543
0
LINE
8
BLACK
6
CONTINUOUS
10
6.281641496062992
20
-3.8295826771653543
11
6.3066604330708662
21
-3.8546016141732284
0
LINE
8
BLACK
6
CONTINUOUS
10
6.3066604330708662
20
-3.8546016141732284
11
6.306660472440945
21
-3.8546016535433072
0
LINE
8
BLACK
6
CONTINUOUS
10
6.306660472440945
20
-3.8546016535433072
11
6.3066605511811025
21
-3.8546016929133859
0
LINE
8
BLACK
6
CONTINUOUS
10
6.3066605511811025
20
-3.8546016929133859
11
6.3068390157480314
21
-3.8547047244094488
0
LINE
8
BLACK
6
CONTINUOUS
10
6.3068390157480314
20
-3.8547047244094488
11
6.3103277559055115
21
-3.8567189370078738
0
LINE
8
BLACK
6
CONTINUOUS
10
6.3103277559055115
20
-3.8567189370078738
11
6.31441811023622
21
-3.8578149606299212
0
LINE
8
BLACK
6
CONTINUOUS
10
6.31441811023622
20
-3.8578149606299212
11
6.3186527559055117
21
-3.8578149606299212
0
LINE
8
BLACK
6
CONTINUOUS
10
6.3186527559055117
20
-3.8578149606299212
11
6.3293435039370074
21
-3.8578149606299212
0
LINE
8
BLACK
6
CONTINUOUS
10
6.3293435039370074
20
-3.8578149606299212
11
6.330395196850394
21
-3.8571122440944881
0
LINE
8
BLACK
6
CONTINUOUS
10
6.330395196850394
20
-3.8571122440944881
11
6.3336909448818899
21
-3.8564566929133859
0
LINE
8
BLACK
6
CONTINUOUS
10
6.3336909448818899
20
-3.8564566929133859
11
6.3538681102362204
21
-3.8564566929133859
0
LINE
8
BLACK
6
CONTINUOUS
10
6.3538681102362204
20
-3.8564566929133859
11
6.3571638582677163
21
-3.8571122440944881
0
LINE
8
BLACK
6
CONTINUOUS
10
6.3571638582677163
20
-3.8571122440944881
11
6.358215551181102
21
-3.8578149606299212
0
LINE
8
BLACK
6
CONTINUOUS
10
6.358215551181102
20
-3.8578149606299212
11
6.3725094881889763
21
-3.8578149606299212
0
LINE
8
BLACK
6
CONTINUOUS
10
6.3725094881889763
20
-3.8578149606299212
11
6.3751914173228341
21
-3.8586024409448818
0
LINE
8
BLACK
6
CONTINUOUS
10
6.3751914173228341
20
-3.8586024409448818
11
6.3770218503937004
21
-3.8607148818897636
0
LINE
8
BLACK
6
CONTINUOUS
10
6.3770218503937004
20
-3.8607148818897636
11
6.3774196456692911
21
-3.8634815748031497
0
LINE
8
BLACK
6
CONTINUOUS
10
6.3774196456692911
20
-3.8634815748031497
11
6.3762584645669289
21
-3.8660240944881887
0
LINE
8
BLACK
6
CONTINUOUS
10
6.3762584645669289
20
-3.8660240944881887
11
6.376017204724409
21
-3.8662832677165353
0
LINE
8
BLACK
6
CONTINUOUS
10
6.376017204724409
20
-3.8662832677165353
11
6.3624803149606297
21
-3.8798201574803151
0
LINE
8
BLACK
6
CONTINUOUS
10
6.3624803149606297
20
-3.8798201574803151
11
6.3624803149606297
21
-3.8822933070866141
0
LINE
8
BLACK
6
CONTINUOUS
10
6.3624803149606297
20
-3.8822933070866141
11
6.3618247637795271
21
-3.88558905511811
0
LINE
8
BLACK
6
CONTINUOUS
10
6.3618247637795271
20
-3.88558905511811
11
6.3599578740157483
21
-3.8883830708661415
0
LINE
8
BLACK
6
CONTINUOUS
10
6.3599578740157483
20
-3.8883830708661415
11
6.3571638582677163
21
-3.8902499606299212
0
LINE
8
BLACK
6
CONTINUOUS
10
6.3571638582677163
20
-3.8902499606299212
11
6.3538681102362204
21
-3.8909055118110234
0
LINE
8
BLACK
6
CONTINUOUS
10
6.3538681102362204
20
-3.8909055118110234
11
6.3513950000000001
21
-3.8909055118110234
0
LINE
8
BLACK
6
CONTINUOUS
10
6.3513950000000001
20
-3.8909055118110234
11
6.3472376771653538
21
-3.8950628346456693
0
LINE
8
BLACK
6
CONTINUOUS
10
6.3472376771653538
20
-3.8950628346456693
11
6.3447844094488186
21
-3.8964024015748029
0
LINE
8
BLACK
6
CONTINUOUS
10
6.3447844094488186
20
-3.8964024015748029
11
6.3437299606299211
21
-3.8965157874015746
0
LINE
8
BLACK
6
CONTINUOUS
10
6.3437299606299211
20
-3.8965157874015746
11
6.2792780314960632
21
-3.8965157874015746
0
LINE
8
BLACK
6
CONTINUOUS
10
6.2792780314960632
20
-3.8965157874015746
11
6.2771653543307089
21
-3.8968503937007872
0
LINE
8
BLACK
6
CONTINUOUS
10
6.2771653543307089
20
-3.8968503937007872
11
6.2750526771653545
21
-3.8965157874015746
0
LINE
8
BLACK
6
CONTINUOUS
10
6.2750526771653545
20
-3.8965157874015746
11
6.205008661417323
21
-3.8965157874015746
0
LINE
8
BLACK
6
CONTINUOUS
10
6.205008661417323
20
-3.8965157874015746
11
6.2037446456692908
21
-3.8977798031496063
0
LINE
8
BLACK
6
CONTINUOUS
10
6.2037446456692908
20
-3.8977798031496063
11
6.1993546062992122
21
-3.900016653543307
0
LINE
8
BLACK
6
CONTINUOUS
10
6.1993546062992122
20
-3.900016653543307
11
6.1944881889763774
21
-3.900787401574803
0
LINE
8
BLACK
6
CONTINUOUS
10
6.1944881889763774
20
-3.900787401574803
11
6.1896217716535435
21
-3.900016653543307
0
LINE
8
BLACK
6
CONTINUOUS
10
6.1896217716535435
20
-3.900016653543307
11
6.185231732283464
21
-3.8977798031496063
0
LINE
8
BLACK
6
CONTINUOUS
10
6.185231732283464
20
-3.8977798031496063
11
6.1839677165354328
21
-3.8965157874015746
0
LINE
8
BLACK
6
CONTINUOUS
10
6.1839677165354328
20
-3.8965157874015746
11
6.1731420472440943
21
-3.8965157874015746
0
LINE
8
BLACK
6
CONTINUOUS
10
6.1731420472440943
20
-3.8965157874015746
11
6.1704601181102356
21
-3.895728307086614
0
LINE
8
BLACK
6
CONTINUOUS
10
6.1704601181102356
20
-3.895728307086614
11
6.1696343700787404
21
-3.895062874015748
0
LINE
8
BLACK
6
CONTINUOUS
10
6.1696343700787404
20
-3.895062874015748
11
6.1341585039370079
21
-3.8595870472440943
0
LINE
8
BLACK
6
CONTINUOUS
10
6.1341585039370079
20
-3.8595870472440943
11
6.1341581102362204
21
-3.8595865748031497
0
LINE
8
BLACK
6
CONTINUOUS
10
6.1341581102362204
20
-3.8595865748031497
11
6.1306982283464562
21
-3.8561266929133859
0
LINE
8
BLACK
6
CONTINUOUS
10
6.1306982283464562
20
-3.8561266929133859
11
6.1306978346456695
21
-3.8561263779527559
0
LINE
8
BLACK
6
CONTINUOUS
10
6.1306978346456695
20
-3.8561263779527559
11
6.1268064173228343
21
-3.8538796850393702
0
LINE
8
BLACK
6
CONTINUOUS
10
6.1268064173228343
20
-3.8538796850393702
11
6.1268063385826768
21
-3.8538796456692914
0
LINE
8
BLACK
6
CONTINUOUS
10
6.1268063385826768
20
-3.8538796456692914
11
6.1268062598425193
21
-3.8538796062992127
0
LINE
8
BLACK
6
CONTINUOUS
10
6.1268062598425193
20
-3.8538796062992127
11
6.126805984251968
21
-3.8538795275590552
0
LINE
8
BLACK
6
CONTINUOUS
10
6.126805984251968
20
-3.8538795275590552
11
6.1255350393700789
21
-3.8535389370078739
0
LINE
8
BLACK
6
CONTINUOUS
10
6.1255350393700789
20
-3.8535389370078739
11
6.1255350393700789
21
-3.8535389763779526
0
LINE
8
BLACK
6
CONTINUOUS
10
6.1255350393700789
20
-3.8535389763779526
11
6.1224655905511813
21
-3.8527165354330708
0
LINE
8
BLACK
6
CONTINUOUS
10
6.1224655905511813
20
-3.8527165354330708
11
6.1224655511811026
21
-3.8527165354330708
0
LINE
8
BLACK
6
CONTINUOUS
10
6.1224655511811026
20
-3.8527165354330708
11
6.1129995275590554
21
-3.8527165354330708
0
LINE
8
BLACK
6
CONTINUOUS
10
6.1129995275590554
20
-3.8527165354330708
11
6.1103175984251967
21
-3.8519290551181102
0
LINE
8
BLACK
6
CONTINUOUS
10
6.1103175984251967
20
-3.8519290551181102
11
6.1090468897637793
21
-3.850753307086614
0
LINE
8
BLACK
6
CONTINUOUS
10
6.1090468897637793
20
-3.850753307086614
11
6.1057116929133857
21
-3.8463551968503937
0
LINE
8
BLACK
6
CONTINUOUS
10
6.1057116929133857
20
-3.8463551968503937
11
6.1011650787401575
21
-3.842907401574803
0
LINE
8
BLACK
6
CONTINUOUS
10
6.1011650787401575
20
-3.842907401574803
11
6.1011649999999999
21
-3.8429073622047243
0
LINE
8
BLACK
6
CONTINUOUS
10
6.1011649999999999
20
-3.8429073622047243
11
6.1011649606299212
21
-3.8429073228346455
0
LINE
8
BLACK
6
CONTINUOUS
10
6.1011649606299212
20
-3.8429073228346455
11
6.1000304724409444
21
-3.8424599212598425
0
LINE
8
BLACK
6
CONTINUOUS
10
6.1000304724409444
20
-3.8424599212598425
11
6.0978244881889765
21
-3.8407434645669292
0
LINE
8
BLACK
6
CONTINUOUS
10
6.0978244881889765
20
-3.8407434645669292
11
6.0968966535433067
21
-3.8381068110236218
0
LINE
8
BLACK
6
CONTINUOUS
10
6.0968966535433067
20
-3.8381068110236218
11
6.0968897637795276
21
-3.8378451968503935
0
LINE
8
BLACK
6
CONTINUOUS
10
6.0968897637795276
20
-3.8378451968503935
11
6.0968897637795276
21
-3.8378305905511811
0
LINE
8
BLACK
6
CONTINUOUS
10
6.0968897637795276
20
-3.8378305905511811
11
6.0976772440944877
21
-3.8351486614173229
0
LINE
8
BLACK
6
CONTINUOUS
10
6.0976772440944877
20
-3.8351486614173229
11
6.0983427165354334
21
-3.834322874015748
0
LINE
8
BLACK
6
CONTINUOUS
10
6.0983427165354334
20
-3.834322874015748
11
6.1030827952755908
21
-3.8295828346456693
0
LINE
8
BLACK
6
CONTINUOUS
10
6.1030827952755908
20
-3.8295828346456693
11
6.1055360236220473
21
-3.8282432677165352
0
LINE
8
BLACK
6
CONTINUOUS
10
6.1055360236220473
20
-3.8282432677165352
11
6.1065904724409448
21
-3.8281299212598423
0
LINE
8
BLACK
6
CONTINUOUS
10
6.1065904724409448
20
-3.8281299212598423
11
6.1345266929133855
21
-3.8281299212598423
0
LINE
8
BLACK
6
CONTINUOUS
10
6.1345266929133855
20
-3.8281299212598423
11
6.1433661417322831
21
-3.8281299212598423
0
LINE
8
BLACK
6
CONTINUOUS
10
6.1433661417322831
20
-3.8281299212598423
11
6.1460480708661418
21
-3.8289174015748029
0
LINE
8
BLACK
6
CONTINUOUS
10
6.49011811023622
20
-3.8992913385826773
11
6.4330314960629922
21
-3.8992913385826773
0
LINE
8
BLACK
6
CONTINUOUS
10
6.4330314960629922
20
-3.8992913385826773
11
6.4330314960629922
21
-3.881574803149606
0
LINE
8
BLACK
6
CONTINUOUS
10
6.4330314960629922
20
-3.881574803149606
11
6.49011811023622
21
-3.881574803149606
0
LINE
8
BLACK
6
CONTINUOUS
10
6.49011811023622
20
-3.881574803149606
11
6.49011811023622
21
-3.8992913385826773
0
LINE
8
BLACK
6
CONTINUOUS
10
6.7224015748031496
20
-3.8992913385826773
11
6.6653149606299209
21
-3.8992913385826773
0
LINE
8
BLACK
6
CONTINUOUS
10
6.6653149606299209
20
-3.8992913385826773
11
6.6653149606299209
21
-3.881574803149606
0
LINE
8
BLACK
6
CONTINUOUS
10
6.6653149606299209
20
-3.881574803149606
11
6.7224015748031496
21
-3.881574803149606
0
LINE
8
BLACK
6
CONTINUOUS
10
6.7224015748031496
20
-3.881574803149606
11
6.7224015748031496
21
-3.8992913385826773
0
LINE
8
BLACK
6
CONTINUOUS
10
6.6442364960629918
20
-3.8503770472440944
11
6.6486265354330705
21
-3.852613897637795
0
LINE
8
BLACK
6
CONTINUOUS
10
6.6486265354330705
20
-3.852613897637795
11
6.6521105118110233
21
-3.8560978740157479
0
LINE
8
BLACK
6
CONTINUOUS
10
6.6521105118110233
20
-3.8560978740157479
11
6.6540935039370082
21
-3.8599896850393698
0
LINE
8
BLACK
6
CONTINUOUS
10
6.6540935039370082
20
-3.8599896850393698
11
6.6653149606299209
21
-3.8599703937007872
0
LINE
8
BLACK
6
CONTINUOUS
10
6.6653149606299209
20
-3.8599703937007872
11
6.6653149606299209
21
-3.8559842519685037
0
LINE
8
BLACK
6
CONTINUOUS
10
6.6653149606299209
20
-3.8559842519685037
11
6.7224015748031496
21
-3.8559842519685037
0
LINE
8
BLACK
6
CONTINUOUS
10
6.7224015748031496
20
-3.8559842519685037
11
6.7224015748031496
21
-3.8737007874015745
0
LINE
8
BLACK
6
CONTINUOUS
10
6.7224015748031496
20
-3.8737007874015745
11
6.6653149606299209
21
-3.8737007874015745
0
LINE
8
BLACK
6
CONTINUOUS
10
6.6653149606299209
20
-3.8737007874015745
11
6.6653149606299209
21
-3.8697199606299213
0
LINE
8
BLACK
6
CONTINUOUS
10
6.6653149606299209
20
-3.8697199606299213
11
6.6544237007874019
21
-3.8697387401574801
0
LINE
8
BLACK
6
CONTINUOUS
10
6.6544237007874019
20
-3.8697387401574801
11
6.6543473622047244
21
-3.8702207480314961
0
LINE
8
BLACK
6
CONTINUOUS
10
6.6543473622047244
20
-3.8702207480314961
11
6.6521105118110233
21
-3.8746107874015747
0
LINE
8
BLACK
6
CONTINUOUS
10
6.6521105118110233
20
-3.8746107874015747
11
6.6486265354330705
21
-3.8780947637795276
0
LINE
8
BLACK
6
CONTINUOUS
10
6.6486265354330705
20
-3.8780947637795276
11
6.6442364960629918
21
-3.8803316141732282
0
LINE
8
BLACK
6
CONTINUOUS
10
6.6442364960629918
20
-3.8803316141732282
11
6.6393700787401571
21
-3.8811023622047243
0
LINE
8
BLACK
6
CONTINUOUS
10
6.6393700787401571
20
-3.8811023622047243
11
6.6345036614173223
21
-3.8803316141732282
0
LINE
8
BLACK
6
CONTINUOUS
10
6.6345036614173223
20
-3.8803316141732282
11
6.6301136220472436
21
-3.8780947637795276
0
LINE
8
BLACK
6
CONTINUOUS
10
6.6301136220472436
20
-3.8780947637795276
11
6.6266296456692908
21
-3.8746107874015747
0
LINE
8
BLACK
6
CONTINUOUS
10
6.6266296456692908
20
-3.8746107874015747
11
6.6243927952755906
21
-3.8702207480314961
0
LINE
8
BLACK
6
CONTINUOUS
10
6.6243927952755906
20
-3.8702207480314961
11
6.6236220472440941
21
-3.8653543307086613
0
LINE
8
BLACK
6
CONTINUOUS
10
6.6236220472440941
20
-3.8653543307086613
11
6.6243927952755906
21
-3.8604879133858265
0
LINE
8
BLACK
6
CONTINUOUS
10
6.6243927952755906
20
-3.8604879133858265
11
6.6266296456692908
21
-3.8560978740157479
0
LINE
8
BLACK
6
CONTINUOUS
10
6.6266296456692908
20
-3.8560978740157479
11
6.6301136220472436
21
-3.852613897637795
0
LINE
8
BLACK
6
CONTINUOUS
10
6.6301136220472436
20
-3.852613897637795
11
6.6345036614173223
21
-3.8503770472440944
0
LINE
8
BLACK
6
CONTINUOUS
10
6.6345036614173223
20
-3.8503770472440944
11
6.6393700787401571
21
-3.8496062992125983
0
LINE
8
BLACK
6
CONTINUOUS
10
6.6393700787401571
20
-3.8496062992125983
11
6.6442364960629918
21
-3.8503770472440944
0
LINE
8
BLACK
6
CONTINUOUS
10
6.7224015748031496
20
-3.8343543307086612
11
6.7322440944881885
21
-3.8343307086614171
0
LINE
8
BLACK
6
CONTINUOUS
10
6.7322440944881885
20
-3.8343307086614171
11
6.7332041732283461
21
-3.8344252755905512
0
LINE
8
BLACK
6
CONTINUOUS
10
6.7332041732283461
20
-3.8344252755905512
11
6.7332042125984248
21
-3.8344252755905512
0
LINE
8
BLACK
6
CONTINUOUS
10
6.7332042125984248
20
-3.8344252755905512
11
6.7337237795275593
21
-3.8346404724409449
0
LINE
8
BLACK
6
CONTINUOUS
10
6.7337237795275593
20
-3.8346404724409449
11
6.7349781889763776
21
-3.8351600787401572
0
LINE
8
BLACK
6
CONTINUOUS
10
6.7349781889763776
20
-3.8351600787401572
11
6.734982598425197
21
-3.8351644881889762
0
LINE
8
BLACK
6
CONTINUOUS
10
6.734982598425197
20
-3.8351644881889762
11
6.7486524409448814
21
-3.8487127165354331
0
LINE
8
BLACK
6
CONTINUOUS
10
6.7486524409448814
20
-3.8487127165354331
11
6.7874803149606295
21
-3.8486640157480316
0
LINE
8
BLACK
6
CONTINUOUS
10
6.7874803149606295
20
-3.8486640157480316
11
6.7874803149606295
21
-3.8476377952755905
0
LINE
8
BLACK
6
CONTINUOUS
10
6.7874803149606295
20
-3.8476377952755905
11
6.7879298425196852
21
-3.8453778346456691
0
LINE
8
BLACK
6
CONTINUOUS
10
6.7879298425196852
20
-3.8453778346456691
11
6.7892099999999997
21
-3.8434619685039371
0
LINE
8
BLACK
6
CONTINUOUS
10
6.7892099999999997
20
-3.8434619685039371
11
6.7911258661417317
21
-3.8421818110236221
0
LINE
8
BLACK
6
CONTINUOUS
10
6.7911258661417317
20
-3.8421818110236221
11
6.7933858267716536
21
-3.8417322834645669
0
LINE
8
BLACK
6
CONTINUOUS
10
6.7933858267716536
20
-3.8417322834645669
11
6.848503937007874
21
-3.8417322834645669
0
LINE
8
BLACK
6
CONTINUOUS
10
6.848503937007874
20
-3.8417322834645669
11
6.8507638976377949
21
-3.8421818110236221
0
LINE
8
BLACK
6
CONTINUOUS
10
6.8507638976377949
20
-3.8421818110236221
11
6.8526797637795278
21
-3.8434619685039371
0
LINE
8
BLACK
6
CONTINUOUS
10
6.8526797637795278
20
-3.8434619685039371
11
6.8539599212598423
21
-3.8453778346456691
0
LINE
8
BLACK
6
CONTINUOUS
10
6.8539599212598423
20
-3.8453778346456691
11
6.8544094488188971
21
-3.8476377952755905
0
LINE
8
BLACK
6
CONTINUOUS
10
6.8544094488188971
20
-3.8476377952755905
11
6.8544094488188971
21
-3.8594488188976377
0
LINE
8
BLACK
6
CONTINUOUS
10
6.8544094488188971
20
-3.8594488188976377
11
6.8539599212598423
21
-3.8617087795275591
0
LINE
8
BLACK
6
CONTINUOUS
10
6.8539599212598423
20
-3.8617087795275591
11
6.8526797637795278
21
-3.8636246456692911
0
LINE
8
BLACK
6
CONTINUOUS
10
6.8526797637795278
20
-3.8636246456692911
11
6.8507638976377949
21
-3.864904803149606
0
LINE
8
BLACK
6
CONTINUOUS
10
6.8507638976377949
20
-3.864904803149606
11
6.848503937007874
21
-3.8653543307086613
0
LINE
8
BLACK
6
CONTINUOUS
10
6.848503937007874
20
-3.8653543307086613
11
6.7933858267716536
21
-3.8653543307086613
0
LINE
8
BLACK
6
CONTINUOUS
10
6.7933858267716536
20
-3.8653543307086613
11
6.7911258661417317
21
-3.864904803149606
0
LINE
8
BLACK
6
CONTINUOUS
10
6.7911258661417317
20
-3.864904803149606
11
6.7892099999999997
21
-3.8636246456692911
0
LINE
8
BLACK
6
CONTINUOUS
10
6.7892099999999997
20
-3.8636246456692911
11
6.7879298425196852
21
-3.8617087795275591
0
LINE
8
BLACK
6
CONTINUOUS
10
6.7879298425196852
20
-3.8617087795275591
11
6.7874803149606295
21
-3.8594488188976377
0
LINE
8
BLACK
6
CONTINUOUS
10
6.7874803149606295
20
-3.8594488188976377
11
6.7874803149606295
21
-3.8584131889763778
0
LINE
8
BLACK
6
CONTINUOUS
10
6.7874803149606295
20
-3.8584131889763778
11
6.746535433070866
21
-3.858464566929134
0
LINE
8
BLACK
6
CONTINUOUS
10
6.746535433070866
20
-3.858464566929134
11
6.745575748031496
21
-3.8583700393700786
0
LINE
8
BLACK
6
CONTINUOUS
10
6.745575748031496
20
-3.8583700393700786
11
6.7455753543307084
21
-3.8583700393700786
0
LINE
8
BLACK
6
CONTINUOUS
10
6.7455753543307084
20
-3.8583700393700786
11
6.7438013385826769
21
-3.8576351968503935
0
LINE
8
BLACK
6
CONTINUOUS
10
6.7438013385826769
20
-3.8576351968503935
11
6.73013062992126
21
-3.8440860236220473
0
LINE
8
BLACK
6
CONTINUOUS
10
6.73013062992126
20
-3.8440860236220473
11
6.7224015748031496
21
-3.8441046062992124
0
LINE
8
BLACK
6
CONTINUOUS
10
6.7224015748031496
20
-3.8441046062992124
11
6.7224015748031496
21
-3.8481102362204722
0
LINE
8
BLACK
6
CONTINUOUS
10
6.7224015748031496
20
-3.8481102362204722
11
6.6653149606299209
21
-3.8481102362204722
0
LINE
8
BLACK
6
CONTINUOUS
10
6.6653149606299209
20
-3.8481102362204722
11
6.6653149606299209
21
-3.8303937007874014
0
LINE
8
BLACK
6
CONTINUOUS
10
6.6653149606299209
20
-3.8303937007874014
11
6.7224015748031496
21
-3.8303937007874014
0
LINE
8
BLACK
6
CONTINUOUS
10
6.7224015748031496
20
-3.8303937007874014
11
6.7224015748031496
21
-3.8343543307086612
0
LINE
8
BLACK
6
CONTINUOUS
10
6.5706284251968503
20
-3.6028209055118108
11
6.5734224409448814
21
-3.6046877952755905
0
LINE
8
BLACK
6
CONTINUOUS
10
6.5734224409448814
20
-3.6046877952755905
11
6.5752893307086611
21
-3.607481811023622
0
LINE
8
BLACK
6
CONTINUOUS
10
6.5752893307086611
20
-3.607481811023622
11
6.5759448818897637
21
-3.6107775590551179
0
LINE
8
BLACK
6
CONTINUOUS
10
6.5759448818897637
20
-3.6107775590551179
11
6.5759448818897637
21
-3.6309547244094489
0
LINE
8
BLACK
6
CONTINUOUS
10
6.5759448818897637
20
-3.6309547244094489
11
6.5752893307086611
21
-3.6342504724409448
0
LINE
8
BLACK
6
CONTINUOUS
10
6.5752893307086611
20
-3.6342504724409448
11
6.5734224409448814
21
-3.6370444881889763
0
LINE
8
BLACK
6
CONTINUOUS
10
6.5734224409448814
20
-3.6370444881889763
11
6.5706284251968503
21
-3.638911377952756
0
LINE
8
BLACK
6
CONTINUOUS
10
6.5706284251968503
20
-3.638911377952756
11
6.5673326771653544
21
-3.6395669291338582
0
LINE
8
BLACK
6
CONTINUOUS
10
6.5673326771653544
20
-3.6395669291338582
11
6.5616251968503931
21
-3.6395669291338582
0
LINE
8
BLACK
6
CONTINUOUS
10
6.5616251968503931
20
-3.6395669291338582
11
6.5616535433070862
21
-3.6512401574803151
0
LINE
8
BLACK
6
CONTINUOUS
10
6.5616535433070862
20
-3.6512401574803151
11
6.5615798031496064
21
-3.6519886614173229
0
LINE
8
BLACK
6
CONTINUOUS
10
6.5615798031496064
20
-3.6519886614173229
11
6.5616535433070862
21
-3.7100786614173229
0
LINE
8
BLACK
6
CONTINUOUS
10
6.5616535433070862
20
-3.7100786614173229
11
6.5615779133858263
21
-3.7108467322834646
0
LINE
8
BLACK
6
CONTINUOUS
10
6.5615779133858263
20
-3.7108467322834646
11
6.5610723228346455
21
-3.7120672834645667
0
LINE
8
BLACK
6
CONTINUOUS
10
6.5610723228346455
20
-3.7120672834645667
11
6.5609900393700782
21
-3.7122659448818895
0
LINE
8
BLACK
6
CONTINUOUS
10
6.5609900393700782
20
-3.7122659448818895
11
6.5080987795275593
21
-3.7652642125984253
0
LINE
8
BLACK
6
CONTINUOUS
10
6.5080987795275593
20
-3.7652642125984253
11
6.5075021653543308
21
-3.7657538188976378
0
LINE
8
BLACK
6
CONTINUOUS
10
6.5075021653543308
20
-3.7657538188976378
11
6.5060829527559054
21
-3.7663416929133859
0
LINE
8
BLACK
6
CONTINUOUS
10
6.5060829527559054
20
-3.7663416929133859
11
6.49011811023622
21
-3.7663688188976376
0
LINE
8
BLACK
6
CONTINUOUS
10
6.49011811023622
20
-3.7663688188976376
11
6.49011811023622
21
-3.7713385826771653
0
LINE
8
BLACK
6
CONTINUOUS
10
6.49011811023622
20
-3.7713385826771653
11
6.4330314960629922
21
-3.7713385826771653
0
LINE
8
BLACK
6
CONTINUOUS
10
6.4330314960629922
20
-3.7713385826771653
11
6.4330314960629922
21
-3.7664012992125984
0
LINE
8
BLACK
6
CONTINUOUS
10
6.4330314960629922
20
-3.7664012992125984
11
6.4267017322834645
21
-3.7664141732283465
0
LINE
8
BLACK
6
CONTINUOUS
10
6.4267017322834645
20
-3.7664141732283465
11
6.4188253543307088
21
-3.7743693700787402
0
LINE
8
BLACK
6
CONTINUOUS
10
6.4188253543307088
20
-3.7743693700787402
11
6.4188976377952756
21
-3.8271772047244093
0
LINE
8
BLACK
6
CONTINUOUS
10
6.4188976377952756
20
-3.8271772047244093
11
6.4188220078740157
21
-3.827945275590551
0
LINE
8
BLACK
6
CONTINUOUS
10
6.4188220078740157
20
-3.827945275590551
11
6.4185598425196853
21
-3.8285781889763779
0
LINE
8
BLACK
6
CONTINUOUS
10
6.4185598425196853
20
-3.8285781889763779
11
6.4182341338582676
21
-3.8293645275590551
0
LINE
8
BLACK
6
CONTINUOUS
10
6.4182341338582676
20
-3.8293645275590551
11
6.4031894488188978
21
-3.844516181102362
0
LINE
8
BLACK
6
CONTINUOUS
10
6.4031894488188978
20
-3.844516181102362
11
6.4025928346456693
21
-3.8450057874015746
0
LINE
8
BLACK
6
CONTINUOUS
10
6.4025928346456693
20
-3.8450057874015746
11
6.4011736220472439
21
-3.8455936614173227
0
LINE
8
BLACK
6
CONTINUOUS
10
6.4011736220472439
20
-3.8455936614173227
11
6.3165354330708663
21
-3.8456692913385826
0
LINE
8
BLACK
6
CONTINUOUS
10
6.3165354330708663
20
-3.8456692913385826
11
6.3157673622047241
21
-3.8455936614173227
0
LINE
8
BLACK
6
CONTINUOUS
10
6.3157673622047241
20
-3.8455936614173227
11
6.3143481496062988
21
-3.8450057874015746
0
LINE
8
BLACK
6
CONTINUOUS
10
6.3143481496062988
20
-3.8450057874015746
11
6.2851553149606296
21
-3.8159161023622046
0
LINE
8
BLACK
6
CONTINUOUS
10
6.2851553149606296
20
-3.8159161023622046
11
6.2718309055118109
21
-3.8159567716535432
0
LINE
8
BLACK
6
CONTINUOUS
10
6.2718309055118109
20
-3.8159567716535432
11
6.2716929133858264
21
-3.8159842519685037
0
LINE
8
BLACK
6
CONTINUOUS
10
6.2716929133858264
20
-3.8159842519685037
11
6.2628346456692912
21
-3.8159842519685037
0
LINE
8
BLACK
6
CONTINUOUS
10
6.2628346456692912
20
-3.8159842519685037
11
6.253976377952756
21
-3.8159842519685037
0
LINE
8
BLACK
6
CONTINUOUS
10
6.253976377952756
20
-3.8159842519685037
11
6.2532230708661416
21
-3.815834409448819
0
LINE
8
BLACK
6
CONTINUOUS
10
6.2532230708661416
20
-3.815834409448819
11
6.2525844488188973
21
-3.8154076771653544
0
LINE
8
BLACK
6
CONTINUOUS
10
6.2525844488188973
20
-3.8154076771653544
11
6.2521577165354332
21
-3.8147690551181102
0
LINE
8
BLACK
6
CONTINUOUS
10
6.2521577165354332
20
-3.8147690551181102
11
6.2520078740157476
21
-3.8140157480314958
0
LINE
8
BLACK
6
CONTINUOUS
10
6.2520078740157476
20
-3.8140157480314958
11
6.2520078740157476
21
-3.81007874015748
0
LINE
8
BLACK
6
CONTINUOUS
10
6.2520078740157476
20
-3.81007874015748
11
6.2521577165354332
21
-3.8093254330708661
0
LINE
8
BLACK
6
CONTINUOUS
10
6.2521577165354332
20
-3.8093254330708661
11
6.2525844488188973
21
-3.8086868110236218
0
LINE
8
BLACK
6
CONTINUOUS
10
6.2525844488188973
20
-3.8086868110236218
11
6.2532230708661416
21
-3.8082600787401573
0
LINE
8
BLACK
6
CONTINUOUS
10
6.2532230708661416
20
-3.8082600787401573
11
6.253976377952756
21
-3.8081102362204722
0
LINE
8
BLACK
6
CONTINUOUS
10
6.253976377952756
20
-3.8081102362204722
11
6.2716929133858264
21
-3.8081102362204722
0
LINE
8
BLACK
6
CONTINUOUS
10
6.2716929133858264
20
-3.8081102362204722
11
6.2719219291338577
21
-3.8081557874015748
0
LINE
8
BLACK
6
CONTINUOUS
10
6.2719219291338577
20
-3.8081557874015748
11
6.2868503937007869
21
-3.8081102362204722
0
LINE
8
BLACK
6
CONTINUOUS
10
6.2868503937007869
20
-3.8081102362204722
11
6.2876184645669291
21
-3.808185866141732
0
LINE
8
BLACK
6
CONTINUOUS
10
6.2876184645669291
20
-3.808185866141732
11
6.2890376771653544
21
-3.8087737401574802
0
LINE
8
BLACK
6
CONTINUOUS
10
6.2890376771653544
20
-3.8087737401574802
11
6.3182357874015747
21
-3.837868661417323
0
LINE
8
BLACK
6
CONTINUOUS
10
6.3182357874015747
20
-3.837868661417323
11
6.3988680314960629
21
-3.8377966141732283
0
LINE
8
BLACK
6
CONTINUOUS
10
6.3988680314960629
20
-3.8377966141732283
11
6.4110958661417321
21
-3.8254818503937007
0
LINE
8
BLACK
6
CONTINUOUS
10
6.4110958661417321
20
-3.8254818503937007
11
6.4110236220472441
21
-3.7726771653543305
0
LINE
8
BLACK
6
CONTINUOUS
10
6.4110236220472441
20
-3.7726771653543305
11
6.4110992519685039
21
-3.7719090944881888
0
LINE
8
BLACK
6
CONTINUOUS
10
6.4110992519685039
20
-3.7719090944881888
11
6.4116871259842521
21
-3.7704898818897639
0
LINE
8
BLACK
6
CONTINUOUS
10
6.4116871259842521
20
-3.7704898818897639
11
6.4223735826771655
21
-3.7596964566929132
0
LINE
8
BLACK
6
CONTINUOUS
10
6.4223735826771655
20
-3.7596964566929132
11
6.4229701574803144
21
-3.7592068110236219
0
LINE
8
BLACK
6
CONTINUOUS
10
6.4229701574803144
20
-3.7592068110236219
11
6.4233858267716535
21
-3.7590346062992124
0
LINE
8
BLACK
6
CONTINUOUS
10
6.4233858267716535
20
-3.7590346062992124
11
6.4243894094488185
21
-3.7586189370078738
0
LINE
8
BLACK
6
CONTINUOUS
10
6.4243894094488185
20
-3.7586189370078738
11
6.4330314960629922
21
-3.7586013385826771
0
LINE
8
BLACK
6
CONTINUOUS
10
6.4330314960629922
20
-3.7586013385826771
11
6.4330314960629922
21
-3.7536220472440944
0
LINE
8
BLACK
6
CONTINUOUS
10
6.4330314960629922
20
-3.7536220472440944
11
6.49011811023622
21
-3.7536220472440944
0
LINE
8
BLACK
6
CONTINUOUS
10
6.49011811023622
20
-3.7536220472440944
11
6.49011811023622
21
-3.7585690944881889
0
LINE
8
BLACK
6
CONTINUOUS
10
6.49011811023622
20
-3.7585690944881889
11
6.503784960629921
21
-3.7585459055118111
0
LINE
8
BLACK
6
CONTINUOUS
10
6.503784960629921
20
-3.7585459055118111
11
6.5538520078740152
21
-3.7083775590551182
0
LINE
8
BLACK
6
CONTINUOUS
10
6.5538520078740152
20
-3.7083775590551182
11
6.5537795275590547
21
-3.6512401574803151
0
LINE
8
BLACK
6
CONTINUOUS
10
6.5537795275590547
20
-3.6512401574803151
11
6.5538514960629923
21
-3.6505090551181101
0
LINE
8
BLACK
6
CONTINUOUS
10
6.5538514960629923
20
-3.6505090551181101
11
6.553824960629921
21
-3.6395669291338582
0
LINE
8
BLACK
6
CONTINUOUS
10
6.553824960629921
20
-3.6395669291338582
11
6.550108267716535
21
-3.6395669291338582
0
LINE
8
BLACK
6
CONTINUOUS
10
6.550108267716535
20
-3.6395669291338582
11
6.5468125196850391
21
-3.638911377952756
0
LINE
8
BLACK
6
CONTINUOUS
10
6.5468125196850391
20
-3.638911377952756
11
6.544018503937008
21
-3.6370444881889763
0
LINE
8
BLACK
6
CONTINUOUS
10
6.544018503937008
20
-3.6370444881889763
11
6.5421516141732283
21
-3.6342504724409448
0
LINE
8
BLACK
6
CONTINUOUS
10
6.5421516141732283
20
-3.6342504724409448
11
6.5414960629921257
21
-3.6309547244094489
0
LINE
8
BLACK
6
CONTINUOUS
10
6.5414960629921257
20
-3.6309547244094489
11
6.5414960629921257
21
-3.6107775590551179
0
LINE
8
BLACK
6
CONTINUOUS
10
6.5414960629921257
20
-3.6107775590551179
11
6.5421516141732283
21
-3.607481811023622
0
LINE
8
BLACK
6
CONTINUOUS
10
6.5421516141732283
20
-3.607481811023622
11
6.544018503937008
21
-3.6046877952755905
0
LINE
8
BLACK
6
CONTINUOUS
10
6.544018503937008
20
-3.6046877952755905
11
6.5468125196850391
21
-3.6028209055118108
0
LINE
8
BLACK
6
CONTINUOUS
10
6.5468125196850391
20
-3.6028209055118108
11
6.550108267716535
21
-3.6021653543307086
0
LINE
8
BLACK
6
CONTINUOUS
10
6.550108267716535
20
-3.6021653543307086
11
6.5673326771653544
21
-3.6021653543307086
0
LINE
8
BLACK
6
CONTINUOUS
10
6.5673326771653544
20
-3.6021653543307086
11
6.5706284251968503
21
-3.6028209055118108
0
LINE
8
BLACK
6
CONTINUOUS
10
6.1671312598425194
20
-3.8210553543307086
11
6.1677698818897637
21
-3.8214820866141732
0
LINE
8
BLACK
6
CONTINUOUS
10
6.1677698818897637
20
-3.8214820866141732
11
6.1681966141732278
21
-3.8221207086614171
0
LINE
8
BLACK
6
CONTINUOUS
10
6.1681966141732278
20
-3.8221207086614171
11
6.1683464566929134
21
-3.8228740157480314
0
LINE
8
BLACK
6
CONTINUOUS
10
6.1683464566929134
20
-3.8228740157480314
11
6.1683464566929134
21
-3.8405905511811023
0
LINE
8
BLACK
6
CONTINUOUS
10
6.1683464566929134
20
-3.8405905511811023
11
6.1681966141732278
21
-3.8413438582677166
0
LINE
8
BLACK
6
CONTINUOUS
10
6.1681966141732278
20
-3.8413438582677166
11
6.1677698818897637
21
-3.8419824803149605
0
LINE
8
BLACK
6
CONTINUOUS
10
6.1677698818897637
20
-3.8419824803149605
11
6.1671312598425194
21
-3.8424092125984251
0
LINE
8
BLACK
6
CONTINUOUS
10
6.1671312598425194
20
-3.8424092125984251
11
6.1663779527559051
21
-3.8425590551181101
0
LINE
8
BLACK
6
CONTINUOUS
10
6.1663779527559051
20
-3.8425590551181101
11
6.1624409448818893
21
-3.8425590551181101
0
LINE
8
BLACK
6
CONTINUOUS
10
6.1624409448818893
20
-3.8425590551181101
11
6.1616876377952758
21
-3.8424092125984251
0
LINE
8
BLACK
6
CONTINUOUS
10
6.1616876377952758
20
-3.8424092125984251
11
6.1610490157480315
21
-3.8419824803149605
0
LINE
8
BLACK
6
CONTINUOUS
10
6.1610490157480315
20
-3.8419824803149605
11
6.1606222834645665
21
-3.8413438582677166
0
LINE
8
BLACK
6
CONTINUOUS
10
6.1606222834645665
20
-3.8413438582677166
11
6.1604724409448819
21
-3.8405905511811023
0
LINE
8
BLACK
6
CONTINUOUS
10
6.1604724409448819
20
-3.8405905511811023
11
6.1604724409448819
21
-3.8228740157480314
0
LINE
8
BLACK
6
CONTINUOUS
10
6.1604724409448819
20
-3.8228740157480314
11
6.1606222834645665
21
-3.8221207086614171
0
LINE
8
BLACK
6
CONTINUOUS
10
6.1606222834645665
20
-3.8221207086614171
11
6.1610490157480315
21
-3.8214820866141732
0
LINE
8
BLACK
6
CONTINUOUS
10
6.1610490157480315
20
-3.8214820866141732
11
6.1616876377952758
21
-3.8210553543307086
0
LINE
8
BLACK
6
CONTINUOUS
10
6.1616876377952758
20
-3.8210553543307086
11
6.1624409448818893
21
-3.8209055118110236
0
LINE
8
BLACK
6
CONTINUOUS
10
6.1624409448818893
20
-3.8209055118110236
11
6.1663779527559051
21
-3.8209055118110236
0
LINE
8
BLACK
6
CONTINUOUS
10
6.1663779527559051
20
-3.8209055118110236
11
6.1671312598425194
21
-3.8210553543307086
0
LINE
8
BLACK
6
CONTINUOUS
10
6.1828792913385824
20
-3.8210553543307086
11
6.1835179133858267
21
-3.8214820866141732
0
LINE
8
BLACK
6
CONTINUOUS
10
6.1835179133858267
20
-3.8214820866141732
11
6.1839446456692908
21
-3.8221207086614171
0
LINE
8
BLACK
6
CONTINUOUS
10
6.1839446456692908
20
-3.8221207086614171
11
6.1840944881889763
21
-3.8228740157480314
0
LINE
8
BLACK
6
CONTINUOUS
10
6.1840944881889763
20
-3.8228740157480314
11
6.1840944881889763
21
-3.8405905511811023
0
LINE
8
BLACK
6
CONTINUOUS
10
6.1840944881889763
20
-3.8405905511811023
11
6.1839446456692908
21
-3.8413438582677166
0
LINE
8
BLACK
6
CONTINUOUS
10
6.1839446456692908
20
-3.8413438582677166
11
6.1835179133858267
21
-3.8419824803149605
0
LINE
8
BLACK
6
CONTINUOUS
10
6.1835179133858267
20
-3.8419824803149605
11
6.1828792913385824
21
-3.8424092125984251
0
LINE
8
BLACK
6
CONTINUOUS
10
6.1828792913385824
20
-3.8424092125984251
11
6.182125984251968
21
-3.8425590551181101
0
LINE
8
BLACK
6
CONTINUOUS
10
6.182125984251968
20
-3.8425590551181101
11
6.1781889763779523
21
-3.8425590551181101
0
LINE
8
BLACK
6
CONTINUOUS
10
6.1781889763779523
20
-3.8425590551181101
11
6.1774356692913388
21
-3.8424092125984251
0
LINE
8
BLACK
6
CONTINUOUS
10
6.1774356692913388
20
-3.8424092125984251
11
6.1767970472440945
21
-3.8419824803149605
0
LINE
8
BLACK
6
CONTINUOUS
10
6.1767970472440945
20
-3.8419824803149605
11
6.1763703149606295
21
-3.8413438582677166
0
LINE
8
BLACK
6
CONTINUOUS
10
6.1763703149606295
20
-3.8413438582677166
11
6.1762204724409449
21
-3.8405905511811023
0
LINE
8
BLACK
6
CONTINUOUS
10
6.1762204724409449
20
-3.8405905511811023
11
6.1762204724409449
21
-3.8228740157480314
0
LINE
8
BLACK
6
CONTINUOUS
10
6.1762204724409449
20
-3.8228740157480314
11
6.1763703149606295
21
-3.8221207086614171
0
LINE
8
BLACK
6
CONTINUOUS
10
6.1763703149606295
20
-3.8221207086614171
11
6.1767970472440945
21
-3.8214820866141732
0
LINE
8
BLACK
6
CONTINUOUS
10
6.1767970472440945
20
-3.8214820866141732
11
6.1774356692913388
21
-3.8210553543307086
0
LINE
8
BLACK
6
CONTINUOUS
10
6.1774356692913388
20
-3.8210553543307086
11
6.1781889763779523
21
-3.8209055118110236
0
LINE
8
BLACK
6
CONTINUOUS
10
6.1781889763779523
20
-3.8209055118110236
11
6.182125984251968
21
-3.8209055118110236
0
LINE
8
BLACK
6
CONTINUOUS
10
6.182125984251968
20
-3.8209055118110236
11
6.1828792913385824
21
-3.8210553543307086
0
LINE
8
BLACK
6
CONTINUOUS
10
6.1986273228346453
20
-3.8210553543307086
11
6.1992659448818896
21
-3.8214820866141732
0
LINE
8
BLACK
6
CONTINUOUS
10
6.1992659448818896
20
-3.8214820866141732
11
6.1996926771653538
21
-3.8221207086614171
0
LINE
8
BLACK
6
CONTINUOUS
10
6.1996926771653538
20
-3.8221207086614171
11
6.1998425196850393
21
-3.8228740157480314
0
LINE
8
BLACK
6
CONTINUOUS
10
6.1998425196850393
20
-3.8228740157480314
11
6.1998425196850393
21
-3.8405905511811023
0
LINE
8
BLACK
6
CONTINUOUS
10
6.1998425196850393
20
-3.8405905511811023
11
6.1996926771653538
21
-3.8413438582677166
0
LINE
8
BLACK
6
CONTINUOUS
10
6.1996926771653538
20
-3.8413438582677166
11
6.1992659448818896
21
-3.8419824803149605
0
LINE
8
BLACK
6
CONTINUOUS
10
6.1992659448818896
20
-3.8419824803149605
11
6.1986273228346453
21
-3.8424092125984251
0
LINE
8
BLACK
6
CONTINUOUS
10
6.1986273228346453
20
-3.8424092125984251
11
6.197874015748031
21
-3.8425590551181101
0
LINE
8
BLACK
6
CONTINUOUS
10
6.197874015748031
20
-3.8425590551181101
11
6.1939370078740152
21
-3.8425590551181101
0
LINE
8
BLACK
6
CONTINUOUS
10
6.1939370078740152
20
-3.8425590551181101
11
6.1931837007874018
21
-3.8424092125984251
0
LINE
8
BLACK
6
CONTINUOUS
10
6.1931837007874018
20
-3.8424092125984251
11
6.1925450787401575
21
-3.8419824803149605
0
LINE
8
BLACK
6
CONTINUOUS
10
6.1925450787401575
20
-3.8419824803149605
11
6.1921183464566925
21
-3.8413438582677166
0
LINE
8
BLACK
6
CONTINUOUS
10
6.1921183464566925
20
-3.8413438582677166
11
6.1919685039370078
21
-3.8405905511811023
0
LINE
8
BLACK
6
CONTINUOUS
10
6.1919685039370078
20
-3.8405905511811023
11
6.1919685039370078
21
-3.8228740157480314
0
LINE
8
BLACK
6
CONTINUOUS
10
6.1919685039370078
20
-3.8228740157480314
11
6.1921183464566925
21
-3.8221207086614171
0
LINE
8
BLACK
6
CONTINUOUS
10
6.1921183464566925
20
-3.8221207086614171
11
6.1925450787401575
21
-3.8214820866141732
0
LINE
8
BLACK
6
CONTINUOUS
10
6.1925450787401575
20
-3.8214820866141732
11
6.1931837007874018
21
-3.8210553543307086
0
LINE
8
BLACK
6
CONTINUOUS
10
6.1931837007874018
20
-3.8210553543307086
11
6.1939370078740152
21
-3.8209055118110236
0
LINE
8
BLACK
6
CONTINUOUS
10
6.1939370078740152
20
-3.8209055118110236
11
6.197874015748031
21
-3.8209055118110236
0
LINE
8
BLACK
6
CONTINUOUS
10
6.197874015748031
20
-3.8209055118110236
11
6.1986273228346453
21
-3.8210553543307086
0
LINE
8
BLACK
6
CONTINUOUS
10
6.2143753543307083
20
-3.8210553543307086
11
6.2150139763779526
21
-3.8214820866141732
0
LINE
8
BLACK
6
CONTINUOUS
10
6.2150139763779526
20
-3.8214820866141732
11
6.2154407086614176
21
-3.8221207086614171
0
LINE
8
BLACK
6
CONTINUOUS
10
6.2154407086614176
20
-3.8221207086614171
11
6.2155905511811023
21
-3.8228740157480314
0
LINE
8
BLACK
6
CONTINUOUS
10
6.2155905511811023
20
-3.8228740157480314
11
6.2155905511811023
21
-3.8405905511811023
0
LINE
8
BLACK
6
CONTINUOUS
10
6.2155905511811023
20
-3.8405905511811023
11
6.2154407086614176
21
-3.8413438582677166
0
LINE
8
BLACK
6
CONTINUOUS
10
6.2154407086614176
20
-3.8413438582677166
11
6.2150139763779526
21
-3.8419824803149605
0
LINE
8
BLACK
6
CONTINUOUS
10
6.2150139763779526
20
-3.8419824803149605
11
6.2143753543307083
21
-3.8424092125984251
0
LINE
8
BLACK
6
CONTINUOUS
10
6.2143753543307083
20
-3.8424092125984251
11
6.2136220472440939
21
-3.8425590551181101
0
LINE
8
BLACK
6
CONTINUOUS
10
6.2136220472440939
20
-3.8425590551181101
11
6.2096850393700782
21
-3.8425590551181101
0
LINE
8
BLACK
6
CONTINUOUS
10
6.2096850393700782
20
-3.8425590551181101
11
6.2089317322834647
21
-3.8424092125984251
0
LINE
8
BLACK
6
CONTINUOUS
10
6.2089317322834647
20
-3.8424092125984251
11
6.2082931102362204
21
-3.8419824803149605
0
LINE
8
BLACK
6
CONTINUOUS
10
6.2082931102362204
20
-3.8419824803149605
11
6.2078663779527554
21
-3.8413438582677166
0
LINE
8
BLACK
6
CONTINUOUS
10
6.2078663779527554
20
-3.8413438582677166
11
6.2077165354330708
21
-3.8405905511811023
0
LINE
8
BLACK
6
CONTINUOUS
10
6.2077165354330708
20
-3.8405905511811023
11
6.2077165354330708
21
-3.8228740157480314
0
LINE
8
BLACK
6
CONTINUOUS
10
6.2077165354330708
20
-3.8228740157480314
11
6.2078663779527554
21
-3.8221207086614171
0
LINE
8
BLACK
6
CONTINUOUS
10
6.2078663779527554
20
-3.8221207086614171
11
6.2082931102362204
21
-3.8214820866141732
0
LINE
8
BLACK
6
CONTINUOUS
10
6.2082931102362204
20
-3.8214820866141732
11
6.2089317322834647
21
-3.8210553543307086
0
LINE
8
BLACK
6
CONTINUOUS
10
6.2089317322834647
20
-3.8210553543307086
11
6.2096850393700782
21
-3.8209055118110236
0
LINE
8
BLACK
6
CONTINUOUS
10
6.2096850393700782
20
-3.8209055118110236
11
6.2136220472440939
21
-3.8209055118110236
0
LINE
8
BLACK
6
CONTINUOUS
10
6.2136220472440939
20
-3.8209055118110236
11
6.2143753543307083
21
-3.8210553543307086
0
LINE
8
BLACK
6
CONTINUOUS
10
6.2301233858267713
20
-3.8210553543307086
11
6.2307620078740156
21
-3.8214820866141732
0
LINE
8
BLACK
6
CONTINUOUS
10
6.2307620078740156
20
-3.8214820866141732
11
6.2311887401574806
21
-3.8221207086614171
0
LINE
8
BLACK
6
CONTINUOUS
10
6.2311887401574806
20
-3.8221207086614171
11
6.2313385826771652
21
-3.8228740157480314
0
LINE
8
BLACK
6
CONTINUOUS
10
6.2313385826771652
20
-3.8228740157480314
11
6.2313385826771652
21
-3.8405905511811023
0
LINE
8
BLACK
6
CONTINUOUS
10
6.2313385826771652
20
-3.8405905511811023
11
6.2311887401574806
21
-3.8413438582677166
0
LINE
8
BLACK
6
CONTINUOUS
10
6.2311887401574806
20
-3.8413438582677166
11
6.2307620078740156
21
-3.8419824803149605
0
LINE
8
BLACK
6
CONTINUOUS
10
6.2307620078740156
20
-3.8419824803149605
11
6.2301233858267713
21
-3.8424092125984251
0
LINE
8
BLACK
6
CONTINUOUS
10
6.2301233858267713
20
-3.8424092125984251
11
6.2293700787401569
21
-3.8425590551181101
0
LINE
8
BLACK
6
CONTINUOUS
10
6.2293700787401569
20
-3.8425590551181101
11
6.2254330708661412
21
-3.8425590551181101
0
LINE
8
BLACK
6
CONTINUOUS
10
6.2254330708661412
20
-3.8425590551181101
11
6.2246797637795277
21
-3.8424092125984251
0
LINE
8
BLACK
6
CONTINUOUS
10
6.2246797637795277
20
-3.8424092125984251
11
6.2240411417322834
21
-3.8419824803149605
0
LINE
8
BLACK
6
CONTINUOUS
10
6.2240411417322834
20
-3.8419824803149605
11
6.2236144094488184
21
-3.8413438582677166
0
LINE
8
BLACK
6
CONTINUOUS
10
6.2236144094488184
20
-3.8413438582677166
11
6.2234645669291337
21
-3.8405905511811023
0
LINE
8
BLACK
6
CONTINUOUS
10
6.2234645669291337
20
-3.8405905511811023
11
6.2234645669291337
21
-3.8228740157480314
0
LINE
8
BLACK
6
CONTINUOUS
10
6.2234645669291337
20
-3.8228740157480314
11
6.2236144094488184
21
-3.8221207086614171
0
LINE
8
BLACK
6
CONTINUOUS
10
6.2236144094488184
20
-3.8221207086614171
11
6.2240411417322834
21
-3.8214820866141732
0
LINE
8
BLACK
6
CONTINUOUS
10
6.2240411417322834
20
-3.8214820866141732
11
6.2246797637795277
21
-3.8210553543307086
0
LINE
8
BLACK
6
CONTINUOUS
10
6.2246797637795277
20
-3.8210553543307086
11
6.2254330708661412
21
-3.8209055118110236
0
LINE
8
BLACK
6
CONTINUOUS
10
6.2254330708661412
20
-3.8209055118110236
11
6.2293700787401569
21
-3.8209055118110236
0
LINE
8
BLACK
6
CONTINUOUS
10
6.2293700787401569
20
-3.8209055118110236
11
6.2301233858267713
21
-3.8210553543307086
0
LINE
8
BLACK
6
CONTINUOUS
10
6.2458714173228342
20
-3.8210553543307086
11
6.2465100393700785
21
-3.8214820866141732
0
LINE
8
BLACK
6
CONTINUOUS
10
6.2465100393700785
20
-3.8214820866141732
11
6.2469367716535436
21
-3.8221207086614171
0
LINE
8
BLACK
6
CONTINUOUS
10
6.2469367716535436
20
-3.8221207086614171
11
6.2470866141732282
21
-3.8228740157480314
0
LINE
8
BLACK
6
CONTINUOUS
10
6.2470866141732282
20
-3.8228740157480314
11
6.2470866141732282
21
-3.8405905511811023
0
LINE
8
BLACK
6
CONTINUOUS
10
6.2470866141732282
20
-3.8405905511811023
11
6.2469367716535436
21
-3.8413438582677166
0
LINE
8
BLACK
6
CONTINUOUS
10
6.2469367716535436
20
-3.8413438582677166
11
6.2465100393700785
21
-3.8419824803149605
0
LINE
8
BLACK
6
CONTINUOUS
10
6.2465100393700785
20
-3.8419824803149605
11
6.2458714173228342
21
-3.8424092125984251
0
LINE
8
BLACK
6
CONTINUOUS
10
6.2458714173228342
20
-3.8424092125984251
11
6.2451181102362208
21
-3.8425590551181101
0
LINE
8
BLACK
6
CONTINUOUS
10
6.2451181102362208
20
-3.8425590551181101
11
6.241181102362205
21
-3.8425590551181101
0
LINE
8
BLACK
6
CONTINUOUS
10
6.241181102362205
20
-3.8425590551181101
11
6.2404277952755907
21
-3.8424092125984251
0
LINE
8
BLACK
6
CONTINUOUS
10
6.2404277952755907
20
-3.8424092125984251
11
6.2397891732283464
21
-3.8419824803149605
0
LINE
8
BLACK
6
CONTINUOUS
10
6.2397891732283464
20
-3.8419824803149605
11
6.2393624409448813
21
-3.8413438582677166
0
LINE
8
BLACK
6
CONTINUOUS
10
6.2393624409448813
20
-3.8413438582677166
11
6.2392125984251967
21
-3.8405905511811023
0
LINE
8
BLACK
6
CONTINUOUS
10
6.2392125984251967
20
-3.8405905511811023
11
6.2392125984251967
21
-3.8228740157480314
0
LINE
8
BLACK
6
CONTINUOUS
10
6.2392125984251967
20
-3.8228740157480314
11
6.2393624409448813
21
-3.8221207086614171
0
LINE
8
BLACK
6
CONTINUOUS
10
6.2393624409448813
20
-3.8221207086614171
11
6.2397891732283464
21
-3.8214820866141732
0
LINE
8
BLACK
6
CONTINUOUS
10
6.2397891732283464
20
-3.8214820866141732
11
6.2404277952755907
21
-3.8210553543307086
0
LINE
8
BLACK
6
CONTINUOUS
10
6.2404277952755907
20
-3.8210553543307086
11
6.241181102362205
21
-3.8209055118110236
0
LINE
8
BLACK
6
CONTINUOUS
10
6.241181102362205
20
-3.8209055118110236
11
6.2451181102362208
21
-3.8209055118110236
0
LINE
8
BLACK
6
CONTINUOUS
10
6.2451181102362208
20
-3.8209055118110236
11
6.2458714173228342
21
-3.8210553543307086
0
LINE
8
BLACK
6
CONTINUOUS
10
6.2719754724409444
20
-3.7924183858267715
11
6.3006495669291338
21
-3.7923622047244092
0
LINE
8
BLACK
6
CONTINUOUS
10
6.3006495669291338
20
-3.7923622047244092
11
6.3014176377952751
21
-3.7924378346456691
0
LINE
8
BLACK
6
CONTINUOUS
10
6.3014176377952751
20
-3.7924378346456691
11
6.3028368503937005
21
-3.7930257086614172
0
LINE
8
BLACK
6
CONTINUOUS
10
6.3028368503937005
20
-3.7930257086614172
11
6.3154706299212595
21
-3.805561023622047
0
LINE
8
BLACK
6
CONTINUOUS
10
6.3154706299212595
20
-3.805561023622047
11
6.3250787401574797
21
-3.8055346062992124
0
LINE
8
BLACK
6
CONTINUOUS
10
6.3250787401574797
20
-3.8055346062992124
11
6.3250787401574797
21
-3.803061023622047
0
LINE
8
BLACK
6
CONTINUOUS
10
6.3250787401574797
20
-3.803061023622047
11
6.3257342913385823
21
-3.7997652755905511
0
LINE
8
BLACK
6
CONTINUOUS
10
6.3257342913385823
20
-3.7997652755905511
11
6.327601181102362
21
-3.7969712598425196
0
LINE
8
BLACK
6
CONTINUOUS
10
6.327601181102362
20
-3.7969712598425196
11
6.330395196850394
21
-3.7951043700787399
0
LINE
8
BLACK
6
CONTINUOUS
10
6.330395196850394
20
-3.7951043700787399
11
6.3336909448818899
21
-3.7944488188976377
0
LINE
8
BLACK
6
CONTINUOUS
10
6.3336909448818899
20
-3.7944488188976377
11
6.3538681102362204
21
-3.7944488188976377
0
LINE
8
BLACK
6
CONTINUOUS
10
6.3538681102362204
20
-3.7944488188976377
11
6.3571638582677163
21
-3.7951043700787399
0
LINE
8
BLACK
6
CONTINUOUS
10
6.3571638582677163
20
-3.7951043700787399
11
6.3599578740157483
21
-3.7969712598425196
0
LINE
8
BLACK
6
CONTINUOUS
10
6.3599578740157483
20
-3.7969712598425196
11
6.3618247637795271
21
-3.7997652755905511
0
LINE
8
BLACK
6
CONTINUOUS
10
6.3618247637795271
20
-3.7997652755905511
11
6.3624803149606297
21
-3.803061023622047
0
LINE
8
BLACK
6
CONTINUOUS
10
6.3624803149606297
20
-3.803061023622047
11
6.3624803149606297
21
-3.8077775590551179
0
LINE
8
BLACK
6
CONTINUOUS
10
6.3624803149606297
20
-3.8077775590551179
11
6.3720455905511812
21
-3.8077607086614171
0
LINE
8
BLACK
6
CONTINUOUS
10
6.3720455905511812
20
-3.8077607086614171
11
6.3724242913385822
21
-3.8053698031496062
0
LINE
8
BLACK
6
CONTINUOUS
10
6.3724242913385822
20
-3.8053698031496062
11
6.3746611417322834
21
-3.8009797637795275
0
LINE
8
BLACK
6
CONTINUOUS
10
6.3746611417322834
20
-3.8009797637795275
11
6.3781451181102362
21
-3.7974957874015747
0
LINE
8
BLACK
6
CONTINUOUS
10
6.3781451181102362
20
-3.7974957874015747
11
6.3825351574803149
21
-3.795258937007874
0
LINE
8
BLACK
6
CONTINUOUS
10
6.3825351574803149
20
-3.795258937007874
11
6.3874015748031496
21
-3.794488188976378
0
LINE
8
BLACK
6
CONTINUOUS
10
6.3874015748031496
20
-3.794488188976378
11
6.3922679921259844
21
-3.795258937007874
0
LINE
8
BLACK
6
CONTINUOUS
10
6.3922679921259844
20
-3.795258937007874
11
6.396658031496063
21
-3.7974957874015747
0
LINE
8
BLACK
6
CONTINUOUS
10
6.396658031496063
20
-3.7974957874015747
11
6.4001420078740159
21
-3.8009797637795275
0
LINE
8
BLACK
6
CONTINUOUS
10
6.4001420078740159
20
-3.8009797637795275
11
6.4023788582677161
21
-3.8053698031496062
0
LINE
8
BLACK
6
CONTINUOUS
10
6.4023788582677161
20
-3.8053698031496062
11
6.4031496062992126
21
-3.8102362204724409
0
LINE
8
BLACK
6
CONTINUOUS
10
6.4031496062992126
20
-3.8102362204724409
11
6.4023788582677161
21
-3.8151026377952757
0
LINE
8
BLACK
6
CONTINUOUS
10
6.4023788582677161
20
-3.8151026377952757
11
6.4001420078740159
21
-3.8194926771653543
0
LINE
8
BLACK
6
CONTINUOUS
10
6.4001420078740159
20
-3.8194926771653543
11
6.396658031496063
21
-3.8229766535433072
0
LINE
8
BLACK
6
CONTINUOUS
10
6.396658031496063
20
-3.8229766535433072
11
6.3922679921259844
21
-3.8252135039370079
0
LINE
8
BLACK
6
CONTINUOUS
10
6.3922679921259844
20
-3.8252135039370079
11
6.3874015748031496
21
-3.8259842519685039
0
LINE
8
BLACK
6
CONTINUOUS
10
6.3874015748031496
20
-3.8259842519685039
11
6.3825351574803149
21
-3.8252135039370079
0
LINE
8
BLACK
6
CONTINUOUS
10
6.3825351574803149
20
-3.8252135039370079
11
6.3781451181102362
21
-3.8229766535433072
0
LINE
8
BLACK
6
CONTINUOUS
10
6.3781451181102362
20
-3.8229766535433072
11
6.3746611417322834
21
-3.8194926771653543
0
LINE
8
BLACK
6
CONTINUOUS
10
6.3746611417322834
20
-3.8194926771653543
11
6.3726570078740155
21
-3.81555937007874
0
LINE
8
BLACK
6
CONTINUOUS
10
6.3726570078740155
20
-3.81555937007874
11
6.3624803149606297
21
-3.8155772834645667
0
LINE
8
BLACK
6
CONTINUOUS
10
6.3624803149606297
20
-3.8155772834645667
11
6.3624803149606297
21
-3.820285433070866
0
LINE
8
BLACK
6
CONTINUOUS
10
6.3624803149606297
20
-3.820285433070866
11
6.3618247637795271
21
-3.8235811811023623
0
LINE
8
BLACK
6
CONTINUOUS
10
6.3618247637795271
20
-3.8235811811023623
11
6.3599578740157483
21
-3.8263751968503934
0
LINE
8
BLACK
6
CONTINUOUS
10
6.3599578740157483
20
-3.8263751968503934
11
6.3571638582677163
21
-3.8282420866141731
0
LINE
8
BLACK
6
CONTINUOUS
10
6.3571638582677163
20
-3.8282420866141731
11
6.3538681102362204
21
-3.8288976377952757
0
LINE
8
BLACK
6
CONTINUOUS
10
6.3538681102362204
20
-3.8288976377952757
11
6.3336909448818899
21
-3.8288976377952757
0
LINE
8
BLACK
6
CONTINUOUS
10
6.3336909448818899
20
-3.8288976377952757
11
6.330395196850394
21
-3.8282420866141731
0
LINE
8
BLACK
6
CONTINUOUS
10
6.330395196850394
20
-3.8282420866141731
11
6.327601181102362
21
-3.8263751968503934
0
LINE
8
BLACK
6
CONTINUOUS
10
6.327601181102362
20
-3.8263751968503934
11
6.3257342913385823
21
-3.8235811811023623
0
LINE
8
BLACK
6
CONTINUOUS
10
6.3257342913385823
20
-3.8235811811023623
11
6.3250787401574797
21
-3.820285433070866
0
LINE
8
BLACK
6
CONTINUOUS
10
6.3250787401574797
20
-3.820285433070866
11
6.3250787401574797
21
-3.8133351181102362
0
LINE
8
BLACK
6
CONTINUOUS
10
6.3250787401574797
20
-3.8133351181102362
11
6.3137795275590554
21
-3.8133661811023623
0
LINE
8
BLACK
6
CONTINUOUS
10
6.3137795275590554
20
-3.8133661811023623
11
6.3130114566929132
21
-3.8132905511811024
0
LINE
8
BLACK
6
CONTINUOUS
10
6.3130114566929132
20
-3.8132905511811024
11
6.3115922440944878
21
-3.812702716535433
0
LINE
8
BLACK
6
CONTINUOUS
10
6.3115922440944878
20
-3.812702716535433
11
6.2989564566929133
21
-3.8001653937007873
0
LINE
8
BLACK
6
CONTINUOUS
10
6.2989564566929133
20
-3.8001653937007873
11
6.271781062992126
21
-3.8002186614173228
0
LINE
8
BLACK
6
CONTINUOUS
10
6.271781062992126
20
-3.8002186614173228
11
6.2716929133858264
21
-3.8002362204724407
0
LINE
8
BLACK
6
CONTINUOUS
10
6.2716929133858264
20
-3.8002362204724407
11
6.2628346456692912
21
-3.8002362204724407
0
LINE
8
BLACK
6
CONTINUOUS
10
6.2628346456692912
20
-3.8002362204724407
11
6.253976377952756
21
-3.8002362204724407
0
LINE
8
BLACK
6
CONTINUOUS
10
6.253976377952756
20
-3.8002362204724407
11
6.2532230708661416
21
-3.8000863779527556
0
LINE
8
BLACK
6
CONTINUOUS
10
6.2532230708661416
20
-3.8000863779527556
11
6.2525844488188973
21
-3.799659645669291
0
LINE
8
BLACK
6
CONTINUOUS
10
6.2525844488188973
20
-3.799659645669291
11
6.2521577165354332
21
-3.7990210236220472
0
LINE
8
BLACK
6
CONTINUOUS
10
6.2521577165354332
20
-3.7990210236220472
11
6.2520078740157476
21
-3.7982677165354328
0
LINE
8
BLACK
6
CONTINUOUS
10
6.2520078740157476
20
-3.7982677165354328
11
6.2520078740157476
21
-3.7943307086614171
0
LINE
8
BLACK
6
CONTINUOUS
10
6.2520078740157476
20
-3.7943307086614171
11
6.2521577165354332
21
-3.7935774015748032
0
LINE
8
BLACK
6
CONTINUOUS
10
6.2521577165354332
20
-3.7935774015748032
11
6.2525844488188973
21
-3.7929387795275589
0
LINE
8
BLACK
6
CONTINUOUS
10
6.2525844488188973
20
-3.7929387795275589
11
6.2532230708661416
21
-3.7925120472440943
0
LINE
8
BLACK
6
CONTINUOUS
10
6.2532230708661416
20
-3.7925120472440943
11
6.253976377952756
21
-3.7923622047244092
0
LINE
8
BLACK
6
CONTINUOUS
10
6.253976377952756
20
-3.7923622047244092
11
6.2716929133858264
21
-3.7923622047244092
0
LINE
8
BLACK
6
CONTINUOUS
10
6.2716929133858264
20
-3.7923622047244092
11
6.2719754724409444
21
-3.7924183858267715
0
LINE
8
BLACK
6
CONTINUOUS
10
6.6442363779527556
20
-3.7952588188976377
11
6.6486264173228342
21
-3.7974956692913384
0
LINE
8
BLACK
6
CONTINUOUS
10
6.6486264173228342
20
-3.7974956692913384
11
6.652110393700787
21
-3.8009796456692913
0
LINE
8
BLACK
6
CONTINUOUS
10
6.652110393700787
20
-3.8009796456692913
11
6.6543472440944882
21
-3.8053696850393699
0
LINE
8
BLACK
6
CONTINUOUS
10
6.6543472440944882
20
-3.8053696850393699
11
6.6550459055118107
21
-3.8097810236220471
0
LINE
8
BLACK
6
CONTINUOUS
10
6.6550459055118107
20
-3.8097810236220471
11
6.6653149606299209
21
-3.8097660236220472
0
LINE
8
BLACK
6
CONTINUOUS
10
6.6653149606299209
20
-3.8097660236220472
11
6.6653149606299209
21
-3.8048031496062991
0
LINE
8
BLACK
6
CONTINUOUS
10
6.6653149606299209
20
-3.8048031496062991
11
6.7224015748031496
21
-3.8048031496062991
0
LINE
8
BLACK
6
CONTINUOUS
10
6.7224015748031496
20
-3.8048031496062991
11
6.7224015748031496
21
-3.8225196850393699
0
LINE
8
BLACK
6
CONTINUOUS
10
6.7224015748031496
20
-3.8225196850393699
11
6.6653149606299209
21
-3.8225196850393699
0
LINE
8
BLACK
6
CONTINUOUS
10
6.6653149606299209
20
-3.8225196850393699
11
6.6653149606299209
21
-3.8175655511811022
0
LINE
8
BLACK
6
CONTINUOUS
10
6.6653149606299209
20
-3.8175655511811022
11
6.6530831496062994
21
-3.8175833858267714
0
LINE
8
BLACK
6
CONTINUOUS
10
6.6530831496062994
20
-3.8175833858267714
11
6.652110393700787
21
-3.8194925590551181
0
LINE
8
BLACK
6
CONTINUOUS
10
6.652110393700787
20
-3.8194925590551181
11
6.6486264173228342
21
-3.8229765354330709
0
LINE
8
BLACK
6
CONTINUOUS
10
6.6486264173228342
20
-3.8229765354330709
11
6.6442363779527556
21
-3.8252133858267716
0
LINE
8
BLACK
6
CONTINUOUS
10
6.6442363779527556
20
-3.8252133858267716
11
6.6393699606299208
21
-3.8259841338582676
0
LINE
8
BLACK
6
CONTINUOUS
10
6.6393699606299208
20
-3.8259841338582676
11
6.634503543307086
21
-3.8252133858267716
0
LINE
8
BLACK
6
CONTINUOUS
10
6.634503543307086
20
-3.8252133858267716
11
6.6301135039370074
21
-3.8229765354330709
0
LINE
8
BLACK
6
CONTINUOUS
10
6.6301135039370074
20
-3.8229765354330709
11
6.6266295275590545
21
-3.8194925590551181
0
LINE
8
BLACK
6
CONTINUOUS
10
6.6266295275590545
20
-3.8194925590551181
11
6.6243926771653543
21
-3.8151025196850394
0
LINE
8
BLACK
6
CONTINUOUS
10
6.6243926771653543
20
-3.8151025196850394
11
6.6236219291338578
21
-3.8102361023622047
0
LINE
8
BLACK
6
CONTINUOUS
10
6.6236219291338578
20
-3.8102361023622047
11
6.6243926771653543
21
-3.8053696850393699
0
LINE
8
BLACK
6
CONTINUOUS
10
6.6243926771653543
20
-3.8053696850393699
11
6.6266295275590545
21
-3.8009796456692913
0
LINE
8
BLACK
6
CONTINUOUS
10
6.6266295275590545
20
-3.8009796456692913
11
6.6301135039370074
21
-3.7974956692913384
0
LINE
8
BLACK
6
CONTINUOUS
10
6.6301135039370074
20
-3.7974956692913384
11
6.634503543307086
21
-3.7952588188976377
0
LINE
8
BLACK
6
CONTINUOUS
10
6.634503543307086
20
-3.7952588188976377
11
6.6393699606299208
21
-3.7944880708661417
0
LINE
8
BLACK
6
CONTINUOUS
10
6.6393699606299208
20
-3.7944880708661417
11
6.6442363779527556
21
-3.7952588188976377
0
LINE
8
BLACK
6
CONTINUOUS
10
6.7224015748031496
20
-3.7831732283464565
11
6.7322440944881885
21
-3.7831496062992125
0
LINE
8
BLACK
6
CONTINUOUS
10
6.7322440944881885
20
-3.7831496062992125
11
6.7332041732283461
21
-3.7832441732283462
0
LINE
8
BLACK
6
CONTINUOUS
10
6.7332041732283461
20
-3.7832441732283462
11
6.7332042125984248
21
-3.7832441732283462
0
LINE
8
BLACK
6
CONTINUOUS
10
6.7332042125984248
20
-3.7832441732283462
11
6.7334236614173228
21
-3.7833350787401572
0
LINE
8
BLACK
6
CONTINUOUS
10
6.7334236614173228
20
-3.7833350787401572
11
6.7349781889763776
21
-3.7839789763779526
0
LINE
8
BLACK
6
CONTINUOUS
10
6.7349781889763776
20
-3.7839789763779526
11
6.7349831889763774
21
-3.7839839763779528
0
LINE
8
BLACK
6
CONTINUOUS
10
6.7349831889763774
20
-3.7839839763779528
11
6.7506222440944876
21
-3.7995000393700789
0
LINE
8
BLACK
6
CONTINUOUS
10
6.7506222440944876
20
-3.7995000393700789
11
6.7874803149606295
21
-3.7994525590551178
0
LINE
8
BLACK
6
CONTINUOUS
10
6.7874803149606295
20
-3.7994525590551178
11
6.7874803149606295
21
-3.7984251968503937
0
LINE
8
BLACK
6
CONTINUOUS
10
6.7874803149606295
20
-3.7984251968503937
11
6.7879298425196852
21
-3.7961652362204723
0
LINE
8
BLACK
6
CONTINUOUS
10
6.7879298425196852
20
-3.7961652362204723
11
6.7892099999999997
21
-3.7942493700787399
0
LINE
8
BLACK
6
CONTINUOUS
10
6.7892099999999997
20
-3.7942493700787399
11
6.7911258661417317
21
-3.7929692125984249
0
LINE
8
BLACK
6
CONTINUOUS
10
6.7911258661417317
20
-3.7929692125984249
11
6.7933858267716536
21
-3.7925196850393701
0
LINE
8
BLACK
6
CONTINUOUS
10
6.7933858267716536
20
-3.7925196850393701
11
6.848503937007874
21
-3.7925196850393701
0
LINE
8
BLACK
6
CONTINUOUS
10
6.848503937007874
20
-3.7925196850393701
11
6.8507638976377949
21
-3.7929692125984249
0
LINE
8
BLACK
6
CONTINUOUS
10
6.8507638976377949
20
-3.7929692125984249
11
6.8526797637795278
21
-3.7942493700787399
0
LINE
8
BLACK
6
CONTINUOUS
10
6.8526797637795278
20
-3.7942493700787399
11
6.8539599212598423
21
-3.7961652362204723
0
LINE
8
BLACK
6
CONTINUOUS
10
6.8539599212598423
20
-3.7961652362204723
11
6.8544094488188971
21
-3.7984251968503937
0
LINE
8
BLACK
6
CONTINUOUS
10
6.8544094488188971
20
-3.7984251968503937
11
6.8544094488188971
21
-3.8102362204724409
0
LINE
8
BLACK
6
CONTINUOUS
10
6.8544094488188971
20
-3.8102362204724409
11
6.8539599212598423
21
-3.8124961811023623
0
LINE
8
BLACK
6
CONTINUOUS
10
6.8539599212598423
20
-3.8124961811023623
11
6.8526797637795278
21
-3.8144120472440943
0
LINE
8
BLACK
6
CONTINUOUS
10
6.8526797637795278
20
-3.8144120472440943
11
6.8507638976377949
21
-3.8156922047244093
0
LINE
8
BLACK
6
CONTINUOUS
10
6.8507638976377949
20
-3.8156922047244093
11
6.848503937007874
21
-3.8161417322834645
0
LINE
8
BLACK
6
CONTINUOUS
10
6.848503937007874
20
-3.8161417322834645
11
6.7933858267716536
21
-3.8161417322834645
0
LINE
8
BLACK
6
CONTINUOUS
10
6.7933858267716536
20
-3.8161417322834645
11
6.7911258661417317
21
-3.8156922047244093
0
LINE
8
BLACK
6
CONTINUOUS
10
6.7911258661417317
20
-3.8156922047244093
11
6.7892099999999997
21
-3.8144120472440943
0
LINE
8
BLACK
6
CONTINUOUS
10
6.7892099999999997
20
-3.8144120472440943
11
6.7879298425196852
21
-3.8124961811023623
0
LINE
8
BLACK
6
CONTINUOUS
10
6.7879298425196852
20
-3.8124961811023623
11
6.7874803149606295
21
-3.8102362204724409
0
LINE
8
BLACK
6
CONTINUOUS
10
6.7874803149606295
20
-3.8102362204724409
11
6.7874803149606295
21
-3.8092017322834644
0
LINE
8
BLACK
6
CONTINUOUS
10
6.7874803149606295
20
-3.8092017322834644
11
6.7485039370078734
21
-3.8092519685039368
0
LINE
8
BLACK
6
CONTINUOUS
10
6.7485039370078734
20
-3.8092519685039368
11
6.7475438582677167
21
-3.8091574015748031
0
LINE
8
BLACK
6
CONTINUOUS
10
6.7475438582677167
20
-3.8091574015748031
11
6.747543818897638
21
-3.8091574015748031
0
LINE
8
BLACK
6
CONTINUOUS
10
6.747543818897638
20
-3.8091574015748031
11
6.746617598425197
21
-3.8087737401574802
0
LINE
8
BLACK
6
CONTINUOUS
10
6.746617598425197
20
-3.8087737401574802
11
6.7457698425196853
21
-3.8084225984251967
0
LINE
8
BLACK
6
CONTINUOUS
10
6.7457698425196853
20
-3.8084225984251967
11
6.7457698031496065
21
-3.808422559055118
0
LINE
8
BLACK
6
CONTINUOUS
10
6.7457698031496065
20
-3.808422559055118
11
6.7301292125984249
21
-3.7929049212598422
0
LINE
8
BLACK
6
CONTINUOUS
10
6.7301292125984249
20
-3.7929049212598422
11
6.7224015748031496
21
-3.7929235039370077
0
LINE
8
BLACK
6
CONTINUOUS
10
6.7224015748031496
20
-3.7929235039370077
11
6.7224015748031496
21
-3.7969291338582676
0
LINE
8
BLACK
6
CONTINUOUS
10
6.7224015748031496
20
-3.7969291338582676
11
6.6653149606299209
21
-3.7969291338582676
0
LINE
8
BLACK
6
CONTINUOUS
10
6.6653149606299209
20
-3.7969291338582676
11
6.6653149606299209
21
-3.7792125984251967
0
LINE
8
BLACK
6
CONTINUOUS
10
6.6653149606299209
20
-3.7792125984251967
11
6.7224015748031496
21
-3.7792125984251967
0
LINE
8
BLACK
6
CONTINUOUS
10
6.7224015748031496
20
-3.7792125984251967
11
6.7224015748031496
21
-3.7831732283464565
0
LINE
8
BLACK
6
CONTINUOUS
10
6.0834849212598421
20
-3.7541852755905509
11
6.0878749606299207
21
-3.7564221259842521
0
LINE
8
BLACK
6
CONTINUOUS
10
6.0878749606299207
20
-3.7564221259842521
11
6.0913589370078736
21
-3.7599061023622045
0
LINE
8
BLACK
6
CONTINUOUS
10
6.0913589370078736
20
-3.7599061023622045
11
6.0935957874015747
21
-3.7642961417322836
0
LINE
8
BLACK
6
CONTINUOUS
10
6.0935957874015747
20
-3.7642961417322836
11
6.0943665354330712
21
-3.7691625590551179
0
LINE
8
BLACK
6
CONTINUOUS
10
6.0943665354330712
20
-3.7691625590551179
11
6.0935957874015747
21
-3.7740289763779526
0
LINE
8
BLACK
6
CONTINUOUS
10
6.0935957874015747
20
-3.7740289763779526
11
6.0922420866141733
21
-3.7766857086614172
0
LINE
8
BLACK
6
CONTINUOUS
10
6.0922420866141733
20
-3.7766857086614172
11
6.1358049999999995
21
-3.7766262992125985
0
LINE
8
BLACK
6
CONTINUOUS
10
6.1358049999999995
20
-3.7766262992125985
11
6.1358661417322837
21
-3.7766141732283462
0
LINE
8
BLACK
6
CONTINUOUS
10
6.1358661417322837
20
-3.7766141732283462
11
6.1535826771653541
21
-3.7766141732283462
0
LINE
8
BLACK
6
CONTINUOUS
10
6.1535826771653541
20
-3.7766141732283462
11
6.1543359842519685
21
-3.7767640157480313
0
LINE
8
BLACK
6
CONTINUOUS
10
6.1543359842519685
20
-3.7767640157480313
11
6.1549746062992128
21
-3.7771907480314959
0
LINE
8
BLACK
6
CONTINUOUS
10
6.1549746062992128
20
-3.7771907480314959
11
6.1554013385826769
21
-3.7778293700787402
0
LINE
8
BLACK
6
CONTINUOUS
10
6.1554013385826769
20
-3.7778293700787402
11
6.1555511811023624
21
-3.7785826771653541
0
LINE
8
BLACK
6
CONTINUOUS
10
6.1555511811023624
20
-3.7785826771653541
11
6.1555511811023624
21
-3.7825196850393699
0
LINE
8
BLACK
6
CONTINUOUS
10
6.1555511811023624
20
-3.7825196850393699
11
6.1554013385826769
21
-3.7832729921259842
0
LINE
8
BLACK
6
CONTINUOUS
10
6.1554013385826769
20
-3.7832729921259842
11
6.1549746062992128
21
-3.7839116141732281
0
LINE
8
BLACK
6
CONTINUOUS
10
6.1549746062992128
20
-3.7839116141732281
11
6.1543359842519685
21
-3.7843383464566926
0
LINE
8
BLACK
6
CONTINUOUS
10
6.1543359842519685
20
-3.7843383464566926
11
6.1535826771653541
21
-3.7844881889763777
0
LINE
8
BLACK
6
CONTINUOUS
10
6.1535826771653541
20
-3.7844881889763777
11
6.1358661417322837
21
-3.7844881889763777
0
LINE
8
BLACK
6
CONTINUOUS
10
6.1358661417322837
20
-3.7844881889763777
11
6.1355540157480313
21
-3.7844261023622048
0
LINE
8
BLACK
6
CONTINUOUS
10
6.1355540157480313
20
-3.7844261023622048
11
6.0900071259842514
21
-3.7844881889763777
0
LINE
8
BLACK
6
CONTINUOUS
10
6.0900071259842514
20
-3.7844881889763777
11
6.0892390551181101
21
-3.7844125590551179
0
LINE
8
BLACK
6
CONTINUOUS
10
6.0892390551181101
20
-3.7844125590551179
11
6.0878198425196848
21
-3.7838246850393702
0
LINE
8
BLACK
6
CONTINUOUS
10
6.0878198425196848
20
-3.7838246850393702
11
6.0865579133858265
21
-3.7825740157480312
0
LINE
8
BLACK
6
CONTINUOUS
10
6.0865579133858265
20
-3.7825740157480312
11
6.0834849212598421
21
-3.7841398425196848
0
LINE
8
BLACK
6
CONTINUOUS
10
6.0834849212598421
20
-3.7841398425196848
11
6.0786185039370073
21
-3.7849105905511808
0
LINE
8
BLACK
6
CONTINUOUS
10
6.0786185039370073
20
-3.7849105905511808
11
6.0737520866141734
21
-3.7841398425196848
0
LINE
8
BLACK
6
CONTINUOUS
10
6.0737520866141734
20
-3.7841398425196848
11
6.0693620472440948
21
-3.7819029921259841
0
LINE
8
BLACK
6
CONTINUOUS
10
6.0693620472440948
20
-3.7819029921259841
11
6.0658780708661419
21
-3.7784190157480313
0
LINE
8
BLACK
6
CONTINUOUS
10
6.0658780708661419
20
-3.7784190157480313
11
6.0636412204724408
21
-3.7740289763779526
0
LINE
8
BLACK
6
CONTINUOUS
10
6.0636412204724408
20
-3.7740289763779526
11
6.0628704724409443
21
-3.7691625590551179
0
LINE
8
BLACK
6
CONTINUOUS
10
6.0628704724409443
20
-3.7691625590551179
11
6.0636412204724408
21
-3.7642961417322836
0
LINE
8
BLACK
6
CONTINUOUS
10
6.0636412204724408
20
-3.7642961417322836
11
6.0658780708661419
21
-3.7599061023622045
0
LINE
8
BLACK
6
CONTINUOUS
10
6.0658780708661419
20
-3.7599061023622045
11
6.0693620472440948
21
-3.7564221259842521
0
LINE
8
BLACK
6
CONTINUOUS
10
6.0693620472440948
20
-3.7564221259842521
11
6.0737520866141734
21
-3.7541852755905509
0
LINE
8
BLACK
6
CONTINUOUS
10
6.0737520866141734
20
-3.7541852755905509
11
6.0786185039370073
21
-3.7534145275590549
0
LINE
8
BLACK
6
CONTINUOUS
10
6.0786185039370073
20
-3.7534145275590549
11
6.0834849212598421
21
-3.7541852755905509
0
LINE
8
BLACK
6
CONTINUOUS
10
6.535023897637795
20
-3.6436841338582675
11
6.5394139370078737
21
-3.6459209842519682
0
LINE
8
BLACK
6
CONTINUOUS
10
6.5394139370078737
20
-3.6459209842519682
11
6.5428979133858265
21
-3.649404960629921
0
LINE
8
BLACK
6
CONTINUOUS
10
6.5428979133858265
20
-3.649404960629921
11
6.5451347637795276
21
-3.6537950000000001
0
LINE
8
BLACK
6
CONTINUOUS
10
6.5451347637795276
20
-3.6537950000000001
11
6.5459055118110232
21
-3.6586614173228345
0
LINE
8
BLACK
6
CONTINUOUS
10
6.5459055118110232
20
-3.6586614173228345
11
6.5451347637795276
21
-3.6635278346456692
0
LINE
8
BLACK
6
CONTINUOUS
10
6.5451347637795276
20
-3.6635278346456692
11
6.5428979133858265
21
-3.6679178740157479
0
LINE
8
BLACK
6
CONTINUOUS
10
6.5428979133858265
20
-3.6679178740157479
11
6.5394139370078737
21
-3.6714018503937007
0
LINE
8
BLACK
6
CONTINUOUS
10
6.5394139370078737
20
-3.6714018503937007
11
6.5359842125984251
21
-3.6731493700787401
0
LINE
8
BLACK
6
CONTINUOUS
10
6.5359842125984251
20
-3.6731493700787401
11
6.5360629921259843
21
-3.7086614173228347
0
LINE
8
BLACK
6
CONTINUOUS
10
6.5360629921259843
20
-3.7086614173228347
11
6.5359495275590547
21
-3.7098135433070865
0
LINE
8
BLACK
6
CONTINUOUS
10
6.5359495275590547
20
-3.7098135433070865
11
6.5358113385826773
21
-3.710147125984252
0
LINE
8
BLACK
6
CONTINUOUS
10
6.5358113385826773
20
-3.710147125984252
11
6.5350677559055113
21
-3.7119423228346458
0
LINE
8
BLACK
6
CONTINUOUS
10
6.5350677559055113
20
-3.7119423228346458
11
6.5061049606299211
21
-3.7410655905511812
0
LINE
8
BLACK
6
CONTINUOUS
10
6.5061049606299211
20
-3.7410655905511812
11
6.5052100393700787
21
-3.7418000393700788
0
LINE
8
BLACK
6
CONTINUOUS
10
6.5052100393700787
20
-3.7418000393700788
11
6.5041665748031496
21
-3.7422322440944882
0
LINE
8
BLACK
6
CONTINUOUS
10
6.5041665748031496
20
-3.7422322440944882
11
6.5030812598425198
21
-3.7426818110236217
0
LINE
8
BLACK
6
CONTINUOUS
10
6.5030812598425198
20
-3.7426818110236217
11
6.49011811023622
21
-3.742717244094488
0
LINE
8
BLACK
6
CONTINUOUS
10
6.49011811023622
20
-3.742717244094488
11
6.49011811023622
21
-3.7457480314960629
0
LINE
8
BLACK
6
CONTINUOUS
10
6.49011811023622
20
-3.7457480314960629
11
6.4330314960629922
21
-3.7457480314960629
0
LINE
8
BLACK
6
CONTINUOUS
10
6.4330314960629922
20
-3.7457480314960629
11
6.4330314960629922
21
-3.740810748031496
0
LINE
8
BLACK
6
CONTINUOUS
10
6.4330314960629922
20
-3.740810748031496
11
6.4266885826771656
21
-3.7408236220472442
0
LINE
8
BLACK
6
CONTINUOUS
10
6.4266885826771656
20
-3.7408236220472442
11
6.3842799606299208
21
-3.7833350787401572
0
LINE
8
BLACK
6
CONTINUOUS
10
6.3842799606299208
20
-3.7833350787401572
11
6.3836833464566931
21
-3.7838246850393702
0
LINE
8
BLACK
6
CONTINUOUS
10
6.3836833464566931
20
-3.7838246850393702
11
6.3822641338582677
21
-3.7844125590551179
0
LINE
8
BLACK
6
CONTINUOUS
10
6.3822641338582677
20
-3.7844125590551179
11
6.2775984251968504
21
-3.7844881889763777
0
LINE
8
BLACK
6
CONTINUOUS
10
6.2775984251968504
20
-3.7844881889763777
11
6.2769027165354325
21
-3.7844196850393699
0
LINE
8
BLACK
6
CONTINUOUS
10
6.2769027165354325
20
-3.7844196850393699
11
6.2719151968503937
21
-3.784443937007874
0
LINE
8
BLACK
6
CONTINUOUS
10
6.2719151968503937
20
-3.784443937007874
11
6.2716929133858264
21
-3.7844881889763777
0
LINE
8
BLACK
6
CONTINUOUS
10
6.2716929133858264
20
-3.7844881889763777
11
6.2628346456692912
21
-3.7844881889763777
0
LINE
8
BLACK
6
CONTINUOUS
10
6.2628346456692912
20
-3.7844881889763777
11
6.253976377952756
21
-3.7844881889763777
0
LINE
8
BLACK
6
CONTINUOUS
10
6.253976377952756
20
-3.7844881889763777
11
6.2532230708661416
21
-3.7843383464566926
0
LINE
8
BLACK
6
CONTINUOUS
10
6.2532230708661416
20
-3.7843383464566926
11
6.2525844488188973
21
-3.7839116141732281
0
LINE
8
BLACK
6
CONTINUOUS
10
6.2525844488188973
20
-3.7839116141732281
11
6.2521577165354332
21
-3.7832729921259842
0
LINE
8
BLACK
6
CONTINUOUS
10
6.2521577165354332
20
-3.7832729921259842
11
6.2520078740157476
21
-3.7825196850393699
0
LINE
8
BLACK
6
CONTINUOUS
10
6.2520078740157476
20
-3.7825196850393699
11
6.2520078740157476
21
-3.7785826771653541
0
LINE
8
BLACK
6
CONTINUOUS
10
6.2520078740157476
20
-3.7785826771653541
11
6.2521577165354332
21
-3.7778293700787402
0
LINE
8
BLACK
6
CONTINUOUS
10
6.2521577165354332
20
-3.7778293700787402
11
6.2525844488188973
21
-3.7771907480314959
0
LINE
8
BLACK
6
CONTINUOUS
10
6.2525844488188973
20
-3.7771907480314959
11
6.2532230708661416
21
-3.7767640157480313
0
LINE
8
BLACK
6
CONTINUOUS
10
6.2532230708661416
20
-3.7767640157480313
11
6.253976377952756
21
-3.7766141732283462
0
LINE
8
BLACK
6
CONTINUOUS
10
6.253976377952756
20
-3.7766141732283462
11
6.2716929133858264
21
-3.7766141732283462
0
LINE
8
BLACK
6
CONTINUOUS
10
6.2716929133858264
20
-3.7766141732283462
11
6.2718340157480315
21
-3.7766422047244093
0
LINE
8
BLACK
6
CONTINUOUS
10
6.2718340157480315
20
-3.7766422047244093
11
6.2775984251968504
21
-3.7766141732283462
0
LINE
8
BLACK
6
CONTINUOUS
10
6.2775984251968504
20
-3.7766141732283462
11
6.2783552755905507
21
-3.7766887007874015
0
LINE
8
BLACK
6
CONTINUOUS
10
6.2783552755905507
20
-3.7766887007874015
11
6.3799669291338583
21
-3.7766152755905509
0
LINE
8
BLACK
6
CONTINUOUS
10
6.3799669291338583
20
-3.7766152755905509
11
6.4223735826771655
21
-3.7341058661417321
0
LINE
8
BLACK
6
CONTINUOUS
10
6.4223735826771655
20
-3.7341058661417321
11
6.4229701968503932
21
-3.7336162598425195
0
LINE
8
BLACK
6
CONTINUOUS
10
6.4229701968503932
20
-3.7336162598425195
11
6.4243894094488185
21
-3.7330283858267714
0
LINE
8
BLACK
6
CONTINUOUS
10
6.4243894094488185
20
-3.7330283858267714
11
6.4330314960629922
21
-3.7330107874015748
0
LINE
8
BLACK
6
CONTINUOUS
10
6.4330314960629922
20
-3.7330107874015748
11
6.4330314960629922
21
-3.7280314960629921
0
LINE
8
BLACK
6
CONTINUOUS
10
6.4330314960629922
20
-3.7280314960629921
11
6.49011811023622
21
-3.7280314960629921
0
LINE
8
BLACK
6
CONTINUOUS
10
6.49011811023622
20
-3.7280314960629921
11
6.49011811023622
21
-3.7310165354330707
0
LINE
8
BLACK
6
CONTINUOUS
10
6.49011811023622
20
-3.7310165354330707
11
6.4996227165354332
21
-3.7309905511811023
0
LINE
8
BLACK
6
CONTINUOUS
10
6.4996227165354332
20
-3.7309905511811023
11
6.5243572047244092
21
-3.7061189763779527
0
LINE
8
BLACK
6
CONTINUOUS
10
6.5243572047244092
20
-3.7061189763779527
11
6.5242840157480311
21
-3.673125590551181
0
LINE
8
BLACK
6
CONTINUOUS
10
6.5242840157480311
20
-3.673125590551181
11
6.5209010236220468
21
-3.6714018503937007
0
LINE
8
BLACK
6
CONTINUOUS
10
6.5209010236220468
20
-3.6714018503937007
11
6.517417047244094
21
-3.6679178740157479
0
LINE
8
BLACK
6
CONTINUOUS
10
6.517417047244094
20
-3.6679178740157479
11
6.5151801968503937
21
-3.6635278346456692
0
LINE
8
BLACK
6
CONTINUOUS
10
6.5151801968503937
20
-3.6635278346456692
11
6.5144094488188973
21
-3.6586614173228345
0
LINE
8
BLACK
6
CONTINUOUS
10
6.5144094488188973
20
-3.6586614173228345
11
6.5151801968503937
21
-3.6537950000000001
0
LINE
8
BLACK
6
CONTINUOUS
10
6.5151801968503937
20
-3.6537950000000001
11
6.517417047244094
21
-3.649404960629921
0
LINE
8
BLACK
6
CONTINUOUS
10
6.517417047244094
20
-3.649404960629921
11
6.5209010236220468
21
-3.6459209842519682
0
LINE
8
BLACK
6
CONTINUOUS
10
6.5209010236220468
20
-3.6459209842519682
11
6.5252910629921255
21
-3.6436841338582675
0
LINE
8
BLACK
6
CONTINUOUS
10
6.5252910629921255
20
-3.6436841338582675
11
6.5301574803149602
21
-3.6429133858267715
0
LINE
8
BLACK
6
CONTINUOUS
10
6.5301574803149602
20
-3.6429133858267715
11
6.535023897637795
21
-3.6436841338582675
0
LINE
8
BLACK
6
CONTINUOUS
10
6.6402994881889761
20
-3.7440778346456693
11
6.6446895275590547
21
-3.74631468503937
0
LINE
8
BLACK
6
CONTINUOUS
10
6.6446895275590547
20
-3.74631468503937
11
6.6481735039370076
21
-3.7497986614173229
0
LINE
8
BLACK
6
CONTINUOUS
10
6.6481735039370076
20
-3.7497986614173229
11
6.6504103543307087
21
-3.7541887007874015
0
LINE
8
BLACK
6
CONTINUOUS
10
6.6504103543307087
20
-3.7541887007874015
11
6.651109212598425
21
-3.7586012598425196
0
LINE
8
BLACK
6
CONTINUOUS
10
6.651109212598425
20
-3.7586012598425196
11
6.6653149606299209
21
-3.7585820078740158
0
LINE
8
BLACK
6
CONTINUOUS
10
6.6653149606299209
20
-3.7585820078740158
11
6.6653149606299209
21
-3.7536220472440944
0
LINE
8
BLACK
6
CONTINUOUS
10
6.6653149606299209
20
-3.7536220472440944
11
6.7224015748031496
21
-3.7536220472440944
0
LINE
8
BLACK
6
CONTINUOUS
10
6.7224015748031496
20
-3.7536220472440944
11
6.7224015748031496
21
-3.7713385826771653
0
LINE
8
BLACK
6
CONTINUOUS
10
6.7224015748031496
20
-3.7713385826771653
11
6.6653149606299209
21
-3.7713385826771653
0
LINE
8
BLACK
6
CONTINUOUS
10
6.6653149606299209
20
-3.7713385826771653
11
6.6653149606299209
21
-3.7663814173228345
0
LINE
8
BLACK
6
CONTINUOUS
10
6.6653149606299209
20
-3.7663814173228345
11
6.6491457874015749
21
-3.7664033464566926
0
LINE
8
BLACK
6
CONTINUOUS
10
6.6491457874015749
20
-3.7664033464566926
11
6.6481735039370076
21
-3.7683115748031497
0
LINE
8
BLACK
6
CONTINUOUS
10
6.6481735039370076
20
-3.7683115748031497
11
6.6446895275590547
21
-3.7717955511811021
0
LINE
8
BLACK
6
CONTINUOUS
10
6.6446895275590547
20
-3.7717955511811021
11
6.6402994881889761
21
-3.7740324015748032
0
LINE
8
BLACK
6
CONTINUOUS
10
6.6402994881889761
20
-3.7740324015748032
11
6.6354330708661413
21
-3.7748031496062993
0
LINE
8
BLACK
6
CONTINUOUS
10
6.6354330708661413
20
-3.7748031496062993
11
6.6305666535433065
21
-3.7740324015748032
0
LINE
8
BLACK
6
CONTINUOUS
10
6.6305666535433065
20
-3.7740324015748032
11
6.6261766141732279
21
-3.7717955511811021
0
LINE
8
BLACK
6
CONTINUOUS
10
6.6261766141732279
20
-3.7717955511811021
11
6.6226926377952751
21
-3.7683115748031497
0
LINE
8
BLACK
6
CONTINUOUS
10
6.6226926377952751
20
-3.7683115748031497
11
6.6204557874015748
21
-3.7639215354330706
0
LINE
8
BLACK
6
CONTINUOUS
10
6.6204557874015748
20
-3.7639215354330706
11
6.6196850393700783
21
-3.7590551181102363
0
LINE
8
BLACK
6
CONTINUOUS
10
6.6196850393700783
20
-3.7590551181102363
11
6.6204557874015748
21
-3.7541887007874015
0
LINE
8
BLACK
6
CONTINUOUS
10
6.6204557874015748
20
-3.7541887007874015
11
6.6226926377952751
21
-3.7497986614173229
0
LINE
8
BLACK
6
CONTINUOUS
10
6.6226926377952751
20
-3.7497986614173229
11
6.6261766141732279
21
-3.74631468503937
0
LINE
8
BLACK
6
CONTINUOUS
10
6.6261766141732279
20
-3.74631468503937
11
6.6305666535433065
21
-3.7440778346456693
0
LINE
8
BLACK
6
CONTINUOUS
10
6.6305666535433065
20
-3.7440778346456693
11
6.6354330708661413
21
-3.7433070866141733
0
LINE
8
BLACK
6
CONTINUOUS
10
6.6354330708661413
20
-3.7433070866141733
11
6.6402994881889761
21
-3.7440778346456693
0
LINE
8
BLACK
6
CONTINUOUS
10
6.0366914173228343
20
-3.6846319291338583
11
6.0394854330708663
21
-3.6864988188976375
0
LINE
8
BLACK
6
CONTINUOUS
10
6.0394854330708663
20
-3.6864988188976375
11
6.041352322834646
21
-3.689292834645669
0
LINE
8
BLACK
6
CONTINUOUS
10
6.041352322834646
20
-3.689292834645669
11
6.0420078740157477
21
-3.6925885826771654
0
LINE
8
BLACK
6
CONTINUOUS
10
6.0420078740157477
20
-3.6925885826771654
11
6.0420078740157477
21
-3.6987811417322836
0
LINE
8
BLACK
6
CONTINUOUS
10
6.0420078740157477
20
-3.6987811417322836
11
6.0633070866141727
21
-3.6987401574803149
0
LINE
8
BLACK
6
CONTINUOUS
10
6.0633070866141727
20
-3.6987401574803149
11
6.0640751574803149
21
-3.6988157874015748
0
LINE
8
BLACK
6
CONTINUOUS
10
6.0640751574803149
20
-3.6988157874015748
11
6.0654943700787403
21
-3.6994036614173229
0
LINE
8
BLACK
6
CONTINUOUS
10
6.0654943700787403
20
-3.6994036614173229
11
6.0763407086614176
21
-3.7101961417322835
0
LINE
8
BLACK
6
CONTINUOUS
10
6.0763407086614176
20
-3.7101961417322835
11
6.0793855511811019
21
-3.7086447637795277
0
LINE
8
BLACK
6
CONTINUOUS
10
6.0793855511811019
20
-3.7086447637795277
11
6.0842519685039367
21
-3.7078740157480312
0
LINE
8
BLACK
6
CONTINUOUS
10
6.0842519685039367
20
-3.7078740157480312
11
6.0891183858267715
21
-3.7086447637795277
0
LINE
8
BLACK
6
CONTINUOUS
10
6.0891183858267715
20
-3.7086447637795277
11
6.0935084251968501
21
-3.7108816141732284
0
LINE
8
BLACK
6
CONTINUOUS
10
6.0935084251968501
20
-3.7108816141732284
11
6.0969924015748029
21
-3.7143655905511812
0
LINE
8
BLACK
6
CONTINUOUS
10
6.0969924015748029
20
-3.7143655905511812
11
6.0992292519685041
21
-3.7187556299212599
0
LINE
8
BLACK
6
CONTINUOUS
10
6.0992292519685041
20
-3.7187556299212599
11
6.0999999999999996
21
-3.7236220472440946
0
LINE
8
BLACK
6
CONTINUOUS
10
6.0999999999999996
20
-3.7236220472440946
11
6.0992292519685041
21
-3.728488464566929
0
LINE
8
BLACK
6
CONTINUOUS
10
6.0992292519685041
20
-3.728488464566929
11
6.0976844881889765
21
-3.7315201574803147
0
LINE
8
BLACK
6
CONTINUOUS
10
6.0976844881889765
20
-3.7315201574803147
11
6.1027838582677161
21
-3.7365861417322832
0
LINE
8
BLACK
6
CONTINUOUS
10
6.1027838582677161
20
-3.7365861417322832
11
6.1032734645669287
21
-3.7371827559055117
0
LINE
8
BLACK
6
CONTINUOUS
10
6.1032734645669287
20
-3.7371827559055117
11
6.1038613385826768
21
-3.7386019685039371
0
LINE
8
BLACK
6
CONTINUOUS
10
6.1038613385826768
20
-3.7386019685039371
11
6.1038938582677167
21
-3.7397915748031494
0
LINE
8
BLACK
6
CONTINUOUS
10
6.1038938582677167
20
-3.7397915748031494
11
6.1251131496062987
21
-3.7609164173228344
0
LINE
8
BLACK
6
CONTINUOUS
10
6.1251131496062987
20
-3.7609164173228344
11
6.1299606299212597
21
-3.7608661417322833
0
LINE
8
BLACK
6
CONTINUOUS
10
6.1299606299212597
20
-3.7608661417322833
11
6.1306562992125979
21
-3.7609346062992124
0
LINE
8
BLACK
6
CONTINUOUS
10
6.1306562992125979
20
-3.7609346062992124
11
6.1356438188976377
21
-3.7609103543307087
0
LINE
8
BLACK
6
CONTINUOUS
10
6.1356438188976377
20
-3.7609103543307087
11
6.1358661417322837
21
-3.7608661417322833
0
LINE
8
BLACK
6
CONTINUOUS
10
6.1358661417322837
20
-3.7608661417322833
11
6.1535826771653541
21
-3.7608661417322833
0
LINE
8
BLACK
6
CONTINUOUS
10
6.1535826771653541
20
-3.7608661417322833
11
6.1543359842519685
21
-3.7610159842519684
0
LINE
8
BLACK
6
CONTINUOUS
10
6.1543359842519685
20
-3.7610159842519684
11
6.1549746062992128
21
-3.7614427165354329
0
LINE
8
BLACK
6
CONTINUOUS
10
6.1549746062992128
20
-3.7614427165354329
11
6.1554013385826769
21
-3.7620813385826772
0
LINE
8
BLACK
6
CONTINUOUS
10
6.1554013385826769
20
-3.7620813385826772
11
6.1555511811023624
21
-3.7628346456692912
0
LINE
8
BLACK
6
CONTINUOUS
10
6.1555511811023624
20
-3.7628346456692912
11
6.1555511811023624
21
-3.7667716535433069
0
LINE
8
BLACK
6
CONTINUOUS
10
6.1555511811023624
20
-3.7667716535433069
11
6.1554013385826769
21
-3.7675249606299213
0
LINE
8
BLACK
6
CONTINUOUS
10
6.1554013385826769
20
-3.7675249606299213
11
6.1549746062992128
21
-3.7681635826771651
0
LINE
8
BLACK
6
CONTINUOUS
10
6.1549746062992128
20
-3.7681635826771651
11
6.1543359842519685
21
-3.7685903149606297
0
LINE
8
BLACK
6
CONTINUOUS
10
6.1543359842519685
20
-3.7685903149606297
11
6.1535826771653541
21
-3.7687401574803148
0
LINE
8
BLACK
6
CONTINUOUS
10
6.1535826771653541
20
-3.7687401574803148
11
6.1358661417322837
21
-3.7687401574803148
0
LINE
8
BLACK
6
CONTINUOUS
10
6.1358661417322837
20
-3.7687401574803148
11
6.1357249999999999
21
-3.768712086614173
0
LINE
8
BLACK
6
CONTINUOUS
10
6.1357249999999999
20
-3.768712086614173
11
6.1299606299212597
21
-3.7687401574803148
0
LINE
8
BLACK
6
CONTINUOUS
10
6.1299606299212597
20
-3.7687401574803148
11
6.1293389370078737
21
-3.7686789370078739
0
LINE
8
BLACK
6
CONTINUOUS
10
6.1293389370078737
20
-3.7686789370078739
11
6.123437047244094
21
-3.7687401574803148
0
LINE
8
BLACK
6
CONTINUOUS
10
6.123437047244094
20
-3.7687401574803148
11
6.1226689763779527
21
-3.7686645275590549
0
LINE
8
BLACK
6
CONTINUOUS
10
6.1226689763779527
20
-3.7686645275590549
11
6.1212497637795273
21
-3.7680766535433068
0
LINE
8
BLACK
6
CONTINUOUS
10
6.1212497637795273
20
-3.7680766535433068
11
6.0972160629921257
21
-3.7441499606299211
0
LINE
8
BLACK
6
CONTINUOUS
10
6.0972160629921257
20
-3.7441499606299211
11
6.0967264566929131
21
-3.743553346456693
0
LINE
8
BLACK
6
CONTINUOUS
10
6.0967264566929131
20
-3.743553346456693
11
6.096138582677165
21
-3.7421341338582677
0
LINE
8
BLACK
6
CONTINUOUS
10
6.096138582677165
20
-3.7421341338582677
11
6.0961061023622047
21
-3.7409481496062993
0
LINE
8
BLACK
6
CONTINUOUS
10
6.0961061023622047
20
-3.7409481496062993
11
6.0921744094488188
21
-3.7370421653543304
0
LINE
8
BLACK
6
CONTINUOUS
10
6.0921744094488188
20
-3.7370421653543304
11
6.0891183858267715
21
-3.7385993307086611
0
LINE
8
BLACK
6
CONTINUOUS
10
6.0891183858267715
20
-3.7385993307086611
11
6.0842519685039367
21
-3.7393700787401576
0
LINE
8
BLACK
6
CONTINUOUS
10
6.0842519685039367
20
-3.7393700787401576
11
6.0793855511811019
21
-3.7385993307086611
0
LINE
8
BLACK
6
CONTINUOUS
10
6.0793855511811019
20
-3.7385993307086611
11
6.0749955118110233
21
-3.7363624803149604
0
LINE
8
BLACK
6
CONTINUOUS
10
6.0749955118110233
20
-3.7363624803149604
11
6.0715115354330704
21
-3.7328785039370076
0
LINE
8
BLACK
6
CONTINUOUS
10
6.0715115354330704
20
-3.7328785039370076
11
6.0692746850393702
21
-3.728488464566929
0
LINE
8
BLACK
6
CONTINUOUS
10
6.0692746850393702
20
-3.728488464566929
11
6.0685039370078737
21
-3.7236220472440946
0
LINE
8
BLACK
6
CONTINUOUS
10
6.0685039370078737
20
-3.7236220472440946
11
6.0692746850393702
21
-3.7187556299212599
0
LINE
8
BLACK
6
CONTINUOUS
10
6.0692746850393702
20
-3.7187556299212599
11
6.0708253937007877
21
-3.7157121259842518
0
LINE
8
BLACK
6
CONTINUOUS
10
6.0708253937007877
20
-3.7157121259842518
11
6.061610787401575
21
-3.7065432677165355
0
LINE
8
BLACK
6
CONTINUOUS
10
6.061610787401575
20
-3.7065432677165355
11
6.0420078740157477
21
-3.7065809842519686
0
LINE
8
BLACK
6
CONTINUOUS
10
6.0420078740157477
20
-3.7065809842519686
11
6.0420078740157477
21
-3.7127657480314959
0
LINE
8
BLACK
6
CONTINUOUS
10
6.0420078740157477
20
-3.7127657480314959
11
6.041352322834646
21
-3.7160614960629919
0
LINE
8
BLACK
6
CONTINUOUS
10
6.041352322834646
20
-3.7160614960629919
11
6.0394854330708663
21
-3.7188555118110234
0
LINE
8
BLACK
6
CONTINUOUS
10
6.0394854330708663
20
-3.7188555118110234
11
6.0366914173228343
21
-3.7207224015748031
0
LINE
8
BLACK
6
CONTINUOUS
10
6.0366914173228343
20
-3.7207224015748031
11
6.0333956692913384
21
-3.7213779527559052
0
LINE
8
BLACK
6
CONTINUOUS
10
6.0333956692913384
20
-3.7213779527559052
11
6.0161712598425199
21
-3.7213779527559052
0
LINE
8
BLACK
6
CONTINUOUS
10
6.0161712598425199
20
-3.7213779527559052
11
6.0128755118110231
21
-3.7207224015748031
0
LINE
8
BLACK
6
CONTINUOUS
10
6.0128755118110231
20
-3.7207224015748031
11
6.010081496062992
21
-3.7188555118110234
0
LINE
8
BLACK
6
CONTINUOUS
10
6.010081496062992
20
-3.7188555118110234
11
6.0082146062992123
21
-3.7160614960629919
0
LINE
8
BLACK
6
CONTINUOUS
10
6.0082146062992123
20
-3.7160614960629919
11
6.0075590551181097
21
-3.7127657480314959
0
LINE
8
BLACK
6
CONTINUOUS
10
6.0075590551181097
20
-3.7127657480314959
11
6.0075590551181097
21
-3.6925885826771654
0
LINE
8
BLACK
6
CONTINUOUS
10
6.0075590551181097
20
-3.6925885826771654
11
6.0082146062992123
21
-3.689292834645669
0
LINE
8
BLACK
6
CONTINUOUS
10
6.0082146062992123
20
-3.689292834645669
11
6.010081496062992
21
-3.6864988188976375
0
LINE
8
BLACK
6
CONTINUOUS
10
6.010081496062992
20
-3.6864988188976375
11
6.0128755118110231
21
-3.6846319291338583
0
LINE
8
BLACK
6
CONTINUOUS
10
6.0128755118110231
20
-3.6846319291338583
11
6.0161712598425199
21
-3.6839763779527557
0
LINE
8
BLACK
6
CONTINUOUS
10
6.0161712598425199
20
-3.6839763779527557
11
6.0333956692913384
21
-3.6839763779527557
0
LINE
8
BLACK
6
CONTINUOUS
10
6.0333956692913384
20
-3.6839763779527557
11
6.0366914173228343
21
-3.6846319291338583
0
LINE
8
BLACK
6
CONTINUOUS
10
6.3771638582677168
20
-3.7271122440944882
11
6.3799578740157479
21
-3.7289791338582678
0
LINE
8
BLACK
6
CONTINUOUS
10
6.3799578740157479
20
-3.7289791338582678
11
6.3818247637795276
21
-3.7317731496062989
0
LINE
8
BLACK
6
CONTINUOUS
10
6.3818247637795276
20
-3.7317731496062989
11
6.3824803149606302
21
-3.7350688976377953
0
LINE
8
BLACK
6
CONTINUOUS
10
6.3824803149606302
20
-3.7350688976377953
11
6.3824803149606302
21
-3.7522933070866142
0
LINE
8
BLACK
6
CONTINUOUS
10
6.3824803149606302
20
-3.7522933070866142
11
6.3818247637795276
21
-3.7555890551181101
0
LINE
8
BLACK
6
CONTINUOUS
10
6.3818247637795276
20
-3.7555890551181101
11
6.3799578740157479
21
-3.7583830708661417
0
LINE
8
BLACK
6
CONTINUOUS
10
6.3799578740157479
20
-3.7583830708661417
11
6.3771638582677168
21
-3.7602499606299213
0
LINE
8
BLACK
6
CONTINUOUS
10
6.3771638582677168
20
-3.7602499606299213
11
6.37386811023622
21
-3.7609055118110235
0
LINE
8
BLACK
6
CONTINUOUS
10
6.37386811023622
20
-3.7609055118110235
11
6.3536909448818895
21
-3.7609055118110235
0
LINE
8
BLACK
6
CONTINUOUS
10
6.3536909448818895
20
-3.7609055118110235
11
6.3503951968503936
21
-3.7602499606299213
0
LINE
8
BLACK
6
CONTINUOUS
10
6.3503951968503936
20
-3.7602499606299213
11
6.3476011811023625
21
-3.7583830708661417
0
LINE
8
BLACK
6
CONTINUOUS
10
6.3476011811023625
20
-3.7583830708661417
11
6.3459931889763777
21
-3.7559765748031495
0
LINE
8
BLACK
6
CONTINUOUS
10
6.3459931889763777
20
-3.7559765748031495
11
6.3344374409448818
21
-3.7675870472440942
0
LINE
8
BLACK
6
CONTINUOUS
10
6.3344374409448818
20
-3.7675870472440942
11
6.3338408267716533
21
-3.7680766535433068
0
LINE
8
BLACK
6
CONTINUOUS
10
6.3338408267716533
20
-3.7680766535433068
11
6.3324216141732279
21
-3.7686645275590549
0
LINE
8
BLACK
6
CONTINUOUS
10
6.3324216141732279
20
-3.7686645275590549
11
6.2775984251968504
21
-3.7687401574803148
0
LINE
8
BLACK
6
CONTINUOUS
10
6.2775984251968504
20
-3.7687401574803148
11
6.2769027165354325
21
-3.7686716535433069
0
LINE
8
BLACK
6
CONTINUOUS
10
6.2769027165354325
20
-3.7686716535433069
11
6.2719151968503937
21
-3.768695905511811
0
LINE
8
BLACK
6
CONTINUOUS
10
6.2719151968503937
20
-3.768695905511811
11
6.2716929133858264
21
-3.7687401574803148
0
LINE
8
BLACK
6
CONTINUOUS
10
6.2716929133858264
20
-3.7687401574803148
11
6.2628346456692912
21
-3.7687401574803148
0
LINE
8
BLACK
6
CONTINUOUS
10
6.2628346456692912
20
-3.7687401574803148
11
6.253976377952756
21
-3.7687401574803148
0
LINE
8
BLACK
6
CONTINUOUS
10
6.253976377952756
20
-3.7687401574803148
11
6.2532230708661416
21
-3.7685903149606297
0
LINE
8
BLACK
6
CONTINUOUS
10
6.2532230708661416
20
-3.7685903149606297
11
6.2525844488188973
21
-3.7681635826771651
0
LINE
8
BLACK
6
CONTINUOUS
10
6.2525844488188973
20
-3.7681635826771651
11
6.2521577165354332
21
-3.7675249606299213
0
LINE
8
BLACK
6
CONTINUOUS
10
6.2521577165354332
20
-3.7675249606299213
11
6.2520078740157476
21
-3.7667716535433069
0
LINE
8
BLACK
6
CONTINUOUS
10
6.2520078740157476
20
-3.7667716535433069
11
6.2520078740157476
21
-3.7628346456692912
0
LINE
8
BLACK
6
CONTINUOUS
10
6.2520078740157476
20
-3.7628346456692912
11
6.2521577165354332
21
-3.7620813385826772
0
LINE
8
BLACK
6
CONTINUOUS
10
6.2521577165354332
20
-3.7620813385826772
11
6.2525844488188973
21
-3.7614427165354329
0
LINE
8
BLACK
6
CONTINUOUS
10
6.2525844488188973
20
-3.7614427165354329
11
6.2532230708661416
21
-3.7610159842519684
0
LINE
8
BLACK
6
CONTINUOUS
10
6.2532230708661416
20
-3.7610159842519684
11
6.253976377952756
21
-3.7608661417322833
0
LINE
8
BLACK
6
CONTINUOUS
10
6.253976377952756
20
-3.7608661417322833
11
6.2716929133858264
21
-3.7608661417322833
0
LINE
8
BLACK
6
CONTINUOUS
10
6.2716929133858264
20
-3.7608661417322833
11
6.2718340157480315
21
-3.7608941732283463
0
LINE
8
BLACK
6
CONTINUOUS
10
6.2718340157480315
20
-3.7608941732283463
11
6.2775984251968504
21
-3.7608661417322833
0
LINE
8
BLACK
6
CONTINUOUS
10
6.2775984251968504
20
-3.7608661417322833
11
6.2783452362204724
21
-3.7609396456692914
0
LINE
8
BLACK
6
CONTINUOUS
10
6.2783452362204724
20
-3.7609396456692914
11
6.3301194094488187
21
-3.7608682283464567
0
LINE
8
BLACK
6
CONTINUOUS
10
6.3301194094488187
20
-3.7608682283464567
11
6.3450787401574802
21
-3.7458381496062989
0
LINE
8
BLACK
6
CONTINUOUS
10
6.3450787401574802
20
-3.7458381496062989
11
6.3450787401574802
21
-3.7350688976377953
0
LINE
8
BLACK
6
CONTINUOUS
10
6.3450787401574802
20
-3.7350688976377953
11
6.3457342913385828
21
-3.7317731496062989
0
LINE
8
BLACK
6
CONTINUOUS
10
6.3457342913385828
20
-3.7317731496062989
11
6.3476011811023625
21
-3.7289791338582678
0
LINE
8
BLACK
6
CONTINUOUS
10
6.3476011811023625
20
-3.7289791338582678
11
6.3503951968503936
21
-3.7271122440944882
0
LINE
8
BLACK
6
CONTINUOUS
10
6.3503951968503936
20
-3.7271122440944882
11
6.3536909448818895
21
-3.7264566929133855
0
LINE
8
BLACK
6
CONTINUOUS
10
6.3536909448818895
20
-3.7264566929133855
11
6.37386811023622
21
-3.7264566929133855
0
LINE
8
BLACK
6
CONTINUOUS
10
6.37386811023622
20
-3.7264566929133855
11
6.3771638582677168
21
-3.7271122440944882
0
LINE
8
BLACK
6
CONTINUOUS
10
6.7224015748031496
20
-3.6808110236220473
11
6.7322440944881885
21
-3.6807874015748032
0
LINE
8
BLACK
6
CONTINUOUS
10
6.7322440944881885
20
-3.6807874015748032
11
6.7332041732283461
21
-3.6808819685039369
0
LINE
8
BLACK
6
CONTINUOUS
10
6.7332041732283461
20
-3.6808819685039369
11
6.7332042125984248
21
-3.6808819685039369
0
LINE
8
BLACK
6
CONTINUOUS
10
6.7332042125984248
20
-3.6808819685039369
11
6.7337237795275593
21
-3.6810971653543305
0
LINE
8
BLACK
6
CONTINUOUS
10
6.7337237795275593
20
-3.6810971653543305
11
6.7349781889763776
21
-3.6816167716535433
0
LINE
8
BLACK
6
CONTINUOUS
10
6.7349781889763776
20
-3.6816167716535433
11
6.7349823228346457
21
-3.681620905511811
0
LINE
8
BLACK
6
CONTINUOUS
10
6.7349823228346457
20
-3.681620905511811
11
6.7491491338582676
21
-3.6956540157480315
0
LINE
8
BLACK
6
CONTINUOUS
10
6.7491491338582676
20
-3.6956540157480315
11
6.7497611811023619
21
-3.6963997637795276
0
LINE
8
BLACK
6
CONTINUOUS
10
6.7497611811023619
20
-3.6963997637795276
11
6.7502915748031498
21
-3.6976803149606297
0
LINE
8
BLACK
6
CONTINUOUS
10
6.7502915748031498
20
-3.6976803149606297
11
6.7504959842519687
21
-3.6981737795275591
0
LINE
8
BLACK
6
CONTINUOUS
10
6.7504959842519687
20
-3.6981737795275591
11
6.7505864960629918
21
-3.7413750787401572
0
LINE
8
BLACK
6
CONTINUOUS
10
6.7505864960629918
20
-3.7413750787401572
11
6.759594212598425
21
-3.7502868897637796
0
LINE
8
BLACK
6
CONTINUOUS
10
6.759594212598425
20
-3.7502868897637796
11
6.7874803149606295
21
-3.7502459448818897
0
LINE
8
BLACK
6
CONTINUOUS
10
6.7874803149606295
20
-3.7502459448818897
11
6.7874803149606295
21
-3.7492125984251969
0
LINE
8
BLACK
6
CONTINUOUS
10
6.7874803149606295
20
-3.7492125984251969
11
6.7879298425196852
21
-3.7469526377952755
0
LINE
8
BLACK
6
CONTINUOUS
10
6.7879298425196852
20
-3.7469526377952755
11
6.7892099999999997
21
-3.7450367716535431
0
LINE
8
BLACK
6
CONTINUOUS
10
6.7892099999999997
20
-3.7450367716535431
11
6.7911258661417317
21
-3.7437566141732281
0
LINE
8
BLACK
6
CONTINUOUS
10
6.7911258661417317
20
-3.7437566141732281
11
6.7933858267716536
21
-3.7433070866141733
0
LINE
8
BLACK
6
CONTINUOUS
10
6.7933858267716536
20
-3.7433070866141733
11
6.848503937007874
21
-3.7433070866141733
0
LINE
8
BLACK
6
CONTINUOUS
10
6.848503937007874
20
-3.7433070866141733
11
6.8507638976377949
21
-3.7437566141732281
0
LINE
8
BLACK
6
CONTINUOUS
10
6.8507638976377949
20
-3.7437566141732281
11
6.8526797637795278
21
-3.7450367716535431
0
LINE
8
BLACK
6
CONTINUOUS
10
6.8526797637795278
20
-3.7450367716535431
11
6.8539599212598423
21
-3.7469526377952755
0
LINE
8
BLACK
6
CONTINUOUS
10
6.8539599212598423
20
-3.7469526377952755
11
6.8544094488188971
21
-3.7492125984251969
0
LINE
8
BLACK
6
CONTINUOUS
10
6.8544094488188971
20
-3.7492125984251969
11
6.8544094488188971
21
-3.7610236220472442
0
LINE
8
BLACK
6
CONTINUOUS
10
6.8544094488188971
20
-3.7610236220472442
11
6.8539599212598423
21
-3.7632835826771651
0
LINE
8
BLACK
6
CONTINUOUS
10
6.8539599212598423
20
-3.7632835826771651
11
6.8526797637795278
21
-3.7651994488188976
0
LINE
8
BLACK
6
CONTINUOUS
10
6.8526797637795278
20
-3.7651994488188976
11
6.8507638976377949
21
-3.7664796062992125
0
LINE
8
BLACK
6
CONTINUOUS
10
6.8507638976377949
20
-3.7664796062992125
11
6.848503937007874
21
-3.7669291338582678
0
LINE
8
BLACK
6
CONTINUOUS
10
6.848503937007874
20
-3.7669291338582678
11
6.7933858267716536
21
-3.7669291338582678
0
LINE
8
BLACK
6
CONTINUOUS
10
6.7933858267716536
20
-3.7669291338582678
11
6.7911258661417317
21
-3.7664796062992125
0
LINE
8
BLACK
6
CONTINUOUS
10
6.7911258661417317
20
-3.7664796062992125
11
6.7892099999999997
21
-3.7651994488188976
0
LINE
8
BLACK
6
CONTINUOUS
10
6.7892099999999997
20
-3.7651994488188976
11
6.7879298425196852
21
-3.7632835826771651
0
LINE
8
BLACK
6
CONTINUOUS
10
6.7879298425196852
20
-3.7632835826771651
11
6.7874803149606295
21
-3.7610236220472442
0
LINE
8
BLACK
6
CONTINUOUS
10
6.7874803149606295
20
-3.7610236220472442
11
6.7874803149606295
21
-3.75999531496063
0
LINE
8
BLACK
6
CONTINUOUS
10
6.7874803149606295
20
-3.75999531496063
11
6.7574803149606302
21
-3.76003937007874
0
LINE
8
BLACK
6
CONTINUOUS
10
6.7574803149606302
20
-3.76003937007874
11
6.7565202362204726
21
-3.7599448031496063
0
LINE
8
BLACK
6
CONTINUOUS
10
6.7565202362204726
20
-3.7599448031496063
11
6.7565201968503938
21
-3.7599448031496063
0
LINE
8
BLACK
6
CONTINUOUS
10
6.7565201968503938
20
-3.7599448031496063
11
6.7559206692913385
21
-3.7596964566929132
0
LINE
8
BLACK
6
CONTINUOUS
10
6.7559206692913385
20
-3.7596964566929132
11
6.7547462204724411
21
-3.7592099999999999
0
LINE
8
BLACK
6
CONTINUOUS
10
6.7547462204724411
20
-3.7592099999999999
11
6.7547425196850392
21
-3.7592062992125985
0
LINE
8
BLACK
6
CONTINUOUS
10
6.7547425196850392
20
-3.7592062992125985
11
6.7421894488188974
21
-3.746786929133858
0
LINE
8
BLACK
6
CONTINUOUS
10
6.7421894488188974
20
-3.746786929133858
11
6.7415775984251969
21
-3.7460413779527557
0
LINE
8
BLACK
6
CONTINUOUS
10
6.7415775984251969
20
-3.7460413779527557
11
6.7415774015748031
21
-3.7460411811023619
0
LINE
8
BLACK
6
CONTINUOUS
10
6.7415774015748031
20
-3.7460411811023619
11
6.7408425984251963
21
-3.7442671653543305
0
LINE
8
BLACK
6
CONTINUOUS
10
6.7408425984251963
20
-3.7442671653543305
11
6.7407520472440945
21
-3.7010631889763776
0
LINE
8
BLACK
6
CONTINUOUS
10
6.7407520472440945
20
-3.7010631889763776
11
6.7301313779527554
21
-3.690542716535433
0
LINE
8
BLACK
6
CONTINUOUS
10
6.7301313779527554
20
-3.690542716535433
11
6.7224015748031496
21
-3.6905612992125985
0
LINE
8
BLACK
6
CONTINUOUS
10
6.7224015748031496
20
-3.6905612992125985
11
6.7224015748031496
21
-3.6945669291338583
0
LINE
8
BLACK
6
CONTINUOUS
10
6.7224015748031496
20
-3.6945669291338583
11
6.6653149606299209
21
-3.6945669291338583
0
LINE
8
BLACK
6
CONTINUOUS
10
6.6653149606299209
20
-3.6945669291338583
11
6.6653149606299209
21
-3.6768503937007875
0
LINE
8
BLACK
6
CONTINUOUS
10
6.6653149606299209
20
-3.6768503937007875
11
6.7224015748031496
21
-3.6768503937007875
0
LINE
8
BLACK
6
CONTINUOUS
10
6.7224015748031496
20
-3.6768503937007875
11
6.7224015748031496
21
-3.6808110236220473
0
LINE
8
BLACK
6
CONTINUOUS
10
6.3214018503937011
20
-3.7222668110236219
11
6.3257918897637797
21
-3.7245036614173226
0
LINE
8
BLACK
6
CONTINUOUS
10
6.3257918897637797
20
-3.7245036614173226
11
6.3292758661417325
21
-3.7279876377952754
0
LINE
8
BLACK
6
CONTINUOUS
10
6.3292758661417325
20
-3.7279876377952754
11
6.330646377952756
21
-3.730677440944882
0
LINE
8
BLACK
6
CONTINUOUS
10
6.330646377952756
20
-3.730677440944882
11
6.3316429921259845
21
-3.7312848818897635
0
LINE
8
BLACK
6
CONTINUOUS
10
6.3316429921259845
20
-3.7312848818897635
11
6.3328643700787399
21
-3.7337990551181099
0
LINE
8
BLACK
6
CONTINUOUS
10
6.3328643700787399
20
-3.7337990551181099
11
6.332933070866142
21
-3.734621771653543
0
LINE
8
BLACK
6
CONTINUOUS
10
6.332933070866142
20
-3.734621771653543
11
6.332933070866142
21
-3.7387245669291338
0
LINE
8
BLACK
6
CONTINUOUS
10
6.332933070866142
20
-3.7387245669291338
11
6.332145590551181
21
-3.741406496062992
0
LINE
8
BLACK
6
CONTINUOUS
10
6.332145590551181
20
-3.741406496062992
11
6.3314801181102363
21
-3.7422322440944882
0
LINE
8
BLACK
6
CONTINUOUS
10
6.3314801181102363
20
-3.7422322440944882
11
6.3314201181102359
21
-3.7422922047244094
0
LINE
8
BLACK
6
CONTINUOUS
10
6.3314201181102359
20
-3.7422922047244094
11
6.3292758661417325
21
-3.7465005511811023
0
LINE
8
BLACK
6
CONTINUOUS
10
6.3292758661417325
20
-3.7465005511811023
11
6.3257918897637797
21
-3.7499845275590551
0
LINE
8
BLACK
6
CONTINUOUS
10
6.3257918897637797
20
-3.7499845275590551
11
6.3214018503937011
21
-3.7522213779527558
0
LINE
8
BLACK
6
CONTINUOUS
10
6.3214018503937011
20
-3.7522213779527558
11
6.3165354330708663
21
-3.7529921259842518
0
LINE
8
BLACK
6
CONTINUOUS
10
6.3165354330708663
20
-3.7529921259842518
11
6.3116690157480315
21
-3.7522213779527558
0
LINE
8
BLACK
6
CONTINUOUS
10
6.3116690157480315
20
-3.7522213779527558
11
6.3086527952755906
21
-3.7506845275590552
0
LINE
8
BLACK
6
CONTINUOUS
10
6.3086527952755906
20
-3.7506845275590552
11
6.3075083070866143
21
-3.7518390157480312
0
LINE
8
BLACK
6
CONTINUOUS
10
6.3075083070866143
20
-3.7518390157480312
11
6.3069116929133857
21
-3.7523286220472438
0
LINE
8
BLACK
6
CONTINUOUS
10
6.3069116929133857
20
-3.7523286220472438
11
6.3054924803149603
21
-3.7529164960629919
0
LINE
8
BLACK
6
CONTINUOUS
10
6.3054924803149603
20
-3.7529164960629919
11
6.2717725590551181
21
-3.7529762598425198
0
LINE
8
BLACK
6
CONTINUOUS
10
6.2717725590551181
20
-3.7529762598425198
11
6.2716929133858264
21
-3.7529921259842518
0
LINE
8
BLACK
6
CONTINUOUS
10
6.2716929133858264
20
-3.7529921259842518
11
6.2628346456692912
21
-3.7529921259842518
0
LINE
8
BLACK
6
CONTINUOUS
10
6.2628346456692912
20
-3.7529921259842518
11
6.253976377952756
21
-3.7529921259842518
0
LINE
8
BLACK
6
CONTINUOUS
10
6.253976377952756
20
-3.7529921259842518
11
6.2532230708661416
21
-3.7528422834645667
0
LINE
8
BLACK
6
CONTINUOUS
10
6.2532230708661416
20
-3.7528422834645667
11
6.2525844488188973
21
-3.7524155511811021
0
LINE
8
BLACK
6
CONTINUOUS
10
6.2525844488188973
20
-3.7524155511811021
11
6.2521577165354332
21
-3.7517769291338583
0
LINE
8
BLACK
6
CONTINUOUS
10
6.2521577165354332
20
-3.7517769291338583
11
6.2520078740157476
21
-3.7510236220472439
0
LINE
8
BLACK
6
CONTINUOUS
10
6.2520078740157476
20
-3.7510236220472439
11
6.2520078740157476
21
-3.7470866141732282
0
LINE
8
BLACK
6
CONTINUOUS
10
6.2520078740157476
20
-3.7470866141732282
11
6.2521577165354332
21
-3.7463333070866143
0
LINE
8
BLACK
6
CONTINUOUS
10
6.2521577165354332
20
-3.7463333070866143
11
6.2525844488188973
21
-3.74569468503937
0
LINE
8
BLACK
6
CONTINUOUS
10
6.2525844488188973
20
-3.74569468503937
11
6.2532230708661416
21
-3.7452679527559054
0
LINE
8
BLACK
6
CONTINUOUS
10
6.2532230708661416
20
-3.7452679527559054
11
6.253976377952756
21
-3.7451181102362203
0
LINE
8
BLACK
6
CONTINUOUS
10
6.253976377952756
20
-3.7451181102362203
11
6.2716929133858264
21
-3.7451181102362203
0
LINE
8
BLACK
6
CONTINUOUS
10
6.2716929133858264
20
-3.7451181102362203
11
6.2719847244094487
21
-3.7451761417322835
0
LINE
8
BLACK
6
CONTINUOUS
10
6.2719847244094487
20
-3.7451761417322835
11
6.2939876771653545
21
-3.7451371259842521
0
LINE
8
BLACK
6
CONTINUOUS
10
6.2939876771653545
20
-3.7451371259842521
11
6.2936881496062993
21
-3.7430538582677166
0
LINE
8
BLACK
6
CONTINUOUS
10
6.2936881496062993
20
-3.7430538582677166
11
6.2948493307086615
21
-3.7405113385826771
0
LINE
8
BLACK
6
CONTINUOUS
10
6.2948493307086615
20
-3.7405113385826771
11
6.2950906299212601
21
-3.7402521259842518
0
LINE
8
BLACK
6
CONTINUOUS
10
6.2950906299212601
20
-3.7402521259842518
11
6.2994123622047242
21
-3.735930433070866
0
LINE
8
BLACK
6
CONTINUOUS
10
6.2994123622047242
20
-3.735930433070866
11
6.3012933464566929
21
-3.734049409448819
0
LINE
8
BLACK
6
CONTINUOUS
10
6.3012933464566929
20
-3.734049409448819
11
6.3015581496062989
21
-3.7323776771653541
0
LINE
8
BLACK
6
CONTINUOUS
10
6.3015581496062989
20
-3.7323776771653541
11
6.303795
21
-3.7279876377952754
0
LINE
8
BLACK
6
CONTINUOUS
10
6.303795
20
-3.7279876377952754
11
6.3072789763779529
21
-3.7245036614173226
0
LINE
8
BLACK
6
CONTINUOUS
10
6.3072789763779529
20
-3.7245036614173226
11
6.3116690157480315
21
-3.7222668110236219
0
LINE
8
BLACK
6
CONTINUOUS
10
6.3116690157480315
20
-3.7222668110236219
11
6.3165354330708663
21
-3.7214960629921259
0
LINE
8
BLACK
6
CONTINUOUS
10
6.3165354330708663
20
-3.7214960629921259
11
6.3214018503937011
21
-3.7222668110236219
0
LINE
8
BLACK
6
CONTINUOUS
10
6.6087611417322831
20
-3.7087053149606297
11
6.6131511811023618
21
-3.7109421653543304
0
LINE
8
BLACK
6
CONTINUOUS
10
6.6131511811023618
20
-3.7109421653543304
11
6.6166351574803146
21
-3.7144261417322832
0
LINE
8
BLACK
6
CONTINUOUS
10
6.6166351574803146
20
-3.7144261417322832
11
6.6182939370078735
21
-3.7176816535433068
0
LINE
8
BLACK
6
CONTINUOUS
10
6.6182939370078735
20
-3.7176816535433068
11
6.6454091732283462
21
-3.7176196456692914
0
LINE
8
BLACK
6
CONTINUOUS
10
6.6454091732283462
20
-3.7176196456692914
11
6.6463692519685038
21
-3.717714212598425
0
LINE
8
BLACK
6
CONTINUOUS
10
6.6463692519685038
20
-3.717714212598425
11
6.6463692913385826
21
-3.717714212598425
0
LINE
8
BLACK
6
CONTINUOUS
10
6.6463692913385826
20
-3.717714212598425
11
6.6468631496062986
21
-3.717918779527559
0
LINE
8
BLACK
6
CONTINUOUS
10
6.6468631496062986
20
-3.717918779527559
11
6.6481432677165353
21
-3.7184490157480314
0
LINE
8
BLACK
6
CONTINUOUS
10
6.6481432677165353
20
-3.7184490157480314
11
6.6481476771653538
21
-3.7184534251968504
0
LINE
8
BLACK
6
CONTINUOUS
10
6.6481476771653538
20
-3.7184534251968504
11
6.6618706299212596
21
-3.7320547637795274
0
LINE
8
BLACK
6
CONTINUOUS
10
6.6618706299212596
20
-3.7320547637795274
11
6.6653149606299209
21
-3.7320454724409449
0
LINE
8
BLACK
6
CONTINUOUS
10
6.6653149606299209
20
-3.7320454724409449
11
6.6653149606299209
21
-3.7280314960629921
0
LINE
8
BLACK
6
CONTINUOUS
10
6.6653149606299209
20
-3.7280314960629921
11
6.7224015748031496
21
-3.7280314960629921
0
LINE
8
BLACK
6
CONTINUOUS
10
6.7224015748031496
20
-3.7280314960629921
11
6.7224015748031496
21
-3.7457480314960629
0
LINE
8
BLACK
6
CONTINUOUS
10
6.7224015748031496
20
-3.7457480314960629
11
6.6653149606299209
21
-3.7457480314960629
0
LINE
8
BLACK
6
CONTINUOUS
10
6.6653149606299209
20
-3.7457480314960629
11
6.6653149606299209
21
-3.7417960236220473
0
LINE
8
BLACK
6
CONTINUOUS
10
6.6653149606299209
20
-3.7417960236220473
11
6.6597580314960627
21
-3.7418110236220472
0
LINE
8
BLACK
6
CONTINUOUS
10
6.6597580314960627
20
-3.7418110236220472
11
6.6587979527559051
21
-3.7417164566929131
0
LINE
8
BLACK
6
CONTINUOUS
10
6.6587979527559051
20
-3.7417164566929131
11
6.6570239370078736
21
-3.7409816535433071
0
LINE
8
BLACK
6
CONTINUOUS
10
6.6570239370078736
20
-3.7409816535433071
11
6.6432952755905514
21
-3.7273746062992124
0
LINE
8
BLACK
6
CONTINUOUS
10
6.6432952755905514
20
-3.7273746062992124
11
6.6190492125984246
21
-3.7274300787401575
0
LINE
8
BLACK
6
CONTINUOUS
10
6.6190492125984246
20
-3.7274300787401575
11
6.6188720078740158
21
-3.7285490157480314
0
LINE
8
BLACK
6
CONTINUOUS
10
6.6188720078740158
20
-3.7285490157480314
11
6.6166351574803146
21
-3.7329390551181101
0
LINE
8
BLACK
6
CONTINUOUS
10
6.6166351574803146
20
-3.7329390551181101
11
6.6131511811023618
21
-3.7364230314960629
0
LINE
8
BLACK
6
CONTINUOUS
10
6.6131511811023618
20
-3.7364230314960629
11
6.6087611417322831
21
-3.7386598818897636
0
LINE
8
BLACK
6
CONTINUOUS
10
6.6087611417322831
20
-3.7386598818897636
11
6.6038947244094484
21
-3.7394306299212596
0
LINE
8
BLACK
6
CONTINUOUS
10
6.6038947244094484
20
-3.7394306299212596
11
6.5990283070866136
21
-3.7386598818897636
0
LINE
8
BLACK
6
CONTINUOUS
10
6.5990283070866136
20
-3.7386598818897636
11
6.5946382677165349
21
-3.7364230314960629
0
LINE
8
BLACK
6
CONTINUOUS
10
6.5946382677165349
20
-3.7364230314960629
11
6.5911542913385821
21
-3.7329390551181101
0
LINE
8
BLACK
6
CONTINUOUS
10
6.5911542913385821
20
-3.7329390551181101
11
6.5889174409448819
21
-3.7285490157480314
0
LINE
8
BLACK
6
CONTINUOUS
10
6.5889174409448819
20
-3.7285490157480314
11
6.5881466929133854
21
-3.7236825984251967
0
LINE
8
BLACK
6
CONTINUOUS
10
6.5881466929133854
20
-3.7236825984251967
11
6.5889174409448819
21
-3.7188161811023623
0
LINE
8
BLACK
6
CONTINUOUS
10
6.5889174409448819
20
-3.7188161811023623
11
6.5911542913385821
21
-3.7144261417322832
0
LINE
8
BLACK
6
CONTINUOUS
10
6.5911542913385821
20
-3.7144261417322832
11
6.5946382677165349
21
-3.7109421653543304
0
LINE
8
BLACK
6
CONTINUOUS
10
6.5946382677165349
20
-3.7109421653543304
11
6.5990283070866136
21
-3.7087053149606297
0
LINE
8
BLACK
6
CONTINUOUS
10
6.5990283070866136
20
-3.7087053149606297
11
6.6038947244094484
21
-3.7079345669291337
0
LINE
8
BLACK
6
CONTINUOUS
10
6.6038947244094484
20
-3.7079345669291337
11
6.6087611417322831
21
-3.7087053149606297
0
LINE
8
BLACK
6
CONTINUOUS
10
6.1543359842519685
20
-3.7295199212598424
11
6.1549746062992128
21
-3.729946653543307
0
LINE
8
BLACK
6
CONTINUOUS
10
6.1549746062992128
20
-3.729946653543307
11
6.1554013385826769
21
-3.7305852755905513
0
LINE
8
BLACK
6
CONTINUOUS
10
6.1554013385826769
20
-3.7305852755905513
11
6.1555511811023624
21
-3.7313385826771652
0
LINE
8
BLACK
6
CONTINUOUS
10
6.1555511811023624
20
-3.7313385826771652
11
6.1555511811023624
21
-3.735275590551181
0
LINE
8
BLACK
6
CONTINUOUS
10
6.1555511811023624
20
-3.735275590551181
11
6.1554013385826769
21
-3.7360288976377953
0
LINE
8
BLACK
6
CONTINUOUS
10
6.1554013385826769
20
-3.7360288976377953
11
6.1549746062992128
21
-3.7366675196850392
0
LINE
8
BLACK
6
CONTINUOUS
10
6.1549746062992128
20
-3.7366675196850392
11
6.1543359842519685
21
-3.7370942519685038
0
LINE
8
BLACK
6
CONTINUOUS
10
6.1543359842519685
20
-3.7370942519685038
11
6.1535826771653541
21
-3.7372440944881888
0
LINE
8
BLACK
6
CONTINUOUS
10
6.1535826771653541
20
-3.7372440944881888
11
6.1358661417322837
21
-3.7372440944881888
0
LINE
8
BLACK
6
CONTINUOUS
10
6.1358661417322837
20
-3.7372440944881888
11
6.1351128346456694
21
-3.7370942519685038
0
LINE
8
BLACK
6
CONTINUOUS
10
6.1351128346456694
20
-3.7370942519685038
11
6.1344742125984251
21
-3.7366675196850392
0
LINE
8
BLACK
6
CONTINUOUS
10
6.1344742125984251
20
-3.7366675196850392
11
6.1340474803149601
21
-3.7360288976377953
0
LINE
8
BLACK
6
CONTINUOUS
10
6.1340474803149601
20
-3.7360288976377953
11
6.1338976377952754
21
-3.735275590551181
0
LINE
8
BLACK
6
CONTINUOUS
10
6.1338976377952754
20
-3.735275590551181
11
6.1338976377952754
21
-3.7313385826771652
0
LINE
8
BLACK
6
CONTINUOUS
10
6.1338976377952754
20
-3.7313385826771652
11
6.1340474803149601
21
-3.7305852755905513
0
LINE
8
BLACK
6
CONTINUOUS
10
6.1340474803149601
20
-3.7305852755905513
11
6.1344742125984251
21
-3.729946653543307
0
LINE
8
BLACK
6
CONTINUOUS
10
6.1344742125984251
20
-3.729946653543307
11
6.1351128346456694
21
-3.7295199212598424
0
LINE
8
BLACK
6
CONTINUOUS
10
6.1351128346456694
20
-3.7295199212598424
11
6.1358661417322837
21
-3.7293700787401574
0
LINE
8
BLACK
6
CONTINUOUS
10
6.1358661417322837
20
-3.7293700787401574
11
6.1535826771653541
21
-3.7293700787401574
0
LINE
8
BLACK
6
CONTINUOUS
10
6.1535826771653541
20
-3.7293700787401574
11
6.1543359842519685
21
-3.7295199212598424
0
LINE
8
BLACK
6
CONTINUOUS
10
6.49011811023622
20
-3.6945669291338583
11
6.4330314960629922
21
-3.6945669291338583
0
LINE
8
BLACK
6
CONTINUOUS
10
6.4330314960629922
20
-3.6945669291338583
11
6.4330314960629922
21
-3.6896296456692914
0
LINE
8
BLACK
6
CONTINUOUS
10
6.4330314960629922
20
-3.6896296456692914
11
6.4266906692913386
21
-3.6896425196850391
0
LINE
8
BLACK
6
CONTINUOUS
10
6.4266906692913386
20
-3.6896425196850391
11
6.3990047637795273
21
-3.7174291732283464
0
LINE
8
BLACK
6
CONTINUOUS
10
6.3990047637795273
20
-3.7174291732283464
11
6.3984081496062988
21
-3.717918779527559
0
LINE
8
BLACK
6
CONTINUOUS
10
6.3984081496062988
20
-3.717918779527559
11
6.3969889370078743
21
-3.7185066535433071
0
LINE
8
BLACK
6
CONTINUOUS
10
6.3969889370078743
20
-3.7185066535433071
11
6.3347240944881884
21
-3.718582283464567
0
LINE
8
BLACK
6
CONTINUOUS
10
6.3347240944881884
20
-3.718582283464567
11
6.3339560236220471
21
-3.7185066535433071
0
LINE
8
BLACK
6
CONTINUOUS
10
6.3339560236220471
20
-3.7185066535433071
11
6.3329524409448821
21
-3.7180909448818897
0
LINE
8
BLACK
6
CONTINUOUS
10
6.3329524409448821
20
-3.7180909448818897
11
6.332536771653543
21
-3.717918779527559
0
LINE
8
BLACK
6
CONTINUOUS
10
6.332536771653543
20
-3.717918779527559
11
6.3280853543307085
21
-3.7135530708661415
0
LINE
8
BLACK
6
CONTINUOUS
10
6.3280853543307085
20
-3.7135530708661415
11
6.3044491338582676
21
-3.7136177952755904
0
LINE
8
BLACK
6
CONTINUOUS
10
6.3044491338582676
20
-3.7136177952755904
11
6.2820752362204724
21
-3.7360909842519683
0
LINE
8
BLACK
6
CONTINUOUS
10
6.2820752362204724
20
-3.7360909842519683
11
6.2814786220472438
21
-3.7365805905511809
0
LINE
8
BLACK
6
CONTINUOUS
10
6.2814786220472438
20
-3.7365805905511809
11
6.2800594094488185
21
-3.737168464566929
0
LINE
8
BLACK
6
CONTINUOUS
10
6.2800594094488185
20
-3.737168464566929
11
6.2718928346456693
21
-3.7372042913385828
0
LINE
8
BLACK
6
CONTINUOUS
10
6.2718928346456693
20
-3.7372042913385828
11
6.2716929133858264
21
-3.7372440944881888
0
LINE
8
BLACK
6
CONTINUOUS
10
6.2716929133858264
20
-3.7372440944881888
11
6.2628346456692912
21
-3.7372440944881888
0
LINE
8
BLACK
6
CONTINUOUS
10
6.2628346456692912
20
-3.7372440944881888
11
6.253976377952756
21
-3.7372440944881888
0
LINE
8
BLACK
6
CONTINUOUS
10
6.253976377952756
20
-3.7372440944881888
11
6.2532230708661416
21
-3.7370942519685038
0
LINE
8
BLACK
6
CONTINUOUS
10
6.2532230708661416
20
-3.7370942519685038
11
6.2525844488188973
21
-3.7366675196850392
0
LINE
8
BLACK
6
CONTINUOUS
10
6.2525844488188973
20
-3.7366675196850392
11
6.2521577165354332
21
-3.7360288976377953
0
LINE
8
BLACK
6
CONTINUOUS
10
6.2521577165354332
20
-3.7360288976377953
11
6.2520078740157476
21
-3.735275590551181
0
LINE
8
BLACK
6
CONTINUOUS
10
6.2520078740157476
20
-3.735275590551181
11
6.2520078740157476
21
-3.7313385826771652
0
LINE
8
BLACK
6
CONTINUOUS
10
6.2520078740157476
20
-3.7313385826771652
11
6.2521577165354332
21
-3.7305852755905513
0
LINE
8
BLACK
6
CONTINUOUS
10
6.2521577165354332
20
-3.7305852755905513
11
6.2525844488188973
21
-3.729946653543307
0
LINE
8
BLACK
6
CONTINUOUS
10
6.2525844488188973
20
-3.729946653543307
11
6.2532230708661416
21
-3.7295199212598424
0
LINE
8
BLACK
6
CONTINUOUS
10
6.2532230708661416
20
-3.7295199212598424
11
6.253976377952756
21
-3.7293700787401574
0
LINE
8
BLACK
6
CONTINUOUS
10
6.253976377952756
20
-3.7293700787401574
11
6.2716929133858264
21
-3.7293700787401574
0
LINE
8
BLACK
6
CONTINUOUS
10
6.2716929133858264
20
-3.7293700787401574
11
6.2718570078740159
21
-3.7294027165354331
0
LINE
8
BLACK
6
CONTINUOUS
10
6.2718570078740159
20
-3.7294027165354331
11
6.277753070866142
21
-3.7293768110236218
0
LINE
8
BLACK
6
CONTINUOUS
10
6.277753070866142
20
-3.7293768110236218
11
6.300129566929134
21
-3.7069011023622047
0
LINE
8
BLACK
6
CONTINUOUS
10
6.300129566929134
20
-3.7069011023622047
11
6.3007261417322837
21
-3.7064114566929134
0
LINE
8
BLACK
6
CONTINUOUS
10
6.3007261417322837
20
-3.7064114566929134
11
6.3021453543307082
21
-3.705823622047244
0
LINE
8
BLACK
6
CONTINUOUS
10
6.3021453543307082
20
-3.705823622047244
11
6.3297638188976375
21
-3.7057479921259842
0
LINE
8
BLACK
6
CONTINUOUS
10
6.3297638188976375
20
-3.7057479921259842
11
6.3305318897637797
21
-3.705823622047244
0
LINE
8
BLACK
6
CONTINUOUS
10
6.3305318897637797
20
-3.705823622047244
11
6.3319511023622042
21
-3.7064114960629921
0
LINE
8
BLACK
6
CONTINUOUS
10
6.3319511023622042
20
-3.7064114960629921
11
6.336406299212598
21
-3.7107809055118111
0
LINE
8
BLACK
6
CONTINUOUS
10
6.336406299212598
20
-3.7107809055118111
11
6.3946888582677168
21
-3.710710118110236
0
LINE
8
BLACK
6
CONTINUOUS
10
6.3946888582677168
20
-3.710710118110236
11
6.4223735826771655
21
-3.6829247637795275
0
LINE
8
BLACK
6
CONTINUOUS
10
6.4223735826771655
20
-3.6829247637795275
11
6.4229701968503932
21
-3.6824351574803149
0
LINE
8
BLACK
6
CONTINUOUS
10
6.4229701968503932
20
-3.6824351574803149
11
6.4243894094488185
21
-3.6818472834645668
0
LINE
8
BLACK
6
CONTINUOUS
10
6.4243894094488185
20
-3.6818472834645668
11
6.4330314960629922
21
-3.6818296850393701
0
LINE
8
BLACK
6
CONTINUOUS
10
6.4330314960629922
20
-3.6818296850393701
11
6.4330314960629922
21
-3.6768503937007875
0
LINE
8
BLACK
6
CONTINUOUS
10
6.4330314960629922
20
-3.6768503937007875
11
6.49011811023622
21
-3.6768503937007875
0
LINE
8
BLACK
6
CONTINUOUS
10
6.49011811023622
20
-3.6768503937007875
11
6.49011811023622
21
-3.6945669291338583
0
LINE
8
BLACK
6
CONTINUOUS
10
6.1828792913385824
20
-3.702945118110236
11
6.1835179133858267
21
-3.7033718503937005
0
LINE
8
BLACK
6
CONTINUOUS
10
6.1835179133858267
20
-3.7033718503937005
11
6.1839446456692908
21
-3.7040104724409448
0
LINE
8
BLACK
6
CONTINUOUS
10
6.1839446456692908
20
-3.7040104724409448
11
6.1840944881889763
21
-3.7047637795275588
0
LINE
8
BLACK
6
CONTINUOUS
10
6.1840944881889763
20
-3.7047637795275588
11
6.1840944881889763
21
-3.72248031496063
0
LINE
8
BLACK
6
CONTINUOUS
10
6.1840944881889763
20
-3.72248031496063
11
6.1839446456692908
21
-3.723233622047244
0
LINE
8
BLACK
6
CONTINUOUS
10
6.1839446456692908
20
-3.723233622047244
11
6.1835179133858267
21
-3.7238722440944882
0
LINE
8
BLACK
6
CONTINUOUS
10
6.1835179133858267
20
-3.7238722440944882
11
6.1828792913385824
21
-3.7242989763779528
0
LINE
8
BLACK
6
CONTINUOUS
10
6.1828792913385824
20
-3.7242989763779528
11
6.182125984251968
21
-3.7244488188976379
0
LINE
8
BLACK
6
CONTINUOUS
10
6.182125984251968
20
-3.7244488188976379
11
6.1781889763779523
21
-3.7244488188976379
0
LINE
8
BLACK
6
CONTINUOUS
10
6.1781889763779523
20
-3.7244488188976379
11
6.1774356692913388
21
-3.7242989763779528
0
LINE
8
BLACK
6
CONTINUOUS
10
6.1774356692913388
20
-3.7242989763779528
11
6.1767970472440945
21
-3.7238722440944882
0
LINE
8
BLACK
6
CONTINUOUS
10
6.1767970472440945
20
-3.7238722440944882
11
6.1763703149606295
21
-3.723233622047244
0
LINE
8
BLACK
6
CONTINUOUS
10
6.1763703149606295
20
-3.723233622047244
11
6.1762204724409449
21
-3.72248031496063
0
LINE
8
BLACK
6
CONTINUOUS
10
6.1762204724409449
20
-3.72248031496063
11
6.1762204724409449
21
-3.7047637795275588
0
LINE
8
BLACK
6
CONTINUOUS
10
6.1762204724409449
20
-3.7047637795275588
11
6.1763703149606295
21
-3.7040104724409448
0
LINE
8
BLACK
6
CONTINUOUS
10
6.1763703149606295
20
-3.7040104724409448
11
6.1767970472440945
21
-3.7033718503937005
0
LINE
8
BLACK
6
CONTINUOUS
10
6.1767970472440945
20
-3.7033718503937005
11
6.1774356692913388
21
-3.702945118110236
0
LINE
8
BLACK
6
CONTINUOUS
10
6.1774356692913388
20
-3.702945118110236
11
6.1781889763779523
21
-3.7027952755905509
0
LINE
8
BLACK
6
CONTINUOUS
10
6.1781889763779523
20
-3.7027952755905509
11
6.182125984251968
21
-3.7027952755905509
0
LINE
8
BLACK
6
CONTINUOUS
10
6.182125984251968
20
-3.7027952755905509
11
6.1828792913385824
21
-3.702945118110236
0
LINE
8
BLACK
6
CONTINUOUS
10
6.1986273228346453
20
-3.702945118110236
11
6.1992659448818896
21
-3.7033718503937005
0
LINE
8
BLACK
6
CONTINUOUS
10
6.1992659448818896
20
-3.7033718503937005
11
6.1996926771653538
21
-3.7040104724409448
0
LINE
8
BLACK
6
CONTINUOUS
10
6.1996926771653538
20
-3.7040104724409448
11
6.1998425196850393
21
-3.7047637795275588
0
LINE
8
BLACK
6
CONTINUOUS
10
6.1998425196850393
20
-3.7047637795275588
11
6.1998425196850393
21
-3.72248031496063
0
LINE
8
BLACK
6
CONTINUOUS
10
6.1998425196850393
20
-3.72248031496063
11
6.1996926771653538
21
-3.723233622047244
0
LINE
8
BLACK
6
CONTINUOUS
10
6.1996926771653538
20
-3.723233622047244
11
6.1992659448818896
21
-3.7238722440944882
0
LINE
8
BLACK
6
CONTINUOUS
10
6.1992659448818896
20
-3.7238722440944882
11
6.1986273228346453
21
-3.7242989763779528
0
LINE
8
BLACK
6
CONTINUOUS
10
6.1986273228346453
20
-3.7242989763779528
11
6.197874015748031
21
-3.7244488188976379
0
LINE
8
BLACK
6
CONTINUOUS
10
6.197874015748031
20
-3.7244488188976379
11
6.1939370078740152
21
-3.7244488188976379
0
LINE
8
BLACK
6
CONTINUOUS
10
6.1939370078740152
20
-3.7244488188976379
11
6.1931837007874018
21
-3.7242989763779528
0
LINE
8
BLACK
6
CONTINUOUS
10
6.1931837007874018
20
-3.7242989763779528
11
6.1925450787401575
21
-3.7238722440944882
0
LINE
8
BLACK
6
CONTINUOUS
10
6.1925450787401575
20
-3.7238722440944882
11
6.1921183464566925
21
-3.723233622047244
0
LINE
8
BLACK
6
CONTINUOUS
10
6.1921183464566925
20
-3.723233622047244
11
6.1919685039370078
21
-3.72248031496063
0
LINE
8
BLACK
6
CONTINUOUS
10
6.1919685039370078
20
-3.72248031496063
11
6.1919685039370078
21
-3.7047637795275588
0
LINE
8
BLACK
6
CONTINUOUS
10
6.1919685039370078
20
-3.7047637795275588
11
6.1921183464566925
21
-3.7040104724409448
0
LINE
8
BLACK
6
CONTINUOUS
10
6.1921183464566925
20
-3.7040104724409448
11
6.1925450787401575
21
-3.7033718503937005
0
LINE
8
BLACK
6
CONTINUOUS
10
6.1925450787401575
20
-3.7033718503937005
11
6.1931837007874018
21
-3.702945118110236
0
LINE
8
BLACK
6
CONTINUOUS
10
6.1931837007874018
20
-3.702945118110236
11
6.1939370078740152
21
-3.7027952755905509
0
LINE
8
BLACK
6
CONTINUOUS
10
6.1939370078740152
20
-3.7027952755905509
11
6.197874015748031
21
-3.7027952755905509
0
LINE
8
BLACK
6
CONTINUOUS
10
6.197874015748031
20
-3.7027952755905509
11
6.1986273228346453
21
-3.702945118110236
0
LINE
8
BLACK
6
CONTINUOUS
10
6.2143753543307083
20
-3.702945118110236
11
6.2150139763779526
21
-3.7033718503937005
0
LINE
8
BLACK
6
CONTINUOUS
10
6.2150139763779526
20
-3.7033718503937005
11
6.2154407086614176
21
-3.7040104724409448
0
LINE
8
BLACK
6
CONTINUOUS
10
6.2154407086614176
20
-3.7040104724409448
11
6.2155905511811023
21
-3.7047637795275588
0
LINE
8
BLACK
6
CONTINUOUS
10
6.2155905511811023
20
-3.7047637795275588
11
6.2155905511811023
21
-3.72248031496063
0
LINE
8
BLACK
6
CONTINUOUS
10
6.2155905511811023
20
-3.72248031496063
11
6.2154407086614176
21
-3.723233622047244
0
LINE
8
BLACK
6
CONTINUOUS
10
6.2154407086614176
20
-3.723233622047244
11
6.2150139763779526
21
-3.7238722440944882
0
LINE
8
BLACK
6
CONTINUOUS
10
6.2150139763779526
20
-3.7238722440944882
11
6.2143753543307083
21
-3.7242989763779528
0
LINE
8
BLACK
6
CONTINUOUS
10
6.2143753543307083
20
-3.7242989763779528
11
6.2136220472440939
21
-3.7244488188976379
0
LINE
8
BLACK
6
CONTINUOUS
10
6.2136220472440939
20
-3.7244488188976379
11
6.2096850393700782
21
-3.7244488188976379
0
LINE
8
BLACK
6
CONTINUOUS
10
6.2096850393700782
20
-3.7244488188976379
11
6.2089317322834647
21
-3.7242989763779528
0
LINE
8
BLACK
6
CONTINUOUS
10
6.2089317322834647
20
-3.7242989763779528
11
6.2082931102362204
21
-3.7238722440944882
0
LINE
8
BLACK
6
CONTINUOUS
10
6.2082931102362204
20
-3.7238722440944882
11
6.2078663779527554
21
-3.723233622047244
0
LINE
8
BLACK
6
CONTINUOUS
10
6.2078663779527554
20
-3.723233622047244
11
6.2077165354330708
21
-3.72248031496063
0
LINE
8
BLACK
6
CONTINUOUS
10
6.2077165354330708
20
-3.72248031496063
11
6.2077165354330708
21
-3.7047637795275588
0
LINE
8
BLACK
6
CONTINUOUS
10
6.2077165354330708
20
-3.7047637795275588
11
6.2078663779527554
21
-3.7040104724409448
0
LINE
8
BLACK
6
CONTINUOUS
10
6.2078663779527554
20
-3.7040104724409448
11
6.2082931102362204
21
-3.7033718503937005
0
LINE
8
BLACK
6
CONTINUOUS
10
6.2082931102362204
20
-3.7033718503937005
11
6.2089317322834647
21
-3.702945118110236
0
LINE
8
BLACK
6
CONTINUOUS
10
6.2089317322834647
20
-3.702945118110236
11
6.2096850393700782
21
-3.7027952755905509
0
LINE
8
BLACK
6
CONTINUOUS
10
6.2096850393700782
20
-3.7027952755905509
11
6.2136220472440939
21
-3.7027952755905509
0
LINE
8
BLACK
6
CONTINUOUS
10
6.2136220472440939
20
-3.7027952755905509
11
6.2143753543307083
21
-3.702945118110236
0
LINE
8
BLACK
6
CONTINUOUS
10
6.2301233858267713
20
-3.702945118110236
11
6.2307620078740156
21
-3.7033718503937005
0
LINE
8
BLACK
6
CONTINUOUS
10
6.2307620078740156
20
-3.7033718503937005
11
6.2311887401574806
21
-3.7040104724409448
0
LINE
8
BLACK
6
CONTINUOUS
10
6.2311887401574806
20
-3.7040104724409448
11
6.2313385826771652
21
-3.7047637795275588
0
LINE
8
BLACK
6
CONTINUOUS
10
6.2313385826771652
20
-3.7047637795275588
11
6.2313385826771652
21
-3.72248031496063
0
LINE
8
BLACK
6
CONTINUOUS
10
6.2313385826771652
20
-3.72248031496063
11
6.2311887401574806
21
-3.723233622047244
0
LINE
8
BLACK
6
CONTINUOUS
10
6.2311887401574806
20
-3.723233622047244
11
6.2307620078740156
21
-3.7238722440944882
0
LINE
8
BLACK
6
CONTINUOUS
10
6.2307620078740156
20
-3.7238722440944882
11
6.2301233858267713
21
-3.7242989763779528
0
LINE
8
BLACK
6
CONTINUOUS
10
6.2301233858267713
20
-3.7242989763779528
11
6.2293700787401569
21
-3.7244488188976379
0
LINE
8
BLACK
6
CONTINUOUS
10
6.2293700787401569
20
-3.7244488188976379
11
6.2254330708661412
21
-3.7244488188976379
0
LINE
8
BLACK
6
CONTINUOUS
10
6.2254330708661412
20
-3.7244488188976379
11
6.2246797637795277
21
-3.7242989763779528
0
LINE
8
BLACK
6
CONTINUOUS
10
6.2246797637795277
20
-3.7242989763779528
11
6.2240411417322834
21
-3.7238722440944882
0
LINE
8
BLACK
6
CONTINUOUS
10
6.2240411417322834
20
-3.7238722440944882
11
6.2236144094488184
21
-3.723233622047244
0
LINE
8
BLACK
6
CONTINUOUS
10
6.2236144094488184
20
-3.723233622047244
11
6.2234645669291337
21
-3.72248031496063
0
LINE
8
BLACK
6
CONTINUOUS
10
6.2234645669291337
20
-3.72248031496063
11
6.2234645669291337
21
-3.7047637795275588
0
LINE
8
BLACK
6
CONTINUOUS
10
6.2234645669291337
20
-3.7047637795275588
11
6.2236144094488184
21
-3.7040104724409448
0
LINE
8
BLACK
6
CONTINUOUS
10
6.2236144094488184
20
-3.7040104724409448
11
6.2240411417322834
21
-3.7033718503937005
0
LINE
8
BLACK
6
CONTINUOUS
10
6.2240411417322834
20
-3.7033718503937005
11
6.2246797637795277
21
-3.702945118110236
0
LINE
8
BLACK
6
CONTINUOUS
10
6.2246797637795277
20
-3.702945118110236
11
6.2254330708661412
21
-3.7027952755905509
0
LINE
8
BLACK
6
CONTINUOUS
10
6.2254330708661412
20
-3.7027952755905509
11
6.2293700787401569
21
-3.7027952755905509
0
LINE
8
BLACK
6
CONTINUOUS
10
6.2293700787401569
20
-3.7027952755905509
11
6.2301233858267713
21
-3.702945118110236
0
LINE
8
BLACK
6
CONTINUOUS
10
6.1699788188976372
20
-3.626836653543307
11
6.1727728346456692
21
-3.6287035433070867
0
LINE
8
BLACK
6
CONTINUOUS
10
6.1727728346456692
20
-3.6287035433070867
11
6.1746397244094489
21
-3.6314975590551182
0
LINE
8
BLACK
6
CONTINUOUS
10
6.1746397244094489
20
-3.6314975590551182
11
6.1752952755905515
21
-3.6347933070866141
0
LINE
8
BLACK
6
CONTINUOUS
10
6.1752952755905515
20
-3.6347933070866141
11
6.1752952755905515
21
-3.646932125984252
0
LINE
8
BLACK
6
CONTINUOUS
10
6.1752952755905515
20
-3.646932125984252
11
6.1878920866141733
21
-3.6468940944881889
0
LINE
8
BLACK
6
CONTINUOUS
10
6.1878920866141733
20
-3.6468940944881889
11
6.1896217716535435
21
-3.6434994488188974
0
LINE
8
BLACK
6
CONTINUOUS
10
6.1896217716535435
20
-3.6434994488188974
11
6.1931057480314955
21
-3.6400154724409446
0
LINE
8
BLACK
6
CONTINUOUS
10
6.1931057480314955
20
-3.6400154724409446
11
6.197495787401575
21
-3.6377786220472439
0
LINE
8
BLACK
6
CONTINUOUS
10
6.197495787401575
20
-3.6377786220472439
11
6.2023622047244089
21
-3.6370078740157479
0
LINE
8
BLACK
6
CONTINUOUS
10
6.2023622047244089
20
-3.6370078740157479
11
6.2072286220472437
21
-3.6377786220472439
0
LINE
8
BLACK
6
CONTINUOUS
10
6.2072286220472437
20
-3.6377786220472439
11
6.2116186614173223
21
-3.6400154724409446
0
LINE
8
BLACK
6
CONTINUOUS
10
6.2116186614173223
20
-3.6400154724409446
11
6.2151026377952752
21
-3.6434994488188974
0
LINE
8
BLACK
6
CONTINUOUS
10
6.2151026377952752
20
-3.6434994488188974
11
6.2173394881889763
21
-3.6478894881889765
0
LINE
8
BLACK
6
CONTINUOUS
10
6.2173394881889763
20
-3.6478894881889765
11
6.2181102362204719
21
-3.6527559055118108
0
LINE
8
BLACK
6
CONTINUOUS
10
6.2181102362204719
20
-3.6527559055118108
11
6.2173394881889763
21
-3.6576223228346456
0
LINE
8
BLACK
6
CONTINUOUS
10
6.2173394881889763
20
-3.6576223228346456
11
6.2157796850393696
21
-3.6606835433070866
0
LINE
8
BLACK
6
CONTINUOUS
10
6.2157796850393696
20
-3.6606835433070866
11
6.2459335039370076
21
-3.6907594094488188
0
LINE
8
BLACK
6
CONTINUOUS
10
6.2459335039370076
20
-3.6907594094488188
11
6.2464231102362202
21
-3.6913559842519685
0
LINE
8
BLACK
6
CONTINUOUS
10
6.2464231102362202
20
-3.6913559842519685
11
6.2464522047244095
21
-3.6914262204724411
0
LINE
8
BLACK
6
CONTINUOUS
10
6.2464522047244095
20
-3.6914262204724411
11
6.2470109842519683
21
-3.6927752362204722
0
LINE
8
BLACK
6
CONTINUOUS
10
6.2470109842519683
20
-3.6927752362204722
11
6.2470538582677166
21
-3.7045992125984251
0
LINE
8
BLACK
6
CONTINUOUS
10
6.2470538582677166
20
-3.7045992125984251
11
6.2470866141732282
21
-3.7047637795275588
0
LINE
8
BLACK
6
CONTINUOUS
10
6.2470866141732282
20
-3.7047637795275588
11
6.2470866141732282
21
-3.72248031496063
0
LINE
8
BLACK
6
CONTINUOUS
10
6.2470866141732282
20
-3.72248031496063
11
6.2469367716535436
21
-3.723233622047244
0
LINE
8
BLACK
6
CONTINUOUS
10
6.2469367716535436
20
-3.723233622047244
11
6.2465100393700785
21
-3.7238722440944882
0
LINE
8
BLACK
6
CONTINUOUS
10
6.2465100393700785
20
-3.7238722440944882
11
6.2458714173228342
21
-3.7242989763779528
0
LINE
8
BLACK
6
CONTINUOUS
10
6.2458714173228342
20
-3.7242989763779528
11
6.2451181102362208
21
-3.7244488188976379
0
LINE
8
BLACK
6
CONTINUOUS
10
6.2451181102362208
20
-3.7244488188976379
11
6.241181102362205
21
-3.7244488188976379
0
LINE
8
BLACK
6
CONTINUOUS
10
6.241181102362205
20
-3.7244488188976379
11
6.2404277952755907
21
-3.7242989763779528
0
LINE
8
BLACK
6
CONTINUOUS
10
6.2404277952755907
20
-3.7242989763779528
11
6.2397891732283464
21
-3.7238722440944882
0
LINE
8
BLACK
6
CONTINUOUS
10
6.2397891732283464
20
-3.7238722440944882
11
6.2393624409448813
21
-3.723233622047244
0
LINE
8
BLACK
6
CONTINUOUS
10
6.2393624409448813
20
-3.723233622047244
11
6.2392125984251967
21
-3.72248031496063
0
LINE
8
BLACK
6
CONTINUOUS
10
6.2392125984251967
20
-3.72248031496063
11
6.2392125984251967
21
-3.7047637795275588
0
LINE
8
BLACK
6
CONTINUOUS
10
6.2392125984251967
20
-3.7047637795275588
11
6.2392525590551182
21
-3.7045627952755904
0
LINE
8
BLACK
6
CONTINUOUS
10
6.2392525590551182
20
-3.7045627952755904
11
6.2392181496062991
21
-3.6950771653543306
0
LINE
8
BLACK
6
CONTINUOUS
10
6.2392181496062991
20
-3.6950771653543306
11
6.2102564960629918
21
-3.6661903937007874
0
LINE
8
BLACK
6
CONTINUOUS
10
6.2102564960629918
20
-3.6661903937007874
11
6.2072286220472437
21
-3.6677331889763778
0
LINE
8
BLACK
6
CONTINUOUS
10
6.2072286220472437
20
-3.6677331889763778
11
6.2023622047244089
21
-3.6685039370078738
0
LINE
8
BLACK
6
CONTINUOUS
10
6.2023622047244089
20
-3.6685039370078738
11
6.197495787401575
21
-3.6677331889763778
0
LINE
8
BLACK
6
CONTINUOUS
10
6.197495787401575
20
-3.6677331889763778
11
6.1931057480314955
21
-3.6654963385826771
0
LINE
8
BLACK
6
CONTINUOUS
10
6.1931057480314955
20
-3.6654963385826771
11
6.1896217716535435
21
-3.6620123622047243
0
LINE
8
BLACK
6
CONTINUOUS
10
6.1896217716535435
20
-3.6620123622047243
11
6.1878805905511811
21
-3.6585951574803151
0
LINE
8
BLACK
6
CONTINUOUS
10
6.1878805905511811
20
-3.6585951574803151
11
6.1743926771653541
21
-3.6586358661417324
0
LINE
8
BLACK
6
CONTINUOUS
10
6.1743926771653541
20
-3.6586358661417324
11
6.1727728346456692
21
-3.6610602362204725
0
LINE
8
BLACK
6
CONTINUOUS
10
6.1727728346456692
20
-3.6610602362204725
11
6.1699788188976372
21
-3.6629271259842517
0
LINE
8
BLACK
6
CONTINUOUS
10
6.1699788188976372
20
-3.6629271259842517
11
6.1666830708661413
21
-3.6635826771653544
0
LINE
8
BLACK
6
CONTINUOUS
10
6.1666830708661413
20
-3.6635826771653544
11
6.1494586614173228
21
-3.6635826771653544
0
LINE
8
BLACK
6
CONTINUOUS
10
6.1494586614173228
20
-3.6635826771653544
11
6.1461629133858269
21
-3.6629271259842517
0
LINE
8
BLACK
6
CONTINUOUS
10
6.1461629133858269
20
-3.6629271259842517
11
6.1433688976377949
21
-3.6610602362204725
0
LINE
8
BLACK
6
CONTINUOUS
10
6.1433688976377949
20
-3.6610602362204725
11
6.1415020078740152
21
-3.658266220472441
0
LINE
8
BLACK
6
CONTINUOUS
10
6.1415020078740152
20
-3.658266220472441
11
6.1408464566929135
21
-3.6549704724409446
0
LINE
8
BLACK
6
CONTINUOUS
10
6.1408464566929135
20
-3.6549704724409446
11
6.1408464566929135
21
-3.6347933070866141
0
LINE
8
BLACK
6
CONTINUOUS
10
6.1408464566929135
20
-3.6347933070866141
11
6.1415020078740152
21
-3.6314975590551182
0
LINE
8
BLACK
6
CONTINUOUS
10
6.1415020078740152
20
-3.6314975590551182
11
6.1433688976377949
21
-3.6287035433070867
0
LINE
8
BLACK
6
CONTINUOUS
10
6.1433688976377949
20
-3.6287035433070867
11
6.1461629133858269
21
-3.626836653543307
0
LINE
8
BLACK
6
CONTINUOUS
10
6.1461629133858269
20
-3.626836653543307
11
6.1494586614173228
21
-3.6261811023622048
0
LINE
8
BLACK
6
CONTINUOUS
10
6.1494586614173228
20
-3.6261811023622048
11
6.1666830708661413
21
-3.6261811023622048
0
LINE
8
BLACK
6
CONTINUOUS
10
6.1666830708661413
20
-3.6261811023622048
11
6.1699788188976372
21
-3.626836653543307
0
LINE
8
BLACK
6
CONTINUOUS
10
6.5086205511811022
20
-3.6028209055118108
11
6.5114145669291341
21
-3.6046877952755905
0
LINE
8
BLACK
6
CONTINUOUS
10
6.5114145669291341
20
-3.6046877952755905
11
6.5132814566929129
21
-3.607481811023622
0
LINE
8
BLACK
6
CONTINUOUS
10
6.5132814566929129
20
-3.607481811023622
11
6.5139370078740155
21
-3.6107775590551179
0
LINE
8
BLACK
6
CONTINUOUS
10
6.5139370078740155
20
-3.6107775590551179
11
6.5139370078740155
21
-3.6309547244094489
0
LINE
8
BLACK
6
CONTINUOUS
10
6.5139370078740155
20
-3.6309547244094489
11
6.5132814566929129
21
-3.6342504724409448
0
LINE
8
BLACK
6
CONTINUOUS
10
6.5132814566929129
20
-3.6342504724409448
11
6.5114145669291341
21
-3.6370444881889763
0
LINE
8
BLACK
6
CONTINUOUS
10
6.5114145669291341
20
-3.6370444881889763
11
6.5086205511811022
21
-3.638911377952756
0
LINE
8
BLACK
6
CONTINUOUS
10
6.5086205511811022
20
-3.638911377952756
11
6.5053248031496063
21
-3.6395669291338582
0
LINE
8
BLACK
6
CONTINUOUS
10
6.5053248031496063
20
-3.6395669291338582
11
6.5016251968503935
21
-3.6395669291338582
0
LINE
8
BLACK
6
CONTINUOUS
10
6.5016251968503935
20
-3.6395669291338582
11
6.5016497244094484
21
-3.6496737401574801
0
LINE
8
BLACK
6
CONTINUOUS
10
6.5016497244094484
20
-3.6496737401574801
11
6.5047130314960633
21
-3.652668897637795
0
LINE
8
BLACK
6
CONTINUOUS
10
6.5047130314960633
20
-3.652668897637795
11
6.5052026771653546
21
-3.6532654724409448
0
LINE
8
BLACK
6
CONTINUOUS
10
6.5052026771653546
20
-3.6532654724409448
11
6.50534279527559
21
-3.6536037401574801
0
LINE
8
BLACK
6
CONTINUOUS
10
6.50534279527559
20
-3.6536037401574801
11
6.5057905511811018
21
-3.6546847244094489
0
LINE
8
BLACK
6
CONTINUOUS
10
6.5057905511811018
20
-3.6546847244094489
11
6.5058661811023617
21
-3.7073621653543305
0
LINE
8
BLACK
6
CONTINUOUS
10
6.5058661811023617
20
-3.7073621653543305
11
6.5057905511811018
21
-3.7081302362204722
0
LINE
8
BLACK
6
CONTINUOUS
10
6.5057905511811018
20
-3.7081302362204722
11
6.5052026771653546
21
-3.7095494488188976
0
LINE
8
BLACK
6
CONTINUOUS
10
6.5052026771653546
20
-3.7095494488188976
11
6.5007760236220475
21
-3.7140831102362202
0
LINE
8
BLACK
6
CONTINUOUS
10
6.5007760236220475
20
-3.7140831102362202
11
6.500179409448819
21
-3.7145727165354332
0
LINE
8
BLACK
6
CONTINUOUS
10
6.500179409448819
20
-3.7145727165354332
11
6.4987601968503936
21
-3.7151605905511809
0
LINE
8
BLACK
6
CONTINUOUS
10
6.4987601968503936
20
-3.7151605905511809
11
6.49011811023622
21
-3.7151781496062992
0
LINE
8
BLACK
6
CONTINUOUS
10
6.49011811023622
20
-3.7151781496062992
11
6.49011811023622
21
-3.7201574803149606
0
LINE
8
BLACK
6
CONTINUOUS
10
6.49011811023622
20
-3.7201574803149606
11
6.4330314960629922
21
-3.7201574803149606
0
LINE
8
BLACK
6
CONTINUOUS
10
6.4330314960629922
20
-3.7201574803149606
11
6.4330314960629922
21
-3.7024409448818898
0
LINE
8
BLACK
6
CONTINUOUS
10
6.4330314960629922
20
-3.7024409448818898
11
6.49011811023622
21
-3.7024409448818898
0
LINE
8
BLACK
6
CONTINUOUS
10
6.49011811023622
20
-3.7024409448818898
11
6.49011811023622
21
-3.7073781889763779
0
LINE
8
BLACK
6
CONTINUOUS
10
6.49011811023622
20
-3.7073781889763779
11
6.4964238976377953
21
-3.7073653937007873
0
LINE
8
BLACK
6
CONTINUOUS
10
6.4964238976377953
20
-3.7073653937007873
11
6.4980642519685041
21
-3.7056853543307087
0
LINE
8
BLACK
6
CONTINUOUS
10
6.4980642519685041
20
-3.7056853543307087
11
6.4979944094488191
21
-3.6570177165354329
0
LINE
8
BLACK
6
CONTINUOUS
10
6.4979944094488191
20
-3.6570177165354329
11
6.4949326377952756
21
-3.6540240551181102
0
LINE
8
BLACK
6
CONTINUOUS
10
6.4949326377952756
20
-3.6540240551181102
11
6.4944430314960631
21
-3.6534274409448817
0
LINE
8
BLACK
6
CONTINUOUS
10
6.4944430314960631
20
-3.6534274409448817
11
6.4938551574803149
21
-3.6520082283464568
0
LINE
8
BLACK
6
CONTINUOUS
10
6.4938551574803149
20
-3.6520082283464568
11
6.4938551574803149
21
-3.6520066929133859
0
LINE
8
BLACK
6
CONTINUOUS
10
6.4938551574803149
20
-3.6520066929133859
11
6.4938249606299214
21
-3.6395669291338582
0
LINE
8
BLACK
6
CONTINUOUS
10
6.4938249606299214
20
-3.6395669291338582
11
6.4881003937007868
21
-3.6395669291338582
0
LINE
8
BLACK
6
CONTINUOUS
10
6.4881003937007868
20
-3.6395669291338582
11
6.4848046456692909
21
-3.638911377952756
0
LINE
8
BLACK
6
CONTINUOUS
10
6.4848046456692909
20
-3.638911377952756
11
6.4820106299212599
21
-3.6370444881889763
0
LINE
8
BLACK
6
CONTINUOUS
10
6.4820106299212599
20
-3.6370444881889763
11
6.4801437401574802
21
-3.6342504724409448
0
LINE
8
BLACK
6
CONTINUOUS
10
6.4801437401574802
20
-3.6342504724409448
11
6.4794881889763776
21
-3.6309547244094489
0
LINE
8
BLACK
6
CONTINUOUS
10
6.4794881889763776
20
-3.6309547244094489
11
6.4794881889763776
21
-3.630638897637795
0
LINE
8
BLACK
6
CONTINUOUS
10
6.4794881889763776
20
-3.630638897637795
11
6.4783587401574803
21
-3.6306455905511812
0
LINE
8
BLACK
6
CONTINUOUS
10
6.4783587401574803
20
-3.6306455905511812
11
6.476972992125984
21
-3.6320313779527558
0
LINE
8
BLACK
6
CONTINUOUS
10
6.476972992125984
20
-3.6320313779527558
11
6.4725829527559053
21
-3.6342682283464565
0
LINE
8
BLACK
6
CONTINUOUS
10
6.4725829527559053
20
-3.6342682283464565
11
6.4677165354330706
21
-3.6350389763779525
0
LINE
8
BLACK
6
CONTINUOUS
10
6.4677165354330706
20
-3.6350389763779525
11
6.4628501181102358
21
-3.6342682283464565
0
LINE
8
BLACK
6
CONTINUOUS
10
6.4628501181102358
20
-3.6342682283464565
11
6.4584600787401572
21
-3.6320313779527558
0
LINE
8
BLACK
6
CONTINUOUS
10
6.4584600787401572
20
-3.6320313779527558
11
6.4560807086614176
21
-3.6296520078740158
0
LINE
8
BLACK
6
CONTINUOUS
10
6.4560807086614176
20
-3.6296520078740158
11
6.4530118110236216
21
-3.629831377952756
0
LINE
8
BLACK
6
CONTINUOUS
10
6.4530118110236216
20
-3.629831377952756
11
6.4530118110236216
21
-3.6327657480314959
0
LINE
8
BLACK
6
CONTINUOUS
10
6.4530118110236216
20
-3.6327657480314959
11
6.4523562598425199
21
-3.6360614960629922
0
LINE
8
BLACK
6
CONTINUOUS
10
6.4523562598425199
20
-3.6360614960629922
11
6.4504893700787402
21
-3.6388555118110237
0
LINE
8
BLACK
6
CONTINUOUS
10
6.4504893700787402
20
-3.6388555118110237
11
6.4476953543307083
21
-3.640722401574803
0
LINE
8
BLACK
6
CONTINUOUS
10
6.4476953543307083
20
-3.640722401574803
11
6.4443996062992124
21
-3.6413779527559056
0
LINE
8
BLACK
6
CONTINUOUS
10
6.4443996062992124
20
-3.6413779527559056
11
6.4271751968503938
21
-3.6413779527559056
0
LINE
8
BLACK
6
CONTINUOUS
10
6.4271751968503938
20
-3.6413779527559056
11
6.4238794488188971
21
-3.640722401574803
0
LINE
8
BLACK
6
CONTINUOUS
10
6.4238794488188971
20
-3.640722401574803
11
6.421085433070866
21
-3.6388555118110237
0
LINE
8
BLACK
6
CONTINUOUS
10
6.421085433070866
20
-3.6388555118110237
11
6.4192185433070863
21
-3.6360614960629922
0
LINE
8
BLACK
6
CONTINUOUS
10
6.4192185433070863
20
-3.6360614960629922
11
6.4185629921259837
21
-3.6327657480314959
0
LINE
8
BLACK
6
CONTINUOUS
10
6.4185629921259837
20
-3.6327657480314959
11
6.4185629921259837
21
-3.6125885826771653
0
LINE
8
BLACK
6
CONTINUOUS
10
6.4185629921259837
20
-3.6125885826771653
11
6.4192185433070863
21
-3.6092928346456694
0
LINE
8
BLACK
6
CONTINUOUS
10
6.4192185433070863
20
-3.6092928346456694
11
6.421085433070866
21
-3.6064988188976379
0
LINE
8
BLACK
6
CONTINUOUS
10
6.421085433070866
20
-3.6064988188976379
11
6.4238794488188971
21
-3.6046319291338582
0
LINE
8
BLACK
6
CONTINUOUS
10
6.4238794488188971
20
-3.6046319291338582
11
6.4271751968503938
21
-3.6039763779527556
0
LINE
8
BLACK
6
CONTINUOUS
10
6.4271751968503938
20
-3.6039763779527556
11
6.4443996062992124
21
-3.6039763779527556
0
LINE
8
BLACK
6
CONTINUOUS
10
6.4443996062992124
20
-3.6039763779527556
11
6.4476953543307083
21
-3.6046319291338582
0
LINE
8
BLACK
6
CONTINUOUS
10
6.4476953543307083
20
-3.6046319291338582
11
6.4504893700787402
21
-3.6064988188976379
0
LINE
8
BLACK
6
CONTINUOUS
10
6.4504893700787402
20
-3.6064988188976379
11
6.4523562598425199
21
-3.6092928346456694
0
LINE
8
BLACK
6
CONTINUOUS
10
6.4523562598425199
20
-3.6092928346456694
11
6.4525600787401576
21
-3.610317559055118
0
LINE
8
BLACK
6
CONTINUOUS
10
6.4525600787401576
20
-3.610317559055118
11
6.4549015748031495
21
-3.6101807086614173
0
LINE
8
BLACK
6
CONTINUOUS
10
6.4549015748031495
20
-3.6101807086614173
11
6.4549761023622043
21
-3.6100344881889761
0
LINE
8
BLACK
6
CONTINUOUS
10
6.4549761023622043
20
-3.6100344881889761
11
6.4584600787401572
21
-3.6065505118110237
0
LINE
8
BLACK
6
CONTINUOUS
10
6.4584600787401572
20
-3.6065505118110237
11
6.4628501181102358
21
-3.6043136614173226
0
LINE
8
BLACK
6
CONTINUOUS
10
6.4628501181102358
20
-3.6043136614173226
11
6.4677165354330706
21
-3.6035429133858266
0
LINE
8
BLACK
6
CONTINUOUS
10
6.4677165354330706
20
-3.6035429133858266
11
6.4725829527559053
21
-3.6043136614173226
0
LINE
8
BLACK
6
CONTINUOUS
10
6.4725829527559053
20
-3.6043136614173226
11
6.476972992125984
21
-3.6065505118110237
0
LINE
8
BLACK
6
CONTINUOUS
10
6.476972992125984
20
-3.6065505118110237
11
6.4797721653543308
21
-3.60934968503937
0
LINE
8
BLACK
6
CONTINUOUS
10
6.4797721653543308
20
-3.60934968503937
11
6.4801437401574802
21
-3.607481811023622
0
LINE
8
BLACK
6
CONTINUOUS
10
6.4801437401574802
20
-3.607481811023622
11
6.4820106299212599
21
-3.6046877952755905
0
LINE
8
BLACK
6
CONTINUOUS
10
6.4820106299212599
20
-3.6046877952755905
11
6.4848046456692909
21
-3.6028209055118108
0
LINE
8
BLACK
6
CONTINUOUS
10
6.4848046456692909
20
-3.6028209055118108
11
6.4881003937007868
21
-3.6021653543307086
0
LINE
8
BLACK
6
CONTINUOUS
10
6.4881003937007868
20
-3.6021653543307086
11
6.5053248031496063
21
-3.6021653543307086
0
LINE
8
BLACK
6
CONTINUOUS
10
6.5053248031496063
20
-3.6021653543307086
11
6.5086205511811022
21
-3.6028209055118108
0
LINE
8
BLACK
6
CONTINUOUS
10
6.6486205511811018
20
-3.6028209055118108
11
6.6514145669291338
21
-3.6046877952755905
0
LINE
8
BLACK
6
CONTINUOUS
10
6.6514145669291338
20
-3.6046877952755905
11
6.6532814566929135
21
-3.607481811023622
0
LINE
8
BLACK
6
CONTINUOUS
10
6.6532814566929135
20
-3.607481811023622
11
6.6539370078740152
21
-3.6107775590551179
0
LINE
8
BLACK
6
CONTINUOUS
10
6.6539370078740152
20
-3.6107775590551179
11
6.6539370078740152
21
-3.6309547244094489
0
LINE
8
BLACK
6
CONTINUOUS
10
6.6539370078740152
20
-3.6309547244094489
11
6.6532814566929135
21
-3.6342504724409448
0
LINE
8
BLACK
6
CONTINUOUS
10
6.6532814566929135
20
-3.6342504724409448
11
6.6514145669291338
21
-3.6370444881889763
0
LINE
8
BLACK
6
CONTINUOUS
10
6.6514145669291338
20
-3.6370444881889763
11
6.6486205511811018
21
-3.638911377952756
0
LINE
8
BLACK
6
CONTINUOUS
10
6.6486205511811018
20
-3.638911377952756
11
6.6453248031496059
21
-3.6395669291338582
0
LINE
8
BLACK
6
CONTINUOUS
10
6.6453248031496059
20
-3.6395669291338582
11
6.6425359055118109
21
-3.6395669291338582
0
LINE
8
BLACK
6
CONTINUOUS
10
6.6425359055118109
20
-3.6395669291338582
11
6.64259531496063
21
-3.6773463779527558
0
LINE
8
BLACK
6
CONTINUOUS
10
6.64259531496063
20
-3.6773463779527558
11
6.6459690551181101
21
-3.6790653937007871
0
LINE
8
BLACK
6
CONTINUOUS
10
6.6459690551181101
20
-3.6790653937007871
11
6.6494530314960629
21
-3.6825493700787399
0
LINE
8
BLACK
6
CONTINUOUS
10
6.6494530314960629
20
-3.6825493700787399
11
6.6516898818897641
21
-3.6869394094488186
0
LINE
8
BLACK
6
CONTINUOUS
10
6.6516898818897641
20
-3.6869394094488186
11
6.6524606299212596
21
-3.6918058267716534
0
LINE
8
BLACK
6
CONTINUOUS
10
6.6524606299212596
20
-3.6918058267716534
11
6.6520384251968503
21
-3.6944714173228346
0
LINE
8
BLACK
6
CONTINUOUS
10
6.6520384251968503
20
-3.6944714173228346
11
6.6631494488188974
21
-3.705495
0
LINE
8
BLACK
6
CONTINUOUS
10
6.6631494488188974
20
-3.705495
11
6.6653149606299209
21
-3.7054878346456692
0
LINE
8
BLACK
6
CONTINUOUS
10
6.6653149606299209
20
-3.7054878346456692
11
6.6653149606299209
21
-3.7024409448818898
0
LINE
8
BLACK
6
CONTINUOUS
10
6.6653149606299209
20
-3.7024409448818898
11
6.7224015748031496
21
-3.7024409448818898
0
LINE
8
BLACK
6
CONTINUOUS
10
6.7224015748031496
20
-3.7024409448818898
11
6.7224015748031496
21
-3.7201574803149606
0
LINE
8
BLACK
6
CONTINUOUS
10
6.7224015748031496
20
-3.7201574803149606
11
6.6653149606299209
21
-3.7201574803149606
0
LINE
8
BLACK
6
CONTINUOUS
10
6.6653149606299209
20
-3.7201574803149606
11
6.6653149606299209
21
-3.7171892125984249
0
LINE
8
BLACK
6
CONTINUOUS
10
6.6653149606299209
20
-3.7171892125984249
11
6.6606149606299212
21
-3.7172047244094486
0
LINE
8
BLACK
6
CONTINUOUS
10
6.6606149606299212
20
-3.7172047244094486
11
6.6594628346456695
21
-3.7170912598425194
0
LINE
8
BLACK
6
CONTINUOUS
10
6.6594628346456695
20
-3.7170912598425194
11
6.6588383070866142
21
-3.7168325590551179
0
LINE
8
BLACK
6
CONTINUOUS
10
6.6588383070866142
20
-3.7168325590551179
11
6.657334015748031
21
-3.7162094881889765
0
LINE
8
BLACK
6
CONTINUOUS
10
6.657334015748031
20
-3.7162094881889765
11
6.6457108661417319
21
-3.7046777952755905
0
LINE
8
BLACK
6
CONTINUOUS
10
6.6457108661417319
20
-3.7046777952755905
11
6.6415790157480314
21
-3.7067831102362203
0
LINE
8
BLACK
6
CONTINUOUS
10
6.6415790157480314
20
-3.7067831102362203
11
6.6367125984251967
21
-3.7075538582677163
0
LINE
8
BLACK
6
CONTINUOUS
10
6.6367125984251967
20
-3.7075538582677163
11
6.6318461811023619
21
-3.7067831102362203
0
LINE
8
BLACK
6
CONTINUOUS
10
6.6318461811023619
20
-3.7067831102362203
11
6.6274561417322833
21
-3.7045462598425196
0
LINE
8
BLACK
6
CONTINUOUS
10
6.6274561417322833
20
-3.7045462598425196
11
6.6239721653543304
21
-3.7010622834645668
0
LINE
8
BLACK
6
CONTINUOUS
10
6.6239721653543304
20
-3.7010622834645668
11
6.6217353149606302
21
-3.6966722440944881
0
LINE
8
BLACK
6
CONTINUOUS
10
6.6217353149606302
20
-3.6966722440944881
11
6.6209645669291337
21
-3.6918058267716534
0
LINE
8
BLACK
6
CONTINUOUS
10
6.6209645669291337
20
-3.6918058267716534
11
6.6217353149606302
21
-3.6869394094488186
0
LINE
8
BLACK
6
CONTINUOUS
10
6.6217353149606302
20
-3.6869394094488186
11
6.6239721653543304
21
-3.6825493700787399
0
LINE
8
BLACK
6
CONTINUOUS
10
6.6239721653543304
20
-3.6825493700787399
11
6.6274561417322833
21
-3.6790653937007871
0
LINE
8
BLACK
6
CONTINUOUS
10
6.6274561417322833
20
-3.6790653937007871
11
6.6308959055118111
21
-3.6773127165354329
0
LINE
8
BLACK
6
CONTINUOUS
10
6.6308959055118111
20
-3.6773127165354329
11
6.6308365354330707
21
-3.6395669291338582
0
LINE
8
BLACK
6
CONTINUOUS
10
6.6308365354330707
20
-3.6395669291338582
11
6.6281003937007874
21
-3.6395669291338582
0
LINE
8
BLACK
6
CONTINUOUS
10
6.6281003937007874
20
-3.6395669291338582
11
6.6248046456692915
21
-3.638911377952756
0
LINE
8
BLACK
6
CONTINUOUS
10
6.6248046456692915
20
-3.638911377952756
11
6.6220106299212596
21
-3.6370444881889763
0
LINE
8
BLACK
6
CONTINUOUS
10
6.6220106299212596
20
-3.6370444881889763
11
6.6201437401574799
21
-3.6342504724409448
0
LINE
8
BLACK
6
CONTINUOUS
10
6.6201437401574799
20
-3.6342504724409448
11
6.6194881889763781
21
-3.6309547244094489
0
LINE
8
BLACK
6
CONTINUOUS
10
6.6194881889763781
20
-3.6309547244094489
11
6.6194881889763781
21
-3.6107775590551179
0
LINE
8
BLACK
6
CONTINUOUS
10
6.6194881889763781
20
-3.6107775590551179
11
6.6201437401574799
21
-3.607481811023622
0
LINE
8
BLACK
6
CONTINUOUS
10
6.6201437401574799
20
-3.607481811023622
11
6.6220106299212596
21
-3.6046877952755905
0
LINE
8
BLACK
6
CONTINUOUS
10
6.6220106299212596
20
-3.6046877952755905
11
6.6248046456692915
21
-3.6028209055118108
0
LINE
8
BLACK
6
CONTINUOUS
10
6.6248046456692915
20
-3.6028209055118108
11
6.6281003937007874
21
-3.6021653543307086
0
LINE
8
BLACK
6
CONTINUOUS
10
6.6281003937007874
20
-3.6021653543307086
11
6.6453248031496059
21
-3.6021653543307086
0
LINE
8
BLACK
6
CONTINUOUS
10
6.6453248031496059
20
-3.6021653543307086
11
6.6486205511811018
21
-3.6028209055118108
0
LINE
8
BLACK
6
CONTINUOUS
10
6.3166914173228346
20
-3.6046319291338582
11
6.3194854330708656
21
-3.6064988188976379
0
LINE
8
BLACK
6
CONTINUOUS
10
6.3194854330708656
20
-3.6064988188976379
11
6.3213523228346453
21
-3.6092928346456694
0
LINE
8
BLACK
6
CONTINUOUS
10
6.3213523228346453
20
-3.6092928346456694
11
6.3220078740157479
21
-3.6125885826771653
0
LINE
8
BLACK
6
CONTINUOUS
10
6.3220078740157479
20
-3.6125885826771653
11
6.3220078740157479
21
-3.6167927952755905
0
LINE
8
BLACK
6
CONTINUOUS
10
6.3220078740157479
20
-3.6167927952755905
11
6.3262204724409443
21
-3.616771653543307
0
LINE
8
BLACK
6
CONTINUOUS
10
6.3262204724409443
20
-3.616771653543307
11
6.3273725984251969
21
-3.6168851181102362
0
LINE
8
BLACK
6
CONTINUOUS
10
6.3273725984251969
20
-3.6168851181102362
11
6.3282543700787404
21
-3.6172503543307086
0
LINE
8
BLACK
6
CONTINUOUS
10
6.3282543700787404
20
-3.6172503543307086
11
6.3295013779527558
21
-3.6177668897637796
0
LINE
8
BLACK
6
CONTINUOUS
10
6.3295013779527558
20
-3.6177668897637796
11
6.3300880314960626
21
-3.6183449212598426
0
LINE
8
BLACK
6
CONTINUOUS
10
6.3300880314960626
20
-3.6183449212598426
11
6.3313540551181102
21
-3.6176998818897639
0
LINE
8
BLACK
6
CONTINUOUS
10
6.3313540551181102
20
-3.6176998818897639
11
6.336220472440945
21
-3.6169291338582674
0
LINE
8
BLACK
6
CONTINUOUS
10
6.336220472440945
20
-3.6169291338582674
11
6.3410868897637798
21
-3.6176998818897639
0
LINE
8
BLACK
6
CONTINUOUS
10
6.3410868897637798
20
-3.6176998818897639
11
6.3454769291338584
21
-3.6199367322834646
0
LINE
8
BLACK
6
CONTINUOUS
10
6.3454769291338584
20
-3.6199367322834646
11
6.3489609055118112
21
-3.6234207086614174
0
LINE
8
BLACK
6
CONTINUOUS
10
6.3489609055118112
20
-3.6234207086614174
11
6.3507027559055116
21
-3.6268392913385825
0
LINE
8
BLACK
6
CONTINUOUS
10
6.3507027559055116
20
-3.6268392913385825
11
6.3565551181102364
21
-3.6268221259842517
0
LINE
8
BLACK
6
CONTINUOUS
10
6.3565551181102364
20
-3.6268221259842517
11
6.3565551181102364
21
-3.6125885826771653
0
LINE
8
BLACK
6
CONTINUOUS
10
6.3565551181102364
20
-3.6125885826771653
11
6.3572106692913382
21
-3.6092928346456694
0
LINE
8
BLACK
6
CONTINUOUS
10
6.3572106692913382
20
-3.6092928346456694
11
6.3590775590551178
21
-3.6064988188976379
0
LINE
8
BLACK
6
CONTINUOUS
10
6.3590775590551178
20
-3.6064988188976379
11
6.3618715748031498
21
-3.6046319291338582
0
LINE
8
BLACK
6
CONTINUOUS
10
6.3618715748031498
20
-3.6046319291338582
11
6.3651673228346457
21
-3.6039763779527556
0
LINE
8
BLACK
6
CONTINUOUS
10
6.3651673228346457
20
-3.6039763779527556
11
6.3823917322834642
21
-3.6039763779527556
0
LINE
8
BLACK
6
CONTINUOUS
10
6.3823917322834642
20
-3.6039763779527556
11
6.3856874803149601
21
-3.6046319291338582
0
LINE
8
BLACK
6
CONTINUOUS
10
6.3856874803149601
20
-3.6046319291338582
11
6.3884814960629921
21
-3.6064988188976379
0
LINE
8
BLACK
6
CONTINUOUS
10
6.3884814960629921
20
-3.6064988188976379
11
6.3903483858267718
21
-3.6092928346456694
0
LINE
8
BLACK
6
CONTINUOUS
10
6.3903483858267718
20
-3.6092928346456694
11
6.3910039370078735
21
-3.6125885826771653
0
LINE
8
BLACK
6
CONTINUOUS
10
6.3910039370078735
20
-3.6125885826771653
11
6.3910039370078735
21
-3.6327657480314959
0
LINE
8
BLACK
6
CONTINUOUS
10
6.3910039370078735
20
-3.6327657480314959
11
6.3903483858267718
21
-3.6360614960629922
0
LINE
8
BLACK
6
CONTINUOUS
10
6.3903483858267718
20
-3.6360614960629922
11
6.3884814960629921
21
-3.6388555118110237
0
LINE
8
BLACK
6
CONTINUOUS
10
6.3884814960629921
20
-3.6388555118110237
11
6.3856874803149601
21
-3.640722401574803
0
LINE
8
BLACK
6
CONTINUOUS
10
6.3856874803149601
20
-3.640722401574803
11
6.3823917322834642
21
-3.6413779527559056
0
LINE
8
BLACK
6
CONTINUOUS
10
6.3823917322834642
20
-3.6413779527559056
11
6.3651673228346457
21
-3.6413779527559056
0
LINE
8
BLACK
6
CONTINUOUS
10
6.3651673228346457
20
-3.6413779527559056
11
6.3618715748031498
21
-3.640722401574803
0
LINE
8
BLACK
6
CONTINUOUS
10
6.3618715748031498
20
-3.640722401574803
11
6.3590775590551178
21
-3.6388555118110237
0
LINE
8
BLACK
6
CONTINUOUS
10
6.3590775590551178
20
-3.6388555118110237
11
6.3588509055118108
21
-3.6385163385826771
0
LINE
8
BLACK
6
CONTINUOUS
10
6.3588509055118108
20
-3.6385163385826771
11
6.3506898818897639
21
-3.6385402362204724
0
LINE
8
BLACK
6
CONTINUOUS
10
6.3506898818897639
20
-3.6385402362204724
11
6.3489609055118112
21
-3.6419336220472438
0
LINE
8
BLACK
6
CONTINUOUS
10
6.3489609055118112
20
-3.6419336220472438
11
6.3454769291338584
21
-3.6454175984251966
0
LINE
8
BLACK
6
CONTINUOUS
10
6.3454769291338584
20
-3.6454175984251966
11
6.3410868897637798
21
-3.6476544488188978
0
LINE
8
BLACK
6
CONTINUOUS
10
6.3410868897637798
20
-3.6476544488188978
11
6.336220472440945
21
-3.6484251968503938
0
LINE
8
BLACK
6
CONTINUOUS
10
6.336220472440945
20
-3.6484251968503938
11
6.3313540551181102
21
-3.6476544488188978
0
LINE
8
BLACK
6
CONTINUOUS
10
6.3313540551181102
20
-3.6476544488188978
11
6.3269640157480316
21
-3.6454175984251966
0
LINE
8
BLACK
6
CONTINUOUS
10
6.3269640157480316
20
-3.6454175984251966
11
6.3234800393700787
21
-3.6419336220472438
0
LINE
8
BLACK
6
CONTINUOUS
10
6.3234800393700787
20
-3.6419336220472438
11
6.3217416929133856
21
-3.6385219685039369
0
LINE
8
BLACK
6
CONTINUOUS
10
6.3217416929133856
20
-3.6385219685039369
11
6.3197036614173223
21
-3.6385288582677164
0
LINE
8
BLACK
6
CONTINUOUS
10
6.3197036614173223
20
-3.6385288582677164
11
6.3194854330708656
21
-3.6388555118110237
0
LINE
8
BLACK
6
CONTINUOUS
10
6.3194854330708656
20
-3.6388555118110237
11
6.3166914173228346
21
-3.640722401574803
0
LINE
8
BLACK
6
CONTINUOUS
10
6.3166914173228346
20
-3.640722401574803
11
6.3133956692913387
21
-3.6413779527559056
0
LINE
8
BLACK
6
CONTINUOUS
10
6.3133956692913387
20
-3.6413779527559056
11
6.2961712598425192
21
-3.6413779527559056
0
LINE
8
BLACK
6
CONTINUOUS
10
6.2961712598425192
20
-3.6413779527559056
11
6.2928755118110233
21
-3.640722401574803
0
LINE
8
BLACK
6
CONTINUOUS
10
6.2928755118110233
20
-3.640722401574803
11
6.2900814960629923
21
-3.6388555118110237
0
LINE
8
BLACK
6
CONTINUOUS
10
6.2900814960629923
20
-3.6388555118110237
11
6.2882146062992126
21
-3.6360614960629922
0
LINE
8
BLACK
6
CONTINUOUS
10
6.2882146062992126
20
-3.6360614960629922
11
6.28755905511811
21
-3.6327657480314959
0
LINE
8
BLACK
6
CONTINUOUS
10
6.28755905511811
20
-3.6327657480314959
11
6.28755905511811
21
-3.6125885826771653
0
LINE
8
BLACK
6
CONTINUOUS
10
6.28755905511811
20
-3.6125885826771653
11
6.2882146062992126
21
-3.6092928346456694
0
LINE
8
BLACK
6
CONTINUOUS
10
6.2882146062992126
20
-3.6092928346456694
11
6.2900814960629923
21
-3.6064988188976379
0
LINE
8
BLACK
6
CONTINUOUS
10
6.2900814960629923
20
-3.6064988188976379
11
6.2928755118110233
21
-3.6046319291338582
0
LINE
8
BLACK
6
CONTINUOUS
10
6.2928755118110233
20
-3.6046319291338582
11
6.2961712598425192
21
-3.6039763779527556
0
LINE
8
BLACK
6
CONTINUOUS
10
6.2961712598425192
20
-3.6039763779527556
11
6.3133956692913387
21
-3.6039763779527556
0
LINE
8
BLACK
6
CONTINUOUS
10
6.3133956692913387
20
-3.6039763779527556
11
6.3166914173228346
21
-3.6046319291338582
0
LINE
8
BLACK
6
CONTINUOUS
10
5.7200787401574802
20
-3.9992125984251969
11
5.7003937007874015
21
-3.9992125984251969
0
LINE
8
BLACK
6
CONTINUOUS
10
5.7003937007874015
20
-3.9992125984251969
11
5.7003937007874015
21
-3.9204724409448817
0
LINE
8
BLACK
6
CONTINUOUS
10
5.7003937007874015
20
-3.9204724409448817
11
5.7200787401574802
21
-3.9204724409448817
0
LINE
8
BLACK
6
CONTINUOUS
10
5.7200787401574802
20
-3.9204724409448817
11
5.7200787401574802
21
-3.9992125984251969
0
LINE
8
BLACK
6
CONTINUOUS
10
5.7594488188976376
20
-3.9992125984251969
11
5.7397637795275589
21
-3.9992125984251969
0
LINE
8
BLACK
6
CONTINUOUS
10
5.7397637795275589
20
-3.9992125984251969
11
5.7397637795275589
21
-3.9204724409448817
0
LINE
8
BLACK
6
CONTINUOUS
10
5.7397637795275589
20
-3.9204724409448817
11
5.7594488188976376
21
-3.9204724409448817
0
LINE
8
BLACK
6
CONTINUOUS
10
5.7594488188976376
20
-3.9204724409448817
11
5.7594488188976376
21
-3.9992125984251969
0
LINE
8
BLACK
6
CONTINUOUS
10
5.798818897637795
20
-3.9992125984251969
11
5.7791338582677163
21
-3.9992125984251969
0
LINE
8
BLACK
6
CONTINUOUS
10
5.7791338582677163
20
-3.9992125984251969
11
5.7791338582677163
21
-3.9204724409448817
0
LINE
8
BLACK
6
CONTINUOUS
10
5.7791338582677163
20
-3.9204724409448817
11
5.798818897637795
21
-3.9204724409448817
0
LINE
8
BLACK
6
CONTINUOUS
10
5.798818897637795
20
-3.9204724409448817
11
5.798818897637795
21
-3.9992125984251969
0
LINE
8
BLACK
6
CONTINUOUS
10
5.8381889763779524
20
-3.9992125984251969
11
5.8185039370078737
21
-3.9992125984251969
0
LINE
8
BLACK
6
CONTINUOUS
10
5.8185039370078737
20
-3.9992125984251969
11
5.8185039370078737
21
-3.9204724409448817
0
LINE
8
BLACK
6
CONTINUOUS
10
5.8185039370078737
20
-3.9204724409448817
11
5.8381889763779524
21
-3.9204724409448817
0
LINE
8
BLACK
6
CONTINUOUS
10
5.8381889763779524
20
-3.9204724409448817
11
5.8381889763779524
21
-3.9992125984251969
0
LINE
8
BLACK
6
CONTINUOUS
10
5.8775590551181098
20
-3.9992125984251969
11
5.8578740157480311
21
-3.9992125984251969
0
LINE
8
BLACK
6
CONTINUOUS
10
5.8578740157480311
20
-3.9992125984251969
11
5.8578740157480311
21
-3.9204724409448817
0
LINE
8
BLACK
6
CONTINUOUS
10
5.8578740157480311
20
-3.9204724409448817
11
5.8775590551181098
21
-3.9204724409448817
0
LINE
8
BLACK
6
CONTINUOUS
10
5.8775590551181098
20
-3.9204724409448817
11
5.8775590551181098
21
-3.9992125984251969
0
LINE
8
BLACK
6
CONTINUOUS
10
5.6369433858267719
20
-3.5791536220472442
11
5.6387738188976373
21
-3.581266062992126
0
LINE
8
BLACK
6
CONTINUOUS
10
5.6387738188976373
20
-3.581266062992126
11
5.639171614173228
21
-3.5840327559055116
0
LINE
8
BLACK
6
CONTINUOUS
10
5.639171614173228
20
-3.5840327559055116
11
5.6382140944881884
21
-3.5863241732283462
0
LINE
8
BLACK
6
CONTINUOUS
10
5.6382140944881884
20
-3.5863241732283462
11
5.6361160629921256
21
-3.5890907874015747
0
LINE
8
BLACK
6
CONTINUOUS
10
5.6361160629921256
20
-3.5890907874015747
11
5.6361159448818894
21
-3.5890909448818897
0
LINE
8
BLACK
6
CONTINUOUS
10
5.6361159448818894
20
-3.5890909448818897
11
5.6340226377952751
21
-3.5943991732283465
0
LINE
8
BLACK
6
CONTINUOUS
10
5.6340226377952751
20
-3.5943991732283465
11
5.6340225984251964
21
-3.594399409448819
0
LINE
8
BLACK
6
CONTINUOUS
10
5.6340225984251964
20
-3.594399409448819
11
5.6336220472440948
21
-3.5977349606299214
0
LINE
8
BLACK
6
CONTINUOUS
10
5.6336220472440948
20
-3.5977349606299214
11
5.6336220472440948
21
-3.6211626377952757
0
LINE
8
BLACK
6
CONTINUOUS
10
5.6336220472440948
20
-3.6211626377952757
11
5.6340225984251964
21
-3.6244981889763777
0
LINE
8
BLACK
6
CONTINUOUS
10
5.6340225984251964
20
-3.6244981889763777
11
5.6340226377952751
21
-3.6244984251968502
0
LINE
8
BLACK
6
CONTINUOUS
10
5.6340226377952751
20
-3.6244984251968502
11
5.6361159448818894
21
-3.6298066535433069
0
LINE
8
BLACK
6
CONTINUOUS
10
5.6361159448818894
20
-3.6298066535433069
11
5.6361160629921256
21
-3.6298068110236219
0
LINE
8
BLACK
6
CONTINUOUS
10
5.6361160629921256
20
-3.6298068110236219
11
5.6395638582677163
21
-3.6343534251968501
0
LINE
8
BLACK
6
CONTINUOUS
10
5.6395638582677163
20
-3.6343534251968501
11
5.6423352362204726
21
-3.6364549999999998
0
LINE
8
BLACK
6
CONTINUOUS
10
5.6423352362204726
20
-3.6364549999999998
11
5.6441106299212596
21
-3.6378013385826771
0
LINE
8
BLACK
6
CONTINUOUS
10
5.6441106299212596
20
-3.6378013385826771
11
5.6441109055118108
21
-3.6378014173228346
0
LINE
8
BLACK
6
CONTINUOUS
10
5.6441109055118108
20
-3.6378014173228346
11
5.6443797244094487
21
-3.6379525984251968
0
LINE
8
BLACK
6
CONTINUOUS
10
5.6443797244094487
20
-3.6379525984251968
11
5.6463316535433066
21
-3.6399532677165354
0
LINE
8
BLACK
6
CONTINUOUS
10
5.6463316535433066
20
-3.6399532677165354
11
5.6469094488188976
21
-3.6422767716535431
0
LINE
8
BLACK
6
CONTINUOUS
10
5.6469094488188976
20
-3.6422767716535431
11
5.6469094488188976
21
-3.6430621259842519
0
LINE
8
BLACK
6
CONTINUOUS
10
5.6469094488188976
20
-3.6430621259842519
11
5.6469094094488188
21
-3.6430621259842519
0
LINE
8
BLACK
6
CONTINUOUS
10
5.6469094094488188
20
-3.6430621259842519
11
5.6480054724409445
21
-3.6471525590551179
0
LINE
8
BLACK
6
CONTINUOUS
10
5.6480054724409445
20
-3.6471525590551179
11
5.6502853543307081
21
-3.6511014566929134
0
LINE
8
BLACK
6
CONTINUOUS
10
5.6502853543307081
20
-3.6511014566929134
11
5.6501726771653544
21
-3.6511664960629919
0
LINE
8
BLACK
6
CONTINUOUS
10
5.6501726771653544
20
-3.6511664960629919
11
5.6509611811023621
21
-3.6532062598425195
0
LINE
8
BLACK
6
CONTINUOUS
10
5.6509611811023621
20
-3.6532062598425195
11
5.6509422047244096
21
-3.6542167322834644
0
LINE
8
BLACK
6
CONTINUOUS
10
5.6509422047244096
20
-3.6542167322834644
11
5.6506415748031493
21
-3.6566927559055116
0
LINE
8
BLACK
6
CONTINUOUS
10
5.6506415748031493
20
-3.6566927559055116
11
5.6506415748031493
21
-3.6566930314960628
0
LINE
8
BLACK
6
CONTINUOUS
10
5.6506415748031493
20
-3.6566930314960628
11
5.6514580314960625
21
-3.6634172834645669
0
LINE
8
BLACK
6
CONTINUOUS
10
5.6514580314960625
20
-3.6634172834645669
11
5.6534394094488185
21
-3.6686417322834646
0
LINE
8
BLACK
6
CONTINUOUS
10
5.6534394094488185
20
-3.6686417322834646
11
5.6538600787401574
21
-3.6697509842519684
0
LINE
8
BLACK
6
CONTINUOUS
10
5.6538600787401574
20
-3.6697509842519684
11
5.6577080708661418
21
-3.6753257086614171
0
LINE
8
BLACK
6
CONTINUOUS
10
5.6577080708661418
20
-3.6753257086614171
11
5.662778346456693
21
-3.6798175984251968
0
LINE
8
BLACK
6
CONTINUOUS
10
5.662778346456693
20
-3.6798175984251968
11
5.6627783858267717
21
-3.6798175984251968
0
LINE
8
BLACK
6
CONTINUOUS
10
5.6627783858267717
20
-3.6798175984251968
11
5.6627784645669292
21
-3.6798176771653544
0
LINE
8
BLACK
6
CONTINUOUS
10
5.6627784645669292
20
-3.6798176771653544
11
5.6658640157480313
21
-3.681437086614173
0
LINE
8
BLACK
6
CONTINUOUS
10
5.6658640157480313
20
-3.681437086614173
11
5.6687762598425193
21
-3.6829655511811024
0
LINE
8
BLACK
6
CONTINUOUS
10
5.6687762598425193
20
-3.6829655511811024
11
5.6687762992125981
21
-3.6829655511811024
0
LINE
8
BLACK
6
CONTINUOUS
10
5.6687762992125981
20
-3.6829655511811024
11
5.6687763779527556
21
-3.6829655905511811
0
LINE
8
BLACK
6
CONTINUOUS
10
5.6687763779527556
20
-3.6829655905511811
11
5.6716279527559053
21
-3.6836684251968501
0
LINE
8
BLACK
6
CONTINUOUS
10
5.6716279527559053
20
-3.6836684251968501
11
5.6753532283464567
21
-3.6845866141732282
0
LINE
8
BLACK
6
CONTINUOUS
10
5.6753532283464567
20
-3.6845866141732282
11
5.675353346456693
21
-3.6845866141732282
0
LINE
8
BLACK
6
CONTINUOUS
10
5.675353346456693
20
-3.6845866141732282
11
5.6818348031496058
21
-3.6845866141732282
0
LINE
8
BLACK
6
CONTINUOUS
10
5.6818348031496058
20
-3.6845866141732282
11
5.6845167322834644
21
-3.6853740944881888
0
LINE
8
BLACK
6
CONTINUOUS
10
5.6845167322834644
20
-3.6853740944881888
11
5.6853424803149606
21
-3.6860395669291339
0
LINE
8
BLACK
6
CONTINUOUS
10
5.6853424803149606
20
-3.6860395669291339
11
5.6916892913385828
21
-3.6923863779527557
0
LINE
8
BLACK
6
CONTINUOUS
10
5.6916892913385828
20
-3.6923863779527557
11
5.6930288976377952
21
-3.6948396062992126
0
LINE
8
BLACK
6
CONTINUOUS
10
5.6930288976377952
20
-3.6948396062992126
11
5.6928294881889761
21
-3.6976275984251967
0
LINE
8
BLACK
6
CONTINUOUS
10
5.6928294881889761
20
-3.6976275984251967
11
5.6916893307086616
21
-3.6994016929133857
0
LINE
8
BLACK
6
CONTINUOUS
10
5.6916893307086616
20
-3.6994016929133857
11
5.6902000393700787
21
-3.7008909842519686
0
LINE
8
BLACK
6
CONTINUOUS
10
5.6902000393700787
20
-3.7008909842519686
11
5.6901999606299212
21
-3.7008911023622044
0
LINE
8
BLACK
6
CONTINUOUS
10
5.6901999606299212
20
-3.7008911023622044
11
5.688365826771653
21
-3.7050449999999997
0
LINE
8
BLACK
6
CONTINUOUS
10
5.688365826771653
20
-3.7050449999999997
11
5.6883657874015743
21
-3.7050451968503935
0
LINE
8
BLACK
6
CONTINUOUS
10
5.6883657874015743
20
-3.7050451968503935
11
5.6882480314960633
21
-3.7060601968503937
0
LINE
8
BLACK
6
CONTINUOUS
10
5.6882480314960633
20
-3.7060601968503937
11
5.6882480314960633
21
-3.7884279527559053
0
LINE
8
BLACK
6
CONTINUOUS
10
5.6882480314960633
20
-3.7884279527559053
11
5.6883657874015743
21
-3.7894429527559055
0
LINE
8
BLACK
6
CONTINUOUS
10
5.6883657874015743
20
-3.7894429527559055
11
5.688365826771653
21
-3.7894431496062992
0
LINE
8
BLACK
6
CONTINUOUS
10
5.688365826771653
20
-3.7894431496062992
11
5.6901999606299212
21
-3.7935970472440945
0
LINE
8
BLACK
6
CONTINUOUS
10
5.6901999606299212
20
-3.7935970472440945
11
5.6901999999999999
21
-3.793597125984252
0
LINE
8
BLACK
6
CONTINUOUS
10
5.6901999999999999
20
-3.793597125984252
11
5.6934107086614176
21
-3.7968078346456693
0
LINE
8
BLACK
6
CONTINUOUS
10
5.6934107086614176
20
-3.7968078346456693
11
5.6934107874015742
21
-3.796807874015748
0
LINE
8
BLACK
6
CONTINUOUS
10
5.6934107874015742
20
-3.796807874015748
11
5.693410826771653
21
-3.7968079133858268
0
LINE
8
BLACK
6
CONTINUOUS
10
5.693410826771653
20
-3.7968079133858268
11
5.6975647637795275
21
-3.7986420472440945
0
LINE
8
BLACK
6
CONTINUOUS
10
5.6975647637795275
20
-3.7986420472440945
11
5.6985799999999998
21
-3.7987598031496064
0
LINE
8
BLACK
6
CONTINUOUS
10
5.6985799999999998
20
-3.7987598031496064
11
5.698580118110236
21
-3.7987598425196851
0
LINE
8
BLACK
6
CONTINUOUS
10
5.698580118110236
20
-3.7987598425196851
11
5.6985801574803148
21
-3.7987598425196851
0
LINE
8
BLACK
6
CONTINUOUS
10
5.6985801574803148
20
-3.7987598425196851
11
5.7218923228346457
21
-3.7987598425196851
0
LINE
8
BLACK
6
CONTINUOUS
10
5.7218923228346457
20
-3.7987598425196851
11
5.7218923622047244
21
-3.7987598031496064
0
LINE
8
BLACK
6
CONTINUOUS
10
5.7218923622047244
20
-3.7987598031496064
11
5.7229076771653542
21
-3.7986420472440945
0
LINE
8
BLACK
6
CONTINUOUS
10
5.7229076771653542
20
-3.7986420472440945
11
5.7270616141732278
21
-3.7968079133858268
0
LINE
8
BLACK
6
CONTINUOUS
10
5.7270616141732278
20
-3.7968079133858268
11
5.7270617716535428
21
-3.796807716535433
0
LINE
8
BLACK
6
CONTINUOUS
10
5.7270617716535428
20
-3.796807716535433
11
5.7271176377952751
21
-3.7967694881889762
0
LINE
8
BLACK
6
CONTINUOUS
10
5.7271176377952751
20
-3.7967694881889762
11
5.7272359842519682
21
-3.796730905511811
0
LINE
8
BLACK
6
CONTINUOUS
10
5.7272359842519682
20
-3.796730905511811
11
5.7274821259842517
21
-3.7966222440944879
0
LINE
8
BLACK
6
CONTINUOUS
10
5.7274821259842517
20
-3.7966222440944879
11
5.7274931102362201
21
-3.796647125984252
0
LINE
8
BLACK
6
CONTINUOUS
10
5.7274931102362201
20
-3.796647125984252
11
5.7297752362204726
21
-3.7959034251968502
0
LINE
8
BLACK
6
CONTINUOUS
10
5.7297752362204726
20
-3.7959034251968502
11
5.732479173228346
21
-3.7966116141732282
0
LINE
8
BLACK
6
CONTINUOUS
10
5.732479173228346
20
-3.7966116141732282
11
5.732724881889764
21
-3.7967694881889762
0
LINE
8
BLACK
6
CONTINUOUS
10
5.732724881889764
20
-3.7967694881889762
11
5.732780787401575
21
-3.7968077952755905
0
LINE
8
BLACK
6
CONTINUOUS
10
5.732780787401575
20
-3.7968077952755905
11
5.7327809055118113
21
-3.7968079133858268
0
LINE
8
BLACK
6
CONTINUOUS
10
5.7327809055118113
20
-3.7968079133858268
11
5.7327810236220476
21
-3.7968079527559055
0
LINE
8
BLACK
6
CONTINUOUS
10
5.7327810236220476
20
-3.7968079527559055
11
5.7327810629921254
21
-3.7968079921259843
0
LINE
8
BLACK
6
CONTINUOUS
10
5.7327810629921254
20
-3.7968079921259843
11
5.7355501968503937
21
-3.7980306692913386
0
LINE
8
BLACK
6
CONTINUOUS
10
5.7355501968503937
20
-3.7980306692913386
11
5.7369348425196849
21
-3.7986420472440945
0
LINE
8
BLACK
6
CONTINUOUS
10
5.7369348425196849
20
-3.7986420472440945
11
5.7379500787401572
21
-3.7987598031496064
0
LINE
8
BLACK
6
CONTINUOUS
10
5.7379500787401572
20
-3.7987598031496064
11
5.7379501968503934
21
-3.7987598425196851
0
LINE
8
BLACK
6
CONTINUOUS
10
5.7379501968503934
20
-3.7987598425196851
11
5.7379502362204722
21
-3.7987598425196851
0
LINE
8
BLACK
6
CONTINUOUS
10
5.7379502362204722
20
-3.7987598425196851
11
5.7612624015748031
21
-3.7987598425196851
0
LINE
8
BLACK
6
CONTINUOUS
10
5.7612624015748031
20
-3.7987598425196851
11
5.7612624409448818
21
-3.7987598031496064
0
LINE
8
BLACK
6
CONTINUOUS
10
5.7612624409448818
20
-3.7987598031496064
11
5.7622777559055116
21
-3.7986420472440945
0
LINE
8
BLACK
6
CONTINUOUS
10
5.7622777559055116
20
-3.7986420472440945
11
5.7664316929133861
21
-3.7968079133858268
0
LINE
8
BLACK
6
CONTINUOUS
10
5.7664316929133861
20
-3.7968079133858268
11
5.7696425590551179
21
-3.7935970472440945
0
LINE
8
BLACK
6
CONTINUOUS
10
5.7696425590551179
20
-3.7935970472440945
11
5.7714766929133861
21
-3.7894431102362205
0
LINE
8
BLACK
6
CONTINUOUS
10
5.7714766929133861
20
-3.7894431102362205
11
5.7715944881889767
21
-3.7884277165354332
0
LINE
8
BLACK
6
CONTINUOUS
10
5.7715944881889767
20
-3.7884277165354332
11
5.7715944881889767
21
-3.7060604724409449
0
LINE
8
BLACK
6
CONTINUOUS
10
5.7715944881889767
20
-3.7060604724409449
11
5.7714766929133861
21
-3.7050450787401572
0
LINE
8
BLACK
6
CONTINUOUS
10
5.7714766929133861
20
-3.7050450787401572
11
5.7696425590551179
21
-3.7008911417322832
0
LINE
8
BLACK
6
CONTINUOUS
10
5.7696425590551179
20
-3.7008911417322832
11
5.7696425196850392
21
-3.7008911023622044
0
LINE
8
BLACK
6
CONTINUOUS
10
5.7696425196850392
20
-3.7008911023622044
11
5.7696424803149604
21
-3.7008910236220474
0
LINE
8
BLACK
6
CONTINUOUS
10
5.7696424803149604
20
-3.7008910236220474
11
5.7672048818897634
21
-3.6984534251968504
0
LINE
8
BLACK
6
CONTINUOUS
10
5.7672048818897634
20
-3.6984534251968504
11
5.7658652755905511
21
-3.6960001968503935
0
LINE
8
BLACK
6
CONTINUOUS
10
5.7658652755905511
20
-3.6960001968503935
11
5.7660646850393702
21
-3.6932122047244094
0
LINE
8
BLACK
6
CONTINUOUS
10
5.7660646850393702
20
-3.6932122047244094
11
5.7667598031496059
21
-3.6919484645669289
0
LINE
8
BLACK
6
CONTINUOUS
10
5.7667598031496059
20
-3.6919484645669289
11
5.7691005511811024
21
-3.6888618110236218
0
LINE
8
BLACK
6
CONTINUOUS
10
5.7691005511811024
20
-3.6888618110236218
11
5.7711938976377954
21
-3.6835534645669292
0
LINE
8
BLACK
6
CONTINUOUS
10
5.7711938976377954
20
-3.6835534645669292
11
5.7715944881889767
21
-3.6802176377952756
0
LINE
8
BLACK
6
CONTINUOUS
10
5.7715944881889767
20
-3.6802176377952756
11
5.7715944881889767
21
-3.6567902362204725
0
LINE
8
BLACK
6
CONTINUOUS
10
5.7715944881889767
20
-3.6567902362204725
11
5.7711938976377954
21
-3.6534544094488188
0
LINE
8
BLACK
6
CONTINUOUS
10
5.7711938976377954
20
-3.6534544094488188
11
5.7711711811023623
21
-3.6533968503937007
0
LINE
8
BLACK
6
CONTINUOUS
10
5.7711711811023623
20
-3.6533968503937007
11
5.7691005511811024
21
-3.6481460629921258
0
LINE
8
BLACK
6
CONTINUOUS
10
5.7691005511811024
20
-3.6481460629921258
11
5.7691004330708662
21
-3.6481459055118108
0
LINE
8
BLACK
6
CONTINUOUS
10
5.7691004330708662
20
-3.6481459055118108
11
5.7669427559055118
21
-3.6453005511811023
0
LINE
8
BLACK
6
CONTINUOUS
10
5.7669427559055118
20
-3.6453005511811023
11
5.7659496850393701
21
-3.6426877559055115
0
LINE
8
BLACK
6
CONTINUOUS
10
5.7659496850393701
20
-3.6426877559055115
11
5.7665268897637798
21
-3.6399528346456691
0
LINE
8
BLACK
6
CONTINUOUS
10
5.7665268897637798
20
-3.6399528346456691
11
5.7684910236220475
21
-3.6379641338582678
0
LINE
8
BLACK
6
CONTINUOUS
10
5.7684910236220475
20
-3.6379641338582678
11
5.770895393700787
21
-3.6373425196850393
0
LINE
8
BLACK
6
CONTINUOUS
10
5.770895393700787
20
-3.6373425196850393
11
5.7726781496062989
21
-3.6373425196850393
0
LINE
8
BLACK
6
CONTINUOUS
10
5.7726781496062989
20
-3.6373425196850393
11
5.7726782677165351
21
-3.6373425196850393
0
LINE
8
BLACK
6
CONTINUOUS
10
5.7726782677165351
20
-3.6373425196850393
11
5.7792552362204725
21
-3.6357214566929135
0
LINE
8
BLACK
6
CONTINUOUS
10
5.7792552362204725
20
-3.6357214566929135
11
5.7813539370078741
21
-3.6346199212598425
0
LINE
8
BLACK
6
CONTINUOUS
10
5.7813539370078741
20
-3.6346199212598425
11
5.7840945669291335
21
-3.634070866141732
0
LINE
8
BLACK
6
CONTINUOUS
10
5.7840945669291335
20
-3.634070866141732
11
5.7866566535433073
21
-3.6350597244094489
0
LINE
8
BLACK
6
CONTINUOUS
10
5.7866566535433073
20
-3.6350597244094489
11
5.7902718897637797
21
-3.6378012204724408
0
LINE
8
BLACK
6
CONTINUOUS
10
5.7902718897637797
20
-3.6378012204724408
11
5.7902720472440947
21
-3.6378013385826771
0
LINE
8
BLACK
6
CONTINUOUS
10
5.7902720472440947
20
-3.6378013385826771
11
5.7950811811023621
21
-3.6396978346456694
0
LINE
8
BLACK
6
CONTINUOUS
10
5.7950811811023621
20
-3.6396978346456694
11
5.7955803937007877
21
-3.6398946850393701
0
LINE
8
BLACK
6
CONTINUOUS
10
5.7955803937007877
20
-3.6398946850393701
11
5.7989162204724405
21
-3.6402952755905509
0
LINE
8
BLACK
6
CONTINUOUS
10
5.7989162204724405
20
-3.6402952755905509
11
5.7989163385826767
21
-3.6402952755905509
0
LINE
8
BLACK
6
CONTINUOUS
10
5.7989163385826767
20
-3.6402952755905509
11
5.8193907480314957
21
-3.6402952755905509
0
LINE
8
BLACK
6
CONTINUOUS
10
5.8193907480314957
20
-3.6402952755905509
11
5.819390866141732
21
-3.6402952755905509
0
LINE
8
BLACK
6
CONTINUOUS
10
5.819390866141732
20
-3.6402952755905509
11
5.8227266929133856
21
-3.6398946850393701
0
LINE
8
BLACK
6
CONTINUOUS
10
5.8227266929133856
20
-3.6398946850393701
11
5.8280350393700786
21
-3.6378013385826771
0
LINE
8
BLACK
6
CONTINUOUS
10
5.8280350393700786
20
-3.6378013385826771
11
5.8325817716535431
21
-3.6343534251968501
0
LINE
8
BLACK
6
CONTINUOUS
10
5.8325817716535431
20
-3.6343534251968501
11
5.83602968503937
21
-3.6298066929133856
0
LINE
8
BLACK
6
CONTINUOUS
10
5.83602968503937
20
-3.6298066929133856
11
5.83602968503937
21
-3.6298066535433069
0
LINE
8
BLACK
6
CONTINUOUS
10
5.83602968503937
20
-3.6298066535433069
11
5.8362048425196846
21
-3.6295757086614171
0
LINE
8
BLACK
6
CONTINUOUS
10
5.8362048425196846
20
-3.6295757086614171
11
5.8384527952755905
21
-3.6279145669291339
0
LINE
8
BLACK
6
CONTINUOUS
10
5.8384527952755905
20
-3.6279145669291339
11
5.8412420078740155
21
-3.6277324803149607
0
LINE
8
BLACK
6
CONTINUOUS
10
5.8412420078740155
20
-3.6277324803149607
11
5.843686889763779
21
-3.6290872440944879
0
LINE
8
BLACK
6
CONTINUOUS
10
5.843686889763779
20
-3.6290872440944879
11
5.844110118110236
21
-3.6295757086614171
0
LINE
8
BLACK
6
CONTINUOUS
10
5.844110118110236
20
-3.6295757086614171
11
5.8442852362204727
21
-3.6298066535433069
0
LINE
8
BLACK
6
CONTINUOUS
10
5.8442852362204727
20
-3.6298066535433069
11
5.8442852755905514
21
-3.6298066929133856
0
LINE
8
BLACK
6
CONTINUOUS
10
5.8442852755905514
20
-3.6298066929133856
11
5.8443048425196853
21
-3.6298324803149606
0
LINE
8
BLACK
6
CONTINUOUS
10
5.8443048425196853
20
-3.6298324803149606
11
5.8471377559055115
21
-3.6335682677165355
0
LINE
8
BLACK
6
CONTINUOUS
10
5.8471377559055115
20
-3.6335682677165355
11
5.8477331889763775
21
-3.6343534251968501
0
LINE
8
BLACK
6
CONTINUOUS
10
5.8477331889763775
20
-3.6343534251968501
11
5.8521312598425199
21
-3.6376885826771654
0
LINE
8
BLACK
6
CONTINUOUS
10
5.8521312598425199
20
-3.6376885826771654
11
5.8537924015748031
21
-3.6399365354330708
0
LINE
8
BLACK
6
CONTINUOUS
10
5.8537924015748031
20
-3.6399365354330708
11
5.8540944881889763
21
-3.6416412204724407
0
LINE
8
BLACK
6
CONTINUOUS
10
5.8540944881889763
20
-3.6416412204724407
11
5.8540944881889763
21
-3.6441839370078739
0
LINE
8
BLACK
6
CONTINUOUS
10
5.8540944881889763
20
-3.6441839370078739
11
5.8537721259842517
21
-3.6459429921259843
0
LINE
8
BLACK
6
CONTINUOUS
10
5.8537721259842517
20
-3.6459429921259843
11
5.8522454330708662
21
-3.6499685433070863
0
LINE
8
BLACK
6
CONTINUOUS
10
5.8522454330708662
20
-3.6499685433070863
11
5.851428976377953
21
-3.6566927952755903
0
LINE
8
BLACK
6
CONTINUOUS
10
5.851428976377953
20
-3.6566927952755903
11
5.851428976377953
21
-3.6566931496062991
0
LINE
8
BLACK
6
CONTINUOUS
10
5.851428976377953
20
-3.6566931496062991
11
5.8517175196850388
21
-3.6590697244094486
0
LINE
8
BLACK
6
CONTINUOUS
10
5.8517175196850388
20
-3.6590697244094486
11
5.8512590551181098
21
-3.6618270078740158
0
LINE
8
BLACK
6
CONTINUOUS
10
5.8512590551181098
20
-3.6618270078740158
11
5.8503007874015749
21
-3.6631752755905511
0
LINE
8
BLACK
6
CONTINUOUS
10
5.8503007874015749
20
-3.6631752755905511
11
5.8191075196850388
21
-3.6943686220472438
0
LINE
8
BLACK
6
CONTINUOUS
10
5.8191075196850388
20
-3.6943686220472438
11
5.8166542519685036
21
-3.6957081889763779
0
LINE
8
BLACK
6
CONTINUOUS
10
5.8166542519685036
20
-3.6957081889763779
11
5.8161716535433072
21
-3.695788503937008
0
LINE
8
BLACK
6
CONTINUOUS
10
5.8161716535433072
20
-3.695788503937008
11
5.8156750787401572
21
-3.6958461023622045
0
LINE
8
BLACK
6
CONTINUOUS
10
5.8156750787401572
20
-3.6958461023622045
11
5.8156749212598422
21
-3.6958461417322832
0
LINE
8
BLACK
6
CONTINUOUS
10
5.8156749212598422
20
-3.6958461417322832
11
5.8115210236220474
21
-3.6976802755905509
0
LINE
8
BLACK
6
CONTINUOUS
10
5.8115210236220474
20
-3.6976802755905509
11
5.8115209448818899
21
-3.6976803149606297
0
LINE
8
BLACK
6
CONTINUOUS
10
5.8115209448818899
20
-3.6976803149606297
11
5.8083102362204722
21
-3.7008910236220474
0
LINE
8
BLACK
6
CONTINUOUS
10
5.8083102362204722
20
-3.7008910236220474
11
5.8083101968503934
21
-3.7008911023622044
0
LINE
8
BLACK
6
CONTINUOUS
10
5.8083101968503934
20
-3.7008911023622044
11
5.8064760629921262
21
-3.7050449999999997
0
LINE
8
BLACK
6
CONTINUOUS
10
5.8064760629921262
20
-3.7050449999999997
11
5.8064760236220474
21
-3.7050451968503935
0
LINE
8
BLACK
6
CONTINUOUS
10
5.8064760236220474
20
-3.7050451968503935
11
5.8063582677165355
21
-3.7060601968503937
0
LINE
8
BLACK
6
CONTINUOUS
10
5.8063582677165355
20
-3.7060601968503937
11
5.8063582677165355
21
-3.7884279527559053
0
LINE
8
BLACK
6
CONTINUOUS
10
5.8063582677165355
20
-3.7884279527559053
11
5.8064760236220474
21
-3.7894429527559055
0
LINE
8
BLACK
6
CONTINUOUS
10
5.8064760236220474
20
-3.7894429527559055
11
5.8064760629921262
21
-3.7894431496062992
0
LINE
8
BLACK
6
CONTINUOUS
10
5.8064760629921262
20
-3.7894431496062992
11
5.8083101968503934
21
-3.7935970472440945
0
LINE
8
BLACK
6
CONTINUOUS
10
5.8083101968503934
20
-3.7935970472440945
11
5.8083102362204722
21
-3.793597125984252
0
LINE
8
BLACK
6
CONTINUOUS
10
5.8083102362204722
20
-3.793597125984252
11
5.8115209448818899
21
-3.7968078346456693
0
LINE
8
BLACK
6
CONTINUOUS
10
5.8115209448818899
20
-3.7968078346456693
11
5.8115210236220474
21
-3.796807874015748
0
LINE
8
BLACK
6
CONTINUOUS
10
5.8115210236220474
20
-3.796807874015748
11
5.8115210629921261
21
-3.7968079133858268
0
LINE
8
BLACK
6
CONTINUOUS
10
5.8115210629921261
20
-3.7968079133858268
11
5.8156749999999997
21
-3.7986420472440945
0
LINE
8
BLACK
6
CONTINUOUS
10
5.8156749999999997
20
-3.7986420472440945
11
5.816690236220472
21
-3.7987598031496064
0
LINE
8
BLACK
6
CONTINUOUS
10
5.816690236220472
20
-3.7987598031496064
11
5.8166903543307082
21
-3.7987598425196851
0
LINE
8
BLACK
6
CONTINUOUS
10
5.8166903543307082
20
-3.7987598425196851
11
5.816690393700787
21
-3.7987598425196851
0
LINE
8
BLACK
6
CONTINUOUS
10
5.816690393700787
20
-3.7987598425196851
11
5.8400025590551179
21
-3.7987598425196851
0
LINE
8
BLACK
6
CONTINUOUS
10
5.8400025590551179
20
-3.7987598425196851
11
5.8400025984251966
21
-3.7987598031496064
0
LINE
8
BLACK
6
CONTINUOUS
10
5.8400025984251966
20
-3.7987598031496064
11
5.8410179133858264
21
-3.7986420472440945
0
LINE
8
BLACK
6
CONTINUOUS
10
5.8410179133858264
20
-3.7986420472440945
11
5.8451718503937009
21
-3.7968079133858268
0
LINE
8
BLACK
6
CONTINUOUS
10
5.8451718503937009
20
-3.7968079133858268
11
5.8451720078740159
21
-3.796807716535433
0
LINE
8
BLACK
6
CONTINUOUS
10
5.8451720078740159
20
-3.796807716535433
11
5.8452278740157482
21
-3.7967694881889762
0
LINE
8
BLACK
6
CONTINUOUS
10
5.8452278740157482
20
-3.7967694881889762
11
5.8453462204724405
21
-3.796730905511811
0
LINE
8
BLACK
6
CONTINUOUS
10
5.8453462204724405
20
-3.796730905511811
11
5.8455923622047239
21
-3.7966222440944879
0
LINE
8
BLACK
6
CONTINUOUS
10
5.8455923622047239
20
-3.7966222440944879
11
5.8456033464566932
21
-3.796647125984252
0
LINE
8
BLACK
6
CONTINUOUS
10
5.8456033464566932
20
-3.796647125984252
11
5.8478854724409448
21
-3.7959034251968502
0
LINE
8
BLACK
6
CONTINUOUS
10
5.8478854724409448
20
-3.7959034251968502
11
5.8505894094488191
21
-3.7966116141732282
0
LINE
8
BLACK
6
CONTINUOUS
10
5.8505894094488191
20
-3.7966116141732282
11
5.8508351181102363
21
-3.7967694881889762
0
LINE
8
BLACK
6
CONTINUOUS
10
5.8508351181102363
20
-3.7967694881889762
11
5.8508910236220473
21
-3.7968077952755905
0
LINE
8
BLACK
6
CONTINUOUS
10
5.8508910236220473
20
-3.7968077952755905
11
5.8508911417322835
21
-3.7968079133858268
0
LINE
8
BLACK
6
CONTINUOUS
10
5.8508911417322835
20
-3.7968079133858268
11
5.8508912598425198
21
-3.7968079527559055
0
LINE
8
BLACK
6
CONTINUOUS
10
5.8508912598425198
20
-3.7968079527559055
11
5.8508912992125985
21
-3.7968079921259843
0
LINE
8
BLACK
6
CONTINUOUS
10
5.8508912992125985
20
-3.7968079921259843
11
5.8536604330708659
21
-3.7980306692913386
0
LINE
8
BLACK
6
CONTINUOUS
10
5.8536604330708659
20
-3.7980306692913386
11
5.8550450787401571
21
-3.7986420472440945
0
LINE
8
BLACK
6
CONTINUOUS
10
5.8550450787401571
20
-3.7986420472440945
11
5.8560603149606294
21
-3.7987598031496064
0
LINE
8
BLACK
6
CONTINUOUS
10
5.8560603149606294
20
-3.7987598031496064
11
5.8560604330708657
21
-3.7987598425196851
0
LINE
8
BLACK
6
CONTINUOUS
10
5.8560604330708657
20
-3.7987598425196851
11
5.8560604724409444
21
-3.7987598425196851
0
LINE
8
BLACK
6
CONTINUOUS
10
5.8560604724409444
20
-3.7987598425196851
11
5.8793726377952753
21
-3.7987598425196851
0
LINE
8
BLACK
6
CONTINUOUS
10
5.8793726377952753
20
-3.7987598425196851
11
5.8793726771653541
21
-3.7987598031496064
0
LINE
8
BLACK
6
CONTINUOUS
10
5.8793726771653541
20
-3.7987598031496064
11
5.8803879921259838
21
-3.7986420472440945
0
LINE
8
BLACK
6
CONTINUOUS
10
5.8803879921259838
20
-3.7986420472440945
11
5.8845419291338583
21
-3.7968079133858268
0
LINE
8
BLACK
6
CONTINUOUS
10
5.8845419291338583
20
-3.7968079133858268
11
5.8877527952755901
21
-3.7935970472440945
0
LINE
8
BLACK
6
CONTINUOUS
10
5.8877527952755901
20
-3.7935970472440945
11
5.8895869291338583
21
-3.7894431102362205
0
LINE
8
BLACK
6
CONTINUOUS
10
5.8895869291338583
20
-3.7894431102362205
11
5.8897047244094489
21
-3.7884277165354332
0
LINE
8
BLACK
6
CONTINUOUS
10
5.8897047244094489
20
-3.7884277165354332
11
5.8897047244094489
21
-3.7060604724409449
0
LINE
8
BLACK
6
CONTINUOUS
10
5.8897047244094489
20
-3.7060604724409449
11
5.8895869291338583
21
-3.7050450787401572
0
LINE
8
BLACK
6
CONTINUOUS
10
5.8895869291338583
20
-3.7050450787401572
11
5.8877527952755901
21
-3.7008911417322832
0
LINE
8
BLACK
6
CONTINUOUS
10
5.8877527952755901
20
-3.7008911417322832
11
5.8877527559055114
21
-3.7008911023622044
0
LINE
8
BLACK
6
CONTINUOUS
10
5.8877527559055114
20
-3.7008911023622044
11
5.8877527165354326
21
-3.7008910236220474
0
LINE
8
BLACK
6
CONTINUOUS
10
5.8877527165354326
20
-3.7008910236220474
11
5.8845420078740158
21
-3.6976803149606297
0
LINE
8
BLACK
6
CONTINUOUS
10
5.8845420078740158
20
-3.6976803149606297
11
5.8845419291338583
21
-3.6976802755905509
0
LINE
8
BLACK
6
CONTINUOUS
10
5.8845419291338583
20
-3.6976802755905509
11
5.8803880314960626
21
-3.6958461417322832
0
LINE
8
BLACK
6
CONTINUOUS
10
5.8803880314960626
20
-3.6958461417322832
11
5.8803878346456688
21
-3.6958461023622045
0
LINE
8
BLACK
6
CONTINUOUS
10
5.8803878346456688
20
-3.6958461023622045
11
5.8793728346456691
21
-3.695728346456693
0
LINE
8
BLACK
6
CONTINUOUS
10
5.8793728346456691
20
-3.695728346456693
11
5.8793725984251965
21
-3.695728346456693
0
LINE
8
BLACK
6
CONTINUOUS
10
5.8793725984251965
20
-3.695728346456693
11
5.8752125196850393
21
-3.695728346456693
0
LINE
8
BLACK
6
CONTINUOUS
10
5.8752125196850393
20
-3.695728346456693
11
5.8725305905511807
21
-3.694940866141732
0
LINE
8
BLACK
6
CONTINUOUS
10
5.8725305905511807
20
-3.694940866141732
11
5.8707001574803153
21
-3.6928284251968502
0
LINE
8
BLACK
6
CONTINUOUS
10
5.8707001574803153
20
-3.6928284251968502
11
5.8703023622047246
21
-3.6900617322834646
0
LINE
8
BLACK
6
CONTINUOUS
10
5.8703023622047246
20
-3.6900617322834646
11
5.8714635433070868
21
-3.6875192125984251
0
LINE
8
BLACK
6
CONTINUOUS
10
5.8714635433070868
20
-3.6875192125984251
11
5.8717048425196845
21
-3.6872600393700785
0
LINE
8
BLACK
6
CONTINUOUS
10
5.8717048425196845
20
-3.6872600393700785
11
5.8729252755905508
21
-3.6860396062992127
0
LINE
8
BLACK
6
CONTINUOUS
10
5.8729252755905508
20
-3.6860396062992127
11
5.8753785039370081
21
-3.6846999999999999
0
LINE
8
BLACK
6
CONTINUOUS
10
5.8753785039370081
20
-3.6846999999999999
11
5.8764329527559056
21
-3.6845866535433069
0
LINE
8
BLACK
6
CONTINUOUS
10
5.8764329527559056
20
-3.6845866535433069
11
5.8829143700787396
21
-3.6845866535433069
0
LINE
8
BLACK
6
CONTINUOUS
10
5.8829143700787396
20
-3.6845866535433069
11
5.8829144881889759
21
-3.6845866535433069
0
LINE
8
BLACK
6
CONTINUOUS
10
5.8829144881889759
20
-3.6845866535433069
11
5.8894914566929133
21
-3.6829655905511811
0
LINE
8
BLACK
6
CONTINUOUS
10
5.8894914566929133
20
-3.6829655905511811
11
5.8954893700787396
21
-3.6798176377952756
0
LINE
8
BLACK
6
CONTINUOUS
10
5.8954893700787396
20
-3.6798176377952756
11
5.9005596456692908
21
-3.6753257480314958
0
LINE
8
BLACK
6
CONTINUOUS
10
5.9005596456692908
20
-3.6753257480314958
11
5.9044076377952752
21
-3.6697510236220472
0
LINE
8
BLACK
6
CONTINUOUS
10
5.9044076377952752
20
-3.6697510236220472
11
5.9068096456692913
21
-3.6634174015748031
0
LINE
8
BLACK
6
CONTINUOUS
10
5.9068096456692913
20
-3.6634174015748031
11
5.9073375590551178
21
-3.6590697244094486
0
LINE
8
BLACK
6
CONTINUOUS
10
5.9073375590551178
20
-3.6590697244094486
11
5.9076261417322833
21
-3.6566930708661416
0
LINE
8
BLACK
6
CONTINUOUS
10
5.9076261417322833
20
-3.6566930708661416
11
5.9076261417322833
21
-3.6566927952755903
0
LINE
8
BLACK
6
CONTINUOUS
10
5.9076261417322833
20
-3.6566927952755903
11
5.9068096456692913
21
-3.6499685433070863
0
LINE
8
BLACK
6
CONTINUOUS
10
5.9068096456692913
20
-3.6499685433070863
11
5.9068096456692913
21
-3.6499684645669292
0
LINE
8
BLACK
6
CONTINUOUS
10
5.9068096456692913
20
-3.6499684645669292
11
5.9044076377952752
21
-3.6436348818897635
0
LINE
8
BLACK
6
CONTINUOUS
10
5.9044076377952752
20
-3.6436348818897635
11
5.9005596456692908
21
-3.6380601574803149
0
LINE
8
BLACK
6
CONTINUOUS
10
5.9005596456692908
20
-3.6380601574803149
11
5.8987477559055117
21
-3.636454960629921
0
LINE
8
BLACK
6
CONTINUOUS
10
5.8987477559055117
20
-3.636454960629921
11
5.8972625590551182
21
-3.6340870866141732
0
LINE
8
BLACK
6
CONTINUOUS
10
5.8972625590551182
20
-3.6340870866141732
11
5.8972932677165355
21
-3.6312921259842521
0
LINE
8
BLACK
6
CONTINUOUS
10
5.8972932677165355
20
-3.6312921259842521
11
5.8978948818897639
21
-3.6301158267716533
0
LINE
8
BLACK
6
CONTINUOUS
10
5.8978948818897639
20
-3.6301158267716533
11
5.8978712204724406
21
-3.6301025196850394
0
LINE
8
BLACK
6
CONTINUOUS
10
5.8978712204724406
20
-3.6301025196850394
11
5.8980374409448819
21
-3.6298067716535432
0
LINE
8
BLACK
6
CONTINUOUS
10
5.8980374409448819
20
-3.6298067716535432
11
5.8980375590551182
21
-3.6298066929133856
0
LINE
8
BLACK
6
CONTINUOUS
10
5.8980375590551182
20
-3.6298066929133856
11
5.9001309055118112
21
-3.6244983464566927
0
LINE
8
BLACK
6
CONTINUOUS
10
5.9001309055118112
20
-3.6244983464566927
11
5.9005314960629924
21
-3.6211625196850394
0
LINE
8
BLACK
6
CONTINUOUS
10
5.9005314960629924
20
-3.6211625196850394
11
5.9005314960629924
21
-3.5977351181102359
0
LINE
8
BLACK
6
CONTINUOUS
10
5.9005314960629924
20
-3.5977351181102359
11
5.9001309055118112
21
-3.5943992913385827
0
LINE
8
BLACK
6
CONTINUOUS
10
5.9001309055118112
20
-3.5943992913385827
11
5.899586299212598
21
-3.5930183070866142
0
LINE
8
BLACK
6
CONTINUOUS
10
5.899586299212598
20
-3.5930183070866142
11
5.8980375590551182
21
-3.5890909448818897
0
LINE
8
BLACK
6
CONTINUOUS
10
5.8980375590551182
20
-3.5890909448818897
11
5.8980374409448819
21
-3.5890907874015747
0
LINE
8
BLACK
6
CONTINUOUS
10
5.8980374409448819
20
-3.5890907874015747
11
5.8959394488188979
21
-3.5863241732283462
0
LINE
8
BLACK
6
CONTINUOUS
10
5.8959394488188979
20
-3.5863241732283462
11
5.8949463779527553
21
-3.5837113779527558
0
LINE
8
BLACK
6
CONTINUOUS
10
5.8949463779527553
20
-3.5837113779527558
11
5.8955235433070863
21
-3.5809764960629922
0
LINE
8
BLACK
6
CONTINUOUS
10
5.8955235433070863
20
-3.5809764960629922
11
5.8974877165354327
21
-3.5789877952755904
0
LINE
8
BLACK
6
CONTINUOUS
10
5.8974877165354327
20
-3.5789877952755904
11
5.8998920866141731
21
-3.5783661417322832
0
LINE
8
BLACK
6
CONTINUOUS
10
5.8998920866141731
20
-3.5783661417322832
11
5.9369175984251967
21
-3.5783661417322832
0
LINE
8
BLACK
6
CONTINUOUS
10
5.9369175984251967
20
-3.5783661417322832
11
5.9395995275590554
21
-3.5791536220472442
0
LINE
8
BLACK
6
CONTINUOUS
10
5.9395995275590554
20
-3.5791536220472442
11
5.9414299606299208
21
-3.581266062992126
0
LINE
8
BLACK
6
CONTINUOUS
10
5.9414299606299208
20
-3.581266062992126
11
5.9418277559055115
21
-3.5840327559055116
0
LINE
8
BLACK
6
CONTINUOUS
10
5.9418277559055115
20
-3.5840327559055116
11
5.9410001181102361
21
-3.5861447244094489
0
LINE
8
BLACK
6
CONTINUOUS
10
5.9410001181102361
20
-3.5861447244094489
11
5.9373246456692916
21
-3.5914694881889764
0
LINE
8
BLACK
6
CONTINUOUS
10
5.9373246456692916
20
-3.5914694881889764
11
5.9349225984251968
21
-3.597803188976378
0
LINE
8
BLACK
6
CONTINUOUS
10
5.9349225984251968
20
-3.597803188976378
11
5.9341061417322836
21
-3.604527440944882
0
LINE
8
BLACK
6
CONTINUOUS
10
5.9341061417322836
20
-3.604527440944882
11
5.9341061417322836
21
-3.6045277165354328
0
LINE
8
BLACK
6
CONTINUOUS
10
5.9341061417322836
20
-3.6045277165354328
11
5.9349225984251968
21
-3.6112519685039368
0
LINE
8
BLACK
6
CONTINUOUS
10
5.9349225984251968
20
-3.6112519685039368
11
5.9369240944881891
21
-3.6165294488188975
0
LINE
8
BLACK
6
CONTINUOUS
10
5.9369240944881891
20
-3.6165294488188975
11
5.9373246456692916
21
-3.6175856692913384
0
LINE
8
BLACK
6
CONTINUOUS
10
5.9373246456692916
20
-3.6175856692913384
11
5.9411726377952752
21
-3.6231603937007875
0
LINE
8
BLACK
6
CONTINUOUS
10
5.9411726377952752
20
-3.6231603937007875
11
5.9430532677165351
21
-3.6248264960629921
0
LINE
8
BLACK
6
CONTINUOUS
10
5.9430532677165351
20
-3.6248264960629921
11
5.9445385039370073
21
-3.6271943307086612
0
LINE
8
BLACK
6
CONTINUOUS
10
5.9445385039370073
20
-3.6271943307086612
11
5.9447244094488187
21
-3.6285395669291338
0
LINE
8
BLACK
6
CONTINUOUS
10
5.9447244094488187
20
-3.6285395669291338
11
5.9447244094488187
21
-3.6712311023622046
0
LINE
8
BLACK
6
CONTINUOUS
10
5.9447244094488187
20
-3.6712311023622046
11
5.9439369291338577
21
-3.6739130314960629
0
LINE
8
BLACK
6
CONTINUOUS
10
5.9439369291338577
20
-3.6739130314960629
11
5.9427611811023624
21
-3.6751837401574803
0
LINE
8
BLACK
6
CONTINUOUS
10
5.9427611811023624
20
-3.6751837401574803
11
5.9393473228346458
21
-3.6777725196850395
0
LINE
8
BLACK
6
CONTINUOUS
10
5.9393473228346458
20
-3.6777725196850395
11
5.9358995275590551
21
-3.6823191338582677
0
LINE
8
BLACK
6
CONTINUOUS
10
5.9358995275590551
20
-3.6823191338582677
11
5.9358994094488189
21
-3.6823192913385827
0
LINE
8
BLACK
6
CONTINUOUS
10
5.9358994094488189
20
-3.6823192913385827
11
5.9338061023622046
21
-3.6876275196850394
0
LINE
8
BLACK
6
CONTINUOUS
10
5.9338061023622046
20
-3.6876275196850394
11
5.9338060629921259
21
-3.6876277559055115
0
LINE
8
BLACK
6
CONTINUOUS
10
5.9338060629921259
20
-3.6876277559055115
11
5.9334055118110234
21
-3.6909633070866139
0
LINE
8
BLACK
6
CONTINUOUS
10
5.9334055118110234
20
-3.6909633070866139
11
5.9334055118110234
21
-3.7143909842519682
0
LINE
8
BLACK
6
CONTINUOUS
10
5.9334055118110234
20
-3.7143909842519682
11
5.9338060629921259
21
-3.7177265354330706
0
LINE
8
BLACK
6
CONTINUOUS
10
5.9338060629921259
20
-3.7177265354330706
11
5.9338061023622046
21
-3.7177267716535431
0
LINE
8
BLACK
6
CONTINUOUS
10
5.9338061023622046
20
-3.7177267716535431
11
5.9358994094488189
21
-3.7230349999999999
0
LINE
8
BLACK
6
CONTINUOUS
10
5.9358994094488189
20
-3.7230349999999999
11
5.9358995275590551
21
-3.7230351574803149
0
LINE
8
BLACK
6
CONTINUOUS
10
5.9358995275590551
20
-3.7230351574803149
11
5.9393473228346458
21
-3.7275817716535431
0
LINE
8
BLACK
6
CONTINUOUS
10
5.9393473228346458
20
-3.7275817716535431
11
5.9427611811023624
21
-3.7301705905511811
0
LINE
8
BLACK
6
CONTINUOUS
10
5.9427611811023624
20
-3.7301705905511811
11
5.9444223228346456
21
-3.7324185826771652
0
LINE
8
BLACK
6
CONTINUOUS
10
5.9444223228346456
20
-3.7324185826771652
11
5.9447244094488187
21
-3.7341232283464567
0
LINE
8
BLACK
6
CONTINUOUS
10
5.9447244094488187
20
-3.7341232283464567
11
5.9447244094488187
21
-3.7383804330708661
0
LINE
8
BLACK
6
CONTINUOUS
10
5.9447244094488187
20
-3.7383804330708661
11
5.9455498818897636
21
-3.7414611417322834
0
LINE
8
BLACK
6
CONTINUOUS
10
5.9455498818897636
20
-3.7414611417322834
11
5.9455498425196849
21
-3.7414611417322834
0
LINE
8
BLACK
6
CONTINUOUS
10
5.9455498425196849
20
-3.7414611417322834
11
5.9459544488188971
21
-3.7429711417322835
0
LINE
8
BLACK
6
CONTINUOUS
10
5.9459544488188971
20
-3.7429711417322835
11
5.9459546456692909
21
-3.7429716141732281
0
LINE
8
BLACK
6
CONTINUOUS
10
5.9459546456692909
20
-3.7429716141732281
11
5.9483309055118108
21
-3.747087440944882
0
LINE
8
BLACK
6
CONTINUOUS
10
5.9483309055118108
20
-3.747087440944882
11
5.9483312204724408
21
-3.7470878346456691
0
LINE
8
BLACK
6
CONTINUOUS
10
5.9483312204724408
20
-3.7470878346456691
11
5.9562985433070867
21
-3.755055157480315
0
LINE
8
BLACK
6
CONTINUOUS
10
5.9562985433070867
20
-3.755055157480315
11
5.9576381496062991
21
-3.7575083858267715
0
LINE
8
BLACK
6
CONTINUOUS
10
5.9576381496062991
20
-3.7575083858267715
11
5.9576964960629919
21
-3.7587551181102361
0
LINE
8
BLACK
6
CONTINUOUS
10
5.9576964960629919
20
-3.7587551181102361
11
5.957728188976378
21
-3.7587551181102361
0
LINE
8
BLACK
6
CONTINUOUS
10
5.957728188976378
20
-3.7587551181102361
11
5.957728188976378
21
-3.7590552362204726
0
LINE
8
BLACK
6
CONTINUOUS
10
5.957728188976378
20
-3.7590552362204726
11
5.9585446456692912
21
-3.7657794881889761
0
LINE
8
BLACK
6
CONTINUOUS
10
5.9585446456692912
20
-3.7657794881889761
11
5.9605317322834646
21
-3.7710189763779525
0
LINE
8
BLACK
6
CONTINUOUS
10
5.9605317322834646
20
-3.7710189763779525
11
5.9609466929133861
21
-3.7721131889763777
0
LINE
8
BLACK
6
CONTINUOUS
10
5.9609466929133861
20
-3.7721131889763777
11
5.9647946850393696
21
-3.7776879133858268
0
LINE
8
BLACK
6
CONTINUOUS
10
5.9647946850393696
20
-3.7776879133858268
11
5.9698649606299208
21
-3.7821798031496061
0
LINE
8
BLACK
6
CONTINUOUS
10
5.9698649606299208
20
-3.7821798031496061
11
5.9698649999999995
21
-3.7821798031496061
0
LINE
8
BLACK
6
CONTINUOUS
10
5.9698649999999995
20
-3.7821798031496061
11
5.969865078740157
21
-3.7821798818897636
0
LINE
8
BLACK
6
CONTINUOUS
10
5.969865078740157
20
-3.7821798818897636
11
5.9718243700787399
21
-3.7832081889763778
0
LINE
8
BLACK
6
CONTINUOUS
10
5.9718243700787399
20
-3.7832081889763778
11
5.975862874015748
21
-3.7853277559055116
0
LINE
8
BLACK
6
CONTINUOUS
10
5.975862874015748
20
-3.7853277559055116
11
5.9758629133858268
21
-3.7853277559055116
0
LINE
8
BLACK
6
CONTINUOUS
10
5.9758629133858268
20
-3.7853277559055116
11
5.9758629921259843
21
-3.7853277952755904
0
LINE
8
BLACK
6
CONTINUOUS
10
5.9758629921259843
20
-3.7853277952755904
11
5.9810353149606295
21
-3.7866026377952755
0
LINE
8
BLACK
6
CONTINUOUS
10
5.9810353149606295
20
-3.7866026377952755
11
5.9824398425196845
21
-3.7869488188976379
0
LINE
8
BLACK
6
CONTINUOUS
10
5.9824398425196845
20
-3.7869488188976379
11
5.9824399606299208
21
-3.7869488188976379
0
LINE
8
BLACK
6
CONTINUOUS
10
5.9824399606299208
20
-3.7869488188976379
11
5.9892135826771655
21
-3.7869488188976379
0
LINE
8
BLACK
6
CONTINUOUS
10
5.9892135826771655
20
-3.7869488188976379
11
5.9892137007874018
21
-3.7869488188976379
0
LINE
8
BLACK
6
CONTINUOUS
10
5.9892137007874018
20
-3.7869488188976379
11
5.9957906692913383
21
-3.7853277559055116
0
LINE
8
BLACK
6
CONTINUOUS
10
5.9957906692913383
20
-3.7853277559055116
11
6.0017885826771655
21
-3.7821798031496061
0
LINE
8
BLACK
6
CONTINUOUS
10
6.0017885826771655
20
-3.7821798031496061
11
6.0068588582677167
21
-3.7776879133858268
0
LINE
8
BLACK
6
CONTINUOUS
10
6.0068588582677167
20
-3.7776879133858268
11
6.0107068503937002
21
-3.7721131889763777
0
LINE
8
BLACK
6
CONTINUOUS
10
6.0107068503937002
20
-3.7721131889763777
11
6.0131088582677164
21
-3.7657795669291336
0
LINE
8
BLACK
6
CONTINUOUS
10
6.0131088582677164
20
-3.7657795669291336
11
6.0135145669291337
21
-3.7624381496062993
0
LINE
8
BLACK
6
CONTINUOUS
10
6.0135145669291337
20
-3.7624381496062993
11
6.0139253543307083
21
-3.7590552362204726
0
LINE
8
BLACK
6
CONTINUOUS
10
6.0139253543307083
20
-3.7590552362204726
11
6.0139253543307083
21
-3.7590549606299213
0
LINE
8
BLACK
6
CONTINUOUS
10
6.0139253543307083
20
-3.7590549606299213
11
6.0131299212598428
21
-3.7525044488188977
0
LINE
8
BLACK
6
CONTINUOUS
10
6.0131299212598428
20
-3.7525044488188977
11
5.9929637401574798
21
-3.7323898031496063
0
LINE
8
BLACK
6
CONTINUOUS
10
5.9929637401574798
20
-3.7323898031496063
11
5.9924741338582672
21
-3.7317931889763778
0
LINE
8
BLACK
6
CONTINUOUS
10
5.9924741338582672
20
-3.7317931889763778
11
5.99188625984252
21
-3.7303739763779529
0
LINE
8
BLACK
6
CONTINUOUS
10
5.99188625984252
20
-3.7303739763779529
11
5.9918421259842516
21
-3.6839208661417322
0
LINE
8
BLACK
6
CONTINUOUS
10
5.9918421259842516
20
-3.6839208661417322
11
5.9902501181102359
21
-3.6830386614173229
0
LINE
8
BLACK
6
CONTINUOUS
10
5.9902501181102359
20
-3.6830386614173229
11
5.989826889763779
21
-3.6825502362204725
0
LINE
8
BLACK
6
CONTINUOUS
10
5.989826889763779
20
-3.6825502362204725
11
5.9862038188976374
21
-3.6777725196850395
0
LINE
8
BLACK
6
CONTINUOUS
10
5.9862038188976374
20
-3.6777725196850395
11
5.9827899999999996
21
-3.6751837401574803
0
LINE
8
BLACK
6
CONTINUOUS
10
5.9827899999999996
20
-3.6751837401574803
11
5.9811288582677165
21
-3.6729357480314961
0
LINE
8
BLACK
6
CONTINUOUS
10
5.9811288582677165
20
-3.6729357480314961
11
5.9808267716535433
21
-3.6712311023622046
0
LINE
8
BLACK
6
CONTINUOUS
10
5.9808267716535433
20
-3.6712311023622046
11
5.9808267716535433
21
-3.6275280708661417
0
LINE
8
BLACK
6
CONTINUOUS
10
5.9808267716535433
20
-3.6275280708661417
11
5.9816142519685034
21
-3.6248461417322835
0
LINE
8
BLACK
6
CONTINUOUS
10
5.9816142519685034
20
-3.6248461417322835
11
5.9824978346456694
21
-3.6238150393700788
0
LINE
8
BLACK
6
CONTINUOUS
10
5.9824978346456694
20
-3.6238150393700788
11
5.9832368110236223
21
-3.6231603937007875
0
LINE
8
BLACK
6
CONTINUOUS
10
5.9832368110236223
20
-3.6231603937007875
11
5.9870848031496058
21
-3.6175856692913384
0
LINE
8
BLACK
6
CONTINUOUS
10
5.9870848031496058
20
-3.6175856692913384
11
5.9894868110236219
21
-3.6112520472440943
0
LINE
8
BLACK
6
CONTINUOUS
10
5.9894868110236219
20
-3.6112520472440943
11
5.9899268897637796
21
-3.6076276377952756
0
LINE
8
BLACK
6
CONTINUOUS
10
5.9899268897637796
20
-3.6076276377952756
11
5.9903033070866138
21
-3.6045277165354328
0
LINE
8
BLACK
6
CONTINUOUS
10
5.9903033070866138
20
-3.6045277165354328
11
5.9903033070866138
21
-3.604527440944882
0
LINE
8
BLACK
6
CONTINUOUS
10
5.9903033070866138
20
-3.604527440944882
11
5.9894868110236219
21
-3.597803188976378
0
LINE
8
BLACK
6
CONTINUOUS
10
5.9894868110236219
20
-3.597803188976378
11
5.9894751968503934
21
-3.5977725196850394
0
LINE
8
BLACK
6
CONTINUOUS
10
5.9894751968503934
20
-3.5977725196850394
11
5.9870848031496058
21
-3.5914695275590551
0
LINE
8
BLACK
6
CONTINUOUS
10
5.9870848031496058
20
-3.5914695275590551
11
5.9834093307086613
21
-3.5861447244094489
0
LINE
8
BLACK
6
CONTINUOUS
10
5.9834093307086613
20
-3.5861447244094489
11
5.9825338976377953
21
-3.5834902362204724
0
LINE
8
BLACK
6
CONTINUOUS
10
5.9825338976377953
20
-3.5834902362204724
11
5.9832325984251966
21
-3.5807838188976375
0
LINE
8
BLACK
6
CONTINUOUS
10
5.9832325984251966
20
-3.5807838188976375
11
5.9852835826771651
21
-3.5788847637795276
0
LINE
8
BLACK
6
CONTINUOUS
10
5.9852835826771651
20
-3.5788847637795276
11
5.9874918503937007
21
-3.5783661417322832
0
LINE
8
BLACK
6
CONTINUOUS
10
5.9874918503937007
20
-3.5783661417322832
11
7.011948818897638
21
-3.5783661417322832
0
LINE
8
BLACK
6
CONTINUOUS
10
7.011948818897638
20
-3.5783661417322832
11
7.0146307480314958
21
-3.5791536220472442
0
LINE
8
BLACK
6
CONTINUOUS
10
7.0146307480314958
20
-3.5791536220472442
11
7.0164611811023621
21
-3.581266062992126
0
LINE
8
BLACK
6
CONTINUOUS
10
7.0164611811023621
20
-3.581266062992126
11
7.0169094488188977
21
-3.5833267716535433
0
LINE
8
BLACK
6
CONTINUOUS
10
7.0169094488188977
20
-3.5833267716535433
11
7.0169094488188977
21
-4.1237598425196849
0
LINE
8
BLACK
6
CONTINUOUS
10
7.0169094488188977
20
-4.1237598425196849
11
7.0161219685039367
21
-4.1264417716535435
0
LINE
8
BLACK
6
CONTINUOUS
10
7.0161219685039367
20
-4.1264417716535435
11
7.0140095275590548
21
-4.1282722047244089
0
LINE
8
BLACK
6
CONTINUOUS
10
7.0140095275590548
20
-4.1282722047244089
11
7.011948818897638
21
-4.1287204724409445
0
LINE
8
BLACK
6
CONTINUOUS
10
7.011948818897638
20
-4.1287204724409445
11
6.3693802755905509
21
-4.1287204724409445
0
LINE
8
BLACK
6
CONTINUOUS
10
6.3693802755905509
20
-4.1287204724409445
11
6.3666983464566931
21
-4.1279329921259844
0
LINE
8
BLACK
6
CONTINUOUS
10
6.3666983464566931
20
-4.1279329921259844
11
6.3648679133858268
21
-4.1258205511811026
0
LINE
8
BLACK
6
CONTINUOUS
10
6.3648679133858268
20
-4.1258205511811026
11
6.3644701181102361
21
-4.1230538582677161
0
LINE
8
BLACK
6
CONTINUOUS
10
6.3644701181102361
20
-4.1230538582677161
11
6.3654276377952757
21
-4.1207624409448815
0
LINE
8
BLACK
6
CONTINUOUS
10
6.3654276377952757
20
-4.1207624409448815
11
6.3660259448818897
21
-4.1199734251968501
0
LINE
8
BLACK
6
CONTINUOUS
10
6.3660259448818897
20
-4.1199734251968501
11
6.367525748031496
21
-4.1179956692913384
0
LINE
8
BLACK
6
CONTINUOUS
10
6.367525748031496
20
-4.1179956692913384
11
6.369619094488189
21
-4.1126873228346454
0
LINE
8
BLACK
6
CONTINUOUS
10
6.369619094488189
20
-4.1126873228346454
11
6.3700196850393702
21
-4.1093514960629918
0
LINE
8
BLACK
6
CONTINUOUS
10
6.3700196850393702
20
-4.1093514960629918
11
6.3700196850393702
21
-4.0859240944881892
0
LINE
8
BLACK
6
CONTINUOUS
10
6.3700196850393702
20
-4.0859240944881892
11
6.369619094488189
21
-4.0825882677165355
0
LINE
8
BLACK
6
CONTINUOUS
10
6.369619094488189
20
-4.0825882677165355
11
6.3692464173228345
21
-4.0816432677165357
0
LINE
8
BLACK
6
CONTINUOUS
10
6.3692464173228345
20
-4.0816432677165357
11
6.367525748031496
21
-4.0772799212598425
0
LINE
8
BLACK
6
CONTINUOUS
10
6.367525748031496
20
-4.0772799212598425
11
6.3675256299212597
21
-4.0772797637795275
0
LINE
8
BLACK
6
CONTINUOUS
10
6.3675256299212597
20
-4.0772797637795275
11
6.364077834645669
21
-4.0727331496062993
0
LINE
8
BLACK
6
CONTINUOUS
10
6.364077834645669
20
-4.0727331496062993
11
6.3595312204724408
21
-4.0692853543307086
0
LINE
8
BLACK
6
CONTINUOUS
10
6.3595312204724408
20
-4.0692853543307086
11
6.3595309842519683
21
-4.0692851968503936
0
LINE
8
BLACK
6
CONTINUOUS
10
6.3595309842519683
20
-4.0692851968503936
11
6.3582700787401576
21
-4.0687879921259844
0
LINE
8
BLACK
6
CONTINUOUS
10
6.3582700787401576
20
-4.0687879921259844
11
6.3560640157480313
21
-4.0670715748031494
0
LINE
8
BLACK
6
CONTINUOUS
10
6.3560640157480313
20
-4.0670715748031494
11
6.3551361417322836
21
-4.0644349212598421
0
LINE
8
BLACK
6
CONTINUOUS
10
6.3551361417322836
20
-4.0644349212598421
11
6.3557810629921256
21
-4.0617151968503933
0
LINE
8
BLACK
6
CONTINUOUS
10
6.3557810629921256
20
-4.0617151968503933
11
6.3577939763779527
21
-4.0597758661417318
0
LINE
8
BLACK
6
CONTINUOUS
10
6.3577939763779527
20
-4.0597758661417318
11
6.3582700787401576
21
-4.0595584645669289
0
LINE
8
BLACK
6
CONTINUOUS
10
6.3582700787401576
20
-4.0595584645669289
11
6.3595309842519683
21
-4.059061220472441
0
LINE
8
BLACK
6
CONTINUOUS
10
6.3595309842519683
20
-4.059061220472441
11
6.3595309448818895
21
-4.059061220472441
0
LINE
8
BLACK
6
CONTINUOUS
10
6.3595309448818895
20
-4.059061220472441
11
6.3595311023622045
21
-4.0590611811023622
0
LINE
8
BLACK
6
CONTINUOUS
10
6.3595311023622045
20
-4.0590611811023622
11
6.364077834645669
21
-4.0556132677165353
0
LINE
8
BLACK
6
CONTINUOUS
10
6.364077834645669
20
-4.0556132677165353
11
6.367525748031496
21
-4.0510665354330708
0
LINE
8
BLACK
6
CONTINUOUS
10
6.367525748031496
20
-4.0510665354330708
11
6.369619094488189
21
-4.0457581889763778
0
LINE
8
BLACK
6
CONTINUOUS
10
6.369619094488189
20
-4.0457581889763778
11
6.3700196850393702
21
-4.0424223622047242
0
LINE
8
BLACK
6
CONTINUOUS
10
6.3700196850393702
20
-4.0424223622047242
11
6.3700196850393702
21
-4.0189949606299216
0
LINE
8
BLACK
6
CONTINUOUS
10
6.3700196850393702
20
-4.0189949606299216
11
6.369619094488189
21
-4.0156591338582679
0
LINE
8
BLACK
6
CONTINUOUS
10
6.369619094488189
20
-4.0156591338582679
11
6.3696023228346457
21
-4.0156166535433071
0
LINE
8
BLACK
6
CONTINUOUS
10
6.3696023228346457
20
-4.0156166535433071
11
6.367525748031496
21
-4.0103507874015749
0
LINE
8
BLACK
6
CONTINUOUS
10
6.367525748031496
20
-4.0103507874015749
11
6.3675256299212597
21
-4.0103506299212599
0
LINE
8
BLACK
6
CONTINUOUS
10
6.3675256299212597
20
-4.0103506299212599
11
6.364077834645669
21
-4.0058040157480317
0
LINE
8
BLACK
6
CONTINUOUS
10
6.364077834645669
20
-4.0058040157480317
11
6.3595312204724408
21
-4.002356220472441
0
LINE
8
BLACK
6
CONTINUOUS
10
6.3595312204724408
20
-4.002356220472441
11
6.3595310629921258
21
-4.0023561023622047
0
LINE
8
BLACK
6
CONTINUOUS
10
6.3595310629921258
20
-4.0023561023622047
11
6.3542228346456691
21
-4.0002627952755905
0
LINE
8
BLACK
6
CONTINUOUS
10
6.3542228346456691
20
-4.0002627952755905
11
6.3542225984251965
21
-4.0002627559055117
0
LINE
8
BLACK
6
CONTINUOUS
10
6.3542225984251965
20
-4.0002627559055117
11
6.3508870472440941
21
-3.9998622047244092
0
LINE
8
BLACK
6
CONTINUOUS
10
6.3508870472440941
20
-3.9998622047244092
11
6.3508869291338579
21
-3.9998622047244092
0
LINE
8
BLACK
6
CONTINUOUS
10
6.3508869291338579
20
-3.9998622047244092
11
6.3304122834645664
21
-3.9998622047244092
0
LINE
8
BLACK
6
CONTINUOUS
10
6.3304122834645664
20
-3.9998622047244092
11
6.3304121259842514
21
-3.9998622047244092
0
LINE
8
BLACK
6
CONTINUOUS
10
6.3304121259842514
20
-3.9998622047244092
11
6.3270765748031499
21
-4.0002627559055117
0
LINE
8
BLACK
6
CONTINUOUS
10
6.3270765748031499
20
-4.0002627559055117
11
6.3270763385826774
21
-4.0002627952755905
0
LINE
8
BLACK
6
CONTINUOUS
10
6.3270763385826774
20
-4.0002627952755905
11
6.3217681102362207
21
-4.0023561023622047
0
LINE
8
BLACK
6
CONTINUOUS
10
6.3217681102362207
20
-4.0023561023622047
11
6.3217679527559056
21
-4.002356220472441
0
LINE
8
BLACK
6
CONTINUOUS
10
6.3217679527559056
20
-4.002356220472441
11
6.3172213385826774
21
-4.0058040157480317
0
LINE
8
BLACK
6
CONTINUOUS
10
6.3172213385826774
20
-4.0058040157480317
11
6.3137735433070867
21
-4.0103506299212599
0
LINE
8
BLACK
6
CONTINUOUS
10
6.3137735433070867
20
-4.0103506299212599
11
6.3137734251968505
21
-4.0103507874015749
0
LINE
8
BLACK
6
CONTINUOUS
10
6.3137734251968505
20
-4.0103507874015749
11
6.3116801181102362
21
-4.0156590157480316
0
LINE
8
BLACK
6
CONTINUOUS
10
6.3116801181102362
20
-4.0156590157480316
11
6.3116800787401575
21
-4.0156592519685042
0
LINE
8
BLACK
6
CONTINUOUS
10
6.3116800787401575
20
-4.0156592519685042
11
6.3113349606299209
21
-4.0185333070866145
0
LINE
8
BLACK
6
CONTINUOUS
10
6.3113349606299209
20
-4.0185333070866145
11
6.3102333464566929
21
-4.0211022047244089
0
LINE
8
BLACK
6
CONTINUOUS
10
6.3102333464566929
20
-4.0211022047244089
11
6.3079177559055113
21
-4.022667716535433
0
LINE
8
BLACK
6
CONTINUOUS
10
6.3079177559055113
20
-4.022667716535433
11
6.3052226377952758
21
-4.0227583464566932
0
LINE
8
BLACK
6
CONTINUOUS
10
6.3052226377952758
20
-4.0227583464566932
11
6.3041745669291336
21
-4.0225000393700787
0
LINE
8
BLACK
6
CONTINUOUS
10
6.3041745669291336
20
-4.0225000393700787
11
6.3041744094488186
21
-4.0225
0
LINE
8
BLACK
6
CONTINUOUS
10
6.3041744094488186
20
-4.0225
11
6.3041743307086611
21
-4.0225
0
LINE
8
BLACK
6
CONTINUOUS
10
6.3041743307086611
20
-4.0225
11
6.3011614173228345
21
-4.0225
0
LINE
8
BLACK
6
CONTINUOUS
10
6.3011614173228345
20
-4.0225
11
6.2984794881889758
21
-4.021712519685039
0
LINE
8
BLACK
6
CONTINUOUS
10
6.2984794881889758
20
-4.021712519685039
11
6.2966490551181105
21
-4.0196000787401571
0
LINE
8
BLACK
6
CONTINUOUS
10
6.2966490551181105
20
-4.0196000787401571
11
6.2962007874015748
21
-4.0175393700787403
0
LINE
8
BLACK
6
CONTINUOUS
10
6.2962007874015748
20
-4.0175393700787403
11
6.2962007874015748
21
-3.9844068897637794
0
LINE
8
BLACK
6
CONTINUOUS
10
6.2962007874015748
20
-3.9844068897637794
11
6.2962007480314961
21
-3.9844066535433069
0
LINE
8
BLACK
6
CONTINUOUS
10
6.2962007480314961
20
-3.9844066535433069
11
6.2960829921259842
21
-3.9833915354330709
0
LINE
8
BLACK
6
CONTINUOUS
10
6.2960829921259842
20
-3.9833915354330709
11
6.2942488582677161
21
-3.9792375984251969
0
LINE
8
BLACK
6
CONTINUOUS
10
6.2942488582677161
20
-3.9792375984251969
11
6.2942488188976373
21
-3.9792375590551181
0
LINE
8
BLACK
6
CONTINUOUS
10
6.2942488188976373
20
-3.9792375590551181
11
6.2942487795275586
21
-3.9792374803149606
0
LINE
8
BLACK
6
CONTINUOUS
10
6.2942487795275586
20
-3.9792374803149606
11
6.2910380708661418
21
-3.9760267716535433
0
LINE
8
BLACK
6
CONTINUOUS
10
6.2910380708661418
20
-3.9760267716535433
11
6.2910379921259842
21
-3.9760267322834646
0
LINE
8
BLACK
6
CONTINUOUS
10
6.2910379921259842
20
-3.9760267322834646
11
6.2868840944881885
21
-3.9741925984251969
0
LINE
8
BLACK
6
CONTINUOUS
10
6.2868840944881885
20
-3.9741925984251969
11
6.2868838976377948
21
-3.9741925590551181
0
LINE
8
BLACK
6
CONTINUOUS
10
6.2868838976377948
20
-3.9741925590551181
11
6.285868897637795
21
-3.9740748031496063
0
LINE
8
BLACK
6
CONTINUOUS
10
6.285868897637795
20
-3.9740748031496063
11
6.2858686614173225
21
-3.9740748031496063
0
LINE
8
BLACK
6
CONTINUOUS
10
6.2858686614173225
20
-3.9740748031496063
11
6.2566510236220472
21
-3.9740748031496063
0
LINE
8
BLACK
6
CONTINUOUS
10
6.2566510236220472
20
-3.9740748031496063
11
6.2566507480314959
21
-3.9740748031496063
0
LINE
8
BLACK
6
CONTINUOUS
10
6.2566507480314959
20
-3.9740748031496063
11
6.2556357480314961
21
-3.9741925590551181
0
LINE
8
BLACK
6
CONTINUOUS
10
6.2556357480314961
20
-3.9741925590551181
11
6.2556355511811024
21
-3.9741925984251969
0
LINE
8
BLACK
6
CONTINUOUS
10
6.2556355511811024
20
-3.9741925984251969
11
6.2514816535433066
21
-3.9760267322834646
0
LINE
8
BLACK
6
CONTINUOUS
10
6.2514816535433066
20
-3.9760267322834646
11
6.2514815748031491
21
-3.9760267716535433
0
LINE
8
BLACK
6
CONTINUOUS
10
6.2514815748031491
20
-3.9760267716535433
11
6.2482708661417323
21
-3.9792374803149606
0
LINE
8
BLACK
6
CONTINUOUS
10
6.2482708661417323
20
-3.9792374803149606
11
6.2482708267716536
21
-3.9792375590551181
0
LINE
8
BLACK
6
CONTINUOUS
10
6.2482708267716536
20
-3.9792375590551181
11
6.2464366929133854
21
-3.9833914566929134
0
LINE
8
BLACK
6
CONTINUOUS
10
6.2464366929133854
20
-3.9833914566929134
11
6.2464366535433067
21
-3.9833916535433072
0
LINE
8
BLACK
6
CONTINUOUS
10
6.2464366535433067
20
-3.9833916535433072
11
6.2463188976377948
21
-3.9844066535433069
0
LINE
8
BLACK
6
CONTINUOUS
10
6.2463188976377948
20
-3.9844066535433069
11
6.2463188976377948
21
-3.9862204724409449
0
LINE
8
BLACK
6
CONTINUOUS
10
6.2463188976377948
20
-3.9862204724409449
11
6.2466535433070867
21
-3.9862204724409449
0
LINE
8
BLACK
6
CONTINUOUS
10
6.2466535433070867
20
-3.9862204724409449
11
6.2466535433070867
21
-4.0279527559055115
0
LINE
8
BLACK
6
CONTINUOUS
10
6.2466535433070867
20
-4.0279527559055115
11
6.2210629921259839
21
-4.0279527559055115
0
LINE
8
BLACK
6
CONTINUOUS
10
6.2210629921259839
20
-4.0279527559055115
11
6.2210629921259839
21
-3.9862204724409449
0
LINE
8
BLACK
6
CONTINUOUS
10
6.2210629921259839
20
-3.9862204724409449
11
6.2213976377952758
21
-3.9862204724409449
0
LINE
8
BLACK
6
CONTINUOUS
10
6.2213976377952758
20
-3.9862204724409449
11
6.2213976377952758
21
-3.9854358661417324
0
LINE
8
BLACK
6
CONTINUOUS
10
6.2213976377952758
20
-3.9854358661417324
11
6.2206648031496066
21
-3.9850624803149604
0
LINE
8
BLACK
6
CONTINUOUS
10
6.2206648031496066
20
-3.9850624803149604
11
6.2171808267716537
21
-3.981578503937008
0
LINE
8
BLACK
6
CONTINUOUS
10
6.2171808267716537
20
-3.981578503937008
11
6.2149439763779526
21
-3.9771884645669289
0
LINE
8
BLACK
6
CONTINUOUS
10
6.2149439763779526
20
-3.9771884645669289
11
6.2146490551181097
21
-3.9753265354330707
0
LINE
8
BLACK
6
CONTINUOUS
10
6.2146490551181097
20
-3.9753265354330707
11
6.2120809448818894
21
-3.9741925984251969
0
LINE
8
BLACK
6
CONTINUOUS
10
6.2120809448818894
20
-3.9741925984251969
11
6.2120807480314957
21
-3.9741925590551181
0
LINE
8
BLACK
6
CONTINUOUS
10
6.2120807480314957
20
-3.9741925590551181
11
6.2110657480314959
21
-3.9740748031496063
0
LINE
8
BLACK
6
CONTINUOUS
10
6.2110657480314959
20
-3.9740748031496063
11
6.2110655118110234
21
-3.9740748031496063
0
LINE
8
BLACK
6
CONTINUOUS
10
6.2110655118110234
20
-3.9740748031496063
11
6.1818478740157481
21
-3.9740748031496063
0
LINE
8
BLACK
6
CONTINUOUS
10
6.1818478740157481
20
-3.9740748031496063
11
6.1818475984251968
21
-3.9740748031496063
0
LINE
8
BLACK
6
CONTINUOUS
10
6.1818475984251968
20
-3.9740748031496063
11
6.1808325984251971
21
-3.9741925590551181
0
LINE
8
BLACK
6
CONTINUOUS
10
6.1808325984251971
20
-3.9741925590551181
11
6.1808324015748033
21
-3.9741925984251969
0
LINE
8
BLACK
6
CONTINUOUS
10
6.1808324015748033
20
-3.9741925984251969
11
6.1766785039370076
21
-3.9760267322834646
0
LINE
8
BLACK
6
CONTINUOUS
10
6.1766785039370076
20
-3.9760267322834646
11
6.1766784251968501
21
-3.9760267716535433
0
LINE
8
BLACK
6
CONTINUOUS
10
6.1766784251968501
20
-3.9760267716535433
11
6.1734677165354332
21
-3.9792374803149606
0
LINE
8
BLACK
6
CONTINUOUS
10
6.1734677165354332
20
-3.9792374803149606
11
6.1734676771653545
21
-3.9792375590551181
0
LINE
8
BLACK
6
CONTINUOUS
10
6.1734676771653545
20
-3.9792375590551181
11
6.1716335433070864
21
-3.9833914566929134
0
LINE
8
BLACK
6
CONTINUOUS
10
6.1716335433070864
20
-3.9833914566929134
11
6.1716335039370076
21
-3.9833916535433072
0
LINE
8
BLACK
6
CONTINUOUS
10
6.1716335039370076
20
-3.9833916535433072
11
6.1715157480314957
21
-3.9844066535433069
0
LINE
8
BLACK
6
CONTINUOUS
10
6.1715157480314957
20
-3.9844066535433069
11
6.1715157480314957
21
-4.029766181102362
0
LINE
8
BLACK
6
CONTINUOUS
10
6.1715157480314957
20
-4.029766181102362
11
6.1716606692913381
21
-4.031015472440945
0
LINE
8
BLACK
6
CONTINUOUS
10
6.1716606692913381
20
-4.031015472440945
11
6.1711874803149609
21
-4.0337702362204721
0
LINE
8
BLACK
6
CONTINUOUS
10
6.1711874803149609
20
-4.0337702362204721
11
6.1708155905511806
21
-4.0344049999999996
0
LINE
8
BLACK
6
CONTINUOUS
10
6.1708155905511806
20
-4.0344049999999996
11
6.1696081102362204
21
-4.0361542913385824
0
LINE
8
BLACK
6
CONTINUOUS
10
6.1696081102362204
20
-4.0361542913385824
11
6.1672060629921255
21
-4.0424881102362207
0
LINE
8
BLACK
6
CONTINUOUS
10
6.1672060629921255
20
-4.0424881102362207
11
6.1663896062992123
21
-4.0492123622047247
0
LINE
8
BLACK
6
CONTINUOUS
10
6.1663896062992123
20
-4.0492123622047247
11
6.1663896062992123
21
-4.0492126377952751
0
LINE
8
BLACK
6
CONTINUOUS
10
6.1663896062992123
20
-4.0492126377952751
11
6.1672060629921255
21
-4.0559368897637791
0
LINE
8
BLACK
6
CONTINUOUS
10
6.1672060629921255
20
-4.0559368897637791
11
6.1696081102362204
21
-4.0622705905511811
0
LINE
8
BLACK
6
CONTINUOUS
10
6.1696081102362204
20
-4.0622705905511811
11
6.1713501181102357
21
-4.0647943307086614
0
LINE
8
BLACK
6
CONTINUOUS
10
6.1713501181102357
20
-4.0647943307086614
11
6.1722255511811026
21
-4.0674488582677162
0
LINE
8
BLACK
6
CONTINUOUS
10
6.1722255511811026
20
-4.0674488582677162
11
6.1718056692913388
21
-4.0696156692913386
0
LINE
8
BLACK
6
CONTINUOUS
10
6.1718056692913388
20
-4.0696156692913386
11
6.1716336220472439
21
-4.0700053149606301
0
LINE
8
BLACK
6
CONTINUOUS
10
6.1716336220472439
20
-4.0700053149606301
11
6.1716335039370076
21
-4.0700057086614176
0
LINE
8
BLACK
6
CONTINUOUS
10
6.1716335039370076
20
-4.0700057086614176
11
6.1715157480314957
21
-4.0710208267716537
0
LINE
8
BLACK
6
CONTINUOUS
10
6.1715157480314957
20
-4.0710208267716537
11
6.1715157480314957
21
-4.116380708661417
0
LINE
8
BLACK
6
CONTINUOUS
10
6.1715157480314957
20
-4.116380708661417
11
6.1716335039370076
21
-4.1173957086614168
0
LINE
8
BLACK
6
CONTINUOUS
10
6.1716335039370076
20
-4.1173957086614168
11
6.1716335433070864
21
-4.1173959055118106
0
LINE
8
BLACK
6
CONTINUOUS
10
6.1716335433070864
20
-4.1173959055118106
11
6.1735587795275588
21
-4.1217561417322832
0
LINE
8
BLACK
6
CONTINUOUS
10
6.1735587795275588
20
-4.1217561417322832
11
6.1739216929133853
21
-4.1245276377952758
0
LINE
8
BLACK
6
CONTINUOUS
10
6.1739216929133853
20
-4.1245276377952758
11
6.1727285826771654
21
-4.1270553543307082
0
LINE
8
BLACK
6
CONTINUOUS
10
6.1727285826771654
20
-4.1270553543307082
11
6.1703583070866141
21
-4.1285367716535433
0
LINE
8
BLACK
6
CONTINUOUS
10
6.1703583070866141
20
-4.1285367716535433
11
6.1690208267716535
21
-4.1287204724409445
0
LINE
8
BLACK
6
CONTINUOUS
10
6.1690208267716535
20
-4.1287204724409445
11
6.0963015354330707
21
-4.1287204724409445
0
LINE
8
BLACK
6
CONTINUOUS
10
6.0963015354330707
20
-4.1287204724409445
11
6.0936196062992121
21
-4.1279329921259844
0
LINE
8
BLACK
6
CONTINUOUS
10
6.0936196062992121
20
-4.1279329921259844
11
6.0917891732283467
21
-4.1258205511811026
0
LINE
8
BLACK
6
CONTINUOUS
10
6.0917891732283467
20
-4.1258205511811026
11
6.091391377952756
21
-4.1230538582677161
0
LINE
8
BLACK
6
CONTINUOUS
10
6.091391377952756
20
-4.1230538582677161
11
6.0923488976377955
21
-4.1207624409448815
0
LINE
8
BLACK
6
CONTINUOUS
10
6.0923488976377955
20
-4.1207624409448815
11
6.0927182283464569
21
-4.1202753543307082
0
LINE
8
BLACK
6
CONTINUOUS
10
6.0927182283464569
20
-4.1202753543307082
11
6.0951635433070868
21
-4.1170507874015749
0
LINE
8
BLACK
6
CONTINUOUS
10
6.0951635433070868
20
-4.1170507874015749
11
6.0972568897637798
21
-4.1117424409448819
0
LINE
8
BLACK
6
CONTINUOUS
10
6.0972568897637798
20
-4.1117424409448819
11
6.0976574803149601
21
-4.1084066141732283
0
LINE
8
BLACK
6
CONTINUOUS
10
6.0976574803149601
20
-4.1084066141732283
11
6.0976574803149601
21
-4.0849792125984248
0
LINE
8
BLACK
6
CONTINUOUS
10
6.0976574803149601
20
-4.0849792125984248
11
6.0972568897637798
21
-4.081643385826772
0
LINE
8
BLACK
6
CONTINUOUS
10
6.0972568897637798
20
-4.081643385826772
11
6.0951635433070868
21
-4.076335039370079
0
LINE
8
BLACK
6
CONTINUOUS
10
6.0951635433070868
20
-4.076335039370079
11
6.091782244094488
21
-4.0718761417322833
0
LINE
8
BLACK
6
CONTINUOUS
10
6.091782244094488
20
-4.0718761417322833
11
6.0907891732283463
21
-4.069263346456693
0
LINE
8
BLACK
6
CONTINUOUS
10
6.0907891732283463
20
-4.069263346456693
11
6.0913663385826773
21
-4.0665284645669288
0
LINE
8
BLACK
6
CONTINUOUS
10
6.0913663385826773
20
-4.0665284645669288
11
6.0916522047244097
21
-4.0660610236220469
0
LINE
8
BLACK
6
CONTINUOUS
10
6.0916522047244097
20
-4.0660610236220469
11
6.0934249999999999
21
-4.0634927559055116
0
LINE
8
BLACK
6
CONTINUOUS
10
6.0934249999999999
20
-4.0634927559055116
11
6.095827007874016
21
-4.057159133858268
0
LINE
8
BLACK
6
CONTINUOUS
10
6.095827007874016
20
-4.057159133858268
11
6.096566771653543
21
-4.0510666535433071
0
LINE
8
BLACK
6
CONTINUOUS
10
6.096566771653543
20
-4.0510666535433071
11
6.0966435039370079
21
-4.0504348031496065
0
LINE
8
BLACK
6
CONTINUOUS
10
6.0966435039370079
20
-4.0504348031496065
11
6.0966435039370079
21
-4.0504345275590552
0
LINE
8
BLACK
6
CONTINUOUS
10
6.0966435039370079
20
-4.0504345275590552
11
6.095827007874016
21
-4.0437102755905512
0
LINE
8
BLACK
6
CONTINUOUS
10
6.095827007874016
20
-4.0437102755905512
11
6.095827007874016
21
-4.0437102362204724
0
LINE
8
BLACK
6
CONTINUOUS
10
6.095827007874016
20
-4.0437102362204724
11
6.0934249999999999
21
-4.0373766141732279
0
LINE
8
BLACK
6
CONTINUOUS
10
6.0934249999999999
20
-4.0373766141732279
11
6.0925616535433074
21
-4.0361258661417319
0
LINE
8
BLACK
6
CONTINUOUS
10
6.0925616535433074
20
-4.0361258661417319
11
6.0916862598425192
21
-4.0334713779527558
0
LINE
8
BLACK
6
CONTINUOUS
10
6.0916862598425192
20
-4.0334713779527558
11
6.0923849606299214
21
-4.030764960629921
0
LINE
8
BLACK
6
CONTINUOUS
10
6.0923849606299214
20
-4.030764960629921
11
6.0926915748031494
21
-4.0303105511811026
0
LINE
8
BLACK
6
CONTINUOUS
10
6.0926915748031494
20
-4.0303105511811026
11
6.094136220472441
21
-4.0284055118110231
0
LINE
8
BLACK
6
CONTINUOUS
10
6.094136220472441
20
-4.0284055118110231
11
6.0951635433070868
21
-4.0270507874015751
0
LINE
8
BLACK
6
CONTINUOUS
10
6.0951635433070868
20
-4.0270507874015751
11
6.0972568897637798
21
-4.0217424409448821
0
LINE
8
BLACK
6
CONTINUOUS
10
6.0972568897637798
20
-4.0217424409448821
11
6.0976574803149601
21
-4.0184066141732284
0
LINE
8
BLACK
6
CONTINUOUS
10
6.0976574803149601
20
-4.0184066141732284
11
6.0976574803149601
21
-3.9949792125984249
0
LINE
8
BLACK
6
CONTINUOUS
10
6.0976574803149601
20
-3.9949792125984249
11
6.0972568897637798
21
-3.9916433858267717
0
LINE
8
BLACK
6
CONTINUOUS
10
6.0972568897637798
20
-3.9916433858267717
11
6.0953253937007874
21
-3.9867455118110233
0
LINE
8
BLACK
6
CONTINUOUS
10
6.0953253937007874
20
-3.9867455118110233
11
6.0951635433070868
21
-3.9863350393700787
0
LINE
8
BLACK
6
CONTINUOUS
10
6.0951635433070868
20
-3.9863350393700787
11
6.0951634251968505
21
-3.9863348818897637
0
LINE
8
BLACK
6
CONTINUOUS
10
6.0951634251968505
20
-3.9863348818897637
11
6.0917156299212598
21
-3.9817882677165355
0
LINE
8
BLACK
6
CONTINUOUS
10
6.0917156299212598
20
-3.9817882677165355
11
6.0871690157480316
21
-3.9783404724409448
0
LINE
8
BLACK
6
CONTINUOUS
10
6.0871690157480316
20
-3.9783404724409448
11
6.0871688582677166
21
-3.9783403543307085
0
LINE
8
BLACK
6
CONTINUOUS
10
6.0871688582677166
20
-3.9783403543307085
11
6.0818606299212599
21
-3.9762470472440943
0
LINE
8
BLACK
6
CONTINUOUS
10
6.0818606299212599
20
-3.9762470472440943
11
6.0818603937007873
21
-3.9762470078740155
0
LINE
8
BLACK
6
CONTINUOUS
10
6.0818603937007873
20
-3.9762470078740155
11
6.0785248425196849
21
-3.9758464566929135
0
LINE
8
BLACK
6
CONTINUOUS
10
6.0785248425196849
20
-3.9758464566929135
11
6.0785247244094487
21
-3.9758464566929135
0
LINE
8
BLACK
6
CONTINUOUS
10
6.0785247244094487
20
-3.9758464566929135
11
6.0580500787401572
21
-3.9758464566929135
0
LINE
8
BLACK
6
CONTINUOUS
10
6.0580500787401572
20
-3.9758464566929135
11
6.0580499212598422
21
-3.9758464566929135
0
LINE
8
BLACK
6
CONTINUOUS
10
6.0580499212598422
20
-3.9758464566929135
11
6.0547143700787398
21
-3.9762470078740155
0
LINE
8
BLACK
6
CONTINUOUS
10
6.0547143700787398
20
-3.9762470078740155
11
6.0547141338582673
21
-3.9762470472440943
0
LINE
8
BLACK
6
CONTINUOUS
10
6.0547141338582673
20
-3.9762470472440943
11
6.0494059055118106
21
-3.9783403543307085
0
LINE
8
BLACK
6
CONTINUOUS
10
6.0494059055118106
20
-3.9783403543307085
11
6.0494057480314956
21
-3.9783404724409448
0
LINE
8
BLACK
6
CONTINUOUS
10
6.0494057480314956
20
-3.9783404724409448
11
6.0449383858267716
21
-3.9817282283464568
0
LINE
8
BLACK
6
CONTINUOUS
10
6.0449383858267716
20
-3.9817282283464568
11
6.0423255905511812
21
-3.9827212992125984
0
LINE
8
BLACK
6
CONTINUOUS
10
6.0423255905511812
20
-3.9827212992125984
11
6.0419409842519682
21
-3.9827362204724408
0
LINE
8
BLACK
6
CONTINUOUS
10
6.0419409842519682
20
-3.9827362204724408
11
6.0322431889763779
21
-3.9827362204724408
0
LINE
8
BLACK
6
CONTINUOUS
10
6.0322431889763779
20
-3.9827362204724408
11
6.0295612598425192
21
-3.9819487401574802
0
LINE
8
BLACK
6
CONTINUOUS
10
6.0295612598425192
20
-3.9819487401574802
11
6.0287355118110231
21
-3.9812832677165355
0
LINE
8
BLACK
6
CONTINUOUS
10
6.0287355118110231
20
-3.9812832677165355
11
6.0264711417322836
21
-3.9790188976377951
0
LINE
8
BLACK
6
CONTINUOUS
10
6.0264711417322836
20
-3.9790188976377951
11
6.0264710629921261
21
-3.9790188582677164
0
LINE
8
BLACK
6
CONTINUOUS
10
6.0264710629921261
20
-3.9790188582677164
11
6.0223171653543304
21
-3.9771847244094487
0
LINE
8
BLACK
6
CONTINUOUS
10
6.0223171653543304
20
-3.9771847244094487
11
6.0223169685039366
21
-3.9771846850393699
0
LINE
8
BLACK
6
CONTINUOUS
10
6.0223169685039366
20
-3.9771846850393699
11
6.0213019685039368
21
-3.9770669291338581
0
LINE
8
BLACK
6
CONTINUOUS
10
6.0213019685039368
20
-3.9770669291338581
11
6.0213017322834643
21
-3.9770669291338581
0
LINE
8
BLACK
6
CONTINUOUS
10
6.0213017322834643
20
-3.9770669291338581
11
5.992084094488189
21
-3.9770669291338581
0
LINE
8
BLACK
6
CONTINUOUS
10
5.992084094488189
20
-3.9770669291338581
11
5.9920838188976377
21
-3.9770669291338581
0
LINE
8
BLACK
6
CONTINUOUS
10
5.9920838188976377
20
-3.9770669291338581
11
5.991068818897638
21
-3.9771846850393699
0
LINE
8
BLACK
6
CONTINUOUS
10
5.991068818897638
20
-3.9771846850393699
11
5.9910686220472442
21
-3.9771847244094487
0
LINE
8
BLACK
6
CONTINUOUS
10
5.9910686220472442
20
-3.9771847244094487
11
5.9869147244094485
21
-3.9790188582677164
0
LINE
8
BLACK
6
CONTINUOUS
10
5.9869147244094485
20
-3.9790188582677164
11
5.986914645669291
21
-3.9790188976377951
0
LINE
8
BLACK
6
CONTINUOUS
10
5.986914645669291
20
-3.9790188976377951
11
5.9837039370078742
21
-3.9822296062992124
0
LINE
8
BLACK
6
CONTINUOUS
10
5.9837039370078742
20
-3.9822296062992124
11
5.9837038976377954
21
-3.9822296850393699
0
LINE
8
BLACK
6
CONTINUOUS
10
5.9837038976377954
20
-3.9822296850393699
11
5.9818697637795273
21
-3.9863835826771652
0
LINE
8
BLACK
6
CONTINUOUS
10
5.9818697637795273
20
-3.9863835826771652
11
5.9818697244094485
21
-3.986383779527559
0
LINE
8
BLACK
6
CONTINUOUS
10
5.9818697244094485
20
-3.986383779527559
11
5.9817519685039366
21
-3.9873987795275592
0
LINE
8
BLACK
6
CONTINUOUS
10
5.9817519685039366
20
-3.9873987795275592
11
5.9817519685039366
21
-3.9892125984251967
0
LINE
8
BLACK
6
CONTINUOUS
10
5.9817519685039366
20
-3.9892125984251967
11
5.9820866141732285
21
-3.9892125984251967
0
LINE
8
BLACK
6
CONTINUOUS
10
5.9820866141732285
20
-3.9892125984251967
11
5.9820866141732285
21
-4.0309448818897637
0
LINE
8
BLACK
6
CONTINUOUS
10
5.9820866141732285
20
-4.0309448818897637
11
5.9564960629921258
21
-4.0309448818897637
0
LINE
8
BLACK
6
CONTINUOUS
10
5.9564960629921258
20
-4.0309448818897637
11
5.9564960629921258
21
-3.9892125984251967
0
LINE
8
BLACK
6
CONTINUOUS
10
5.9564960629921258
20
-3.9892125984251967
11
5.9568307086614176
21
-3.9892125984251967
0
LINE
8
BLACK
6
CONTINUOUS
10
5.9568307086614176
20
-3.9892125984251967
11
5.9568307086614176
21
-3.9873990157480312
0
LINE
8
BLACK
6
CONTINUOUS
10
5.9568307086614176
20
-3.9873990157480312
11
5.9568306692913389
21
-3.9873987795275592
0
LINE
8
BLACK
6
CONTINUOUS
10
5.9568306692913389
20
-3.9873987795275592
11
5.956712913385827
21
-3.986383779527559
0
LINE
8
BLACK
6
CONTINUOUS
10
5.956712913385827
20
-3.986383779527559
11
5.956712913385827
21
-3.9863836614173227
0
LINE
8
BLACK
6
CONTINUOUS
10
5.956712913385827
20
-3.9863836614173227
11
5.9548787795275588
21
-3.9822297244094487
0
LINE
8
BLACK
6
CONTINUOUS
10
5.9548787795275588
20
-3.9822297244094487
11
5.9548787401574801
21
-3.9822296850393699
0
LINE
8
BLACK
6
CONTINUOUS
10
5.9548787401574801
20
-3.9822296850393699
11
5.9548787007874013
21
-3.9822296062992124
0
LINE
8
BLACK
6
CONTINUOUS
10
5.9548787007874013
20
-3.9822296062992124
11
5.9516679921259845
21
-3.9790188976377951
0
LINE
8
BLACK
6
CONTINUOUS
10
5.9516679921259845
20
-3.9790188976377951
11
5.951667913385827
21
-3.9790188582677164
0
LINE
8
BLACK
6
CONTINUOUS
10
5.951667913385827
20
-3.9790188582677164
11
5.9475140157480313
21
-3.9771847244094487
0
LINE
8
BLACK
6
CONTINUOUS
10
5.9475140157480313
20
-3.9771847244094487
11
5.9475138188976375
21
-3.9771846850393699
0
LINE
8
BLACK
6
CONTINUOUS
10
5.9475138188976375
20
-3.9771846850393699
11
5.9464988188976378
21
-3.9770669291338581
0
LINE
8
BLACK
6
CONTINUOUS
10
5.9464988188976378
20
-3.9770669291338581
11
5.9464985826771652
21
-3.9770669291338581
0
LINE
8
BLACK
6
CONTINUOUS
10
5.9464985826771652
20
-3.9770669291338581
11
5.9172809448818899
21
-3.9770669291338581
0
LINE
8
BLACK
6
CONTINUOUS
10
5.9172809448818899
20
-3.9770669291338581
11
5.9172806692913387
21
-3.9770669291338581
0
LINE
8
BLACK
6
CONTINUOUS
10
5.9172806692913387
20
-3.9770669291338581
11
5.916265669291338
21
-3.9771846850393699
0
LINE
8
BLACK
6
CONTINUOUS
10
5.916265669291338
20
-3.9771846850393699
11
5.9162654724409451
21
-3.9771847244094487
0
LINE
8
BLACK
6
CONTINUOUS
10
5.9162654724409451
20
-3.9771847244094487
11
5.9121115748031494
21
-3.9790188582677164
0
LINE
8
BLACK
6
CONTINUOUS
10
5.9121115748031494
20
-3.9790188582677164
11
5.9121114960629919
21
-3.9790188976377951
0
LINE
8
BLACK
6
CONTINUOUS
10
5.9121114960629919
20
-3.9790188976377951
11
5.9089007874015751
21
-3.9822296062992124
0
LINE
8
BLACK
6
CONTINUOUS
10
5.9089007874015751
20
-3.9822296062992124
11
5.9089007480314963
21
-3.9822296850393699
0
LINE
8
BLACK
6
CONTINUOUS
10
5.9089007480314963
20
-3.9822296850393699
11
5.9070666141732282
21
-3.9863835826771652
0
LINE
8
BLACK
6
CONTINUOUS
10
5.9070666141732282
20
-3.9863835826771652
11
5.9070665748031495
21
-3.986383779527559
0
LINE
8
BLACK
6
CONTINUOUS
10
5.9070665748031495
20
-3.986383779527559
11
5.9069488188976376
21
-3.9873987795275592
0
LINE
8
BLACK
6
CONTINUOUS
10
5.9069488188976376
20
-3.9873987795275592
11
5.9069488188976376
21
-4.032758661417323
0
LINE
8
BLACK
6
CONTINUOUS
10
5.9069488188976376
20
-4.032758661417323
11
5.9070665748031495
21
-4.0337736614173227
0
LINE
8
BLACK
6
CONTINUOUS
10
5.9070665748031495
20
-4.0337736614173227
11
5.9070666141732282
21
-4.0337738582677165
0
LINE
8
BLACK
6
CONTINUOUS
10
5.9070666141732282
20
-4.0337738582677165
11
5.9089007086614176
21
-4.0379277165354326
0
LINE
8
BLACK
6
CONTINUOUS
10
5.9089007086614176
20
-4.0379277165354326
11
5.9089007480314963
21
-4.0379277559055113
0
LINE
8
BLACK
6
CONTINUOUS
10
5.9089007480314963
20
-4.0379277559055113
11
5.911006811023622
21
-4.0400338188976379
0
LINE
8
BLACK
6
CONTINUOUS
10
5.911006811023622
20
-4.0400338188976379
11
5.9117950393700784
21
-4.0410610629921262
0
LINE
8
BLACK
6
CONTINUOUS
10
5.9117950393700784
20
-4.0410610629921262
11
5.9142947244094488
21
-4.0453906692913382
0
LINE
8
BLACK
6
CONTINUOUS
10
5.9142947244094488
20
-4.0453906692913382
11
5.9142948031496063
21
-4.0453907480314957
0
LINE
8
BLACK
6
CONTINUOUS
10
5.9142948031496063
20
-4.0453907480314957
11
5.9142948425196851
21
-4.0453908267716532
0
LINE
8
BLACK
6
CONTINUOUS
10
5.9142948425196851
20
-4.0453908267716532
11
5.924116850393701
21
-4.0552128346456691
0
LINE
8
BLACK
6
CONTINUOUS
10
5.924116850393701
20
-4.0552128346456691
11
5.9254563779527558
21
-4.0576660236220468
0
LINE
8
BLACK
6
CONTINUOUS
10
5.9254563779527558
20
-4.0576660236220468
11
5.9252570078740154
21
-4.0604540157480313
0
LINE
8
BLACK
6
CONTINUOUS
10
5.9252570078740154
20
-4.0604540157480313
11
5.9235819291338583
21
-4.0626916535433066
0
LINE
8
BLACK
6
CONTINUOUS
10
5.9235819291338583
20
-4.0626916535433066
11
5.9209630314960631
21
-4.0636684645669288
0
LINE
8
BLACK
6
CONTINUOUS
10
5.9209630314960631
20
-4.0636684645669288
11
5.9206091338582674
21
-4.0636811023622048
0
LINE
8
BLACK
6
CONTINUOUS
10
5.9206091338582674
20
-4.0636811023622048
11
5.9172806692913387
21
-4.0636811023622048
0
LINE
8
BLACK
6
CONTINUOUS
10
5.9172806692913387
20
-4.0636811023622048
11
5.916265669291338
21
-4.0637988582677167
0
LINE
8
BLACK
6
CONTINUOUS
10
5.916265669291338
20
-4.0637988582677167
11
5.9162654724409451
21
-4.0637988976377954
0
LINE
8
BLACK
6
CONTINUOUS
10
5.9162654724409451
20
-4.0637988976377954
11
5.9121115748031494
21
-4.0656330314960627
0
LINE
8
BLACK
6
CONTINUOUS
10
5.9121115748031494
20
-4.0656330314960627
11
5.9121114960629919
21
-4.0656330708661415
0
LINE
8
BLACK
6
CONTINUOUS
10
5.9121114960629919
20
-4.0656330708661415
11
5.9089007874015751
21
-4.0688437795275592
0
LINE
8
BLACK
6
CONTINUOUS
10
5.9089007874015751
20
-4.0688437795275592
11
5.9089007480314963
21
-4.0688438582677167
0
LINE
8
BLACK
6
CONTINUOUS
10
5.9089007480314963
20
-4.0688438582677167
11
5.9070666141732282
21
-4.0729977559055115
0
LINE
8
BLACK
6
CONTINUOUS
10
5.9070666141732282
20
-4.0729977559055115
11
5.9070665748031495
21
-4.0729979527559053
0
LINE
8
BLACK
6
CONTINUOUS
10
5.9070665748031495
20
-4.0729979527559053
11
5.9069488188976376
21
-4.074012952755905
0
LINE
8
BLACK
6
CONTINUOUS
10
5.9069488188976376
20
-4.074012952755905
11
5.9069488188976376
21
-4.1193728346456693
0
LINE
8
BLACK
6
CONTINUOUS
10
5.9069488188976376
20
-4.1193728346456693
11
5.9070665748031495
21
-4.120387834645669
0
LINE
8
BLACK
6
CONTINUOUS
10
5.9070665748031495
20
-4.120387834645669
11
5.907066653543307
21
-4.1203881496062991
0
LINE
8
BLACK
6
CONTINUOUS
10
5.907066653543307
20
-4.1203881496062991
11
5.9076707086614171
21
-4.121756181102362
0
LINE
8
BLACK
6
CONTINUOUS
10
5.9076707086614171
20
-4.121756181102362
11
5.9080336220472436
21
-4.1245276377952758
0
LINE
8
BLACK
6
CONTINUOUS
10
5.9080336220472436
20
-4.1245276377952758
11
5.9068405118110237
21
-4.1270553543307082
0
LINE
8
BLACK
6
CONTINUOUS
10
5.9068405118110237
20
-4.1270553543307082
11
5.9044702362204724
21
-4.1285367716535433
0
LINE
8
BLACK
6
CONTINUOUS
10
5.9044702362204724
20
-4.1285367716535433
11
5.9031327559055118
21
-4.1287204724409445
0
LINE
8
BLACK
6
CONTINUOUS
10
5.9031327559055118
20
-4.1287204724409445
11
5.6053740157480316
21
-4.1287204724409445
0
LINE
8
BLACK
6
CONTINUOUS
10
5.6053740157480316
20
-4.1287204724409445
11
5.602692086614173
21
-4.1279329921259844
0
LINE
8
BLACK
6
CONTINUOUS
10
5.602692086614173
20
-4.1279329921259844
11
5.6008616535433067
21
-4.1258205511811026
0
LINE
8
BLACK
6
CONTINUOUS
10
5.6008616535433067
20
-4.1258205511811026
11
5.600413385826772
21
-4.1237598425196849
0
LINE
8
BLACK
6
CONTINUOUS
10
5.600413385826772
20
-4.1237598425196849
11
5.600413385826772
21
-3.9186586220472441
0
LINE
8
BLACK
6
CONTINUOUS
10
5.600413385826772
20
-3.9186586220472441
11
5.600413385826772
21
-3.5833267716535433
0
LINE
8
BLACK
6
CONTINUOUS
10
5.600413385826772
20
-3.5833267716535433
11
5.6012008661417321
21
-3.5806448425196851
0
LINE
8
BLACK
6
CONTINUOUS
10
5.6012008661417321
20
-3.5806448425196851
11
5.6033133070866139
21
-3.5788144094488188
0
LINE
8
BLACK
6
CONTINUOUS
10
5.6033133070866139
20
-3.5788144094488188
11
5.6053740157480316
21
-3.5783661417322832
0
LINE
8
BLACK
6
CONTINUOUS
10
5.6053740157480316
20
-3.5783661417322832
11
5.6342614566929132
21
-3.5783661417322832
0
LINE
8
BLACK
6
CONTINUOUS
10
5.6342614566929132
20
-3.5783661417322832
11
5.6369433858267719
21
-3.5791536220472442
0
LINE
8
BLACK
6
CONTINUOUS
10
6.4831395669291334
20
-3.5904202362204725
11
6.4831392125984246
21
-3.59042031496063
0
LINE
8
BLACK
6
CONTINUOUS
10
6.4831392125984246
20
-3.59042031496063
11
6.4784568897637795
21
-3.592266811023622
0
LINE
8
BLACK
6
CONTINUOUS
10
6.4784568897637795
20
-3.592266811023622
11
6.4756730708661419
21
-3.5925181102362203
0
LINE
8
BLACK
6
CONTINUOUS
10
6.4756730708661419
20
-3.5925181102362203
11
6.4754499606299207
21
-3.5924685433070866
0
LINE
8
BLACK
6
CONTINUOUS
10
6.4754499606299207
20
-3.5924685433070866
11
6.4711035433070867
21
-3.5913972440944879
0
LINE
8
BLACK
6
CONTINUOUS
10
6.4711035433070867
20
-3.5913972440944879
11
6.4711034645669292
21
-3.5913972440944879
0
LINE
8
BLACK
6
CONTINUOUS
10
6.4711034645669292
20
-3.5913972440944879
11
6.4643296062992128
21
-3.5913972440944879
0
LINE
8
BLACK
6
CONTINUOUS
10
6.4643296062992128
20
-3.5913972440944879
11
6.4643295275590553
21
-3.5913972440944879
0
LINE
8
BLACK
6
CONTINUOUS
10
6.4643295275590553
20
-3.5913972440944879
11
6.4577524803149604
21
-3.5930183464566929
0
LINE
8
BLACK
6
CONTINUOUS
10
6.4577524803149604
20
-3.5930183464566929
11
6.4570199606299212
21
-3.5934027952755905
0
LINE
8
BLACK
6
CONTINUOUS
10
6.4570199606299212
20
-3.5934027952755905
11
6.4542792519685035
21
-3.5939518110236222
0
LINE
8
BLACK
6
CONTINUOUS
10
6.4542792519685035
20
-3.5939518110236222
11
6.4528949212598423
21
-3.5936250787401574
0
LINE
8
BLACK
6
CONTINUOUS
10
6.4528949212598423
20
-3.5936250787401574
11
6.4493606299212596
21
-3.5922312992125982
0
LINE
8
BLACK
6
CONTINUOUS
10
6.4493606299212596
20
-3.5922312992125982
11
6.4493603937007871
21
-3.5922312598425195
0
LINE
8
BLACK
6
CONTINUOUS
10
6.4493603937007871
20
-3.5922312598425195
11
6.4460248425196847
21
-3.5918307086614174
0
LINE
8
BLACK
6
CONTINUOUS
10
6.4460248425196847
20
-3.5918307086614174
11
6.4460247244094484
21
-3.5918307086614174
0
LINE
8
BLACK
6
CONTINUOUS
10
6.4460247244094484
20
-3.5918307086614174
11
6.4255500787401569
21
-3.5918307086614174
0
LINE
8
BLACK
6
CONTINUOUS
10
6.4255500787401569
20
-3.5918307086614174
11
6.4255499212598428
21
-3.5918307086614174
0
LINE
8
BLACK
6
CONTINUOUS
10
6.4255499212598428
20
-3.5918307086614174
11
6.4222143700787404
21
-3.5922312598425195
0
LINE
8
BLACK
6
CONTINUOUS
10
6.4222143700787404
20
-3.5922312598425195
11
6.4222141338582679
21
-3.5922312992125982
0
LINE
8
BLACK
6
CONTINUOUS
10
6.4222141338582679
20
-3.5922312992125982
11
6.4169059055118112
21
-3.5943246062992125
0
LINE
8
BLACK
6
CONTINUOUS
10
6.4169059055118112
20
-3.5943246062992125
11
6.4169057480314962
21
-3.5943247244094487
0
LINE
8
BLACK
6
CONTINUOUS
10
6.4169057480314962
20
-3.5943247244094487
11
6.4123591338582679
21
-3.5977725196850394
0
LINE
8
BLACK
6
CONTINUOUS
10
6.4123591338582679
20
-3.5977725196850394
11
6.4087361023622043
21
-3.6025502362204724
0
LINE
8
BLACK
6
CONTINUOUS
10
6.4087361023622043
20
-3.6025502362204724
11
6.4064881102362206
21
-3.604211377952756
0
LINE
8
BLACK
6
CONTINUOUS
10
6.4064881102362206
20
-3.604211377952756
11
6.4036988976377955
21
-3.6043934645669289
0
LINE
8
BLACK
6
CONTINUOUS
10
6.4036988976377955
20
-3.6043934645669289
11
6.4012540551181099
21
-3.6030386614173229
0
LINE
8
BLACK
6
CONTINUOUS
10
6.4012540551181099
20
-3.6030386614173229
11
6.4008308267716538
21
-3.6025502362204724
0
LINE
8
BLACK
6
CONTINUOUS
10
6.4008308267716538
20
-3.6025502362204724
11
6.3972077559055114
21
-3.5977725196850394
0
LINE
8
BLACK
6
CONTINUOUS
10
6.3972077559055114
20
-3.5977725196850394
11
6.3926611417322832
21
-3.5943247244094487
0
LINE
8
BLACK
6
CONTINUOUS
10
6.3926611417322832
20
-3.5943247244094487
11
6.3926609842519682
21
-3.5943246062992125
0
LINE
8
BLACK
6
CONTINUOUS
10
6.3926609842519682
20
-3.5943246062992125
11
6.3873527559055114
21
-3.5922312992125982
0
LINE
8
BLACK
6
CONTINUOUS
10
6.3873527559055114
20
-3.5922312992125982
11
6.3873525196850389
21
-3.5922312598425195
0
LINE
8
BLACK
6
CONTINUOUS
10
6.3873525196850389
20
-3.5922312598425195
11
6.3840169685039365
21
-3.5918307086614174
0
LINE
8
BLACK
6
CONTINUOUS
10
6.3840169685039365
20
-3.5918307086614174
11
6.3840168503937003
21
-3.5918307086614174
0
LINE
8
BLACK
6
CONTINUOUS
10
6.3840168503937003
20
-3.5918307086614174
11
6.3635422047244097
21
-3.5918307086614174
0
LINE
8
BLACK
6
CONTINUOUS
10
6.3635422047244097
20
-3.5918307086614174
11
6.3635420472440947
21
-3.5918307086614174
0
LINE
8
BLACK
6
CONTINUOUS
10
6.3635420472440947
20
-3.5918307086614174
11
6.3602064960629923
21
-3.5922312598425195
0
LINE
8
BLACK
6
CONTINUOUS
10
6.3602064960629923
20
-3.5922312598425195
11
6.3602062598425197
21
-3.5922312992125982
0
LINE
8
BLACK
6
CONTINUOUS
10
6.3602062598425197
20
-3.5922312992125982
11
6.354898031496063
21
-3.5943246062992125
0
LINE
8
BLACK
6
CONTINUOUS
10
6.354898031496063
20
-3.5943246062992125
11
6.354897874015748
21
-3.5943247244094487
0
LINE
8
BLACK
6
CONTINUOUS
10
6.354897874015748
20
-3.5943247244094487
11
6.3503512598425198
21
-3.5977725196850394
0
LINE
8
BLACK
6
CONTINUOUS
10
6.3503512598425198
20
-3.5977725196850394
11
6.3469034645669291
21
-3.6023191338582676
0
LINE
8
BLACK
6
CONTINUOUS
10
6.3469034645669291
20
-3.6023191338582676
11
6.3467371259842515
21
-3.6026150000000001
0
LINE
8
BLACK
6
CONTINUOUS
10
6.3467371259842515
20
-3.6026150000000001
11
6.34665279527559
21
-3.6025675984251966
0
LINE
8
BLACK
6
CONTINUOUS
10
6.34665279527559
20
-3.6025675984251966
11
6.3452455905511806
21
-3.6043758661417322
0
LINE
8
BLACK
6
CONTINUOUS
10
6.3452455905511806
20
-3.6043758661417322
11
6.3426088582677167
21
-3.6053035039370078
0
LINE
8
BLACK
6
CONTINUOUS
10
6.3426088582677167
20
-3.6053035039370078
11
6.3411605118110232
21
-3.6051662598425196
0
LINE
8
BLACK
6
CONTINUOUS
10
6.3411605118110232
20
-3.6051662598425196
11
6.3396074803149602
21
-3.6047834645669292
0
LINE
8
BLACK
6
CONTINUOUS
10
6.3396074803149602
20
-3.6047834645669292
11
6.3396074015748027
21
-3.6047834645669292
0
LINE
8
BLACK
6
CONTINUOUS
10
6.3396074015748027
20
-3.6047834645669292
11
6.3359469291338577
21
-3.6047834645669292
0
LINE
8
BLACK
6
CONTINUOUS
10
6.3359469291338577
20
-3.6047834645669292
11
6.3332649999999999
21
-3.6039959842519682
0
LINE
8
BLACK
6
CONTINUOUS
10
6.3332649999999999
20
-3.6039959842519682
11
6.3319081496062992
21
-3.6025566141732281
0
LINE
8
BLACK
6
CONTINUOUS
10
6.3319081496062992
20
-3.6025566141732281
11
6.3318646456692909
21
-3.6025896456692914
0
LINE
8
BLACK
6
CONTINUOUS
10
6.3318646456692909
20
-3.6025896456692914
11
6.3282116929133858
21
-3.5977725196850394
0
LINE
8
BLACK
6
CONTINUOUS
10
6.3282116929133858
20
-3.5977725196850394
11
6.3236650787401576
21
-3.5943247244094487
0
LINE
8
BLACK
6
CONTINUOUS
10
6.3236650787401576
20
-3.5943247244094487
11
6.3236649212598426
21
-3.5943246062992125
0
LINE
8
BLACK
6
CONTINUOUS
10
6.3236649212598426
20
-3.5943246062992125
11
6.3183566929133859
21
-3.5922312992125982
0
LINE
8
BLACK
6
CONTINUOUS
10
6.3183566929133859
20
-3.5922312992125982
11
6.3183564566929133
21
-3.5922312598425195
0
LINE
8
BLACK
6
CONTINUOUS
10
6.3183564566929133
20
-3.5922312598425195
11
6.3150209055118109
21
-3.5918307086614174
0
LINE
8
BLACK
6
CONTINUOUS
10
6.3150209055118109
20
-3.5918307086614174
11
6.3150207874015747
21
-3.5918307086614174
0
LINE
8
BLACK
6
CONTINUOUS
10
6.3150207874015747
20
-3.5918307086614174
11
6.2945461417322832
21
-3.5918307086614174
0
LINE
8
BLACK
6
CONTINUOUS
10
6.2945461417322832
20
-3.5918307086614174
11
6.2945459842519682
21
-3.5918307086614174
0
LINE
8
BLACK
6
CONTINUOUS
10
6.2945459842519682
20
-3.5918307086614174
11
6.2912104330708658
21
-3.5922312598425195
0
LINE
8
BLACK
6
CONTINUOUS
10
6.2912104330708658
20
-3.5922312598425195
11
6.2912101968503933
21
-3.5922312992125982
0
LINE
8
BLACK
6
CONTINUOUS
10
6.2912101968503933
20
-3.5922312992125982
11
6.2859019685039366
21
-3.5943246062992125
0
LINE
8
BLACK
6
CONTINUOUS
10
6.2859019685039366
20
-3.5943246062992125
11
6.2859018110236216
21
-3.5943247244094487
0
LINE
8
BLACK
6
CONTINUOUS
10
6.2859018110236216
20
-3.5943247244094487
11
6.2813551968503933
21
-3.5977725196850394
0
LINE
8
BLACK
6
CONTINUOUS
10
6.2813551968503933
20
-3.5977725196850394
11
6.2779074015748026
21
-3.6023191338582676
0
LINE
8
BLACK
6
CONTINUOUS
10
6.2779074015748026
20
-3.6023191338582676
11
6.2779072834645664
21
-3.6023192913385826
0
LINE
8
BLACK
6
CONTINUOUS
10
6.2779072834645664
20
-3.6023192913385826
11
6.275813976377953
21
-3.6076275196850394
0
LINE
8
BLACK
6
CONTINUOUS
10
6.275813976377953
20
-3.6076275196850394
11
6.2758139370078743
21
-3.6076277559055119
0
LINE
8
BLACK
6
CONTINUOUS
10
6.2758139370078743
20
-3.6076277559055119
11
6.2754133858267718
21
-3.6109633070866143
0
LINE
8
BLACK
6
CONTINUOUS
10
6.2754133858267718
20
-3.6109633070866143
11
6.2754133858267718
21
-3.6343909842519686
0
LINE
8
BLACK
6
CONTINUOUS
10
6.2754133858267718
20
-3.6343909842519686
11
6.2758139370078743
21
-3.6377265354330706
0
LINE
8
BLACK
6
CONTINUOUS
10
6.2758139370078743
20
-3.6377265354330706
11
6.275813976377953
21
-3.6377267716535431
0
LINE
8
BLACK
6
CONTINUOUS
10
6.275813976377953
20
-3.6377267716535431
11
6.2779072834645664
21
-3.6430349999999998
0
LINE
8
BLACK
6
CONTINUOUS
10
6.2779072834645664
20
-3.6430349999999998
11
6.2779074015748026
21
-3.6430351574803148
0
LINE
8
BLACK
6
CONTINUOUS
10
6.2779074015748026
20
-3.6430351574803148
11
6.2813551968503933
21
-3.647581771653543
0
LINE
8
BLACK
6
CONTINUOUS
10
6.2813551968503933
20
-3.647581771653543
11
6.2859018110236216
21
-3.6510295669291337
0
LINE
8
BLACK
6
CONTINUOUS
10
6.2859018110236216
20
-3.6510295669291337
11
6.2859019685039366
21
-3.65102968503937
0
LINE
8
BLACK
6
CONTINUOUS
10
6.2859019685039366
20
-3.65102968503937
11
6.2910084251968499
21
-3.6530434251968504
0
LINE
8
BLACK
6
CONTINUOUS
10
6.2910084251968499
20
-3.6530434251968504
11
6.2912103149606295
21
-3.653123031496063
0
LINE
8
BLACK
6
CONTINUOUS
10
6.2912103149606295
20
-3.653123031496063
11
6.2945461417322832
21
-3.6535236220472438
0
LINE
8
BLACK
6
CONTINUOUS
10
6.2945461417322832
20
-3.6535236220472438
11
6.2945462598425195
21
-3.6535236220472438
0
LINE
8
BLACK
6
CONTINUOUS
10
6.2945462598425195
20
-3.6535236220472438
11
6.3150205905511809
21
-3.6535236220472438
0
LINE
8
BLACK
6
CONTINUOUS
10
6.3150205905511809
20
-3.6535236220472438
11
6.3150207874015747
21
-3.6535236220472438
0
LINE
8
BLACK
6
CONTINUOUS
10
6.3150207874015747
20
-3.6535236220472438
11
6.3151556692913386
21
-3.653507401574803
0
LINE
8
BLACK
6
CONTINUOUS
10
6.3151556692913386
20
-3.653507401574803
11
6.3179122834645671
21
-3.6539692519685039
0
LINE
8
BLACK
6
CONTINUOUS
10
6.3179122834645671
20
-3.6539692519685039
11
6.3190368897637796
21
-3.6547194488188977
0
LINE
8
BLACK
6
CONTINUOUS
10
6.3190368897637796
20
-3.6547194488188977
11
6.3202586614173226
21
-3.6558018503937006
0
LINE
8
BLACK
6
CONTINUOUS
10
6.3202586614173226
20
-3.6558018503937006
11
6.3262565748031498
21
-3.6589498031496062
0
LINE
8
BLACK
6
CONTINUOUS
10
6.3262565748031498
20
-3.6589498031496062
11
6.3262566141732286
21
-3.6589498031496062
0
LINE
8
BLACK
6
CONTINUOUS
10
6.3262566141732286
20
-3.6589498031496062
11
6.3262566929133861
21
-3.6589498425196849
0
LINE
8
BLACK
6
CONTINUOUS
10
6.3262566929133861
20
-3.6589498425196849
11
6.3302391732283461
21
-3.6599314173228348
0
LINE
8
BLACK
6
CONTINUOUS
10
6.3302391732283461
20
-3.6599314173228348
11
6.3328335433070864
21
-3.660570866141732
0
LINE
8
BLACK
6
CONTINUOUS
10
6.3328335433070864
20
-3.660570866141732
11
6.3328336614173226
21
-3.660570866141732
0
LINE
8
BLACK
6
CONTINUOUS
10
6.3328336614173226
20
-3.660570866141732
11
6.3396072834645665
21
-3.660570866141732
0
LINE
8
BLACK
6
CONTINUOUS
10
6.3396072834645665
20
-3.660570866141732
11
6.3396074015748027
21
-3.660570866141732
0
LINE
8
BLACK
6
CONTINUOUS
10
6.3396074015748027
20
-3.660570866141732
11
6.3461843700787401
21
-3.6589498031496062
0
LINE
8
BLACK
6
CONTINUOUS
10
6.3461843700787401
20
-3.6589498031496062
11
6.3521822834645665
21
-3.6558018503937006
0
LINE
8
BLACK
6
CONTINUOUS
10
6.3521822834645665
20
-3.6558018503937006
11
6.3544681496062987
21
-3.6537766929133859
0
LINE
8
BLACK
6
CONTINUOUS
10
6.3544681496062987
20
-3.6537766929133859
11
6.3569977165354326
21
-3.6525877165354328
0
LINE
8
BLACK
6
CONTINUOUS
10
6.3569977165354326
20
-3.6525877165354328
11
6.3595774803149601
21
-3.6528750393700786
0
LINE
8
BLACK
6
CONTINUOUS
10
6.3595774803149601
20
-3.6528750393700786
11
6.3602063385826773
21
-3.653123031496063
0
LINE
8
BLACK
6
CONTINUOUS
10
6.3602063385826773
20
-3.653123031496063
11
6.3602062992125985
21
-3.653123031496063
0
LINE
8
BLACK
6
CONTINUOUS
10
6.3602062992125985
20
-3.653123031496063
11
6.3611941732283466
21
-3.653241653543307
0
LINE
8
BLACK
6
CONTINUOUS
10
6.3611941732283466
20
-3.653241653543307
11
6.3635422047244097
21
-3.6535236220472438
0
LINE
8
BLACK
6
CONTINUOUS
10
6.3635422047244097
20
-3.6535236220472438
11
6.3635423228346459
21
-3.6535236220472438
0
LINE
8
BLACK
6
CONTINUOUS
10
6.3635423228346459
20
-3.6535236220472438
11
6.384016732283464
21
-3.6535236220472438
0
LINE
8
BLACK
6
CONTINUOUS
10
6.384016732283464
20
-3.6535236220472438
11
6.3840168503937003
21
-3.6535236220472438
0
LINE
8
BLACK
6
CONTINUOUS
10
6.3840168503937003
20
-3.6535236220472438
11
6.3873526771653539
21
-3.653123031496063
0
LINE
8
BLACK
6
CONTINUOUS
10
6.3873526771653539
20
-3.653123031496063
11
6.3926610236220469
21
-3.65102968503937
0
LINE
8
BLACK
6
CONTINUOUS
10
6.3926610236220469
20
-3.65102968503937
11
6.3972077559055114
21
-3.647581771653543
0
LINE
8
BLACK
6
CONTINUOUS
10
6.3972077559055114
20
-3.647581771653543
11
6.4006556692913383
21
-3.6430350393700786
0
LINE
8
BLACK
6
CONTINUOUS
10
6.4006556692913383
20
-3.6430350393700786
11
6.4006556692913383
21
-3.6430349999999998
0
LINE
8
BLACK
6
CONTINUOUS
10
6.4006556692913383
20
-3.6430349999999998
11
6.4008308267716538
21
-3.64280405511811
0
LINE
8
BLACK
6
CONTINUOUS
10
6.4008308267716538
20
-3.64280405511811
11
6.4030787795275588
21
-3.6411429133858269
0
LINE
8
BLACK
6
CONTINUOUS
10
6.4030787795275588
20
-3.6411429133858269
11
6.4058679921259838
21
-3.6409608267716536
0
LINE
8
BLACK
6
CONTINUOUS
10
6.4058679921259838
20
-3.6409608267716536
11
6.4083128740157482
21
-3.6423155905511808
0
LINE
8
BLACK
6
CONTINUOUS
10
6.4083128740157482
20
-3.6423155905511808
11
6.4087361023622043
21
-3.64280405511811
0
LINE
8
BLACK
6
CONTINUOUS
10
6.4087361023622043
20
-3.64280405511811
11
6.4123591338582679
21
-3.647581771653543
0
LINE
8
BLACK
6
CONTINUOUS
10
6.4123591338582679
20
-3.647581771653543
11
6.4169057480314962
21
-3.6510295669291337
0
LINE
8
BLACK
6
CONTINUOUS
10
6.4169057480314962
20
-3.6510295669291337
11
6.4169059055118112
21
-3.65102968503937
0
LINE
8
BLACK
6
CONTINUOUS
10
6.4169059055118112
20
-3.65102968503937
11
6.4220123622047245
21
-3.6530434251968504
0
LINE
8
BLACK
6
CONTINUOUS
10
6.4220123622047245
20
-3.6530434251968504
11
6.4222142519685042
21
-3.653123031496063
0
LINE
8
BLACK
6
CONTINUOUS
10
6.4222142519685042
20
-3.653123031496063
11
6.4255500787401569
21
-3.6535236220472438
0
LINE
8
BLACK
6
CONTINUOUS
10
6.4255500787401569
20
-3.6535236220472438
11
6.4255501968503932
21
-3.6535236220472438
0
LINE
8
BLACK
6
CONTINUOUS
10
6.4255501968503932
20
-3.6535236220472438
11
6.4460246062992121
21
-3.6535236220472438
0
LINE
8
BLACK
6
CONTINUOUS
10
6.4460246062992121
20
-3.6535236220472438
11
6.4460247244094484
21
-3.6535236220472438
0
LINE
8
BLACK
6
CONTINUOUS
10
6.4460247244094484
20
-3.6535236220472438
11
6.4493605511811021
21
-3.653123031496063
0
LINE
8
BLACK
6
CONTINUOUS
10
6.4493605511811021
20
-3.653123031496063
11
6.4546688976377951
21
-3.65102968503937
0
LINE
8
BLACK
6
CONTINUOUS
10
6.4546688976377951
20
-3.65102968503937
11
6.4589792125984253
21
-3.647761023622047
0
LINE
8
BLACK
6
CONTINUOUS
10
6.4589792125984253
20
-3.647761023622047
11
6.4615918503937007
21
-3.6467680314960629
0
LINE
8
BLACK
6
CONTINUOUS
10
6.4615918503937007
20
-3.6467680314960629
11
6.4631637007874012
21
-3.646897283464567
0
LINE
8
BLACK
6
CONTINUOUS
10
6.4631637007874012
20
-3.646897283464567
11
6.4635345275590552
21
-3.6469886614173226
0
LINE
8
BLACK
6
CONTINUOUS
10
6.4635345275590552
20
-3.6469886614173226
11
6.4643296062992128
21
-3.6471846456692911
0
LINE
8
BLACK
6
CONTINUOUS
10
6.4643296062992128
20
-3.6471846456692911
11
6.4643297244094491
21
-3.6471846456692911
0
LINE
8
BLACK
6
CONTINUOUS
10
6.4643297244094491
20
-3.6471846456692911
11
6.4711034251968504
21
-3.6471846456692911
0
LINE
8
BLACK
6
CONTINUOUS
10
6.4711034251968504
20
-3.6471846456692911
11
6.4711034645669292
21
-3.6471846456692911
0
LINE
8
BLACK
6
CONTINUOUS
10
6.4711034645669292
20
-3.6471846456692911
11
6.471103503937008
21
-3.6471846062992124
0
LINE
8
BLACK
6
CONTINUOUS
10
6.471103503937008
20
-3.6471846062992124
11
6.4711037007874017
21
-3.6471846062992124
0
LINE
8
BLACK
6
CONTINUOUS
10
6.4711037007874017
20
-3.6471846062992124
11
6.4718581102362203
21
-3.6469986614173227
0
LINE
8
BLACK
6
CONTINUOUS
10
6.4718581102362203
20
-3.6469986614173227
11
6.4746505511811021
21
-3.647121377952756
0
LINE
8
BLACK
6
CONTINUOUS
10
6.4746505511811021
20
-3.647121377952756
11
6.4760426377952758
21
-3.6478624015748031
0
LINE
8
BLACK
6
CONTINUOUS
10
6.4760426377952758
20
-3.6478624015748031
11
6.4778311023622042
21
-3.6492186614173225
0
LINE
8
BLACK
6
CONTINUOUS
10
6.4778311023622042
20
-3.6492186614173225
11
6.4785501968503931
21
-3.6495022047244094
0
LINE
8
BLACK
6
CONTINUOUS
10
6.4785501968503931
20
-3.6495022047244094
11
6.480756181102362
21
-3.6512185826771653
0
LINE
8
BLACK
6
CONTINUOUS
10
6.480756181102362
20
-3.6512185826771653
11
6.4814864566929131
21
-3.6530603543307087
0
LINE
8
BLACK
6
CONTINUOUS
10
6.4814864566929131
20
-3.6530603543307087
11
6.4815497244094491
21
-3.6530434251968504
0
LINE
8
BLACK
6
CONTINUOUS
10
6.4815497244094491
20
-3.6530434251968504
11
6.481633858267716
21
-3.6533574015748029
0
LINE
8
BLACK
6
CONTINUOUS
10
6.481633858267716
20
-3.6533574015748029
11
6.481633858267716
21
-3.6533574803149604
0
LINE
8
BLACK
6
CONTINUOUS
10
6.481633858267716
20
-3.6533574803149604
11
6.4822303149606295
21
-3.6555834251968502
0
LINE
8
BLACK
6
CONTINUOUS
10
6.4822303149606295
20
-3.6555834251968502
11
6.4827299212598426
21
-3.6574480314960631
0
LINE
8
BLACK
6
CONTINUOUS
10
6.4827299212598426
20
-3.6574480314960631
11
6.4828542519685035
21
-3.6577481102362204
0
LINE
8
BLACK
6
CONTINUOUS
10
6.4828542519685035
20
-3.6577481102362204
11
6.4827514566929132
21
-3.6577906692913387
0
LINE
8
BLACK
6
CONTINUOUS
10
6.4827514566929132
20
-3.6577906692913387
11
6.4832825984251965
21
-3.6599802755905513
0
LINE
8
BLACK
6
CONTINUOUS
10
6.4832825984251965
20
-3.6599802755905513
11
6.482368307086614
21
-3.6626216535433072
0
LINE
8
BLACK
6
CONTINUOUS
10
6.482368307086614
20
-3.6626216535433072
11
6.4801711417322831
21
-3.6643494488188977
0
LINE
8
BLACK
6
CONTINUOUS
10
6.4801711417322831
20
-3.6643494488188977
11
6.4783275984251967
21
-3.6647047244094488
0
LINE
8
BLACK
6
CONTINUOUS
10
6.4783275984251967
20
-3.6647047244094488
11
6.4312176771653542
21
-3.6647047244094488
0
LINE
8
BLACK
6
CONTINUOUS
10
6.4312176771653542
20
-3.6647047244094488
11
6.4302026771653544
21
-3.6648224803149607
0
LINE
8
BLACK
6
CONTINUOUS
10
6.4302026771653544
20
-3.6648224803149607
11
6.4302024803149607
21
-3.6648225196850395
0
LINE
8
BLACK
6
CONTINUOUS
10
6.4302024803149607
20
-3.6648225196850395
11
6.4260485826771649
21
-3.6666566141732284
0
LINE
8
BLACK
6
CONTINUOUS
10
6.4260485826771649
20
-3.6666566141732284
11
6.4240334645669286
21
-3.6686717716535431
0
LINE
8
BLACK
6
CONTINUOUS
10
6.4240334645669286
20
-3.6686717716535431
11
6.4218097637795273
21
-3.6699556299212599
0
LINE
8
BLACK
6
CONTINUOUS
10
6.4218097637795273
20
-3.6699556299212599
11
6.4189498425196847
21
-3.6707219685039369
0
LINE
8
BLACK
6
CONTINUOUS
10
6.4189498425196847
20
-3.6707219685039369
11
6.4152825984251969
21
-3.6728392125984253
0
LINE
8
BLACK
6
CONTINUOUS
10
6.4152825984251969
20
-3.6728392125984253
11
6.4152823622047244
21
-3.6728394094488186
0
LINE
8
BLACK
6
CONTINUOUS
10
6.4152823622047244
20
-3.6728394094488186
11
6.4090933858267718
21
-3.6790284251968504
0
LINE
8
BLACK
6
CONTINUOUS
10
6.4090933858267718
20
-3.6790284251968504
11
6.3910120866141735
21
-3.6971096850393699
0
LINE
8
BLACK
6
CONTINUOUS
10
6.3910120866141735
20
-3.6971096850393699
11
6.3885589370078737
21
-3.6984492125984252
0
LINE
8
BLACK
6
CONTINUOUS
10
6.3885589370078737
20
-3.6984492125984252
11
6.3875044881889762
21
-3.6985625984251969
0
LINE
8
BLACK
6
CONTINUOUS
10
6.3875044881889762
20
-3.6985625984251969
11
6.3755525196850389
21
-3.6985625984251969
0
LINE
8
BLACK
6
CONTINUOUS
10
6.3755525196850389
20
-3.6985625984251969
11
6.37386811023622
21
-3.6988976377952754
0
LINE
8
BLACK
6
CONTINUOUS
10
6.37386811023622
20
-3.6988976377952754
11
6.3536909448818895
21
-3.6988976377952754
0
LINE
8
BLACK
6
CONTINUOUS
10
6.3536909448818895
20
-3.6988976377952754
11
6.3520065354330706
21
-3.6985625984251969
0
LINE
8
BLACK
6
CONTINUOUS
10
6.3520065354330706
20
-3.6985625984251969
11
6.3434405118110231
21
-3.6985625984251969
0
LINE
8
BLACK
6
CONTINUOUS
10
6.3434405118110231
20
-3.6985625984251969
11
6.3407585826771653
21
-3.6977751181102363
0
LINE
8
BLACK
6
CONTINUOUS
10
6.3407585826771653
20
-3.6977751181102363
11
6.3399328346456691
21
-3.6971096456692911
0
LINE
8
BLACK
6
CONTINUOUS
10
6.3399328346456691
20
-3.6971096456692911
11
6.3396390551181101
21
-3.6968158661417321
0
LINE
8
BLACK
6
CONTINUOUS
10
6.3396390551181101
20
-3.6968158661417321
11
6.3396386614173226
21
-3.6968155511811025
0
LINE
8
BLACK
6
CONTINUOUS
10
6.3396386614173226
20
-3.6968155511811025
11
6.3359714960629923
21
-3.6946983464566929
0
LINE
8
BLACK
6
CONTINUOUS
10
6.3359714960629923
20
-3.6946983464566929
11
6.3352043700787402
21
-3.6944927952755906
0
LINE
8
BLACK
6
CONTINUOUS
10
6.3352043700787402
20
-3.6944927952755906
11
6.3318811417322829
21
-3.6936023228346455
0
LINE
8
BLACK
6
CONTINUOUS
10
6.3318811417322829
20
-3.6936023228346455
11
6.300796102362205
21
-3.6936023228346455
0
LINE
8
BLACK
6
CONTINUOUS
10
6.300796102362205
20
-3.6936023228346455
11
6.3002820078740154
21
-3.6937400393700788
0
LINE
8
BLACK
6
CONTINUOUS
10
6.3002820078740154
20
-3.6937400393700788
11
6.2974727952755902
21
-3.6944927559055118
0
LINE
8
BLACK
6
CONTINUOUS
10
6.2974727952755902
20
-3.6944927559055118
11
6.297472834645669
21
-3.6944927952755906
0
LINE
8
BLACK
6
CONTINUOUS
10
6.297472834645669
20
-3.6944927952755906
11
6.2967056299212594
21
-3.6946983464566929
0
LINE
8
BLACK
6
CONTINUOUS
10
6.2967056299212594
20
-3.6946983464566929
11
6.293673622047244
21
-3.6964488976377954
0
LINE
8
BLACK
6
CONTINUOUS
10
6.293673622047244
20
-3.6964488976377954
11
6.2930385826771653
21
-3.6968155511811025
0
LINE
8
BLACK
6
CONTINUOUS
10
6.2930385826771653
20
-3.6968155511811025
11
6.2930385039370078
21
-3.6968155905511808
0
LINE
8
BLACK
6
CONTINUOUS
10
6.2930385039370078
20
-3.6968155905511808
11
6.2930382677165353
21
-3.6968157480314958
0
LINE
8
BLACK
6
CONTINUOUS
10
6.2930382677165353
20
-3.6968157480314958
11
6.2740826377952752
21
-3.7157714566929134
0
LINE
8
BLACK
6
CONTINUOUS
10
6.2740826377952752
20
-3.7157714566929134
11
6.27162937007874
21
-3.717111023622047
0
LINE
8
BLACK
6
CONTINUOUS
10
6.27162937007874
20
-3.717111023622047
11
6.2705749212598425
21
-3.7172244094488187
0
LINE
8
BLACK
6
CONTINUOUS
10
6.2705749212598425
20
-3.7172244094488187
11
6.264192913385827
21
-3.7172244094488187
0
LINE
8
BLACK
6
CONTINUOUS
10
6.264192913385827
20
-3.7172244094488187
11
6.2615109842519683
21
-3.7164369291338581
0
LINE
8
BLACK
6
CONTINUOUS
10
6.2615109842519683
20
-3.7164369291338581
11
6.259680551181102
21
-3.7143244881889763
0
LINE
8
BLACK
6
CONTINUOUS
10
6.259680551181102
20
-3.7143244881889763
11
6.2592322834645664
21
-3.712263779527559
0
LINE
8
BLACK
6
CONTINUOUS
10
6.2592322834645664
20
-3.712263779527559
11
6.2592322834645664
21
-3.6914260236220473
0
LINE
8
BLACK
6
CONTINUOUS
10
6.2592322834645664
20
-3.6914260236220473
11
6.2591609842519684
21
-3.6911599606299212
0
LINE
8
BLACK
6
CONTINUOUS
10
6.2591609842519684
20
-3.6911599606299212
11
6.2581362598425194
21
-3.6873356299212596
0
LINE
8
BLACK
6
CONTINUOUS
10
6.2581362598425194
20
-3.6873356299212596
11
6.256018937007874
21
-3.6836683070866143
0
LINE
8
BLACK
6
CONTINUOUS
10
6.256018937007874
20
-3.6836683070866143
11
6.2530246062992125
21
-3.6806739763779528
0
LINE
8
BLACK
6
CONTINUOUS
10
6.2530246062992125
20
-3.6806739763779528
11
6.2315889370078743
21
-3.6592383070866141
0
LINE
8
BLACK
6
CONTINUOUS
10
6.2315889370078743
20
-3.6592383070866141
11
6.230249330708661
21
-3.6567850787401572
0
LINE
8
BLACK
6
CONTINUOUS
10
6.230249330708661
20
-3.6567850787401572
11
6.2301721653543307
21
-3.6551327165354328
0
LINE
8
BLACK
6
CONTINUOUS
10
6.2301721653543307
20
-3.6551327165354328
11
6.2304607874015749
21
-3.6527559055118108
0
LINE
8
BLACK
6
CONTINUOUS
10
6.2304607874015749
20
-3.6527559055118108
11
6.2304403543307085
21
-3.6525877165354328
0
LINE
8
BLACK
6
CONTINUOUS
10
6.2304403543307085
20
-3.6525877165354328
11
6.2296442913385821
21
-3.6460314960629923
0
LINE
8
BLACK
6
CONTINUOUS
10
6.2296442913385821
20
-3.6460314960629923
11
6.2296107480314955
21
-3.6459429921259843
0
LINE
8
BLACK
6
CONTINUOUS
10
6.2296107480314955
20
-3.6459429921259843
11
6.2272422834645669
21
-3.6396978346456694
0
LINE
8
BLACK
6
CONTINUOUS
10
6.2272422834645669
20
-3.6396978346456694
11
6.2233942913385825
21
-3.6341231102362204
0
LINE
8
BLACK
6
CONTINUOUS
10
6.2233942913385825
20
-3.6341231102362204
11
6.2183240157480313
21
-3.629631220472441
0
LINE
8
BLACK
6
CONTINUOUS
10
6.2183240157480313
20
-3.629631220472441
11
6.2183239763779525
21
-3.6296311811023623
0
LINE
8
BLACK
6
CONTINUOUS
10
6.2183239763779525
20
-3.6296311811023623
11
6.2183238582677163
21
-3.6296311023622048
0
LINE
8
BLACK
6
CONTINUOUS
10
6.2183238582677163
20
-3.6296311023622048
11
6.21232625984252
21
-3.626483346456693
0
LINE
8
BLACK
6
CONTINUOUS
10
6.21232625984252
20
-3.626483346456693
11
6.2123259448818899
21
-3.626483188976378
0
LINE
8
BLACK
6
CONTINUOUS
10
6.2123259448818899
20
-3.626483188976378
11
6.2057492519685038
21
-3.6248622047244092
0
LINE
8
BLACK
6
CONTINUOUS
10
6.2057492519685038
20
-3.6248622047244092
11
6.2057491338582675
21
-3.6248622047244092
0
LINE
8
BLACK
6
CONTINUOUS
10
6.2057491338582675
20
-3.6248622047244092
11
6.1989752755905512
21
-3.6248622047244092
0
LINE
8
BLACK
6
CONTINUOUS
10
6.1989752755905512
20
-3.6248622047244092
11
6.1989751181102362
21
-3.6248622047244092
0
LINE
8
BLACK
6
CONTINUOUS
10
6.1989751181102362
20
-3.6248622047244092
11
6.1923982283464563
21
-3.6264832677165355
0
LINE
8
BLACK
6
CONTINUOUS
10
6.1923982283464563
20
-3.6264832677165355
11
6.1917577165354327
21
-3.6268194488188974
0
LINE
8
BLACK
6
CONTINUOUS
10
6.1917577165354327
20
-3.6268194488188974
11
6.1890170078740159
21
-3.6273685039370078
0
LINE
8
BLACK
6
CONTINUOUS
10
6.1890170078740159
20
-3.6273685039370078
11
6.1864145669291339
21
-3.6263486614173228
0
LINE
8
BLACK
6
CONTINUOUS
10
6.1864145669291339
20
-3.6263486614173228
11
6.1852218897637794
21
-3.6247585433070864
0
LINE
8
BLACK
6
CONTINUOUS
10
6.1852218897637794
20
-3.6247585433070864
11
6.1851132283464567
21
-3.6248196456692914
0
LINE
8
BLACK
6
CONTINUOUS
10
6.1851132283464567
20
-3.6248196456692914
11
6.1849469685039367
21
-3.6245239370078739
0
LINE
8
BLACK
6
CONTINUOUS
10
6.1849469685039367
20
-3.6245239370078739
11
6.1814990944881885
21
-3.6199772440944882
0
LINE
8
BLACK
6
CONTINUOUS
10
6.1814990944881885
20
-3.6199772440944882
11
6.1769524803149602
21
-3.6165294488188975
0
LINE
8
BLACK
6
CONTINUOUS
10
6.1769524803149602
20
-3.6165294488188975
11
6.1769523228346452
21
-3.6165293307086612
0
LINE
8
BLACK
6
CONTINUOUS
10
6.1769523228346452
20
-3.6165293307086612
11
6.1716440944881885
21
-3.614436023622047
0
LINE
8
BLACK
6
CONTINUOUS
10
6.1716440944881885
20
-3.614436023622047
11
6.171643858267716
21
-3.6144359842519682
0
LINE
8
BLACK
6
CONTINUOUS
10
6.171643858267716
20
-3.6144359842519682
11
6.1683083070866136
21
-3.6140354330708662
0
LINE
8
BLACK
6
CONTINUOUS
10
6.1683083070866136
20
-3.6140354330708662
11
6.1683081889763782
21
-3.6140354330708662
0
LINE
8
BLACK
6
CONTINUOUS
10
6.1683081889763782
20
-3.6140354330708662
11
6.1478335433070868
21
-3.6140354330708662
0
LINE
8
BLACK
6
CONTINUOUS
10
6.1478335433070868
20
-3.6140354330708662
11
6.1478333858267717
21
-3.6140354330708662
0
LINE
8
BLACK
6
CONTINUOUS
10
6.1478333858267717
20
-3.6140354330708662
11
6.1444978346456693
21
-3.6144359842519682
0
LINE
8
BLACK
6
CONTINUOUS
10
6.1444978346456693
20
-3.6144359842519682
11
6.1444975984251968
21
-3.614436023622047
0
LINE
8
BLACK
6
CONTINUOUS
10
6.1444975984251968
20
-3.614436023622047
11
6.1391893700787401
21
-3.6165293307086612
0
LINE
8
BLACK
6
CONTINUOUS
10
6.1391893700787401
20
-3.6165293307086612
11
6.1391892125984251
21
-3.6165294488188975
0
LINE
8
BLACK
6
CONTINUOUS
10
6.1391892125984251
20
-3.6165294488188975
11
6.1346425984251969
21
-3.6199772440944882
0
LINE
8
BLACK
6
CONTINUOUS
10
6.1346425984251969
20
-3.6199772440944882
11
6.1311948031496062
21
-3.6245238582677164
0
LINE
8
BLACK
6
CONTINUOUS
10
6.1311948031496062
20
-3.6245238582677164
11
6.1311946850393699
21
-3.6245240157480314
0
LINE
8
BLACK
6
CONTINUOUS
10
6.1311946850393699
20
-3.6245240157480314
11
6.1291013779527557
21
-3.6298322440944881
0
LINE
8
BLACK
6
CONTINUOUS
10
6.1291013779527557
20
-3.6298322440944881
11
6.1291013385826769
21
-3.6298324803149606
0
LINE
8
BLACK
6
CONTINUOUS
10
6.1291013385826769
20
-3.6298324803149606
11
6.1287007874015744
21
-3.633168031496063
0
LINE
8
BLACK
6
CONTINUOUS
10
6.1287007874015744
20
-3.633168031496063
11
6.1287007874015744
21
-3.6565957086614174
0
LINE
8
BLACK
6
CONTINUOUS
10
6.1287007874015744
20
-3.6565957086614174
11
6.1291013385826769
21
-3.6599312598425198
0
LINE
8
BLACK
6
CONTINUOUS
10
6.1291013385826769
20
-3.6599312598425198
11
6.1291013779527557
21
-3.6599314960629918
0
LINE
8
BLACK
6
CONTINUOUS
10
6.1291013779527557
20
-3.6599314960629918
11
6.1311946850393699
21
-3.6652397244094486
0
LINE
8
BLACK
6
CONTINUOUS
10
6.1311946850393699
20
-3.6652397244094486
11
6.1311948031496062
21
-3.6652398818897636
0
LINE
8
BLACK
6
CONTINUOUS
10
6.1311948031496062
20
-3.6652398818897636
11
6.1346425984251969
21
-3.6697864960629922
0
LINE
8
BLACK
6
CONTINUOUS
10
6.1346425984251969
20
-3.6697864960629922
11
6.1391892125984251
21
-3.6732342913385825
0
LINE
8
BLACK
6
CONTINUOUS
10
6.1391892125984251
20
-3.6732342913385825
11
6.1391893700787401
21
-3.6732344094488187
0
LINE
8
BLACK
6
CONTINUOUS
10
6.1391893700787401
20
-3.6732344094488187
11
6.144492598425197
21
-3.6753257480314958
0
LINE
8
BLACK
6
CONTINUOUS
10
6.144492598425197
20
-3.6753257480314958
11
6.1444977165354331
21
-3.6753277559055118
0
LINE
8
BLACK
6
CONTINUOUS
10
6.1444977165354331
20
-3.6753277559055118
11
6.1478335433070868
21
-3.675728346456693
0
LINE
8
BLACK
6
CONTINUOUS
10
6.1478335433070868
20
-3.675728346456693
11
6.147833661417323
21
-3.675728346456693
0
LINE
8
BLACK
6
CONTINUOUS
10
6.147833661417323
20
-3.675728346456693
11
6.168308070866142
21
-3.675728346456693
0
LINE
8
BLACK
6
CONTINUOUS
10
6.168308070866142
20
-3.675728346456693
11
6.1683081889763782
21
-3.675728346456693
0
LINE
8
BLACK
6
CONTINUOUS
10
6.1683081889763782
20
-3.675728346456693
11
6.171644015748031
21
-3.6753277559055118
0
LINE
8
BLACK
6
CONTINUOUS
10
6.171644015748031
20
-3.6753277559055118
11
6.176952362204724
21
-3.6732344094488187
0
LINE
8
BLACK
6
CONTINUOUS
10
6.176952362204724
20
-3.6732344094488187
11
6.1771918503937009
21
-3.6730527952755905
0
LINE
8
BLACK
6
CONTINUOUS
10
6.1771918503937009
20
-3.6730527952755905
11
6.1798044094488187
21
-3.6720596850393701
0
LINE
8
BLACK
6
CONTINUOUS
10
6.1798044094488187
20
-3.6720596850393701
11
6.1825393307086616
21
-3.6726366929133856
0
LINE
8
BLACK
6
CONTINUOUS
10
6.1825393307086616
20
-3.6726366929133856
11
6.1834787401574802
21
-3.6732922440944882
0
LINE
8
BLACK
6
CONTINUOUS
10
6.1834787401574802
20
-3.6732922440944882
11
6.1864003937007874
21
-3.6758805905511811
0
LINE
8
BLACK
6
CONTINUOUS
10
6.1864003937007874
20
-3.6758805905511811
11
6.1864004330708662
21
-3.6758805905511811
0
LINE
8
BLACK
6
CONTINUOUS
10
6.1864004330708662
20
-3.6758805905511811
11
6.1864005118110237
21
-3.6758806692913386
0
LINE
8
BLACK
6
CONTINUOUS
10
6.1864005118110237
20
-3.6758806692913386
11
6.1895852362204726
21
-3.6775521259842519
0
LINE
8
BLACK
6
CONTINUOUS
10
6.1895852362204726
20
-3.6775521259842519
11
6.1923983070866138
21
-3.6790285433070866
0
LINE
8
BLACK
6
CONTINUOUS
10
6.1923983070866138
20
-3.6790285433070866
11
6.1923983464566925
21
-3.6790285433070866
0
LINE
8
BLACK
6
CONTINUOUS
10
6.1923983464566925
20
-3.6790285433070866
11
6.19239842519685
21
-3.6790285826771654
0
LINE
8
BLACK
6
CONTINUOUS
10
6.19239842519685
20
-3.6790285826771654
11
6.1975613385826769
21
-3.6803011023622045
0
LINE
8
BLACK
6
CONTINUOUS
10
6.1975613385826769
20
-3.6803011023622045
11
6.1989752755905512
21
-3.6806496062992125
0
LINE
8
BLACK
6
CONTINUOUS
10
6.1989752755905512
20
-3.6806496062992125
11
6.1989753937007874
21
-3.6806496062992125
0
LINE
8
BLACK
6
CONTINUOUS
10
6.1989753937007874
20
-3.6806496062992125
11
6.2054568503937002
21
-3.6806496062992125
0
LINE
8
BLACK
6
CONTINUOUS
10
6.2054568503937002
20
-3.6806496062992125
11
6.2081387795275589
21
-3.681437086614173
0
LINE
8
BLACK
6
CONTINUOUS
10
6.2081387795275589
20
-3.681437086614173
11
6.208964527559055
21
-3.6821025590551182
0
LINE
8
BLACK
6
CONTINUOUS
10
6.208964527559055
20
-3.6821025590551182
11
6.2093548818897633
21
-3.6824929133858268
0
LINE
8
BLACK
6
CONTINUOUS
10
6.2093548818897633
20
-3.6824929133858268
11
6.2106944881889765
21
-3.6849461417322833
0
LINE
8
BLACK
6
CONTINUOUS
10
6.2106944881889765
20
-3.6849461417322833
11
6.2104950787401574
21
-3.6877341338582674
0
LINE
8
BLACK
6
CONTINUOUS
10
6.2104950787401574
20
-3.6877341338582674
11
6.2088200000000002
21
-3.6899717716535432
0
LINE
8
BLACK
6
CONTINUOUS
10
6.2088200000000002
20
-3.6899717716535432
11
6.2065624409448814
21
-3.6909093700787401
0
LINE
8
BLACK
6
CONTINUOUS
10
6.2065624409448814
20
-3.6909093700787401
11
6.2056021259842522
21
-3.6910492913385826
0
LINE
8
BLACK
6
CONTINUOUS
10
6.2056021259842522
20
-3.6910492913385826
11
6.205243976377953
21
-3.6911599606299212
0
LINE
8
BLACK
6
CONTINUOUS
10
6.205243976377953
20
-3.6911599606299212
11
6.2024491338582672
21
-3.6911993307086615
0
LINE
8
BLACK
6
CONTINUOUS
10
6.2024491338582672
20
-3.6911993307086615
11
6.2023150787401571
21
-3.6911599606299212
0
LINE
8
BLACK
6
CONTINUOUS
10
6.2023150787401571
20
-3.6911599606299212
11
6.2019571259842516
21
-3.6910493307086614
0
LINE
8
BLACK
6
CONTINUOUS
10
6.2019571259842516
20
-3.6910493307086614
11
6.199213503937008
21
-3.6906496062992127
0
LINE
8
BLACK
6
CONTINUOUS
10
6.199213503937008
20
-3.6906496062992127
11
6.1992134645669292
21
-3.6906496062992127
0
LINE
8
BLACK
6
CONTINUOUS
10
6.1992134645669292
20
-3.6906496062992127
11
6.1925975590551179
21
-3.6906496062992127
0
LINE
8
BLACK
6
CONTINUOUS
10
6.1925975590551179
20
-3.6906496062992127
11
6.1925974803149604
21
-3.6906496062992127
0
LINE
8
BLACK
6
CONTINUOUS
10
6.1925974803149604
20
-3.6906496062992127
11
6.1898538582677167
21
-3.6910493307086614
0
LINE
8
BLACK
6
CONTINUOUS
10
6.1898538582677167
20
-3.6910493307086614
11
6.18949594488189
21
-3.6911599606299212
0
LINE
8
BLACK
6
CONTINUOUS
10
6.18949594488189
20
-3.6911599606299212
11
6.1867011023622043
21
-3.6911993307086615
0
LINE
8
BLACK
6
CONTINUOUS
10
6.1867011023622043
20
-3.6911993307086615
11
6.1865670472440941
21
-3.6911599606299212
0
LINE
8
BLACK
6
CONTINUOUS
10
6.1865670472440941
20
-3.6911599606299212
11
6.1862090944881887
21
-3.6910493307086614
0
LINE
8
BLACK
6
CONTINUOUS
10
6.1862090944881887
20
-3.6910493307086614
11
6.183465472440945
21
-3.6906496062992127
0
LINE
8
BLACK
6
CONTINUOUS
10
6.183465472440945
20
-3.6906496062992127
11
6.1834654330708663
21
-3.6906496062992127
0
LINE
8
BLACK
6
CONTINUOUS
10
6.1834654330708663
20
-3.6906496062992127
11
6.1768495275590549
21
-3.6906496062992127
0
LINE
8
BLACK
6
CONTINUOUS
10
6.1768495275590549
20
-3.6906496062992127
11
6.1768494488188974
21
-3.6906496062992127
0
LINE
8
BLACK
6
CONTINUOUS
10
6.1768494488188974
20
-3.6906496062992127
11
6.1741059842519688
21
-3.6910493307086614
0
LINE
8
BLACK
6
CONTINUOUS
10
6.1741059842519688
20
-3.6910493307086614
11
6.1741059055118113
21
-3.6910493700787401
0
LINE
8
BLACK
6
CONTINUOUS
10
6.1741059055118113
20
-3.6910493700787401
11
6.1698740944881889
21
-3.693118149606299
0
LINE
8
BLACK
6
CONTINUOUS
10
6.1698740944881889
20
-3.693118149606299
11
6.1665433464566926
21
-3.6964488976377954
0
LINE
8
BLACK
6
CONTINUOUS
10
6.1665433464566926
20
-3.6964488976377954
11
6.1644745669291341
21
-3.7006807086614173
0
LINE
8
BLACK
6
CONTINUOUS
10
6.1644745669291341
20
-3.7006807086614173
11
6.1644745275590553
21
-3.7006807874015748
0
LINE
8
BLACK
6
CONTINUOUS
10
6.1644745275590553
20
-3.7006807874015748
11
6.1641664566929135
21
-3.7027952755905509
0
LINE
8
BLACK
6
CONTINUOUS
10
6.1641664566929135
20
-3.7027952755905509
11
6.1663779527559051
21
-3.7027952755905509
0
LINE
8
BLACK
6
CONTINUOUS
10
6.1663779527559051
20
-3.7027952755905509
11
6.1671312598425194
21
-3.702945118110236
0
LINE
8
BLACK
6
CONTINUOUS
10
6.1671312598425194
20
-3.702945118110236
11
6.1677698818897637
21
-3.7033718503937005
0
LINE
8
BLACK
6
CONTINUOUS
10
6.1677698818897637
20
-3.7033718503937005
11
6.1681966141732278
21
-3.7040104724409448
0
LINE
8
BLACK
6
CONTINUOUS
10
6.1681966141732278
20
-3.7040104724409448
11
6.1683464566929134
21
-3.7047637795275588
0
LINE
8
BLACK
6
CONTINUOUS
10
6.1683464566929134
20
-3.7047637795275588
11
6.1683464566929134
21
-3.72248031496063
0
LINE
8
BLACK
6
CONTINUOUS
10
6.1683464566929134
20
-3.72248031496063
11
6.1681966141732278
21
-3.723233622047244
0
LINE
8
BLACK
6
CONTINUOUS
10
6.1681966141732278
20
-3.723233622047244
11
6.1677698818897637
21
-3.7238722440944882
0
LINE
8
BLACK
6
CONTINUOUS
10
6.1677698818897637
20
-3.7238722440944882
11
6.1671312598425194
21
-3.7242989763779528
0
LINE
8
BLACK
6
CONTINUOUS
10
6.1671312598425194
20
-3.7242989763779528
11
6.1663779527559051
21
-3.7244488188976379
0
LINE
8
BLACK
6
CONTINUOUS
10
6.1663779527559051
20
-3.7244488188976379
11
6.1624409448818893
21
-3.7244488188976379
0
LINE
8
BLACK
6
CONTINUOUS
10
6.1624409448818893
20
-3.7244488188976379
11
6.1616876377952758
21
-3.7242989763779528
0
LINE
8
BLACK
6
CONTINUOUS
10
6.1616876377952758
20
-3.7242989763779528
11
6.1610490157480315
21
-3.7238722440944882
0
LINE
8
BLACK
6
CONTINUOUS
10
6.1610490157480315
20
-3.7238722440944882
11
6.1606222834645665
21
-3.723233622047244
0
LINE
8
BLACK
6
CONTINUOUS
10
6.1606222834645665
20
-3.723233622047244
11
6.1604724409448819
21
-3.72248031496063
0
LINE
8
BLACK
6
CONTINUOUS
10
6.1604724409448819
20
-3.72248031496063
11
6.1604724409448819
21
-3.7174942519685037
0
LINE
8
BLACK
6
CONTINUOUS
10
6.1604724409448819
20
-3.7174942519685037
11
6.1604635433070865
21
-3.7174942519685037
0
LINE
8
BLACK
6
CONTINUOUS
10
6.1604635433070865
20
-3.7174942519685037
11
6.1584081889763782
21
-3.7177898031496062
0
LINE
8
BLACK
6
CONTINUOUS
10
6.1584081889763782
20
-3.7177898031496062
11
6.1576829527559056
21
-3.7176266535433071
0
LINE
8
BLACK
6
CONTINUOUS
10
6.1576829527559056
20
-3.7176266535433071
11
6.156831811023622
21
-3.7175026377952753
0
LINE
8
BLACK
6
CONTINUOUS
10
6.156831811023622
20
-3.7175026377952753
11
6.132334251968504
21
-3.7175590551181101
0
LINE
8
BLACK
6
CONTINUOUS
10
6.132334251968504
20
-3.7175590551181101
11
6.1322719291338581
21
-3.7175529133858265
0
LINE
8
BLACK
6
CONTINUOUS
10
6.1322719291338581
20
-3.7175529133858265
11
6.1317831496062993
21
-3.7176241338582678
0
LINE
8
BLACK
6
CONTINUOUS
10
6.1317831496062993
20
-3.7176241338582678
11
6.1317830708661418
21
-3.7176241732283462
0
LINE
8
BLACK
6
CONTINUOUS
10
6.1317830708661418
20
-3.7176241732283462
11
6.1275512598425195
21
-3.7196929527559055
0
LINE
8
BLACK
6
CONTINUOUS
10
6.1275512598425195
20
-3.7196929527559055
11
6.1242205118110231
21
-3.7230237007874014
0
LINE
8
BLACK
6
CONTINUOUS
10
6.1242205118110231
20
-3.7230237007874014
11
6.1221517322834647
21
-3.7272555118110233
0
LINE
8
BLACK
6
CONTINUOUS
10
6.1221517322834647
20
-3.7272555118110233
11
6.1221516141732284
21
-3.7272557874015746
0
LINE
8
BLACK
6
CONTINUOUS
10
6.1221516141732284
20
-3.7272557874015746
11
6.1220808267716533
21
-3.7277417716535433
0
LINE
8
BLACK
6
CONTINUOUS
10
6.1220808267716533
20
-3.7277417716535433
11
6.1209148425196851
21
-3.730282086614173
0
LINE
8
BLACK
6
CONTINUOUS
10
6.1209148425196851
20
-3.730282086614173
11
6.1196813779527561
21
-3.7310714566929133
0
LINE
8
BLACK
6
CONTINUOUS
10
6.1196813779527561
20
-3.7310714566929133
11
6.1196837401574804
21
-3.7333048425196851
0
LINE
8
BLACK
6
CONTINUOUS
10
6.1196837401574804
20
-3.7333048425196851
11
6.1316471259842515
21
-3.7451817716535434
0
LINE
8
BLACK
6
CONTINUOUS
10
6.1316471259842515
20
-3.7451817716535434
11
6.1356438188976377
21
-3.7451623228346458
0
LINE
8
BLACK
6
CONTINUOUS
10
6.1356438188976377
20
-3.7451623228346458
11
6.1358661417322837
21
-3.7451181102362203
0
LINE
8
BLACK
6
CONTINUOUS
10
6.1358661417322837
20
-3.7451181102362203
11
6.1535826771653541
21
-3.7451181102362203
0
LINE
8
BLACK
6
CONTINUOUS
10
6.1535826771653541
20
-3.7451181102362203
11
6.1543359842519685
21
-3.7452679527559054
0
LINE
8
BLACK
6
CONTINUOUS
10
6.1543359842519685
20
-3.7452679527559054
11
6.1549746062992128
21
-3.74569468503937
0
LINE
8
BLACK
6
CONTINUOUS
10
6.1549746062992128
20
-3.74569468503937
11
6.1554013385826769
21
-3.7463333070866143
0
LINE
8
BLACK
6
CONTINUOUS
10
6.1554013385826769
20
-3.7463333070866143
11
6.1555511811023624
21
-3.7470866141732282
0
LINE
8
BLACK
6
CONTINUOUS
10
6.1555511811023624
20
-3.7470866141732282
11
6.1555511811023624
21
-3.7510236220472439
0
LINE
8
BLACK
6
CONTINUOUS
10
6.1555511811023624
20
-3.7510236220472439
11
6.1554013385826769
21
-3.7517769291338583
0
LINE
8
BLACK
6
CONTINUOUS
10
6.1554013385826769
20
-3.7517769291338583
11
6.1549746062992128
21
-3.7524155511811021
0
LINE
8
BLACK
6
CONTINUOUS
10
6.1549746062992128
20
-3.7524155511811021
11
6.1543359842519685
21
-3.7528422834645667
0
LINE
8
BLACK
6
CONTINUOUS
10
6.1543359842519685
20
-3.7528422834645667
11
6.1535826771653541
21
-3.7529921259842518
0
LINE
8
BLACK
6
CONTINUOUS
10
6.1535826771653541
20
-3.7529921259842518
11
6.1358661417322837
21
-3.7529921259842518
0
LINE
8
BLACK
6
CONTINUOUS
10
6.1358661417322837
20
-3.7529921259842518
11
6.1357249999999999
21
-3.75296405511811
0
LINE
8
BLACK
6
CONTINUOUS
10
6.1357249999999999
20
-3.75296405511811
11
6.1299605905511809
21
-3.7529921259842518
0
LINE
8
BLACK
6
CONTINUOUS
10
6.1299605905511809
20
-3.7529921259842518
11
6.1291925196850396
21
-3.7529164960629919
0
LINE
8
BLACK
6
CONTINUOUS
10
6.1291925196850396
20
-3.7529164960629919
11
6.1277733070866143
21
-3.7523286220472438
0
LINE
8
BLACK
6
CONTINUOUS
10
6.1277733070866143
20
-3.7523286220472438
11
6.1129644881889762
21
-3.7376268110236222
0
LINE
8
BLACK
6
CONTINUOUS
10
6.1129644881889762
20
-3.7376268110236222
11
6.1124748818897636
21
-3.7370301968503936
0
LINE
8
BLACK
6
CONTINUOUS
10
6.1124748818897636
20
-3.7370301968503936
11
6.1118870078740155
21
-3.7356109842519682
0
LINE
8
BLACK
6
CONTINUOUS
10
6.1118870078740155
20
-3.7356109842519682
11
6.1118699999999997
21
-3.7196645669291337
0
LINE
8
BLACK
6
CONTINUOUS
10
6.1118699999999997
20
-3.7196645669291337
11
6.1116347244094484
21
-3.7177266929133856
0
LINE
8
BLACK
6
CONTINUOUS
10
6.1116347244094484
20
-3.7177266929133856
11
6.1115340551181099
21
-3.7168975984251968
0
LINE
8
BLACK
6
CONTINUOUS
10
6.1115340551181099
20
-3.7168975984251968
11
6.1102639763779525
21
-3.7135486614173225
0
LINE
8
BLACK
6
CONTINUOUS
10
6.1102639763779525
20
-3.7135486614173225
11
6.1099087795275588
21
-3.7131934645669289
0
LINE
8
BLACK
6
CONTINUOUS
10
6.1099087795275588
20
-3.7131934645669289
11
6.1076719291338577
21
-3.7088034251968502
0
LINE
8
BLACK
6
CONTINUOUS
10
6.1076719291338577
20
-3.7088034251968502
11
6.107598976377953
21
-3.7083429921259841
0
LINE
8
BLACK
6
CONTINUOUS
10
6.107598976377953
20
-3.7083429921259841
11
6.1052840551181102
21
-3.7049892519685037
0
LINE
8
BLACK
6
CONTINUOUS
10
6.1052840551181102
20
-3.7049892519685037
11
6.1002137795275591
21
-3.7004973622047244
0
LINE
8
BLACK
6
CONTINUOUS
10
6.1002137795275591
20
-3.7004973622047244
11
6.1002137401574803
21
-3.7004973228346456
0
LINE
8
BLACK
6
CONTINUOUS
10
6.1002137401574803
20
-3.7004973228346456
11
6.100213622047244
21
-3.7004972440944881
0
LINE
8
BLACK
6
CONTINUOUS
10
6.100213622047244
20
-3.7004972440944881
11
6.0942160236220468
21
-3.6973494881889764
0
LINE
8
BLACK
6
CONTINUOUS
10
6.0942160236220468
20
-3.6973494881889764
11
6.0942157086614168
21
-3.6973493307086613
0
LINE
8
BLACK
6
CONTINUOUS
10
6.0942157086614168
20
-3.6973493307086613
11
6.0876390157480316
21
-3.695728346456693
0
LINE
8
BLACK
6
CONTINUOUS
10
6.0876390157480316
20
-3.695728346456693
11
6.0876388976377953
21
-3.695728346456693
0
LINE
8
BLACK
6
CONTINUOUS
10
6.0876388976377953
20
-3.695728346456693
11
6.0811574015748029
21
-3.695728346456693
0
LINE
8
BLACK
6
CONTINUOUS
10
6.0811574015748029
20
-3.695728346456693
11
6.0784754724409451
21
-3.694940866141732
0
LINE
8
BLACK
6
CONTINUOUS
10
6.0784754724409451
20
-3.694940866141732
11
6.077649724409449
21
-3.694275433070866
0
LINE
8
BLACK
6
CONTINUOUS
10
6.077649724409449
20
-3.694275433070866
11
6.0731821653543303
21
-3.6898079133858266
0
LINE
8
BLACK
6
CONTINUOUS
10
6.0731821653543303
20
-3.6898079133858266
11
6.0731819291338578
21
-3.6898077165354328
0
LINE
8
BLACK
6
CONTINUOUS
10
6.0731819291338578
20
-3.6898077165354328
11
6.0695147637795275
21
-3.6876905118110237
0
LINE
8
BLACK
6
CONTINUOUS
10
6.0695147637795275
20
-3.6876905118110237
11
6.0688754724409444
21
-3.6875192125984251
0
LINE
8
BLACK
6
CONTINUOUS
10
6.0688754724409444
20
-3.6875192125984251
11
6.065424409448819
21
-3.6865944881889763
0
LINE
8
BLACK
6
CONTINUOUS
10
6.065424409448819
20
-3.6865944881889763
11
6.0654243307086615
21
-3.6865944881889763
0
LINE
8
BLACK
6
CONTINUOUS
10
6.0654243307086615
20
-3.6865944881889763
11
6.0567216929133858
21
-3.6865944881889763
0
LINE
8
BLACK
6
CONTINUOUS
10
6.0567216929133858
20
-3.6865944881889763
11
6.0540397637795271
21
-3.6858070078740157
0
LINE
8
BLACK
6
CONTINUOUS
10
6.0540397637795271
20
-3.6858070078740157
11
6.0522093307086609
21
-3.6836945669291339
0
LINE
8
BLACK
6
CONTINUOUS
10
6.0522093307086609
20
-3.6836945669291339
11
6.0521069291338581
21
-3.6834536614173228
0
LINE
8
BLACK
6
CONTINUOUS
10
6.0521069291338581
20
-3.6834536614173228
11
6.0519144488188976
21
-3.6829655905511811
0
LINE
8
BLACK
6
CONTINUOUS
10
6.0519144488188976
20
-3.6829655905511811
11
6.0516596062992125
21
-3.6823192913385827
0
LINE
8
BLACK
6
CONTINUOUS
10
6.0516596062992125
20
-3.6823192913385827
11
6.0516595669291338
21
-3.682319251968504
0
LINE
8
BLACK
6
CONTINUOUS
10
6.0516595669291338
20
-3.682319251968504
11
6.0516595669291338
21
-3.6823192125984252
0
LINE
8
BLACK
6
CONTINUOUS
10
6.0516595669291338
20
-3.6823192125984252
11
6.0482116929133856
21
-3.6777725196850395
0
LINE
8
BLACK
6
CONTINUOUS
10
6.0482116929133856
20
-3.6777725196850395
11
6.0436650787401573
21
-3.6743247244094488
0
LINE
8
BLACK
6
CONTINUOUS
10
6.0436650787401573
20
-3.6743247244094488
11
6.0436649212598423
21
-3.6743246062992125
0
LINE
8
BLACK
6
CONTINUOUS
10
6.0436649212598423
20
-3.6743246062992125
11
6.0383566929133856
21
-3.6722312992125983
0
LINE
8
BLACK
6
CONTINUOUS
10
6.0383566929133856
20
-3.6722312992125983
11
6.0383564566929131
21
-3.6722312598425195
0
LINE
8
BLACK
6
CONTINUOUS
10
6.0383564566929131
20
-3.6722312598425195
11
6.0350209055118107
21
-3.671830708661417
0
LINE
8
BLACK
6
CONTINUOUS
10
6.0350209055118107
20
-3.671830708661417
11
6.0350207874015744
21
-3.671830708661417
0
LINE
8
BLACK
6
CONTINUOUS
10
6.0350207874015744
20
-3.671830708661417
11
6.014546141732283
21
-3.671830708661417
0
LINE
8
BLACK
6
CONTINUOUS
10
6.014546141732283
20
-3.671830708661417
11
6.014545984251968
21
-3.671830708661417
0
LINE
8
BLACK
6
CONTINUOUS
10
6.014545984251968
20
-3.671830708661417
11
6.0112104330708664
21
-3.6722312598425195
0
LINE
8
BLACK
6
CONTINUOUS
10
6.0112104330708664
20
-3.6722312598425195
11
6.0112101968503939
21
-3.6722312992125983
0
LINE
8
BLACK
6
CONTINUOUS
10
6.0112101968503939
20
-3.6722312992125983
11
6.0059019685039372
21
-3.6743246062992125
0
LINE
8
BLACK
6
CONTINUOUS
10
6.0059019685039372
20
-3.6743246062992125
11
6.0059018110236222
21
-3.6743247244094488
0
LINE
8
BLACK
6
CONTINUOUS
10
6.0059018110236222
20
-3.6743247244094488
11
6.001355196850394
21
-3.6777725196850395
0
LINE
8
BLACK
6
CONTINUOUS
10
6.001355196850394
20
-3.6777725196850395
11
5.9996375590551176
21
-3.6800375196850394
0
LINE
8
BLACK
6
CONTINUOUS
10
5.9996375590551176
20
-3.6800375196850394
11
5.9996831889763778
21
-3.7280761811023622
0
LINE
8
BLACK
6
CONTINUOUS
10
5.9996831889763778
20
-3.7280761811023622
11
6.0071327165354331
21
-3.7355066929133858
0
LINE
8
BLACK
6
CONTINUOUS
10
6.0071327165354331
20
-3.7355066929133858
11
6.009096338582677
21
-3.7336885826771651
0
LINE
8
BLACK
6
CONTINUOUS
10
6.009096338582677
20
-3.7336885826771651
11
6.0118483858267719
21
-3.7331998425196851
0
LINE
8
BLACK
6
CONTINUOUS
10
6.0118483858267719
20
-3.7331998425196851
11
6.0118891732283464
21
-3.7332045275590549
0
LINE
8
BLACK
6
CONTINUOUS
10
6.0118891732283464
20
-3.7332045275590549
11
6.014546141732283
21
-3.7335236220472439
0
LINE
8
BLACK
6
CONTINUOUS
10
6.014546141732283
20
-3.7335236220472439
11
6.0145462598425192
21
-3.7335236220472439
0
LINE
8
BLACK
6
CONTINUOUS
10
6.0145462598425192
20
-3.7335236220472439
11
6.0350206692913382
21
-3.7335236220472439
0
LINE
8
BLACK
6
CONTINUOUS
10
6.0350206692913382
20
-3.7335236220472439
11
6.0350207874015744
21
-3.7335236220472439
0
LINE
8
BLACK
6
CONTINUOUS
10
6.0350207874015744
20
-3.7335236220472439
11
6.0383566141732281
21
-3.7331230314960631
0
LINE
8
BLACK
6
CONTINUOUS
10
6.0383566141732281
20
-3.7331230314960631
11
6.0436649606299211
21
-3.73102968503937
0
LINE
8
BLACK
6
CONTINUOUS
10
6.0436649606299211
20
-3.73102968503937
11
6.0482116929133856
21
-3.7275817716535431
0
LINE
8
BLACK
6
CONTINUOUS
10
6.0482116929133856
20
-3.7275817716535431
11
6.0482117716535431
21
-3.7275816929133856
0
LINE
8
BLACK
6
CONTINUOUS
10
6.0482117716535431
20
-3.7275816929133856
11
6.0484516535433066
21
-3.7273418503937008
0
LINE
8
BLACK
6
CONTINUOUS
10
6.0484516535433066
20
-3.7273418503937008
11
6.0485346456692914
21
-3.7274248425196848
0
LINE
8
BLACK
6
CONTINUOUS
10
6.0485346456692914
20
-3.7274248425196848
11
6.0503179921259838
21
-3.7261065748031497
0
LINE
8
BLACK
6
CONTINUOUS
10
6.0503179921259838
20
-3.7261065748031497
11
6.0531071653543309
21
-3.7259239370078738
0
LINE
8
BLACK
6
CONTINUOUS
10
6.0531071653543309
20
-3.7259239370078738
11
6.055552283464567
21
-3.7272782283464565
0
LINE
8
BLACK
6
CONTINUOUS
10
6.055552283464567
20
-3.7272782283464565
11
6.0568770866141728
21
-3.7297394488188975
0
LINE
8
BLACK
6
CONTINUOUS
10
6.0568770866141728
20
-3.7297394488188975
11
6.0569480314960629
21
-3.7301667716535434
0
LINE
8
BLACK
6
CONTINUOUS
10
6.0569480314960629
20
-3.7301667716535434
11
6.0569698425196847
21
-3.7303464566929132
0
LINE
8
BLACK
6
CONTINUOUS
10
6.0569698425196847
20
-3.7303464566929132
11
6.0593718897637796
21
-3.736680118110236
0
LINE
8
BLACK
6
CONTINUOUS
10
6.0593718897637796
20
-3.736680118110236
11
6.0621300393700785
21
-3.7406759448818896
0
LINE
8
BLACK
6
CONTINUOUS
10
6.0621300393700785
20
-3.7406759448818896
11
6.0630054724409446
21
-3.7433304330708661
0
LINE
8
BLACK
6
CONTINUOUS
10
6.0630054724409446
20
-3.7433304330708661
11
6.0623067716535433
21
-3.7460368503937005
0
LINE
8
BLACK
6
CONTINUOUS
10
6.0623067716535433
20
-3.7460368503937005
11
6.0613370472440939
21
-3.7472069685039369
0
LINE
8
BLACK
6
CONTINUOUS
10
6.0613370472440939
20
-3.7472069685039369
11
6.0575864173228346
21
-3.7505297244094487
0
LINE
8
BLACK
6
CONTINUOUS
10
6.0575864173228346
20
-3.7505297244094487
11
6.0537383858267715
21
-3.7561045275590552
0
LINE
8
BLACK
6
CONTINUOUS
10
6.0537383858267715
20
-3.7561045275590552
11
6.0513363779527554
21
-3.7624381496062993
0
LINE
8
BLACK
6
CONTINUOUS
10
6.0513363779527554
20
-3.7624381496062993
11
6.0505199212598422
21
-3.7691624015748029
0
LINE
8
BLACK
6
CONTINUOUS
10
6.0505199212598422
20
-3.7691624015748029
11
6.0505199212598422
21
-3.7691626771653541
0
LINE
8
BLACK
6
CONTINUOUS
10
6.0505199212598422
20
-3.7691626771653541
11
6.0513363779527554
21
-3.7758869291338581
0
LINE
8
BLACK
6
CONTINUOUS
10
6.0513363779527554
20
-3.7758869291338581
11
6.0537229527559058
21
-3.7821798031496061
0
LINE
8
BLACK
6
CONTINUOUS
10
6.0537229527559058
20
-3.7821798031496061
11
6.0537384251968502
21
-3.7822206299212597
0
LINE
8
BLACK
6
CONTINUOUS
10
6.0537384251968502
20
-3.7822206299212597
11
6.0575864173228346
21
-3.7877953543307088
0
LINE
8
BLACK
6
CONTINUOUS
10
6.0575864173228346
20
-3.7877953543307088
11
6.0597918897637797
21
-3.7897492125984251
0
LINE
8
BLACK
6
CONTINUOUS
10
6.0597918897637797
20
-3.7897492125984251
11
6.0612770866141732
21
-3.7921170472440946
0
LINE
8
BLACK
6
CONTINUOUS
10
6.0612770866141732
20
-3.7921170472440946
11
6.0612463779527559
21
-3.7949120078740157
0
LINE
8
BLACK
6
CONTINUOUS
10
6.0612463779527559
20
-3.7949120078740157
11
6.0600100393700789
21
-3.7969699212598425
0
LINE
8
BLACK
6
CONTINUOUS
10
6.0600100393700789
20
-3.7969699212598425
11
6.0180196456692912
21
-3.838960433070866
0
LINE
8
BLACK
6
CONTINUOUS
10
6.0180196456692912
20
-3.838960433070866
11
6.0155663779527559
21
-3.8403
0
LINE
8
BLACK
6
CONTINUOUS
10
6.0155663779527559
20
-3.8403
11
6.0145119291338585
21
-3.8404133858267717
0
LINE
8
BLACK
6
CONTINUOUS
10
6.0145119291338585
20
-3.8404133858267717
11
5.9982270866141727
21
-3.8404133858267717
0
LINE
8
BLACK
6
CONTINUOUS
10
5.9982270866141727
20
-3.8404133858267717
11
5.9948915354330703
21
-3.8408139370078738
0
LINE
8
BLACK
6
CONTINUOUS
10
5.9948915354330703
20
-3.8408139370078738
11
5.9948912992125987
21
-3.8408139763779525
0
LINE
8
BLACK
6
CONTINUOUS
10
5.9948912992125987
20
-3.8408139763779525
11
5.9895830708661419
21
-3.8429072834645668
0
LINE
8
BLACK
6
CONTINUOUS
10
5.9895830708661419
20
-3.8429072834645668
11
5.9895829133858269
21
-3.842907401574803
0
LINE
8
BLACK
6
CONTINUOUS
10
5.9895829133858269
20
-3.842907401574803
11
5.9850362992125987
21
-3.8463551968503937
0
LINE
8
BLACK
6
CONTINUOUS
10
5.9850362992125987
20
-3.8463551968503937
11
5.981588503937008
21
-3.8509018110236219
0
LINE
8
BLACK
6
CONTINUOUS
10
5.981588503937008
20
-3.8509018110236219
11
5.9815883858267718
21
-3.850901968503937
0
LINE
8
BLACK
6
CONTINUOUS
10
5.9815883858267718
20
-3.850901968503937
11
5.9794950787401575
21
-3.8562101968503937
0
LINE
8
BLACK
6
CONTINUOUS
10
5.9794950787401575
20
-3.8562101968503937
11
5.9794950393700788
21
-3.8562104330708662
0
LINE
8
BLACK
6
CONTINUOUS
10
5.9794950393700788
20
-3.8562104330708662
11
5.9790944881889763
21
-3.8595459842519686
0
LINE
8
BLACK
6
CONTINUOUS
10
5.9790944881889763
20
-3.8595459842519686
11
5.9790944881889763
21
-3.8800209055118109
0
LINE
8
BLACK
6
CONTINUOUS
10
5.9790944881889763
20
-3.8800209055118109
11
5.9794950393700788
21
-3.8833564566929133
0
LINE
8
BLACK
6
CONTINUOUS
10
5.9794950393700788
20
-3.8833564566929133
11
5.9794950787401575
21
-3.8833566929133858
0
LINE
8
BLACK
6
CONTINUOUS
10
5.9794950787401575
20
-3.8833566929133858
11
5.9815883858267718
21
-3.8886649212598425
0
LINE
8
BLACK
6
CONTINUOUS
10
5.9815883858267718
20
-3.8886649212598425
11
5.981588503937008
21
-3.8886650787401575
0
LINE
8
BLACK
6
CONTINUOUS
10
5.981588503937008
20
-3.8886650787401575
11
5.9850362992125987
21
-3.8932116929133858
0
LINE
8
BLACK
6
CONTINUOUS
10
5.9850362992125987
20
-3.8932116929133858
11
5.9898140157480313
21
-3.8968347637795273
0
LINE
8
BLACK
6
CONTINUOUS
10
5.9898140157480313
20
-3.8968347637795273
11
5.9914751574803145
21
-3.8990827559055119
0
LINE
8
BLACK
6
CONTINUOUS
10
5.9914751574803145
20
-3.8990827559055119
11
5.9916572440944877
21
-3.9018719685039369
0
LINE
8
BLACK
6
CONTINUOUS
10
5.9916572440944877
20
-3.9018719685039369
11
5.9903024409448822
21
-3.9043168110236222
0
LINE
8
BLACK
6
CONTINUOUS
10
5.9903024409448822
20
-3.9043168110236222
11
5.9898140157480313
21
-3.9047400393700786
0
LINE
8
BLACK
6
CONTINUOUS
10
5.9898140157480313
20
-3.9047400393700786
11
5.9850362992125987
21
-3.9083630708661414
0
LINE
8
BLACK
6
CONTINUOUS
10
5.9850362992125987
20
-3.9083630708661414
11
5.981588503937008
21
-3.9129096850393701
0
LINE
8
BLACK
6
CONTINUOUS
10
5.981588503937008
20
-3.9129096850393701
11
5.9815883858267718
21
-3.9129098425196851
0
LINE
8
BLACK
6
CONTINUOUS
10
5.9815883858267718
20
-3.9129098425196851
11
5.9794950787401575
21
-3.9182180708661418
0
LINE
8
BLACK
6
CONTINUOUS
10
5.9794950787401575
20
-3.9182180708661418
11
5.9794950393700788
21
-3.9182183070866139
0
LINE
8
BLACK
6
CONTINUOUS
10
5.9794950393700788
20
-3.9182183070866139
11
5.9790944881889763
21
-3.9215538582677163
0
LINE
8
BLACK
6
CONTINUOUS
10
5.9790944881889763
20
-3.9215538582677163
11
5.9790944881889763
21
-3.942028779527559
0
LINE
8
BLACK
6
CONTINUOUS
10
5.9790944881889763
20
-3.942028779527559
11
5.9794950393700788
21
-3.9453643307086614
0
LINE
8
BLACK
6
CONTINUOUS
10
5.9794950393700788
20
-3.9453643307086614
11
5.9794950787401575
21
-3.945364566929134
0
LINE
8
BLACK
6
CONTINUOUS
10
5.9794950787401575
20
-3.945364566929134
11
5.9815883858267718
21
-3.9506727952755907
0
LINE
8
BLACK
6
CONTINUOUS
10
5.9815883858267718
20
-3.9506727952755907
11
5.981588503937008
21
-3.9506729527559052
0
LINE
8
BLACK
6
CONTINUOUS
10
5.981588503937008
20
-3.9506729527559052
11
5.9850362992125987
21
-3.9552195669291339
0
LINE
8
BLACK
6
CONTINUOUS
10
5.9850362992125987
20
-3.9552195669291339
11
5.9895829133858269
21
-3.9586673622047241
0
LINE
8
BLACK
6
CONTINUOUS
10
5.9895829133858269
20
-3.9586673622047241
11
5.9895830708661419
21
-3.9586674803149604
0
LINE
8
BLACK
6
CONTINUOUS
10
5.9895830708661419
20
-3.9586674803149604
11
5.9930843700787397
21
-3.9600482283464564
0
LINE
8
BLACK
6
CONTINUOUS
10
5.9930843700787397
20
-3.9600482283464564
11
5.9948914173228349
21
-3.9607608267716534
0
LINE
8
BLACK
6
CONTINUOUS
10
5.9948914173228349
20
-3.9607608267716534
11
5.9982272440944877
21
-3.9611614173228347
0
LINE
8
BLACK
6
CONTINUOUS
10
5.9982272440944877
20
-3.9611614173228347
11
5.998227362204724
21
-3.9611614173228347
0
LINE
8
BLACK
6
CONTINUOUS
10
5.998227362204724
20
-3.9611614173228347
11
6.0216545275590549
21
-3.9611614173228347
0
LINE
8
BLACK
6
CONTINUOUS
10
6.0216545275590549
20
-3.9611614173228347
11
6.0216546456692912
21
-3.9611614173228347
0
LINE
8
BLACK
6
CONTINUOUS
10
6.0216546456692912
20
-3.9611614173228347
11
6.0249904724409449
21
-3.9607608267716534
0
LINE
8
BLACK
6
CONTINUOUS
10
6.0249904724409449
20
-3.9607608267716534
11
6.0266608267716535
21
-3.9601020866141732
0
LINE
8
BLACK
6
CONTINUOUS
10
6.0266608267716535
20
-3.9601020866141732
11
6.0294445275590549
21
-3.9598507480314962
0
LINE
8
BLACK
6
CONTINUOUS
10
6.0294445275590549
20
-3.9598507480314962
11
6.0307858267716536
21
-3.9603243700787401
0
LINE
8
BLACK
6
CONTINUOUS
10
6.0307858267716536
20
-3.9603243700787401
11
6.0349179921259841
21
-3.9624931102362204
0
LINE
8
BLACK
6
CONTINUOUS
10
6.0349179921259841
20
-3.9624931102362204
11
6.0349180314960629
21
-3.9624931102362204
0
LINE
8
BLACK
6
CONTINUOUS
10
6.0349180314960629
20
-3.9624931102362204
11
6.0349181102362204
21
-3.9624931496062992
0
LINE
8
BLACK
6
CONTINUOUS
10
6.0349181102362204
20
-3.9624931496062992
11
6.0374067716535436
21
-3.9631065354330706
0
LINE
8
BLACK
6
CONTINUOUS
10
6.0374067716535436
20
-3.9631065354330706
11
6.0414949606299215
21
-3.9641141732283462
0
LINE
8
BLACK
6
CONTINUOUS
10
6.0414949606299215
20
-3.9641141732283462
11
6.0414950787401569
21
-3.9641141732283462
0
LINE
8
BLACK
6
CONTINUOUS
10
6.0414950787401569
20
-3.9641141732283462
11
6.0482687007874016
21
-3.9641141732283462
0
LINE
8
BLACK
6
CONTINUOUS
10
6.0482687007874016
20
-3.9641141732283462
11
6.0482688188976379
21
-3.9641141732283462
0
LINE
8
BLACK
6
CONTINUOUS
10
6.0482688188976379
20
-3.9641141732283462
11
6.0548457874015744
21
-3.9624931102362204
0
LINE
8
BLACK
6
CONTINUOUS
10
6.0548457874015744
20
-3.9624931102362204
11
6.0594000787401576
21
-3.9601027952755903
0
LINE
8
BLACK
6
CONTINUOUS
10
6.0594000787401576
20
-3.9601027952755903
11
6.062140708661417
21
-3.9595537401574803
0
LINE
8
BLACK
6
CONTINUOUS
10
6.062140708661417
20
-3.9595537401574803
11
6.0635252362204719
21
-3.9598805118110234
0
LINE
8
BLACK
6
CONTINUOUS
10
6.0635252362204719
20
-3.9598805118110234
11
6.0657574015748033
21
-3.9607607874015747
0
LINE
8
BLACK
6
CONTINUOUS
10
6.0657574015748033
20
-3.9607607874015747
11
6.0657574803149608
21
-3.9607608267716534
0
LINE
8
BLACK
6
CONTINUOUS
10
6.0657574803149608
20
-3.9607608267716534
11
6.0668118503937007
21
-3.9608874015748032
0
LINE
8
BLACK
6
CONTINUOUS
10
6.0668118503937007
20
-3.9608874015748032
11
6.0690933858267719
21
-3.9611614173228347
0
LINE
8
BLACK
6
CONTINUOUS
10
6.0690933858267719
20
-3.9611614173228347
11
6.0690935039370073
21
-3.9611614173228347
0
LINE
8
BLACK
6
CONTINUOUS
10
6.0690935039370073
20
-3.9611614173228347
11
6.0925206692913383
21
-3.9611614173228347
0
LINE
8
BLACK
6
CONTINUOUS
10
6.0925206692913383
20
-3.9611614173228347
11
6.0925207874015745
21
-3.9611614173228347
0
LINE
8
BLACK
6
CONTINUOUS
10
6.0925207874015745
20
-3.9611614173228347
11
6.0958566141732282
21
-3.9607608267716534
0
LINE
8
BLACK
6
CONTINUOUS
10
6.0958566141732282
20
-3.9607608267716534
11
6.1011649606299212
21
-3.9586674803149604
0
LINE
8
BLACK
6
CONTINUOUS
10
6.1011649606299212
20
-3.9586674803149604
11
6.1057116929133857
21
-3.9552195669291339
0
LINE
8
BLACK
6
CONTINUOUS
10
6.1057116929133857
20
-3.9552195669291339
11
6.1091596062992126
21
-3.950672834645669
0
LINE
8
BLACK
6
CONTINUOUS
10
6.1091596062992126
20
-3.950672834645669
11
6.1112529527559056
21
-3.9453644881889764
0
LINE
8
BLACK
6
CONTINUOUS
10
6.1112529527559056
20
-3.9453644881889764
11
6.1116535433070869
21
-3.9420286614173228
0
LINE
8
BLACK
6
CONTINUOUS
10
6.1116535433070869
20
-3.9420286614173228
11
6.1116535433070869
21
-3.9247830708661415
0
LINE
8
BLACK
6
CONTINUOUS
10
6.1116535433070869
20
-3.9247830708661415
11
6.112441023622047
21
-3.9221011417322833
0
LINE
8
BLACK
6
CONTINUOUS
10
6.112441023622047
20
-3.9221011417322833
11
6.1145534645669288
21
-3.920270708661417
0
LINE
8
BLACK
6
CONTINUOUS
10
6.1145534645669288
20
-3.920270708661417
11
6.1166141732283466
21
-3.9198224409448819
0
LINE
8
BLACK
6
CONTINUOUS
10
6.1166141732283466
20
-3.9198224409448819
11
6.1190111023622045
21
-3.9198224409448819
0
LINE
8
BLACK
6
CONTINUOUS
10
6.1190111023622045
20
-3.9198224409448819
11
6.1216930314960631
21
-3.9206099212598424
0
LINE
8
BLACK
6
CONTINUOUS
10
6.1216930314960631
20
-3.9206099212598424
11
6.1225187795275593
21
-3.9212753937007871
0
LINE
8
BLACK
6
CONTINUOUS
10
6.1225187795275593
20
-3.9212753937007871
11
6.1325969291338582
21
-3.9313535433070865
0
LINE
8
BLACK
6
CONTINUOUS
10
6.1325969291338582
20
-3.9313535433070865
11
6.1440061417322838
21
-3.9427627559055116
0
LINE
8
BLACK
6
CONTINUOUS
10
6.1440061417322838
20
-3.9427627559055116
11
6.1440061811023616
21
-3.9427627952755904
0
LINE
8
BLACK
6
CONTINUOUS
10
6.1440061811023616
20
-3.9427627952755904
11
6.1471838188976378
21
-3.9459404330708661
0
LINE
8
BLACK
6
CONTINUOUS
10
6.1471838188976378
20
-3.9459404330708661
11
6.1500044094488189
21
-3.9475688976377952
0
LINE
8
BLACK
6
CONTINUOUS
10
6.1500044094488189
20
-3.9475688976377952
11
6.1510755511811022
21
-3.9481873228346456
0
LINE
8
BLACK
6
CONTINUOUS
10
6.1510755511811022
20
-3.9481873228346456
11
6.155416220472441
21
-3.9493503937007874
0
LINE
8
BLACK
6
CONTINUOUS
10
6.155416220472441
20
-3.9493503937007874
11
6.1554162598425197
21
-3.9493503937007874
0
LINE
8
BLACK
6
CONTINUOUS
10
6.1554162598425197
20
-3.9493503937007874
11
6.1554162992125985
21
-3.9493503937007874
0
LINE
8
BLACK
6
CONTINUOUS
10
6.1554162992125985
20
-3.9493503937007874
11
6.3615381102362205
21
-3.9493503937007874
0
LINE
8
BLACK
6
CONTINUOUS
10
6.3615381102362205
20
-3.9493503937007874
11
6.361538188976378
21
-3.9493503937007874
0
LINE
8
BLACK
6
CONTINUOUS
10
6.361538188976378
20
-3.9493503937007874
11
6.3658788582677168
21
-3.9481873228346456
0
LINE
8
BLACK
6
CONTINUOUS
10
6.3658788582677168
20
-3.9481873228346456
11
6.3669500000000001
21
-3.9475688976377952
0
LINE
8
BLACK
6
CONTINUOUS
10
6.3669500000000001
20
-3.9475688976377952
11
6.3697705905511812
21
-3.9459404330708661
0
LINE
8
BLACK
6
CONTINUOUS
10
6.3697705905511812
20
-3.9459404330708661
11
6.3729482283464565
21
-3.9427627952755904
0
LINE
8
BLACK
6
CONTINUOUS
10
6.3729482283464565
20
-3.9427627952755904
11
6.3733563779527556
21
-3.9423546456692913
0
LINE
8
BLACK
6
CONTINUOUS
10
6.3733563779527556
20
-3.9423546456692913
11
6.3733566535433068
21
-3.9423542519685038
0
LINE
8
BLACK
6
CONTINUOUS
10
6.3733566535433068
20
-3.9423542519685038
11
6.4124175590551182
21
-3.9032933858267715
0
LINE
8
BLACK
6
CONTINUOUS
10
6.4124175590551182
20
-3.9032933858267715
11
6.4148707480314959
21
-3.9019538188976379
0
LINE
8
BLACK
6
CONTINUOUS
10
6.4148707480314959
20
-3.9019538188976379
11
6.4176587795275593
21
-3.9021532283464566
0
LINE
8
BLACK
6
CONTINUOUS
10
6.4176587795275593
20
-3.9021532283464566
11
6.4198963779527558
21
-3.9038283070866142
0
LINE
8
BLACK
6
CONTINUOUS
10
6.4198963779527558
20
-3.9038283070866142
11
6.4208731889763779
21
-3.9064472047244094
0
LINE
8
BLACK
6
CONTINUOUS
10
6.4208731889763779
20
-3.9064472047244094
11
6.4208858267716531
21
-3.9068011023622047
0
LINE
8
BLACK
6
CONTINUOUS
10
6.4208858267716531
20
-3.9068011023622047
11
6.4208858267716531
21
-3.9266956692913384
0
LINE
8
BLACK
6
CONTINUOUS
10
6.4208858267716531
20
-3.9266956692913384
11
6.421003582677165
21
-3.9277106692913386
0
LINE
8
BLACK
6
CONTINUOUS
10
6.421003582677165
20
-3.9277106692913386
11
6.4210036220472437
21
-3.9277108661417324
0
LINE
8
BLACK
6
CONTINUOUS
10
6.4210036220472437
20
-3.9277108661417324
11
6.4228377559055119
21
-3.9318647637795276
0
LINE
8
BLACK
6
CONTINUOUS
10
6.4228377559055119
20
-3.9318647637795276
11
6.4228377952755906
21
-3.9318648425196852
0
LINE
8
BLACK
6
CONTINUOUS
10
6.4228377952755906
20
-3.9318648425196852
11
6.4260485039370074
21
-3.9350755511811024
0
LINE
8
BLACK
6
CONTINUOUS
10
6.4260485039370074
20
-3.9350755511811024
11
6.4260485826771649
21
-3.9350755905511812
0
LINE
8
BLACK
6
CONTINUOUS
10
6.4260485826771649
20
-3.9350755905511812
11
6.4260486220472437
21
-3.9350756299212599
0
LINE
8
BLACK
6
CONTINUOUS
10
6.4260486220472437
20
-3.9350756299212599
11
6.4302025590551182
21
-3.9369097637795276
0
LINE
8
BLACK
6
CONTINUOUS
10
6.4302025590551182
20
-3.9369097637795276
11
6.4312177952755905
21
-3.9370275196850395
0
LINE
8
BLACK
6
CONTINUOUS
10
6.4312177952755905
20
-3.9370275196850395
11
6.4312179133858267
21
-3.9370275590551178
0
LINE
8
BLACK
6
CONTINUOUS
10
6.4312179133858267
20
-3.9370275590551178
11
6.4312179527559055
21
-3.9370275590551178
0
LINE
8
BLACK
6
CONTINUOUS
10
6.4312179527559055
20
-3.9370275590551178
11
6.4385629921259842
21
-3.9370275590551178
0
LINE
8
BLACK
6
CONTINUOUS
10
6.4385629921259842
20
-3.9370275590551178
11
6.4412449212598419
21
-3.9378150393700788
0
LINE
8
BLACK
6
CONTINUOUS
10
6.4412449212598419
20
-3.9378150393700788
11
6.4430753543307082
21
-3.9399274803149607
0
LINE
8
BLACK
6
CONTINUOUS
10
6.4430753543307082
20
-3.9399274803149607
11
6.4435236220472438
21
-3.9419881889763779
0
LINE
8
BLACK
6
CONTINUOUS
10
6.4435236220472438
20
-3.9419881889763779
11
6.4435236220472438
21
-3.9528693700787403
0
LINE
8
BLACK
6
CONTINUOUS
10
6.4435236220472438
20
-3.9528693700787403
11
6.4427361417322837
21
-3.9555512992125985
0
LINE
8
BLACK
6
CONTINUOUS
10
6.4427361417322837
20
-3.9555512992125985
11
6.4415604330708662
21
-3.9568220078740155
0
LINE
8
BLACK
6
CONTINUOUS
10
6.4415604330708662
20
-3.9568220078740155
11
6.4392686220472442
21
-3.9585599606299211
0
LINE
8
BLACK
6
CONTINUOUS
10
6.4392686220472442
20
-3.9585599606299211
11
6.4374505511811027
21
-3.9609574015748032
0
LINE
8
BLACK
6
CONTINUOUS
10
6.4374505511811027
20
-3.9609574015748032
11
6.4352025196850393
21
-3.9626185039370077
0
LINE
8
BLACK
6
CONTINUOUS
10
6.4352025196850393
20
-3.9626185039370077
11
6.4324133070866143
21
-3.9628005905511809
0
LINE
8
BLACK
6
CONTINUOUS
10
6.4324133070866143
20
-3.9628005905511809
11
6.4311925984251967
21
-3.9623523622047245
0
LINE
8
BLACK
6
CONTINUOUS
10
6.4311925984251967
20
-3.9623523622047245
11
6.4288616929133857
21
-3.9611290157480314
0
LINE
8
BLACK
6
CONTINUOUS
10
6.4288616929133857
20
-3.9611290157480314
11
6.4288613779527557
21
-3.9611288582677164
0
LINE
8
BLACK
6
CONTINUOUS
10
6.4288613779527557
20
-3.9611288582677164
11
6.4222846850393696
21
-3.9595078740157481
0
LINE
8
BLACK
6
CONTINUOUS
10
6.4222846850393696
20
-3.9595078740157481
11
6.4222845669291333
21
-3.9595078740157481
0
LINE
8
BLACK
6
CONTINUOUS
10
6.4222845669291333
20
-3.9595078740157481
11
6.4155107086614169
21
-3.9595078740157481
0
LINE
8
BLACK
6
CONTINUOUS
10
6.4155107086614169
20
-3.9595078740157481
11
6.4155105511811019
21
-3.9595078740157481
0
LINE
8
BLACK
6
CONTINUOUS
10
6.4155105511811019
20
-3.9595078740157481
11
6.4089338582677167
21
-3.9611288582677164
0
LINE
8
BLACK
6
CONTINUOUS
10
6.4089338582677167
20
-3.9611288582677164
11
6.4089335433070866
21
-3.9611290157480314
0
LINE
8
BLACK
6
CONTINUOUS
10
6.4089335433070866
20
-3.9611290157480314
11
6.4029359448818894
21
-3.9642767716535432
0
LINE
8
BLACK
6
CONTINUOUS
10
6.4029359448818894
20
-3.9642767716535432
11
6.4029357480314957
21
-3.9642769291338582
0
LINE
8
BLACK
6
CONTINUOUS
10
6.4029357480314957
20
-3.9642769291338582
11
6.397865551181102
21
-3.9687687795275588
0
LINE
8
BLACK
6
CONTINUOUS
10
6.397865551181102
20
-3.9687687795275588
11
6.3940175196850388
21
-3.9743435433070866
0
LINE
8
BLACK
6
CONTINUOUS
10
6.3940175196850388
20
-3.9743435433070866
11
6.3916155118110236
21
-3.9806771653543307
0
LINE
8
BLACK
6
CONTINUOUS
10
6.3916155118110236
20
-3.9806771653543307
11
6.3907990551181104
21
-3.9874014173228347
0
LINE
8
BLACK
6
CONTINUOUS
10
6.3907990551181104
20
-3.9874014173228347
11
6.3907990551181104
21
-3.9874016929133855
0
LINE
8
BLACK
6
CONTINUOUS
10
6.3907990551181104
20
-3.9874016929133855
11
6.3916155118110236
21
-3.9941259448818895
0
LINE
8
BLACK
6
CONTINUOUS
10
6.3916155118110236
20
-3.9941259448818895
11
6.3932797637795273
21
-3.9985141732283465
0
LINE
8
BLACK
6
CONTINUOUS
10
6.3932797637795273
20
-3.9985141732283465
11
6.3940175590551176
21
-4.0004596456692916
0
LINE
8
BLACK
6
CONTINUOUS
10
6.3940175590551176
20
-4.0004596456692916
11
6.397865551181102
21
-4.0060343700787397
0
LINE
8
BLACK
6
CONTINUOUS
10
6.397865551181102
20
-4.0060343700787397
11
6.4029358267716532
21
-4.0105262598425195
0
LINE
8
BLACK
6
CONTINUOUS
10
6.4029358267716532
20
-4.0105262598425195
11
6.4029358661417319
21
-4.0105262598425195
0
LINE
8
BLACK
6
CONTINUOUS
10
6.4029358661417319
20
-4.0105262598425195
11
6.4029359448818894
21
-4.010526338582677
0
LINE
8
BLACK
6
CONTINUOUS
10
6.4029359448818894
20
-4.010526338582677
11
6.4053952755905508
21
-4.0118170866141734
0
LINE
8
BLACK
6
CONTINUOUS
10
6.4053952755905508
20
-4.0118170866141734
11
6.4057587795275586
21
-4.0120078740157483
0
LINE
8
BLACK
6
CONTINUOUS
10
6.4057587795275586
20
-4.0120078740157483
11
6.41126968503937
21
-4.0120078740157483
0
LINE
8
BLACK
6
CONTINUOUS
10
6.41126968503937
20
-4.0120078740157483
11
6.4145654330708659
21
-4.01266342519685
0
LINE
8
BLACK
6
CONTINUOUS
10
6.4145654330708659
20
-4.01266342519685
11
6.4173594488188979
21
-4.0145303149606297
0
LINE
8
BLACK
6
CONTINUOUS
10
6.4173594488188979
20
-4.0145303149606297
11
6.417870590551181
21
-4.0152952755905513
0
LINE
8
BLACK
6
CONTINUOUS
10
6.417870590551181
20
-4.0152952755905513
11
6.4222844488188979
21
-4.0152952755905513
0
LINE
8
BLACK
6
CONTINUOUS
10
6.4222844488188979
20
-4.0152952755905513
11
6.4222845669291333
21
-4.0152952755905513
0
LINE
8
BLACK
6
CONTINUOUS
10
6.4222845669291333
20
-4.0152952755905513
11
6.4288615354330707
21
-4.0136742125984251
0
LINE
8
BLACK
6
CONTINUOUS
10
6.4288615354330707
20
-4.0136742125984251
11
6.4348594488188979
21
-4.0105262598425195
0
LINE
8
BLACK
6
CONTINUOUS
10
6.4348594488188979
20
-4.0105262598425195
11
6.4351594488188972
21
-4.010260433070866
0
LINE
8
BLACK
6
CONTINUOUS
10
6.4351594488188972
20
-4.010260433070866
11
6.4376889370078736
21
-4.0090713385826771
0
LINE
8
BLACK
6
CONTINUOUS
10
6.4376889370078736
20
-4.0090713385826771
11
6.4404598425196848
21
-4.0094385433070867
0
LINE
8
BLACK
6
CONTINUOUS
10
6.4404598425196848
20
-4.0094385433070867
11
6.4414464960629916
21
-4.0100207480314962
0
LINE
8
BLACK
6
CONTINUOUS
10
6.4414464960629916
20
-4.0100207480314962
11
6.4438151968503936
21
-4.0118169685039371
0
LINE
8
BLACK
6
CONTINUOUS
10
6.4438151968503936
20
-4.0118169685039371
11
6.4438153543307086
21
-4.0118170866141734
0
LINE
8
BLACK
6
CONTINUOUS
10
6.4438153543307086
20
-4.0118170866141734
11
6.4488271653543308
21
-4.0137935039370074
0
LINE
8
BLACK
6
CONTINUOUS
10
6.4488271653543308
20
-4.0137935039370074
11
6.4491237007874016
21
-4.0139104330708664
0
LINE
8
BLACK
6
CONTINUOUS
10
6.4491237007874016
20
-4.0139104330708664
11
6.4524595275590553
21
-4.0143110236220467
0
LINE
8
BLACK
6
CONTINUOUS
10
6.4524595275590553
20
-4.0143110236220467
11
6.4524596456692915
21
-4.0143110236220467
0
LINE
8
BLACK
6
CONTINUOUS
10
6.4524596456692915
20
-4.0143110236220467
11
6.4729340551181105
21
-4.0143110236220467
0
LINE
8
BLACK
6
CONTINUOUS
10
6.4729340551181105
20
-4.0143110236220467
11
6.4729341732283467
21
-4.0143110236220467
0
LINE
8
BLACK
6
CONTINUOUS
10
6.4729341732283467
20
-4.0143110236220467
11
6.4762699999999995
21
-4.0139104330708664
0
LINE
8
BLACK
6
CONTINUOUS
10
6.4762699999999995
20
-4.0139104330708664
11
6.4815783464566925
21
-4.0118170866141734
0
LINE
8
BLACK
6
CONTINUOUS
10
6.4815783464566925
20
-4.0118170866141734
11
6.486125078740157
21
-4.0083691732283464
0
LINE
8
BLACK
6
CONTINUOUS
10
6.486125078740157
20
-4.0083691732283464
11
6.4895729921259839
21
-4.0038224409448819
0
LINE
8
BLACK
6
CONTINUOUS
10
6.4895729921259839
20
-4.0038224409448819
11
6.4916663385826769
21
-3.998514094488189
0
LINE
8
BLACK
6
CONTINUOUS
10
6.4916663385826769
20
-3.998514094488189
11
6.4920669291338582
21
-3.9951782677165353
0
LINE
8
BLACK
6
CONTINUOUS
10
6.4920669291338582
20
-3.9951782677165353
11
6.4920669291338582
21
-3.9717508661417322
0
LINE
8
BLACK
6
CONTINUOUS
10
6.4920669291338582
20
-3.9717508661417322
11
6.4916663385826769
21
-3.9684150393700786
0
LINE
8
BLACK
6
CONTINUOUS
10
6.4916663385826769
20
-3.9684150393700786
11
6.4903300787401577
21
-3.9650265748031495
0
LINE
8
BLACK
6
CONTINUOUS
10
6.4903300787401577
20
-3.9650265748031495
11
6.4895729921259839
21
-3.9631066929133856
0
LINE
8
BLACK
6
CONTINUOUS
10
6.4895729921259839
20
-3.9631066929133856
11
6.4895728740157477
21
-3.9631065354330706
0
LINE
8
BLACK
6
CONTINUOUS
10
6.4895728740157477
20
-3.9631065354330706
11
6.486125078740157
21
-3.9585599212598424
0
LINE
8
BLACK
6
CONTINUOUS
10
6.486125078740157
20
-3.9585599212598424
11
6.4815892125984247
21
-3.9551202362204725
0
LINE
8
BLACK
6
CONTINUOUS
10
6.4815892125984247
20
-3.9551202362204725
11
6.4799280708661415
21
-3.9528722440944879
0
LINE
8
BLACK
6
CONTINUOUS
10
6.4799280708661415
20
-3.9528722440944879
11
6.4796259842519683
21
-3.9511675984251968
0
LINE
8
BLACK
6
CONTINUOUS
10
6.4796259842519683
20
-3.9511675984251968
11
6.4796259842519683
21
-3.9419881889763779
0
LINE
8
BLACK
6
CONTINUOUS
10
6.4796259842519683
20
-3.9419881889763779
11
6.4804134645669293
21
-3.9393062598425197
0
LINE
8
BLACK
6
CONTINUOUS
10
6.4804134645669293
20
-3.9393062598425197
11
6.4825259055118112
21
-3.9374758267716534
0
LINE
8
BLACK
6
CONTINUOUS
10
6.4825259055118112
20
-3.9374758267716534
11
6.484586614173228
21
-3.9370275590551178
0
LINE
8
BLACK
6
CONTINUOUS
10
6.484586614173228
20
-3.9370275590551178
11
6.4898026377952753
21
-3.9370275590551178
0
LINE
8
BLACK
6
CONTINUOUS
10
6.4898026377952753
20
-3.9370275590551178
11
6.492484566929134
21
-3.9378150393700788
0
LINE
8
BLACK
6
CONTINUOUS
10
6.492484566929134
20
-3.9378150393700788
11
6.4943150000000003
21
-3.9399274803149607
0
LINE
8
BLACK
6
CONTINUOUS
10
6.4943150000000003
20
-3.9399274803149607
11
6.4944409055118113
21
-3.9402291338582676
0
LINE
8
BLACK
6
CONTINUOUS
10
6.4944409055118113
20
-3.9402291338582676
11
6.4958288188976381
21
-3.9438888582677163
0
LINE
8
BLACK
6
CONTINUOUS
10
6.4958288188976381
20
-3.9438888582677163
11
6.4963797637795277
21
-3.9453415354330708
0
LINE
8
BLACK
6
CONTINUOUS
10
6.4963797637795277
20
-3.9453415354330708
11
6.5002277559055113
21
-3.9509162598425194
0
LINE
8
BLACK
6
CONTINUOUS
10
6.5002277559055113
20
-3.9509162598425194
11
6.5052980314960624
21
-3.9554081496062992
0
LINE
8
BLACK
6
CONTINUOUS
10
6.5052980314960624
20
-3.9554081496062992
11
6.5052980708661412
21
-3.9554081496062992
0
LINE
8
BLACK
6
CONTINUOUS
10
6.5052980708661412
20
-3.9554081496062992
11
6.5052981496062987
21
-3.9554082283464567
0
LINE
8
BLACK
6
CONTINUOUS
10
6.5052981496062987
20
-3.9554082283464567
11
6.5079918897637796
21
-3.9568220078740155
0
LINE
8
BLACK
6
CONTINUOUS
10
6.5079918897637796
20
-3.9568220078740155
11
6.5112959448818897
21
-3.9585561023622047
0
LINE
8
BLACK
6
CONTINUOUS
10
6.5112959448818897
20
-3.9585561023622047
11
6.5112959842519684
21
-3.9585561023622047
0
LINE
8
BLACK
6
CONTINUOUS
10
6.5112959842519684
20
-3.9585561023622047
11
6.5112960629921259
21
-3.9585561417322834
0
LINE
8
BLACK
6
CONTINUOUS
10
6.5112960629921259
20
-3.9585561417322834
11
6.5173498031496058
21
-3.9600482283464564
0
LINE
8
BLACK
6
CONTINUOUS
10
6.5173498031496058
20
-3.9600482283464564
11
6.5178729133858262
21
-3.9601771653543305
0
LINE
8
BLACK
6
CONTINUOUS
10
6.5178729133858262
20
-3.9601771653543305
11
6.5178730314960625
21
-3.9601771653543305
0
LINE
8
BLACK
6
CONTINUOUS
10
6.5178730314960625
20
-3.9601771653543305
11
6.5246466535433072
21
-3.9601771653543305
0
LINE
8
BLACK
6
CONTINUOUS
10
6.5246466535433072
20
-3.9601771653543305
11
6.5246467716535435
21
-3.9601771653543305
0
LINE
8
BLACK
6
CONTINUOUS
10
6.5246467716535435
20
-3.9601771653543305
11
6.5312080708661417
21
-3.9585599606299211
0
LINE
8
BLACK
6
CONTINUOUS
10
6.5312080708661417
20
-3.9585599606299211
11
6.531223582677165
21
-3.9585561417322834
0
LINE
8
BLACK
6
CONTINUOUS
10
6.531223582677165
20
-3.9585561417322834
11
6.531223582677165
21
-3.9585561023622047
0
LINE
8
BLACK
6
CONTINUOUS
10
6.531223582677165
20
-3.9585561023622047
11
6.53122374015748
21
-3.9585561023622047
0
LINE
8
BLACK
6
CONTINUOUS
10
6.53122374015748
20
-3.9585561023622047
11
6.5372216535433072
21
-3.9554081496062992
0
LINE
8
BLACK
6
CONTINUOUS
10
6.5372216535433072
20
-3.9554081496062992
11
6.5422919291338584
21
-3.9509162598425194
0
LINE
8
BLACK
6
CONTINUOUS
10
6.5422919291338584
20
-3.9509162598425194
11
6.5461399212598428
21
-3.9453415354330708
0
LINE
8
BLACK
6
CONTINUOUS
10
6.5461399212598428
20
-3.9453415354330708
11
6.548541929133858
21
-3.9390079133858267
0
LINE
8
BLACK
6
CONTINUOUS
10
6.548541929133858
20
-3.9390079133858267
11
6.54935842519685
21
-3.9322834645669289
0
LINE
8
BLACK
6
CONTINUOUS
10
6.54935842519685
20
-3.9322834645669289
11
6.5490698031496057
21
-3.9299066535433069
0
LINE
8
BLACK
6
CONTINUOUS
10
6.5490698031496057
20
-3.9299066535433069
11
6.5495282283464569
21
-3.9271494488188976
0
LINE
8
BLACK
6
CONTINUOUS
10
6.5495282283464569
20
-3.9271494488188976
11
6.5504864566929131
21
-3.9258011417322836
0
LINE
8
BLACK
6
CONTINUOUS
10
6.5504864566929131
20
-3.9258011417322836
11
6.5549777952755903
21
-3.9213098425196851
0
LINE
8
BLACK
6
CONTINUOUS
10
6.5549777952755903
20
-3.9213098425196851
11
6.5570951181102357
21
-3.9176425196850393
0
LINE
8
BLACK
6
CONTINUOUS
10
6.5570951181102357
20
-3.9176425196850393
11
6.5570995669291339
21
-3.9176257874015747
0
LINE
8
BLACK
6
CONTINUOUS
10
6.5570995669291339
20
-3.9176257874015747
11
6.557107244094488
21
-3.9176131889763779
0
LINE
8
BLACK
6
CONTINUOUS
10
6.557107244094488
20
-3.9176131889763779
11
6.5572196062992125
21
-3.9173420472440945
0
LINE
8
BLACK
6
CONTINUOUS
10
6.5572196062992125
20
-3.9173420472440945
11
6.5572618503937008
21
-3.9173595275590549
0
LINE
8
BLACK
6
CONTINUOUS
10
6.5572618503937008
20
-3.9173595275590549
11
6.5585542519685038
21
-3.915239094488189
0
LINE
8
BLACK
6
CONTINUOUS
10
6.5585542519685038
20
-3.915239094488189
11
6.5610683858267711
21
-3.9140176377952756
0
LINE
8
BLACK
6
CONTINUOUS
10
6.5610683858267711
20
-3.9140176377952756
11
6.5630783464566926
21
-3.9140930314960629
0
LINE
8
BLACK
6
CONTINUOUS
10
6.5630783464566926
20
-3.9140930314960629
11
6.5662809842519687
21
-3.9148824409448819
0
LINE
8
BLACK
6
CONTINUOUS
10
6.5662809842519687
20
-3.9148824409448819
11
6.566281102362205
21
-3.9148824409448819
0
LINE
8
BLACK
6
CONTINUOUS
10
6.566281102362205
20
-3.9148824409448819
11
6.5730547244094488
21
-3.9148824409448819
0
LINE
8
BLACK
6
CONTINUOUS
10
6.5730547244094488
20
-3.9148824409448819
11
6.5730548425196851
21
-3.9148824409448819
0
LINE
8
BLACK
6
CONTINUOUS
10
6.5730548425196851
20
-3.9148824409448819
11
6.5796318110236216
21
-3.9132613779527556
0
LINE
8
BLACK
6
CONTINUOUS
10
6.5796318110236216
20
-3.9132613779527556
11
6.5856297244094488
21
-3.9101134251968501
0
LINE
8
BLACK
6
CONTINUOUS
10
6.5856297244094488
20
-3.9101134251968501
11
6.5907
21
-3.9056215354330708
0
LINE
8
BLACK
6
CONTINUOUS
10
6.5907
20
-3.9056215354330708
11
6.5945479921259844
21
-3.9000468110236222
0
LINE
8
BLACK
6
CONTINUOUS
10
6.5945479921259844
20
-3.9000468110236222
11
6.5969499999999996
21
-3.8937131889763781
0
LINE
8
BLACK
6
CONTINUOUS
10
6.5969499999999996
20
-3.8937131889763781
11
6.5975629527559052
21
-3.8886650787401575
0
LINE
8
BLACK
6
CONTINUOUS
10
6.5975629527559052
20
-3.8886650787401575
11
6.5977664960629916
21
-3.8869888582677166
0
LINE
8
BLACK
6
CONTINUOUS
10
6.5977664960629916
20
-3.8869888582677166
11
6.5977664960629916
21
-3.8869885826771653
0
LINE
8
BLACK
6
CONTINUOUS
10
6.5977664960629916
20
-3.8869885826771653
11
6.5969499999999996
21
-3.8802643307086613
0
LINE
8
BLACK
6
CONTINUOUS
10
6.5969499999999996
20
-3.8802643307086613
11
6.5964377559055114
21
-3.8789135826771655
0
LINE
8
BLACK
6
CONTINUOUS
10
6.5964377559055114
20
-3.8789135826771655
11
6.5945479921259844
21
-3.8739306692913384
0
LINE
8
BLACK
6
CONTINUOUS
10
6.5945479921259844
20
-3.8739306692913384
11
6.5907
21
-3.8683559448818898
0
LINE
8
BLACK
6
CONTINUOUS
10
6.5907
20
-3.8683559448818898
11
6.5874216929133853
21
-3.8654515748031497
0
LINE
8
BLACK
6
CONTINUOUS
10
6.5874216929133853
20
-3.8654515748031497
11
6.5859364566929131
21
-3.8630836614173227
0
LINE
8
BLACK
6
CONTINUOUS
10
6.5859364566929131
20
-3.8630836614173227
11
6.5857505905511813
21
-3.8617385039370076
0
LINE
8
BLACK
6
CONTINUOUS
10
6.5857505905511813
20
-3.8617385039370076
11
6.5857505905511813
21
-3.8576294094488186
0
LINE
8
BLACK
6
CONTINUOUS
10
6.5857505905511813
20
-3.8576294094488186
11
6.5857505905511813
21
-3.8576293307086615
0
LINE
8
BLACK
6
CONTINUOUS
10
6.5857505905511813
20
-3.8576293307086615
11
6.5846545669291334
21
-3.8535389763779526
0
LINE
8
BLACK
6
CONTINUOUS
10
6.5846545669291334
20
-3.8535389763779526
11
6.5841797244094487
21
-3.8527165354330708
0
LINE
8
BLACK
6
CONTINUOUS
10
6.5841797244094487
20
-3.8527165354330708
11
6.5835753149606298
21
-3.8516696062992124
0
LINE
8
BLACK
6
CONTINUOUS
10
6.5835753149606298
20
-3.8516696062992124
11
6.583575275590551
21
-3.8516695669291336
0
LINE
8
BLACK
6
CONTINUOUS
10
6.583575275590551
20
-3.8516695669291336
11
6.5825372834645668
21
-3.8498716535433068
0
LINE
8
BLACK
6
CONTINUOUS
10
6.5825372834645668
20
-3.8498716535433068
11
6.5555096456692912
21
-3.8228440157480312
0
LINE
8
BLACK
6
CONTINUOUS
10
6.5555096456692912
20
-3.8228440157480312
11
6.5518264960629917
21
-3.8222607086614171
0
LINE
8
BLACK
6
CONTINUOUS
10
6.5518264960629917
20
-3.8222607086614171
11
6.5474364566929131
21
-3.8200238582677164
0
LINE
8
BLACK
6
CONTINUOUS
10
6.5474364566929131
20
-3.8200238582677164
11
6.5439524803149602
21
-3.8165398818897636
0
LINE
8
BLACK
6
CONTINUOUS
10
6.5439524803149602
20
-3.8165398818897636
11
6.54171562992126
21
-3.8121498425196849
0
LINE
8
BLACK
6
CONTINUOUS
10
6.54171562992126
20
-3.8121498425196849
11
6.5411322834645667
21
-3.8084666535433072
0
LINE
8
BLACK
6
CONTINUOUS
10
6.5411322834645667
20
-3.8084666535433072
11
6.515110157480315
21
-3.7824445669291338
0
LINE
8
BLACK
6
CONTINUOUS
10
6.515110157480315
20
-3.7824445669291338
11
6.5137706692913389
21
-3.7799914173228344
0
LINE
8
BLACK
6
CONTINUOUS
10
6.5137706692913389
20
-3.7799914173228344
11
6.5139700393700783
21
-3.7772034251968503
0
LINE
8
BLACK
6
CONTINUOUS
10
6.5139700393700783
20
-3.7772034251968503
11
6.5151102362204725
21
-3.7754292913385825
0
LINE
8
BLACK
6
CONTINUOUS
10
6.5151102362204725
20
-3.7754292913385825
11
6.526952755905512
21
-3.7635867322834646
0
LINE
8
BLACK
6
CONTINUOUS
10
6.526952755905512
20
-3.7635867322834646
11
6.5277063385826768
21
-3.7621077952755906
0
LINE
8
BLACK
6
CONTINUOUS
10
6.5277063385826768
20
-3.7621077952755906
11
6.5311903149606296
21
-3.7586238188976377
0
LINE
8
BLACK
6
CONTINUOUS
10
6.5311903149606296
20
-3.7586238188976377
11
6.5326692519685041
21
-3.7578702362204726
0
LINE
8
BLACK
6
CONTINUOUS
10
6.5326692519685041
20
-3.7578702362204726
11
6.5676241338582679
21
-3.7229153937007875
0
LINE
8
BLACK
6
CONTINUOUS
10
6.5676241338582679
20
-3.7229153937007875
11
6.5700773622047244
21
-3.7215757874015747
0
LINE
8
BLACK
6
CONTINUOUS
10
6.5700773622047244
20
-3.7215757874015747
11
6.572865354330709
21
-3.7217751968503938
0
LINE
8
BLACK
6
CONTINUOUS
10
6.572865354330709
20
-3.7217751968503938
11
6.5751029921259843
21
-3.723450275590551
0
LINE
8
BLACK
6
CONTINUOUS
10
6.5751029921259843
20
-3.723450275590551
11
6.5760562598425194
21
-3.7258251181102362
0
LINE
8
BLACK
6
CONTINUOUS
10
6.5760562598425194
20
-3.7258251181102362
11
6.5766125984251964
21
-3.7304070078740157
0
LINE
8
BLACK
6
CONTINUOUS
10
6.5766125984251964
20
-3.7304070078740157
11
6.5790146062992125
21
-3.736740590551181
0
LINE
8
BLACK
6
CONTINUOUS
10
6.5790146062992125
20
-3.736740590551181
11
6.5790146456692913
21
-3.7367406692913385
0
LINE
8
BLACK
6
CONTINUOUS
10
6.5790146456692913
20
-3.7367406692913385
11
6.5828626377952757
21
-3.7423153937007871
0
LINE
8
BLACK
6
CONTINUOUS
10
6.5828626377952757
20
-3.7423153937007871
11
6.5879329133858269
21
-3.7468072834645669
0
LINE
8
BLACK
6
CONTINUOUS
10
6.5879329133858269
20
-3.7468072834645669
11
6.5879329527559056
21
-3.7468072834645669
0
LINE
8
BLACK
6
CONTINUOUS
10
6.5879329527559056
20
-3.7468072834645669
11
6.5879330314960631
21
-3.7468073622047244
0
LINE
8
BLACK
6
CONTINUOUS
10
6.5879330314960631
20
-3.7468073622047244
11
6.5907651181102365
21
-3.7482937401574801
0
LINE
8
BLACK
6
CONTINUOUS
10
6.5907651181102365
20
-3.7482937401574801
11
6.5939308267716532
21
-3.7499552362204724
0
LINE
8
BLACK
6
CONTINUOUS
10
6.5939308267716532
20
-3.7499552362204724
11
6.593930866141732
21
-3.7499552362204724
0
LINE
8
BLACK
6
CONTINUOUS
10
6.593930866141732
20
-3.7499552362204724
11
6.5939309448818895
21
-3.7499552755905512
0
LINE
8
BLACK
6
CONTINUOUS
10
6.5939309448818895
20
-3.7499552755905512
11
6.6001700787401569
21
-3.7514930314960631
0
LINE
8
BLACK
6
CONTINUOUS
10
6.6001700787401569
20
-3.7514930314960631
11
6.6005077952755906
21
-3.7515762992125983
0
LINE
8
BLACK
6
CONTINUOUS
10
6.6005077952755906
20
-3.7515762992125983
11
6.6005079133858269
21
-3.7515762992125983
0
LINE
8
BLACK
6
CONTINUOUS
10
6.6005079133858269
20
-3.7515762992125983
11
6.6026431889763781
21
-3.7515762992125983
0
LINE
8
BLACK
6
CONTINUOUS
10
6.6026431889763781
20
-3.7515762992125983
11
6.6053251181102359
21
-3.7523637795275588
0
LINE
8
BLACK
6
CONTINUOUS
10
6.6053251181102359
20
-3.7523637795275588
11
6.6071555511811022
21
-3.7544762204724407
0
LINE
8
BLACK
6
CONTINUOUS
10
6.6071555511811022
20
-3.7544762204724407
11
6.6075676377952757
21
-3.7571348818897636
0
LINE
8
BLACK
6
CONTINUOUS
10
6.6075676377952757
20
-3.7571348818897636
11
6.6073344881889762
21
-3.759055
0
LINE
8
BLACK
6
CONTINUOUS
10
6.6073344881889762
20
-3.759055
11
6.6073344881889762
21
-3.7590552362204726
0
LINE
8
BLACK
6
CONTINUOUS
10
6.6073344881889762
20
-3.7590552362204726
11
6.6081509448818894
21
-3.7657794881889761
0
LINE
8
BLACK
6
CONTINUOUS
10
6.6081509448818894
20
-3.7657794881889761
11
6.6101380314960627
21
-3.7710189763779525
0
LINE
8
BLACK
6
CONTINUOUS
10
6.6101380314960627
20
-3.7710189763779525
11
6.6105529921259842
21
-3.7721131889763777
0
LINE
8
BLACK
6
CONTINUOUS
10
6.6105529921259842
20
-3.7721131889763777
11
6.6144009842519687
21
-3.7776879133858268
0
LINE
8
BLACK
6
CONTINUOUS
10
6.6144009842519687
20
-3.7776879133858268
11
6.6194712598425198
21
-3.7821798031496061
0
LINE
8
BLACK
6
CONTINUOUS
10
6.6194712598425198
20
-3.7821798031496061
11
6.6194714566929136
21
-3.7821798818897636
0
LINE
8
BLACK
6
CONTINUOUS
10
6.6194714566929136
20
-3.7821798818897636
11
6.6196018110236219
21
-3.7822698818897638
0
LINE
8
BLACK
6
CONTINUOUS
10
6.6196018110236219
20
-3.7822698818897638
11
6.6196752755905512
21
-3.7823605511811023
0
LINE
8
BLACK
6
CONTINUOUS
10
6.6196752755905512
20
-3.7823605511811023
11
6.6196958661417318
21
-3.782378779527559
0
LINE
8
BLACK
6
CONTINUOUS
10
6.6196958661417318
20
-3.782378779527559
11
6.6196928346456687
21
-3.7823821653543308
0
LINE
8
BLACK
6
CONTINUOUS
10
6.6196928346456687
20
-3.7823821653543308
11
6.6213617322834644
21
-3.7844414173228347
0
LINE
8
BLACK
6
CONTINUOUS
10
6.6213617322834644
20
-3.7844414173228347
11
6.6216682677165357
21
-3.78721968503937
0
LINE
8
BLACK
6
CONTINUOUS
10
6.6216682677165357
20
-3.78721968503937
11
6.6204240944881887
21
-3.7897226377952755
0
LINE
8
BLACK
6
CONTINUOUS
10
6.6204240944881887
20
-3.7897226377952755
11
6.6200735826771648
21
-3.7900655511811023
0
LINE
8
BLACK
6
CONTINUOUS
10
6.6200735826771648
20
-3.7900655511811023
11
6.6183379133858269
21
-3.7916032677165354
0
LINE
8
BLACK
6
CONTINUOUS
10
6.6183379133858269
20
-3.7916032677165354
11
6.614489842519685
21
-3.7971780708661416
0
LINE
8
BLACK
6
CONTINUOUS
10
6.614489842519685
20
-3.7971780708661416
11
6.6120878346456688
21
-3.8035116929133856
0
LINE
8
BLACK
6
CONTINUOUS
10
6.6120878346456688
20
-3.8035116929133856
11
6.6112713779527557
21
-3.8102359448818897
0
LINE
8
BLACK
6
CONTINUOUS
10
6.6112713779527557
20
-3.8102359448818897
11
6.6112713779527557
21
-3.8102362204724409
0
LINE
8
BLACK
6
CONTINUOUS
10
6.6112713779527557
20
-3.8102362204724409
11
6.6120878346456688
21
-3.8169604724409449
0
LINE
8
BLACK
6
CONTINUOUS
10
6.6120878346456688
20
-3.8169604724409449
11
6.6143428740157475
21
-3.8229064960629922
0
LINE
8
BLACK
6
CONTINUOUS
10
6.6143428740157475
20
-3.8229064960629922
11
6.6144898818897637
21
-3.8232941732283465
0
LINE
8
BLACK
6
CONTINUOUS
10
6.6144898818897637
20
-3.8232941732283465
11
6.6183378740157481
21
-3.8288688976377951
0
LINE
8
BLACK
6
CONTINUOUS
10
6.6183378740157481
20
-3.8288688976377951
11
6.6234081496062993
21
-3.8333607874015749
0
LINE
8
BLACK
6
CONTINUOUS
10
6.6234081496062993
20
-3.8333607874015749
11
6.6234881889763777
21
-3.8334027952755902
0
LINE
8
BLACK
6
CONTINUOUS
10
6.6234881889763777
20
-3.8334027952755902
11
6.6235358267716533
21
-3.8334488976377954
0
LINE
8
BLACK
6
CONTINUOUS
10
6.6235358267716533
20
-3.8334488976377954
11
6.6236550393700782
21
-3.8335311811023622
0
LINE
8
BLACK
6
CONTINUOUS
10
6.6236550393700782
20
-3.8335311811023622
11
6.6236413385826767
21
-3.8335509842519686
0
LINE
8
BLACK
6
CONTINUOUS
10
6.6236413385826767
20
-3.8335509842519686
11
6.6254970078740154
21
-3.8353463779527557
0
LINE
8
BLACK
6
CONTINUOUS
10
6.6254970078740154
20
-3.8353463779527557
11
6.6261361023622047
21
-3.8380674803149604
0
LINE
8
BLACK
6
CONTINUOUS
10
6.6261361023622047
20
-3.8380674803149604
11
6.6252026377952751
21
-3.8407021259842518
0
LINE
8
BLACK
6
CONTINUOUS
10
6.6252026377952751
20
-3.8407021259842518
11
6.6236481496062991
21
-3.8420490944881891
0
LINE
8
BLACK
6
CONTINUOUS
10
6.6236481496062991
20
-3.8420490944881891
11
6.6236551574803144
21
-3.8420592519685037
0
LINE
8
BLACK
6
CONTINUOUS
10
6.6236551574803144
20
-3.8420592519685037
11
6.6235633858267713
21
-3.842122559055118
0
LINE
8
BLACK
6
CONTINUOUS
10
6.6235633858267713
20
-3.842122559055118
11
6.6234884251968502
21
-3.8421875590551182
0
LINE
8
BLACK
6
CONTINUOUS
10
6.6234884251968502
20
-3.8421875590551182
11
6.6234084251968506
21
-3.8422295275590552
0
LINE
8
BLACK
6
CONTINUOUS
10
6.6234084251968506
20
-3.8422295275590552
11
6.6234081889763781
21
-3.8422296850393698
0
LINE
8
BLACK
6
CONTINUOUS
10
6.6234081889763781
20
-3.8422296850393698
11
6.6183379921259844
21
-3.8467215354330708
0
LINE
8
BLACK
6
CONTINUOUS
10
6.6183379921259844
20
-3.8467215354330708
11
6.6144899606299212
21
-3.8522962992125982
0
LINE
8
BLACK
6
CONTINUOUS
10
6.6144899606299212
20
-3.8522962992125982
11
6.6120879527559051
21
-3.8586299212598423
0
LINE
8
BLACK
6
CONTINUOUS
10
6.6120879527559051
20
-3.8586299212598423
11
6.6112714960629919
21
-3.8653541732283463
0
LINE
8
BLACK
6
CONTINUOUS
10
6.6112714960629919
20
-3.8653541732283463
11
6.6112714960629919
21
-3.8653544488188976
0
LINE
8
BLACK
6
CONTINUOUS
10
6.6112714960629919
20
-3.8653544488188976
11
6.6120879527559051
21
-3.8720787007874016
0
LINE
8
BLACK
6
CONTINUOUS
10
6.6120879527559051
20
-3.8720787007874016
11
6.6141319291338583
21
-3.877468188976378
0
LINE
8
BLACK
6
CONTINUOUS
10
6.6141319291338583
20
-3.877468188976378
11
6.61449
21
-3.8784124015748032
0
LINE
8
BLACK
6
CONTINUOUS
10
6.61449
20
-3.8784124015748032
11
6.6183379921259844
21
-3.8839871259842518
0
LINE
8
BLACK
6
CONTINUOUS
10
6.6183379921259844
20
-3.8839871259842518
11
6.6234082677165356
21
-3.8884790157480316
0
LINE
8
BLACK
6
CONTINUOUS
10
6.6234082677165356
20
-3.8884790157480316
11
6.6234083070866143
21
-3.8884790157480316
0
LINE
8
BLACK
6
CONTINUOUS
10
6.6234083070866143
20
-3.8884790157480316
11
6.6234083858267718
21
-3.8884790944881891
0
LINE
8
BLACK
6
CONTINUOUS
10
6.6234083858267718
20
-3.8884790944881891
11
6.6255708267716535
21
-3.8896140157480312
0
LINE
8
BLACK
6
CONTINUOUS
10
6.6255708267716535
20
-3.8896140157480312
11
6.6294061811023619
21
-3.8916269685039371
0
LINE
8
BLACK
6
CONTINUOUS
10
6.6294061811023619
20
-3.8916269685039371
11
6.6294062204724407
21
-3.8916269685039371
0
LINE
8
BLACK
6
CONTINUOUS
10
6.6294062204724407
20
-3.8916269685039371
11
6.6294062992125982
21
-3.8916270078740158
0
LINE
8
BLACK
6
CONTINUOUS
10
6.6294062992125982
20
-3.8916270078740158
11
6.6322168110236221
21
-3.8923197244094485
0
LINE
8
BLACK
6
CONTINUOUS
10
6.6322168110236221
20
-3.8923197244094485
11
6.6359831496062993
21
-3.8932480314960629
0
LINE
8
BLACK
6
CONTINUOUS
10
6.6359831496062993
20
-3.8932480314960629
11
6.6359832677165356
21
-3.8932480314960629
0
LINE
8
BLACK
6
CONTINUOUS
10
6.6359832677165356
20
-3.8932480314960629
11
6.6427568897637794
21
-3.8932480314960629
0
LINE
8
BLACK
6
CONTINUOUS
10
6.6427568897637794
20
-3.8932480314960629
11
6.6427570078740157
21
-3.8932480314960629
0
LINE
8
BLACK
6
CONTINUOUS
10
6.6427570078740157
20
-3.8932480314960629
11
6.6470214960629921
21
-3.8921969291338581
0
LINE
8
BLACK
6
CONTINUOUS
10
6.6470214960629921
20
-3.8921969291338581
11
6.6498139370078739
21
-3.8923197244094485
0
LINE
8
BLACK
6
CONTINUOUS
10
6.6498139370078739
20
-3.8923197244094485
11
6.6520967322834643
21
-3.8939327165354332
0
LINE
8
BLACK
6
CONTINUOUS
10
6.6520967322834643
20
-3.8939327165354332
11
6.6531450787401569
21
-3.8965238188976379
0
LINE
8
BLACK
6
CONTINUOUS
10
6.6531450787401569
20
-3.8965238188976379
11
6.6531692913385827
21
-3.8970134251968505
0
LINE
8
BLACK
6
CONTINUOUS
10
6.6531692913385827
20
-3.8970134251968505
11
6.6531692913385827
21
-3.9011051181102361
0
LINE
8
BLACK
6
CONTINUOUS
10
6.6531692913385827
20
-3.9011051181102361
11
6.6532870472440946
21
-3.9021201181102363
0
LINE
8
BLACK
6
CONTINUOUS
10
6.6532870472440946
20
-3.9021201181102363
11
6.6532870866141733
21
-3.9021203149606301
0
LINE
8
BLACK
6
CONTINUOUS
10
6.6532870866141733
20
-3.9021203149606301
11
6.6551212204724406
21
-3.9062742125984249
0
LINE
8
BLACK
6
CONTINUOUS
10
6.6551212204724406
20
-3.9062742125984249
11
6.6551212598425193
21
-3.9062742913385824
0
LINE
8
BLACK
6
CONTINUOUS
10
6.6551212598425193
20
-3.9062742913385824
11
6.658331968503937
21
-3.9094850000000001
0
LINE
8
BLACK
6
CONTINUOUS
10
6.658331968503937
20
-3.9094850000000001
11
6.6583320472440946
21
-3.9094850393700789
0
LINE
8
BLACK
6
CONTINUOUS
10
6.6583320472440946
20
-3.9094850393700789
11
6.6583320866141733
21
-3.9094850787401576
0
LINE
8
BLACK
6
CONTINUOUS
10
6.6583320866141733
20
-3.9094850787401576
11
6.6624860236220469
21
-3.9113192125984253
0
LINE
8
BLACK
6
CONTINUOUS
10
6.6624860236220469
20
-3.9113192125984253
11
6.6635012598425192
21
-3.9114369685039367
0
LINE
8
BLACK
6
CONTINUOUS
10
6.6635012598425192
20
-3.9114369685039367
11
6.6635013779527554
21
-3.9114370078740155
0
LINE
8
BLACK
6
CONTINUOUS
10
6.6635013779527554
20
-3.9114370078740155
11
6.6635014173228342
21
-3.9114370078740155
0
LINE
8
BLACK
6
CONTINUOUS
10
6.6635014173228342
20
-3.9114370078740155
11
6.6653149606299209
21
-3.9114370078740155
0
LINE
8
BLACK
6
CONTINUOUS
10
6.6653149606299209
20
-3.9114370078740155
11
6.6653149606299209
21
-3.9071653543307088
0
LINE
8
BLACK
6
CONTINUOUS
10
6.6653149606299209
20
-3.9071653543307088
11
6.7224015748031496
21
-3.9071653543307088
0
LINE
8
BLACK
6
CONTINUOUS
10
6.7224015748031496
20
-3.9071653543307088
11
6.7224015748031496
21
-3.9120061023622048
0
LINE
8
BLACK
6
CONTINUOUS
10
6.7224015748031496
20
-3.9120061023622048
11
6.7231453149606297
21
-3.9122244881889765
0
LINE
8
BLACK
6
CONTINUOUS
10
6.7231453149606297
20
-3.9122244881889765
11
6.7244619685039373
21
-3.9136632283464565
0
LINE
8
BLACK
6
CONTINUOUS
10
6.7244619685039373
20
-3.9136632283464565
11
6.7245557874015747
21
-3.9135985039370076
0
LINE
8
BLACK
6
CONTINUOUS
10
6.7245557874015747
20
-3.9135985039370076
11
6.7247261417322832
21
-3.9138453149606298
0
LINE
8
BLACK
6
CONTINUOUS
10
6.7247261417322832
20
-3.9138453149606298
11
6.7247262204724407
21
-3.9138454724409448
0
LINE
8
BLACK
6
CONTINUOUS
10
6.7247262204724407
20
-3.9138454724409448
11
6.7285742125984251
21
-3.9194201968503934
0
LINE
8
BLACK
6
CONTINUOUS
10
6.7285742125984251
20
-3.9194201968503934
11
6.7316003543307081
21
-3.9221011417322833
0
LINE
8
BLACK
6
CONTINUOUS
10
6.7316003543307081
20
-3.9221011417322833
11
6.7322366929133857
21
-3.9226648818897636
0
LINE
8
BLACK
6
CONTINUOUS
10
6.7322366929133857
20
-3.9226648818897636
11
6.7337219291338579
21
-3.9250327559055118
0
LINE
8
BLACK
6
CONTINUOUS
10
6.7337219291338579
20
-3.9250327559055118
11
6.7336912204724406
21
-3.9278277559055117
0
LINE
8
BLACK
6
CONTINUOUS
10
6.7336912204724406
20
-3.9278277559055117
11
6.7322366929133857
21
-3.930091023622047
0
LINE
8
BLACK
6
CONTINUOUS
10
6.7322366929133857
20
-3.930091023622047
11
6.7285742125984251
21
-3.9333357086614171
0
LINE
8
BLACK
6
CONTINUOUS
10
6.7285742125984251
20
-3.9333357086614171
11
6.7247262204724407
21
-3.9389104330708662
0
LINE
8
BLACK
6
CONTINUOUS
10
6.7247262204724407
20
-3.9389104330708662
11
6.7232592913385822
21
-3.9427783858267715
0
LINE
8
BLACK
6
CONTINUOUS
10
6.7232592913385822
20
-3.9427783858267715
11
6.7215719291338578
21
-3.9450067716535431
0
LINE
8
BLACK
6
CONTINUOUS
10
6.7215719291338578
20
-3.9450067716535431
11
6.718947677165354
21
-3.9459691732283462
0
LINE
8
BLACK
6
CONTINUOUS
10
6.718947677165354
20
-3.9459691732283462
11
6.7166173622047243
21
-3.9455572440944882
0
LINE
8
BLACK
6
CONTINUOUS
10
6.7166173622047243
20
-3.9455572440944882
11
6.7129472047244096
21
-3.9439367322834644
0
LINE
8
BLACK
6
CONTINUOUS
10
6.7129472047244096
20
-3.9439367322834644
11
6.7129468897637796
21
-3.9439366535433069
0
LINE
8
BLACK
6
CONTINUOUS
10
6.7129468897637796
20
-3.9439366535433069
11
6.711931889763779
21
-3.943818897637795
0
LINE
8
BLACK
6
CONTINUOUS
10
6.711931889763779
20
-3.943818897637795
11
6.7119316535433073
21
-3.943818897637795
0
LINE
8
BLACK
6
CONTINUOUS
10
6.7119316535433073
20
-3.943818897637795
11
6.6733045669291338
21
-3.943818897637795
0
LINE
8
BLACK
6
CONTINUOUS
10
6.6733045669291338
20
-3.943818897637795
11
6.6733042913385825
21
-3.943818897637795
0
LINE
8
BLACK
6
CONTINUOUS
10
6.6733042913385825
20
-3.943818897637795
11
6.6722892913385827
21
-3.9439366535433069
0
LINE
8
BLACK
6
CONTINUOUS
10
6.6722892913385827
20
-3.9439366535433069
11
6.672289094488189
21
-3.9439366929133857
0
LINE
8
BLACK
6
CONTINUOUS
10
6.672289094488189
20
-3.9439366929133857
11
6.6681351968503932
21
-3.9457708267716534
0
LINE
8
BLACK
6
CONTINUOUS
10
6.6681351968503932
20
-3.9457708267716534
11
6.6681351181102357
21
-3.9457708661417321
0
LINE
8
BLACK
6
CONTINUOUS
10
6.6681351181102357
20
-3.9457708661417321
11
6.6649244094488189
21
-3.9489815748031494
0
LINE
8
BLACK
6
CONTINUOUS
10
6.6649244094488189
20
-3.9489815748031494
11
6.6649243700787402
21
-3.9489816535433069
0
LINE
8
BLACK
6
CONTINUOUS
10
6.6649243700787402
20
-3.9489816535433069
11
6.663090236220472
21
-3.9531355511811022
0
LINE
8
BLACK
6
CONTINUOUS
10
6.663090236220472
20
-3.9531355511811022
11
6.6630901968503933
21
-3.9531357480314959
0
LINE
8
BLACK
6
CONTINUOUS
10
6.6630901968503933
20
-3.9531357480314959
11
6.6629724409448814
21
-3.9541507480314961
0
LINE
8
BLACK
6
CONTINUOUS
10
6.6629724409448814
20
-3.9541507480314961
11
6.6629724409448814
21
-4.0127783464566926
0
LINE
8
BLACK
6
CONTINUOUS
10
6.6629724409448814
20
-4.0127783464566926
11
6.6630901968503933
21
-4.0137933464566924
0
LINE
8
BLACK
6
CONTINUOUS
10
6.6630901968503933
20
-4.0137933464566924
11
6.663090236220472
21
-4.0137935433070862
0
LINE
8
BLACK
6
CONTINUOUS
10
6.663090236220472
20
-4.0137935433070862
11
6.6649243307086614
21
-4.0179474015748031
0
LINE
8
BLACK
6
CONTINUOUS
10
6.6649243307086614
20
-4.0179474015748031
11
6.6649243700787402
21
-4.0179474409448819
0
LINE
8
BLACK
6
CONTINUOUS
10
6.6649243700787402
20
-4.0179474409448819
11
6.668135236220472
21
-4.0211583070866137
0
LINE
8
BLACK
6
CONTINUOUS
10
6.668135236220472
20
-4.0211583070866137
11
6.6681354330708658
21
-4.0211583858267712
0
LINE
8
BLACK
6
CONTINUOUS
10
6.6681354330708658
20
-4.0211583858267712
11
6.6684727165354332
21
-4.0213894488188977
0
LINE
8
BLACK
6
CONTINUOUS
10
6.6684727165354332
20
-4.0213894488188977
11
6.670240275590551
21
-4.0235547637795275
0
LINE
8
BLACK
6
CONTINUOUS
10
6.670240275590551
20
-4.0235547637795275
11
6.6706299212598426
21
-4.0254819685039367
0
LINE
8
BLACK
6
CONTINUOUS
10
6.6706299212598426
20
-4.0254819685039367
11
6.6706299212598426
21
-4.0299973622047247
0
LINE
8
BLACK
6
CONTINUOUS
10
6.6706299212598426
20
-4.0299973622047247
11
6.6698424409448815
21
-4.0326792913385825
0
LINE
8
BLACK
6
CONTINUOUS
10
6.6698424409448815
20
-4.0326792913385825
11
6.6677299999999997
21
-4.0345097244094488
0
LINE
8
BLACK
6
CONTINUOUS
10
6.6677299999999997
20
-4.0345097244094488
11
6.6649633070866141
21
-4.0349075196850395
0
LINE
8
BLACK
6
CONTINUOUS
10
6.6649633070866141
20
-4.0349075196850395
11
6.6644821653543307
21
-4.0348138582677162
0
LINE
8
BLACK
6
CONTINUOUS
10
6.6644821653543307
20
-4.0348138582677162
11
6.6624421653543306
21
-4.0343110236220472
0
LINE
8
BLACK
6
CONTINUOUS
10
6.6624421653543306
20
-4.0343110236220472
11
6.6624420472440944
21
-4.0343110236220472
0
LINE
8
BLACK
6
CONTINUOUS
10
6.6624420472440944
20
-4.0343110236220472
11
6.655668188976378
21
-4.0343110236220472
0
LINE
8
BLACK
6
CONTINUOUS
10
6.655668188976378
20
-4.0343110236220472
11
6.655668031496063
21
-4.0343110236220472
0
LINE
8
BLACK
6
CONTINUOUS
10
6.655668031496063
20
-4.0343110236220472
11
6.6490913385826769
21
-4.035932007874016
0
LINE
8
BLACK
6
CONTINUOUS
10
6.6490913385826769
20
-4.035932007874016
11
6.6490910236220468
21
-4.035932165354331
0
LINE
8
BLACK
6
CONTINUOUS
10
6.6490910236220468
20
-4.035932165354331
11
6.6430934251968505
21
-4.0390799212598427
0
LINE
8
BLACK
6
CONTINUOUS
10
6.6430934251968505
20
-4.0390799212598427
11
6.6430932283464568
21
-4.0390800787401577
0
LINE
8
BLACK
6
CONTINUOUS
10
6.6430932283464568
20
-4.0390800787401577
11
6.6380230314960631
21
-4.0435719291338579
0
LINE
8
BLACK
6
CONTINUOUS
10
6.6380230314960631
20
-4.0435719291338579
11
6.6341749999999999
21
-4.0491466929133857
0
LINE
8
BLACK
6
CONTINUOUS
10
6.6341749999999999
20
-4.0491466929133857
11
6.6317729921259838
21
-4.0554803149606302
0
LINE
8
BLACK
6
CONTINUOUS
10
6.6317729921259838
20
-4.0554803149606302
11
6.6309565354330706
21
-4.0622045669291333
0
LINE
8
BLACK
6
CONTINUOUS
10
6.6309565354330706
20
-4.0622045669291333
11
6.6309565354330706
21
-4.0622048425196846
0
LINE
8
BLACK
6
CONTINUOUS
10
6.6309565354330706
20
-4.0622048425196846
11
6.6317729921259838
21
-4.0689290944881886
0
LINE
8
BLACK
6
CONTINUOUS
10
6.6317729921259838
20
-4.0689290944881886
11
6.6332157086614174
21
-4.072733188976378
0
LINE
8
BLACK
6
CONTINUOUS
10
6.6332157086614174
20
-4.072733188976378
11
6.6341750393700787
21
-4.0752627952755907
0
LINE
8
BLACK
6
CONTINUOUS
10
6.6341750393700787
20
-4.0752627952755907
11
6.6380230314960631
21
-4.0808375196850397
0
LINE
8
BLACK
6
CONTINUOUS
10
6.6380230314960631
20
-4.0808375196850397
11
6.6430933070866143
21
-4.0853294094488186
0
LINE
8
BLACK
6
CONTINUOUS
10
6.6430933070866143
20
-4.0853294094488186
11
6.643093346456693
21
-4.0853294094488186
0
LINE
8
BLACK
6
CONTINUOUS
10
6.643093346456693
20
-4.0853294094488186
11
6.6430934251968505
21
-4.0853294881889761
0
LINE
8
BLACK
6
CONTINUOUS
10
6.6430934251968505
20
-4.0853294881889761
11
6.6462781496062995
21
-4.0870009448818898
0
LINE
8
BLACK
6
CONTINUOUS
10
6.6462781496062995
20
-4.0870009448818898
11
6.6490912204724406
21
-4.0884773622047241
0
LINE
8
BLACK
6
CONTINUOUS
10
6.6490912204724406
20
-4.0884773622047241
11
6.6490912598425194
21
-4.0884773622047241
0
LINE
8
BLACK
6
CONTINUOUS
10
6.6490912598425194
20
-4.0884773622047241
11
6.6490913385826769
21
-4.0884774015748029
0
LINE
8
BLACK
6
CONTINUOUS
10
6.6490913385826769
20
-4.0884774015748029
11
6.650287598425197
21
-4.0887722440944883
0
LINE
8
BLACK
6
CONTINUOUS
10
6.650287598425197
20
-4.0887722440944883
11
6.655668188976378
21
-4.0900984251968504
0
LINE
8
BLACK
6
CONTINUOUS
10
6.655668188976378
20
-4.0900984251968504
11
6.6556683070866143
21
-4.0900984251968504
0
LINE
8
BLACK
6
CONTINUOUS
10
6.6556683070866143
20
-4.0900984251968504
11
6.6624419291338581
21
-4.0900984251968504
0
LINE
8
BLACK
6
CONTINUOUS
10
6.6624419291338581
20
-4.0900984251968504
11
6.6624420472440944
21
-4.0900984251968504
0
LINE
8
BLACK
6
CONTINUOUS
10
6.6624420472440944
20
-4.0900984251968504
11
6.6683207874015746
21
-4.0886494488188978
0
LINE
8
BLACK
6
CONTINUOUS
10
6.6683207874015746
20
-4.0886494488188978
11
6.671113149606299
21
-4.0887722440944883
0
LINE
8
BLACK
6
CONTINUOUS
10
6.671113149606299
20
-4.0887722440944883
11
6.6733959448818894
21
-4.090385236220472
0
LINE
8
BLACK
6
CONTINUOUS
10
6.6733959448818894
20
-4.090385236220472
11
6.6744442913385829
21
-4.0929763385826767
0
LINE
8
BLACK
6
CONTINUOUS
10
6.6744442913385829
20
-4.0929763385826767
11
6.6744685039370077
21
-4.0934659448818893
0
LINE
8
BLACK
6
CONTINUOUS
10
6.6744685039370077
20
-4.0934659448818893
11
6.6744685039370077
21
-4.0974830708661418
0
LINE
8
BLACK
6
CONTINUOUS
10
6.6744685039370077
20
-4.0974830708661418
11
6.6745862598425196
21
-4.0984980708661416
0
LINE
8
BLACK
6
CONTINUOUS
10
6.6745862598425196
20
-4.0984980708661416
11
6.6745862992125984
21
-4.0984982677165354
0
LINE
8
BLACK
6
CONTINUOUS
10
6.6745862992125984
20
-4.0984982677165354
11
6.6764204330708656
21
-4.1026521653543302
0
LINE
8
BLACK
6
CONTINUOUS
10
6.6764204330708656
20
-4.1026521653543302
11
6.6764204724409444
21
-4.1026522440944877
0
LINE
8
BLACK
6
CONTINUOUS
10
6.6764204724409444
20
-4.1026522440944877
11
6.6796311811023621
21
-4.1058629527559054
0
LINE
8
BLACK
6
CONTINUOUS
10
6.6796311811023621
20
-4.1058629527559054
11
6.6796312598425196
21
-4.1058629921259842
0
LINE
8
BLACK
6
CONTINUOUS
10
6.6796312598425196
20
-4.1058629921259842
11
6.6796312992125983
21
-4.1058630314960629
0
LINE
8
BLACK
6
CONTINUOUS
10
6.6796312992125983
20
-4.1058630314960629
11
6.6837852362204719
21
-4.107697165354331
0
LINE
8
BLACK
6
CONTINUOUS
10
6.6837852362204719
20
-4.107697165354331
11
6.6848004724409451
21
-4.107814921259842
0
LINE
8
BLACK
6
CONTINUOUS
10
6.6848004724409451
20
-4.107814921259842
11
6.6848005905511814
21
-4.1078149606299208
0
LINE
8
BLACK
6
CONTINUOUS
10
6.6848005905511814
20
-4.1078149606299208
11
6.6848006299212601
21
-4.1078149606299208
0
LINE
8
BLACK
6
CONTINUOUS
10
6.6848006299212601
20
-4.1078149606299208
11
6.7396088582677161
21
-4.1078149606299208
0
LINE
8
BLACK
6
CONTINUOUS
10
6.7396088582677161
20
-4.1078149606299208
11
6.7396088976377948
21
-4.107814921259842
0
LINE
8
BLACK
6
CONTINUOUS
10
6.7396088976377948
20
-4.107814921259842
11
6.7406242125984255
21
-4.107697165354331
0
LINE
8
BLACK
6
CONTINUOUS
10
6.7406242125984255
20
-4.107697165354331
11
6.7447781496062991
21
-4.1058630314960629
0
LINE
8
BLACK
6
CONTINUOUS
10
6.7447781496062991
20
-4.1058630314960629
11
6.7479890157480318
21
-4.1026521653543302
0
LINE
8
BLACK
6
CONTINUOUS
10
6.7479890157480318
20
-4.1026521653543302
11
6.749823149606299
21
-4.0984982283464566
0
LINE
8
BLACK
6
CONTINUOUS
10
6.749823149606299
20
-4.0984982283464566
11
6.7499409448818897
21
-4.0974828346456693
0
LINE
8
BLACK
6
CONTINUOUS
10
6.7499409448818897
20
-4.0974828346456693
11
6.7499409448818897
21
-4.057619212598425
0
LINE
8
BLACK
6
CONTINUOUS
10
6.7499409448818897
20
-4.057619212598425
11
6.7507284251968507
21
-4.0549372834645672
0
LINE
8
BLACK
6
CONTINUOUS
10
6.7507284251968507
20
-4.0549372834645672
11
6.7513936614173229
21
-4.0541117322834648
0
LINE
8
BLACK
6
CONTINUOUS
10
6.7513936614173229
20
-4.0541117322834648
11
6.7807431496062991
21
-4.0247622440944877
0
LINE
8
BLACK
6
CONTINUOUS
10
6.7807431496062991
20
-4.0247622440944877
11
6.7831962598425193
21
-4.0234227952755903
0
LINE
8
BLACK
6
CONTINUOUS
10
6.7831962598425193
20
-4.0234227952755903
11
6.7858890944881889
21
-4.0235877952755903
0
LINE
8
BLACK
6
CONTINUOUS
10
6.7858890944881889
20
-4.0235877952755903
11
6.7892459055118106
21
-4.0247623622047239
0
LINE
8
BLACK
6
CONTINUOUS
10
6.7892459055118106
20
-4.0247623622047239
11
6.7899920078740159
21
-4.0250234251968502
0
LINE
8
BLACK
6
CONTINUOUS
10
6.7899920078740159
20
-4.0250234251968502
11
6.7912115748031496
21
-4.0251377952755902
0
LINE
8
BLACK
6
CONTINUOUS
10
6.7912115748031496
20
-4.0251377952755902
11
6.7912116929133859
21
-4.0251377952755902
0
LINE
8
BLACK
6
CONTINUOUS
10
6.7912116929133859
20
-4.0251377952755902
11
6.8506780708661417
21
-4.0251377952755902
0
LINE
8
BLACK
6
CONTINUOUS
10
6.8506780708661417
20
-4.0251377952755902
11
6.8506781889763779
21
-4.0251377952755902
0
LINE
8
BLACK
6
CONTINUOUS
10
6.8506781889763779
20
-4.0251377952755902
11
6.8518977559055116
21
-4.0250234251968502
0
LINE
8
BLACK
6
CONTINUOUS
10
6.8518977559055116
20
-4.0250234251968502
11
6.8570339763779522
21
-4.0232262204724405
0
LINE
8
BLACK
6
CONTINUOUS
10
6.8570339763779522
20
-4.0232262204724405
11
6.8614122440944882
21
-4.0199949212598423
0
LINE
8
BLACK
6
CONTINUOUS
10
6.8614122440944882
20
-4.0199949212598423
11
6.8646435433070865
21
-4.0156166535433071
0
LINE
8
BLACK
6
CONTINUOUS
10
6.8646435433070865
20
-4.0156166535433071
11
6.8664407480314962
21
-4.0104804330708657
0
LINE
8
BLACK
6
CONTINUOUS
10
6.8664407480314962
20
-4.0104804330708657
11
6.8665551181102362
21
-4.0092608661417319
0
LINE
8
BLACK
6
CONTINUOUS
10
6.8665551181102362
20
-4.0092608661417319
11
6.8665551181102362
21
-3.9931013385826772
0
LINE
8
BLACK
6
CONTINUOUS
10
6.8665551181102362
20
-3.9931013385826772
11
6.8664407480314962
21
-3.9918817716535431
0
LINE
8
BLACK
6
CONTINUOUS
10
6.8664407480314962
20
-3.9918817716535431
11
6.8646435433070865
21
-3.9867455511811021
0
LINE
8
BLACK
6
CONTINUOUS
10
6.8646435433070865
20
-3.9867455511811021
11
6.8646435433070865
21
-3.9867455118110233
0
LINE
8
BLACK
6
CONTINUOUS
10
6.8646435433070865
20
-3.9867455118110233
11
6.8614122440944882
21
-3.9823672834645669
0
LINE
8
BLACK
6
CONTINUOUS
10
6.8614122440944882
20
-3.9823672834645669
11
6.8606277559055115
21
-3.9817883070866142
0
LINE
8
BLACK
6
CONTINUOUS
10
6.8606277559055115
20
-3.9817883070866142
11
6.858971653543307
21
-3.9805660629921258
0
LINE
8
BLACK
6
CONTINUOUS
10
6.858971653543307
20
-3.9805660629921258
11
6.857281496062992
21
-3.978339960629921
0
LINE
8
BLACK
6
CONTINUOUS
10
6.857281496062992
20
-3.978339960629921
11
6.8570631102362203
21
-3.9755533464566928
0
LINE
8
BLACK
6
CONTINUOUS
10
6.8570631102362203
20
-3.9755533464566928
11
6.8583859448818894
21
-3.9730910629921259
0
LINE
8
BLACK
6
CONTINUOUS
10
6.8583859448818894
20
-3.9730910629921259
11
6.8589714566929132
21
-3.9725836614173229
0
LINE
8
BLACK
6
CONTINUOUS
10
6.8589714566929132
20
-3.9725836614173229
11
6.8614122440944882
21
-3.9707823228346455
0
LINE
8
BLACK
6
CONTINUOUS
10
6.8614122440944882
20
-3.9707823228346455
11
6.8646435433070865
21
-3.9664040551181103
0
LINE
8
BLACK
6
CONTINUOUS
10
6.8646435433070865
20
-3.9664040551181103
11
6.8664407480314962
21
-3.9612678346456693
0
LINE
8
BLACK
6
CONTINUOUS
10
6.8664407480314962
20
-3.9612678346456693
11
6.8665551181102362
21
-3.9600482677165352
0
LINE
8
BLACK
6
CONTINUOUS
10
6.8665551181102362
20
-3.9600482677165352
11
6.8665551181102362
21
-3.94388874015748
0
LINE
8
BLACK
6
CONTINUOUS
10
6.8665551181102362
20
-3.94388874015748
11
6.8664407480314962
21
-3.9426691732283463
0
LINE
8
BLACK
6
CONTINUOUS
10
6.8664407480314962
20
-3.9426691732283463
11
6.8646435433070865
21
-3.9375329527559053
0
LINE
8
BLACK
6
CONTINUOUS
10
6.8646435433070865
20
-3.9375329527559053
11
6.8646435433070865
21
-3.9375329133858266
0
LINE
8
BLACK
6
CONTINUOUS
10
6.8646435433070865
20
-3.9375329133858266
11
6.8614122440944882
21
-3.9331546850393702
0
LINE
8
BLACK
6
CONTINUOUS
10
6.8614122440944882
20
-3.9331546850393702
11
6.858971653543307
21
-3.931353464566929
0
LINE
8
BLACK
6
CONTINUOUS
10
6.858971653543307
20
-3.931353464566929
11
6.857281496062992
21
-3.9291273622047242
0
LINE
8
BLACK
6
CONTINUOUS
10
6.857281496062992
20
-3.9291273622047242
11
6.8570631102362203
21
-3.926340748031496
0
LINE
8
BLACK
6
CONTINUOUS
10
6.8570631102362203
20
-3.926340748031496
11
6.8583859448818894
21
-3.9238784645669291
0
LINE
8
BLACK
6
CONTINUOUS
10
6.8583859448818894
20
-3.9238784645669291
11
6.8589714566929132
21
-3.9233710629921257
0
LINE
8
BLACK
6
CONTINUOUS
10
6.8589714566929132
20
-3.9233710629921257
11
6.8614122440944882
21
-3.9215697244094487
0
LINE
8
BLACK
6
CONTINUOUS
10
6.8614122440944882
20
-3.9215697244094487
11
6.8646435433070865
21
-3.9171914566929131
0
LINE
8
BLACK
6
CONTINUOUS
10
6.8646435433070865
20
-3.9171914566929131
11
6.8664407480314962
21
-3.9120552362204721
0
LINE
8
BLACK
6
CONTINUOUS
10
6.8664407480314962
20
-3.9120552362204721
11
6.8665551181102362
21
-3.9108356692913384
0
LINE
8
BLACK
6
CONTINUOUS
10
6.8665551181102362
20
-3.9108356692913384
11
6.8665551181102362
21
-3.8946761417322833
0
LINE
8
BLACK
6
CONTINUOUS
10
6.8665551181102362
20
-3.8946761417322833
11
6.8664407480314962
21
-3.8934565748031496
0
LINE
8
BLACK
6
CONTINUOUS
10
6.8664407480314962
20
-3.8934565748031496
11
6.8646435433070865
21
-3.8883203543307086
0
LINE
8
BLACK
6
CONTINUOUS
10
6.8646435433070865
20
-3.8883203543307086
11
6.8646435433070865
21
-3.8883203149606298
0
LINE
8
BLACK
6
CONTINUOUS
10
6.8646435433070865
20
-3.8883203149606298
11
6.8614122440944882
21
-3.883942086614173
0
LINE
8
BLACK
6
CONTINUOUS
10
6.8614122440944882
20
-3.883942086614173
11
6.8606187401574799
21
-3.8833564566929133
0
LINE
8
BLACK
6
CONTINUOUS
10
6.8606187401574799
20
-3.8833564566929133
11
6.858971653543307
21
-3.8821408661417323
0
LINE
8
BLACK
6
CONTINUOUS
10
6.858971653543307
20
-3.8821408661417323
11
6.857281496062992
21
-3.8799147637795275
0
LINE
8
BLACK
6
CONTINUOUS
10
6.857281496062992
20
-3.8799147637795275
11
6.8570631102362203
21
-3.8771281496062993
0
LINE
8
BLACK
6
CONTINUOUS
10
6.8570631102362203
20
-3.8771281496062993
11
6.8583859448818894
21
-3.8746658661417324
0
LINE
8
BLACK
6
CONTINUOUS
10
6.8583859448818894
20
-3.8746658661417324
11
6.8589714566929132
21
-3.8741584645669289
0
LINE
8
BLACK
6
CONTINUOUS
10
6.8589714566929132
20
-3.8741584645669289
11
6.8614122440944882
21
-3.872357125984252
0
LINE
8
BLACK
6
CONTINUOUS
10
6.8614122440944882
20
-3.872357125984252
11
6.8646435433070865
21
-3.8679788582677164
0
LINE
8
BLACK
6
CONTINUOUS
10
6.8646435433070865
20
-3.8679788582677164
11
6.8664407480314962
21
-3.8628426377952754
0
LINE
8
BLACK
6
CONTINUOUS
10
6.8664407480314962
20
-3.8628426377952754
11
6.8665551181102362
21
-3.8616230708661416
0
LINE
8
BLACK
6
CONTINUOUS
10
6.8665551181102362
20
-3.8616230708661416
11
6.8665551181102362
21
-3.8454635433070865
0
LINE
8
BLACK
6
CONTINUOUS
10
6.8665551181102362
20
-3.8454635433070865
11
6.8664407480314962
21
-3.8442439763779528
0
LINE
8
BLACK
6
CONTINUOUS
10
6.8664407480314962
20
-3.8442439763779528
11
6.8651927559055119
21
-3.8406774015748031
0
LINE
8
BLACK
6
CONTINUOUS
10
6.8651927559055119
20
-3.8406774015748031
11
6.8646435433070865
21
-3.8391077559055118
0
LINE
8
BLACK
6
CONTINUOUS
10
6.8646435433070865
20
-3.8391077559055118
11
6.8646435433070865
21
-3.839107716535433
0
LINE
8
BLACK
6
CONTINUOUS
10
6.8646435433070865
20
-3.839107716535433
11
6.8614122440944882
21
-3.8347294881889762
0
LINE
8
BLACK
6
CONTINUOUS
10
6.8614122440944882
20
-3.8347294881889762
11
6.8608612992125986
21
-3.834322874015748
0
LINE
8
BLACK
6
CONTINUOUS
10
6.8608612992125986
20
-3.834322874015748
11
6.858971653543307
21
-3.8329282677165355
0
LINE
8
BLACK
6
CONTINUOUS
10
6.858971653543307
20
-3.8329282677165355
11
6.857281496062992
21
-3.8307021653543307
0
LINE
8
BLACK
6
CONTINUOUS
10
6.857281496062992
20
-3.8307021653543307
11
6.8570631102362203
21
-3.8279155511811025
0
LINE
8
BLACK
6
CONTINUOUS
10
6.8570631102362203
20
-3.8279155511811025
11
6.8583859448818894
21
-3.8254532677165352
0
LINE
8
BLACK
6
CONTINUOUS
10
6.8583859448818894
20
-3.8254532677165352
11
6.8589714566929132
21
-3.8249458661417322
0
LINE
8
BLACK
6
CONTINUOUS
10
6.8589714566929132
20
-3.8249458661417322
11
6.8614122440944882
21
-3.8231445275590552
0
LINE
8
BLACK
6
CONTINUOUS
10
6.8614122440944882
20
-3.8231445275590552
11
6.8646435433070865
21
-3.8187662598425196
0
LINE
8
BLACK
6
CONTINUOUS
10
6.8646435433070865
20
-3.8187662598425196
11
6.8664407480314962
21
-3.8136300393700786
0
LINE
8
BLACK
6
CONTINUOUS
10
6.8664407480314962
20
-3.8136300393700786
11
6.8665551181102362
21
-3.8124104724409449
0
LINE
8
BLACK
6
CONTINUOUS
10
6.8665551181102362
20
-3.8124104724409449
11
6.8665551181102362
21
-3.7962509448818897
0
LINE
8
BLACK
6
CONTINUOUS
10
6.8665551181102362
20
-3.7962509448818897
11
6.8664407480314962
21
-3.795031377952756
0
LINE
8
BLACK
6
CONTINUOUS
10
6.8664407480314962
20
-3.795031377952756
11
6.8646435433070865
21
-3.789895157480315
0
LINE
8
BLACK
6
CONTINUOUS
10
6.8646435433070865
20
-3.789895157480315
11
6.8646435433070865
21
-3.7898951181102363
0
LINE
8
BLACK
6
CONTINUOUS
10
6.8646435433070865
20
-3.7898951181102363
11
6.8614122440944882
21
-3.7855168897637794
0
LINE
8
BLACK
6
CONTINUOUS
10
6.8614122440944882
20
-3.7855168897637794
11
6.861155826771653
21
-3.7853276377952754
0
LINE
8
BLACK
6
CONTINUOUS
10
6.861155826771653
20
-3.7853276377952754
11
6.858971653543307
21
-3.7837156692913383
0
LINE
8
BLACK
6
CONTINUOUS
10
6.858971653543307
20
-3.7837156692913383
11
6.857281496062992
21
-3.781489566929134
0
LINE
8
BLACK
6
CONTINUOUS
10
6.857281496062992
20
-3.781489566929134
11
6.8570631102362203
21
-3.7787029527559053
0
LINE
8
BLACK
6
CONTINUOUS
10
6.8570631102362203
20
-3.7787029527559053
11
6.8583859448818894
21
-3.7762406692913384
0
LINE
8
BLACK
6
CONTINUOUS
10
6.8583859448818894
20
-3.7762406692913384
11
6.8589714566929132
21
-3.7757332677165354
0
LINE
8
BLACK
6
CONTINUOUS
10
6.8589714566929132
20
-3.7757332677165354
11
6.8614122440944882
21
-3.773931929133858
0
LINE
8
BLACK
6
CONTINUOUS
10
6.8614122440944882
20
-3.773931929133858
11
6.8646435433070865
21
-3.7695536614173228
0
LINE
8
BLACK
6
CONTINUOUS
10
6.8646435433070865
20
-3.7695536614173228
11
6.8664407480314962
21
-3.7644174409448818
0
LINE
8
BLACK
6
CONTINUOUS
10
6.8664407480314962
20
-3.7644174409448818
11
6.8665551181102362
21
-3.7631978740157481
0
LINE
8
BLACK
6
CONTINUOUS
10
6.8665551181102362
20
-3.7631978740157481
11
6.8665551181102362
21
-3.747038346456693
0
LINE
8
BLACK
6
CONTINUOUS
10
6.8665551181102362
20
-3.747038346456693
11
6.8664407480314962
21
-3.7458187795275588
0
LINE
8
BLACK
6
CONTINUOUS
10
6.8664407480314962
20
-3.7458187795275588
11
6.866345787401575
21
-3.7455474409448817
0
LINE
8
BLACK
6
CONTINUOUS
10
6.866345787401575
20
-3.7455474409448817
11
6.8646435433070865
21
-3.7406825590551178
0
LINE
8
BLACK
6
CONTINUOUS
10
6.8646435433070865
20
-3.7406825590551178
11
6.8646435433070865
21
-3.7406825196850391
0
LINE
8
BLACK
6
CONTINUOUS
10
6.8646435433070865
20
-3.7406825196850391
11
6.862701496062992
21
-3.738051181102362
0
LINE
8
BLACK
6
CONTINUOUS
10
6.862701496062992
20
-3.738051181102362
11
6.8614122440944882
21
-3.7363042913385827
0
LINE
8
BLACK
6
CONTINUOUS
10
6.8614122440944882
20
-3.7363042913385827
11
6.8576445669291335
21
-3.7335236220472439
0
LINE
8
BLACK
6
CONTINUOUS
10
6.8576445669291335
20
-3.7335236220472439
11
6.8570339370078734
21
-3.7330729527559052
0
LINE
8
BLACK
6
CONTINUOUS
10
6.8570339370078734
20
-3.7330729527559052
11
6.8518979527559054
21
-3.7312758267716535
0
LINE
8
BLACK
6
CONTINUOUS
10
6.8518979527559054
20
-3.7312758267716535
11
6.8518977952755904
21
-3.7312757874015747
0
LINE
8
BLACK
6
CONTINUOUS
10
6.8518977952755904
20
-3.7312757874015747
11
6.8512879527559054
21
-3.7312185826771653
0
LINE
8
BLACK
6
CONTINUOUS
10
6.8512879527559054
20
-3.7312185826771653
11
6.8506781889763779
21
-3.7311614173228347
0
LINE
8
BLACK
6
CONTINUOUS
10
6.8506781889763779
20
-3.7311614173228347
11
6.7912115748031496
21
-3.7311614173228347
0
LINE
8
BLACK
6
CONTINUOUS
10
6.7912115748031496
20
-3.7311614173228347
11
6.7899919291338584
21
-3.7312757874015747
0
LINE
8
BLACK
6
CONTINUOUS
10
6.7899919291338584
20
-3.7312757874015747
11
6.7899917716535434
21
-3.7312758267716535
0
LINE
8
BLACK
6
CONTINUOUS
10
6.7899917716535434
20
-3.7312758267716535
11
6.7848557874015745
21
-3.7330729527559052
0
LINE
8
BLACK
6
CONTINUOUS
10
6.7848557874015745
20
-3.7330729527559052
11
6.7848557480314957
21
-3.7330729527559052
0
LINE
8
BLACK
6
CONTINUOUS
10
6.7848557480314957
20
-3.7330729527559052
11
6.7804775590551181
21
-3.7363042519685039
0
LINE
8
BLACK
6
CONTINUOUS
10
6.7804775590551181
20
-3.7363042519685039
11
6.7802148031496063
21
-3.7365670472440944
0
LINE
8
BLACK
6
CONTINUOUS
10
6.7802148031496063
20
-3.7365670472440944
11
6.7801117322834648
21
-3.7364639763779528
0
LINE
8
BLACK
6
CONTINUOUS
10
6.7801117322834648
20
-3.7364639763779528
11
6.7784503543307082
21
-3.7377260629921261
0
LINE
8
BLACK
6
CONTINUOUS
10
6.7784503543307082
20
-3.7377260629921261
11
6.7766840551181105
21
-3.738051181102362
0
LINE
8
BLACK
6
CONTINUOUS
10
6.7766840551181105
20
-3.738051181102362
11
6.7676968503937003
21
-3.738051181102362
0
LINE
8
BLACK
6
CONTINUOUS
10
6.7676968503937003
20
-3.738051181102362
11
6.7650149212598425
21
-3.7372637007874014
0
LINE
8
BLACK
6
CONTINUOUS
10
6.7650149212598425
20
-3.7372637007874014
11
6.7631844881889762
21
-3.7351512598425196
0
LINE
8
BLACK
6
CONTINUOUS
10
6.7631844881889762
20
-3.7351512598425196
11
6.7627362204724406
21
-3.7330905511811023
0
LINE
8
BLACK
6
CONTINUOUS
10
6.7627362204724406
20
-3.7330905511811023
11
6.7627362204724406
21
-3.6968870078740155
0
LINE
8
BLACK
6
CONTINUOUS
10
6.7627362204724406
20
-3.6968870078740155
11
6.762727992125984
21
-3.6968563779527557
0
LINE
8
BLACK
6
CONTINUOUS
10
6.762727992125984
20
-3.6968563779527557
11
6.7627274803149602
21
-3.6968544488188977
0
LINE
8
BLACK
6
CONTINUOUS
10
6.7627274803149602
20
-3.6968544488188977
11
6.7615731496062992
21
-3.6925462598425196
0
LINE
8
BLACK
6
CONTINUOUS
10
6.7615731496062992
20
-3.6925462598425196
11
6.7614004724409451
21
-3.6922472047244095
0
LINE
8
BLACK
6
CONTINUOUS
10
6.7614004724409451
20
-3.6922472047244095
11
6.7593262598425197
21
-3.6886545275590552
0
LINE
8
BLACK
6
CONTINUOUS
10
6.7593262598425197
20
-3.6886545275590552
11
6.7593261417322834
21
-3.6886544094488189
0
LINE
8
BLACK
6
CONTINUOUS
10
6.7593261417322834
20
-3.6886544094488189
11
6.7593260236220472
21
-3.6886542519685039
0
LINE
8
BLACK
6
CONTINUOUS
10
6.7593260236220472
20
-3.6886542519685039
11
6.7559758267716532
21
-3.68530405511811
0
LINE
8
BLACK
6
CONTINUOUS
10
6.7559758267716532
20
-3.68530405511811
11
6.7559749212598428
21
-3.6853032283464566
0
LINE
8
BLACK
6
CONTINUOUS
10
6.7559749212598428
20
-3.6853032283464566
11
6.7461840551181105
21
-3.6755123622047243
0
LINE
8
BLACK
6
CONTINUOUS
10
6.7461840551181105
20
-3.6755123622047243
11
6.7461835826771654
21
-3.6755118110236218
0
LINE
8
BLACK
6
CONTINUOUS
10
6.7461835826771654
20
-3.6755118110236218
11
6.7427236614173225
21
-3.6720518897637793
0
LINE
8
BLACK
6
CONTINUOUS
10
6.7427236614173225
20
-3.6720518897637793
11
6.742723267716535
21
-3.6720515748031497
0
LINE
8
BLACK
6
CONTINUOUS
10
6.742723267716535
20
-3.6720515748031497
11
6.7388318503937006
21
-3.6698048818897635
0
LINE
8
BLACK
6
CONTINUOUS
10
6.7388318503937006
20
-3.6698048818897635
11
6.7388317716535431
21
-3.6698048425196848
0
LINE
8
BLACK
6
CONTINUOUS
10
6.7388317716535431
20
-3.6698048425196848
11
6.7388316929133856
21
-3.669804803149606
0
LINE
8
BLACK
6
CONTINUOUS
10
6.7388316929133856
20
-3.669804803149606
11
6.7387633858267719
21
-3.6697864960629922
0
LINE
8
BLACK
6
CONTINUOUS
10
6.7387633858267719
20
-3.6697864960629922
11
6.7379812992125983
21
-3.6695768897637793
0
LINE
8
BLACK
6
CONTINUOUS
10
6.7379812992125983
20
-3.6695768897637793
11
6.7379812992125983
21
-3.669576929133858
0
LINE
8
BLACK
6
CONTINUOUS
10
6.7379812992125983
20
-3.669576929133858
11
6.7344910236220468
21
-3.6686417322834646
0
LINE
8
BLACK
6
CONTINUOUS
10
6.7344910236220468
20
-3.6686417322834646
11
6.734490984251968
21
-3.6686417322834646
0
LINE
8
BLACK
6
CONTINUOUS
10
6.734490984251968
20
-3.6686417322834646
11
6.7334242913385829
21
-3.6686417322834646
0
LINE
8
BLACK
6
CONTINUOUS
10
6.7334242913385829
20
-3.6686417322834646
11
6.7307423622047242
21
-3.667854251968504
0
LINE
8
BLACK
6
CONTINUOUS
10
6.7307423622047242
20
-3.667854251968504
11
6.7299166141732281
21
-3.6671887795275588
0
LINE
8
BLACK
6
CONTINUOUS
10
6.7299166141732281
20
-3.6671887795275588
11
6.7293845275590547
21
-3.6666566929133859
0
LINE
8
BLACK
6
CONTINUOUS
10
6.7293845275590547
20
-3.6666566929133859
11
6.7293844488188972
21
-3.6666566535433072
0
LINE
8
BLACK
6
CONTINUOUS
10
6.7293844488188972
20
-3.6666566535433072
11
6.7252305511811024
21
-3.6648225196850395
0
LINE
8
BLACK
6
CONTINUOUS
10
6.7252305511811024
20
-3.6648225196850395
11
6.7252303543307086
21
-3.6648224803149607
0
LINE
8
BLACK
6
CONTINUOUS
10
6.7252303543307086
20
-3.6648224803149607
11
6.7242153543307088
21
-3.6647047244094488
0
LINE
8
BLACK
6
CONTINUOUS
10
6.7242153543307088
20
-3.6647047244094488
11
6.7242151181102363
21
-3.6647047244094488
0
LINE
8
BLACK
6
CONTINUOUS
10
6.7242151181102363
20
-3.6647047244094488
11
6.6635014173228342
21
-3.6647047244094488
0
LINE
8
BLACK
6
CONTINUOUS
10
6.6635014173228342
20
-3.6647047244094488
11
6.6635011417322829
21
-3.6647047244094488
0
LINE
8
BLACK
6
CONTINUOUS
10
6.6635011417322829
20
-3.6647047244094488
11
6.6624861417322832
21
-3.6648224803149607
0
LINE
8
BLACK
6
CONTINUOUS
10
6.6624861417322832
20
-3.6648224803149607
11
6.6624860629921256
21
-3.6648224803149607
0
LINE
8
BLACK
6
CONTINUOUS
10
6.6624860629921256
20
-3.6648224803149607
11
6.6624860236220469
21
-3.6648225196850395
0
LINE
8
BLACK
6
CONTINUOUS
10
6.6624860236220469
20
-3.6648225196850395
11
6.661727992125984
21
-3.6651572047244092
0
LINE
8
BLACK
6
CONTINUOUS
10
6.661727992125984
20
-3.6651572047244092
11
6.6589565748031498
21
-3.6655200393700786
0
LINE
8
BLACK
6
CONTINUOUS
10
6.6589565748031498
20
-3.6655200393700786
11
6.6564288582677165
21
-3.6643269291338583
0
LINE
8
BLACK
6
CONTINUOUS
10
6.6564288582677165
20
-3.6643269291338583
11
6.6549474803149602
21
-3.661956653543307
0
LINE
8
BLACK
6
CONTINUOUS
10
6.6549474803149602
20
-3.661956653543307
11
6.6547637795275589
21
-3.6606192125984252
0
LINE
8
BLACK
6
CONTINUOUS
10
6.6547637795275589
20
-3.6606192125984252
11
6.6547637795275589
21
-3.6523122047244092
0
LINE
8
BLACK
6
CONTINUOUS
10
6.6547637795275589
20
-3.6523122047244092
11
6.6555512598425199
21
-3.649630275590551
0
LINE
8
BLACK
6
CONTINUOUS
10
6.6555512598425199
20
-3.649630275590551
11
6.6567270078740153
21
-3.648359566929134
0
LINE
8
BLACK
6
CONTINUOUS
10
6.6567270078740153
20
-3.648359566929134
11
6.6601408267716531
21
-3.645770748031496
0
LINE
8
BLACK
6
CONTINUOUS
10
6.6601408267716531
20
-3.645770748031496
11
6.6617605118110239
21
-3.6436348818897635
0
LINE
8
BLACK
6
CONTINUOUS
10
6.6617605118110239
20
-3.6436348818897635
11
6.66358874015748
21
-3.6412240157480316
0
LINE
8
BLACK
6
CONTINUOUS
10
6.66358874015748
20
-3.6412240157480316
11
6.6656820866141731
21
-3.6359156692913386
0
LINE
8
BLACK
6
CONTINUOUS
10
6.6656820866141731
20
-3.6359156692913386
11
6.6660826771653543
21
-3.6325798425196849
0
LINE
8
BLACK
6
CONTINUOUS
10
6.6660826771653543
20
-3.6325798425196849
11
6.6660826771653543
21
-3.6091524409448819
0
LINE
8
BLACK
6
CONTINUOUS
10
6.6660826771653543
20
-3.6091524409448819
11
6.6656820866141731
21
-3.6058166141732282
0
LINE
8
BLACK
6
CONTINUOUS
10
6.6656820866141731
20
-3.6058166141732282
11
6.6654797244094484
21
-3.6053035039370078
0
LINE
8
BLACK
6
CONTINUOUS
10
6.6654797244094484
20
-3.6053035039370078
11
6.66358874015748
21
-3.6005082677165352
0
LINE
8
BLACK
6
CONTINUOUS
10
6.66358874015748
20
-3.6005082677165352
11
6.6635886220472438
21
-3.6005081102362202
0
LINE
8
BLACK
6
CONTINUOUS
10
6.6635886220472438
20
-3.6005081102362202
11
6.6601408267716531
21
-3.595961496062992
0
LINE
8
BLACK
6
CONTINUOUS
10
6.6601408267716531
20
-3.595961496062992
11
6.6555942125984249
21
-3.5925137007874013
0
LINE
8
BLACK
6
CONTINUOUS
10
6.6555942125984249
20
-3.5925137007874013
11
6.6555940551181099
21
-3.5925135826771655
0
LINE
8
BLACK
6
CONTINUOUS
10
6.6555940551181099
20
-3.5925135826771655
11
6.6502858267716531
21
-3.5904202755905512
0
LINE
8
BLACK
6
CONTINUOUS
10
6.6502858267716531
20
-3.5904202755905512
11
6.6502855905511806
21
-3.5904202362204725
0
LINE
8
BLACK
6
CONTINUOUS
10
6.6502855905511806
20
-3.5904202362204725
11
6.6469500393700782
21
-3.59001968503937
0
LINE
8
BLACK
6
CONTINUOUS
10
6.6469500393700782
20
-3.59001968503937
11
6.646949921259842
21
-3.59001968503937
0
LINE
8
BLACK
6
CONTINUOUS
10
6.646949921259842
20
-3.59001968503937
11
6.6264752755905514
21
-3.59001968503937
0
LINE
8
BLACK
6
CONTINUOUS
10
6.6264752755905514
20
-3.59001968503937
11
6.6264751181102364
21
-3.59001968503937
0
LINE
8
BLACK
6
CONTINUOUS
10
6.6264751181102364
20
-3.59001968503937
11
6.623139566929134
21
-3.5904202362204725
0
LINE
8
BLACK
6
CONTINUOUS
10
6.623139566929134
20
-3.5904202362204725
11
6.6231393307086615
21
-3.5904202755905512
0
LINE
8
BLACK
6
CONTINUOUS
10
6.6231393307086615
20
-3.5904202755905512
11
6.6178311023622047
21
-3.5925135826771655
0
LINE
8
BLACK
6
CONTINUOUS
10
6.6178311023622047
20
-3.5925135826771655
11
6.6178309448818897
21
-3.5925137007874013
0
LINE
8
BLACK
6
CONTINUOUS
10
6.6178309448818897
20
-3.5925137007874013
11
6.6132843307086615
21
-3.595961496062992
0
LINE
8
BLACK
6
CONTINUOUS
10
6.6132843307086615
20
-3.595961496062992
11
6.6098365354330708
21
-3.6005081102362202
0
LINE
8
BLACK
6
CONTINUOUS
10
6.6098365354330708
20
-3.6005081102362202
11
6.6098364173228346
21
-3.6005082677165352
0
LINE
8
BLACK
6
CONTINUOUS
10
6.6098364173228346
20
-3.6005082677165352
11
6.6077431102362203
21
-3.6058164960629919
0
LINE
8
BLACK
6
CONTINUOUS
10
6.6077431102362203
20
-3.6058164960629919
11
6.6077430708661415
21
-3.6058167322834644
0
LINE
8
BLACK
6
CONTINUOUS
10
6.6077430708661415
20
-3.6058167322834644
11
6.6073425196850391
21
-3.6091522834645668
0
LINE
8
BLACK
6
CONTINUOUS
10
6.6073425196850391
20
-3.6091522834645668
11
6.6073425196850391
21
-3.6325799606299212
0
LINE
8
BLACK
6
CONTINUOUS
10
6.6073425196850391
20
-3.6325799606299212
11
6.6077430708661415
21
-3.6359155118110236
0
LINE
8
BLACK
6
CONTINUOUS
10
6.6077430708661415
20
-3.6359155118110236
11
6.6077431102362203
21
-3.6359157480314961
0
LINE
8
BLACK
6
CONTINUOUS
10
6.6077431102362203
20
-3.6359157480314961
11
6.6098364173228346
21
-3.6412239763779528
0
LINE
8
BLACK
6
CONTINUOUS
10
6.6098364173228346
20
-3.6412239763779528
11
6.6098365354330708
21
-3.6412241338582678
0
LINE
8
BLACK
6
CONTINUOUS
10
6.6098365354330708
20
-3.6412241338582678
11
6.6132843307086615
21
-3.645770748031496
0
LINE
8
BLACK
6
CONTINUOUS
10
6.6132843307086615
20
-3.645770748031496
11
6.6166981889763781
21
-3.648359566929134
0
LINE
8
BLACK
6
CONTINUOUS
10
6.6166981889763781
20
-3.648359566929134
11
6.6183593307086612
21
-3.6506075590551181
0
LINE
8
BLACK
6
CONTINUOUS
10
6.6183593307086612
20
-3.6506075590551181
11
6.6186614173228344
21
-3.6523122047244092
0
LINE
8
BLACK
6
CONTINUOUS
10
6.6186614173228344
20
-3.6523122047244092
11
6.6186614173228344
21
-3.6682995669291336
0
LINE
8
BLACK
6
CONTINUOUS
10
6.6186614173228344
20
-3.6682995669291336
11
6.6178739370078743
21
-3.6709814960629918
0
LINE
8
BLACK
6
CONTINUOUS
10
6.6178739370078743
20
-3.6709814960629918
11
6.6169903543307083
21
-3.6720125984251966
0
LINE
8
BLACK
6
CONTINUOUS
10
6.6169903543307083
20
-3.6720125984251966
11
6.616937204724409
21
-3.6720596850393701
0
LINE
8
BLACK
6
CONTINUOUS
10
6.616937204724409
20
-3.6720596850393701
11
6.6156805118110231
21
-3.6731730314960629
0
LINE
8
BLACK
6
CONTINUOUS
10
6.6156805118110231
20
-3.6731730314960629
11
6.6141932283464566
21
-3.675327716535433
0
LINE
8
BLACK
6
CONTINUOUS
10
6.6141932283464566
20
-3.675327716535433
11
6.6118324803149608
21
-3.6787477952755903
0
LINE
8
BLACK
6
CONTINUOUS
10
6.6118324803149608
20
-3.6787477952755903
11
6.6094304724409447
21
-3.685081377952756
0
LINE
8
BLACK
6
CONTINUOUS
10
6.6094304724409447
20
-3.685081377952756
11
6.608660078740157
21
-3.6914262204724411
0
LINE
8
BLACK
6
CONTINUOUS
10
6.608660078740157
20
-3.6914262204724411
11
6.6075550787401571
21
-3.6939936614173225
0
LINE
8
BLACK
6
CONTINUOUS
10
6.6075550787401571
20
-3.6939936614173225
11
6.6052374015748034
21
-3.6955561023622048
0
LINE
8
BLACK
6
CONTINUOUS
10
6.6052374015748034
20
-3.6955561023622048
11
6.6037356299212595
21
-3.6957888976377951
0
LINE
8
BLACK
6
CONTINUOUS
10
6.6037356299212595
20
-3.6957888976377951
11
6.6005076377952756
21
-3.6957888976377951
0
LINE
8
BLACK
6
CONTINUOUS
10
6.6005076377952756
20
-3.6957888976377951
11
6.5939309448818895
21
-3.6974098818897638
0
LINE
8
BLACK
6
CONTINUOUS
10
6.5939309448818895
20
-3.6974098818897638
11
6.5939306299212594
21
-3.6974100393700788
0
LINE
8
BLACK
6
CONTINUOUS
10
6.5939306299212594
20
-3.6974100393700788
11
6.5879330314960631
21
-3.7005577952755906
0
LINE
8
BLACK
6
CONTINUOUS
10
6.5879330314960631
20
-3.7005577952755906
11
6.5879328346456694
21
-3.7005579527559056
0
LINE
8
BLACK
6
CONTINUOUS
10
6.5879328346456694
20
-3.7005579527559056
11
6.5828625984251969
21
-3.7050498031496062
0
LINE
8
BLACK
6
CONTINUOUS
10
6.5828625984251969
20
-3.7050498031496062
11
6.5828423228346455
21
-3.7050792519685039
0
LINE
8
BLACK
6
CONTINUOUS
10
6.5828423228346455
20
-3.7050792519685039
11
6.5828218503937004
21
-3.7050957874015746
0
LINE
8
BLACK
6
CONTINUOUS
10
6.5828218503937004
20
-3.7050957874015746
11
6.5826635826771653
21
-3.7052744881889761
0
LINE
8
BLACK
6
CONTINUOUS
10
6.5826635826771653
20
-3.7052744881889761
11
6.582633858267716
21
-3.705248149606299
0
LINE
8
BLACK
6
CONTINUOUS
10
6.582633858267716
20
-3.705248149606299
11
6.5806707086614171
21
-3.7068390551181101
0
LINE
8
BLACK
6
CONTINUOUS
10
6.5806707086614171
20
-3.7068390551181101
11
6.577892401574803
21
-3.707145433070866
0
LINE
8
BLACK
6
CONTINUOUS
10
6.577892401574803
20
-3.707145433070866
11
6.5753895275590546
21
-3.7059011023622048
0
LINE
8
BLACK
6
CONTINUOUS
10
6.5753895275590546
20
-3.7059011023622048
11
6.5739566929133852
21
-3.7035011417322834
0
LINE
8
BLACK
6
CONTINUOUS
10
6.5739566929133852
20
-3.7035011417322834
11
6.5737992125984253
21
-3.7022612204724408
0
LINE
8
BLACK
6
CONTINUOUS
10
6.5737992125984253
20
-3.7022612204724408
11
6.5737992125984253
21
-3.6540944488188973
0
LINE
8
BLACK
6
CONTINUOUS
10
6.5737992125984253
20
-3.6540944488188973
11
6.5745866929133854
21
-3.6514125196850391
0
LINE
8
BLACK
6
CONTINUOUS
10
6.5745866929133854
20
-3.6514125196850391
11
6.5766991338582672
21
-3.6495820866141733
0
LINE
8
BLACK
6
CONTINUOUS
10
6.5766991338582672
20
-3.6495820866141733
11
6.5769400393700783
21
-3.64947968503937
0
LINE
8
BLACK
6
CONTINUOUS
10
6.5769400393700783
20
-3.64947968503937
11
6.5776019685039371
21
-3.6492186614173225
0
LINE
8
BLACK
6
CONTINUOUS
10
6.5776019685039371
20
-3.6492186614173225
11
6.5821487007874016
21
-3.645770748031496
0
LINE
8
BLACK
6
CONTINUOUS
10
6.5821487007874016
20
-3.645770748031496
11
6.5855966141732285
21
-3.6412240157480316
0
LINE
8
BLACK
6
CONTINUOUS
10
6.5855966141732285
20
-3.6412240157480316
11
6.5876899606299215
21
-3.6359156692913386
0
LINE
8
BLACK
6
CONTINUOUS
10
6.5876899606299215
20
-3.6359156692913386
11
6.5880905511811019
21
-3.6325798425196849
0
LINE
8
BLACK
6
CONTINUOUS
10
6.5880905511811019
20
-3.6325798425196849
11
6.5880905511811019
21
-3.6091524409448819
0
LINE
8
BLACK
6
CONTINUOUS
10
6.5880905511811019
20
-3.6091524409448819
11
6.5876899606299215
21
-3.6058166141732282
0
LINE
8
BLACK
6
CONTINUOUS
10
6.5876899606299215
20
-3.6058166141732282
11
6.5874875984251968
21
-3.6053035039370078
0
LINE
8
BLACK
6
CONTINUOUS
10
6.5874875984251968
20
-3.6053035039370078
11
6.5855966141732285
21
-3.6005082677165352
0
LINE
8
BLACK
6
CONTINUOUS
10
6.5855966141732285
20
-3.6005082677165352
11
6.5855964960629922
21
-3.6005081102362202
0
LINE
8
BLACK
6
CONTINUOUS
10
6.5855964960629922
20
-3.6005081102362202
11
6.5821487007874016
21
-3.595961496062992
0
LINE
8
BLACK
6
CONTINUOUS
10
6.5821487007874016
20
-3.595961496062992
11
6.5776020866141733
21
-3.5925137007874013
0
LINE
8
BLACK
6
CONTINUOUS
10
6.5776020866141733
20
-3.5925137007874013
11
6.5776019291338583
21
-3.5925135826771655
0
LINE
8
BLACK
6
CONTINUOUS
10
6.5776019291338583
20
-3.5925135826771655
11
6.5722937007874016
21
-3.5904202755905512
0
LINE
8
BLACK
6
CONTINUOUS
10
6.5722937007874016
20
-3.5904202755905512
11
6.5722934645669291
21
-3.5904202362204725
0
LINE
8
BLACK
6
CONTINUOUS
10
6.5722934645669291
20
-3.5904202362204725
11
6.5689579133858267
21
-3.59001968503937
0
LINE
8
BLACK
6
CONTINUOUS
10
6.5689579133858267
20
-3.59001968503937
11
6.5689577952755904
21
-3.59001968503937
0
LINE
8
BLACK
6
CONTINUOUS
10
6.5689577952755904
20
-3.59001968503937
11
6.548483149606299
21
-3.59001968503937
0
LINE
8
BLACK
6
CONTINUOUS
10
6.548483149606299
20
-3.59001968503937
11
6.5484829921259839
21
-3.59001968503937
0
LINE
8
BLACK
6
CONTINUOUS
10
6.5484829921259839
20
-3.59001968503937
11
6.5451474409448815
21
-3.5904202362204725
0
LINE
8
BLACK
6
CONTINUOUS
10
6.5451474409448815
20
-3.5904202362204725
11
6.545147204724409
21
-3.5904202755905512
0
LINE
8
BLACK
6
CONTINUOUS
10
6.545147204724409
20
-3.5904202755905512
11
6.5398389763779523
21
-3.5925135826771655
0
LINE
8
BLACK
6
CONTINUOUS
10
6.5398389763779523
20
-3.5925135826771655
11
6.5398388188976373
21
-3.5925137007874013
0
LINE
8
BLACK
6
CONTINUOUS
10
6.5398388188976373
20
-3.5925137007874013
11
6.5352922047244091
21
-3.595961496062992
0
LINE
8
BLACK
6
CONTINUOUS
10
6.5352922047244091
20
-3.595961496062992
11
6.5316691732283463
21
-3.600739212598425
0
LINE
8
BLACK
6
CONTINUOUS
10
6.5316691732283463
20
-3.600739212598425
11
6.5294211811023617
21
-3.6024003543307086
0
LINE
8
BLACK
6
CONTINUOUS
10
6.5294211811023617
20
-3.6024003543307086
11
6.5266319685039367
21
-3.6025824409448819
0
LINE
8
BLACK
6
CONTINUOUS
10
6.5266319685039367
20
-3.6025824409448819
11
6.5241871259842519
21
-3.6012276377952754
0
LINE
8
BLACK
6
CONTINUOUS
10
6.5241871259842519
20
-3.6012276377952754
11
6.523763897637795
21
-3.600739212598425
0
LINE
8
BLACK
6
CONTINUOUS
10
6.523763897637795
20
-3.600739212598425
11
6.5201408267716534
21
-3.595961496062992
0
LINE
8
BLACK
6
CONTINUOUS
10
6.5201408267716534
20
-3.595961496062992
11
6.5155942125984252
21
-3.5925137007874013
0
LINE
8
BLACK
6
CONTINUOUS
10
6.5155942125984252
20
-3.5925137007874013
11
6.5155940551181102
21
-3.5925135826771655
0
LINE
8
BLACK
6
CONTINUOUS
10
6.5155940551181102
20
-3.5925135826771655
11
6.5102858267716535
21
-3.5904202755905512
0
LINE
8
BLACK
6
CONTINUOUS
10
6.5102858267716535
20
-3.5904202755905512
11
6.5102855905511809
21
-3.5904202362204725
0
LINE
8
BLACK
6
CONTINUOUS
10
6.5102855905511809
20
-3.5904202362204725
11
6.5069500393700785
21
-3.59001968503937
0
LINE
8
BLACK
6
CONTINUOUS
10
6.5069500393700785
20
-3.59001968503937
11
6.5069499212598423
21
-3.59001968503937
0
LINE
8
BLACK
6
CONTINUOUS
10
6.5069499212598423
20
-3.59001968503937
11
6.4864752755905508
21
-3.59001968503937
0
LINE
8
BLACK
6
CONTINUOUS
10
6.4864752755905508
20
-3.59001968503937
11
6.4864751181102358
21
-3.59001968503937
0
LINE
8
BLACK
6
CONTINUOUS
10
6.4864751181102358
20
-3.59001968503937
11
6.4831395669291334
21
-3.5904202362204725
0
LINE
8
BLACK
6
CONTINUOUS
10
5.6882480314960633
20
-4.0010263779527557
11
5.6883657874015743
21
-4.0020413779527555
0
LINE
8
BLACK
6
CONTINUOUS
10
5.6883657874015743
20
-4.0020413779527555
11
5.688365826771653
21
-4.0020415748031493
0
LINE
8
BLACK
6
CONTINUOUS
10
5.688365826771653
20
-4.0020415748031493
11
5.6901999606299212
21
-4.006195472440945
0
LINE
8
BLACK
6
CONTINUOUS
10
5.6901999606299212
20
-4.006195472440945
11
5.6901999999999999
21
-4.0061955511811025
0
LINE
8
BLACK
6
CONTINUOUS
10
5.6901999999999999
20
-4.0061955511811025
11
5.6934107086614176
21
-4.0094062598425193
0
LINE
8
BLACK
6
CONTINUOUS
10
5.6934107086614176
20
-4.0094062598425193
11
5.6934107874015742
21
-4.0094062992125981
0
LINE
8
BLACK
6
CONTINUOUS
10
5.6934107874015742
20
-4.0094062992125981
11
5.693410826771653
21
-4.0094063385826768
0
LINE
8
BLACK
6
CONTINUOUS
10
5.693410826771653
20
-4.0094063385826768
11
5.6975647637795275
21
-4.0112404724409449
0
LINE
8
BLACK
6
CONTINUOUS
10
5.6975647637795275
20
-4.0112404724409449
11
5.6985799999999998
21
-4.0113582283464568
0
LINE
8
BLACK
6
CONTINUOUS
10
5.6985799999999998
20
-4.0113582283464568
11
5.698580118110236
21
-4.0113582677165356
0
LINE
8
BLACK
6
CONTINUOUS
10
5.698580118110236
20
-4.0113582677165356
11
5.6985801574803148
21
-4.0113582677165356
0
LINE
8
BLACK
6
CONTINUOUS
10
5.6985801574803148
20
-4.0113582677165356
11
5.7218923228346457
21
-4.0113582677165356
0
LINE
8
BLACK
6
CONTINUOUS
10
5.7218923228346457
20
-4.0113582677165356
11
5.7218923622047244
21
-4.0113582283464568
0
LINE
8
BLACK
6
CONTINUOUS
10
5.7218923622047244
20
-4.0113582283464568
11
5.7229076771653542
21
-4.0112404724409449
0
LINE
8
BLACK
6
CONTINUOUS
10
5.7229076771653542
20
-4.0112404724409449
11
5.7270616141732278
21
-4.0094063385826768
0
LINE
8
BLACK
6
CONTINUOUS
10
5.7270616141732278
20
-4.0094063385826768
11
5.7270617716535428
21
-4.009406141732283
0
LINE
8
BLACK
6
CONTINUOUS
10
5.7270617716535428
20
-4.009406141732283
11
5.7271176377952751
21
-4.0093679133858267
0
LINE
8
BLACK
6
CONTINUOUS
10
5.7271176377952751
20
-4.0093679133858267
11
5.7272359842519682
21
-4.0093293307086615
0
LINE
8
BLACK
6
CONTINUOUS
10
5.7272359842519682
20
-4.0093293307086615
11
5.7274821259842517
21
-4.0092206692913388
0
LINE
8
BLACK
6
CONTINUOUS
10
5.7274821259842517
20
-4.0092206692913388
11
5.7274931102362201
21
-4.0092455511811025
0
LINE
8
BLACK
6
CONTINUOUS
10
5.7274931102362201
20
-4.0092455511811025
11
5.7297752362204726
21
-4.0085018503937011
0
LINE
8
BLACK
6
CONTINUOUS
10
5.7297752362204726
20
-4.0085018503937011
11
5.732479173228346
21
-4.0092100393700782
0
LINE
8
BLACK
6
CONTINUOUS
10
5.732479173228346
20
-4.0092100393700782
11
5.732724881889764
21
-4.0093679133858267
0
LINE
8
BLACK
6
CONTINUOUS
10
5.732724881889764
20
-4.0093679133858267
11
5.732780787401575
21
-4.0094062204724406
0
LINE
8
BLACK
6
CONTINUOUS
10
5.732780787401575
20
-4.0094062204724406
11
5.7327809055118113
21
-4.0094063385826768
0
LINE
8
BLACK
6
CONTINUOUS
10
5.7327809055118113
20
-4.0094063385826768
11
5.7327810236220476
21
-4.0094063779527556
0
LINE
8
BLACK
6
CONTINUOUS
10
5.7327810236220476
20
-4.0094063779527556
11
5.7327810629921254
21
-4.0094064173228343
0
LINE
8
BLACK
6
CONTINUOUS
10
5.7327810629921254
20
-4.0094064173228343
11
5.7341724015748028
21
-4.0100207480314962
0
LINE
8
BLACK
6
CONTINUOUS
10
5.7341724015748028
20
-4.0100207480314962
11
5.7369348425196849
21
-4.0112404724409449
0
LINE
8
BLACK
6
CONTINUOUS
10
5.7369348425196849
20
-4.0112404724409449
11
5.7379500787401572
21
-4.0113582283464568
0
LINE
8
BLACK
6
CONTINUOUS
10
5.7379500787401572
20
-4.0113582283464568
11
5.7379501968503934
21
-4.0113582677165356
0
LINE
8
BLACK
6
CONTINUOUS
10
5.7379501968503934
20
-4.0113582677165356
11
5.7379502362204722
21
-4.0113582677165356
0
LINE
8
BLACK
6
CONTINUOUS
10
5.7379502362204722
20
-4.0113582677165356
11
5.7612624015748031
21
-4.0113582677165356
0
LINE
8
BLACK
6
CONTINUOUS
10
5.7612624015748031
20
-4.0113582677165356
11
5.7612624409448818
21
-4.0113582283464568
0
LINE
8
BLACK
6
CONTINUOUS
10
5.7612624409448818
20
-4.0113582283464568
11
5.7622777559055116
21
-4.0112404724409449
0
LINE
8
BLACK
6
CONTINUOUS
10
5.7622777559055116
20
-4.0112404724409449
11
5.7664316929133861
21
-4.0094063385826768
0
LINE
8
BLACK
6
CONTINUOUS
10
5.7664316929133861
20
-4.0094063385826768
11
5.7664318503937011
21
-4.009406141732283
0
LINE
8
BLACK
6
CONTINUOUS
10
5.7664318503937011
20
-4.009406141732283
11
5.7664877165354333
21
-4.0093679133858267
0
LINE
8
BLACK
6
CONTINUOUS
10
5.7664877165354333
20
-4.0093679133858267
11
5.7666060629921256
21
-4.0093293307086615
0
LINE
8
BLACK
6
CONTINUOUS
10
5.7666060629921256
20
-4.0093293307086615
11
5.7668522047244091
21
-4.0092206692913388
0
LINE
8
BLACK
6
CONTINUOUS
10
5.7668522047244091
20
-4.0092206692913388
11
5.7668631889763775
21
-4.0092455511811025
0
LINE
8
BLACK
6
CONTINUOUS
10
5.7668631889763775
20
-4.0092455511811025
11
5.76914531496063
21
-4.0085018503937011
0
LINE
8
BLACK
6
CONTINUOUS
10
5.76914531496063
20
-4.0085018503937011
11
5.7718492519685034
21
-4.0092100393700782
0
LINE
8
BLACK
6
CONTINUOUS
10
5.7718492519685034
20
-4.0092100393700782
11
5.7720949606299214
21
-4.0093679133858267
0
LINE
8
BLACK
6
CONTINUOUS
10
5.7720949606299214
20
-4.0093679133858267
11
5.7721508661417325
21
-4.0094062204724406
0
LINE
8
BLACK
6
CONTINUOUS
10
5.7721508661417325
20
-4.0094062204724406
11
5.7721509842519687
21
-4.0094063385826768
0
LINE
8
BLACK
6
CONTINUOUS
10
5.7721509842519687
20
-4.0094063385826768
11
5.772151102362205
21
-4.0094063779527556
0
LINE
8
BLACK
6
CONTINUOUS
10
5.772151102362205
20
-4.0094063779527556
11
5.7721511417322837
21
-4.0094064173228343
0
LINE
8
BLACK
6
CONTINUOUS
10
5.7721511417322837
20
-4.0094064173228343
11
5.7735424803149602
21
-4.0100207480314962
0
LINE
8
BLACK
6
CONTINUOUS
10
5.7735424803149602
20
-4.0100207480314962
11
5.7763049212598423
21
-4.0112404724409449
0
LINE
8
BLACK
6
CONTINUOUS
10
5.7763049212598423
20
-4.0112404724409449
11
5.7773201574803146
21
-4.0113582283464568
0
LINE
8
BLACK
6
CONTINUOUS
10
5.7773201574803146
20
-4.0113582283464568
11
5.7773202755905508
21
-4.0113582677165356
0
LINE
8
BLACK
6
CONTINUOUS
10
5.7773202755905508
20
-4.0113582677165356
11
5.7773203149606296
21
-4.0113582677165356
0
LINE
8
BLACK
6
CONTINUOUS
10
5.7773203149606296
20
-4.0113582677165356
11
5.8006324803149605
21
-4.0113582677165356
0
LINE
8
BLACK
6
CONTINUOUS
10
5.8006324803149605
20
-4.0113582677165356
11
5.8006325196850392
21
-4.0113582283464568
0
LINE
8
BLACK
6
CONTINUOUS
10
5.8006325196850392
20
-4.0113582283464568
11
5.801647834645669
21
-4.0112404724409449
0
LINE
8
BLACK
6
CONTINUOUS
10
5.801647834645669
20
-4.0112404724409449
11
5.8058017716535435
21
-4.0094063385826768
0
LINE
8
BLACK
6
CONTINUOUS
10
5.8058017716535435
20
-4.0094063385826768
11
5.8058019291338585
21
-4.009406141732283
0
LINE
8
BLACK
6
CONTINUOUS
10
5.8058019291338585
20
-4.009406141732283
11
5.8058577952755908
21
-4.0093679133858267
0
LINE
8
BLACK
6
CONTINUOUS
10
5.8058577952755908
20
-4.0093679133858267
11
5.805976141732283
21
-4.0093293307086615
0
LINE
8
BLACK
6
CONTINUOUS
10
5.805976141732283
20
-4.0093293307086615
11
5.8062222834645665
21
-4.0092206692913388
0
LINE
8
BLACK
6
CONTINUOUS
10
5.8062222834645665
20
-4.0092206692913388
11
5.8062332677165349
21
-4.0092455511811025
0
LINE
8
BLACK
6
CONTINUOUS
10
5.8062332677165349
20
-4.0092455511811025
11
5.8085153937007874
21
-4.0085018503937011
0
LINE
8
BLACK
6
CONTINUOUS
10
5.8085153937007874
20
-4.0085018503937011
11
5.8112193307086617
21
-4.0092100393700782
0
LINE
8
BLACK
6
CONTINUOUS
10
5.8112193307086617
20
-4.0092100393700782
11
5.8114650393700789
21
-4.0093679133858267
0
LINE
8
BLACK
6
CONTINUOUS
10
5.8114650393700789
20
-4.0093679133858267
11
5.8115209448818899
21
-4.0094062204724406
0
LINE
8
BLACK
6
CONTINUOUS
10
5.8115209448818899
20
-4.0094062204724406
11
5.8115210629921261
21
-4.0094063385826768
0
LINE
8
BLACK
6
CONTINUOUS
10
5.8115210629921261
20
-4.0094063385826768
11
5.8115211811023624
21
-4.0094063779527556
0
LINE
8
BLACK
6
CONTINUOUS
10
5.8115211811023624
20
-4.0094063779527556
11
5.8115212204724411
21
-4.0094064173228343
0
LINE
8
BLACK
6
CONTINUOUS
10
5.8115212204724411
20
-4.0094064173228343
11
5.8129125590551176
21
-4.0100207480314962
0
LINE
8
BLACK
6
CONTINUOUS
10
5.8129125590551176
20
-4.0100207480314962
11
5.8156749999999997
21
-4.0112404724409449
0
LINE
8
BLACK
6
CONTINUOUS
10
5.8156749999999997
20
-4.0112404724409449
11
5.816690236220472
21
-4.0113582283464568
0
LINE
8
BLACK
6
CONTINUOUS
10
5.816690236220472
20
-4.0113582283464568
11
5.8166903543307082
21
-4.0113582677165356
0
LINE
8
BLACK
6
CONTINUOUS
10
5.8166903543307082
20
-4.0113582677165356
11
5.816690393700787
21
-4.0113582677165356
0
LINE
8
BLACK
6
CONTINUOUS
10
5.816690393700787
20
-4.0113582677165356
11
5.8400025590551179
21
-4.0113582677165356
0
LINE
8
BLACK
6
CONTINUOUS
10
5.8400025590551179
20
-4.0113582677165356
11
5.8400025984251966
21
-4.0113582283464568
0
LINE
8
BLACK
6
CONTINUOUS
10
5.8400025984251966
20
-4.0113582283464568
11
5.8410179133858264
21
-4.0112404724409449
0
LINE
8
BLACK
6
CONTINUOUS
10
5.8410179133858264
20
-4.0112404724409449
11
5.8451718503937009
21
-4.0094063385826768
0
LINE
8
BLACK
6
CONTINUOUS
10
5.8451718503937009
20
-4.0094063385826768
11
5.8451720078740159
21
-4.009406141732283
0
LINE
8
BLACK
6
CONTINUOUS
10
5.8451720078740159
20
-4.009406141732283
11
5.8452278740157482
21
-4.0093679133858267
0
LINE
8
BLACK
6
CONTINUOUS
10
5.8452278740157482
20
-4.0093679133858267
11
5.8453462204724405
21
-4.0093293307086615
0
LINE
8
BLACK
6
CONTINUOUS
10
5.8453462204724405
20
-4.0093293307086615
11
5.8455923622047239
21
-4.0092206692913388
0
LINE
8
BLACK
6
CONTINUOUS
10
5.8455923622047239
20
-4.0092206692913388
11
5.8456033464566932
21
-4.0092455511811025
0
LINE
8
BLACK
6
CONTINUOUS
10
5.8456033464566932
20
-4.0092455511811025
11
5.8478854724409448
21
-4.0085018503937011
0
LINE
8
BLACK
6
CONTINUOUS
10
5.8478854724409448
20
-4.0085018503937011
11
5.8505894094488191
21
-4.0092100393700782
0
LINE
8
BLACK
6
CONTINUOUS
10
5.8505894094488191
20
-4.0092100393700782
11
5.8508351181102363
21
-4.0093679133858267
0
LINE
8
BLACK
6
CONTINUOUS
10
5.8508351181102363
20
-4.0093679133858267
11
5.8508910236220473
21
-4.0094062204724406
0
LINE
8
BLACK
6
CONTINUOUS
10
5.8508910236220473
20
-4.0094062204724406
11
5.8508911417322835
21
-4.0094063385826768
0
LINE
8
BLACK
6
CONTINUOUS
10
5.8508911417322835
20
-4.0094063385826768
11
5.8508912598425198
21
-4.0094063779527556
0
LINE
8
BLACK
6
CONTINUOUS
10
5.8508912598425198
20
-4.0094063779527556
11
5.8508912992125985
21
-4.0094064173228343
0
LINE
8
BLACK
6
CONTINUOUS
10
5.8508912992125985
20
-4.0094064173228343
11
5.852282637795275
21
-4.0100207480314962
0
LINE
8
BLACK
6
CONTINUOUS
10
5.852282637795275
20
-4.0100207480314962
11
5.8550450787401571
21
-4.0112404724409449
0
LINE
8
BLACK
6
CONTINUOUS
10
5.8550450787401571
20
-4.0112404724409449
11
5.8560603149606294
21
-4.0113582283464568
0
LINE
8
BLACK
6
CONTINUOUS
10
5.8560603149606294
20
-4.0113582283464568
11
5.8560604330708657
21
-4.0113582677165356
0
LINE
8
BLACK
6
CONTINUOUS
10
5.8560604330708657
20
-4.0113582677165356
11
5.8560604724409444
21
-4.0113582677165356
0
LINE
8
BLACK
6
CONTINUOUS
10
5.8560604724409444
20
-4.0113582677165356
11
5.8793726377952753
21
-4.0113582677165356
0
LINE
8
BLACK
6
CONTINUOUS
10
5.8793726377952753
20
-4.0113582677165356
11
5.8793726771653541
21
-4.0113582283464568
0
LINE
8
BLACK
6
CONTINUOUS
10
5.8793726771653541
20
-4.0113582283464568
11
5.8803879921259838
21
-4.0112404724409449
0
LINE
8
BLACK
6
CONTINUOUS
10
5.8803879921259838
20
-4.0112404724409449
11
5.8845419291338583
21
-4.0094063385826768
0
LINE
8
BLACK
6
CONTINUOUS
10
5.8845419291338583
20
-4.0094063385826768
11
5.8877527952755901
21
-4.006195472440945
0
LINE
8
BLACK
6
CONTINUOUS
10
5.8877527952755901
20
-4.006195472440945
11
5.8895869291338583
21
-4.0020415354330705
0
LINE
8
BLACK
6
CONTINUOUS
10
5.8895869291338583
20
-4.0020415354330705
11
5.8897047244094489
21
-4.0010261417322832
0
LINE
8
BLACK
6
CONTINUOUS
10
5.8897047244094489
20
-4.0010261417322832
11
5.8897047244094489
21
-3.9186588976377954
0
LINE
8
BLACK
6
CONTINUOUS
10
5.8897047244094489
20
-3.9186588976377954
11
5.8895869291338583
21
-3.9176435039370077
0
LINE
8
BLACK
6
CONTINUOUS
10
5.8895869291338583
20
-3.9176435039370077
11
5.8877527952755901
21
-3.9134895669291336
0
LINE
8
BLACK
6
CONTINUOUS
10
5.8877527952755901
20
-3.9134895669291336
11
5.8877527559055114
21
-3.9134895275590549
0
LINE
8
BLACK
6
CONTINUOUS
10
5.8877527559055114
20
-3.9134895275590549
11
5.8877527165354326
21
-3.9134894488188974
0
LINE
8
BLACK
6
CONTINUOUS
10
5.8877527165354326
20
-3.9134894488188974
11
5.8845420078740158
21
-3.9102787401574801
0
LINE
8
BLACK
6
CONTINUOUS
10
5.8845420078740158
20
-3.9102787401574801
11
5.8845419291338583
21
-3.9102787007874014
0
LINE
8
BLACK
6
CONTINUOUS
10
5.8845419291338583
20
-3.9102787007874014
11
5.8803880314960626
21
-3.9084445669291337
0
LINE
8
BLACK
6
CONTINUOUS
10
5.8803880314960626
20
-3.9084445669291337
11
5.8803878346456688
21
-3.9084445275590549
0
LINE
8
BLACK
6
CONTINUOUS
10
5.8803878346456688
20
-3.9084445275590549
11
5.8793728346456691
21
-3.908326771653543
0
LINE
8
BLACK
6
CONTINUOUS
10
5.8793728346456691
20
-3.908326771653543
11
5.8793725984251965
21
-3.908326771653543
0
LINE
8
BLACK
6
CONTINUOUS
10
5.8793725984251965
20
-3.908326771653543
11
5.8560604724409444
21
-3.908326771653543
0
LINE
8
BLACK
6
CONTINUOUS
10
5.8560604724409444
20
-3.908326771653543
11
5.8560601968503931
21
-3.908326771653543
0
LINE
8
BLACK
6
CONTINUOUS
10
5.8560601968503931
20
-3.908326771653543
11
5.8550451968503934
21
-3.9084445275590549
0
LINE
8
BLACK
6
CONTINUOUS
10
5.8550451968503934
20
-3.9084445275590549
11
5.8550449999999996
21
-3.9084445669291337
0
LINE
8
BLACK
6
CONTINUOUS
10
5.8550449999999996
20
-3.9084445669291337
11
5.850891062992126
21
-3.9102787007874014
0
LINE
8
BLACK
6
CONTINUOUS
10
5.850891062992126
20
-3.9102787007874014
11
5.850834842519685
21
-3.9103172440944882
0
LINE
8
BLACK
6
CONTINUOUS
10
5.850834842519685
20
-3.9103172440944882
11
5.8507165354330706
21
-3.9103557874015746
0
LINE
8
BLACK
6
CONTINUOUS
10
5.8507165354330706
20
-3.9103557874015746
11
5.8504706299212597
21
-3.9104643700787403
0
LINE
8
BLACK
6
CONTINUOUS
10
5.8504706299212597
20
-3.9104643700787403
11
5.8504596456692912
21
-3.9104394881889761
0
LINE
8
BLACK
6
CONTINUOUS
10
5.8504596456692912
20
-3.9104394881889761
11
5.8481772440944884
21
-3.911183188976378
0
LINE
8
BLACK
6
CONTINUOUS
10
5.8481772440944884
20
-3.911183188976378
11
5.8454733464566928
21
-3.9104748031496062
0
LINE
8
BLACK
6
CONTINUOUS
10
5.8454733464566928
20
-3.9104748031496062
11
5.8452281496062994
21
-3.9103172440944882
0
LINE
8
BLACK
6
CONTINUOUS
10
5.8452281496062994
20
-3.9103172440944882
11
5.8451718897637797
21
-3.9102787007874014
0
LINE
8
BLACK
6
CONTINUOUS
10
5.8451718897637797
20
-3.9102787007874014
11
5.8410179527559052
21
-3.9084445669291337
0
LINE
8
BLACK
6
CONTINUOUS
10
5.8410179527559052
20
-3.9084445669291337
11
5.8410177559055114
21
-3.9084445275590549
0
LINE
8
BLACK
6
CONTINUOUS
10
5.8410177559055114
20
-3.9084445275590549
11
5.8400027559055117
21
-3.908326771653543
0
LINE
8
BLACK
6
CONTINUOUS
10
5.8400027559055117
20
-3.908326771653543
11
5.8400025196850391
21
-3.908326771653543
0
LINE
8
BLACK
6
CONTINUOUS
10
5.8400025196850391
20
-3.908326771653543
11
5.816690393700787
21
-3.908326771653543
0
LINE
8
BLACK
6
CONTINUOUS
10
5.816690393700787
20
-3.908326771653543
11
5.8166901181102357
21
-3.908326771653543
0
LINE
8
BLACK
6
CONTINUOUS
10
5.8166901181102357
20
-3.908326771653543
11
5.815675118110236
21
-3.9084445275590549
0
LINE
8
BLACK
6
CONTINUOUS
10
5.815675118110236
20
-3.9084445275590549
11
5.8156749212598422
21
-3.9084445669291337
0
LINE
8
BLACK
6
CONTINUOUS
10
5.8156749212598422
20
-3.9084445669291337
11
5.8115209842519686
21
-3.9102787007874014
0
LINE
8
BLACK
6
CONTINUOUS
10
5.8115209842519686
20
-3.9102787007874014
11
5.8114647637795276
21
-3.9103172440944882
0
LINE
8
BLACK
6
CONTINUOUS
10
5.8114647637795276
20
-3.9103172440944882
11
5.8113464566929132
21
-3.9103557874015746
0
LINE
8
BLACK
6
CONTINUOUS
10
5.8113464566929132
20
-3.9103557874015746
11
5.8111005511811022
21
-3.9104643700787403
0
LINE
8
BLACK
6
CONTINUOUS
10
5.8111005511811022
20
-3.9104643700787403
11
5.8110895669291338
21
-3.9104394881889761
0
LINE
8
BLACK
6
CONTINUOUS
10
5.8110895669291338
20
-3.9104394881889761
11
5.8088071653543309
21
-3.911183188976378
0
LINE
8
BLACK
6
CONTINUOUS
10
5.8088071653543309
20
-3.911183188976378
11
5.8061032677165354
21
-3.9104748031496062
0
LINE
8
BLACK
6
CONTINUOUS
10
5.8061032677165354
20
-3.9104748031496062
11
5.805858070866142
21
-3.9103172440944882
0
LINE
8
BLACK
6
CONTINUOUS
10
5.805858070866142
20
-3.9103172440944882
11
5.8058018110236222
21
-3.9102787007874014
0
LINE
8
BLACK
6
CONTINUOUS
10
5.8058018110236222
20
-3.9102787007874014
11
5.8016478740157478
21
-3.9084445669291337
0
LINE
8
BLACK
6
CONTINUOUS
10
5.8016478740157478
20
-3.9084445669291337
11
5.801647677165354
21
-3.9084445275590549
0
LINE
8
BLACK
6
CONTINUOUS
10
5.801647677165354
20
-3.9084445275590549
11
5.8006326771653542
21
-3.908326771653543
0
LINE
8
BLACK
6
CONTINUOUS
10
5.8006326771653542
20
-3.908326771653543
11
5.8006324409448817
21
-3.908326771653543
0
LINE
8
BLACK
6
CONTINUOUS
10
5.8006324409448817
20
-3.908326771653543
11
5.7773203149606296
21
-3.908326771653543
0
LINE
8
BLACK
6
CONTINUOUS
10
5.7773203149606296
20
-3.908326771653543
11
5.7773200393700783
21
-3.908326771653543
0
LINE
8
BLACK
6
CONTINUOUS
10
5.7773200393700783
20
-3.908326771653543
11
5.7763050393700786
21
-3.9084445275590549
0
LINE
8
BLACK
6
CONTINUOUS
10
5.7763050393700786
20
-3.9084445275590549
11
5.7763048425196848
21
-3.9084445669291337
0
LINE
8
BLACK
6
CONTINUOUS
10
5.7763048425196848
20
-3.9084445669291337
11
5.7721509055118112
21
-3.9102787007874014
0
LINE
8
BLACK
6
CONTINUOUS
10
5.7721509055118112
20
-3.9102787007874014
11
5.7720946850393702
21
-3.9103172440944882
0
LINE
8
BLACK
6
CONTINUOUS
10
5.7720946850393702
20
-3.9103172440944882
11
5.7719763779527558
21
-3.9103557874015746
0
LINE
8
BLACK
6
CONTINUOUS
10
5.7719763779527558
20
-3.9103557874015746
11
5.7717304724409448
21
-3.9104643700787403
0
LINE
8
BLACK
6
CONTINUOUS
10
5.7717304724409448
20
-3.9104643700787403
11
5.7717194881889764
21
-3.9104394881889761
0
LINE
8
BLACK
6
CONTINUOUS
10
5.7717194881889764
20
-3.9104394881889761
11
5.7694370866141735
21
-3.911183188976378
0
LINE
8
BLACK
6
CONTINUOUS
10
5.7694370866141735
20
-3.911183188976378
11
5.766733188976378
21
-3.9104748031496062
0
LINE
8
BLACK
6
CONTINUOUS
10
5.766733188976378
20
-3.9104748031496062
11
5.7664879921259837
21
-3.9103172440944882
0
LINE
8
BLACK
6
CONTINUOUS
10
5.7664879921259837
20
-3.9103172440944882
11
5.7664317322834648
21
-3.9102787007874014
0
LINE
8
BLACK
6
CONTINUOUS
10
5.7664317322834648
20
-3.9102787007874014
11
5.7622777952755904
21
-3.9084445669291337
0
LINE
8
BLACK
6
CONTINUOUS
10
5.7622777952755904
20
-3.9084445669291337
11
5.7622775984251966
21
-3.9084445275590549
0
LINE
8
BLACK
6
CONTINUOUS
10
5.7622775984251966
20
-3.9084445275590549
11
5.7612625984251968
21
-3.908326771653543
0
LINE
8
BLACK
6
CONTINUOUS
10
5.7612625984251968
20
-3.908326771653543
11
5.7612623622047243
21
-3.908326771653543
0
LINE
8
BLACK
6
CONTINUOUS
10
5.7612623622047243
20
-3.908326771653543
11
5.7379502362204722
21
-3.908326771653543
0
LINE
8
BLACK
6
CONTINUOUS
10
5.7379502362204722
20
-3.908326771653543
11
5.7379499606299209
21
-3.908326771653543
0
LINE
8
BLACK
6
CONTINUOUS
10
5.7379499606299209
20
-3.908326771653543
11
5.7369349606299211
21
-3.9084445275590549
0
LINE
8
BLACK
6
CONTINUOUS
10
5.7369349606299211
20
-3.9084445275590549
11
5.7369347637795274
21
-3.9084445669291337
0
LINE
8
BLACK
6
CONTINUOUS
10
5.7369347637795274
20
-3.9084445669291337
11
5.7327808267716538
21
-3.9102787007874014
0
LINE
8
BLACK
6
CONTINUOUS
10
5.7327808267716538
20
-3.9102787007874014
11
5.7327246062992128
21
-3.9103172440944882
0
LINE
8
BLACK
6
CONTINUOUS
10
5.7327246062992128
20
-3.9103172440944882
11
5.7326062992125983
21
-3.9103557874015746
0
LINE
8
BLACK
6
CONTINUOUS
10
5.7326062992125983
20
-3.9103557874015746
11
5.7323603937007874
21
-3.9104643700787403
0
LINE
8
BLACK
6
CONTINUOUS
10
5.7323603937007874
20
-3.9104643700787403
11
5.732349409448819
21
-3.9104394881889761
0
LINE
8
BLACK
6
CONTINUOUS
10
5.732349409448819
20
-3.9104394881889761
11
5.7300670078740152
21
-3.911183188976378
0
LINE
8
BLACK
6
CONTINUOUS
10
5.7300670078740152
20
-3.911183188976378
11
5.7273631102362206
21
-3.9104748031496062
0
LINE
8
BLACK
6
CONTINUOUS
10
5.7273631102362206
20
-3.9104748031496062
11
5.7271179133858263
21
-3.9103172440944882
0
LINE
8
BLACK
6
CONTINUOUS
10
5.7271179133858263
20
-3.9103172440944882
11
5.7270616535433065
21
-3.9102787007874014
0
LINE
8
BLACK
6
CONTINUOUS
10
5.7270616535433065
20
-3.9102787007874014
11
5.722907716535433
21
-3.9084445669291337
0
LINE
8
BLACK
6
CONTINUOUS
10
5.722907716535433
20
-3.9084445669291337
11
5.7229075196850392
21
-3.9084445275590549
0
LINE
8
BLACK
6
CONTINUOUS
10
5.7229075196850392
20
-3.9084445275590549
11
5.7218925196850394
21
-3.908326771653543
0
LINE
8
BLACK
6
CONTINUOUS
10
5.7218925196850394
20
-3.908326771653543
11
5.7218922834645669
21
-3.908326771653543
0
LINE
8
BLACK
6
CONTINUOUS
10
5.7218922834645669
20
-3.908326771653543
11
5.6985801574803148
21
-3.908326771653543
0
LINE
8
BLACK
6
CONTINUOUS
10
5.6985801574803148
20
-3.908326771653543
11
5.6985798818897635
21
-3.908326771653543
0
LINE
8
BLACK
6
CONTINUOUS
10
5.6985798818897635
20
-3.908326771653543
11
5.6975648818897637
21
-3.9084445275590549
0
LINE
8
BLACK
6
CONTINUOUS
10
5.6975648818897637
20
-3.9084445275590549
11
5.69756468503937
21
-3.9084445669291337
0
LINE
8
BLACK
6
CONTINUOUS
10
5.69756468503937
20
-3.9084445669291337
11
5.6934107874015742
21
-3.9102787007874014
0
LINE
8
BLACK
6
CONTINUOUS
10
5.6934107874015742
20
-3.9102787007874014
11
5.6934107086614176
21
-3.9102787401574801
0
LINE
8
BLACK
6
CONTINUOUS
10
5.6934107086614176
20
-3.9102787401574801
11
5.6901999999999999
21
-3.9134894488188974
0
LINE
8
BLACK
6
CONTINUOUS
10
5.6901999999999999
20
-3.9134894488188974
11
5.6901999606299212
21
-3.9134895275590549
0
LINE
8
BLACK
6
CONTINUOUS
10
5.6901999606299212
20
-3.9134895275590549
11
5.688365826771653
21
-3.9176434251968502
0
LINE
8
BLACK
6
CONTINUOUS
10
5.688365826771653
20
-3.9176434251968502
11
5.6883657874015743
21
-3.9176436220472439
0
LINE
8
BLACK
6
CONTINUOUS
10
5.6883657874015743
20
-3.9176436220472439
11
5.6882480314960633
21
-3.9186586220472441
0
LINE
8
BLACK
6
CONTINUOUS
10
5.6882480314960633
20
-3.9186586220472441
11
5.6882480314960633
21
-4.0010263779527557
0
LINE
8
BLACK
6
CONTINUOUS
10
5.9446850393700785
20
-4.11755905511811
11
5.9190944881889767
21
-4.11755905511811
0
LINE
8
BLACK
6
CONTINUOUS
10
5.9190944881889767
20
-4.11755905511811
11
5.9190944881889767
21
-4.075826771653543
0
LINE
8
BLACK
6
CONTINUOUS
10
5.9190944881889767
20
-4.075826771653543
11
5.9446850393700785
21
-4.075826771653543
0
LINE
8
BLACK
6
CONTINUOUS
10
5.9446850393700785
20
-4.075826771653543
11
5.9446850393700785
21
-4.11755905511811
0
LINE
8
BLACK
6
CONTINUOUS
10
6.0194881889763776
20
-4.0869588976377953
11
6.0328580708661415
21
-4.0868856299212597
0
LINE
8
BLACK
6
CONTINUOUS
10
6.0328580708661415
20
-4.0868856299212597
11
6.0347714566929129
21
-4.0857809448818898
0
LINE
8
BLACK
6
CONTINUOUS
10
6.0347714566929129
20
-4.0857809448818898
11
6.0377496850393699
21
-4.0849829527559054
0
LINE
8
BLACK
6
CONTINUOUS
10
6.0377496850393699
20
-4.0849829527559054
11
6.0513941732283465
21
-4.0849392125984254
0
LINE
8
BLACK
6
CONTINUOUS
10
6.0513941732283465
20
-4.0849392125984254
11
6.0517185433070866
21
-4.0833085826771649
0
LINE
8
BLACK
6
CONTINUOUS
10
6.0517185433070866
20
-4.0833085826771649
11
6.0535854330708663
21
-4.0805145669291338
0
LINE
8
BLACK
6
CONTINUOUS
10
6.0535854330708663
20
-4.0805145669291338
11
6.0563794488188973
21
-4.0786476771653541
0
LINE
8
BLACK
6
CONTINUOUS
10
6.0563794488188973
20
-4.0786476771653541
11
6.0596751968503932
21
-4.0779921259842515
0
LINE
8
BLACK
6
CONTINUOUS
10
6.0596751968503932
20
-4.0779921259842515
11
6.0768996062992127
21
-4.0779921259842515
0
LINE
8
BLACK
6
CONTINUOUS
10
6.0768996062992127
20
-4.0779921259842515
11
6.0801953543307086
21
-4.0786476771653541
0
LINE
8
BLACK
6
CONTINUOUS
10
6.0801953543307086
20
-4.0786476771653541
11
6.0829893700787396
21
-4.0805145669291338
0
LINE
8
BLACK
6
CONTINUOUS
10
6.0829893700787396
20
-4.0805145669291338
11
6.0848562598425193
21
-4.0833085826771649
0
LINE
8
BLACK
6
CONTINUOUS
10
6.0848562598425193
20
-4.0833085826771649
11
6.0855118110236219
21
-4.0866043307086617
0
LINE
8
BLACK
6
CONTINUOUS
10
6.0855118110236219
20
-4.0866043307086617
11
6.0855118110236219
21
-4.1067814960629923
0
LINE
8
BLACK
6
CONTINUOUS
10
6.0855118110236219
20
-4.1067814960629923
11
6.0848562598425193
21
-4.1100772440944882
0
LINE
8
BLACK
6
CONTINUOUS
10
6.0848562598425193
20
-4.1100772440944882
11
6.0829893700787396
21
-4.1128712598425192
0
LINE
8
BLACK
6
CONTINUOUS
10
6.0829893700787396
20
-4.1128712598425192
11
6.0801953543307086
21
-4.1147381496062989
0
LINE
8
BLACK
6
CONTINUOUS
10
6.0801953543307086
20
-4.1147381496062989
11
6.0768996062992127
21
-4.1153937007874015
0
LINE
8
BLACK
6
CONTINUOUS
10
6.0768996062992127
20
-4.1153937007874015
11
6.0596751968503932
21
-4.1153937007874015
0
LINE
8
BLACK
6
CONTINUOUS
10
6.0596751968503932
20
-4.1153937007874015
11
6.0563794488188973
21
-4.1147381496062989
0
LINE
8
BLACK
6
CONTINUOUS
10
6.0563794488188973
20
-4.1147381496062989
11
6.0535854330708663
21
-4.1128712598425192
0
LINE
8
BLACK
6
CONTINUOUS
10
6.0535854330708663
20
-4.1128712598425192
11
6.0517185433070866
21
-4.1100772440944882
0
LINE
8
BLACK
6
CONTINUOUS
10
6.0517185433070866
20
-4.1100772440944882
11
6.0513978740157475
21
-4.1084651181102361
0
LINE
8
BLACK
6
CONTINUOUS
10
6.0513978740157475
20
-4.1084651181102361
11
6.039291338582677
21
-4.1085039370078738
0
LINE
8
BLACK
6
CONTINUOUS
10
6.039291338582677
20
-4.1085039370078738
11
6.0377496850393699
21
-4.1084028740157477
0
LINE
8
BLACK
6
CONTINUOUS
10
6.0377496850393699
20
-4.1084028740157477
11
6.0347714566929129
21
-4.1076048818897632
0
LINE
8
BLACK
6
CONTINUOUS
10
6.0347714566929129
20
-4.1076048818897632
11
6.0326725590551176
21
-4.106393070866142
0
LINE
8
BLACK
6
CONTINUOUS
10
6.0326725590551176
20
-4.106393070866142
11
6.0194881889763776
21
-4.1064653149606301
0
LINE
8
BLACK
6
CONTINUOUS
10
6.0194881889763776
20
-4.1064653149606301
11
6.0194881889763776
21
-4.11755905511811
0
LINE
8
BLACK
6
CONTINUOUS
10
6.0194881889763776
20
-4.11755905511811
11
5.9938976377952757
21
-4.11755905511811
0
LINE
8
BLACK
6
CONTINUOUS
10
5.9938976377952757
20
-4.11755905511811
11
5.9938976377952757
21
-4.1064289763779529
0
LINE
8
BLACK
6
CONTINUOUS
10
5.9938976377952757
20
-4.1064289763779529
11
5.9869733858267713
21
-4.1064679133858268
0
LINE
8
BLACK
6
CONTINUOUS
10
5.9869733858267713
20
-4.1064679133858268
11
5.9867561811023622
21
-4.1068942519685034
0
LINE
8
BLACK
6
CONTINUOUS
10
5.9867561811023622
20
-4.1068942519685034
11
5.9832722047244093
21
-4.1103782283464563
0
LINE
8
BLACK
6
CONTINUOUS
10
5.9832722047244093
20
-4.1103782283464563
11
5.9788821653543307
21
-4.1126150787401574
0
LINE
8
BLACK
6
CONTINUOUS
10
5.9788821653543307
20
-4.1126150787401574
11
5.9740157480314959
21
-4.1133858267716539
0
LINE
8
BLACK
6
CONTINUOUS
10
5.9740157480314959
20
-4.1133858267716539
11
5.9691493307086612
21
-4.1126150787401574
0
LINE
8
BLACK
6
CONTINUOUS
10
5.9691493307086612
20
-4.1126150787401574
11
5.9647592913385825
21
-4.1103782283464563
0
LINE
8
BLACK
6
CONTINUOUS
10
5.9647592913385825
20
-4.1103782283464563
11
5.9612753149606297
21
-4.1068942519685034
0
LINE
8
BLACK
6
CONTINUOUS
10
5.9612753149606297
20
-4.1068942519685034
11
5.9590384645669294
21
-4.1025042125984248
0
LINE
8
BLACK
6
CONTINUOUS
10
5.9590384645669294
20
-4.1025042125984248
11
5.958267716535433
21
-4.09763779527559
0
LINE
8
BLACK
6
CONTINUOUS
10
5.958267716535433
20
-4.09763779527559
11
5.9590384645669294
21
-4.0927713779527561
0
LINE
8
BLACK
6
CONTINUOUS
10
5.9590384645669294
20
-4.0927713779527561
11
5.9612753149606297
21
-4.0883813385826775
0
LINE
8
BLACK
6
CONTINUOUS
10
5.9612753149606297
20
-4.0883813385826775
11
5.9647592913385825
21
-4.0848973622047247
0
LINE
8
BLACK
6
CONTINUOUS
10
5.9647592913385825
20
-4.0848973622047247
11
5.9691493307086612
21
-4.0826605118110235
0
LINE
8
BLACK
6
CONTINUOUS
10
5.9691493307086612
20
-4.0826605118110235
11
5.9740157480314959
21
-4.0818897637795271
0
LINE
8
BLACK
6
CONTINUOUS
10
5.9740157480314959
20
-4.0818897637795271
11
5.9788821653543307
21
-4.0826605118110235
0
LINE
8
BLACK
6
CONTINUOUS
10
5.9788821653543307
20
-4.0826605118110235
11
5.9832722047244093
21
-4.0848973622047247
0
LINE
8
BLACK
6
CONTINUOUS
10
5.9832722047244093
20
-4.0848973622047247
11
5.9853451968503935
21
-4.0869703543307088
0
LINE
8
BLACK
6
CONTINUOUS
10
5.9853451968503935
20
-4.0869703543307088
11
5.9938976377952757
21
-4.0869222834645669
0
LINE
8
BLACK
6
CONTINUOUS
10
5.9938976377952757
20
-4.0869222834645669
11
5.9938976377952757
21
-4.075826771653543
0
LINE
8
BLACK
6
CONTINUOUS
10
5.9938976377952757
20
-4.075826771653543
11
6.0194881889763776
21
-4.075826771653543
0
LINE
8
BLACK
6
CONTINUOUS
10
6.0194881889763776
20
-4.075826771653543
11
6.0194881889763776
21
-4.0869588976377953
0
LINE
8
BLACK
6
CONTINUOUS
10
6.2840551181102358
20
-4.0840060629921258
11
6.3243215354330706
21
-4.0838930314960633
0
LINE
8
BLACK
6
CONTINUOUS
10
6.3243215354330706
20
-4.0838930314960633
11
6.3259476377952755
21
-4.0814594488188973
0
LINE
8
BLACK
6
CONTINUOUS
10
6.3259476377952755
20
-4.0814594488188973
11
6.3287416535433065
21
-4.0795925590551176
0
LINE
8
BLACK
6
CONTINUOUS
10
6.3287416535433065
20
-4.0795925590551176
11
6.3320374015748033
21
-4.0789370078740159
0
LINE
8
BLACK
6
CONTINUOUS
10
6.3320374015748033
20
-4.0789370078740159
11
6.3492618110236219
21
-4.0789370078740159
0
LINE
8
BLACK
6
CONTINUOUS
10
6.3492618110236219
20
-4.0789370078740159
11
6.3525575590551178
21
-4.0795925590551176
0
LINE
8
BLACK
6
CONTINUOUS
10
6.3525575590551178
20
-4.0795925590551176
11
6.3553515748031497
21
-4.0814594488188973
0
LINE
8
BLACK
6
CONTINUOUS
10
6.3553515748031497
20
-4.0814594488188973
11
6.3572184645669294
21
-4.0842534645669293
0
LINE
8
BLACK
6
CONTINUOUS
10
6.3572184645669294
20
-4.0842534645669293
11
6.3578740157480311
21
-4.0875492125984252
0
LINE
8
BLACK
6
CONTINUOUS
10
6.3578740157480311
20
-4.0875492125984252
11
6.3578740157480311
21
-4.1077263779527557
0
LINE
8
BLACK
6
CONTINUOUS
10
6.3578740157480311
20
-4.1077263779527557
11
6.3572184645669294
21
-4.1110221259842517
0
LINE
8
BLACK
6
CONTINUOUS
10
6.3572184645669294
20
-4.1110221259842517
11
6.3553515748031497
21
-4.1138161417322836
0
LINE
8
BLACK
6
CONTINUOUS
10
6.3553515748031497
20
-4.1138161417322836
11
6.3525575590551178
21
-4.1156830314960633
0
LINE
8
BLACK
6
CONTINUOUS
10
6.3525575590551178
20
-4.1156830314960633
11
6.3492618110236219
21
-4.116338582677165
0
LINE
8
BLACK
6
CONTINUOUS
10
6.3492618110236219
20
-4.116338582677165
11
6.3320374015748033
21
-4.116338582677165
0
LINE
8
BLACK
6
CONTINUOUS
10
6.3320374015748033
20
-4.116338582677165
11
6.3287416535433065
21
-4.1156830314960633
0
LINE
8
BLACK
6
CONTINUOUS
10
6.3287416535433065
20
-4.1156830314960633
11
6.3259476377952755
21
-4.1138161417322836
0
LINE
8
BLACK
6
CONTINUOUS
10
6.3259476377952755
20
-4.1138161417322836
11
6.3240807480314958
21
-4.1110221259842517
0
LINE
8
BLACK
6
CONTINUOUS
10
6.3240807480314958
20
-4.1110221259842517
11
6.3234251968503932
21
-4.1077263779527557
0
LINE
8
BLACK
6
CONTINUOUS
10
6.3234251968503932
20
-4.1077263779527557
11
6.3234251968503932
21
-4.1033968503937004
0
LINE
8
BLACK
6
CONTINUOUS
10
6.3234251968503932
20
-4.1033968503937004
11
6.2840551181102358
21
-4.1035073622047245
0
LINE
8
BLACK
6
CONTINUOUS
10
6.2840551181102358
20
-4.1035073622047245
11
6.2840551181102358
21
-4.1145669291338578
0
LINE
8
BLACK
6
CONTINUOUS
10
6.2840551181102358
20
-4.1145669291338578
11
6.2584645669291339
21
-4.1145669291338578
0
LINE
8
BLACK
6
CONTINUOUS
10
6.2584645669291339
20
-4.1145669291338578
11
6.2584645669291339
21
-4.1034249212598422
0
LINE
8
BLACK
6
CONTINUOUS
10
6.2584645669291339
20
-4.1034249212598422
11
6.2460713779527559
21
-4.103484527559055
0
LINE
8
BLACK
6
CONTINUOUS
10
6.2460713779527559
20
-4.103484527559055
11
6.2431147244094483
21
-4.1064412204724405
0
LINE
8
BLACK
6
CONTINUOUS
10
6.2431147244094483
20
-4.1064412204724405
11
6.2387246850393696
21
-4.1086780708661417
0
LINE
8
BLACK
6
CONTINUOUS
10
6.2387246850393696
20
-4.1086780708661417
11
6.2338582677165357
21
-4.1094488188976381
0
LINE
8
BLACK
6
CONTINUOUS
10
6.2338582677165357
20
-4.1094488188976381
11
6.228991850393701
21
-4.1086780708661417
0
LINE
8
BLACK
6
CONTINUOUS
10
6.228991850393701
20
-4.1086780708661417
11
6.2246018110236223
21
-4.1064412204724405
0
LINE
8
BLACK
6
CONTINUOUS
10
6.2246018110236223
20
-4.1064412204724405
11
6.2211178346456695
21
-4.1029572440944877
0
LINE
8
BLACK
6
CONTINUOUS
10
6.2211178346456695
20
-4.1029572440944877
11
6.2188809842519683
21
-4.0985672047244091
0
LINE
8
BLACK
6
CONTINUOUS
10
6.2188809842519683
20
-4.0985672047244091
11
6.2181102362204719
21
-4.0937007874015743
0
LINE
8
BLACK
6
CONTINUOUS
10
6.2181102362204719
20
-4.0937007874015743
11
6.2188809842519683
21
-4.0888343700787404
0
LINE
8
BLACK
6
CONTINUOUS
10
6.2188809842519683
20
-4.0888343700787404
11
6.2211178346456695
21
-4.0844443307086618
0
LINE
8
BLACK
6
CONTINUOUS
10
6.2211178346456695
20
-4.0844443307086618
11
6.2246018110236223
21
-4.0809603543307089
0
LINE
8
BLACK
6
CONTINUOUS
10
6.2246018110236223
20
-4.0809603543307089
11
6.228991850393701
21
-4.0787235039370078
0
LINE
8
BLACK
6
CONTINUOUS
10
6.228991850393701
20
-4.0787235039370078
11
6.2338582677165357
21
-4.0779527559055113
0
LINE
8
BLACK
6
CONTINUOUS
10
6.2338582677165357
20
-4.0779527559055113
11
6.2387246850393696
21
-4.0787235039370078
0
LINE
8
BLACK
6
CONTINUOUS
10
6.2387246850393696
20
-4.0787235039370078
11
6.2431147244094483
21
-4.0809603543307089
0
LINE
8
BLACK
6
CONTINUOUS
10
6.2431147244094483
20
-4.0809603543307089
11
6.2461334645669293
21
-4.0839790944881891
0
LINE
8
BLACK
6
CONTINUOUS
10
6.2461334645669293
20
-4.0839790944881891
11
6.2584645669291339
21
-4.0839198031496062
0
LINE
8
BLACK
6
CONTINUOUS
10
6.2584645669291339
20
-4.0839198031496062
11
6.2584645669291339
21
-4.0728346456692917
0
LINE
8
BLACK
6
CONTINUOUS
10
6.2584645669291339
20
-4.0728346456692917
11
6.2840551181102358
21
-4.0728346456692917
0
LINE
8
BLACK
6
CONTINUOUS
10
6.2840551181102358
20
-4.0728346456692917
11
6.2840551181102358
21
-4.0840060629921258
0
LINE
8
BLACK
6
CONTINUOUS
10
6.2092519685039367
20
-4.1145669291338578
11
6.1836614173228348
21
-4.1145669291338578
0
LINE
8
BLACK
6
CONTINUOUS
10
6.1836614173228348
20
-4.1145669291338578
11
6.1836614173228348
21
-4.0728346456692917
0
LINE
8
BLACK
6
CONTINUOUS
10
6.1836614173228348
20
-4.0728346456692917
11
6.2092519685039367
21
-4.0728346456692917
0
LINE
8
BLACK
6
CONTINUOUS
10
6.2092519685039367
20
-4.0728346456692917
11
6.2092519685039367
21
-4.1145669291338578
0
LINE
8
BLACK
6
CONTINUOUS
10
6.0801953543307086
20
-3.9886476771653543
11
6.0829893700787396
21
-3.990514566929134
0
LINE
8
BLACK
6
CONTINUOUS
10
6.0829893700787396
20
-3.990514566929134
11
6.0848562598425193
21
-3.993308582677165
0
LINE
8
BLACK
6
CONTINUOUS
10
6.0848562598425193
20
-3.993308582677165
11
6.0855118110236219
21
-3.9966043307086614
0
LINE
8
BLACK
6
CONTINUOUS
10
6.0855118110236219
20
-3.9966043307086614
11
6.0855118110236219
21
-4.0167814960629924
0
LINE
8
BLACK
6
CONTINUOUS
10
6.0855118110236219
20
-4.0167814960629924
11
6.0848562598425193
21
-4.0200772440944883
0
LINE
8
BLACK
6
CONTINUOUS
10
6.0848562598425193
20
-4.0200772440944883
11
6.0829893700787396
21
-4.0228712598425194
0
LINE
8
BLACK
6
CONTINUOUS
10
6.0829893700787396
20
-4.0228712598425194
11
6.0801953543307086
21
-4.0247381496062991
0
LINE
8
BLACK
6
CONTINUOUS
10
6.0801953543307086
20
-4.0247381496062991
11
6.078097755905512
21
-4.0251553543307086
0
LINE
8
BLACK
6
CONTINUOUS
10
6.078097755905512
20
-4.0251553543307086
11
6.0781160236220471
21
-4.0275273622047241
0
LINE
8
BLACK
6
CONTINUOUS
10
6.0781160236220471
20
-4.0275273622047241
11
6.0781573228346453
21
-4.0276270472440947
0
LINE
8
BLACK
6
CONTINUOUS
10
6.0781573228346453
20
-4.0276270472440947
11
6.0782446062992124
21
-4.0381374803149601
0
LINE
8
BLACK
6
CONTINUOUS
10
6.0782446062992124
20
-4.0381374803149601
11
6.0812853543307082
21
-4.0411782283464568
0
LINE
8
BLACK
6
CONTINUOUS
10
6.0812853543307082
20
-4.0411782283464568
11
6.0835222047244093
21
-4.0455682677165354
0
LINE
8
BLACK
6
CONTINUOUS
10
6.0835222047244093
20
-4.0455682677165354
11
6.0842929527559058
21
-4.0504346850393702
0
LINE
8
BLACK
6
CONTINUOUS
10
6.0842929527559058
20
-4.0504346850393702
11
6.0835222047244093
21
-4.055301102362205
0
LINE
8
BLACK
6
CONTINUOUS
10
6.0835222047244093
20
-4.055301102362205
11
6.0812853543307082
21
-4.0596911417322836
0
LINE
8
BLACK
6
CONTINUOUS
10
6.0812853543307082
20
-4.0596911417322836
11
6.0778013779527553
21
-4.0631751181102365
0
LINE
8
BLACK
6
CONTINUOUS
10
6.0778013779527553
20
-4.0631751181102365
11
6.0734113385826767
21
-4.0654119685039367
0
LINE
8
BLACK
6
CONTINUOUS
10
6.0734113385826767
20
-4.0654119685039367
11
6.0685449212598428
21
-4.0661827165354332
0
LINE
8
BLACK
6
CONTINUOUS
10
6.0685449212598428
20
-4.0661827165354332
11
6.063678503937008
21
-4.0654119685039367
0
LINE
8
BLACK
6
CONTINUOUS
10
6.063678503937008
20
-4.0654119685039367
11
6.0592884645669294
21
-4.0631751181102365
0
LINE
8
BLACK
6
CONTINUOUS
10
6.0592884645669294
20
-4.0631751181102365
11
6.0562045275590553
21
-4.0600911811023623
0
LINE
8
BLACK
6
CONTINUOUS
10
6.0562045275590553
20
-4.0600911811023623
11
6.0094488188976376
21
-4.0602362204724409
0
LINE
8
BLACK
6
CONTINUOUS
10
6.0094488188976376
20
-4.0602362204724409
11
6.0076458661417318
21
-4.0600586220472437
0
LINE
8
BLACK
6
CONTINUOUS
10
6.0076458661417318
20
-4.0600586220472437
11
5.9503937007874015
21
-4.0602362204724409
0
LINE
8
BLACK
6
CONTINUOUS
10
5.9503937007874015
20
-4.0602362204724409
11
5.9484735039370076
21
-4.0600470866141736
0
LINE
8
BLACK
6
CONTINUOUS
10
5.9484735039370076
20
-4.0600470866141736
11
5.9449254724409446
21
-4.058577440944882
0
LINE
8
BLACK
6
CONTINUOUS
10
5.9449254724409446
20
-4.058577440944882
11
5.9449225590551178
21
-4.0585745275590552
0
LINE
8
BLACK
6
CONTINUOUS
10
5.9449225590551178
20
-4.0585745275590552
11
5.9249300393700786
21
-4.0388494881889763
0
LINE
8
BLACK
6
CONTINUOUS
10
5.9249300393700786
20
-4.0388494881889763
11
5.9237061811023617
21
-4.0373581496062991
0
LINE
8
BLACK
6
CONTINUOUS
10
5.9237061811023617
20
-4.0373581496062991
11
5.9237060236220467
21
-4.0373579921259841
0
LINE
8
BLACK
6
CONTINUOUS
10
5.9237060236220467
20
-4.0373579921259841
11
5.922236377952756
21
-4.0338099606299211
0
LINE
8
BLACK
6
CONTINUOUS
10
5.922236377952756
20
-4.0338099606299211
11
5.9222135433070866
21
-4.0309448818897637
0
LINE
8
BLACK
6
CONTINUOUS
10
5.9222135433070866
20
-4.0309448818897637
11
5.9190944881889767
21
-4.0309448818897637
0
LINE
8
BLACK
6
CONTINUOUS
10
5.9190944881889767
20
-4.0309448818897637
11
5.9190944881889767
21
-3.9892125984251967
0
LINE
8
BLACK
6
CONTINUOUS
10
5.9190944881889767
20
-3.9892125984251967
11
5.9446850393700785
21
-3.9892125984251967
0
LINE
8
BLACK
6
CONTINUOUS
10
5.9446850393700785
20
-3.9892125984251967
11
5.9446850393700785
21
-4.030935078740157
0
LINE
8
BLACK
6
CONTINUOUS
10
5.9446850393700785
20
-4.030935078740157
11
5.9546038976377949
21
-4.0407212992125983
0
LINE
8
BLACK
6
CONTINUOUS
10
5.9546038976377949
20
-4.0407212992125983
11
5.9969965354330705
21
-4.0405898031496061
0
LINE
8
BLACK
6
CONTINUOUS
10
5.9969965354330705
20
-4.0405898031496061
11
5.9969503543307088
21
-4.0309448818897637
0
LINE
8
BLACK
6
CONTINUOUS
10
5.9969503543307088
20
-4.0309448818897637
11
5.9938976377952757
21
-4.0309448818897637
0
LINE
8
BLACK
6
CONTINUOUS
10
5.9938976377952757
20
-4.0309448818897637
11
5.9938976377952757
21
-3.9892125984251967
0
LINE
8
BLACK
6
CONTINUOUS
10
5.9938976377952757
20
-3.9892125984251967
11
6.0194881889763776
21
-3.9892125984251967
0
LINE
8
BLACK
6
CONTINUOUS
10
6.0194881889763776
20
-3.9892125984251967
11
6.0194881889763776
21
-3.9949647244094488
0
LINE
8
BLACK
6
CONTINUOUS
10
6.0194881889763776
20
-3.9949647244094488
11
6.0513996456692913
21
-3.9949116141732284
0
LINE
8
BLACK
6
CONTINUOUS
10
6.0513996456692913
20
-3.9949116141732284
11
6.0517185433070866
21
-3.993308582677165
0
LINE
8
BLACK
6
CONTINUOUS
10
6.0517185433070866
20
-3.993308582677165
11
6.0535854330708663
21
-3.990514566929134
0
LINE
8
BLACK
6
CONTINUOUS
10
6.0535854330708663
20
-3.990514566929134
11
6.0563794488188973
21
-3.9886476771653543
0
LINE
8
BLACK
6
CONTINUOUS
10
6.0563794488188973
20
-3.9886476771653543
11
6.0596751968503932
21
-3.9879921259842517
0
LINE
8
BLACK
6
CONTINUOUS
10
6.0596751968503932
20
-3.9879921259842517
11
6.0768996062992127
21
-3.9879921259842517
0
LINE
8
BLACK
6
CONTINUOUS
10
6.0768996062992127
20
-3.9879921259842517
11
6.0801953543307086
21
-3.9886476771653543
0
LINE
8
BLACK
6
CONTINUOUS
10
6.0194881889763776
20
-4.0184882677165357
11
6.0194881889763776
21
-4.0309448818897637
0
LINE
8
BLACK
6
CONTINUOUS
10
6.0194881889763776
20
-4.0309448818897637
11
6.0164554724409447
21
-4.0309448818897637
0
LINE
8
BLACK
6
CONTINUOUS
10
6.0164554724409447
20
-4.0309448818897637
11
6.0165022440944878
21
-4.0407124803149603
0
LINE
8
BLACK
6
CONTINUOUS
10
6.0165022440944878
20
-4.0407124803149603
11
6.0563939370078739
21
-4.0405887401574798
0
LINE
8
BLACK
6
CONTINUOUS
10
6.0563939370078739
20
-4.0405887401574798
11
6.0587337007874016
21
-4.038248976377953
0
LINE
8
BLACK
6
CONTINUOUS
10
6.0587337007874016
20
-4.038248976377953
11
6.0586764173228342
21
-4.0313532677165353
0
LINE
8
BLACK
6
CONTINUOUS
10
6.0586764173228342
20
-4.0313532677165353
11
6.058634015748031
21
-4.0312509055118113
0
LINE
8
BLACK
6
CONTINUOUS
10
6.058634015748031
20
-4.0312509055118113
11
6.0585872047244091
21
-4.0251772834645667
0
LINE
8
BLACK
6
CONTINUOUS
10
6.0585872047244091
20
-4.0251772834645667
11
6.0563794488188973
21
-4.0247381496062991
0
LINE
8
BLACK
6
CONTINUOUS
10
6.0563794488188973
20
-4.0247381496062991
11
6.0535854330708663
21
-4.0228712598425194
0
LINE
8
BLACK
6
CONTINUOUS
10
6.0535854330708663
20
-4.0228712598425194
11
6.0517185433070866
21
-4.0200772440944883
0
LINE
8
BLACK
6
CONTINUOUS
10
6.0517185433070866
20
-4.0200772440944883
11
6.0513919291338585
21
-4.018435196850394
0
LINE
8
BLACK
6
CONTINUOUS
10
6.0513919291338585
20
-4.018435196850394
11
6.0194881889763776
21
-4.0184882677165357
0
LINE
8
BLACK
6
CONTINUOUS
10
6.2092519685039367
20
-4.0279527559055115
11
6.2062096850393695
21
-4.0279527559055115
0
LINE
8
BLACK
6
CONTINUOUS
10
6.2062096850393695
20
-4.0279527559055115
11
6.2062579133858264
21
-4.0389853543307082
0
LINE
8
BLACK
6
CONTINUOUS
10
6.2062579133858264
20
-4.0389853543307082
11
6.2069845669291341
21
-4.0397120078740159
0
LINE
8
BLACK
6
CONTINUOUS
10
6.2069845669291341
20
-4.0397120078740159
11
6.2615656692913388
21
-4.0404027952755905
0
LINE
8
BLACK
6
CONTINUOUS
10
6.2615656692913388
20
-4.0404027952755905
11
6.261510236220472
21
-4.0279527559055115
0
LINE
8
BLACK
6
CONTINUOUS
10
6.261510236220472
20
-4.0279527559055115
11
6.2584645669291339
21
-4.0279527559055115
0
LINE
8
BLACK
6
CONTINUOUS
10
6.2584645669291339
20
-4.0279527559055115
11
6.2584645669291339
21
-3.9862204724409449
0
LINE
8
BLACK
6
CONTINUOUS
10
6.2584645669291339
20
-3.9862204724409449
11
6.2840551181102358
21
-3.9862204724409449
0
LINE
8
BLACK
6
CONTINUOUS
10
6.2840551181102358
20
-3.9862204724409449
11
6.2840551181102358
21
-4.0279527559055115
0
LINE
8
BLACK
6
CONTINUOUS
10
6.2840551181102358
20
-4.0279527559055115
11
6.28101468503937
21
-4.0279527559055115
0
LINE
8
BLACK
6
CONTINUOUS
10
6.28101468503937
20
-4.0279527559055115
11
6.2810713385826773
21
-4.0406776377952758
0
LINE
8
BLACK
6
CONTINUOUS
10
6.2810713385826773
20
-4.0406776377952758
11
6.2885545275590546
21
-4.0406296456692914
0
LINE
8
BLACK
6
CONTINUOUS
10
6.2885545275590546
20
-4.0406296456692914
11
6.2915309448818899
21
-4.0376532677165358
0
LINE
8
BLACK
6
CONTINUOUS
10
6.2915309448818899
20
-4.0376532677165358
11
6.2959209842519686
21
-4.0354164173228346
0
LINE
8
BLACK
6
CONTINUOUS
10
6.2959209842519686
20
-4.0354164173228346
11
6.3007874015748033
21
-4.0346456692913382
0
LINE
8
BLACK
6
CONTINUOUS
10
6.3007874015748033
20
-4.0346456692913382
11
6.3056538188976372
21
-4.0354164173228346
0
LINE
8
BLACK
6
CONTINUOUS
10
6.3056538188976372
20
-4.0354164173228346
11
6.3100438582677167
21
-4.0376532677165358
0
LINE
8
BLACK
6
CONTINUOUS
10
6.3100438582677167
20
-4.0376532677165358
11
6.3135278346456696
21
-4.0411372440944877
0
LINE
8
BLACK
6
CONTINUOUS
10
6.3135278346456696
20
-4.0411372440944877
11
6.3152565748031497
21
-4.0445300787401575
0
LINE
8
BLACK
6
CONTINUOUS
10
6.3152565748031497
20
-4.0445300787401575
11
6.3220886614173226
21
-4.0444987795275589
0
LINE
8
BLACK
6
CONTINUOUS
10
6.3220886614173226
20
-4.0444987795275589
11
6.3238148425196847
21
-4.0427562992125985
0
LINE
8
BLACK
6
CONTINUOUS
10
6.3238148425196847
20
-4.0427562992125985
11
6.3234251968503932
21
-4.0407972440944881
0
LINE
8
BLACK
6
CONTINUOUS
10
6.3234251968503932
20
-4.0407972440944881
11
6.3234251968503932
21
-4.0206200787401576
0
LINE
8
BLACK
6
CONTINUOUS
10
6.3234251968503932
20
-4.0206200787401576
11
6.3240807480314958
21
-4.0173243307086617
0
LINE
8
BLACK
6
CONTINUOUS
10
6.3240807480314958
20
-4.0173243307086617
11
6.3259476377952755
21
-4.0145303149606297
0
LINE
8
BLACK
6
CONTINUOUS
10
6.3259476377952755
20
-4.0145303149606297
11
6.3287416535433065
21
-4.01266342519685
0
LINE
8
BLACK
6
CONTINUOUS
10
6.3287416535433065
20
-4.01266342519685
11
6.3320374015748033
21
-4.0120078740157483
0
LINE
8
BLACK
6
CONTINUOUS
10
6.3320374015748033
20
-4.0120078740157483
11
6.3492618110236219
21
-4.0120078740157483
0
LINE
8
BLACK
6
CONTINUOUS
10
6.3492618110236219
20
-4.0120078740157483
11
6.3525575590551178
21
-4.01266342519685
0
LINE
8
BLACK
6
CONTINUOUS
10
6.3525575590551178
20
-4.01266342519685
11
6.3553515748031497
21
-4.0145303149606297
0
LINE
8
BLACK
6
CONTINUOUS
10
6.3553515748031497
20
-4.0145303149606297
11
6.3572184645669294
21
-4.0173243307086617
0
LINE
8
BLACK
6
CONTINUOUS
10
6.3572184645669294
20
-4.0173243307086617
11
6.3578740157480311
21
-4.0206200787401576
0
LINE
8
BLACK
6
CONTINUOUS
10
6.3578740157480311
20
-4.0206200787401576
11
6.3578740157480311
21
-4.0407972440944881
0
LINE
8
BLACK
6
CONTINUOUS
10
6.3578740157480311
20
-4.0407972440944881
11
6.3572184645669294
21
-4.0440929921259841
0
LINE
8
BLACK
6
CONTINUOUS
10
6.3572184645669294
20
-4.0440929921259841
11
6.3553515748031497
21
-4.046887007874016
0
LINE
8
BLACK
6
CONTINUOUS
10
6.3553515748031497
20
-4.046887007874016
11
6.3525575590551178
21
-4.0487538976377948
0
LINE
8
BLACK
6
CONTINUOUS
10
6.3525575590551178
20
-4.0487538976377948
11
6.3492618110236219
21
-4.0494094488188974
0
LINE
8
BLACK
6
CONTINUOUS
10
6.3492618110236219
20
-4.0494094488188974
11
6.3336970472440948
21
-4.0494094488188974
0
LINE
8
BLACK
6
CONTINUOUS
10
6.3336970472440948
20
-4.0494094488188974
11
6.3285852755905507
21
-4.054569527559055
0
LINE
8
BLACK
6
CONTINUOUS
10
6.3285852755905507
20
-4.054569527559055
11
6.3276903543307084
21
-4.055303976377953
0
LINE
8
BLACK
6
CONTINUOUS
10
6.3276903543307084
20
-4.055303976377953
11
6.3264433464566929
21
-4.0558204724409448
0
LINE
8
BLACK
6
CONTINUOUS
10
6.3264433464566929
20
-4.0558204724409448
11
6.3255615748031495
21
-4.0561857480314956
0
LINE
8
BLACK
6
CONTINUOUS
10
6.3255615748031495
20
-4.0561857480314956
11
6.3152690157480311
21
-4.0562328740157483
0
LINE
8
BLACK
6
CONTINUOUS
10
6.3152690157480311
20
-4.0562328740157483
11
6.3135278346456696
21
-4.0596501574803145
0
LINE
8
BLACK
6
CONTINUOUS
10
6.3135278346456696
20
-4.0596501574803145
11
6.3100438582677167
21
-4.0631341338582674
0
LINE
8
BLACK
6
CONTINUOUS
10
6.3100438582677167
20
-4.0631341338582674
11
6.3056538188976372
21
-4.0653709842519685
0
LINE
8
BLACK
6
CONTINUOUS
10
6.3056538188976372
20
-4.0653709842519685
11
6.3007874015748033
21
-4.0661417322834641
0
LINE
8
BLACK
6
CONTINUOUS
10
6.3007874015748033
20
-4.0661417322834641
11
6.2959209842519686
21
-4.0653709842519685
0
LINE
8
BLACK
6
CONTINUOUS
10
6.2959209842519686
20
-4.0653709842519685
11
6.2915309448818899
21
-4.0631341338582674
0
LINE
8
BLACK
6
CONTINUOUS
10
6.2915309448818899
20
-4.0631341338582674
11
6.2885348031496058
21
-4.0601379921259841
0
LINE
8
BLACK
6
CONTINUOUS
10
6.2885348031496058
20
-4.0601379921259841
11
6.2732283464566931
21
-4.0602362204724409
0
LINE
8
BLACK
6
CONTINUOUS
10
6.2732283464566931
20
-4.0602362204724409
11
6.2713081496062992
21
-4.0600470866141736
0
LINE
8
BLACK
6
CONTINUOUS
10
6.2713081496062992
20
-4.0600470866141736
11
6.2712606692913386
21
-4.0600274015748035
0
LINE
8
BLACK
6
CONTINUOUS
10
6.2712606692913386
20
-4.0600274015748035
11
6.2064898818897634
21
-4.0592076771653538
0
LINE
8
BLACK
6
CONTINUOUS
10
6.2064898818897634
20
-4.0592076771653538
11
6.2037446456692908
21
-4.0619529527559051
0
LINE
8
BLACK
6
CONTINUOUS
10
6.2037446456692908
20
-4.0619529527559051
11
6.1993546062992122
21
-4.0641898031496062
0
LINE
8
BLACK
6
CONTINUOUS
10
6.1993546062992122
20
-4.0641898031496062
11
6.1944881889763774
21
-4.0649605511811027
0
LINE
8
BLACK
6
CONTINUOUS
10
6.1944881889763774
20
-4.0649605511811027
11
6.1896217716535435
21
-4.0641898031496062
0
LINE
8
BLACK
6
CONTINUOUS
10
6.1896217716535435
20
-4.0641898031496062
11
6.185231732283464
21
-4.0619529527559051
0
LINE
8
BLACK
6
CONTINUOUS
10
6.185231732283464
20
-4.0619529527559051
11
6.1817477559055121
21
-4.0584689763779522
0
LINE
8
BLACK
6
CONTINUOUS
10
6.1817477559055121
20
-4.0584689763779522
11
6.1795109055118109
21
-4.0540789370078736
0
LINE
8
BLACK
6
CONTINUOUS
10
6.1795109055118109
20
-4.0540789370078736
11
6.1787401574803145
21
-4.0492125196850397
0
LINE
8
BLACK
6
CONTINUOUS
10
6.1787401574803145
20
-4.0492125196850397
11
6.1795109055118109
21
-4.0443461023622049
0
LINE
8
BLACK
6
CONTINUOUS
10
6.1795109055118109
20
-4.0443461023622049
11
6.1817477559055121
21
-4.0399560629921263
0
LINE
8
BLACK
6
CONTINUOUS
10
6.1817477559055121
20
-4.0399560629921263
11
6.185231732283464
21
-4.0364720866141734
0
LINE
8
BLACK
6
CONTINUOUS
10
6.185231732283464
20
-4.0364720866141734
11
6.1867392913385828
21
-4.0357039370078738
0
LINE
8
BLACK
6
CONTINUOUS
10
6.1867392913385828
20
-4.0357039370078738
11
6.1867053937007874
21
-4.0279527559055115
0
LINE
8
BLACK
6
CONTINUOUS
10
6.1867053937007874
20
-4.0279527559055115
11
6.1836614173228348
21
-4.0279527559055115
0
LINE
8
BLACK
6
CONTINUOUS
10
6.1836614173228348
20
-4.0279527559055115
11
6.1836614173228348
21
-3.9862204724409449
0
LINE
8
BLACK
6
CONTINUOUS
10
6.1836614173228348
20
-3.9862204724409449
11
6.2092519685039367
21
-3.9862204724409449
0
LINE
8
BLACK
6
CONTINUOUS
10
6.2092519685039367
20
-3.9862204724409449
11
6.2092519685039367
21
-4.0279527559055115
0
LINE
8
BLACK
6
CONTINUOUS
10
5.6749000787401576
20
-3.5914035826771653
11
5.6776940944881886
21
-3.593270472440945
0
LINE
8
BLACK
6
CONTINUOUS
10
5.6776940944881886
20
-3.593270472440945
11
5.6795609842519683
21
-3.5960644881889765
0
LINE
8
BLACK
6
CONTINUOUS
10
5.6795609842519683
20
-3.5960644881889765
11
5.6802165354330709
21
-3.5993602362204724
0
LINE
8
BLACK
6
CONTINUOUS
10
5.6802165354330709
20
-3.5993602362204724
11
5.6802165354330709
21
-3.619537401574803
0
LINE
8
BLACK
6
CONTINUOUS
10
5.6802165354330709
20
-3.619537401574803
11
5.6795609842519683
21
-3.6228331496062993
0
LINE
8
BLACK
6
CONTINUOUS
10
5.6795609842519683
20
-3.6228331496062993
11
5.6776940944881886
21
-3.6256271653543308
0
LINE
8
BLACK
6
CONTINUOUS
10
5.6776940944881886
20
-3.6256271653543308
11
5.6749000787401576
21
-3.6274940551181101
0
LINE
8
BLACK
6
CONTINUOUS
10
5.6749000787401576
20
-3.6274940551181101
11
5.6716043307086617
21
-3.6281496062992127
0
LINE
8
BLACK
6
CONTINUOUS
10
5.6716043307086617
20
-3.6281496062992127
11
5.6668991338582675
21
-3.6281496062992127
0
LINE
8
BLACK
6
CONTINUOUS
10
5.6668991338582675
20
-3.6281496062992127
11
5.6669255118110238
21
-3.6394060629921259
0
LINE
8
BLACK
6
CONTINUOUS
10
5.6669255118110238
20
-3.6394060629921259
11
5.6708176771653545
21
-3.6432727559055116
0
LINE
8
BLACK
6
CONTINUOUS
10
5.6708176771653545
20
-3.6432727559055116
11
5.6738737401574806
21
-3.6417156299212596
0
LINE
8
BLACK
6
CONTINUOUS
10
5.6738737401574806
20
-3.6417156299212596
11
5.6787401574803145
21
-3.6409448818897636
0
LINE
8
BLACK
6
CONTINUOUS
10
5.6787401574803145
20
-3.6409448818897636
11
5.6836065748031492
21
-3.6417156299212596
0
LINE
8
BLACK
6
CONTINUOUS
10
5.6836065748031492
20
-3.6417156299212596
11
5.6879966141732279
21
-3.6439524803149603
0
LINE
8
BLACK
6
CONTINUOUS
10
5.6879966141732279
20
-3.6439524803149603
11
5.6914805905511807
21
-3.6474364566929132
0
LINE
8
BLACK
6
CONTINUOUS
10
5.6914805905511807
20
-3.6474364566929132
11
5.6937174409448819
21
-3.6518264960629923
0
LINE
8
BLACK
6
CONTINUOUS
10
5.6937174409448819
20
-3.6518264960629923
11
5.6944881889763774
21
-3.6566929133858266
0
LINE
8
BLACK
6
CONTINUOUS
10
5.6944881889763774
20
-3.6566929133858266
11
5.6937174409448819
21
-3.6615593307086614
0
LINE
8
BLACK
6
CONTINUOUS
10
5.6937174409448819
20
-3.6615593307086614
11
5.6921604724409445
21
-3.664615
0
LINE
8
BLACK
6
CONTINUOUS
10
5.6921604724409445
20
-3.664615
11
5.7130201181102365
21
-3.6854050787401573
0
LINE
8
BLACK
6
CONTINUOUS
10
5.7130201181102365
20
-3.6854050787401573
11
5.713509724409449
21
-3.6860016929133859
0
LINE
8
BLACK
6
CONTINUOUS
10
5.713509724409449
20
-3.6860016929133859
11
5.7140975984251972
21
-3.6874209055118108
0
LINE
8
BLACK
6
CONTINUOUS
10
5.7140975984251972
20
-3.6874209055118108
11
5.7141732283464561
21
-3.6921259842519683
0
LINE
8
BLACK
6
CONTINUOUS
10
5.7141732283464561
20
-3.6921259842519683
11
5.7140996456692914
21
-3.6928732283464565
0
LINE
8
BLACK
6
CONTINUOUS
10
5.7140996456692914
20
-3.6928732283464565
11
5.7141199606299216
21
-3.7078740157480312
0
LINE
8
BLACK
6
CONTINUOUS
10
5.7141199606299216
20
-3.7078740157480312
11
5.7200787401574802
21
-3.7078740157480312
0
LINE
8
BLACK
6
CONTINUOUS
10
5.7200787401574802
20
-3.7078740157480312
11
5.7200787401574802
21
-3.7866141732283465
0
LINE
8
BLACK
6
CONTINUOUS
10
5.7200787401574802
20
-3.7866141732283465
11
5.7003937007874015
21
-3.7866141732283465
0
LINE
8
BLACK
6
CONTINUOUS
10
5.7003937007874015
20
-3.7866141732283465
11
5.7003937007874015
21
-3.7078740157480312
0
LINE
8
BLACK
6
CONTINUOUS
10
5.7003937007874015
20
-3.7078740157480312
11
5.7063205118110236
21
-3.7078740157480312
0
LINE
8
BLACK
6
CONTINUOUS
10
5.7063205118110236
20
-3.7078740157480312
11
5.7062992125984247
21
-3.6921259842519683
0
LINE
8
BLACK
6
CONTINUOUS
10
5.7062992125984247
20
-3.6921259842519683
11
5.7063535826771652
21
-3.6915734645669289
0
LINE
8
BLACK
6
CONTINUOUS
10
5.7063535826771652
20
-3.6915734645669289
11
5.7063241732283467
21
-3.6897434645669289
0
LINE
8
BLACK
6
CONTINUOUS
10
5.7063241732283467
20
-3.6897434645669289
11
5.6866397637795272
21
-3.6701246850393701
0
LINE
8
BLACK
6
CONTINUOUS
10
5.6866397637795272
20
-3.6701246850393701
11
5.6836065748031492
21
-3.6716701968503935
0
LINE
8
BLACK
6
CONTINUOUS
10
5.6836065748031492
20
-3.6716701968503935
11
5.6787401574803145
21
-3.6724409448818895
0
LINE
8
BLACK
6
CONTINUOUS
10
5.6787401574803145
20
-3.6724409448818895
11
5.6738737401574806
21
-3.6716701968503935
0
LINE
8
BLACK
6
CONTINUOUS
10
5.6738737401574806
20
-3.6716701968503935
11
5.669483700787401
21
-3.6694333464566928
0
LINE
8
BLACK
6
CONTINUOUS
10
5.669483700787401
20
-3.6694333464566928
11
5.6659997244094491
21
-3.66594937007874
0
LINE
8
BLACK
6
CONTINUOUS
10
5.6659997244094491
20
-3.66594937007874
11
5.663762874015748
21
-3.6615593307086614
0
LINE
8
BLACK
6
CONTINUOUS
10
5.663762874015748
20
-3.6615593307086614
11
5.6629921259842515
21
-3.6566929133858266
0
LINE
8
BLACK
6
CONTINUOUS
10
5.6629921259842515
20
-3.6566929133858266
11
5.663762874015748
21
-3.6518264960629923
0
LINE
8
BLACK
6
CONTINUOUS
10
5.663762874015748
20
-3.6518264960629923
11
5.6653075984251968
21
-3.6487947637795273
0
LINE
8
BLACK
6
CONTINUOUS
10
5.6653075984251968
20
-3.6487947637795273
11
5.6602082283464563
21
-3.6437287795275588
0
LINE
8
BLACK
6
CONTINUOUS
10
5.6602082283464563
20
-3.6437287795275588
11
5.6597186220472437
21
-3.6431321653543307
0
LINE
8
BLACK
6
CONTINUOUS
10
5.6597186220472437
20
-3.6431321653543307
11
5.6591307480314956
21
-3.6417129527559053
0
LINE
8
BLACK
6
CONTINUOUS
10
5.6591307480314956
20
-3.6417129527559053
11
5.6590989370078741
21
-3.6281496062992127
0
LINE
8
BLACK
6
CONTINUOUS
10
5.6590989370078741
20
-3.6281496062992127
11
5.6543799212598422
21
-3.6281496062992127
0
LINE
8
BLACK
6
CONTINUOUS
10
5.6543799212598422
20
-3.6281496062992127
11
5.6510841732283463
21
-3.6274940551181101
0
LINE
8
BLACK
6
CONTINUOUS
10
5.6510841732283463
20
-3.6274940551181101
11
5.6482901574803153
21
-3.6256271653543308
0
LINE
8
BLACK
6
CONTINUOUS
10
5.6482901574803153
20
-3.6256271653543308
11
5.6464232677165356
21
-3.6228331496062993
0
LINE
8
BLACK
6
CONTINUOUS
10
5.6464232677165356
20
-3.6228331496062993
11
5.645767716535433
21
-3.619537401574803
0
LINE
8
BLACK
6
CONTINUOUS
10
5.645767716535433
20
-3.619537401574803
11
5.645767716535433
21
-3.5993602362204724
0
LINE
8
BLACK
6
CONTINUOUS
10
5.645767716535433
20
-3.5993602362204724
11
5.6464232677165356
21
-3.5960644881889765
0
LINE
8
BLACK
6
CONTINUOUS
10
5.6464232677165356
20
-3.5960644881889765
11
5.6482901574803153
21
-3.593270472440945
0
LINE
8
BLACK
6
CONTINUOUS
10
5.6482901574803153
20
-3.593270472440945
11
5.6510841732283463
21
-3.5914035826771653
0
LINE
8
BLACK
6
CONTINUOUS
10
5.6510841732283463
20
-3.5914035826771653
11
5.6543799212598422
21
-3.5907480314960627
0
LINE
8
BLACK
6
CONTINUOUS
10
5.6543799212598422
20
-3.5907480314960627
11
5.6716043307086617
21
-3.5907480314960627
0
LINE
8
BLACK
6
CONTINUOUS
10
5.6716043307086617
20
-3.5907480314960627
11
5.6749000787401576
21
-3.5914035826771653
0
LINE
8
BLACK
6
CONTINUOUS
10
5.7369079527559057
20
-3.5914035826771653
11
5.7397019685039368
21
-3.593270472440945
0
LINE
8
BLACK
6
CONTINUOUS
10
5.7397019685039368
20
-3.593270472440945
11
5.7415688582677165
21
-3.5960644881889765
0
LINE
8
BLACK
6
CONTINUOUS
10
5.7415688582677165
20
-3.5960644881889765
11
5.7422244094488191
21
-3.5993602362204724
0
LINE
8
BLACK
6
CONTINUOUS
10
5.7422244094488191
20
-3.5993602362204724
11
5.7422244094488191
21
-3.6045840944881888
0
LINE
8
BLACK
6
CONTINUOUS
10
5.7422244094488191
20
-3.6045840944881888
11
5.754326062992126
21
-3.6045588188976376
0
LINE
8
BLACK
6
CONTINUOUS
10
5.754326062992126
20
-3.6045588188976376
11
5.7565509055118111
21
-3.6001923622047243
0
LINE
8
BLACK
6
CONTINUOUS
10
5.7565509055118111
20
-3.6001923622047243
11
5.760034881889764
21
-3.5967083858267714
0
LINE
8
BLACK
6
CONTINUOUS
10
5.760034881889764
20
-3.5967083858267714
11
5.7644249212598426
21
-3.5944715354330707
0
LINE
8
BLACK
6
CONTINUOUS
10
5.7644249212598426
20
-3.5944715354330707
11
5.7692913385826774
21
-3.5937007874015747
0
LINE
8
BLACK
6
CONTINUOUS
10
5.7692913385826774
20
-3.5937007874015747
11
5.7741577559055113
21
-3.5944715354330707
0
LINE
8
BLACK
6
CONTINUOUS
10
5.7741577559055113
20
-3.5944715354330707
11
5.7785477952755908
21
-3.5967083858267714
0
LINE
8
BLACK
6
CONTINUOUS
10
5.7785477952755908
20
-3.5967083858267714
11
5.7820317716535428
21
-3.6001923622047243
0
LINE
8
BLACK
6
CONTINUOUS
10
5.7820317716535428
20
-3.6001923622047243
11
5.7842686220472439
21
-3.6045824015748029
0
LINE
8
BLACK
6
CONTINUOUS
10
5.7842686220472439
20
-3.6045824015748029
11
5.7842690551181102
21
-3.6045851968503935
0
LINE
8
BLACK
6
CONTINUOUS
10
5.7842690551181102
20
-3.6045851968503935
11
5.7919291338582672
21
-3.6045674409448818
0
LINE
8
BLACK
6
CONTINUOUS
10
5.7919291338582672
20
-3.6045674409448818
11
5.7919291338582672
21
-3.5993602362204724
0
LINE
8
BLACK
6
CONTINUOUS
10
5.7919291338582672
20
-3.5993602362204724
11
5.7925846850393699
21
-3.5960644881889765
0
LINE
8
BLACK
6
CONTINUOUS
10
5.7925846850393699
20
-3.5960644881889765
11
5.7944515748031495
21
-3.593270472440945
0
LINE
8
BLACK
6
CONTINUOUS
10
5.7944515748031495
20
-3.593270472440945
11
5.7972455905511806
21
-3.5914035826771653
0
LINE
8
BLACK
6
CONTINUOUS
10
5.7972455905511806
20
-3.5914035826771653
11
5.8005413385826774
21
-3.5907480314960627
0
LINE
8
BLACK
6
CONTINUOUS
10
5.8005413385826774
20
-3.5907480314960627
11
5.8177657480314959
21
-3.5907480314960627
0
LINE
8
BLACK
6
CONTINUOUS
10
5.8177657480314959
20
-3.5907480314960627
11
5.8210614960629918
21
-3.5914035826771653
0
LINE
8
BLACK
6
CONTINUOUS
10
5.8210614960629918
20
-3.5914035826771653
11
5.8238555118110238
21
-3.593270472440945
0
LINE
8
BLACK
6
CONTINUOUS
10
5.8238555118110238
20
-3.593270472440945
11
5.8257224015748026
21
-3.5960644881889765
0
LINE
8
BLACK
6
CONTINUOUS
10
5.8257224015748026
20
-3.5960644881889765
11
5.8263779527559052
21
-3.5993602362204724
0
LINE
8
BLACK
6
CONTINUOUS
10
5.8263779527559052
20
-3.5993602362204724
11
5.8263779527559052
21
-3.619537401574803
0
LINE
8
BLACK
6
CONTINUOUS
10
5.8263779527559052
20
-3.619537401574803
11
5.8257224015748026
21
-3.6228331496062993
0
LINE
8
BLACK
6
CONTINUOUS
10
5.8257224015748026
20
-3.6228331496062993
11
5.8238555118110238
21
-3.6256271653543308
0
LINE
8
BLACK
6
CONTINUOUS
10
5.8238555118110238
20
-3.6256271653543308
11
5.8210614960629918
21
-3.6274940551181101
0
LINE
8
BLACK
6
CONTINUOUS
10
5.8210614960629918
20
-3.6274940551181101
11
5.8177657480314959
21
-3.6281496062992127
0
LINE
8
BLACK
6
CONTINUOUS
10
5.8177657480314959
20
-3.6281496062992127
11
5.8005413385826774
21
-3.6281496062992127
0
LINE
8
BLACK
6
CONTINUOUS
10
5.8005413385826774
20
-3.6281496062992127
11
5.7972455905511806
21
-3.6274940551181101
0
LINE
8
BLACK
6
CONTINUOUS
10
5.7972455905511806
20
-3.6274940551181101
11
5.7944515748031495
21
-3.6256271653543308
0
LINE
8
BLACK
6
CONTINUOUS
10
5.7944515748031495
20
-3.6256271653543308
11
5.7925846850393699
21
-3.6228331496062993
0
LINE
8
BLACK
6
CONTINUOUS
10
5.7925846850393699
20
-3.6228331496062993
11
5.7919291338582672
21
-3.619537401574803
0
LINE
8
BLACK
6
CONTINUOUS
10
5.7919291338582672
20
-3.619537401574803
11
5.7919291338582672
21
-3.6143175984251967
0
LINE
8
BLACK
6
CONTINUOUS
10
5.7919291338582672
20
-3.6143175984251967
11
5.7842583070866143
21
-3.6143353937007872
0
LINE
8
BLACK
6
CONTINUOUS
10
5.7842583070866143
20
-3.6143353937007872
11
5.7820317716535428
21
-3.6187052755905511
0
LINE
8
BLACK
6
CONTINUOUS
10
5.7820317716535428
20
-3.6187052755905511
11
5.7785477952755908
21
-3.6221892519685039
0
LINE
8
BLACK
6
CONTINUOUS
10
5.7785477952755908
20
-3.6221892519685039
11
5.7741577559055113
21
-3.6244261023622046
0
LINE
8
BLACK
6
CONTINUOUS
10
5.7741577559055113
20
-3.6244261023622046
11
5.7692913385826774
21
-3.6251968503937007
0
LINE
8
BLACK
6
CONTINUOUS
10
5.7692913385826774
20
-3.6251968503937007
11
5.7644249212598426
21
-3.6244261023622046
0
LINE
8
BLACK
6
CONTINUOUS
10
5.7644249212598426
20
-3.6244261023622046
11
5.760034881889764
21
-3.6221892519685039
0
LINE
8
BLACK
6
CONTINUOUS
10
5.760034881889764
20
-3.6221892519685039
11
5.7565509055118111
21
-3.6187052755905511
0
LINE
8
BLACK
6
CONTINUOUS
10
5.7565509055118111
20
-3.6187052755905511
11
5.75431405511811
21
-3.6143152362204725
0
LINE
8
BLACK
6
CONTINUOUS
10
5.75431405511811
20
-3.6143152362204725
11
5.7543130314960624
21
-3.6143088188976376
0
LINE
8
BLACK
6
CONTINUOUS
10
5.7543130314960624
20
-3.6143088188976376
11
5.7422244094488191
21
-3.61433405511811
0
LINE
8
BLACK
6
CONTINUOUS
10
5.7422244094488191
20
-3.61433405511811
11
5.7422244094488191
21
-3.619537401574803
0
LINE
8
BLACK
6
CONTINUOUS
10
5.7422244094488191
20
-3.619537401574803
11
5.7415688582677165
21
-3.6228331496062993
0
LINE
8
BLACK
6
CONTINUOUS
10
5.7415688582677165
20
-3.6228331496062993
11
5.7397019685039368
21
-3.6256271653543308
0
LINE
8
BLACK
6
CONTINUOUS
10
5.7397019685039368
20
-3.6256271653543308
11
5.7369079527559057
21
-3.6274940551181101
0
LINE
8
BLACK
6
CONTINUOUS
10
5.7369079527559057
20
-3.6274940551181101
11
5.7336122047244089
21
-3.6281496062992127
0
LINE
8
BLACK
6
CONTINUOUS
10
5.7336122047244089
20
-3.6281496062992127
11
5.7288959448818897
21
-3.6281496062992127
0
LINE
8
BLACK
6
CONTINUOUS
10
5.7288959448818897
20
-3.6281496062992127
11
5.7289342519685036
21
-3.6497425196850393
0
LINE
8
BLACK
6
CONTINUOUS
10
5.7289342519685036
20
-3.6497425196850393
11
5.7299207480314962
21
-3.6507230708661416
0
LINE
8
BLACK
6
CONTINUOUS
10
5.7299207480314962
20
-3.6507230708661416
11
5.730316456692913
21
-3.6504587007874014
0
LINE
8
BLACK
6
CONTINUOUS
10
5.730316456692913
20
-3.6504587007874014
11
5.7336122047244089
21
-3.6498031496062993
0
LINE
8
BLACK
6
CONTINUOUS
10
5.7336122047244089
20
-3.6498031496062993
11
5.7508366141732283
21
-3.6498031496062993
0
LINE
8
BLACK
6
CONTINUOUS
10
5.7508366141732283
20
-3.6498031496062993
11
5.7541323622047242
21
-3.6504587007874014
0
LINE
8
BLACK
6
CONTINUOUS
10
5.7541323622047242
20
-3.6504587007874014
11
5.7569263779527562
21
-3.6523255905511811
0
LINE
8
BLACK
6
CONTINUOUS
10
5.7569263779527562
20
-3.6523255905511811
11
5.758793267716535
21
-3.6551196062992126
0
LINE
8
BLACK
6
CONTINUOUS
10
5.758793267716535
20
-3.6551196062992126
11
5.7594488188976376
21
-3.6584153543307085
0
LINE
8
BLACK
6
CONTINUOUS
10
5.7594488188976376
20
-3.6584153543307085
11
5.7594488188976376
21
-3.6785925196850391
0
LINE
8
BLACK
6
CONTINUOUS
10
5.7594488188976376
20
-3.6785925196850391
11
5.758793267716535
21
-3.6818882677165354
0
LINE
8
BLACK
6
CONTINUOUS
10
5.758793267716535
20
-3.6818882677165354
11
5.7569263779527562
21
-3.6846822834645669
0
LINE
8
BLACK
6
CONTINUOUS
10
5.7569263779527562
20
-3.6846822834645669
11
5.7541323622047242
21
-3.6865491732283462
0
LINE
8
BLACK
6
CONTINUOUS
10
5.7541323622047242
20
-3.6865491732283462
11
5.7534830708661415
21
-3.686678307086614
0
LINE
8
BLACK
6
CONTINUOUS
10
5.7534830708661415
20
-3.686678307086614
11
5.7535041732283467
21
-3.7078740157480312
0
LINE
8
BLACK
6
CONTINUOUS
10
5.7535041732283467
20
-3.7078740157480312
11
5.7594488188976376
21
-3.7078740157480312
0
LINE
8
BLACK
6
CONTINUOUS
10
5.7594488188976376
20
-3.7078740157480312
11
5.7594488188976376
21
-3.7866141732283465
0
LINE
8
BLACK
6
CONTINUOUS
10
5.7594488188976376
20
-3.7866141732283465
11
5.7397637795275589
21
-3.7866141732283465
0
LINE
8
BLACK
6
CONTINUOUS
10
5.7397637795275589
20
-3.7866141732283465
11
5.7397637795275589
21
-3.7078740157480312
0
LINE
8
BLACK
6
CONTINUOUS
10
5.7397637795275589
20
-3.7078740157480312
11
5.7457050000000001
21
-3.7078740157480312
0
LINE
8
BLACK
6
CONTINUOUS
10
5.7457050000000001
20
-3.7078740157480312
11
5.7456844488188974
21
-3.6872047244094488
0
LINE
8
BLACK
6
CONTINUOUS
10
5.7456844488188974
20
-3.6872047244094488
11
5.7336122047244089
21
-3.6872047244094488
0
LINE
8
BLACK
6
CONTINUOUS
10
5.7336122047244089
20
-3.6872047244094488
11
5.730316456692913
21
-3.6865491732283462
0
LINE
8
BLACK
6
CONTINUOUS
10
5.730316456692913
20
-3.6865491732283462
11
5.7275224409448819
21
-3.6846822834645669
0
LINE
8
BLACK
6
CONTINUOUS
10
5.7275224409448819
20
-3.6846822834645669
11
5.7256555511811023
21
-3.6818882677165354
0
LINE
8
BLACK
6
CONTINUOUS
10
5.7256555511811023
20
-3.6818882677165354
11
5.7249999999999996
21
-3.6785925196850391
0
LINE
8
BLACK
6
CONTINUOUS
10
5.7249999999999996
20
-3.6785925196850391
11
5.7249999999999996
21
-3.6584153543307085
0
LINE
8
BLACK
6
CONTINUOUS
10
5.7249999999999996
20
-3.6584153543307085
11
5.7252631496062989
21
-3.6570922047244094
0
LINE
8
BLACK
6
CONTINUOUS
10
5.7252631496062989
20
-3.6570922047244094
11
5.7222161023622045
21
-3.6540634251968505
0
LINE
8
BLACK
6
CONTINUOUS
10
5.7222161023622045
20
-3.6540634251968505
11
5.7217264960629919
21
-3.6534668110236219
0
LINE
8
BLACK
6
CONTINUOUS
10
5.7217264960629919
20
-3.6534668110236219
11
5.7211386220472438
21
-3.6520475984251966
0
LINE
8
BLACK
6
CONTINUOUS
10
5.7211386220472438
20
-3.6520475984251966
11
5.7210961811023617
21
-3.6281496062992127
0
LINE
8
BLACK
6
CONTINUOUS
10
5.7210961811023617
20
-3.6281496062992127
11
5.7163877952755904
21
-3.6281496062992127
0
LINE
8
BLACK
6
CONTINUOUS
10
5.7163877952755904
20
-3.6281496062992127
11
5.7130920472440945
21
-3.6274940551181101
0
LINE
8
BLACK
6
CONTINUOUS
10
5.7130920472440945
20
-3.6274940551181101
11
5.7102980314960625
21
-3.6256271653543308
0
LINE
8
BLACK
6
CONTINUOUS
10
5.7102980314960625
20
-3.6256271653543308
11
5.7084311417322837
21
-3.6228331496062993
0
LINE
8
BLACK
6
CONTINUOUS
10
5.7084311417322837
20
-3.6228331496062993
11
5.7077755905511811
21
-3.619537401574803
0
LINE
8
BLACK
6
CONTINUOUS
10
5.7077755905511811
20
-3.619537401574803
11
5.7077755905511811
21
-3.5993602362204724
0
LINE
8
BLACK
6
CONTINUOUS
10
5.7077755905511811
20
-3.5993602362204724
11
5.7084311417322837
21
-3.5960644881889765
0
LINE
8
BLACK
6
CONTINUOUS
10
5.7084311417322837
20
-3.5960644881889765
11
5.7102980314960625
21
-3.593270472440945
0
LINE
8
BLACK
6
CONTINUOUS
10
5.7102980314960625
20
-3.593270472440945
11
5.7130920472440945
21
-3.5914035826771653
0
LINE
8
BLACK
6
CONTINUOUS
10
5.7130920472440945
20
-3.5914035826771653
11
5.7163877952755904
21
-3.5907480314960627
0
LINE
8
BLACK
6
CONTINUOUS
10
5.7163877952755904
20
-3.5907480314960627
11
5.7336122047244089
21
-3.5907480314960627
0
LINE
8
BLACK
6
CONTINUOUS
10
5.7336122047244089
20
-3.5907480314960627
11
5.7369079527559057
21
-3.5914035826771653
0
LINE
8
BLACK
6
CONTINUOUS
10
5.88306937007874
20
-3.5914035826771653
11
5.8858633858267719
21
-3.593270472440945
0
LINE
8
BLACK
6
CONTINUOUS
10
5.8858633858267719
20
-3.593270472440945
11
5.8877302755905507
21
-3.5960644881889765
0
LINE
8
BLACK
6
CONTINUOUS
10
5.8877302755905507
20
-3.5960644881889765
11
5.8883858267716533
21
-3.5993602362204724
0
LINE
8
BLACK
6
CONTINUOUS
10
5.8883858267716533
20
-3.5993602362204724
11
5.8883858267716533
21
-3.619537401574803
0
LINE
8
BLACK
6
CONTINUOUS
10
5.8883858267716533
20
-3.619537401574803
11
5.8877302755905507
21
-3.6228331496062993
0
LINE
8
BLACK
6
CONTINUOUS
10
5.8877302755905507
20
-3.6228331496062993
11
5.8858633858267719
21
-3.6256271653543308
0
LINE
8
BLACK
6
CONTINUOUS
10
5.8858633858267719
20
-3.6256271653543308
11
5.88306937007874
21
-3.6274940551181101
0
LINE
8
BLACK
6
CONTINUOUS
10
5.88306937007874
20
-3.6274940551181101
11
5.8797736220472441
21
-3.6281496062992127
0
LINE
8
BLACK
6
CONTINUOUS
10
5.8797736220472441
20
-3.6281496062992127
11
5.8760347637795274
21
-3.6281496062992127
0
LINE
8
BLACK
6
CONTINUOUS
10
5.8760347637795274
20
-3.6281496062992127
11
5.8760664173228347
21
-3.6414930708661415
0
LINE
8
BLACK
6
CONTINUOUS
10
5.8760664173228347
20
-3.6414930708661415
11
5.8795275590551181
21
-3.6409449212598424
0
LINE
8
BLACK
6
CONTINUOUS
10
5.8795275590551181
20
-3.6409449212598424
11
5.8843939763779529
21
-3.6417156692913384
0
LINE
8
BLACK
6
CONTINUOUS
10
5.8843939763779529
20
-3.6417156692913384
11
5.8887840157480316
21
-3.6439525196850391
0
LINE
8
BLACK
6
CONTINUOUS
10
5.8887840157480316
20
-3.6439525196850391
11
5.8922679921259844
21
-3.6474364960629919
0
LINE
8
BLACK
6
CONTINUOUS
10
5.8922679921259844
20
-3.6474364960629919
11
5.8945048425196847
21
-3.6518265354330706
0
LINE
8
BLACK
6
CONTINUOUS
10
5.8945048425196847
20
-3.6518265354330706
11
5.8952755905511811
21
-3.6566929527559053
0
LINE
8
BLACK
6
CONTINUOUS
10
5.8952755905511811
20
-3.6566929527559053
11
5.8945048425196847
21
-3.6615593700787401
0
LINE
8
BLACK
6
CONTINUOUS
10
5.8945048425196847
20
-3.6615593700787401
11
5.8922679921259844
21
-3.6659494094488188
0
LINE
8
BLACK
6
CONTINUOUS
10
5.8922679921259844
20
-3.6659494094488188
11
5.8887840157480316
21
-3.6694333858267716
0
LINE
8
BLACK
6
CONTINUOUS
10
5.8887840157480316
20
-3.6694333858267716
11
5.8843939763779529
21
-3.6716702362204723
0
LINE
8
BLACK
6
CONTINUOUS
10
5.8843939763779529
20
-3.6716702362204723
11
5.8795275590551181
21
-3.6724409842519683
0
LINE
8
BLACK
6
CONTINUOUS
10
5.8795275590551181
20
-3.6724409842519683
11
5.8746611417322834
21
-3.6716702362204723
0
LINE
8
BLACK
6
CONTINUOUS
10
5.8746611417322834
20
-3.6716702362204723
11
5.8716294094488184
21
-3.6701254724409447
0
LINE
8
BLACK
6
CONTINUOUS
10
5.8716294094488184
20
-3.6701254724409447
11
5.8665634645669291
21
-3.6752248425196852
0
LINE
8
BLACK
6
CONTINUOUS
10
5.8665634645669291
20
-3.6752248425196852
11
5.8659848031496065
21
-3.6756996850393699
0
LINE
8
BLACK
6
CONTINUOUS
10
5.8659848031496065
20
-3.6756996850393699
11
5.8375642125984255
21
-3.7042049212598425
0
LINE
8
BLACK
6
CONTINUOUS
10
5.8375642125984255
20
-3.7042049212598425
11
5.837730905511811
21
-3.7042382677165353
0
LINE
8
BLACK
6
CONTINUOUS
10
5.837730905511811
20
-3.7042382677165353
11
5.8380513385826767
21
-3.7044528740157481
0
LINE
8
BLACK
6
CONTINUOUS
10
5.8380513385826767
20
-3.7044528740157481
11
5.8384077952755904
21
-3.7046005118110235
0
LINE
8
BLACK
6
CONTINUOUS
10
5.8384077952755904
20
-3.7046005118110235
11
5.8386834251968507
21
-3.7048761417322833
0
LINE
8
BLACK
6
CONTINUOUS
10
5.8386834251968507
20
-3.7048761417322833
11
5.839007283464567
21
-3.7050930314960628
0
LINE
8
BLACK
6
CONTINUOUS
10
5.839007283464567
20
-3.7050930314960628
11
5.8392211811023618
21
-3.7054138976377953
0
LINE
8
BLACK
6
CONTINUOUS
10
5.8392211811023618
20
-3.7054138976377953
11
5.8394939763779528
21
-3.7056866929133858
0
LINE
8
BLACK
6
CONTINUOUS
10
5.8394939763779528
20
-3.7056866929133858
11
5.8396431496062995
21
-3.7060468503937005
0
LINE
8
BLACK
6
CONTINUOUS
10
5.8396431496062995
20
-3.7060468503937005
11
5.8398593700787398
21
-3.7063711811023623
0
LINE
8
BLACK
6
CONTINUOUS
10
5.8398593700787398
20
-3.7063711811023623
11
5.8399342125984255
21
-3.7067494881889762
0
LINE
8
BLACK
6
CONTINUOUS
10
5.8399342125984255
20
-3.7067494881889762
11
5.8400818503937009
21
-3.7071059448818895
0
LINE
8
BLACK
6
CONTINUOUS
10
5.8400818503937009
20
-3.7071059448818895
11
5.8400818503937009
21
-3.7074958267716536
0
LINE
8
BLACK
6
CONTINUOUS
10
5.8400818503937009
20
-3.7074958267716536
11
5.8401574803149607
21
-3.7078781496062989
0
LINE
8
BLACK
6
CONTINUOUS
10
5.8401574803149607
20
-3.7078781496062989
11
5.8400818503937009
21
-3.7082599606299214
0
LINE
8
BLACK
6
CONTINUOUS
10
5.8400818503937009
20
-3.7082599606299214
11
5.8400818503937009
21
-3.7086420866141729
0
LINE
8
BLACK
6
CONTINUOUS
10
5.8400818503937009
20
-3.7086420866141729
11
5.8399367716535435
21
-3.708992244094488
0
LINE
8
BLACK
6
CONTINUOUS
10
5.8399367716535435
20
-3.708992244094488
11
5.8381889763779524
21
-3.7178161417322833
0
LINE
8
BLACK
6
CONTINUOUS
10
5.8381889763779524
20
-3.7178161417322833
11
5.8381889763779524
21
-3.7866141732283465
0
LINE
8
BLACK
6
CONTINUOUS
10
5.8381889763779524
20
-3.7866141732283465
11
5.8185039370078737
21
-3.7866141732283465
0
LINE
8
BLACK
6
CONTINUOUS
10
5.8185039370078737
20
-3.7866141732283465
11
5.8185039370078737
21
-3.7078740157480312
0
LINE
8
BLACK
6
CONTINUOUS
10
5.8185039370078737
20
-3.7078740157480312
11
5.8244094488188978
21
-3.7078740157480312
0
LINE
8
BLACK
6
CONTINUOUS
10
5.8244094488188978
20
-3.7078740157480312
11
5.8244850787401576
21
-3.7071059842519682
0
LINE
8
BLACK
6
CONTINUOUS
10
5.8244850787401576
20
-3.7071059842519682
11
5.8250729527559058
21
-3.7056867716535433
0
LINE
8
BLACK
6
CONTINUOUS
10
5.8250729527559058
20
-3.7056867716535433
11
5.8250730314960633
21
-3.7056866929133858
0
LINE
8
BLACK
6
CONTINUOUS
10
5.8250730314960633
20
-3.7056866929133858
11
5.8609957086614175
21
-3.6696570472440944
0
LINE
8
BLACK
6
CONTINUOUS
10
5.8609957086614175
20
-3.6696570472440944
11
5.8615539370078737
21
-3.6691988188976379
0
LINE
8
BLACK
6
CONTINUOUS
10
5.8615539370078737
20
-3.6691988188976379
11
5.8661074015748031
21
-3.6646153937007875
0
LINE
8
BLACK
6
CONTINUOUS
10
5.8661074015748031
20
-3.6646153937007875
11
5.8645502755905508
21
-3.6615593700787401
0
LINE
8
BLACK
6
CONTINUOUS
10
5.8645502755905508
20
-3.6615593700787401
11
5.8637795275590552
21
-3.6566929527559053
0
LINE
8
BLACK
6
CONTINUOUS
10
5.8637795275590552
20
-3.6566929527559053
11
5.8645502755905508
21
-3.6518265354330706
0
LINE
8
BLACK
6
CONTINUOUS
10
5.8645502755905508
20
-3.6518265354330706
11
5.8663324409448814
21
-3.6483288188976375
0
LINE
8
BLACK
6
CONTINUOUS
10
5.8663324409448814
20
-3.6483288188976375
11
5.8662845669291341
21
-3.6281496062992127
0
LINE
8
BLACK
6
CONTINUOUS
10
5.8662845669291341
20
-3.6281496062992127
11
5.8625492125984247
21
-3.6281496062992127
0
LINE
8
BLACK
6
CONTINUOUS
10
5.8625492125984247
20
-3.6281496062992127
11
5.8592534645669287
21
-3.6274940551181101
0
LINE
8
BLACK
6
CONTINUOUS
10
5.8592534645669287
20
-3.6274940551181101
11
5.8564594488188977
21
-3.6256271653543308
0
LINE
8
BLACK
6
CONTINUOUS
10
5.8564594488188977
20
-3.6256271653543308
11
5.854592559055118
21
-3.6228331496062993
0
LINE
8
BLACK
6
CONTINUOUS
10
5.854592559055118
20
-3.6228331496062993
11
5.8539370078740154
21
-3.619537401574803
0
LINE
8
BLACK
6
CONTINUOUS
10
5.8539370078740154
20
-3.619537401574803
11
5.8539370078740154
21
-3.5993602362204724
0
LINE
8
BLACK
6
CONTINUOUS
10
5.8539370078740154
20
-3.5993602362204724
11
5.854592559055118
21
-3.5960644881889765
0
LINE
8
BLACK
6
CONTINUOUS
10
5.854592559055118
20
-3.5960644881889765
11
5.8564594488188977
21
-3.593270472440945
0
LINE
8
BLACK
6
CONTINUOUS
10
5.8564594488188977
20
-3.593270472440945
11
5.8592534645669287
21
-3.5914035826771653
0
LINE
8
BLACK
6
CONTINUOUS
10
5.8592534645669287
20
-3.5914035826771653
11
5.8625492125984247
21
-3.5907480314960627
0
LINE
8
BLACK
6
CONTINUOUS
10
5.8625492125984247
20
-3.5907480314960627
11
5.8797736220472441
21
-3.5907480314960627
0
LINE
8
BLACK
6
CONTINUOUS
10
5.8797736220472441
20
-3.5907480314960627
11
5.88306937007874
21
-3.5914035826771653
0
LINE
8
BLACK
6
CONTINUOUS
10
5.8775590551181098
20
-3.7866141732283465
11
5.8578740157480311
21
-3.7866141732283465
0
LINE
8
BLACK
6
CONTINUOUS
10
5.8578740157480311
20
-3.7866141732283465
11
5.8578740157480311
21
-3.7078740157480312
0
LINE
8
BLACK
6
CONTINUOUS
10
5.8578740157480311
20
-3.7078740157480312
11
5.8775590551181098
21
-3.7078740157480312
0
LINE
8
BLACK
6
CONTINUOUS
10
5.8775590551181098
20
-3.7078740157480312
11
5.8775590551181098
21
-3.7866141732283465
0
LINE
8
BLACK
6
CONTINUOUS
10
5.9670711417322835
20
-3.58955031496063
11
5.9714611811023621
21
-3.5917871653543307
0
LINE
8
BLACK
6
CONTINUOUS
10
5.9714611811023621
20
-3.5917871653543307
11
5.974945157480315
21
-3.5952711417322836
0
LINE
8
BLACK
6
CONTINUOUS
10
5.974945157480315
20
-3.5952711417322836
11
5.9771820078740152
21
-3.5996611811023622
0
LINE
8
BLACK
6
CONTINUOUS
10
5.9771820078740152
20
-3.5996611811023622
11
5.9779527559055117
21
-3.604527598425197
0
LINE
8
BLACK
6
CONTINUOUS
10
5.9779527559055117
20
-3.604527598425197
11
5.9771820078740152
21
-3.6093940157480313
0
LINE
8
BLACK
6
CONTINUOUS
10
5.9771820078740152
20
-3.6093940157480313
11
5.974945157480315
21
-3.61378405511811
0
LINE
8
BLACK
6
CONTINUOUS
10
5.974945157480315
20
-3.61378405511811
11
5.9714611811023621
21
-3.6172680314960628
0
LINE
8
BLACK
6
CONTINUOUS
10
5.9714611811023621
20
-3.6172680314960628
11
5.9685846062992125
21
-3.6187337007874016
0
LINE
8
BLACK
6
CONTINUOUS
10
5.9685846062992125
20
-3.6187337007874016
11
5.9686596062992123
21
-3.6839763779527557
0
LINE
8
BLACK
6
CONTINUOUS
10
5.9686596062992123
20
-3.6839763779527557
11
5.9713877952755903
21
-3.6839763779527557
0
LINE
8
BLACK
6
CONTINUOUS
10
5.9713877952755903
20
-3.6839763779527557
11
5.9746835433070862
21
-3.6846319291338583
0
LINE
8
BLACK
6
CONTINUOUS
10
5.9746835433070862
20
-3.6846319291338583
11
5.9774775590551181
21
-3.6864988188976375
0
LINE
8
BLACK
6
CONTINUOUS
10
5.9774775590551181
20
-3.6864988188976375
11
5.9793444488188978
21
-3.689292834645669
0
LINE
8
BLACK
6
CONTINUOUS
10
5.9793444488188978
20
-3.689292834645669
11
5.9799999999999995
21
-3.6925885826771654
0
LINE
8
BLACK
6
CONTINUOUS
10
5.9799999999999995
20
-3.6925885826771654
11
5.9799999999999995
21
-3.7127657480314959
0
LINE
8
BLACK
6
CONTINUOUS
10
5.9799999999999995
20
-3.7127657480314959
11
5.9793444488188978
21
-3.7160614960629919
0
LINE
8
BLACK
6
CONTINUOUS
10
5.9793444488188978
20
-3.7160614960629919
11
5.9774775590551181
21
-3.7188555118110234
0
LINE
8
BLACK
6
CONTINUOUS
10
5.9774775590551181
20
-3.7188555118110234
11
5.9746835433070862
21
-3.7207224015748031
0
LINE
8
BLACK
6
CONTINUOUS
10
5.9746835433070862
20
-3.7207224015748031
11
5.9713877952755903
21
-3.7213779527559052
0
LINE
8
BLACK
6
CONTINUOUS
10
5.9713877952755903
20
-3.7213779527559052
11
5.9686329527559057
21
-3.7213779527559052
0
LINE
8
BLACK
6
CONTINUOUS
10
5.9686329527559057
20
-3.7213779527559052
11
5.9686734645669288
21
-3.7336931102362203
0
LINE
8
BLACK
6
CONTINUOUS
10
5.9686734645669288
20
-3.7336931102362203
11
5.9797494094488188
21
-3.7446948031496063
0
LINE
8
BLACK
6
CONTINUOUS
10
5.9797494094488188
20
-3.7446948031496063
11
5.9809603543307084
21
-3.7440778346456693
0
LINE
8
BLACK
6
CONTINUOUS
10
5.9809603543307084
20
-3.7440778346456693
11
5.9858267716535432
21
-3.7433070866141733
0
LINE
8
BLACK
6
CONTINUOUS
10
5.9858267716535432
20
-3.7433070866141733
11
5.9906931889763779
21
-3.7440778346456693
0
LINE
8
BLACK
6
CONTINUOUS
10
5.9906931889763779
20
-3.7440778346456693
11
5.9950832283464566
21
-3.74631468503937
0
LINE
8
BLACK
6
CONTINUOUS
10
5.9950832283464566
20
-3.74631468503937
11
5.9985672047244094
21
-3.7497986614173229
0
LINE
8
BLACK
6
CONTINUOUS
10
5.9985672047244094
20
-3.7497986614173229
11
6.0008040551181097
21
-3.7541887007874015
0
LINE
8
BLACK
6
CONTINUOUS
10
6.0008040551181097
20
-3.7541887007874015
11
6.0015748031496061
21
-3.7590551181102363
0
LINE
8
BLACK
6
CONTINUOUS
10
6.0015748031496061
20
-3.7590551181102363
11
6.0008040551181097
21
-3.7639215354330706
0
LINE
8
BLACK
6
CONTINUOUS
10
6.0008040551181097
20
-3.7639215354330706
11
5.9985672047244094
21
-3.7683115748031497
0
LINE
8
BLACK
6
CONTINUOUS
10
5.9985672047244094
20
-3.7683115748031497
11
5.9950832283464566
21
-3.7717955511811021
0
LINE
8
BLACK
6
CONTINUOUS
10
5.9950832283464566
20
-3.7717955511811021
11
5.9906931889763779
21
-3.7740324015748032
0
LINE
8
BLACK
6
CONTINUOUS
10
5.9906931889763779
20
-3.7740324015748032
11
5.9858267716535432
21
-3.7748031496062993
0
LINE
8
BLACK
6
CONTINUOUS
10
5.9858267716535432
20
-3.7748031496062993
11
5.9809603543307084
21
-3.7740324015748032
0
LINE
8
BLACK
6
CONTINUOUS
10
5.9809603543307084
20
-3.7740324015748032
11
5.9765703149606297
21
-3.7717955511811021
0
LINE
8
BLACK
6
CONTINUOUS
10
5.9765703149606297
20
-3.7717955511811021
11
5.9730863385826769
21
-3.7683115748031497
0
LINE
8
BLACK
6
CONTINUOUS
10
5.9730863385826769
20
-3.7683115748031497
11
5.9708494881889767
21
-3.7639215354330706
0
LINE
8
BLACK
6
CONTINUOUS
10
5.9708494881889767
20
-3.7639215354330706
11
5.9700787401574802
21
-3.7590551181102363
0
LINE
8
BLACK
6
CONTINUOUS
10
5.9700787401574802
20
-3.7590551181102363
11
5.9708494881889767
21
-3.7541887007874015
0
LINE
8
BLACK
6
CONTINUOUS
10
5.9708494881889767
20
-3.7541887007874015
11
5.9714724015748031
21
-3.7529661417322835
0
LINE
8
BLACK
6
CONTINUOUS
10
5.9714724015748031
20
-3.7529661417322835
11
5.9585997637795272
21
-3.7401797637795275
0
LINE
8
BLACK
6
CONTINUOUS
10
5.9585997637795272
20
-3.7401797637795275
11
5.95786531496063
21
-3.7392848425196847
0
LINE
8
BLACK
6
CONTINUOUS
10
5.95786531496063
20
-3.7392848425196847
11
5.9572709448818895
21
-3.7378498818897636
0
LINE
8
BLACK
6
CONTINUOUS
10
5.9572709448818895
20
-3.7378498818897636
11
5.9569835433070866
21
-3.7371560629921259
0
LINE
8
BLACK
6
CONTINUOUS
10
5.9569835433070866
20
-3.7371560629921259
11
5.9569316141732278
21
-3.7213779527559052
0
LINE
8
BLACK
6
CONTINUOUS
10
5.9569316141732278
20
-3.7213779527559052
11
5.9541633858267717
21
-3.7213779527559052
0
LINE
8
BLACK
6
CONTINUOUS
10
5.9541633858267717
20
-3.7213779527559052
11
5.9508676377952758
21
-3.7207224015748031
0
LINE
8
BLACK
6
CONTINUOUS
10
5.9508676377952758
20
-3.7207224015748031
11
5.9480736220472439
21
-3.7188555118110234
0
LINE
8
BLACK
6
CONTINUOUS
10
5.9480736220472439
20
-3.7188555118110234
11
5.9462067322834642
21
-3.7160614960629919
0
LINE
8
BLACK
6
CONTINUOUS
10
5.9462067322834642
20
-3.7160614960629919
11
5.9455511811023625
21
-3.7127657480314959
0
LINE
8
BLACK
6
CONTINUOUS
10
5.9455511811023625
20
-3.7127657480314959
11
5.9455511811023625
21
-3.6925885826771654
0
LINE
8
BLACK
6
CONTINUOUS
10
5.9455511811023625
20
-3.6925885826771654
11
5.9462067322834642
21
-3.689292834645669
0
LINE
8
BLACK
6
CONTINUOUS
10
5.9462067322834642
20
-3.689292834645669
11
5.9480736220472439
21
-3.6864988188976375
0
LINE
8
BLACK
6
CONTINUOUS
10
5.9480736220472439
20
-3.6864988188976375
11
5.9508676377952758
21
-3.6846319291338583
0
LINE
8
BLACK
6
CONTINUOUS
10
5.9508676377952758
20
-3.6846319291338583
11
5.9541633858267717
21
-3.6839763779527557
0
LINE
8
BLACK
6
CONTINUOUS
10
5.9541633858267717
20
-3.6839763779527557
11
5.9569607086614171
21
-3.6839763779527557
0
LINE
8
BLACK
6
CONTINUOUS
10
5.9569607086614171
20
-3.6839763779527557
11
5.9568863385826774
21
-3.6192746062992125
0
LINE
8
BLACK
6
CONTINUOUS
10
5.9568863385826774
20
-3.6192746062992125
11
5.9529482677165353
21
-3.6172680314960628
0
LINE
8
BLACK
6
CONTINUOUS
10
5.9529482677165353
20
-3.6172680314960628
11
5.9494642913385825
21
-3.61378405511811
0
LINE
8
BLACK
6
CONTINUOUS
10
5.9494642913385825
20
-3.61378405511811
11
5.9472274409448813
21
-3.6093940157480313
0
LINE
8
BLACK
6
CONTINUOUS
10
5.9472274409448813
20
-3.6093940157480313
11
5.9464566929133857
21
-3.604527598425197
0
LINE
8
BLACK
6
CONTINUOUS
10
5.9464566929133857
20
-3.604527598425197
11
5.9472274409448813
21
-3.5996611811023622
0
LINE
8
BLACK
6
CONTINUOUS
10
5.9472274409448813
20
-3.5996611811023622
11
5.9494642913385825
21
-3.5952711417322836
0
LINE
8
BLACK
6
CONTINUOUS
10
5.9494642913385825
20
-3.5952711417322836
11
5.9529482677165353
21
-3.5917871653543307
0
LINE
8
BLACK
6
CONTINUOUS
10
5.9529482677165353
20
-3.5917871653543307
11
5.9573383070866139
21
-3.58955031496063
0
LINE
8
BLACK
6
CONTINUOUS
10
5.9573383070866139
20
-3.58955031496063
11
5.9622047244094487
21
-3.5887795669291336
0
LINE
8
BLACK
6
CONTINUOUS
10
5.9622047244094487
20
-3.5887795669291336
11
5.9670711417322835
21
-3.58955031496063
0
CIRCLE
8
BLACK
10
5.9326771653543302
20
-3.7688976377952756
40
0.0068897637795276
0
CIRCLE
8
BLACK
10
5.6452755905511811
20
-3.9381889763779525
40
0.0068897637795276
0
CIRCLE
8
BLACK
10
5.6452755905511811
20
-3.7688976377952756
40
0.0068897637795276
0
CIRCLE
8
BLACK
10
6.8829904724409445
20
-3.9034662204724411
40
0.0078740157480315
0
CIRCLE
8
BLACK
10
6.8137795275590554
20
-3.6326771653543308
40
0.0078740157480315
0
CIRCLE
8
BLACK
10
6.8837795275590548
20
-3.9626771653543305
40
0.0078740157480315
0
CIRCLE
8
BLACK
10
6.9937795275590551
20
-3.6826771653543307
40
0.0078740157480315
0
CIRCLE
8
BLACK
10
6.9837795275590553
20
-3.9026771653543304
40
0.0078740157480315
0
CIRCLE
8
BLACK
10
6.8637795275590552
20
-3.6326771653543308
40
0.0078740157480315
0
CIRCLE
8
BLACK
10
6.9837795275590553
20
-3.9526771653543307
40
0.0078740157480315
0
CIRCLE
8
BLACK
10
6.953779527559055
20
-3.6826771653543307
40
0.0078740157480315
0
CIRCLE
8
BLACK
10
6.7537795275590549
20
-3.6326771653543308
40
0.0078740157480315
0
CIRCLE
8
BLACK
10
6.9037795275590552
20
-3.6826771653543307
40
0.0078740157480315
0
CIRCLE
8
BLACK
10
6.1944881889763774
20
-3.88503937007874
40
0.0078740157480315
0
CIRCLE
8
BLACK
10
6.4700787401574802
20
-4.1015748031496058
40
0.0078740157480315
0
CIRCLE
8
BLACK
10
6.6196850393700783
20
-3.9283464566929132
40
0.0078740157480315
0
CIRCLE
8
BLACK
10
6.22992125984252
20
-3.9723220472440945
40
0.0078740157480315
0
CIRCLE
8
BLACK
10
5.7062992125984247
20
-4.0543307086614169
40
0.0078740157480315
0
CIRCLE
8
BLACK
10
6.5921259842519682
20
-3.8181102362204724
40
0.0078740157480315
0
CIRCLE
8
BLACK
10
6.5251968503937006
20
-4.1015748031496058
40
0.0078740157480315
0
CIRCLE
8
BLACK
10
6.3165354330708663
20
-3.7372440944881888
40
0.0078740157480315
0
CIRCLE
8
BLACK
10
6.5566929133858265
20
-3.8072834251968501
40
0.0078740157480315
0
CIRCLE
8
BLACK
10
6.2771653543307089
20
-3.8811023622047243
40
0.0078740157480315
0
CIRCLE
8
BLACK
10
6.540446771653543
20
-3.771364251968504
40
0.0078740157480315
0
CIRCLE
8
BLACK
10
6.5842519685039367
20
-4.1015748031496058
40
0.0078740157480315
0
CIRCLE
8
BLACK
10
5.7653543307086617
20
-4.0543307086614169
40
0.0078740157480315
0
CIRCLE
8
BLACK
10
6.0212598425196848
20
-3.8062992125984252
40
0.0078740157480315
0
CIRCLE
8
BLACK
10
5.820472440944882
20
-4.0543307086614169
40
0.0078740157480315
0
CIRCLE
8
BLACK
10
6.1226492125984251
20
-3.7039370078740155
40
0.0078740157480315
0
CIRCLE
8
BLACK
10
5.65511811023622
20
-4.0543307086614169
40
0.0078740157480315
0
CIRCLE
8
BLACK
10
5.6433070866141728
20
-3.7078740157480312
40
0.0078740157480315
0
CIRCLE
8
BLACK
10
5.8362293307086617
20
-3.6518990157480316
40
0.0078740157480315
0
CIRCLE
8
BLACK
10
6.0685449212598428
20
-4.0504346850393702
40
0.0078740157480315
0
CIRCLE
8
BLACK
10
6.6590551181102358
20
-4.0622047244094484
40
0.0078740157480315
0
CIRCLE
8
BLACK
10
6.3007874015748033
20
-4.0503937007874011
40
0.0078740157480315
0
CIRCLE
8
BLACK
10
6.1944881889763774
20
-4.0492125196850397
40
0.0078740157480315
0
CIRCLE
8
BLACK
10
6.2338582677165357
20
-4.0937007874015743
40
0.0078740157480315
0
CIRCLE
8
BLACK
10
6.2023622047244089
20
-3.6527559055118108
40
0.0078740157480315
0
CIRCLE
8
BLACK
10
5.7692913385826774
20
-3.6094488188976377
40
0.0078740157480315
0
CIRCLE
8
BLACK
10
6.6367125984251967
20
-3.6918058267716534
40
0.0078740157480315
0
CIRCLE
8
BLACK
10
5.9740157480314959
20
-4.09763779527559
40
0.0078740157480315
0
CIRCLE
8
BLACK
10
6.5145493700787398
20
-3.8771648818897635
40
0.0078740157480315
0
CIRCLE
8
BLACK
10
5.9858267716535432
20
-3.7590551181102363
40
0.0078740157480315
0
CIRCLE
8
BLACK
10
6.3874015748031496
20
-3.8102362204724409
40
0.0078740157480315
0
CIRCLE
8
BLACK
10
6.4677165354330706
20
-3.6192909448818895
40
0.0078740157480315
0
CIRCLE
8
BLACK
10
6.4188976377952756
20
-3.9874015748031497
40
0.0078740157480315
0
CIRCLE
8
BLACK
10
6.0448818897637793
20
-3.9362204724409446
40
0.0078740157480315
0
CIRCLE
8
BLACK
10
5.9622047244094487
20
-3.604527598425197
40
0.0078740157480315
0
CIRCLE
8
BLACK
10
6.7496062992125987
20
-3.9519685039370076
40
0.0078740157480315
0
CIRCLE
8
BLACK
10
6.6393700787401571
20
-3.8653543307086613
40
0.0078740157480315
0
CIRCLE
8
BLACK
10
6.6038947244094484
20
-3.7236825984251967
40
0.0078740157480315
0
CIRCLE
8
BLACK
10
6.7496062992125987
20
-3.900787401574803
40
0.0078740157480315
0
CIRCLE
8
BLACK
10
6.5301574803149602
20
-3.6586614173228345
40
0.0078740157480315
0
CIRCLE
8
BLACK
10
6.336220472440945
20
-3.6326771653543308
40
0.0078740157480315
0
CIRCLE
8
BLACK
10
6.6393699606299208
20
-3.8102361023622047
40
0.0078740157480315
0
CIRCLE
8
BLACK
10
5.6787401574803145
20
-3.6566929133858266
40
0.0078740157480315
0
CIRCLE
8
BLACK
10
5.8795275590551181
20
-3.6566929527559053
40
0.0078740157480315
0
CIRCLE
8
BLACK
10
6.6354330708661413
20
-3.7590551181102363
40
0.0078740157480315
0
CIRCLE
8
BLACK
10
6.5212598425196848
20
-3.9322834645669289
40
0.0078740157480315
0
CIRCLE
8
BLACK
10
6.0842519685039367
20
-3.7236220472440946
40
0.0078740157480315
0
CIRCLE
8
BLACK
10
6.5696679133858265
20
-3.8869887401574803
40
0.0078740157480315
0
CIRCLE
8
BLACK
10
6.0786185039370073
20
-3.7691625590551179
40
0.0078740157480315
  0
ENDSEC
  0
EOF
