  0
SECTION
  2
HEADER
  9
$ANGBASE
  50
0.0
  9
$ANGDIR
  70
1
  9
$MEASUREMENT
  70
0
  0
ENDSEC
  0
SECTION
  2
TABLES
  0
TABLE
  2
LTYPE
  70
4
  0
LTYPE
  5
40F
  2
CONTINUOUS
  70
0
  3
Solid line
  72
65
  73
0
  40
0.0
  0
LTYPE
  5
410
  2
DASHDOT
 70
0
  3
Dash Dot ____ _ ____ _
 72
65
 73
4
 40
2.0
 49
1.25
 49
-0.25
 49
0.25
 49
-0.25
  0
LTYPE
  5
411
  2
DASHED
 70
0
  3
Dashed __ __ __ __ __
 72
65
 73
2
 40
0.75
 49
0.5
 49
-0.25
  0
LTYPE
  5
43B
  2
DOTTED
 70
0
  3
Dotted .  .  .  .
 72
65
 73
2
 40
0.2
 49
0.0
 49
-0.2
  0
ENDTAB
  0
TABLE
  2
STYLE
  70
4
  0
STYLE
  2
KICAD
  70
0
  40
0
  41
1
  42
1
  50
0
  71
0
  3
isocp.shx
  0
STYLE
  2
KICADB
  70
0
  40
0
  41
1
  42
1
  50
0
  71
0
  3
isocp.shx
  0
STYLE
  2
KICADI
  70
0
  40
0
  41
1
  42
1
  50
15
  71
0
  3
isocp.shx
  0
STYLE
  2
KICADBI
  70
0
  40
0
  41
1
  42
1
  50
15
  71
0
  3
isocp.shx
  0
ENDTAB
  0
TABLE
  2
LAYER
  70
1
  0
LAYER
  2
BLACK
  70
0
  62
7
  6
CONTINUOUS
  0
ENDTAB
  0
ENDSEC
  0
SECTION
  2
ENTITIES
0
LINE
8
BLACK
6
CONTINUOUS
10
6.3789661417322829
20
-4.1155341338582678
11
6.3802445669291341
21
-4.1168125590551181
0
LINE
8
BLACK
6
CONTINUOUS
10
6.3802445669291341
20
-4.1168125590551181
11
6.3802445669291341
21
-4.1186205118110237
0
LINE
8
BLACK
6
CONTINUOUS
10
6.3802445669291341
20
-4.1186205118110237
11
6.3789661417322829
21
-4.119898937007874
0
LINE
8
BLACK
6
CONTINUOUS
10
6.3789661417322829
20
-4.119898937007874
11
6.3780621653543301
21
-4.1200787401574805
0
LINE
8
BLACK
6
CONTINUOUS
10
6.3780621653543301
20
-4.1200787401574805
11
6.3652449212598423
21
-4.1200787401574805
0
LINE
8
BLACK
6
CONTINUOUS
10
6.3652449212598423
20
-4.1200787401574805
11
6.3643409448818895
21
-4.119898937007874
0
LINE
8
BLACK
6
CONTINUOUS
10
6.3643409448818895
20
-4.119898937007874
11
6.3630625196850392
21
-4.1186205118110237
0
LINE
8
BLACK
6
CONTINUOUS
10
6.3630625196850392
20
-4.1186205118110237
11
6.3630625196850392
21
-4.1168125590551181
0
LINE
8
BLACK
6
CONTINUOUS
10
6.3630625196850392
20
-4.1168125590551181
11
6.3643409448818895
21
-4.1155341338582678
0
LINE
8
BLACK
6
CONTINUOUS
10
6.3643409448818895
20
-4.1155341338582678
11
6.3652449212598423
21
-4.1153543307086613
0
LINE
8
BLACK
6
CONTINUOUS
10
6.3652449212598423
20
-4.1153543307086613
11
6.3780621653543301
21
-4.1153543307086613
0
LINE
8
BLACK
6
CONTINUOUS
10
6.3780621653543301
20
-4.1153543307086613
11
6.3789661417322829
21
-4.1155341338582678
0
LINE
8
BLACK
6
CONTINUOUS
10
6.1066039370078737
20
-4.1145892519685034
11
6.107882362204724
21
-4.1158676771653546
0
LINE
8
BLACK
6
CONTINUOUS
10
6.107882362204724
20
-4.1158676771653546
11
6.107882362204724
21
-4.1176756299212594
0
LINE
8
BLACK
6
CONTINUOUS
10
6.107882362204724
20
-4.1176756299212594
11
6.1066039370078737
21
-4.1189540551181105
0
LINE
8
BLACK
6
CONTINUOUS
10
6.1066039370078737
20
-4.1189540551181105
11
6.1056999606299209
21
-4.1191338582677162
0
LINE
8
BLACK
6
CONTINUOUS
10
6.1056999606299209
20
-4.1191338582677162
11
6.0928827165354331
21
-4.1191338582677162
0
LINE
8
BLACK
6
CONTINUOUS
10
6.0928827165354331
20
-4.1191338582677162
11
6.0919787401574803
21
-4.1189540551181105
0
LINE
8
BLACK
6
CONTINUOUS
10
6.0919787401574803
20
-4.1189540551181105
11
6.09070031496063
21
-4.1176756299212594
0
LINE
8
BLACK
6
CONTINUOUS
10
6.09070031496063
20
-4.1176756299212594
11
6.09070031496063
21
-4.1158676771653546
0
LINE
8
BLACK
6
CONTINUOUS
10
6.09070031496063
20
-4.1158676771653546
11
6.0919787401574803
21
-4.1145892519685034
0
LINE
8
BLACK
6
CONTINUOUS
10
6.0919787401574803
20
-4.1145892519685034
11
6.0928827165354331
21
-4.1144094488188978
0
LINE
8
BLACK
6
CONTINUOUS
10
6.0928827165354331
20
-4.1144094488188978
11
6.1056999606299209
21
-4.1144094488188978
0
LINE
8
BLACK
6
CONTINUOUS
10
6.1056999606299209
20
-4.1144094488188978
11
6.1066039370078737
21
-4.1145892519685034
0
LINE
8
BLACK
6
CONTINUOUS
10
6.7446047637795274
20
-4.0206522440944878
11
6.7458831889763777
21
-4.0219306692913381
0
LINE
8
BLACK
6
CONTINUOUS
10
6.7458831889763777
20
-4.0219306692913381
11
6.7460629921259843
21
-4.0228346456692909
0
LINE
8
BLACK
6
CONTINUOUS
10
6.7460629921259843
20
-4.0228346456692909
11
6.7460629921259843
21
-4.1015748031496058
0
LINE
8
BLACK
6
CONTINUOUS
10
6.7460629921259843
20
-4.1015748031496058
11
6.7458831889763777
21
-4.1024787795275586
0
LINE
8
BLACK
6
CONTINUOUS
10
6.7458831889763777
20
-4.1024787795275586
11
6.7446047637795274
21
-4.1037572047244097
0
LINE
8
BLACK
6
CONTINUOUS
10
6.7446047637795274
20
-4.1037572047244097
11
6.7437007874015746
21
-4.1039370078740154
0
LINE
8
BLACK
6
CONTINUOUS
10
6.7437007874015746
20
-4.1039370078740154
11
6.5744094488188978
21
-4.1039370078740154
0
LINE
8
BLACK
6
CONTINUOUS
10
6.5744094488188978
20
-4.1039370078740154
11
6.573505472440945
21
-4.1037572047244097
0
LINE
8
BLACK
6
CONTINUOUS
10
6.573505472440945
20
-4.1037572047244097
11
6.5722270472440947
21
-4.1024787795275586
0
LINE
8
BLACK
6
CONTINUOUS
10
6.5722270472440947
20
-4.1024787795275586
11
6.5722270472440947
21
-4.1006708267716538
0
LINE
8
BLACK
6
CONTINUOUS
10
6.5722270472440947
20
-4.1006708267716538
11
6.573505472440945
21
-4.0993924015748027
0
LINE
8
BLACK
6
CONTINUOUS
10
6.573505472440945
20
-4.0993924015748027
11
6.5744094488188978
21
-4.099212598425197
0
LINE
8
BLACK
6
CONTINUOUS
10
6.5744094488188978
20
-4.099212598425197
11
6.741338582677165
21
-4.099212598425197
0
LINE
8
BLACK
6
CONTINUOUS
10
6.741338582677165
20
-4.099212598425197
11
6.741338582677165
21
-4.0251968503937006
0
LINE
8
BLACK
6
CONTINUOUS
10
6.741338582677165
20
-4.0251968503937006
11
6.5744094488188978
21
-4.0251968503937006
0
LINE
8
BLACK
6
CONTINUOUS
10
6.5744094488188978
20
-4.0251968503937006
11
6.573505472440945
21
-4.025017047244094
0
LINE
8
BLACK
6
CONTINUOUS
10
6.573505472440945
20
-4.025017047244094
11
6.5722270472440947
21
-4.0237386220472438
0
LINE
8
BLACK
6
CONTINUOUS
10
6.5722270472440947
20
-4.0237386220472438
11
6.5722270472440947
21
-4.0219306692913381
0
LINE
8
BLACK
6
CONTINUOUS
10
6.5722270472440947
20
-4.0219306692913381
11
6.573505472440945
21
-4.0206522440944878
0
LINE
8
BLACK
6
CONTINUOUS
10
6.573505472440945
20
-4.0206522440944878
11
6.5744094488188978
21
-4.0204724409448822
0
LINE
8
BLACK
6
CONTINUOUS
10
6.5744094488188978
20
-4.0204724409448822
11
6.7437007874015746
21
-4.0204724409448822
0
LINE
8
BLACK
6
CONTINUOUS
10
6.7437007874015746
20
-4.0204724409448822
11
6.7446047637795274
21
-4.0206522440944878
0
LINE
8
BLACK
6
CONTINUOUS
10
6.8273606692913384
20
-4.02104594488189
11
6.8286390944881887
21
-4.0223243700787403
0
LINE
8
BLACK
6
CONTINUOUS
10
6.8286390944881887
20
-4.0223243700787403
11
6.8288188976377953
21
-4.0232283464566931
0
LINE
8
BLACK
6
CONTINUOUS
10
6.8288188976377953
20
-4.0232283464566931
11
6.8288188976377953
21
-4.0917322834645669
0
LINE
8
BLACK
6
CONTINUOUS
10
6.8288188976377953
20
-4.0917322834645669
11
6.8835433070866143
21
-4.0917322834645669
0
LINE
8
BLACK
6
CONTINUOUS
10
6.8835433070866143
20
-4.0917322834645669
11
6.8844472834645671
21
-4.0919120866141734
0
LINE
8
BLACK
6
CONTINUOUS
10
6.8844472834645671
20
-4.0919120866141734
11
6.8857257086614174
21
-4.0931905118110237
0
LINE
8
BLACK
6
CONTINUOUS
10
6.8857257086614174
20
-4.0931905118110237
11
6.8857257086614174
21
-4.0949984645669293
0
LINE
8
BLACK
6
CONTINUOUS
10
6.8857257086614174
20
-4.0949984645669293
11
6.8844472834645671
21
-4.0962768897637796
0
LINE
8
BLACK
6
CONTINUOUS
10
6.8844472834645671
20
-4.0962768897637796
11
6.8835433070866143
21
-4.0964566929133861
0
LINE
8
BLACK
6
CONTINUOUS
10
6.8835433070866143
20
-4.0964566929133861
11
6.8264566929133856
21
-4.0964566929133861
0
LINE
8
BLACK
6
CONTINUOUS
10
6.8264566929133856
20
-4.0964566929133861
11
6.8255527165354328
21
-4.0962768897637796
0
LINE
8
BLACK
6
CONTINUOUS
10
6.8255527165354328
20
-4.0962768897637796
11
6.8242742913385825
21
-4.0949984645669293
0
LINE
8
BLACK
6
CONTINUOUS
10
6.8242742913385825
20
-4.0949984645669293
11
6.824094488188976
21
-4.0940944881889765
0
LINE
8
BLACK
6
CONTINUOUS
10
6.824094488188976
20
-4.0940944881889765
11
6.824094488188976
21
-4.0255905511811019
0
LINE
8
BLACK
6
CONTINUOUS
10
6.824094488188976
20
-4.0255905511811019
11
6.7874803149606295
21
-4.0255905511811019
0
LINE
8
BLACK
6
CONTINUOUS
10
6.7874803149606295
20
-4.0255905511811019
11
6.7865763385826767
21
-4.0254107480314962
0
LINE
8
BLACK
6
CONTINUOUS
10
6.7865763385826767
20
-4.0254107480314962
11
6.7852979133858264
21
-4.0241323228346459
0
LINE
8
BLACK
6
CONTINUOUS
10
6.7852979133858264
20
-4.0241323228346459
11
6.7852979133858264
21
-4.0223243700787403
0
LINE
8
BLACK
6
CONTINUOUS
10
6.7852979133858264
20
-4.0223243700787403
11
6.7865763385826767
21
-4.02104594488189
0
LINE
8
BLACK
6
CONTINUOUS
10
6.7865763385826767
20
-4.02104594488189
11
6.7874803149606295
21
-4.0208661417322835
0
LINE
8
BLACK
6
CONTINUOUS
10
6.7874803149606295
20
-4.0208661417322835
11
6.8264566929133856
21
-4.0208661417322835
0
LINE
8
BLACK
6
CONTINUOUS
10
6.8264566929133856
20
-4.0208661417322835
11
6.8273606692913384
21
-4.02104594488189
0
LINE
8
BLACK
6
CONTINUOUS
10
5.9080879133858266
20
-4.0170487795275589
11
5.9082677165354331
21
-4.0179527559055117
0
LINE
8
BLACK
6
CONTINUOUS
10
5.9082677165354331
20
-4.0179527559055117
11
5.9082677165354331
21
-4.088818897637795
0
LINE
8
BLACK
6
CONTINUOUS
10
5.9082677165354331
20
-4.088818897637795
11
5.9080879133858266
21
-4.0897228740157479
0
LINE
8
BLACK
6
CONTINUOUS
10
5.9080879133858266
20
-4.0897228740157479
11
5.9068094881889763
21
-4.0910012992125981
0
LINE
8
BLACK
6
CONTINUOUS
10
5.9068094881889763
20
-4.0910012992125981
11
5.9050015354330707
21
-4.0910012992125981
0
LINE
8
BLACK
6
CONTINUOUS
10
5.9050015354330707
20
-4.0910012992125981
11
5.9037231102362204
21
-4.0897228740157479
0
LINE
8
BLACK
6
CONTINUOUS
10
5.9037231102362204
20
-4.0897228740157479
11
5.9035433070866139
21
-4.088818897637795
0
LINE
8
BLACK
6
CONTINUOUS
10
5.9035433070866139
20
-4.088818897637795
11
5.9035433070866139
21
-4.0179527559055117
0
LINE
8
BLACK
6
CONTINUOUS
10
5.9035433070866139
20
-4.0179527559055117
11
5.9037231102362204
21
-4.0170487795275589
0
LINE
8
BLACK
6
CONTINUOUS
10
5.9037231102362204
20
-4.0170487795275589
11
5.9050015354330707
21
-4.0157703543307086
0
LINE
8
BLACK
6
CONTINUOUS
10
5.9050015354330707
20
-4.0157703543307086
11
5.9068094881889763
21
-4.0157703543307086
0
LINE
8
BLACK
6
CONTINUOUS
10
5.9068094881889763
20
-4.0157703543307086
11
5.9080879133858266
21
-4.0170487795275589
0
LINE
8
BLACK
6
CONTINUOUS
10
6.0348595669291338
20
-3.9914582283464566
11
6.0350393700787404
21
-3.9923622047244094
0
LINE
8
BLACK
6
CONTINUOUS
10
6.0350393700787404
20
-3.9923622047244094
11
6.0350393700787404
21
-4.088818897637795
0
LINE
8
BLACK
6
CONTINUOUS
10
6.0350393700787404
20
-4.088818897637795
11
6.0348595669291338
21
-4.0897228740157479
0
LINE
8
BLACK
6
CONTINUOUS
10
6.0348595669291338
20
-4.0897228740157479
11
6.0335811417322835
21
-4.0910012992125981
0
LINE
8
BLACK
6
CONTINUOUS
10
6.0335811417322835
20
-4.0910012992125981
11
6.0317731889763779
21
-4.0910012992125981
0
LINE
8
BLACK
6
CONTINUOUS
10
6.0317731889763779
20
-4.0910012992125981
11
6.0304947637795276
21
-4.0897228740157479
0
LINE
8
BLACK
6
CONTINUOUS
10
6.0304947637795276
20
-4.0897228740157479
11
6.0303149606299211
21
-4.088818897637795
0
LINE
8
BLACK
6
CONTINUOUS
10
6.0303149606299211
20
-4.088818897637795
11
6.0303149606299211
21
-3.9923622047244094
0
LINE
8
BLACK
6
CONTINUOUS
10
6.0303149606299211
20
-3.9923622047244094
11
6.0304947637795276
21
-3.9914582283464566
0
LINE
8
BLACK
6
CONTINUOUS
10
6.0304947637795276
20
-3.9914582283464566
11
6.0317731889763779
21
-3.9901798031496063
0
LINE
8
BLACK
6
CONTINUOUS
10
6.0317731889763779
20
-3.9901798031496063
11
6.0335811417322835
21
-3.9901798031496063
0
LINE
8
BLACK
6
CONTINUOUS
10
6.0335811417322835
20
-3.9901798031496063
11
6.0348595669291338
21
-3.9914582283464566
0
LINE
8
BLACK
6
CONTINUOUS
10
5.8802745669291339
20
-4.0612959448818895
11
5.8803725590551181
21
-4.061336535433071
0
LINE
8
BLACK
6
CONTINUOUS
10
5.8803725590551181
20
-4.061336535433071
11
5.8804783858267715
21
-4.0613440551181101
0
LINE
8
BLACK
6
CONTINUOUS
10
5.8804783858267715
20
-4.0613440551181101
11
5.8810190157480315
21
-4.0615509448818896
0
LINE
8
BLACK
6
CONTINUOUS
10
5.8810190157480315
20
-4.0615509448818896
11
5.8847685433070867
21
-4.0634257086614172
0
LINE
8
BLACK
6
CONTINUOUS
10
5.8847685433070867
20
-4.0634257086614172
11
5.8850164173228343
21
-4.0635817322834642
0
LINE
8
BLACK
6
CONTINUOUS
10
5.8850164173228343
20
-4.0635817322834642
11
5.8850884645669286
21
-4.0636115748031498
0
LINE
8
BLACK
6
CONTINUOUS
10
5.8850884645669286
20
-4.0636115748031498
11
5.8851694881889767
21
-4.0636780708661417
0
LINE
8
BLACK
6
CONTINUOUS
10
5.8851694881889767
20
-4.0636780708661417
11
5.8852584251968505
21
-4.0637340551181103
0
LINE
8
BLACK
6
CONTINUOUS
10
5.8852584251968505
20
-4.0637340551181103
11
5.8853095669291333
21
-4.0637930314960631
0
LINE
8
BLACK
6
CONTINUOUS
10
5.8853095669291333
20
-4.0637930314960631
11
5.8855359055118113
21
-4.0639787795275586
0
LINE
8
BLACK
6
CONTINUOUS
10
5.8855359055118113
20
-4.0639787795275586
11
5.8874107086614176
21
-4.0658535433070861
0
LINE
8
BLACK
6
CONTINUOUS
10
5.8874107086614176
20
-4.0658535433070861
11
5.8875964566929131
21
-4.0660798818897641
0
LINE
8
BLACK
6
CONTINUOUS
10
5.8875964566929131
20
-4.0660798818897641
11
5.8876555118110234
21
-4.0661311023622044
0
LINE
8
BLACK
6
CONTINUOUS
10
5.8876555118110234
20
-4.0661311023622044
11
5.8877114960629919
21
-4.0662200393700783
0
LINE
8
BLACK
6
CONTINUOUS
10
5.8877114960629919
20
-4.0662200393700783
11
5.8877779527559051
21
-4.0663010236220476
0
LINE
8
BLACK
6
CONTINUOUS
10
5.8877779527559051
20
-4.0663010236220476
11
5.887807755905512
21
-4.0663729527559056
0
LINE
8
BLACK
6
CONTINUOUS
10
5.887807755905512
20
-4.0663729527559056
11
5.8879638582677165
21
-4.0666209842519683
0
LINE
8
BLACK
6
CONTINUOUS
10
5.8879638582677165
20
-4.0666209842519683
11
5.8898386220472441
21
-4.0703705118110234
0
LINE
8
BLACK
6
CONTINUOUS
10
5.8898386220472441
20
-4.0703705118110234
11
5.8900455118110235
21
-4.0709111023622047
0
LINE
8
BLACK
6
CONTINUOUS
10
5.8900455118110235
20
-4.0709111023622047
11
5.8900530314960626
21
-4.0710169685039368
0
LINE
8
BLACK
6
CONTINUOUS
10
5.8900530314960626
20
-4.0710169685039368
11
5.8900936220472442
21
-4.0711149606299211
0
LINE
8
BLACK
6
CONTINUOUS
10
5.8900936220472442
20
-4.0711149606299211
11
5.8901503543307081
21
-4.0716910236220469
0
LINE
8
BLACK
6
CONTINUOUS
10
5.8901503543307081
20
-4.0716910236220469
11
5.8901503543307081
21
-4.0791900787401572
0
LINE
8
BLACK
6
CONTINUOUS
10
5.8901503543307081
20
-4.0791900787401572
11
5.8900936220472442
21
-4.079766141732283
0
LINE
8
BLACK
6
CONTINUOUS
10
5.8900936220472442
20
-4.079766141732283
11
5.8900530314960626
21
-4.0798640944881885
0
LINE
8
BLACK
6
CONTINUOUS
10
5.8900530314960626
20
-4.0798640944881885
11
5.8900455118110235
21
-4.0799700000000003
0
LINE
8
BLACK
6
CONTINUOUS
10
5.8900455118110235
20
-4.0799700000000003
11
5.8898386220472441
21
-4.0805105905511807
0
LINE
8
BLACK
6
CONTINUOUS
10
5.8898386220472441
20
-4.0805105905511807
11
5.8879638582677165
21
-4.0842601181102358
0
LINE
8
BLACK
6
CONTINUOUS
10
5.8879638582677165
20
-4.0842601181102358
11
5.887807755905512
21
-4.0845081102362206
0
LINE
8
BLACK
6
CONTINUOUS
10
5.887807755905512
20
-4.0845081102362206
11
5.8877779527559051
21
-4.0845800787401574
0
LINE
8
BLACK
6
CONTINUOUS
10
5.8877779527559051
20
-4.0845800787401574
11
5.8877114960629919
21
-4.0846610236220471
0
LINE
8
BLACK
6
CONTINUOUS
10
5.8877114960629919
20
-4.0846610236220471
11
5.8876555118110234
21
-4.0847499999999997
0
LINE
8
BLACK
6
CONTINUOUS
10
5.8876555118110234
20
-4.0847499999999997
11
5.8875964566929131
21
-4.0848011811023621
0
LINE
8
BLACK
6
CONTINUOUS
10
5.8875964566929131
20
-4.0848011811023621
11
5.8874107086614176
21
-4.0850275590551179
0
LINE
8
BLACK
6
CONTINUOUS
10
5.8874107086614176
20
-4.0850275590551179
11
5.8855359055118113
21
-4.0869023228346455
0
LINE
8
BLACK
6
CONTINUOUS
10
5.8855359055118113
20
-4.0869023228346455
11
5.8853095669291333
21
-4.0870880314960631
0
LINE
8
BLACK
6
CONTINUOUS
10
5.8853095669291333
20
-4.0870880314960631
11
5.8852584251968505
21
-4.0871470472440947
0
LINE
8
BLACK
6
CONTINUOUS
10
5.8852584251968505
20
-4.0871470472440947
11
5.8851694881889767
21
-4.0872029921259845
0
LINE
8
BLACK
6
CONTINUOUS
10
5.8851694881889767
20
-4.0872029921259845
11
5.8850884645669286
21
-4.0872695275590551
0
LINE
8
BLACK
6
CONTINUOUS
10
5.8850884645669286
20
-4.0872695275590551
11
5.8850164173228343
21
-4.0872993307086611
0
LINE
8
BLACK
6
CONTINUOUS
10
5.8850164173228343
20
-4.0872993307086611
11
5.8847685433070867
21
-4.0874553937007869
0
LINE
8
BLACK
6
CONTINUOUS
10
5.8847685433070867
20
-4.0874553937007869
11
5.8810190157480315
21
-4.0893301574803145
0
LINE
8
BLACK
6
CONTINUOUS
10
5.8810190157480315
20
-4.0893301574803145
11
5.8804783858267715
21
-4.0895370472440948
0
LINE
8
BLACK
6
CONTINUOUS
10
5.8804783858267715
20
-4.0895370472440948
11
5.8803725590551181
21
-4.0895445275590552
0
LINE
8
BLACK
6
CONTINUOUS
10
5.8803725590551181
20
-4.0895445275590552
11
5.8802745669291339
21
-4.0895851574803146
0
LINE
8
BLACK
6
CONTINUOUS
10
5.8802745669291339
20
-4.0895851574803146
11
5.879698503937008
21
-4.0896418897637794
0
LINE
8
BLACK
6
CONTINUOUS
10
5.879698503937008
20
-4.0896418897637794
11
5.8478275196850396
21
-4.0896418897637794
0
LINE
8
BLACK
6
CONTINUOUS
10
5.8478275196850396
20
-4.0896418897637794
11
5.8472514566929137
21
-4.0895851574803146
0
LINE
8
BLACK
6
CONTINUOUS
10
5.8472514566929137
20
-4.0895851574803146
11
5.8461870472440944
21
-4.089144251968504
0
LINE
8
BLACK
6
CONTINUOUS
10
5.8461870472440944
20
-4.089144251968504
11
5.845372401574803
21
-4.0883296062992125
0
LINE
8
BLACK
6
CONTINUOUS
10
5.845372401574803
20
-4.0883296062992125
11
5.8449314960629923
21
-4.0872651968503932
0
LINE
8
BLACK
6
CONTINUOUS
10
5.8449314960629923
20
-4.0872651968503932
11
5.8449314960629923
21
-4.0861130708661415
0
LINE
8
BLACK
6
CONTINUOUS
10
5.8449314960629923
20
-4.0861130708661415
11
5.845372401574803
21
-4.0850486614173231
0
LINE
8
BLACK
6
CONTINUOUS
10
5.845372401574803
20
-4.0850486614173231
11
5.8461870472440944
21
-4.0842340157480317
0
LINE
8
BLACK
6
CONTINUOUS
10
5.8461870472440944
20
-4.0842340157480317
11
5.8472514566929137
21
-4.0837931102362202
0
LINE
8
BLACK
6
CONTINUOUS
10
5.8472514566929137
20
-4.0837931102362202
11
5.8478275196850396
21
-4.0837363779527562
0
LINE
8
BLACK
6
CONTINUOUS
10
5.8478275196850396
20
-4.0837363779527562
11
5.8790014566929134
21
-4.0837363779527562
0
LINE
8
BLACK
6
CONTINUOUS
10
5.8790014566929134
20
-4.0837363779527562
11
5.8816989370078741
21
-4.0823875984251972
0
LINE
8
BLACK
6
CONTINUOUS
10
5.8816989370078741
20
-4.0823875984251972
11
5.8828961023622046
21
-4.0811904724409445
0
LINE
8
BLACK
6
CONTINUOUS
10
5.8828961023622046
20
-4.0811904724409445
11
5.8842448425196849
21
-4.0784930314960626
0
LINE
8
BLACK
6
CONTINUOUS
10
5.8842448425196849
20
-4.0784930314960626
11
5.8842448425196849
21
-4.0723880708661415
0
LINE
8
BLACK
6
CONTINUOUS
10
5.8842448425196849
20
-4.0723880708661415
11
5.8828961023622046
21
-4.0696905905511809
0
LINE
8
BLACK
6
CONTINUOUS
10
5.8828961023622046
20
-4.0696905905511809
11
5.8816989370078741
21
-4.0684934645669291
0
LINE
8
BLACK
6
CONTINUOUS
10
5.8816989370078741
20
-4.0684934645669291
11
5.8790014566929134
21
-4.0671447244094487
0
LINE
8
BLACK
6
CONTINUOUS
10
5.8790014566929134
20
-4.0671447244094487
11
5.8478275196850396
21
-4.0671447244094487
0
LINE
8
BLACK
6
CONTINUOUS
10
5.8478275196850396
20
-4.0671447244094487
11
5.8472514566929137
21
-4.0670879921259839
0
LINE
8
BLACK
6
CONTINUOUS
10
5.8472514566929137
20
-4.0670879921259839
11
5.8461870472440944
21
-4.0666470866141733
0
LINE
8
BLACK
6
CONTINUOUS
10
5.8461870472440944
20
-4.0666470866141733
11
5.845372401574803
21
-4.0658324409448818
0
LINE
8
BLACK
6
CONTINUOUS
10
5.845372401574803
20
-4.0658324409448818
11
5.8449314960629923
21
-4.0647680314960626
0
LINE
8
BLACK
6
CONTINUOUS
10
5.8449314960629923
20
-4.0647680314960626
11
5.8449314960629923
21
-4.0636159055118108
0
LINE
8
BLACK
6
CONTINUOUS
10
5.8449314960629923
20
-4.0636159055118108
11
5.845372401574803
21
-4.0625514960629916
0
LINE
8
BLACK
6
CONTINUOUS
10
5.845372401574803
20
-4.0625514960629916
11
5.8461870472440944
21
-4.061736850393701
0
LINE
8
BLACK
6
CONTINUOUS
10
5.8461870472440944
20
-4.061736850393701
11
5.8472514566929137
21
-4.0612959448818895
0
LINE
8
BLACK
6
CONTINUOUS
10
5.8472514566929137
20
-4.0612959448818895
11
5.8478275196850396
21
-4.0612392125984247
0
LINE
8
BLACK
6
CONTINUOUS
10
5.8478275196850396
20
-4.0612392125984247
11
5.879698503937008
21
-4.0612392125984247
0
LINE
8
BLACK
6
CONTINUOUS
10
5.879698503937008
20
-4.0612392125984247
11
5.8802745669291339
21
-4.0612959448818895
0
LINE
8
BLACK
6
CONTINUOUS
10
6.1726548425196848
20
-4.0140566535433067
11
6.1728346456692913
21
-4.0149606299212595
0
LINE
8
BLACK
6
CONTINUOUS
10
6.1728346456692913
20
-4.0149606299212595
11
6.1728346456692913
21
-4.0858267716535428
0
LINE
8
BLACK
6
CONTINUOUS
10
6.1728346456692913
20
-4.0858267716535428
11
6.1726548425196848
21
-4.0867307480314956
0
LINE
8
BLACK
6
CONTINUOUS
10
6.1726548425196848
20
-4.0867307480314956
11
6.1713764173228345
21
-4.0880091732283468
0
LINE
8
BLACK
6
CONTINUOUS
10
6.1713764173228345
20
-4.0880091732283468
11
6.1695684645669289
21
-4.0880091732283468
0
LINE
8
BLACK
6
CONTINUOUS
10
6.1695684645669289
20
-4.0880091732283468
11
6.1682900393700786
21
-4.0867307480314956
0
LINE
8
BLACK
6
CONTINUOUS
10
6.1682900393700786
20
-4.0867307480314956
11
6.1681102362204721
21
-4.0858267716535428
0
LINE
8
BLACK
6
CONTINUOUS
10
6.1681102362204721
20
-4.0858267716535428
11
6.1681102362204721
21
-4.0149606299212595
0
LINE
8
BLACK
6
CONTINUOUS
10
6.1681102362204721
20
-4.0149606299212595
11
6.1682900393700786
21
-4.0140566535433067
0
LINE
8
BLACK
6
CONTINUOUS
10
6.1682900393700786
20
-4.0140566535433067
11
6.1695684645669289
21
-4.0127782283464564
0
LINE
8
BLACK
6
CONTINUOUS
10
6.1695684645669289
20
-4.0127782283464564
11
6.1713764173228345
21
-4.0127782283464564
0
LINE
8
BLACK
6
CONTINUOUS
10
6.1713764173228345
20
-4.0127782283464564
11
6.1726548425196848
21
-4.0140566535433067
0
LINE
8
BLACK
6
CONTINUOUS
10
6.299426496062992
20
-3.9884661023622048
11
6.2996062992125985
21
-3.9893700787401576
0
LINE
8
BLACK
6
CONTINUOUS
10
6.2996062992125985
20
-3.9893700787401576
11
6.2996062992125985
21
-4.0858267716535428
0
LINE
8
BLACK
6
CONTINUOUS
10
6.2996062992125985
20
-4.0858267716535428
11
6.299426496062992
21
-4.0867307480314956
0
LINE
8
BLACK
6
CONTINUOUS
10
6.299426496062992
20
-4.0867307480314956
11
6.2981480708661417
21
-4.0880091732283468
0
LINE
8
BLACK
6
CONTINUOUS
10
6.2981480708661417
20
-4.0880091732283468
11
6.2963401181102361
21
-4.0880091732283468
0
LINE
8
BLACK
6
CONTINUOUS
10
6.2963401181102361
20
-4.0880091732283468
11
6.2950616929133858
21
-4.0867307480314956
0
LINE
8
BLACK
6
CONTINUOUS
10
6.2950616929133858
20
-4.0867307480314956
11
6.2948818897637793
21
-4.0858267716535428
0
LINE
8
BLACK
6
CONTINUOUS
10
6.2948818897637793
20
-4.0858267716535428
11
6.2948818897637793
21
-3.9893700787401576
0
LINE
8
BLACK
6
CONTINUOUS
10
6.2948818897637793
20
-3.9893700787401576
11
6.2950616929133858
21
-3.9884661023622048
0
LINE
8
BLACK
6
CONTINUOUS
10
6.2950616929133858
20
-3.9884661023622048
11
6.2963401181102361
21
-3.987187677165354
0
LINE
8
BLACK
6
CONTINUOUS
10
6.2963401181102361
20
-3.987187677165354
11
6.2981480708661417
21
-3.987187677165354
0
LINE
8
BLACK
6
CONTINUOUS
10
6.2981480708661417
20
-3.987187677165354
11
6.299426496062992
21
-3.9884661023622048
0
LINE
8
BLACK
6
CONTINUOUS
10
6.6239135826771651
20
-4.0378168503937006
11
6.6239913385826767
21
-4.037811338582677
0
LINE
8
BLACK
6
CONTINUOUS
10
6.6239913385826767
20
-4.037811338582677
11
6.6240935826771654
21
-4.037834566929134
0
LINE
8
BLACK
6
CONTINUOUS
10
6.6240935826771654
20
-4.037834566929134
11
6.62419811023622
21
-4.0378448818897636
0
LINE
8
BLACK
6
CONTINUOUS
10
6.62419811023622
20
-4.0378448818897636
11
6.6242701968503939
21
-4.0378747244094484
0
LINE
8
BLACK
6
CONTINUOUS
10
6.6242701968503939
20
-4.0378747244094484
11
6.624555787401575
21
-4.0379396850393698
0
LINE
8
BLACK
6
CONTINUOUS
10
6.624555787401575
20
-4.0379396850393698
11
6.6301800787401577
21
-4.0398144488188974
0
LINE
8
BLACK
6
CONTINUOUS
10
6.6301800787401577
20
-4.0398144488188974
11
6.6307086220472442
21
-4.0400504330708662
0
LINE
8
BLACK
6
CONTINUOUS
10
6.6307086220472442
20
-4.0400504330708662
11
6.6307887401574801
21
-4.0401199212598424
0
LINE
8
BLACK
6
CONTINUOUS
10
6.6307887401574801
20
-4.0401199212598424
11
6.6308868110236219
21
-4.0401605511811018
0
LINE
8
BLACK
6
CONTINUOUS
10
6.6308868110236219
20
-4.0401605511811018
11
6.6313342519685037
21
-4.0405277559055115
0
LINE
8
BLACK
6
CONTINUOUS
10
6.6313342519685037
20
-4.0405277559055115
11
6.6350837795275588
21
-4.0442772834645666
0
LINE
8
BLACK
6
CONTINUOUS
10
6.6350837795275588
20
-4.0442772834645666
11
6.6352696062992127
21
-4.0445036614173224
0
LINE
8
BLACK
6
CONTINUOUS
10
6.6352696062992127
20
-4.0445036614173224
11
6.6353285433070868
21
-4.0445548031496061
0
LINE
8
BLACK
6
CONTINUOUS
10
6.6353285433070868
20
-4.0445548031496061
11
6.635384409448819
21
-4.0446435433070862
0
LINE
8
BLACK
6
CONTINUOUS
10
6.635384409448819
20
-4.0446435433070862
11
6.6354510236220472
21
-4.0447247244094484
0
LINE
8
BLACK
6
CONTINUOUS
10
6.6354510236220472
20
-4.0447247244094484
11
6.6354808661417319
21
-4.0447968503937011
0
LINE
8
BLACK
6
CONTINUOUS
10
6.6354808661417319
20
-4.0447968503937011
11
6.635636889763779
21
-4.04504468503937
0
LINE
8
BLACK
6
CONTINUOUS
10
6.635636889763779
20
-4.04504468503937
11
6.6375116535433065
21
-4.0487942125984251
0
LINE
8
BLACK
6
CONTINUOUS
10
6.6375116535433065
20
-4.0487942125984251
11
6.6375277559055119
21
-4.0488362992125984
0
LINE
8
BLACK
6
CONTINUOUS
10
6.6375277559055119
20
-4.0488362992125984
11
6.6375404724409446
21
-4.0488534645669292
0
LINE
8
BLACK
6
CONTINUOUS
10
6.6375404724409446
20
-4.0488534645669292
11
6.6376265354330704
21
-4.0490943700787403
0
LINE
8
BLACK
6
CONTINUOUS
10
6.6376265354330704
20
-4.0490943700787403
11
6.6377185433070869
21
-4.0493348031496064
0
LINE
8
BLACK
6
CONTINUOUS
10
6.6377185433070869
20
-4.0493348031496064
11
6.6377200393700786
21
-4.0493560629921257
0
LINE
8
BLACK
6
CONTINUOUS
10
6.6377200393700786
20
-4.0493560629921257
11
6.6377352362204727
21
-4.0493985826771652
0
LINE
8
BLACK
6
CONTINUOUS
10
6.6377352362204727
20
-4.0493985826771652
11
6.6396100000000002
21
-4.0568976377952755
0
LINE
8
BLACK
6
CONTINUOUS
10
6.6396100000000002
20
-4.0568976377952755
11
6.6396247637795272
21
-4.0569974803149602
0
LINE
8
BLACK
6
CONTINUOUS
10
6.6396247637795272
20
-4.0569974803149602
11
6.6396414173228342
21
-4.057037716535433
0
LINE
8
BLACK
6
CONTINUOUS
10
6.6396414173228342
20
-4.057037716535433
11
6.6396627559055119
21
-4.0572547244094483
0
LINE
8
BLACK
6
CONTINUOUS
10
6.6396627559055119
20
-4.0572547244094483
11
6.6396946456692909
21
-4.057470236220472
0
LINE
8
BLACK
6
CONTINUOUS
10
6.6396946456692909
20
-4.057470236220472
11
6.6396882283464569
21
-4.0575132283464566
0
LINE
8
BLACK
6
CONTINUOUS
10
6.6396882283464569
20
-4.0575132283464566
11
6.639698149606299
21
-4.0576137795275589
0
LINE
8
BLACK
6
CONTINUOUS
10
6.639698149606299
20
-4.0576137795275589
11
6.639698149606299
21
-4.0632380708661415
0
LINE
8
BLACK
6
CONTINUOUS
10
6.639698149606299
20
-4.0632380708661415
11
6.6396882283464569
21
-4.0633385826771651
0
LINE
8
BLACK
6
CONTINUOUS
10
6.6396882283464569
20
-4.0633385826771651
11
6.6396946456692909
21
-4.0633816141732284
0
LINE
8
BLACK
6
CONTINUOUS
10
6.6396946456692909
20
-4.0633816141732284
11
6.6396627559055119
21
-4.0635970866141733
0
LINE
8
BLACK
6
CONTINUOUS
10
6.6396627559055119
20
-4.0635970866141733
11
6.6396414173228342
21
-4.0638141338582674
0
LINE
8
BLACK
6
CONTINUOUS
10
6.6396414173228342
20
-4.0638141338582674
11
6.6396247637795272
21
-4.0638543307086614
0
LINE
8
BLACK
6
CONTINUOUS
10
6.6396247637795272
20
-4.0638543307086614
11
6.6396100000000002
21
-4.0639542125984249
0
LINE
8
BLACK
6
CONTINUOUS
10
6.6396100000000002
20
-4.0639542125984249
11
6.6377352362204727
21
-4.0714532677165352
0
LINE
8
BLACK
6
CONTINUOUS
10
6.6377352362204727
20
-4.0714532677165352
11
6.6377200393700786
21
-4.0714957480314959
0
LINE
8
BLACK
6
CONTINUOUS
10
6.6377200393700786
20
-4.0714957480314959
11
6.6377185433070869
21
-4.071517047244094
0
LINE
8
BLACK
6
CONTINUOUS
10
6.6377185433070869
20
-4.071517047244094
11
6.6376267716535429
21
-4.0717567716535434
0
LINE
8
BLACK
6
CONTINUOUS
10
6.6376267716535429
20
-4.0717567716535434
11
6.6375404724409446
21
-4.0719983858267712
0
LINE
8
BLACK
6
CONTINUOUS
10
6.6375404724409446
20
-4.0719983858267712
11
6.6375277559055119
21
-4.0720155118110233
0
LINE
8
BLACK
6
CONTINUOUS
10
6.6375277559055119
20
-4.0720155118110233
11
6.6375116535433065
21
-4.0720576377952753
0
LINE
8
BLACK
6
CONTINUOUS
10
6.6375116535433065
20
-4.0720576377952753
11
6.635636889763779
21
-4.0758071653543304
0
LINE
8
BLACK
6
CONTINUOUS
10
6.635636889763779
20
-4.0758071653543304
11
6.6354808267716532
21
-4.076055039370079
0
LINE
8
BLACK
6
CONTINUOUS
10
6.6354808267716532
20
-4.076055039370079
11
6.6354510236220472
21
-4.0761270866141732
0
LINE
8
BLACK
6
CONTINUOUS
10
6.6354510236220472
20
-4.0761270866141732
11
6.6353844881889765
21
-4.0762081102362204
0
LINE
8
BLACK
6
CONTINUOUS
10
6.6353844881889765
20
-4.0762081102362204
11
6.6353285433070868
21
-4.0762970472440943
0
LINE
8
BLACK
6
CONTINUOUS
10
6.6353285433070868
20
-4.0762970472440943
11
6.6352695275590552
21
-4.076348188976378
0
LINE
8
BLACK
6
CONTINUOUS
10
6.6352695275590552
20
-4.076348188976378
11
6.6350838188976375
21
-4.076574527559055
0
LINE
8
BLACK
6
CONTINUOUS
10
6.6350838188976375
20
-4.076574527559055
11
6.6313342519685037
21
-4.0803241338582676
0
LINE
8
BLACK
6
CONTINUOUS
10
6.6313342519685037
20
-4.0803241338582676
11
6.6308868110236219
21
-4.0806913385826773
0
LINE
8
BLACK
6
CONTINUOUS
10
6.6308868110236219
20
-4.0806913385826773
11
6.6307887401574801
21
-4.080731929133858
0
LINE
8
BLACK
6
CONTINUOUS
10
6.6307887401574801
20
-4.080731929133858
11
6.6307086220472442
21
-4.0808014566929129
0
LINE
8
BLACK
6
CONTINUOUS
10
6.6307086220472442
20
-4.0808014566929129
11
6.6301800787401577
21
-4.0810374409448817
0
LINE
8
BLACK
6
CONTINUOUS
10
6.6301800787401577
20
-4.0810374409448817
11
6.624555787401575
21
-4.0829122047244093
0
LINE
8
BLACK
6
CONTINUOUS
10
6.624555787401575
20
-4.0829122047244093
11
6.6242701968503939
21
-4.082977125984252
0
LINE
8
BLACK
6
CONTINUOUS
10
6.6242701968503939
20
-4.082977125984252
11
6.62419811023622
21
-4.0830070078740155
0
LINE
8
BLACK
6
CONTINUOUS
10
6.62419811023622
20
-4.0830070078740155
11
6.6240935826771654
21
-4.0830172834645673
0
LINE
8
BLACK
6
CONTINUOUS
10
6.6240935826771654
20
-4.0830172834645673
11
6.6239913385826767
21
-4.0830405511811021
0
LINE
8
BLACK
6
CONTINUOUS
10
6.6239913385826767
20
-4.0830405511811021
11
6.6239135826771651
21
-4.0830349999999997
0
LINE
8
BLACK
6
CONTINUOUS
10
6.6239135826771651
20
-4.0830349999999997
11
6.6236220472440941
21
-4.0830637401574803
0
LINE
8
BLACK
6
CONTINUOUS
10
6.6236220472440941
20
-4.0830637401574803
11
6.6142482283464563
21
-4.0830637401574803
0
LINE
8
BLACK
6
CONTINUOUS
10
6.6142482283464563
20
-4.0830637401574803
11
6.6136721653543304
21
-4.0830070078740155
0
LINE
8
BLACK
6
CONTINUOUS
10
6.6136721653543304
20
-4.0830070078740155
11
6.6126077559055121
21
-4.0825661023622049
0
LINE
8
BLACK
6
CONTINUOUS
10
6.6126077559055121
20
-4.0825661023622049
11
6.6117931102362206
21
-4.0817514566929134
0
LINE
8
BLACK
6
CONTINUOUS
10
6.6117931102362206
20
-4.0817514566929134
11
6.6113522047244091
21
-4.0806870472440941
0
LINE
8
BLACK
6
CONTINUOUS
10
6.6113522047244091
20
-4.0806870472440941
11
6.6112954724409443
21
-4.0801109842519683
0
LINE
8
BLACK
6
CONTINUOUS
10
6.6112954724409443
20
-4.0801109842519683
11
6.6112954724409443
21
-4.0407409055118109
0
LINE
8
BLACK
6
CONTINUOUS
10
6.6112954724409443
20
-4.0407409055118109
11
6.6113522047244091
21
-4.040164842519685
0
LINE
8
BLACK
6
CONTINUOUS
10
6.6113522047244091
20
-4.040164842519685
11
6.6117931102362206
21
-4.0391004330708657
0
LINE
8
BLACK
6
CONTINUOUS
10
6.6117931102362206
20
-4.0391004330708657
11
6.6126077559055121
21
-4.0382857874015743
0
LINE
8
BLACK
6
CONTINUOUS
10
6.6126077559055121
20
-4.0382857874015743
11
6.6136721653543304
21
-4.0378448818897636
0
LINE
8
BLACK
6
CONTINUOUS
10
6.6136721653543304
20
-4.0378448818897636
11
6.6142482283464563
21
-4.0377881496062988
0
LINE
8
BLACK
6
CONTINUOUS
10
6.6142482283464563
20
-4.0377881496062988
11
6.6236220472440941
21
-4.0377881496062988
0
LINE
8
BLACK
6
CONTINUOUS
10
6.6236220472440941
20
-4.0377881496062988
11
6.6239135826771651
21
-4.0378168503937006
0
LINE
8
BLACK
6
CONTINUOUS
10
6.6172009842519683
20
-4.0771582283464562
11
6.6231429133858271
21
-4.0771582283464562
0
LINE
8
BLACK
6
CONTINUOUS
10
6.6231429133858271
20
-4.0771582283464562
11
6.627651299212598
21
-4.0756553937007869
0
LINE
8
BLACK
6
CONTINUOUS
10
6.627651299212598
20
-4.0756553937007869
11
6.6305690944881892
21
-4.0727375590551178
0
LINE
8
BLACK
6
CONTINUOUS
10
6.6305690944881892
20
-4.0727375590551178
11
6.6320846062992125
21
-4.0697065748031491
0
LINE
8
BLACK
6
CONTINUOUS
10
6.6320846062992125
20
-4.0697065748031491
11
6.6337926377952758
21
-4.062874527559055
0
LINE
8
BLACK
6
CONTINUOUS
10
6.6337926377952758
20
-4.062874527559055
11
6.6337926377952758
21
-4.0579773228346454
0
LINE
8
BLACK
6
CONTINUOUS
10
6.6337926377952758
20
-4.0579773228346454
11
6.6320846062992125
21
-4.0511452755905513
0
LINE
8
BLACK
6
CONTINUOUS
10
6.6320846062992125
20
-4.0511452755905513
11
6.630569133858268
21
-4.0481142913385826
0
LINE
8
BLACK
6
CONTINUOUS
10
6.630569133858268
20
-4.0481142913385826
11
6.627651299212598
21
-4.0451964566929135
0
LINE
8
BLACK
6
CONTINUOUS
10
6.627651299212598
20
-4.0451964566929135
11
6.6231429133858271
21
-4.0436936614173229
0
LINE
8
BLACK
6
CONTINUOUS
10
6.6231429133858271
20
-4.0436936614173229
11
6.6172009842519683
21
-4.0436936614173229
0
LINE
8
BLACK
6
CONTINUOUS
10
6.6172009842519683
20
-4.0436936614173229
11
6.6172009842519683
21
-4.0771582283464562
0
LINE
8
BLACK
6
CONTINUOUS
10
6.6632757874015747
20
-4.0378448818897636
11
6.6635681889763774
21
-4.0378448818897636
0
LINE
8
BLACK
6
CONTINUOUS
10
6.6635681889763774
20
-4.0378448818897636
11
6.663835433070866
21
-4.0379555905511806
0
LINE
8
BLACK
6
CONTINUOUS
10
6.663835433070866
20
-4.0379555905511806
11
6.6641192519685042
21
-4.0380117322834641
0
LINE
8
BLACK
6
CONTINUOUS
10
6.6641192519685042
20
-4.0380117322834641
11
6.6643625196850396
21
-4.0381738976377948
0
LINE
8
BLACK
6
CONTINUOUS
10
6.6643625196850396
20
-4.0381738976377948
11
6.6646325984251966
21
-4.0382857874015743
0
LINE
8
BLACK
6
CONTINUOUS
10
6.6646325984251966
20
-4.0382857874015743
11
6.6648370472440943
21
-4.038490236220472
0
LINE
8
BLACK
6
CONTINUOUS
10
6.6648370472440943
20
-4.038490236220472
11
6.6650778740157479
21
-4.0386507874015747
0
LINE
8
BLACK
6
CONTINUOUS
10
6.6650778740157479
20
-4.0386507874015747
11
6.6652405905511811
21
-4.0388937795275588
0
LINE
8
BLACK
6
CONTINUOUS
10
6.6652405905511811
20
-4.0388937795275588
11
6.6654472440944881
21
-4.0391004330708657
0
LINE
8
BLACK
6
CONTINUOUS
10
6.6654472440944881
20
-4.0391004330708657
11
6.6655579133858263
21
-4.0393676377952756
0
LINE
8
BLACK
6
CONTINUOUS
10
6.6655579133858263
20
-4.0393676377952756
11
6.665718937007874
21
-4.0396080708661417
0
LINE
8
BLACK
6
CONTINUOUS
10
6.665718937007874
20
-4.0396080708661417
11
6.6657762598425192
21
-4.0398947244094483
0
LINE
8
BLACK
6
CONTINUOUS
10
6.6657762598425192
20
-4.0398947244094483
11
6.6658881496062987
21
-4.040164842519685
0
LINE
8
BLACK
6
CONTINUOUS
10
6.6658881496062987
20
-4.040164842519685
11
6.6659442519685035
21
-4.0407347637795272
0
LINE
8
BLACK
6
CONTINUOUS
10
6.6659442519685035
20
-4.0407347637795272
11
6.6659448818897635
21
-4.0407377952755903
0
LINE
8
BLACK
6
CONTINUOUS
10
6.6659448818897635
20
-4.0407377952755903
11
6.665944645669291
21
-4.0407388188976379
0
LINE
8
BLACK
6
CONTINUOUS
10
6.665944645669291
20
-4.0407388188976379
11
6.6659448818897635
21
-4.0407409055118109
0
LINE
8
BLACK
6
CONTINUOUS
10
6.6659448818897635
20
-4.0407409055118109
11
6.6659448818897635
21
-4.0771582283464562
0
LINE
8
BLACK
6
CONTINUOUS
10
6.6659448818897635
20
-4.0771582283464562
11
6.6742407086614168
21
-4.0771582283464562
0
LINE
8
BLACK
6
CONTINUOUS
10
6.6742407086614168
20
-4.0771582283464562
11
6.6748167716535436
21
-4.0772149606299211
0
LINE
8
BLACK
6
CONTINUOUS
10
6.6748167716535436
20
-4.0772149606299211
11
6.6758811811023619
21
-4.0776558661417326
0
LINE
8
BLACK
6
CONTINUOUS
10
6.6758811811023619
20
-4.0776558661417326
11
6.6766958267716534
21
-4.0784705118110232
0
LINE
8
BLACK
6
CONTINUOUS
10
6.6766958267716534
20
-4.0784705118110232
11
6.677136732283464
21
-4.0795349212598424
0
LINE
8
BLACK
6
CONTINUOUS
10
6.677136732283464
20
-4.0795349212598424
11
6.677136732283464
21
-4.0806870472440941
0
LINE
8
BLACK
6
CONTINUOUS
10
6.677136732283464
20
-4.0806870472440941
11
6.6766958267716534
21
-4.0817514566929134
0
LINE
8
BLACK
6
CONTINUOUS
10
6.6766958267716534
20
-4.0817514566929134
11
6.6758811811023619
21
-4.0825661023622049
0
LINE
8
BLACK
6
CONTINUOUS
10
6.6758811811023619
20
-4.0825661023622049
11
6.6748167716535436
21
-4.0830070078740155
0
LINE
8
BLACK
6
CONTINUOUS
10
6.6748167716535436
20
-4.0830070078740155
11
6.6742407086614168
21
-4.0830637401574803
0
LINE
8
BLACK
6
CONTINUOUS
10
6.6742407086614168
20
-4.0830637401574803
11
6.6517435433070862
21
-4.0830637401574803
0
LINE
8
BLACK
6
CONTINUOUS
10
6.6517435433070862
20
-4.0830637401574803
11
6.6511674803149603
21
-4.0830070078740155
0
LINE
8
BLACK
6
CONTINUOUS
10
6.6511674803149603
20
-4.0830070078740155
11
6.6501030708661419
21
-4.0825661023622049
0
LINE
8
BLACK
6
CONTINUOUS
10
6.6501030708661419
20
-4.0825661023622049
11
6.6492884251968505
21
-4.0817514566929134
0
LINE
8
BLACK
6
CONTINUOUS
10
6.6492884251968505
20
-4.0817514566929134
11
6.648847519685039
21
-4.0806870472440941
0
LINE
8
BLACK
6
CONTINUOUS
10
6.648847519685039
20
-4.0806870472440941
11
6.648847519685039
21
-4.0795349212598424
0
LINE
8
BLACK
6
CONTINUOUS
10
6.648847519685039
20
-4.0795349212598424
11
6.6492884251968505
21
-4.0784705118110232
0
LINE
8
BLACK
6
CONTINUOUS
10
6.6492884251968505
20
-4.0784705118110232
11
6.6501030708661419
21
-4.0776558661417326
0
LINE
8
BLACK
6
CONTINUOUS
10
6.6501030708661419
20
-4.0776558661417326
11
6.6511674803149603
21
-4.0772149606299211
0
LINE
8
BLACK
6
CONTINUOUS
10
6.6511674803149603
20
-4.0772149606299211
11
6.6517435433070862
21
-4.0771582283464562
0
LINE
8
BLACK
6
CONTINUOUS
10
6.6517435433070862
20
-4.0771582283464562
11
6.6600393700787404
21
-4.0771582283464562
0
LINE
8
BLACK
6
CONTINUOUS
10
6.6600393700787404
20
-4.0771582283464562
11
6.6600393700787404
21
-4.0497442519685034
0
LINE
8
BLACK
6
CONTINUOUS
10
6.6600393700787404
20
-4.0497442519685034
11
6.6575809842519682
21
-4.0522026377952756
0
LINE
8
BLACK
6
CONTINUOUS
10
6.6575809842519682
20
-4.0522026377952756
11
6.6573546062992124
21
-4.052388385826772
0
LINE
8
BLACK
6
CONTINUOUS
10
6.6573546062992124
20
-4.052388385826772
11
6.6573034645669287
21
-4.0524474015748027
0
LINE
8
BLACK
6
CONTINUOUS
10
6.6573034645669287
20
-4.0524474015748027
11
6.6572144881889761
21
-4.0525033464566924
0
LINE
8
BLACK
6
CONTINUOUS
10
6.6572144881889761
20
-4.0525033464566924
11
6.6571335433070864
21
-4.0525698425196852
0
LINE
8
BLACK
6
CONTINUOUS
10
6.6571335433070864
20
-4.0525698425196852
11
6.6570615748031496
21
-4.0525996456692912
0
LINE
8
BLACK
6
CONTINUOUS
10
6.6570615748031496
20
-4.0525996456692912
11
6.6568135826771648
21
-4.0527557480314957
0
LINE
8
BLACK
6
CONTINUOUS
10
6.6568135826771648
20
-4.0527557480314957
11
6.6530640551181097
21
-4.0546305118110233
0
LINE
8
BLACK
6
CONTINUOUS
10
6.6530640551181097
20
-4.0546305118110233
11
6.6525234251968506
21
-4.0548374015748028
0
LINE
8
BLACK
6
CONTINUOUS
10
6.6525234251968506
20
-4.0548374015748028
11
6.6513742125984248
21
-4.05491905511811
0
LINE
8
BLACK
6
CONTINUOUS
10
6.6513742125984248
20
-4.05491905511811
11
6.6502812598425196
21
-4.0545547244094484
0
LINE
8
BLACK
6
CONTINUOUS
10
6.6502812598425196
20
-4.0545547244094484
11
6.6494108661417322
21
-4.0537998818897636
0
LINE
8
BLACK
6
CONTINUOUS
10
6.6494108661417322
20
-4.0537998818897636
11
6.6488956299212596
21
-4.0527693700787397
0
LINE
8
BLACK
6
CONTINUOUS
10
6.6488956299212596
20
-4.0527693700787397
11
6.6488139763779524
21
-4.0516201574803148
0
LINE
8
BLACK
6
CONTINUOUS
10
6.6488139763779524
20
-4.0516201574803148
11
6.6491783070866139
21
-4.0505272047244096
0
LINE
8
BLACK
6
CONTINUOUS
10
6.6491783070866139
20
-4.0505272047244096
11
6.6499331496062988
21
-4.0496568110236222
0
LINE
8
BLACK
6
CONTINUOUS
10
6.6499331496062988
20
-4.0496568110236222
11
6.6504230314960626
21
-4.0493484645669291
0
LINE
8
BLACK
6
CONTINUOUS
10
6.6504230314960626
20
-4.0493484645669291
11
6.6537439763779522
21
-4.0476879921259838
0
LINE
8
BLACK
6
CONTINUOUS
10
6.6537439763779522
20
-4.0476879921259838
11
6.6569478740157475
21
-4.0444840944881886
0
LINE
8
BLACK
6
CONTINUOUS
10
6.6569478740157475
20
-4.0444840944881886
11
6.6605352755905507
21
-4.0391029921259838
0
LINE
8
BLACK
6
CONTINUOUS
10
6.6605352755905507
20
-4.0391029921259838
11
6.6605366141732283
21
-4.0391012992125983
0
LINE
8
BLACK
6
CONTINUOUS
10
6.6605366141732283
20
-4.0391012992125983
11
6.6605370078740158
21
-4.0391004330708657
0
LINE
8
BLACK
6
CONTINUOUS
10
6.6605370078740158
20
-4.0391004330708657
11
6.6605390157480313
21
-4.0390983858267715
0
LINE
8
BLACK
6
CONTINUOUS
10
6.6605390157480313
20
-4.0390983858267715
11
6.6609020472440941
21
-4.0386551574803145
0
LINE
8
BLACK
6
CONTINUOUS
10
6.6609020472440941
20
-4.0386551574803145
11
6.6611449212598428
21
-4.0384924803149609
0
LINE
8
BLACK
6
CONTINUOUS
10
6.6611449212598428
20
-4.0384924803149609
11
6.6613516535433073
21
-4.0382857874015743
0
LINE
8
BLACK
6
CONTINUOUS
10
6.6613516535433073
20
-4.0382857874015743
11
6.6616189370078738
21
-4.0381750393700786
0
LINE
8
BLACK
6
CONTINUOUS
10
6.6616189370078738
20
-4.0381750393700786
11
6.6618593307086611
21
-4.0380140944881893
0
LINE
8
BLACK
6
CONTINUOUS
10
6.6618593307086611
20
-4.0380140944881893
11
6.6621459448818898
21
-4.0379567322834644
0
LINE
8
BLACK
6
CONTINUOUS
10
6.6621459448818898
20
-4.0379567322834644
11
6.6624160629921256
21
-4.0378448818897636
0
LINE
8
BLACK
6
CONTINUOUS
10
6.6624160629921256
20
-4.0378448818897636
11
6.6627053543307087
21
-4.0378448818897636
0
LINE
8
BLACK
6
CONTINUOUS
10
6.6627053543307087
20
-4.0378448818897636
11
6.6629890157480309
21
-4.0377881496062988
0
LINE
8
BLACK
6
CONTINUOUS
10
6.6629890157480309
20
-4.0377881496062988
11
6.6632757874015747
21
-4.0378448818897636
0
LINE
8
BLACK
6
CONTINUOUS
10
6.3789661417322829
20
-4.0753766535433069
11
6.3802445669291341
21
-4.0766550787401572
0
LINE
8
BLACK
6
CONTINUOUS
10
6.3802445669291341
20
-4.0766550787401572
11
6.3802445669291341
21
-4.0784630314960628
0
LINE
8
BLACK
6
CONTINUOUS
10
6.3802445669291341
20
-4.0784630314960628
11
6.3789661417322829
21
-4.0797414566929131
0
LINE
8
BLACK
6
CONTINUOUS
10
6.3789661417322829
20
-4.0797414566929131
11
6.3780621653543301
21
-4.0799212598425196
0
LINE
8
BLACK
6
CONTINUOUS
10
6.3780621653543301
20
-4.0799212598425196
11
6.3652449212598423
21
-4.0799212598425196
0
LINE
8
BLACK
6
CONTINUOUS
10
6.3652449212598423
20
-4.0799212598425196
11
6.3643409448818895
21
-4.0797414566929131
0
LINE
8
BLACK
6
CONTINUOUS
10
6.3643409448818895
20
-4.0797414566929131
11
6.3630625196850392
21
-4.0784630314960628
0
LINE
8
BLACK
6
CONTINUOUS
10
6.3630625196850392
20
-4.0784630314960628
11
6.3630625196850392
21
-4.0766550787401572
0
LINE
8
BLACK
6
CONTINUOUS
10
6.3630625196850392
20
-4.0766550787401572
11
6.3643409448818895
21
-4.0753766535433069
0
LINE
8
BLACK
6
CONTINUOUS
10
6.3643409448818895
20
-4.0753766535433069
11
6.3652449212598423
21
-4.0751968503937004
0
LINE
8
BLACK
6
CONTINUOUS
10
6.3652449212598423
20
-4.0751968503937004
11
6.3780621653543301
21
-4.0751968503937004
0
LINE
8
BLACK
6
CONTINUOUS
10
6.3780621653543301
20
-4.0751968503937004
11
6.3789661417322829
21
-4.0753766535433069
0
LINE
8
BLACK
6
CONTINUOUS
10
6.1066039370078737
20
-4.0744317716535434
11
6.107882362204724
21
-4.0757101968503937
0
LINE
8
BLACK
6
CONTINUOUS
10
6.107882362204724
20
-4.0757101968503937
11
6.107882362204724
21
-4.0775181496062993
0
LINE
8
BLACK
6
CONTINUOUS
10
6.107882362204724
20
-4.0775181496062993
11
6.1066039370078737
21
-4.0787965748031496
0
LINE
8
BLACK
6
CONTINUOUS
10
6.1066039370078737
20
-4.0787965748031496
11
6.1056999606299209
21
-4.0789763779527561
0
LINE
8
BLACK
6
CONTINUOUS
10
6.1056999606299209
20
-4.0789763779527561
11
6.0928827165354331
21
-4.0789763779527561
0
LINE
8
BLACK
6
CONTINUOUS
10
6.0928827165354331
20
-4.0789763779527561
11
6.0919787401574803
21
-4.0787965748031496
0
LINE
8
BLACK
6
CONTINUOUS
10
6.0919787401574803
20
-4.0787965748031496
11
6.09070031496063
21
-4.0775181496062993
0
LINE
8
BLACK
6
CONTINUOUS
10
6.09070031496063
20
-4.0775181496062993
11
6.09070031496063
21
-4.0757101968503937
0
LINE
8
BLACK
6
CONTINUOUS
10
6.09070031496063
20
-4.0757101968503937
11
6.0919787401574803
21
-4.0744317716535434
0
LINE
8
BLACK
6
CONTINUOUS
10
6.0919787401574803
20
-4.0744317716535434
11
6.0928827165354331
21
-4.0742519685039369
0
LINE
8
BLACK
6
CONTINUOUS
10
6.0928827165354331
20
-4.0742519685039369
11
6.1056999606299209
21
-4.0742519685039369
0
LINE
8
BLACK
6
CONTINUOUS
10
6.1056999606299209
20
-4.0742519685039369
11
6.1066039370078737
21
-4.0744317716535434
0
LINE
8
BLACK
6
CONTINUOUS
10
6.3789661417322829
20
-4.0486050000000002
11
6.3802445669291341
21
-4.0498834251968505
0
LINE
8
BLACK
6
CONTINUOUS
10
6.3802445669291341
20
-4.0498834251968505
11
6.3802445669291341
21
-4.0516913779527561
0
LINE
8
BLACK
6
CONTINUOUS
10
6.3802445669291341
20
-4.0516913779527561
11
6.3789661417322829
21
-4.0529698031496064
0
LINE
8
BLACK
6
CONTINUOUS
10
6.3789661417322829
20
-4.0529698031496064
11
6.3780621653543301
21
-4.0531496062992129
0
LINE
8
BLACK
6
CONTINUOUS
10
6.3780621653543301
20
-4.0531496062992129
11
6.3652449212598423
21
-4.0531496062992129
0
LINE
8
BLACK
6
CONTINUOUS
10
6.3652449212598423
20
-4.0531496062992129
11
6.3643409448818895
21
-4.0529698031496064
0
LINE
8
BLACK
6
CONTINUOUS
10
6.3643409448818895
20
-4.0529698031496064
11
6.3630625196850392
21
-4.0516913779527561
0
LINE
8
BLACK
6
CONTINUOUS
10
6.3630625196850392
20
-4.0516913779527561
11
6.3630625196850392
21
-4.0498834251968505
0
LINE
8
BLACK
6
CONTINUOUS
10
6.3630625196850392
20
-4.0498834251968505
11
6.3643409448818895
21
-4.0486050000000002
0
LINE
8
BLACK
6
CONTINUOUS
10
6.3643409448818895
20
-4.0486050000000002
11
6.3652449212598423
21
-4.0484251968503937
0
LINE
8
BLACK
6
CONTINUOUS
10
6.3652449212598423
20
-4.0484251968503937
11
6.3780621653543301
21
-4.0484251968503937
0
LINE
8
BLACK
6
CONTINUOUS
10
6.3780621653543301
20
-4.0484251968503937
11
6.3789661417322829
21
-4.0486050000000002
0
LINE
8
BLACK
6
CONTINUOUS
10
5.8802745669291339
20
-4.0219258661417321
11
5.8803725590551181
21
-4.0219664566929136
0
LINE
8
BLACK
6
CONTINUOUS
10
5.8803725590551181
20
-4.0219664566929136
11
5.8804783858267715
21
-4.0219739763779527
0
LINE
8
BLACK
6
CONTINUOUS
10
5.8804783858267715
20
-4.0219739763779527
11
5.8810190157480315
21
-4.0221808661417322
0
LINE
8
BLACK
6
CONTINUOUS
10
5.8810190157480315
20
-4.0221808661417322
11
5.8847685433070867
21
-4.0240556299212598
0
LINE
8
BLACK
6
CONTINUOUS
10
5.8847685433070867
20
-4.0240556299212598
11
5.8850164173228343
21
-4.0242116535433068
0
LINE
8
BLACK
6
CONTINUOUS
10
5.8850164173228343
20
-4.0242116535433068
11
5.8850884645669286
21
-4.0242414960629924
0
LINE
8
BLACK
6
CONTINUOUS
10
5.8850884645669286
20
-4.0242414960629924
11
5.8851694881889767
21
-4.0243079921259843
0
LINE
8
BLACK
6
CONTINUOUS
10
5.8851694881889767
20
-4.0243079921259843
11
5.8852584251968505
21
-4.0243639763779528
0
LINE
8
BLACK
6
CONTINUOUS
10
5.8852584251968505
20
-4.0243639763779528
11
5.8853095669291333
21
-4.0244229527559057
0
LINE
8
BLACK
6
CONTINUOUS
10
5.8853095669291333
20
-4.0244229527559057
11
5.8855359055118113
21
-4.0246087007874012
0
LINE
8
BLACK
6
CONTINUOUS
10
5.8855359055118113
20
-4.0246087007874012
11
5.8874107086614176
21
-4.0264834645669287
0
LINE
8
BLACK
6
CONTINUOUS
10
5.8874107086614176
20
-4.0264834645669287
11
5.8875964566929131
21
-4.0267098031496058
0
LINE
8
BLACK
6
CONTINUOUS
10
5.8875964566929131
20
-4.0267098031496058
11
5.8876555118110234
21
-4.026761023622047
0
LINE
8
BLACK
6
CONTINUOUS
10
5.8876555118110234
20
-4.026761023622047
11
5.8877114960629919
21
-4.0268499606299208
0
LINE
8
BLACK
6
CONTINUOUS
10
5.8877114960629919
20
-4.0268499606299208
11
5.8877779527559051
21
-4.0269309448818893
0
LINE
8
BLACK
6
CONTINUOUS
10
5.8877779527559051
20
-4.0269309448818893
11
5.887807755905512
21
-4.0270028740157482
0
LINE
8
BLACK
6
CONTINUOUS
10
5.887807755905512
20
-4.0270028740157482
11
5.8879638582677165
21
-4.0272509055118109
0
LINE
8
BLACK
6
CONTINUOUS
10
5.8879638582677165
20
-4.0272509055118109
11
5.8898386220472441
21
-4.031000433070866
0
LINE
8
BLACK
6
CONTINUOUS
10
5.8898386220472441
20
-4.031000433070866
11
5.8900455118110235
21
-4.0315410236220472
0
LINE
8
BLACK
6
CONTINUOUS
10
5.8900455118110235
20
-4.0315410236220472
11
5.8900530314960626
21
-4.0316468897637794
0
LINE
8
BLACK
6
CONTINUOUS
10
5.8900530314960626
20
-4.0316468897637794
11
5.8900936220472442
21
-4.0317448818897637
0
LINE
8
BLACK
6
CONTINUOUS
10
5.8900936220472442
20
-4.0317448818897637
11
5.8901503543307081
21
-4.0323209448818895
0
LINE
8
BLACK
6
CONTINUOUS
10
5.8901503543307081
20
-4.0323209448818895
11
5.8901503543307081
21
-4.0416947637795273
0
LINE
8
BLACK
6
CONTINUOUS
10
5.8901503543307081
20
-4.0416947637795273
11
5.8900936220472442
21
-4.0422708267716532
0
LINE
8
BLACK
6
CONTINUOUS
10
5.8900936220472442
20
-4.0422708267716532
11
5.8900530314960626
21
-4.0423687795275587
0
LINE
8
BLACK
6
CONTINUOUS
10
5.8900530314960626
20
-4.0423687795275587
11
5.8900455118110235
21
-4.0424746850393696
0
LINE
8
BLACK
6
CONTINUOUS
10
5.8900455118110235
20
-4.0424746850393696
11
5.8898386220472441
21
-4.0430152755905508
0
LINE
8
BLACK
6
CONTINUOUS
10
5.8898386220472441
20
-4.0430152755905508
11
5.8879638582677165
21
-4.046764803149606
0
LINE
8
BLACK
6
CONTINUOUS
10
5.8879638582677165
20
-4.046764803149606
11
5.887807755905512
21
-4.0470127952755908
0
LINE
8
BLACK
6
CONTINUOUS
10
5.887807755905512
20
-4.0470127952755908
11
5.8877779527559051
21
-4.0470847637795275
0
LINE
8
BLACK
6
CONTINUOUS
10
5.8877779527559051
20
-4.0470847637795275
11
5.8877114960629919
21
-4.0471657086614172
0
LINE
8
BLACK
6
CONTINUOUS
10
5.8877114960629919
20
-4.0471657086614172
11
5.8876555118110234
21
-4.0472546850393698
0
LINE
8
BLACK
6
CONTINUOUS
10
5.8876555118110234
20
-4.0472546850393698
11
5.8875964566929131
21
-4.0473058661417323
0
LINE
8
BLACK
6
CONTINUOUS
10
5.8875964566929131
20
-4.0473058661417323
11
5.8874107086614176
21
-4.0475322440944881
0
LINE
8
BLACK
6
CONTINUOUS
10
5.8874107086614176
20
-4.0475322440944881
11
5.8855359055118113
21
-4.0494070078740156
0
LINE
8
BLACK
6
CONTINUOUS
10
5.8855359055118113
20
-4.0494070078740156
11
5.8850884645669286
21
-4.0497742125984253
0
LINE
8
BLACK
6
CONTINUOUS
10
5.8850884645669286
20
-4.0497742125984253
11
5.8840240551181102
21
-4.0502150787401572
0
LINE
8
BLACK
6
CONTINUOUS
10
5.8840240551181102
20
-4.0502150787401572
11
5.8828719685039372
21
-4.0502150787401572
0
LINE
8
BLACK
6
CONTINUOUS
10
5.8828719685039372
20
-4.0502150787401572
11
5.881807559055118
21
-4.0497741732283465
0
LINE
8
BLACK
6
CONTINUOUS
10
5.881807559055118
20
-4.0497741732283465
11
5.8809928740157478
21
-4.0489594881889763
0
LINE
8
BLACK
6
CONTINUOUS
10
5.8809928740157478
20
-4.0489594881889763
11
5.8805520078740159
21
-4.0478950787401571
0
LINE
8
BLACK
6
CONTINUOUS
10
5.8805520078740159
20
-4.0478950787401571
11
5.8805520078740159
21
-4.0467429921259841
0
LINE
8
BLACK
6
CONTINUOUS
10
5.8805520078740159
20
-4.0467429921259841
11
5.8809929133858265
21
-4.0456785826771648
0
LINE
8
BLACK
6
CONTINUOUS
10
5.8809929133858265
20
-4.0456785826771648
11
5.8813601574803149
21
-4.0452311023622043
0
LINE
8
BLACK
6
CONTINUOUS
10
5.8813601574803149
20
-4.0452311023622043
11
5.8828961023622046
21
-4.0436951574803146
0
LINE
8
BLACK
6
CONTINUOUS
10
5.8828961023622046
20
-4.0436951574803146
11
5.8842448425196849
21
-4.0409977165354327
0
LINE
8
BLACK
6
CONTINUOUS
10
5.8842448425196849
20
-4.0409977165354327
11
5.8842448425196849
21
-4.0330179921259841
0
LINE
8
BLACK
6
CONTINUOUS
10
5.8842448425196849
20
-4.0330179921259841
11
5.8828961023622046
21
-4.0303205118110235
0
LINE
8
BLACK
6
CONTINUOUS
10
5.8828961023622046
20
-4.0303205118110235
11
5.8816989370078741
21
-4.0291233858267717
0
LINE
8
BLACK
6
CONTINUOUS
10
5.8816989370078741
20
-4.0291233858267717
11
5.8790014566929134
21
-4.0277746456692913
0
LINE
8
BLACK
6
CONTINUOUS
10
5.8790014566929134
20
-4.0277746456692913
11
5.8710217322834648
21
-4.0277746456692913
0
LINE
8
BLACK
6
CONTINUOUS
10
5.8710217322834648
20
-4.0277746456692913
11
5.8683242519685042
21
-4.0291233858267717
0
LINE
8
BLACK
6
CONTINUOUS
10
5.8683242519685042
20
-4.0291233858267717
11
5.8671271259842515
21
-4.0303205118110235
0
LINE
8
BLACK
6
CONTINUOUS
10
5.8671271259842515
20
-4.0303205118110235
11
5.8657783858267711
21
-4.0330179921259841
0
LINE
8
BLACK
6
CONTINUOUS
10
5.8657783858267711
20
-4.0330179921259841
11
5.8657783858267711
21
-4.0409977165354327
0
LINE
8
BLACK
6
CONTINUOUS
10
5.8657783858267711
20
-4.0409977165354327
11
5.8671271259842515
21
-4.0436951968503934
0
LINE
8
BLACK
6
CONTINUOUS
10
5.8671271259842515
20
-4.0436951968503934
11
5.868663070866142
21
-4.045231141732283
0
LINE
8
BLACK
6
CONTINUOUS
10
5.868663070866142
20
-4.045231141732283
11
5.8690302755905508
21
-4.0456785826771648
0
LINE
8
BLACK
6
CONTINUOUS
10
5.8690302755905508
20
-4.0456785826771648
11
5.8690871653543306
21
-4.0458159055118106
0
LINE
8
BLACK
6
CONTINUOUS
10
5.8690871653543306
20
-4.0458159055118106
11
5.8691813385826768
21
-4.0459310236220469
0
LINE
8
BLACK
6
CONTINUOUS
10
5.8691813385826768
20
-4.0459310236220469
11
5.8693060236220473
21
-4.046344291338583
0
LINE
8
BLACK
6
CONTINUOUS
10
5.8693060236220473
20
-4.046344291338583
11
5.8694711811023623
21
-4.0467429921259841
0
LINE
8
BLACK
6
CONTINUOUS
10
5.8694711811023623
20
-4.0467429921259841
11
5.8694711811023623
21
-4.046891653543307
0
LINE
8
BLACK
6
CONTINUOUS
10
5.8694711811023623
20
-4.046891653543307
11
5.8695141338582673
21
-4.0470340157480313
0
LINE
8
BLACK
6
CONTINUOUS
10
5.8695141338582673
20
-4.0470340157480313
11
5.8694711811023623
21
-4.0474635039370082
0
LINE
8
BLACK
6
CONTINUOUS
10
5.8694711811023623
20
-4.0474635039370082
11
5.8694711811023623
21
-4.0478950787401571
0
LINE
8
BLACK
6
CONTINUOUS
10
5.8694711811023623
20
-4.0478950787401571
11
5.8694142519685037
21
-4.0480324015748028
0
LINE
8
BLACK
6
CONTINUOUS
10
5.8694142519685037
20
-4.0480324015748028
11
5.8693994881889759
21
-4.0481804330708657
0
LINE
8
BLACK
6
CONTINUOUS
10
5.8693994881889759
20
-4.0481804330708657
11
5.8691953543307083
21
-4.0485608661417318
0
LINE
8
BLACK
6
CONTINUOUS
10
5.8691953543307083
20
-4.0485608661417318
11
5.8690302755905508
21
-4.0489594881889763
0
LINE
8
BLACK
6
CONTINUOUS
10
5.8690302755905508
20
-4.0489594881889763
11
5.8689251181102362
21
-4.0490646062992122
0
LINE
8
BLACK
6
CONTINUOUS
10
5.8689251181102362
20
-4.0490646062992122
11
5.8688548425196849
21
-4.0491956692913389
0
LINE
8
BLACK
6
CONTINUOUS
10
5.8688548425196849
20
-4.0491956692913389
11
5.8685206299212593
21
-4.049469094488189
0
LINE
8
BLACK
6
CONTINUOUS
10
5.8685206299212593
20
-4.049469094488189
11
5.8682155905511806
21
-4.0497741732283465
0
LINE
8
BLACK
6
CONTINUOUS
10
5.8682155905511806
20
-4.0497741732283465
11
5.8680783070866136
21
-4.0498310236220467
0
LINE
8
BLACK
6
CONTINUOUS
10
5.8680783070866136
20
-4.0498310236220467
11
5.8679631889763781
21
-4.0499252362204725
0
LINE
8
BLACK
6
CONTINUOUS
10
5.8679631889763781
20
-4.0499252362204725
11
5.8675497637795271
21
-4.050049960629921
0
LINE
8
BLACK
6
CONTINUOUS
10
5.8675497637795271
20
-4.050049960629921
11
5.8671511811023622
21
-4.0502150787401572
0
LINE
8
BLACK
6
CONTINUOUS
10
5.8671511811023622
20
-4.0502150787401572
11
5.867002559055118
21
-4.0502150787401572
0
LINE
8
BLACK
6
CONTINUOUS
10
5.867002559055118
20
-4.0502150787401572
11
5.8668601968503937
21
-4.050258031496063
0
LINE
8
BLACK
6
CONTINUOUS
10
5.8668601968503937
20
-4.050258031496063
11
5.8662813385826773
21
-4.0502571653543304
0
LINE
8
BLACK
6
CONTINUOUS
10
5.8662813385826773
20
-4.0502571653543304
11
5.8475337007874018
21
-4.0483824015748029
0
LINE
8
BLACK
6
CONTINUOUS
10
5.8475337007874018
20
-4.0483824015748029
11
5.8473237795275592
21
-4.0483403149606296
0
LINE
8
BLACK
6
CONTINUOUS
10
5.8473237795275592
20
-4.0483403149606296
11
5.8472514566929137
21
-4.0483403149606296
0
LINE
8
BLACK
6
CONTINUOUS
10
5.8472514566929137
20
-4.0483403149606296
11
5.8471836220472442
21
-4.0483122047244091
0
LINE
8
BLACK
6
CONTINUOUS
10
5.8471836220472442
20
-4.0483122047244091
11
5.8469661417322829
21
-4.0482686220472441
0
LINE
8
BLACK
6
CONTINUOUS
10
5.8469661417322829
20
-4.0482686220472441
11
5.8465858267716531
21
-4.048064566929134
0
LINE
8
BLACK
6
CONTINUOUS
10
5.8465858267716531
20
-4.048064566929134
11
5.8461870472440944
21
-4.047899409448819
0
LINE
8
BLACK
6
CONTINUOUS
10
5.8461870472440944
20
-4.047899409448819
11
5.8460818503937011
21
-4.0477942125984248
0
LINE
8
BLACK
6
CONTINUOUS
10
5.8460818503937011
20
-4.0477942125984248
11
5.8459509055118106
21
-4.0477239763779522
0
LINE
8
BLACK
6
CONTINUOUS
10
5.8459509055118106
20
-4.0477239763779522
11
5.8456776377952755
21
-4.04739
0
LINE
8
BLACK
6
CONTINUOUS
10
5.8456776377952755
20
-4.04739
11
5.845372401574803
21
-4.0470847637795275
0
LINE
8
BLACK
6
CONTINUOUS
10
5.845372401574803
20
-4.0470847637795275
11
5.8453154724409444
21
-4.046947401574803
0
LINE
8
BLACK
6
CONTINUOUS
10
5.8453154724409444
20
-4.046947401574803
11
5.845221338582677
21
-4.0468323228346454
0
LINE
8
BLACK
6
CONTINUOUS
10
5.845221338582677
20
-4.0468323228346454
11
5.8450966141732286
21
-4.0464190157480315
0
LINE
8
BLACK
6
CONTINUOUS
10
5.8450966141732286
20
-4.0464190157480315
11
5.8449314960629923
21
-4.0460203543307083
0
LINE
8
BLACK
6
CONTINUOUS
10
5.8449314960629923
20
-4.0460203543307083
11
5.8449097244094483
21
-4.0457996456692911
0
LINE
8
BLACK
6
CONTINUOUS
10
5.8449097244094483
20
-4.0457996456692911
11
5.8448885433070865
21
-4.045729330708661
0
LINE
8
BLACK
6
CONTINUOUS
10
5.8448885433070865
20
-4.045729330708661
11
5.8448957086614168
21
-4.0456573228346455
0
LINE
8
BLACK
6
CONTINUOUS
10
5.8448957086614168
20
-4.0456573228346455
11
5.8448747637795275
21
-4.0454442913385824
0
LINE
8
BLACK
6
CONTINUOUS
10
5.8448747637795275
20
-4.0454442913385824
11
5.8448747637795275
21
-4.0266966535433069
0
LINE
8
BLACK
6
CONTINUOUS
10
5.8448747637795275
20
-4.0266966535433069
11
5.8449314960629923
21
-4.026120590551181
0
LINE
8
BLACK
6
CONTINUOUS
10
5.8449314960629923
20
-4.026120590551181
11
5.845372401574803
21
-4.0250561811023617
0
LINE
8
BLACK
6
CONTINUOUS
10
5.845372401574803
20
-4.0250561811023617
11
5.8461870472440944
21
-4.0242415354330712
0
LINE
8
BLACK
6
CONTINUOUS
10
5.8461870472440944
20
-4.0242415354330712
11
5.8472514566929137
21
-4.0238006299212596
0
LINE
8
BLACK
6
CONTINUOUS
10
5.8472514566929137
20
-4.0238006299212596
11
5.8484035826771654
21
-4.0238006299212596
0
LINE
8
BLACK
6
CONTINUOUS
10
5.8484035826771654
20
-4.0238006299212596
11
5.8494679921259838
21
-4.0242415354330712
0
LINE
8
BLACK
6
CONTINUOUS
10
5.8494679921259838
20
-4.0242415354330712
11
5.8502826377952752
21
-4.0250561811023617
0
LINE
8
BLACK
6
CONTINUOUS
10
5.8502826377952752
20
-4.0250561811023617
11
5.8507235433070868
21
-4.026120590551181
0
LINE
8
BLACK
6
CONTINUOUS
10
5.8507235433070868
20
-4.026120590551181
11
5.8507802755905507
21
-4.0266966535433069
0
LINE
8
BLACK
6
CONTINUOUS
10
5.8507802755905507
20
-4.0266966535433069
11
5.8507802755905507
21
-4.0427720472440942
0
LINE
8
BLACK
6
CONTINUOUS
10
5.8507802755905507
20
-4.0427720472440942
11
5.8605515354330704
21
-4.0437491732283464
0
LINE
8
BLACK
6
CONTINUOUS
10
5.8605515354330704
20
-4.0437491732283464
11
5.8601846062992129
21
-4.0430152755905508
0
LINE
8
BLACK
6
CONTINUOUS
10
5.8601846062992129
20
-4.0430152755905508
11
5.8599777165354325
21
-4.0424746456692908
0
LINE
8
BLACK
6
CONTINUOUS
10
5.8599777165354325
20
-4.0424746456692908
11
5.8599701968503934
21
-4.0423688188976374
0
LINE
8
BLACK
6
CONTINUOUS
10
5.8599701968503934
20
-4.0423688188976374
11
5.8599296062992128
21
-4.0422708267716532
0
LINE
8
BLACK
6
CONTINUOUS
10
5.8599296062992128
20
-4.0422708267716532
11
5.859872874015748
21
-4.0416947637795273
0
LINE
8
BLACK
6
CONTINUOUS
10
5.859872874015748
20
-4.0416947637795273
11
5.859872874015748
21
-4.0323209448818895
0
LINE
8
BLACK
6
CONTINUOUS
10
5.859872874015748
20
-4.0323209448818895
11
5.8599296062992128
21
-4.0317448818897637
0
LINE
8
BLACK
6
CONTINUOUS
10
5.8599296062992128
20
-4.0317448818897637
11
5.8599701968503934
21
-4.0316468503937006
0
LINE
8
BLACK
6
CONTINUOUS
10
5.8599701968503934
20
-4.0316468503937006
11
5.8599777165354325
21
-4.031541062992126
0
LINE
8
BLACK
6
CONTINUOUS
10
5.8599777165354325
20
-4.031541062992126
11
5.8601846062992129
21
-4.031000433070866
0
LINE
8
BLACK
6
CONTINUOUS
10
5.8601846062992129
20
-4.031000433070866
11
5.8620593700787405
21
-4.0272509055118109
0
LINE
8
BLACK
6
CONTINUOUS
10
5.8620593700787405
20
-4.0272509055118109
11
5.8622154330708662
21
-4.0270028740157482
0
LINE
8
BLACK
6
CONTINUOUS
10
5.8622154330708662
20
-4.0270028740157482
11
5.862245275590551
21
-4.0269309448818893
0
LINE
8
BLACK
6
CONTINUOUS
10
5.862245275590551
20
-4.0269309448818893
11
5.8623117322834641
21
-4.0268499606299208
0
LINE
8
BLACK
6
CONTINUOUS
10
5.8623117322834641
20
-4.0268499606299208
11
5.8623677165354326
21
-4.026761023622047
0
LINE
8
BLACK
6
CONTINUOUS
10
5.8623677165354326
20
-4.026761023622047
11
5.8624266929133855
21
-4.0267098425196846
0
LINE
8
BLACK
6
CONTINUOUS
10
5.8624266929133855
20
-4.0267098425196846
11
5.8626124803149606
21
-4.0264835039370075
0
LINE
8
BLACK
6
CONTINUOUS
10
5.8626124803149606
20
-4.0264835039370075
11
5.8644872440944882
21
-4.0246087401574799
0
LINE
8
BLACK
6
CONTINUOUS
10
5.8644872440944882
20
-4.0246087401574799
11
5.8647135826771652
21
-4.0244229527559057
0
LINE
8
BLACK
6
CONTINUOUS
10
5.8647135826771652
20
-4.0244229527559057
11
5.8647647637795277
21
-4.0243639763779528
0
LINE
8
BLACK
6
CONTINUOUS
10
5.8647647637795277
20
-4.0243639763779528
11
5.8648537007874015
21
-4.0243079921259843
0
LINE
8
BLACK
6
CONTINUOUS
10
5.8648537007874015
20
-4.0243079921259843
11
5.86493468503937
21
-4.0242415354330712
0
LINE
8
BLACK
6
CONTINUOUS
10
5.86493468503937
20
-4.0242415354330712
11
5.865006614173228
21
-4.0242116929133855
0
LINE
8
BLACK
6
CONTINUOUS
10
5.865006614173228
20
-4.0242116929133855
11
5.8652546456692916
21
-4.0240556299212598
0
LINE
8
BLACK
6
CONTINUOUS
10
5.8652546456692916
20
-4.0240556299212598
11
5.8690041732283467
21
-4.0221808661417322
0
LINE
8
BLACK
6
CONTINUOUS
10
5.8690041732283467
20
-4.0221808661417322
11
5.8695447637795271
21
-4.0219739763779527
0
LINE
8
BLACK
6
CONTINUOUS
10
5.8695447637795271
20
-4.0219739763779527
11
5.8696506299212601
21
-4.0219664173228349
0
LINE
8
BLACK
6
CONTINUOUS
10
5.8696506299212601
20
-4.0219664173228349
11
5.8697486220472443
21
-4.0219258661417321
0
LINE
8
BLACK
6
CONTINUOUS
10
5.8697486220472443
20
-4.0219258661417321
11
5.8703246850393702
21
-4.0218691338582673
0
LINE
8
BLACK
6
CONTINUOUS
10
5.8703246850393702
20
-4.0218691338582673
11
5.879698503937008
21
-4.0218691338582673
0
LINE
8
BLACK
6
CONTINUOUS
10
5.879698503937008
20
-4.0218691338582673
11
5.8802745669291339
21
-4.0219258661417321
0
LINE
8
BLACK
6
CONTINUOUS
10
6.4926617716535429
20
-4.0253103937007877
11
6.4930536614173224
21
-4.025372992125984
0
LINE
8
BLACK
6
CONTINUOUS
10
6.4930536614173224
20
-4.025372992125984
11
6.495625078740157
21
-4.0263253543307087
0
LINE
8
BLACK
6
CONTINUOUS
10
6.495625078740157
20
-4.0263253543307087
11
6.4957486614173225
21
-4.0264012992125986
0
LINE
8
BLACK
6
CONTINUOUS
10
6.4957486614173225
20
-4.0264012992125986
11
6.4958127559055114
21
-4.0264046850393695
0
LINE
8
BLACK
6
CONTINUOUS
10
6.4958127559055114
20
-4.0264046850393695
11
6.4960842913385823
21
-4.026607559055118
0
LINE
8
BLACK
6
CONTINUOUS
10
6.4960842913385823
20
-4.026607559055118
11
6.4963730314960628
21
-4.0267850000000003
0
LINE
8
BLACK
6
CONTINUOUS
10
6.4963730314960628
20
-4.0267850000000003
11
6.4963998031496057
21
-4.0268432677165356
0
LINE
8
BLACK
6
CONTINUOUS
10
6.4963998031496057
20
-4.0268432677165356
11
6.4965160236220472
21
-4.0269301181102364
0
LINE
8
BLACK
6
CONTINUOUS
10
6.4965160236220472
20
-4.0269301181102364
11
6.4973731889763782
21
-4.027882519685039
0
LINE
8
BLACK
6
CONTINUOUS
10
6.4973731889763782
20
-4.027882519685039
11
6.4978218897637792
21
-4.0286370866141734
0
LINE
8
BLACK
6
CONTINUOUS
10
6.4978218897637792
20
-4.0286370866141734
11
6.4977313779527561
21
-4.0303568110236219
0
LINE
8
BLACK
6
CONTINUOUS
10
6.4977313779527561
20
-4.0303568110236219
11
6.4964514173228345
21
-4.0315087795275586
0
LINE
8
BLACK
6
CONTINUOUS
10
6.4964514173228345
20
-4.0315087795275586
11
6.494731692913386
21
-4.0314182677165356
0
LINE
8
BLACK
6
CONTINUOUS
10
6.494731692913386
20
-4.0314182677165356
11
6.4940283858267716
21
-4.0308928740157484
0
LINE
8
BLACK
6
CONTINUOUS
10
6.4940283858267716
20
-4.0308928740157484
11
6.4935421653543308
21
-4.0303525984251971
0
LINE
8
BLACK
6
CONTINUOUS
10
6.4935421653543308
20
-4.0303525984251971
11
6.4918689370078742
21
-4.0297329133858266
0
LINE
8
BLACK
6
CONTINUOUS
10
6.4918689370078742
20
-4.0297329133858266
11
6.4909611417322832
21
-4.0297329133858266
0
LINE
8
BLACK
6
CONTINUOUS
10
6.4909611417322832
20
-4.0297329133858266
11
6.4892879133858266
21
-4.0303525984251971
0
LINE
8
BLACK
6
CONTINUOUS
10
6.4892879133858266
20
-4.0303525984251971
11
6.4881798031496061
21
-4.0315838188976381
0
LINE
8
BLACK
6
CONTINUOUS
10
6.4881798031496061
20
-4.0315838188976381
11
6.4875602755905506
21
-4.0329605511811026
0
LINE
8
BLACK
6
CONTINUOUS
10
6.4875602755905506
20
-4.0329605511811026
11
6.4868079133858263
21
-4.0363042913385829
0
LINE
8
BLACK
6
CONTINUOUS
10
6.4868079133858263
20
-4.0363042913385829
11
6.4868079133858263
21
-4.0386614960629919
0
LINE
8
BLACK
6
CONTINUOUS
10
6.4868079133858263
20
-4.0386614960629919
11
6.4875602755905506
21
-4.0420052362204721
0
LINE
8
BLACK
6
CONTINUOUS
10
6.4875602755905506
20
-4.0420052362204721
11
6.4881798031496061
21
-4.0433819685039367
0
LINE
8
BLACK
6
CONTINUOUS
10
6.4881798031496061
20
-4.0433819685039367
11
6.4892879133858266
21
-4.0446131889763777
0
LINE
8
BLACK
6
CONTINUOUS
10
6.4892879133858266
20
-4.0446131889763777
11
6.4909611417322832
21
-4.0452329133858269
0
LINE
8
BLACK
6
CONTINUOUS
10
6.4909611417322832
20
-4.0452329133858269
11
6.4918689370078742
21
-4.0452329133858269
0
LINE
8
BLACK
6
CONTINUOUS
10
6.4918689370078742
20
-4.0452329133858269
11
6.4935421653543308
21
-4.0446131889763777
0
LINE
8
BLACK
6
CONTINUOUS
10
6.4935421653543308
20
-4.0446131889763777
11
6.4940283858267716
21
-4.0440729527559052
0
LINE
8
BLACK
6
CONTINUOUS
10
6.4940283858267716
20
-4.0440729527559052
11
6.494731692913386
21
-4.043547559055118
0
LINE
8
BLACK
6
CONTINUOUS
10
6.494731692913386
20
-4.043547559055118
11
6.4964514173228345
21
-4.043457047244094
0
LINE
8
BLACK
6
CONTINUOUS
10
6.4964514173228345
20
-4.043457047244094
11
6.4977313779527561
21
-4.0446090157480317
0
LINE
8
BLACK
6
CONTINUOUS
10
6.4977313779527561
20
-4.0446090157480317
11
6.4978218897637792
21
-4.0463287401574801
0
LINE
8
BLACK
6
CONTINUOUS
10
6.4978218897637792
20
-4.0463287401574801
11
6.4973731889763782
21
-4.0470833070866137
0
LINE
8
BLACK
6
CONTINUOUS
10
6.4973731889763782
20
-4.0470833070866137
11
6.4965160236220472
21
-4.0480357086614172
0
LINE
8
BLACK
6
CONTINUOUS
10
6.4965160236220472
20
-4.0480357086614172
11
6.4963998031496057
21
-4.0481225196850392
0
LINE
8
BLACK
6
CONTINUOUS
10
6.4963998031496057
20
-4.0481225196850392
11
6.4963730314960628
21
-4.0481808267716533
0
LINE
8
BLACK
6
CONTINUOUS
10
6.4963730314960628
20
-4.0481808267716533
11
6.4960842913385823
21
-4.0483582283464568
0
LINE
8
BLACK
6
CONTINUOUS
10
6.4960842913385823
20
-4.0483582283464568
11
6.4958127559055114
21
-4.0485611417322831
0
LINE
8
BLACK
6
CONTINUOUS
10
6.4958127559055114
20
-4.0485611417322831
11
6.4957486614173225
21
-4.0485644881889762
0
LINE
8
BLACK
6
CONTINUOUS
10
6.4957486614173225
20
-4.0485644881889762
11
6.495625078740157
21
-4.0486404724409448
0
LINE
8
BLACK
6
CONTINUOUS
10
6.495625078740157
20
-4.0486404724409448
11
6.4930536614173224
21
-4.0495928346456695
0
LINE
8
BLACK
6
CONTINUOUS
10
6.4930536614173224
20
-4.0495928346456695
11
6.4926617716535429
21
-4.0496553937007871
0
LINE
8
BLACK
6
CONTINUOUS
10
6.4926617716535429
20
-4.0496553937007871
11
6.4922722047244097
21
-4.0497329133858271
0
LINE
8
BLACK
6
CONTINUOUS
10
6.4922722047244097
20
-4.0497329133858271
11
6.4905579133858264
21
-4.0497329133858271
0
LINE
8
BLACK
6
CONTINUOUS
10
6.4905579133858264
20
-4.0497329133858271
11
6.4901687795275587
21
-4.0496555118110233
0
LINE
8
BLACK
6
CONTINUOUS
10
6.4901687795275587
20
-4.0496555118110233
11
6.4897764960629916
21
-4.0495928740157483
0
LINE
8
BLACK
6
CONTINUOUS
10
6.4897764960629916
20
-4.0495928740157483
11
6.4872050393700782
21
-4.0486404724409448
0
LINE
8
BLACK
6
CONTINUOUS
10
6.4872050393700782
20
-4.0486404724409448
11
6.4870814173228348
21
-4.0485644881889762
0
LINE
8
BLACK
6
CONTINUOUS
10
6.4870814173228348
20
-4.0485644881889762
11
6.4870173622047247
21
-4.0485611417322831
0
LINE
8
BLACK
6
CONTINUOUS
10
6.4870173622047247
20
-4.0485611417322831
11
6.4867459842519688
21
-4.0483583858267718
0
LINE
8
BLACK
6
CONTINUOUS
10
6.4867459842519688
20
-4.0483583858267718
11
6.4864570866141733
21
-4.048180866141732
0
LINE
8
BLACK
6
CONTINUOUS
10
6.4864570866141733
20
-4.048180866141732
11
6.486430236220472
21
-4.0481224803149605
0
LINE
8
BLACK
6
CONTINUOUS
10
6.486430236220472
20
-4.0481224803149605
11
6.486314094488189
21
-4.0480357086614172
0
LINE
8
BLACK
6
CONTINUOUS
10
6.486314094488189
20
-4.0480357086614172
11
6.4845998031496057
21
-4.0461309448818898
0
LINE
8
BLACK
6
CONTINUOUS
10
6.4845998031496057
20
-4.0461309448818898
11
6.4844221259842518
21
-4.045832165354331
0
LINE
8
BLACK
6
CONTINUOUS
10
6.4844221259842518
20
-4.045832165354331
11
6.4842203937007872
21
-4.0455490944881891
0
LINE
8
BLACK
6
CONTINUOUS
10
6.4842203937007872
20
-4.0455490944881891
11
6.4833632677165349
21
-4.0436443307086609
0
LINE
8
BLACK
6
CONTINUOUS
10
6.4833632677165349
20
-4.0436443307086609
11
6.4833122047244096
21
-4.043422755905512
0
LINE
8
BLACK
6
CONTINUOUS
10
6.4833122047244096
20
-4.043422755905512
11
6.4832199606299215
21
-4.0432149212598425
0
LINE
8
BLACK
6
CONTINUOUS
10
6.4832199606299215
20
-4.0432149212598425
11
6.4823627952755905
21
-4.039405393700787
0
LINE
8
BLACK
6
CONTINUOUS
10
6.4823627952755905
20
-4.039405393700787
11
6.4823565354330706
21
-4.0391560629921255
0
LINE
8
BLACK
6
CONTINUOUS
10
6.4823565354330706
20
-4.0391560629921255
11
6.482307913385827
21
-4.0389114960629922
0
LINE
8
BLACK
6
CONTINUOUS
10
6.482307913385827
20
-4.0389114960629922
11
6.482307913385827
21
-4.0360543307086614
0
LINE
8
BLACK
6
CONTINUOUS
10
6.482307913385827
20
-4.0360543307086614
11
6.4823565354330706
21
-4.0358097244094484
0
LINE
8
BLACK
6
CONTINUOUS
10
6.4823565354330706
20
-4.0358097244094484
11
6.4823627952755905
21
-4.0355604330708656
0
LINE
8
BLACK
6
CONTINUOUS
10
6.4823627952755905
20
-4.0355604330708656
11
6.4832199606299215
21
-4.031750905511811
0
LINE
8
BLACK
6
CONTINUOUS
10
6.4832199606299215
20
-4.031750905511811
11
6.4833122047244096
21
-4.0315430314960627
0
LINE
8
BLACK
6
CONTINUOUS
10
6.4833122047244096
20
-4.0315430314960627
11
6.4833632677165349
21
-4.0313214960629917
0
LINE
8
BLACK
6
CONTINUOUS
10
6.4833632677165349
20
-4.0313214960629917
11
6.4842203937007872
21
-4.0294167322834644
0
LINE
8
BLACK
6
CONTINUOUS
10
6.4842203937007872
20
-4.0294167322834644
11
6.4844221259842518
21
-4.0291336220472438
0
LINE
8
BLACK
6
CONTINUOUS
10
6.4844221259842518
20
-4.0291336220472438
11
6.4845998031496057
21
-4.0288348818897637
0
LINE
8
BLACK
6
CONTINUOUS
10
6.4845998031496057
20
-4.0288348818897637
11
6.486314094488189
21
-4.0269301181102364
0
LINE
8
BLACK
6
CONTINUOUS
10
6.486314094488189
20
-4.0269301181102364
11
6.486430236220472
21
-4.0268433070866143
0
LINE
8
BLACK
6
CONTINUOUS
10
6.486430236220472
20
-4.0268433070866143
11
6.4864570866141733
21
-4.0267849606299215
0
LINE
8
BLACK
6
CONTINUOUS
10
6.4864570866141733
20
-4.0267849606299215
11
6.4867459842519688
21
-4.026607401574803
0
LINE
8
BLACK
6
CONTINUOUS
10
6.4867459842519688
20
-4.026607401574803
11
6.4870173622047247
21
-4.0264046850393695
0
LINE
8
BLACK
6
CONTINUOUS
10
6.4870173622047247
20
-4.0264046850393695
11
6.4870814173228348
21
-4.0264012992125986
0
LINE
8
BLACK
6
CONTINUOUS
10
6.4870814173228348
20
-4.0264012992125986
11
6.4872050393700782
21
-4.0263253543307087
0
LINE
8
BLACK
6
CONTINUOUS
10
6.4872050393700782
20
-4.0263253543307087
11
6.4897764960629916
21
-4.0253729527559052
0
LINE
8
BLACK
6
CONTINUOUS
10
6.4897764960629916
20
-4.0253729527559052
11
6.4901687795275587
21
-4.0253102755905514
0
LINE
8
BLACK
6
CONTINUOUS
10
6.4901687795275587
20
-4.0253102755905514
11
6.4905579133858264
21
-4.0252329133858264
0
LINE
8
BLACK
6
CONTINUOUS
10
6.4905579133858264
20
-4.0252329133858264
11
6.4922722047244097
21
-4.0252329133858264
0
LINE
8
BLACK
6
CONTINUOUS
10
6.4922722047244097
20
-4.0252329133858264
11
6.4926617716535429
21
-4.0253103937007877
0
LINE
8
BLACK
6
CONTINUOUS
10
6.5095968110236218
20
-4.0252690551181098
11
6.5096719291338578
21
-4.0252475984251967
0
LINE
8
BLACK
6
CONTINUOUS
10
6.5096719291338578
20
-4.0252475984251967
11
6.5099695669291338
21
-4.025343188976378
0
LINE
8
BLACK
6
CONTINUOUS
10
6.5099695669291338
20
-4.025343188976378
11
6.5102761023622042
21
-4.0254041732283463
0
LINE
8
BLACK
6
CONTINUOUS
10
6.5102761023622042
20
-4.0254041732283463
11
6.5103312992125986
21
-4.0254593700787398
0
LINE
8
BLACK
6
CONTINUOUS
10
6.5103312992125986
20
-4.0254593700787398
11
6.510507755905512
21
-4.0255160629921258
0
LINE
8
BLACK
6
CONTINUOUS
10
6.510507755905512
20
-4.0255160629921258
11
6.5122220472440944
21
-4.0264684251968506
0
LINE
8
BLACK
6
CONTINUOUS
10
6.5122220472440944
20
-4.0264684251968506
11
6.51250468503937
21
-4.0267081496062991
0
LINE
8
BLACK
6
CONTINUOUS
10
6.51250468503937
20
-4.0267081496062991
11
6.5128018110236221
21
-4.0269301574803151
0
LINE
8
BLACK
6
CONTINUOUS
10
6.5128018110236221
20
-4.0269301574803151
11
6.5136589370078735
21
-4.027882519685039
0
LINE
8
BLACK
6
CONTINUOUS
10
6.5136589370078735
20
-4.027882519685039
11
6.513836653543307
21
-4.0281814566929137
0
LINE
8
BLACK
6
CONTINUOUS
10
6.513836653543307
20
-4.0281814566929137
11
6.5140383070866141
21
-4.0284643700787397
0
LINE
8
BLACK
6
CONTINUOUS
10
6.5140383070866141
20
-4.0284643700787397
11
6.5148954724409451
21
-4.0303691338582679
0
LINE
8
BLACK
6
CONTINUOUS
10
6.5148954724409451
20
-4.0303691338582679
11
6.514906062992126
21
-4.0304151181102359
0
LINE
8
BLACK
6
CONTINUOUS
10
6.514906062992126
20
-4.0304151181102359
11
6.5149223622047243
21
-4.0304314173228342
0
LINE
8
BLACK
6
CONTINUOUS
10
6.5149223622047243
20
-4.0304314173228342
11
6.5150014566929135
21
-4.0308290944881886
0
LINE
8
BLACK
6
CONTINUOUS
10
6.5150014566929135
20
-4.0308290944881886
11
6.5150925984251966
21
-4.0312246062992125
0
LINE
8
BLACK
6
CONTINUOUS
10
6.5150925984251966
20
-4.0312246062992125
11
6.5150844094488187
21
-4.0312461417322831
0
LINE
8
BLACK
6
CONTINUOUS
10
6.5150844094488187
20
-4.0312461417322831
11
6.5150936220472442
21
-4.031292440944882
0
LINE
8
BLACK
6
CONTINUOUS
10
6.5150936220472442
20
-4.031292440944882
11
6.5150936220472442
21
-4.0389114960629922
0
LINE
8
BLACK
6
CONTINUOUS
10
6.5150936220472442
20
-4.0389114960629922
11
6.515044960629921
21
-4.0391561023622042
0
LINE
8
BLACK
6
CONTINUOUS
10
6.515044960629921
20
-4.0391561023622042
11
6.5150387401574799
21
-4.039405393700787
0
LINE
8
BLACK
6
CONTINUOUS
10
6.5150387401574799
20
-4.039405393700787
11
6.5141816141732285
21
-4.0432149212598425
0
LINE
8
BLACK
6
CONTINUOUS
10
6.5141816141732285
20
-4.0432149212598425
11
6.5140365354330712
21
-4.0435418503937006
0
LINE
8
BLACK
6
CONTINUOUS
10
6.5140365354330712
20
-4.0435418503937006
11
6.5139158661417325
21
-4.0438786220472442
0
LINE
8
BLACK
6
CONTINUOUS
10
6.5139158661417325
20
-4.0438786220472442
11
6.5122015748031492
21
-4.046735787401575
0
LINE
8
BLACK
6
CONTINUOUS
10
6.5122015748031492
20
-4.046735787401575
11
6.5120556299212593
21
-4.0468966141732281
0
LINE
8
BLACK
6
CONTINUOUS
10
6.5120556299212593
20
-4.0468966141732281
11
6.5119446456692911
21
-4.0470833070866137
0
LINE
8
BLACK
6
CONTINUOUS
10
6.5119446456692911
20
-4.0470833070866137
11
6.5110875196850388
21
-4.0480356692913384
0
LINE
8
BLACK
6
CONTINUOUS
10
6.5110875196850388
20
-4.0480356692913384
11
6.5107903937007876
21
-4.0482576377952757
0
LINE
8
BLACK
6
CONTINUOUS
10
6.5107903937007876
20
-4.0482576377952757
11
6.510507755905512
21
-4.048497401574803
0
LINE
8
BLACK
6
CONTINUOUS
10
6.510507755905512
20
-4.048497401574803
11
6.5087934645669288
21
-4.0494497637795277
0
LINE
8
BLACK
6
CONTINUOUS
10
6.5087934645669288
20
-4.0494497637795277
11
6.5086170078740153
21
-4.0495064173228341
0
LINE
8
BLACK
6
CONTINUOUS
10
6.5086170078740153
20
-4.0495064173228341
11
6.5085618110236219
21
-4.0495616535433072
0
LINE
8
BLACK
6
CONTINUOUS
10
6.5085618110236219
20
-4.0495616535433072
11
6.5082552755905514
21
-4.0496225984251968
0
LINE
8
BLACK
6
CONTINUOUS
10
6.5082552755905514
20
-4.0496225984251968
11
6.5079576377952755
21
-4.0497182283464568
0
LINE
8
BLACK
6
CONTINUOUS
10
6.5079576377952755
20
-4.0497182283464568
11
6.5078825196850394
21
-4.0496967322834641
0
LINE
8
BLACK
6
CONTINUOUS
10
6.5078825196850394
20
-4.0496967322834641
11
6.5077007874015749
21
-4.0497329133858271
0
LINE
8
BLACK
6
CONTINUOUS
10
6.5077007874015749
20
-4.0497329133858271
11
6.5042722047244093
21
-4.0497329133858271
0
LINE
8
BLACK
6
CONTINUOUS
10
6.5042722047244093
20
-4.0497329133858271
11
6.5034111811023623
21
-4.0495616535433072
0
LINE
8
BLACK
6
CONTINUOUS
10
6.5034111811023623
20
-4.0495616535433072
11
6.502193464566929
21
-4.048343937007874
0
LINE
8
BLACK
6
CONTINUOUS
10
6.502193464566929
20
-4.048343937007874
11
6.502193464566929
21
-4.0466218897637791
0
LINE
8
BLACK
6
CONTINUOUS
10
6.502193464566929
20
-4.0466218897637791
11
6.5034111811023623
21
-4.0454041732283468
0
LINE
8
BLACK
6
CONTINUOUS
10
6.5034111811023623
20
-4.0454041732283468
11
6.5042722047244093
21
-4.0452329133858269
0
LINE
8
BLACK
6
CONTINUOUS
10
6.5042722047244093
20
-4.0452329133858269
11
6.5071177952755903
21
-4.0452329133858269
0
LINE
8
BLACK
6
CONTINUOUS
10
6.5071177952755903
20
-4.0452329133858269
11
6.5079939763779526
21
-4.0447461417322836
0
LINE
8
BLACK
6
CONTINUOUS
10
6.5079939763779526
20
-4.0447461417322836
11
6.5084544094488184
21
-4.0442344881889767
0
LINE
8
BLACK
6
CONTINUOUS
10
6.5084544094488184
20
-4.0442344881889767
11
6.5097508267716533
21
-4.0420738188976379
0
LINE
8
BLACK
6
CONTINUOUS
10
6.5097508267716533
20
-4.0420738188976379
11
6.5096719291338578
21
-4.0420991732283467
0
LINE
8
BLACK
6
CONTINUOUS
10
6.5096719291338578
20
-4.0420991732283467
11
6.5095968110236218
21
-4.0420776771653539
0
LINE
8
BLACK
6
CONTINUOUS
10
6.5095968110236218
20
-4.0420776771653539
11
6.5094150787401572
21
-4.0421138582677161
0
LINE
8
BLACK
6
CONTINUOUS
10
6.5094150787401572
20
-4.0421138582677161
11
6.5059864960629916
21
-4.0421138582677161
0
LINE
8
BLACK
6
CONTINUOUS
10
6.5059864960629916
20
-4.0421138582677161
11
6.5058047244094483
21
-4.0420776771653539
0
LINE
8
BLACK
6
CONTINUOUS
10
6.5058047244094483
20
-4.0420776771653539
11
6.505729645669291
21
-4.0420991732283467
0
LINE
8
BLACK
6
CONTINUOUS
10
6.505729645669291
20
-4.0420991732283467
11
6.5054319685039372
21
-4.0420035433070867
0
LINE
8
BLACK
6
CONTINUOUS
10
6.5054319685039372
20
-4.0420035433070867
11
6.5051254724409446
21
-4.0419425984251971
0
LINE
8
BLACK
6
CONTINUOUS
10
6.5051254724409446
20
-4.0419425984251971
11
6.5050702362204724
21
-4.041887362204724
0
LINE
8
BLACK
6
CONTINUOUS
10
6.5050702362204724
20
-4.041887362204724
11
6.5048938188976377
21
-4.0418307086614176
0
LINE
8
BLACK
6
CONTINUOUS
10
6.5048938188976377
20
-4.0418307086614176
11
6.5031795275590554
21
-4.0408783464566929
0
LINE
8
BLACK
6
CONTINUOUS
10
6.5031795275590554
20
-4.0408783464566929
11
6.502896850393701
21
-4.0406385826771656
0
LINE
8
BLACK
6
CONTINUOUS
10
6.502896850393701
20
-4.0406385826771656
11
6.5025997637795276
21
-4.0404166141732283
0
LINE
8
BLACK
6
CONTINUOUS
10
6.5025997637795276
20
-4.0404166141732283
11
6.5017426377952754
21
-4.0394642125984248
0
LINE
8
BLACK
6
CONTINUOUS
10
6.5017426377952754
20
-4.0394642125984248
11
6.5015649606299215
21
-4.039165433070866
0
LINE
8
BLACK
6
CONTINUOUS
10
6.5015649606299215
20
-4.039165433070866
11
6.5013632677165356
21
-4.0388824409448816
0
LINE
8
BLACK
6
CONTINUOUS
10
6.5013632677165356
20
-4.0388824409448816
11
6.5005061023622046
21
-4.0369776771653543
0
LINE
8
BLACK
6
CONTINUOUS
10
6.5005061023622046
20
-4.0369776771653543
11
6.5004954724409449
21
-4.0369316535433066
0
LINE
8
BLACK
6
CONTINUOUS
10
6.5004954724409449
20
-4.0369316535433066
11
6.5004791732283467
21
-4.0369153543307084
0
LINE
8
BLACK
6
CONTINUOUS
10
6.5004791732283467
20
-4.0369153543307084
11
6.5004
21
-4.0365173622047239
0
LINE
8
BLACK
6
CONTINUOUS
10
6.5004
20
-4.0365173622047239
11
6.5003089370078735
21
-4.0361222047244096
0
LINE
8
BLACK
6
CONTINUOUS
10
6.5003089370078735
20
-4.0361222047244096
11
6.5003170866141735
21
-4.0361005905511806
0
LINE
8
BLACK
6
CONTINUOUS
10
6.5003170866141735
20
-4.0361005905511806
11
6.5003079133858268
21
-4.0360543307086614
0
LINE
8
BLACK
6
CONTINUOUS
10
6.5003079133858268
20
-4.0360543307086614
11
6.5003079133858268
21
-4.031292440944882
0
LINE
8
BLACK
6
CONTINUOUS
10
6.5003079133858268
20
-4.031292440944882
11
6.5003170866141735
21
-4.0312461417322831
0
LINE
8
BLACK
6
CONTINUOUS
10
6.5003170866141735
20
-4.0312461417322831
11
6.5003089370078735
21
-4.0312245669291338
0
LINE
8
BLACK
6
CONTINUOUS
10
6.5003089370078735
20
-4.0312245669291338
11
6.5004
21
-4.0308293700787399
0
LINE
8
BLACK
6
CONTINUOUS
10
6.5004
20
-4.0308293700787399
11
6.5004791732283467
21
-4.0304314173228342
0
LINE
8
BLACK
6
CONTINUOUS
10
6.5004791732283467
20
-4.0304314173228342
11
6.5004954724409449
21
-4.0304150787401571
0
LINE
8
BLACK
6
CONTINUOUS
10
6.5004954724409449
20
-4.0304150787401571
11
6.5005061023622046
21
-4.0303690944881891
0
LINE
8
BLACK
6
CONTINUOUS
10
6.5005061023622046
20
-4.0303690944881891
11
6.5013632677165356
21
-4.0284643307086609
0
LINE
8
BLACK
6
CONTINUOUS
10
6.5013632677165356
20
-4.0284643307086609
11
6.5015649606299215
21
-4.0281812992125987
0
LINE
8
BLACK
6
CONTINUOUS
10
6.5015649606299215
20
-4.0281812992125987
11
6.5017426377952754
21
-4.0278825590551177
0
LINE
8
BLACK
6
CONTINUOUS
10
6.5017426377952754
20
-4.0278825590551177
11
6.5025997637795276
21
-4.0269301574803151
0
LINE
8
BLACK
6
CONTINUOUS
10
6.5025997637795276
20
-4.0269301574803151
11
6.502896850393701
21
-4.0267081496062991
0
LINE
8
BLACK
6
CONTINUOUS
10
6.502896850393701
20
-4.0267081496062991
11
6.5031795275590554
21
-4.0264684251968506
0
LINE
8
BLACK
6
CONTINUOUS
10
6.5031795275590554
20
-4.0264684251968506
11
6.5048938188976377
21
-4.0255160629921258
0
LINE
8
BLACK
6
CONTINUOUS
10
6.5048938188976377
20
-4.0255160629921258
11
6.5050702362204724
21
-4.0254593700787398
0
LINE
8
BLACK
6
CONTINUOUS
10
6.5050702362204724
20
-4.0254593700787398
11
6.5051254724409446
21
-4.0254041732283463
0
LINE
8
BLACK
6
CONTINUOUS
10
6.5051254724409446
20
-4.0254041732283463
11
6.5054319685039372
21
-4.025343188976378
0
LINE
8
BLACK
6
CONTINUOUS
10
6.5054319685039372
20
-4.025343188976378
11
6.505729645669291
21
-4.0252475984251967
0
LINE
8
BLACK
6
CONTINUOUS
10
6.505729645669291
20
-4.0252475984251967
11
6.5058047244094483
21
-4.0252690551181098
0
LINE
8
BLACK
6
CONTINUOUS
10
6.5058047244094483
20
-4.0252690551181098
11
6.5059864960629916
21
-4.0252329133858264
0
LINE
8
BLACK
6
CONTINUOUS
10
6.5059864960629916
20
-4.0252329133858264
11
6.5094150787401572
21
-4.0252329133858264
0
LINE
8
BLACK
6
CONTINUOUS
10
6.5094150787401572
20
-4.0252329133858264
11
6.5095968110236218
21
-4.0252690551181098
0
LINE
8
BLACK
6
CONTINUOUS
10
6.5056933464566926
20
-4.0302196062992124
11
6.5053226377952758
21
-4.0306314960629921
0
LINE
8
BLACK
6
CONTINUOUS
10
6.5053226377952758
20
-4.0306314960629921
11
6.504807913385827
21
-4.0317753543307084
0
LINE
8
BLACK
6
CONTINUOUS
10
6.504807913385827
20
-4.0317753543307084
11
6.504807913385827
21
-4.0355713779527562
0
LINE
8
BLACK
6
CONTINUOUS
10
6.504807913385827
20
-4.0355713779527562
11
6.5053226377952758
21
-4.0367152362204726
0
LINE
8
BLACK
6
CONTINUOUS
10
6.5053226377952758
20
-4.0367152362204726
11
6.5056933464566926
21
-4.0371271259842523
0
LINE
8
BLACK
6
CONTINUOUS
10
6.5056933464566926
20
-4.0371271259842523
11
6.5065694881889762
21
-4.0376138582677168
0
LINE
8
BLACK
6
CONTINUOUS
10
6.5065694881889762
20
-4.0376138582677168
11
6.5088320866141727
21
-4.0376138582677168
0
LINE
8
BLACK
6
CONTINUOUS
10
6.5088320866141727
20
-4.0376138582677168
11
6.509708267716535
21
-4.0371270866141735
0
LINE
8
BLACK
6
CONTINUOUS
10
6.509708267716535
20
-4.0371270866141735
11
6.5100788976377952
21
-4.0367152362204726
0
LINE
8
BLACK
6
CONTINUOUS
10
6.5100788976377952
20
-4.0367152362204726
11
6.510593622047244
21
-4.035571417322835
0
LINE
8
BLACK
6
CONTINUOUS
10
6.510593622047244
20
-4.035571417322835
11
6.510593622047244
21
-4.0317753149606297
0
LINE
8
BLACK
6
CONTINUOUS
10
6.510593622047244
20
-4.0317753149606297
11
6.5100788976377952
21
-4.0306314960629921
0
LINE
8
BLACK
6
CONTINUOUS
10
6.5100788976377952
20
-4.0306314960629921
11
6.509708267716535
21
-4.0302196456692911
0
LINE
8
BLACK
6
CONTINUOUS
10
6.509708267716535
20
-4.0302196456692911
11
6.5088320866141727
21
-4.0297329133858266
0
LINE
8
BLACK
6
CONTINUOUS
10
6.5088320866141727
20
-4.0297329133858266
11
6.5065694881889762
21
-4.0297329133858266
0
LINE
8
BLACK
6
CONTINUOUS
10
6.5065694881889762
20
-4.0297329133858266
11
6.5056933464566926
21
-4.0302196062992124
0
LINE
8
BLACK
6
CONTINUOUS
10
6.9967493307086617
20
-3.6620881496062991
11
6.9969291338582673
21
-3.6629921259842519
0
LINE
8
BLACK
6
CONTINUOUS
10
6.9969291338582673
20
-3.6629921259842519
11
6.9969291338582673
21
-4.0440944881889767
0
LINE
8
BLACK
6
CONTINUOUS
10
6.9969291338582673
20
-4.0440944881889767
11
6.9967493307086617
21
-4.0449984645669295
0
LINE
8
BLACK
6
CONTINUOUS
10
6.9967493307086617
20
-4.0449984645669295
11
6.9954709055118105
21
-4.0462768897637797
0
LINE
8
BLACK
6
CONTINUOUS
10
6.9954709055118105
20
-4.0462768897637797
11
6.9936629527559058
21
-4.0462768897637797
0
LINE
8
BLACK
6
CONTINUOUS
10
6.9936629527559058
20
-4.0462768897637797
11
6.9923845275590546
21
-4.0449984645669295
0
LINE
8
BLACK
6
CONTINUOUS
10
6.9923845275590546
20
-4.0449984645669295
11
6.992204724409449
21
-4.0440944881889767
0
LINE
8
BLACK
6
CONTINUOUS
10
6.992204724409449
20
-4.0440944881889767
11
6.992204724409449
21
-3.6629921259842519
0
LINE
8
BLACK
6
CONTINUOUS
10
6.992204724409449
20
-3.6629921259842519
11
6.9923845275590546
21
-3.6620881496062991
0
LINE
8
BLACK
6
CONTINUOUS
10
6.9923845275590546
20
-3.6620881496062991
11
6.9936629527559058
21
-3.6608097244094489
0
LINE
8
BLACK
6
CONTINUOUS
10
6.9936629527559058
20
-3.6608097244094489
11
6.9954709055118105
21
-3.6608097244094489
0
LINE
8
BLACK
6
CONTINUOUS
10
6.9954709055118105
20
-3.6608097244094489
11
6.9967493307086617
21
-3.6620881496062991
0
LINE
8
BLACK
6
CONTINUOUS
10
6.1066039370078737
20
-4.0245892519685036
11
6.107882362204724
21
-4.0258676771653539
0
LINE
8
BLACK
6
CONTINUOUS
10
6.107882362204724
20
-4.0258676771653539
11
6.107882362204724
21
-4.0276756299212595
0
LINE
8
BLACK
6
CONTINUOUS
10
6.107882362204724
20
-4.0276756299212595
11
6.1066039370078737
21
-4.0289540551181098
0
LINE
8
BLACK
6
CONTINUOUS
10
6.1066039370078737
20
-4.0289540551181098
11
6.1056999606299209
21
-4.0291338582677163
0
LINE
8
BLACK
6
CONTINUOUS
10
6.1056999606299209
20
-4.0291338582677163
11
6.0928827165354331
21
-4.0291338582677163
0
LINE
8
BLACK
6
CONTINUOUS
10
6.0928827165354331
20
-4.0291338582677163
11
6.0919787401574803
21
-4.0289540551181098
0
LINE
8
BLACK
6
CONTINUOUS
10
6.0919787401574803
20
-4.0289540551181098
11
6.09070031496063
21
-4.0276756299212595
0
LINE
8
BLACK
6
CONTINUOUS
10
6.09070031496063
20
-4.0276756299212595
11
6.09070031496063
21
-4.0258676771653539
0
LINE
8
BLACK
6
CONTINUOUS
10
6.09070031496063
20
-4.0258676771653539
11
6.0919787401574803
21
-4.0245892519685036
0
LINE
8
BLACK
6
CONTINUOUS
10
6.0919787401574803
20
-4.0245892519685036
11
6.0928827165354331
21
-4.0244094488188979
0
LINE
8
BLACK
6
CONTINUOUS
10
6.0928827165354331
20
-4.0244094488188979
11
6.1056999606299209
21
-4.0244094488188979
0
LINE
8
BLACK
6
CONTINUOUS
10
6.1056999606299209
20
-4.0244094488188979
11
6.1066039370078737
21
-4.0245892519685036
0
LINE
8
BLACK
6
CONTINUOUS
10
6.6356941732283463
20
-3.9505685433070865
11
6.6367585826771656
21
-3.9510094488188976
0
LINE
8
BLACK
6
CONTINUOUS
10
6.6367585826771656
20
-3.9510094488188976
11
6.6375732283464561
21
-3.9518240944881891
0
LINE
8
BLACK
6
CONTINUOUS
10
6.6375732283464561
20
-3.9518240944881891
11
6.6380141338582677
21
-3.9528885039370079
0
LINE
8
BLACK
6
CONTINUOUS
10
6.6380141338582677
20
-3.9528885039370079
11
6.6380141338582677
21
-3.9540406299212596
0
LINE
8
BLACK
6
CONTINUOUS
10
6.6380141338582677
20
-3.9540406299212596
11
6.6375732283464561
21
-3.9551050393700788
0
LINE
8
BLACK
6
CONTINUOUS
10
6.6375732283464561
20
-3.9551050393700788
11
6.6367585826771656
21
-3.9559196850393699
0
LINE
8
BLACK
6
CONTINUOUS
10
6.6367585826771656
20
-3.9559196850393699
11
6.6356941732283463
21
-3.9563605905511809
0
LINE
8
BLACK
6
CONTINUOUS
10
6.6356941732283463
20
-3.9563605905511809
11
6.6351181102362204
21
-3.9564173228346458
0
LINE
8
BLACK
6
CONTINUOUS
10
6.6351181102362204
20
-3.9564173228346458
11
6.5980708661417324
21
-3.9564173228346458
0
LINE
8
BLACK
6
CONTINUOUS
10
6.5980708661417324
20
-3.9564173228346458
11
6.5980708661417324
21
-4.0105118110236218
0
LINE
8
BLACK
6
CONTINUOUS
10
6.5980708661417324
20
-4.0105118110236218
11
6.6351181102362204
21
-4.0105118110236218
0
LINE
8
BLACK
6
CONTINUOUS
10
6.6351181102362204
20
-4.0105118110236218
11
6.6356941732283463
21
-4.0105685433070866
0
LINE
8
BLACK
6
CONTINUOUS
10
6.6356941732283463
20
-4.0105685433070866
11
6.6367585826771656
21
-4.0110094488188972
0
LINE
8
BLACK
6
CONTINUOUS
10
6.6367585826771656
20
-4.0110094488188972
11
6.6375732283464561
21
-4.0118240944881887
0
LINE
8
BLACK
6
CONTINUOUS
10
6.6375732283464561
20
-4.0118240944881887
11
6.6380141338582677
21
-4.0128885039370079
0
LINE
8
BLACK
6
CONTINUOUS
10
6.6380141338582677
20
-4.0128885039370079
11
6.6380141338582677
21
-4.0140406299212597
0
LINE
8
BLACK
6
CONTINUOUS
10
6.6380141338582677
20
-4.0140406299212597
11
6.6375732283464561
21
-4.0151050393700789
0
LINE
8
BLACK
6
CONTINUOUS
10
6.6375732283464561
20
-4.0151050393700789
11
6.6367585826771656
21
-4.0159196850393704
0
LINE
8
BLACK
6
CONTINUOUS
10
6.6367585826771656
20
-4.0159196850393704
11
6.6356941732283463
21
-4.016360590551181
0
LINE
8
BLACK
6
CONTINUOUS
10
6.6356941732283463
20
-4.016360590551181
11
6.6351181102362204
21
-4.0164173228346458
0
LINE
8
BLACK
6
CONTINUOUS
10
6.6351181102362204
20
-4.0164173228346458
11
6.5951181102362204
21
-4.0164173228346458
0
LINE
8
BLACK
6
CONTINUOUS
10
6.5951181102362204
20
-4.0164173228346458
11
6.5945420472440945
21
-4.016360590551181
0
LINE
8
BLACK
6
CONTINUOUS
10
6.5945420472440945
20
-4.016360590551181
11
6.5934776377952753
21
-4.0159196850393704
0
LINE
8
BLACK
6
CONTINUOUS
10
6.5934776377952753
20
-4.0159196850393704
11
6.5926629921259838
21
-4.0151050393700789
0
LINE
8
BLACK
6
CONTINUOUS
10
6.5926629921259838
20
-4.0151050393700789
11
6.5922220866141732
21
-4.0140406299212597
0
LINE
8
BLACK
6
CONTINUOUS
10
6.5922220866141732
20
-4.0140406299212597
11
6.5921653543307084
21
-4.0134645669291338
0
LINE
8
BLACK
6
CONTINUOUS
10
6.5921653543307084
20
-4.0134645669291338
11
6.5921653543307084
21
-3.9534645669291337
0
LINE
8
BLACK
6
CONTINUOUS
10
6.5921653543307084
20
-3.9534645669291337
11
6.5922220866141732
21
-3.9528885039370079
0
LINE
8
BLACK
6
CONTINUOUS
10
6.5922220866141732
20
-3.9528885039370079
11
6.5926629921259838
21
-3.9518240944881891
0
LINE
8
BLACK
6
CONTINUOUS
10
6.5926629921259838
20
-3.9518240944881891
11
6.5934776377952753
21
-3.9510094488188976
0
LINE
8
BLACK
6
CONTINUOUS
10
6.5934776377952753
20
-3.9510094488188976
11
6.5945420472440945
21
-3.9505685433070865
0
LINE
8
BLACK
6
CONTINUOUS
10
6.5945420472440945
20
-3.9505685433070865
11
6.5951181102362204
21
-3.9505118110236221
0
LINE
8
BLACK
6
CONTINUOUS
10
6.5951181102362204
20
-3.9505118110236221
11
6.6351181102362204
21
-3.9505118110236221
0
LINE
8
BLACK
6
CONTINUOUS
10
6.6351181102362204
20
-3.9505118110236221
11
6.6356941732283463
21
-3.9505685433070865
0
LINE
8
BLACK
6
CONTINUOUS
10
6.7245364173228346
20
-3.946852086614173
11
6.7267305905511812
21
-3.9490462598425196
0
LINE
8
BLACK
6
CONTINUOUS
10
6.7267305905511812
20
-3.9490462598425196
11
6.7279180708661412
21
-3.9519130708661416
0
LINE
8
BLACK
6
CONTINUOUS
10
6.7279180708661412
20
-3.9519130708661416
11
6.7279180708661412
21
-3.9550160629921258
0
LINE
8
BLACK
6
CONTINUOUS
10
6.7279180708661412
20
-3.9550160629921258
11
6.7267305905511812
21
-3.9578828740157479
0
LINE
8
BLACK
6
CONTINUOUS
10
6.7267305905511812
20
-3.9578828740157479
11
6.7245364173228346
21
-3.9600770472440945
0
LINE
8
BLACK
6
CONTINUOUS
10
6.7245364173228346
20
-3.9600770472440945
11
6.7216696062992121
21
-3.961264527559055
0
LINE
8
BLACK
6
CONTINUOUS
10
6.7216696062992121
20
-3.961264527559055
11
6.7185666141732279
21
-3.961264527559055
0
LINE
8
BLACK
6
CONTINUOUS
10
6.7185666141732279
20
-3.961264527559055
11
6.7180708661417325
21
-3.9610591732283464
0
LINE
8
BLACK
6
CONTINUOUS
10
6.7180708661417325
20
-3.9610591732283464
11
6.7180708661417325
21
-4.0134645669291338
0
LINE
8
BLACK
6
CONTINUOUS
10
6.7180708661417325
20
-4.0134645669291338
11
6.7180141338582677
21
-4.0140406299212597
0
LINE
8
BLACK
6
CONTINUOUS
10
6.7180141338582677
20
-4.0140406299212597
11
6.7175732283464562
21
-4.0151050393700789
0
LINE
8
BLACK
6
CONTINUOUS
10
6.7175732283464562
20
-4.0151050393700789
11
6.7167585826771656
21
-4.0159196850393704
0
LINE
8
BLACK
6
CONTINUOUS
10
6.7167585826771656
20
-4.0159196850393704
11
6.7156941732283464
21
-4.016360590551181
0
LINE
8
BLACK
6
CONTINUOUS
10
6.7156941732283464
20
-4.016360590551181
11
6.7151181102362205
21
-4.0164173228346458
0
LINE
8
BLACK
6
CONTINUOUS
10
6.7151181102362205
20
-4.0164173228346458
11
6.6751181102362205
21
-4.0164173228346458
0
LINE
8
BLACK
6
CONTINUOUS
10
6.6751181102362205
20
-4.0164173228346458
11
6.6745420472440946
21
-4.016360590551181
0
LINE
8
BLACK
6
CONTINUOUS
10
6.6745420472440946
20
-4.016360590551181
11
6.6734776377952754
21
-4.0159196850393704
0
LINE
8
BLACK
6
CONTINUOUS
10
6.6734776377952754
20
-4.0159196850393704
11
6.6726629921259839
21
-4.0151050393700789
0
LINE
8
BLACK
6
CONTINUOUS
10
6.6726629921259839
20
-4.0151050393700789
11
6.6722220866141733
21
-4.0140406299212597
0
LINE
8
BLACK
6
CONTINUOUS
10
6.6722220866141733
20
-4.0140406299212597
11
6.6722220866141733
21
-4.0128885039370079
0
LINE
8
BLACK
6
CONTINUOUS
10
6.6722220866141733
20
-4.0128885039370079
11
6.6726629921259839
21
-4.0118240944881887
0
LINE
8
BLACK
6
CONTINUOUS
10
6.6726629921259839
20
-4.0118240944881887
11
6.6734776377952754
21
-4.0110094488188972
0
LINE
8
BLACK
6
CONTINUOUS
10
6.6734776377952754
20
-4.0110094488188972
11
6.6745420472440946
21
-4.0105685433070866
0
LINE
8
BLACK
6
CONTINUOUS
10
6.6745420472440946
20
-4.0105685433070866
11
6.6751181102362205
21
-4.0105118110236218
0
LINE
8
BLACK
6
CONTINUOUS
10
6.6751181102362205
20
-4.0105118110236218
11
6.7121653543307085
21
-4.0105118110236218
0
LINE
8
BLACK
6
CONTINUOUS
10
6.7121653543307085
20
-4.0105118110236218
11
6.7121653543307085
21
-3.9564173228346458
0
LINE
8
BLACK
6
CONTINUOUS
10
6.7121653543307085
20
-3.9564173228346458
11
6.6751181102362205
21
-3.9564173228346458
0
LINE
8
BLACK
6
CONTINUOUS
10
6.6751181102362205
20
-3.9564173228346458
11
6.6745420472440946
21
-3.9563605905511809
0
LINE
8
BLACK
6
CONTINUOUS
10
6.6745420472440946
20
-3.9563605905511809
11
6.6734776377952754
21
-3.9559196850393699
0
LINE
8
BLACK
6
CONTINUOUS
10
6.6734776377952754
20
-3.9559196850393699
11
6.6726629921259839
21
-3.9551050393700788
0
LINE
8
BLACK
6
CONTINUOUS
10
6.6726629921259839
20
-3.9551050393700788
11
6.6722220866141733
21
-3.9540406299212596
0
LINE
8
BLACK
6
CONTINUOUS
10
6.6722220866141733
20
-3.9540406299212596
11
6.6722220866141733
21
-3.9528885039370079
0
LINE
8
BLACK
6
CONTINUOUS
10
6.6722220866141733
20
-3.9528885039370079
11
6.6726629921259839
21
-3.9518240944881891
0
LINE
8
BLACK
6
CONTINUOUS
10
6.6726629921259839
20
-3.9518240944881891
11
6.6734776377952754
21
-3.9510094488188976
0
LINE
8
BLACK
6
CONTINUOUS
10
6.6734776377952754
20
-3.9510094488188976
11
6.6745420472440946
21
-3.9505685433070865
0
LINE
8
BLACK
6
CONTINUOUS
10
6.6745420472440946
20
-3.9505685433070865
11
6.6751181102362205
21
-3.9505118110236221
0
LINE
8
BLACK
6
CONTINUOUS
10
6.6751181102362205
20
-3.9505118110236221
11
6.7128985826771652
21
-3.9505118110236221
0
LINE
8
BLACK
6
CONTINUOUS
10
6.7128985826771652
20
-3.9505118110236221
11
6.7135056299212597
21
-3.9490462598425196
0
LINE
8
BLACK
6
CONTINUOUS
10
6.7135056299212597
20
-3.9490462598425196
11
6.7156998031496062
21
-3.946852086614173
0
LINE
8
BLACK
6
CONTINUOUS
10
6.7156998031496062
20
-3.946852086614173
11
6.7185666141732279
21
-3.9456646062992125
0
LINE
8
BLACK
6
CONTINUOUS
10
6.7185666141732279
20
-3.9456646062992125
11
6.7216696062992121
21
-3.9456646062992125
0
LINE
8
BLACK
6
CONTINUOUS
10
6.7216696062992121
20
-3.9456646062992125
11
6.7245364173228346
21
-3.946852086614173
0
LINE
8
BLACK
6
CONTINUOUS
10
6.7180708661417325
20
-3.9526165748031494
11
6.7180708661417325
21
-3.954312559055118
0
LINE
8
BLACK
6
CONTINUOUS
10
6.7180708661417325
20
-3.954312559055118
11
6.7192701181102361
21
-3.955511811023622
0
LINE
8
BLACK
6
CONTINUOUS
10
6.7192701181102361
20
-3.955511811023622
11
6.7209661023622047
21
-3.955511811023622
0
LINE
8
BLACK
6
CONTINUOUS
10
6.7209661023622047
20
-3.955511811023622
11
6.7221653543307083
21
-3.954312559055118
0
LINE
8
BLACK
6
CONTINUOUS
10
6.7221653543307083
20
-3.954312559055118
11
6.7221653543307083
21
-3.9526165748031494
0
LINE
8
BLACK
6
CONTINUOUS
10
6.7221653543307083
20
-3.9526165748031494
11
6.7209661023622047
21
-3.9514173228346454
0
LINE
8
BLACK
6
CONTINUOUS
10
6.7209661023622047
20
-3.9514173228346454
11
6.7192701181102361
21
-3.9514173228346454
0
LINE
8
BLACK
6
CONTINUOUS
10
6.7192701181102361
20
-3.9514173228346454
11
6.7180708661417325
21
-3.9526165748031494
0
LINE
8
BLACK
6
CONTINUOUS
10
6.3789661417322829
20
-4.0084475196850393
11
6.3802445669291341
21
-4.0097259448818896
0
LINE
8
BLACK
6
CONTINUOUS
10
6.3802445669291341
20
-4.0097259448818896
11
6.3802445669291341
21
-4.0115338976377952
0
LINE
8
BLACK
6
CONTINUOUS
10
6.3802445669291341
20
-4.0115338976377952
11
6.3789661417322829
21
-4.0128123228346455
0
LINE
8
BLACK
6
CONTINUOUS
10
6.3789661417322829
20
-4.0128123228346455
11
6.3780621653543301
21
-4.012992125984252
0
LINE
8
BLACK
6
CONTINUOUS
10
6.3780621653543301
20
-4.012992125984252
11
6.3652449212598423
21
-4.012992125984252
0
LINE
8
BLACK
6
CONTINUOUS
10
6.3652449212598423
20
-4.012992125984252
11
6.3643409448818895
21
-4.0128123228346455
0
LINE
8
BLACK
6
CONTINUOUS
10
6.3643409448818895
20
-4.0128123228346455
11
6.3630625196850392
21
-4.0115338976377952
0
LINE
8
BLACK
6
CONTINUOUS
10
6.3630625196850392
20
-4.0115338976377952
11
6.3630625196850392
21
-4.0097259448818896
0
LINE
8
BLACK
6
CONTINUOUS
10
6.3630625196850392
20
-4.0097259448818896
11
6.3643409448818895
21
-4.0084475196850393
0
LINE
8
BLACK
6
CONTINUOUS
10
6.3643409448818895
20
-4.0084475196850393
11
6.3652449212598423
21
-4.0082677165354328
0
LINE
8
BLACK
6
CONTINUOUS
10
6.3652449212598423
20
-4.0082677165354328
11
6.3780621653543301
21
-4.0082677165354328
0
LINE
8
BLACK
6
CONTINUOUS
10
6.3780621653543301
20
-4.0082677165354328
11
6.3789661417322829
21
-4.0084475196850393
0
LINE
8
BLACK
6
CONTINUOUS
10
6.9740625984251965
20
-3.9624025196850394
11
6.9761914173228341
21
-3.9632843307086612
0
LINE
8
BLACK
6
CONTINUOUS
10
6.9761914173228341
20
-3.9632843307086612
11
6.977820708661417
21
-3.9649136220472441
0
LINE
8
BLACK
6
CONTINUOUS
10
6.977820708661417
20
-3.9649136220472441
11
6.9787025196850392
21
-3.9670424409448817
0
LINE
8
BLACK
6
CONTINUOUS
10
6.9787025196850392
20
-3.9670424409448817
11
6.9787025196850392
21
-3.9693466929133856
0
LINE
8
BLACK
6
CONTINUOUS
10
6.9787025196850392
20
-3.9693466929133856
11
6.977820708661417
21
-3.9714755118110237
0
LINE
8
BLACK
6
CONTINUOUS
10
6.977820708661417
20
-3.9714755118110237
11
6.9761914173228341
21
-3.9731048031496061
0
LINE
8
BLACK
6
CONTINUOUS
10
6.9761914173228341
20
-3.9731048031496061
11
6.9740625984251965
21
-3.9739866141732283
0
LINE
8
BLACK
6
CONTINUOUS
10
6.9740625984251965
20
-3.9739866141732283
11
6.9729104724409448
21
-3.9741000787401575
0
LINE
8
BLACK
6
CONTINUOUS
10
6.9729104724409448
20
-3.9741000787401575
11
6.9495300000000002
21
-3.9741000787401575
0
LINE
8
BLACK
6
CONTINUOUS
10
6.9495300000000002
20
-3.9741000787401575
11
6.961122125984252
21
-3.9795097244094486
0
LINE
8
BLACK
6
CONTINUOUS
10
6.961122125984252
20
-3.9795097244094486
11
6.9615441338582675
21
-3.9797597244094489
0
LINE
8
BLACK
6
CONTINUOUS
10
6.9615441338582675
20
-3.9797597244094489
11
6.9616868503937006
21
-3.979811614173228
0
LINE
8
BLACK
6
CONTINUOUS
10
6.9616868503937006
20
-3.979811614173228
11
6.9617877559055117
21
-3.9799040157480312
0
LINE
8
BLACK
6
CONTINUOUS
10
6.9617877559055117
20
-3.9799040157480312
11
6.9621181889763779
21
-3.9800997637795277
0
LINE
8
BLACK
6
CONTINUOUS
10
6.9621181889763779
20
-3.9800997637795277
11
6.9627246456692911
21
-3.9807620078740156
0
LINE
8
BLACK
6
CONTINUOUS
10
6.9627246456692911
20
-3.9807620078740156
11
6.9633861811023623
21
-3.9813678346456691
0
LINE
8
BLACK
6
CONTINUOUS
10
6.9633861811023623
20
-3.9813678346456691
11
6.963497086614173
21
-3.9816055118110234
0
LINE
8
BLACK
6
CONTINUOUS
10
6.963497086614173
20
-3.9816055118110234
11
6.9636743700787402
21
-3.9817990944881889
0
LINE
8
BLACK
6
CONTINUOUS
10
6.9636743700787402
20
-3.9817990944881889
11
6.9639811417322832
21
-3.9826427559055118
0
LINE
8
BLACK
6
CONTINUOUS
10
6.9639811417322832
20
-3.9826427559055118
11
6.9643606299212593
21
-3.9834559055118111
0
LINE
8
BLACK
6
CONTINUOUS
10
6.9643606299212593
20
-3.9834559055118111
11
6.9643721259842515
21
-3.9837179527559052
0
LINE
8
BLACK
6
CONTINUOUS
10
6.9643721259842515
20
-3.9837179527559052
11
6.9644618110236216
21
-3.9839645669291337
0
LINE
8
BLACK
6
CONTINUOUS
10
6.9644618110236216
20
-3.9839645669291337
11
6.9644223622047239
21
-3.984861496062992
0
LINE
8
BLACK
6
CONTINUOUS
10
6.9644223622047239
20
-3.984861496062992
11
6.9644617716535429
21
-3.9857579133858265
0
LINE
8
BLACK
6
CONTINUOUS
10
6.9644617716535429
20
-3.9857579133858265
11
6.9643721259842515
21
-3.98600437007874
0
LINE
8
BLACK
6
CONTINUOUS
10
6.9643721259842515
20
-3.98600437007874
11
6.9643606299212593
21
-3.9862665354330709
0
LINE
8
BLACK
6
CONTINUOUS
10
6.9643606299212593
20
-3.9862665354330709
11
6.963981023622047
21
-3.987079960629921
0
LINE
8
BLACK
6
CONTINUOUS
10
6.963981023622047
20
-3.987079960629921
11
6.9636743700787402
21
-3.987923346456693
0
LINE
8
BLACK
6
CONTINUOUS
10
6.9636743700787402
20
-3.987923346456693
11
6.9634972047244093
21
-3.9881167716535431
0
LINE
8
BLACK
6
CONTINUOUS
10
6.9634972047244093
20
-3.9881167716535431
11
6.963386220472441
21
-3.9883546456692911
0
LINE
8
BLACK
6
CONTINUOUS
10
6.963386220472441
20
-3.9883546456692911
11
6.962724173228346
21
-3.9889609055118109
0
LINE
8
BLACK
6
CONTINUOUS
10
6.962724173228346
20
-3.9889609055118109
11
6.9621181496062992
21
-3.9896226771653542
0
LINE
8
BLACK
6
CONTINUOUS
10
6.9621181496062992
20
-3.9896226771653542
11
6.9617879527559055
21
-3.9898182677165352
0
LINE
8
BLACK
6
CONTINUOUS
10
6.9617879527559055
20
-3.9898182677165352
11
6.9616868897637794
21
-3.9899108267716534
0
LINE
8
BLACK
6
CONTINUOUS
10
6.9616868897637794
20
-3.9899108267716534
11
6.9615439763779525
21
-3.9899627559055117
0
LINE
8
BLACK
6
CONTINUOUS
10
6.9615439763779525
20
-3.9899627559055117
11
6.9611220866141732
21
-3.9902127165354329
0
LINE
8
BLACK
6
CONTINUOUS
10
6.9611220866141732
20
-3.9902127165354329
11
6.9495299212598427
21
-3.9956224015748032
0
LINE
8
BLACK
6
CONTINUOUS
10
6.9495299212598427
20
-3.9956224015748032
11
6.9729104724409448
21
-3.9956224015748032
0
LINE
8
BLACK
6
CONTINUOUS
10
6.9729104724409448
20
-3.9956224015748032
11
6.9740625984251965
21
-3.9957358661417324
0
LINE
8
BLACK
6
CONTINUOUS
10
6.9740625984251965
20
-3.9957358661417324
11
6.9761914173228341
21
-3.9966176771653541
0
LINE
8
BLACK
6
CONTINUOUS
10
6.9761914173228341
20
-3.9966176771653541
11
6.977820708661417
21
-3.998246968503937
0
LINE
8
BLACK
6
CONTINUOUS
10
6.977820708661417
20
-3.998246968503937
11
6.9787025196850392
21
-4.0003757874015751
0
LINE
8
BLACK
6
CONTINUOUS
10
6.9787025196850392
20
-4.0003757874015751
11
6.9787025196850392
21
-4.0026800393700785
0
LINE
8
BLACK
6
CONTINUOUS
10
6.9787025196850392
20
-4.0026800393700785
11
6.977820708661417
21
-4.0048088582677162
0
LINE
8
BLACK
6
CONTINUOUS
10
6.977820708661417
20
-4.0048088582677162
11
6.9761914173228341
21
-4.0064381496062991
0
LINE
8
BLACK
6
CONTINUOUS
10
6.9761914173228341
20
-4.0064381496062991
11
6.9740625984251965
21
-4.0073199606299212
0
LINE
8
BLACK
6
CONTINUOUS
10
6.9740625984251965
20
-4.0073199606299212
11
6.9729104724409448
21
-4.00743342519685
0
LINE
8
BLACK
6
CONTINUOUS
10
6.9729104724409448
20
-4.00743342519685
11
6.9229104724409449
21
-4.00743342519685
0
LINE
8
BLACK
6
CONTINUOUS
10
6.9229104724409449
20
-4.00743342519685
11
6.9221531102362199
21
-4.0073588188976377
0
LINE
8
BLACK
6
CONTINUOUS
10
6.9221531102362199
20
-4.0073588188976377
11
6.9220138188976374
21
-4.0073649606299213
0
LINE
8
BLACK
6
CONTINUOUS
10
6.9220138188976374
20
-4.0073649606299213
11
6.9219389763779526
21
-4.0073377165354334
0
LINE
8
BLACK
6
CONTINUOUS
10
6.9219389763779526
20
-4.0073377165354334
11
6.9217583464566932
21
-4.0073199606299212
0
LINE
8
BLACK
6
CONTINUOUS
10
6.9217583464566932
20
-4.0073199606299212
11
6.9208115354330708
21
-4.0069277559055116
0
LINE
8
BLACK
6
CONTINUOUS
10
6.9208115354330708
20
-4.0069277559055116
11
6.9198483464566927
21
-4.0065775196850391
0
LINE
8
BLACK
6
CONTINUOUS
10
6.9198483464566927
20
-4.0065775196850391
11
6.9197511811023622
21
-4.0064885433070865
0
LINE
8
BLACK
6
CONTINUOUS
10
6.9197511811023622
20
-4.0064885433070865
11
6.9196295275590547
21
-4.0064381496062991
0
LINE
8
BLACK
6
CONTINUOUS
10
6.9196295275590547
20
-4.0064381496062991
11
6.9189049606299209
21
-4.0057135826771653
0
LINE
8
BLACK
6
CONTINUOUS
10
6.9189049606299209
20
-4.0057135826771653
11
6.9181490551181097
21
-4.0050213385826767
0
LINE
8
BLACK
6
CONTINUOUS
10
6.9181490551181097
20
-4.0050213385826767
11
6.9180933464566925
21
-4.0049019685039369
0
LINE
8
BLACK
6
CONTINUOUS
10
6.9180933464566925
20
-4.0049019685039369
11
6.9180002362204727
21
-4.0048088582677162
0
LINE
8
BLACK
6
CONTINUOUS
10
6.9180002362204727
20
-4.0048088582677162
11
6.9176080314960631
21
-4.0038620078740159
0
LINE
8
BLACK
6
CONTINUOUS
10
6.9176080314960631
20
-4.0038620078740159
11
6.9171746062992128
21
-4.0029332677165357
0
LINE
8
BLACK
6
CONTINUOUS
10
6.9171746062992128
20
-4.0029332677165357
11
6.9171688188976379
21
-4.0028016929133861
0
LINE
8
BLACK
6
CONTINUOUS
10
6.9171688188976379
20
-4.0028016929133861
11
6.9171184251968505
21
-4.0026800393700785
0
LINE
8
BLACK
6
CONTINUOUS
10
6.9171184251968505
20
-4.0026800393700785
11
6.9171184251968505
21
-4.0016550393700783
0
LINE
8
BLACK
6
CONTINUOUS
10
6.9171184251968505
20
-4.0016550393700783
11
6.9170734251968504
21
-4.0006312598425193
0
LINE
8
BLACK
6
CONTINUOUS
10
6.9170734251968504
20
-4.0006312598425193
11
6.9171184251968505
21
-4.000507480314961
0
LINE
8
BLACK
6
CONTINUOUS
10
6.9171184251968505
20
-4.000507480314961
11
6.9171184251968505
21
-4.0003757874015751
0
LINE
8
BLACK
6
CONTINUOUS
10
6.9171184251968505
20
-4.0003757874015751
11
6.9175105905511813
21
-3.9994289763779527
0
LINE
8
BLACK
6
CONTINUOUS
10
6.9175105905511813
20
-3.9994289763779527
11
6.9178608661417318
21
-3.9984657874015745
0
LINE
8
BLACK
6
CONTINUOUS
10
6.9178608661417318
20
-3.9984657874015745
11
6.9179498031496065
21
-3.9983686220472441
0
LINE
8
BLACK
6
CONTINUOUS
10
6.9179498031496065
20
-3.9983686220472441
11
6.9180002362204727
21
-3.998246968503937
0
LINE
8
BLACK
6
CONTINUOUS
10
6.9180002362204727
20
-3.998246968503937
11
6.9187247637795277
21
-3.9975224015748032
0
LINE
8
BLACK
6
CONTINUOUS
10
6.9187247637795277
20
-3.9975224015748032
11
6.9194170472440941
21
-3.9967664960629921
0
LINE
8
BLACK
6
CONTINUOUS
10
6.9194170472440941
20
-3.9967664960629921
11
6.9195731889763774
21
-3.9966739763779526
0
LINE
8
BLACK
6
CONTINUOUS
10
6.9195731889763774
20
-3.9966739763779526
11
6.9196295275590547
21
-3.9966176771653541
0
LINE
8
BLACK
6
CONTINUOUS
10
6.9196295275590547
20
-3.9966176771653541
11
6.9197583464566925
21
-3.9965642913385824
0
LINE
8
BLACK
6
CONTINUOUS
10
6.9197583464566925
20
-3.9965642913385824
11
6.9204131102362201
21
-3.9961764566929134
0
LINE
8
BLACK
6
CONTINUOUS
10
6.9204131102362201
20
-3.9961764566929134
11
6.9446599606299211
21
-3.9848612204724407
0
LINE
8
BLACK
6
CONTINUOUS
10
6.9446599606299211
20
-3.9848612204724407
11
6.9204131102362201
21
-3.9735460236220472
0
LINE
8
BLACK
6
CONTINUOUS
10
6.9204131102362201
20
-3.9735460236220472
11
6.9197581889763775
21
-3.9731580708661416
0
LINE
8
BLACK
6
CONTINUOUS
10
6.9197581889763775
20
-3.9731580708661416
11
6.9196295275590547
21
-3.9731048031496061
0
LINE
8
BLACK
6
CONTINUOUS
10
6.9196295275590547
20
-3.9731048031496061
11
6.9195732677165349
21
-3.9730485433070863
0
LINE
8
BLACK
6
CONTINUOUS
10
6.9195732677165349
20
-3.9730485433070863
11
6.9194170472440941
21
-3.9729560236220474
0
LINE
8
BLACK
6
CONTINUOUS
10
6.9194170472440941
20
-3.9729560236220474
11
6.9187245275590552
21
-3.9721998031496062
0
LINE
8
BLACK
6
CONTINUOUS
10
6.9187245275590552
20
-3.9721998031496062
11
6.9180002362204727
21
-3.9714755118110237
0
LINE
8
BLACK
6
CONTINUOUS
10
6.9180002362204727
20
-3.9714755118110237
11
6.9179498031496065
21
-3.9713538188976378
0
LINE
8
BLACK
6
CONTINUOUS
10
6.9179498031496065
20
-3.9713538188976378
11
6.9178608661417318
21
-3.9712566929133857
0
LINE
8
BLACK
6
CONTINUOUS
10
6.9178608661417318
20
-3.9712566929133857
11
6.9175105905511813
21
-3.9702934645669292
0
LINE
8
BLACK
6
CONTINUOUS
10
6.9175105905511813
20
-3.9702934645669292
11
6.9171184251968505
21
-3.9693466929133856
0
LINE
8
BLACK
6
CONTINUOUS
10
6.9171184251968505
20
-3.9693466929133856
11
6.9171184251968505
21
-3.969214960629921
0
LINE
8
BLACK
6
CONTINUOUS
10
6.9171184251968505
20
-3.969214960629921
11
6.9170734251968504
21
-3.9690912204724409
0
LINE
8
BLACK
6
CONTINUOUS
10
6.9170734251968504
20
-3.9690912204724409
11
6.9171184251968505
21
-3.9680674015748032
0
LINE
8
BLACK
6
CONTINUOUS
10
6.9171184251968505
20
-3.9680674015748032
11
6.9171184251968505
21
-3.9670424409448817
0
LINE
8
BLACK
6
CONTINUOUS
10
6.9171184251968505
20
-3.9670424409448817
11
6.9171688188976379
21
-3.9669207480314959
0
LINE
8
BLACK
6
CONTINUOUS
10
6.9171688188976379
20
-3.9669207480314959
11
6.9171746062992128
21
-3.9667892519685037
0
LINE
8
BLACK
6
CONTINUOUS
10
6.9171746062992128
20
-3.9667892519685037
11
6.9176080708661418
21
-3.965860275590551
0
LINE
8
BLACK
6
CONTINUOUS
10
6.9176080708661418
20
-3.965860275590551
11
6.9180002362204727
21
-3.9649136220472441
0
LINE
8
BLACK
6
CONTINUOUS
10
6.9180002362204727
20
-3.9649136220472441
11
6.918093267716535
21
-3.9648205511811021
0
LINE
8
BLACK
6
CONTINUOUS
10
6.918093267716535
20
-3.9648205511811021
11
6.918149015748031
21
-3.9647011417322835
0
LINE
8
BLACK
6
CONTINUOUS
10
6.918149015748031
20
-3.9647011417322835
11
6.9189051968503934
21
-3.9640086220472441
0
LINE
8
BLACK
6
CONTINUOUS
10
6.9189051968503934
20
-3.9640086220472441
11
6.9196295275590547
21
-3.9632843307086612
0
LINE
8
BLACK
6
CONTINUOUS
10
6.9196295275590547
20
-3.9632843307086612
11
6.9197511811023622
21
-3.963233897637795
0
LINE
8
BLACK
6
CONTINUOUS
10
6.9197511811023622
20
-3.963233897637795
11
6.9198483464566927
21
-3.9631449606299212
0
LINE
8
BLACK
6
CONTINUOUS
10
6.9198483464566927
20
-3.9631449606299212
11
6.9208115354330708
21
-3.9627946850393698
0
LINE
8
BLACK
6
CONTINUOUS
10
6.9208115354330708
20
-3.9627946850393698
11
6.9217583464566932
21
-3.9624025196850394
0
LINE
8
BLACK
6
CONTINUOUS
10
6.9217583464566932
20
-3.9624025196850394
11
6.9219389763779526
21
-3.9623847244094486
0
LINE
8
BLACK
6
CONTINUOUS
10
6.9219389763779526
20
-3.9623847244094486
11
6.9220138188976374
21
-3.9623575196850394
0
LINE
8
BLACK
6
CONTINUOUS
10
6.9220138188976374
20
-3.9623575196850394
11
6.9221531102362199
21
-3.9623636220472438
0
LINE
8
BLACK
6
CONTINUOUS
10
6.9221531102362199
20
-3.9623636220472438
11
6.9229104724409449
21
-3.9622890551181102
0
LINE
8
BLACK
6
CONTINUOUS
10
6.9229104724409449
20
-3.9622890551181102
11
6.9729104724409448
21
-3.9622890551181102
0
LINE
8
BLACK
6
CONTINUOUS
10
6.9729104724409448
20
-3.9622890551181102
11
6.9740625984251965
21
-3.9624025196850394
0
LINE
8
BLACK
6
CONTINUOUS
10
6.5010133858267718
20
-4.0013609055118113
11
6.5022918110236221
21
-4.0026393307086616
0
LINE
8
BLACK
6
CONTINUOUS
10
6.5022918110236221
20
-4.0026393307086616
11
6.5022918110236221
21
-4.0044472834645672
0
LINE
8
BLACK
6
CONTINUOUS
10
6.5022918110236221
20
-4.0044472834645672
11
6.5010133858267718
21
-4.0057257086614175
0
LINE
8
BLACK
6
CONTINUOUS
10
6.5010133858267718
20
-4.0057257086614175
11
6.500109409448819
21
-4.0059055118110232
0
LINE
8
BLACK
6
CONTINUOUS
10
6.500109409448819
20
-4.0059055118110232
11
6.4872921653543303
21
-4.0059055118110232
0
LINE
8
BLACK
6
CONTINUOUS
10
6.4872921653543303
20
-4.0059055118110232
11
6.4863881889763775
21
-4.0057257086614175
0
LINE
8
BLACK
6
CONTINUOUS
10
6.4863881889763775
20
-4.0057257086614175
11
6.4851097637795272
21
-4.0044472834645672
0
LINE
8
BLACK
6
CONTINUOUS
10
6.4851097637795272
20
-4.0044472834645672
11
6.4851097637795272
21
-4.0026393307086616
0
LINE
8
BLACK
6
CONTINUOUS
10
6.4851097637795272
20
-4.0026393307086616
11
6.4863881889763775
21
-4.0013609055118113
0
LINE
8
BLACK
6
CONTINUOUS
10
6.4863881889763775
20
-4.0013609055118113
11
6.4872921653543303
21
-4.0011811023622048
0
LINE
8
BLACK
6
CONTINUOUS
10
6.4872921653543303
20
-4.0011811023622048
11
6.500109409448819
21
-4.0011811023622048
0
LINE
8
BLACK
6
CONTINUOUS
10
6.500109409448819
20
-4.0011811023622048
11
6.5010133858267718
21
-4.0013609055118113
0
LINE
8
BLACK
6
CONTINUOUS
10
6.1066039370078737
20
-3.9844317716535431
11
6.107882362204724
21
-3.9857101968503934
0
LINE
8
BLACK
6
CONTINUOUS
10
6.107882362204724
20
-3.9857101968503934
11
6.107882362204724
21
-3.987518149606299
0
LINE
8
BLACK
6
CONTINUOUS
10
6.107882362204724
20
-3.987518149606299
11
6.1066039370078737
21
-3.9887965748031493
0
LINE
8
BLACK
6
CONTINUOUS
10
6.1066039370078737
20
-3.9887965748031493
11
6.1056999606299209
21
-3.9889763779527558
0
LINE
8
BLACK
6
CONTINUOUS
10
6.1056999606299209
20
-3.9889763779527558
11
6.0928827165354331
21
-3.9889763779527558
0
LINE
8
BLACK
6
CONTINUOUS
10
6.0928827165354331
20
-3.9889763779527558
11
6.0919787401574803
21
-3.9887965748031493
0
LINE
8
BLACK
6
CONTINUOUS
10
6.0919787401574803
20
-3.9887965748031493
11
6.09070031496063
21
-3.987518149606299
0
LINE
8
BLACK
6
CONTINUOUS
10
6.09070031496063
20
-3.987518149606299
11
6.09070031496063
21
-3.9857101968503934
0
LINE
8
BLACK
6
CONTINUOUS
10
6.09070031496063
20
-3.9857101968503934
11
6.0919787401574803
21
-3.9844317716535431
0
LINE
8
BLACK
6
CONTINUOUS
10
6.0919787401574803
20
-3.9844317716535431
11
6.0928827165354331
21
-3.984251968503937
0
LINE
8
BLACK
6
CONTINUOUS
10
6.0928827165354331
20
-3.984251968503937
11
6.1056999606299209
21
-3.984251968503937
0
LINE
8
BLACK
6
CONTINUOUS
10
6.1056999606299209
20
-3.984251968503937
11
6.1066039370078737
21
-3.9844317716535431
0
LINE
8
BLACK
6
CONTINUOUS
10
6.5010133858267718
20
-3.9612034251968504
11
6.5022918110236221
21
-3.9624818503937007
0
LINE
8
BLACK
6
CONTINUOUS
10
6.5022918110236221
20
-3.9624818503937007
11
6.5022918110236221
21
-3.9642898031496063
0
LINE
8
BLACK
6
CONTINUOUS
10
6.5022918110236221
20
-3.9642898031496063
11
6.5010133858267718
21
-3.9655682283464566
0
LINE
8
BLACK
6
CONTINUOUS
10
6.5010133858267718
20
-3.9655682283464566
11
6.500109409448819
21
-3.9657480314960627
0
LINE
8
BLACK
6
CONTINUOUS
10
6.500109409448819
20
-3.9657480314960627
11
6.4872921653543303
21
-3.9657480314960627
0
LINE
8
BLACK
6
CONTINUOUS
10
6.4872921653543303
20
-3.9657480314960627
11
6.4863881889763775
21
-3.9655682283464566
0
LINE
8
BLACK
6
CONTINUOUS
10
6.4863881889763775
20
-3.9655682283464566
11
6.4851097637795272
21
-3.9642898031496063
0
LINE
8
BLACK
6
CONTINUOUS
10
6.4851097637795272
20
-3.9642898031496063
11
6.4851097637795272
21
-3.9624818503937007
0
LINE
8
BLACK
6
CONTINUOUS
10
6.4851097637795272
20
-3.9624818503937007
11
6.4863881889763775
21
-3.9612034251968504
0
LINE
8
BLACK
6
CONTINUOUS
10
6.4863881889763775
20
-3.9612034251968504
11
6.4872921653543303
21
-3.9610236220472439
0
LINE
8
BLACK
6
CONTINUOUS
10
6.4872921653543303
20
-3.9610236220472439
11
6.500109409448819
21
-3.9610236220472439
0
LINE
8
BLACK
6
CONTINUOUS
10
6.500109409448819
20
-3.9610236220472439
11
6.5010133858267718
21
-3.9612034251968504
0
LINE
8
BLACK
6
CONTINUOUS
10
5.6232940157480318
20
-3.9022692913385826
11
5.6241086614173224
21
-3.903083937007874
0
LINE
8
BLACK
6
CONTINUOUS
10
5.6241086614173224
20
-3.903083937007874
11
5.6245495669291339
21
-3.9041483464566928
0
LINE
8
BLACK
6
CONTINUOUS
10
5.6245495669291339
20
-3.9041483464566928
11
5.6246062992125987
21
-3.9047244094488187
0
LINE
8
BLACK
6
CONTINUOUS
10
5.6246062992125987
20
-3.9047244094488187
11
5.6246062992125987
21
-3.9588582677165354
0
LINE
8
BLACK
6
CONTINUOUS
10
5.6246062992125987
20
-3.9588582677165354
11
5.6984251968503932
21
-3.9588582677165354
0
LINE
8
BLACK
6
CONTINUOUS
10
5.6984251968503932
20
-3.9588582677165354
11
5.6990012598425199
21
-3.9589149999999997
0
LINE
8
BLACK
6
CONTINUOUS
10
5.6990012598425199
20
-3.9589149999999997
11
5.7000656692913383
21
-3.9593559055118108
0
LINE
8
BLACK
6
CONTINUOUS
10
5.7000656692913383
20
-3.9593559055118108
11
5.7008803149606297
21
-3.9601705511811023
0
LINE
8
BLACK
6
CONTINUOUS
10
5.7008803149606297
20
-3.9601705511811023
11
5.7013212204724404
21
-3.9612349606299211
0
LINE
8
BLACK
6
CONTINUOUS
10
5.7013212204724404
20
-3.9612349606299211
11
5.7013212204724404
21
-3.9623870866141733
0
LINE
8
BLACK
6
CONTINUOUS
10
5.7013212204724404
20
-3.9623870866141733
11
5.7008803149606297
21
-3.9634514960629921
0
LINE
8
BLACK
6
CONTINUOUS
10
5.7008803149606297
20
-3.9634514960629921
11
5.7000656692913383
21
-3.9642661417322835
0
LINE
8
BLACK
6
CONTINUOUS
10
5.7000656692913383
20
-3.9642661417322835
11
5.6990012598425199
21
-3.9647070472440946
0
LINE
8
BLACK
6
CONTINUOUS
10
5.6990012598425199
20
-3.9647070472440946
11
5.6984251968503932
21
-3.964763779527559
0
LINE
8
BLACK
6
CONTINUOUS
10
5.6984251968503932
20
-3.964763779527559
11
5.6216535433070867
21
-3.964763779527559
0
LINE
8
BLACK
6
CONTINUOUS
10
5.6216535433070867
20
-3.964763779527559
11
5.6210774803149608
21
-3.9647070472440946
0
LINE
8
BLACK
6
CONTINUOUS
10
5.6210774803149608
20
-3.9647070472440946
11
5.6200130708661415
21
-3.9642661417322835
0
LINE
8
BLACK
6
CONTINUOUS
10
5.6200130708661415
20
-3.9642661417322835
11
5.6191984251968501
21
-3.9634514960629921
0
LINE
8
BLACK
6
CONTINUOUS
10
5.6191984251968501
20
-3.9634514960629921
11
5.6187575196850394
21
-3.9623870866141733
0
LINE
8
BLACK
6
CONTINUOUS
10
5.6187575196850394
20
-3.9623870866141733
11
5.6187007874015746
21
-3.961811023622047
0
LINE
8
BLACK
6
CONTINUOUS
10
5.6187007874015746
20
-3.961811023622047
11
5.6187007874015746
21
-3.9047244094488187
0
LINE
8
BLACK
6
CONTINUOUS
10
5.6187007874015746
20
-3.9047244094488187
11
5.6187575196850394
21
-3.9041483464566928
0
LINE
8
BLACK
6
CONTINUOUS
10
5.6187575196850394
20
-3.9041483464566928
11
5.6191984251968501
21
-3.903083937007874
0
LINE
8
BLACK
6
CONTINUOUS
10
5.6191984251968501
20
-3.903083937007874
11
5.6200130708661415
21
-3.9022692913385826
0
LINE
8
BLACK
6
CONTINUOUS
10
5.6200130708661415
20
-3.9022692913385826
11
5.6210774803149608
21
-3.9018283858267715
0
LINE
8
BLACK
6
CONTINUOUS
10
5.6210774803149608
20
-3.9018283858267715
11
5.6222296062992125
21
-3.9018283858267715
0
LINE
8
BLACK
6
CONTINUOUS
10
5.6222296062992125
20
-3.9018283858267715
11
5.6232940157480318
21
-3.9022692913385826
0
LINE
8
BLACK
6
CONTINUOUS
10
5.9579396850393698
20
-3.9022692913385826
11
5.9587543307086612
21
-3.903083937007874
0
LINE
8
BLACK
6
CONTINUOUS
10
5.9587543307086612
20
-3.903083937007874
11
5.9591952362204719
21
-3.9041483464566928
0
LINE
8
BLACK
6
CONTINUOUS
10
5.9591952362204719
20
-3.9041483464566928
11
5.9592519685039367
21
-3.9047244094488187
0
LINE
8
BLACK
6
CONTINUOUS
10
5.9592519685039367
20
-3.9047244094488187
11
5.9592519685039367
21
-3.961811023622047
0
LINE
8
BLACK
6
CONTINUOUS
10
5.9592519685039367
20
-3.961811023622047
11
5.9591952362204719
21
-3.9623870866141733
0
LINE
8
BLACK
6
CONTINUOUS
10
5.9591952362204719
20
-3.9623870866141733
11
5.9587543307086612
21
-3.9634514960629921
0
LINE
8
BLACK
6
CONTINUOUS
10
5.9587543307086612
20
-3.9634514960629921
11
5.9579396850393698
21
-3.9642661417322835
0
LINE
8
BLACK
6
CONTINUOUS
10
5.9579396850393698
20
-3.9642661417322835
11
5.9568752755905514
21
-3.9647070472440946
0
LINE
8
BLACK
6
CONTINUOUS
10
5.9568752755905514
20
-3.9647070472440946
11
5.9562992125984247
21
-3.964763779527559
0
LINE
8
BLACK
6
CONTINUOUS
10
5.9562992125984247
20
-3.964763779527559
11
5.8795275590551181
21
-3.964763779527559
0
LINE
8
BLACK
6
CONTINUOUS
10
5.8795275590551181
20
-3.964763779527559
11
5.8789514960629923
21
-3.9647070472440946
0
LINE
8
BLACK
6
CONTINUOUS
10
5.8789514960629923
20
-3.9647070472440946
11
5.877887086614173
21
-3.9642661417322835
0
LINE
8
BLACK
6
CONTINUOUS
10
5.877887086614173
20
-3.9642661417322835
11
5.8770724409448816
21
-3.9634514960629921
0
LINE
8
BLACK
6
CONTINUOUS
10
5.8770724409448816
20
-3.9634514960629921
11
5.8766315354330709
21
-3.9623870866141733
0
LINE
8
BLACK
6
CONTINUOUS
10
5.8766315354330709
20
-3.9623870866141733
11
5.8766315354330709
21
-3.9612349606299211
0
LINE
8
BLACK
6
CONTINUOUS
10
5.8766315354330709
20
-3.9612349606299211
11
5.8770724409448816
21
-3.9601705511811023
0
LINE
8
BLACK
6
CONTINUOUS
10
5.8770724409448816
20
-3.9601705511811023
11
5.877887086614173
21
-3.9593559055118108
0
LINE
8
BLACK
6
CONTINUOUS
10
5.877887086614173
20
-3.9593559055118108
11
5.8789514960629923
21
-3.9589149999999997
0
LINE
8
BLACK
6
CONTINUOUS
10
5.8789514960629923
20
-3.9589149999999997
11
5.8795275590551181
21
-3.9588582677165354
0
LINE
8
BLACK
6
CONTINUOUS
10
5.8795275590551181
20
-3.9588582677165354
11
5.9533464566929135
21
-3.9588582677165354
0
LINE
8
BLACK
6
CONTINUOUS
10
5.9533464566929135
20
-3.9588582677165354
11
5.9533464566929135
21
-3.9047244094488187
0
LINE
8
BLACK
6
CONTINUOUS
10
5.9533464566929135
20
-3.9047244094488187
11
5.9534031889763774
21
-3.9041483464566928
0
LINE
8
BLACK
6
CONTINUOUS
10
5.9534031889763774
20
-3.9041483464566928
11
5.953844094488189
21
-3.903083937007874
0
LINE
8
BLACK
6
CONTINUOUS
10
5.953844094488189
20
-3.903083937007874
11
5.9546587401574804
21
-3.9022692913385826
0
LINE
8
BLACK
6
CONTINUOUS
10
5.9546587401574804
20
-3.9022692913385826
11
5.9557231496062988
21
-3.9018283858267715
0
LINE
8
BLACK
6
CONTINUOUS
10
5.9557231496062988
20
-3.9018283858267715
11
5.9568752755905514
21
-3.9018283858267715
0
LINE
8
BLACK
6
CONTINUOUS
10
5.9568752755905514
20
-3.9018283858267715
11
5.9579396850393698
21
-3.9022692913385826
0
LINE
8
BLACK
6
CONTINUOUS
10
5.9389331889763781
20
-3.9325765354330708
11
5.9418615354330706
21
-3.9342672047244092
0
LINE
8
BLACK
6
CONTINUOUS
10
5.9418615354330706
20
-3.9342672047244092
11
5.9442524803149608
21
-3.9366581496062993
0
LINE
8
BLACK
6
CONTINUOUS
10
5.9442524803149608
20
-3.9366581496062993
11
5.9459431496062987
21
-3.9395864960629918
0
LINE
8
BLACK
6
CONTINUOUS
10
5.9459431496062987
20
-3.9395864960629918
11
5.9468183070866143
21
-3.9428526377952755
0
LINE
8
BLACK
6
CONTINUOUS
10
5.9468183070866143
20
-3.9428526377952755
11
5.9468183070866143
21
-3.9462339763779526
0
LINE
8
BLACK
6
CONTINUOUS
10
5.9468183070866143
20
-3.9462339763779526
11
5.9459431496062987
21
-3.9495001181102363
0
LINE
8
BLACK
6
CONTINUOUS
10
5.9459431496062987
20
-3.9495001181102363
11
5.9442524803149608
21
-3.9524284645669292
0
LINE
8
BLACK
6
CONTINUOUS
10
5.9442524803149608
20
-3.9524284645669292
11
5.9418615354330706
21
-3.9548194094488189
0
LINE
8
BLACK
6
CONTINUOUS
10
5.9418615354330706
20
-3.9548194094488189
11
5.9389331889763781
21
-3.9565100787401573
0
LINE
8
BLACK
6
CONTINUOUS
10
5.9389331889763781
20
-3.9565100787401573
11
5.9356670472440944
21
-3.9573852362204724
0
LINE
8
BLACK
6
CONTINUOUS
10
5.9356670472440944
20
-3.9573852362204724
11
5.9322857086614169
21
-3.9573852362204724
0
LINE
8
BLACK
6
CONTINUOUS
10
5.9322857086614169
20
-3.9573852362204724
11
5.9290195669291341
21
-3.9565100787401573
0
LINE
8
BLACK
6
CONTINUOUS
10
5.9290195669291341
20
-3.9565100787401573
11
5.9260912204724407
21
-3.9548194094488189
0
LINE
8
BLACK
6
CONTINUOUS
10
5.9260912204724407
20
-3.9548194094488189
11
5.9237002755905515
21
-3.9524284645669292
0
LINE
8
BLACK
6
CONTINUOUS
10
5.9237002755905515
20
-3.9524284645669292
11
5.9220096062992127
21
-3.9495001181102363
0
LINE
8
BLACK
6
CONTINUOUS
10
5.9220096062992127
20
-3.9495001181102363
11
5.9211344488188979
21
-3.9462339763779526
0
LINE
8
BLACK
6
CONTINUOUS
10
5.9211344488188979
20
-3.9462339763779526
11
5.9211344488188979
21
-3.9431415354330706
0
LINE
8
BLACK
6
CONTINUOUS
10
5.9211344488188979
20
-3.9431415354330706
11
5.9211344488188979
21
-3.9428526377952755
0
LINE
8
BLACK
6
CONTINUOUS
10
5.9211344488188979
20
-3.9428526377952755
11
5.9220096062992127
21
-3.9395864960629918
0
LINE
8
BLACK
6
CONTINUOUS
10
5.9220096062992127
20
-3.9395864960629918
11
5.9237002755905515
21
-3.9366581496062993
0
LINE
8
BLACK
6
CONTINUOUS
10
5.9237002755905515
20
-3.9366581496062993
11
5.9260912204724407
21
-3.9342672047244092
0
LINE
8
BLACK
6
CONTINUOUS
10
5.9260912204724407
20
-3.9342672047244092
11
5.9290195669291341
21
-3.9325765354330708
0
LINE
8
BLACK
6
CONTINUOUS
10
5.9290195669291341
20
-3.9325765354330708
11
5.9322857086614169
21
-3.9317013779527556
0
LINE
8
BLACK
6
CONTINUOUS
10
5.9322857086614169
20
-3.9317013779527556
11
5.9356670472440944
21
-3.9317013779527556
0
LINE
8
BLACK
6
CONTINUOUS
10
5.9356670472440944
20
-3.9317013779527556
11
5.9389331889763781
21
-3.9325765354330708
0
LINE
8
BLACK
6
CONTINUOUS
10
5.9269291338582679
20
-3.9459450787401575
11
5.9280020078740154
21
-3.9485352362204722
0
LINE
8
BLACK
6
CONTINUOUS
10
5.9280020078740154
20
-3.9485352362204722
11
5.9299844488188977
21
-3.9505176771653541
0
LINE
8
BLACK
6
CONTINUOUS
10
5.9299844488188977
20
-3.9505176771653541
11
5.9325746062992124
21
-3.9515905511811025
0
LINE
8
BLACK
6
CONTINUOUS
10
5.9325746062992124
20
-3.9515905511811025
11
5.9353781496062989
21
-3.9515905511811025
0
LINE
8
BLACK
6
CONTINUOUS
10
5.9353781496062989
20
-3.9515905511811025
11
5.9379683070866136
21
-3.9505176771653541
0
LINE
8
BLACK
6
CONTINUOUS
10
5.9379683070866136
20
-3.9505176771653541
11
5.9399507480314959
21
-3.9485352362204722
0
LINE
8
BLACK
6
CONTINUOUS
10
5.9399507480314959
20
-3.9485352362204722
11
5.9410236220472443
21
-3.9459450787401575
0
LINE
8
BLACK
6
CONTINUOUS
10
5.9410236220472443
20
-3.9459450787401575
11
5.9410236220472443
21
-3.9431415354330706
0
LINE
8
BLACK
6
CONTINUOUS
10
5.9410236220472443
20
-3.9431415354330706
11
5.9399507480314959
21
-3.9405513779527559
0
LINE
8
BLACK
6
CONTINUOUS
10
5.9399507480314959
20
-3.9405513779527559
11
5.9379683070866136
21
-3.938568937007874
0
LINE
8
BLACK
6
CONTINUOUS
10
5.9379683070866136
20
-3.938568937007874
11
5.9353781496062989
21
-3.9374960629921261
0
LINE
8
BLACK
6
CONTINUOUS
10
5.9353781496062989
20
-3.9374960629921261
11
5.9325746062992124
21
-3.9374960629921261
0
LINE
8
BLACK
6
CONTINUOUS
10
5.9325746062992124
20
-3.9374960629921261
11
5.9299844488188977
21
-3.938568937007874
0
LINE
8
BLACK
6
CONTINUOUS
10
5.9299844488188977
20
-3.938568937007874
11
5.9280020078740154
21
-3.9405513779527559
0
LINE
8
BLACK
6
CONTINUOUS
10
5.9280020078740154
20
-3.9405513779527559
11
5.9269291338582679
21
-3.9431415354330706
0
LINE
8
BLACK
6
CONTINUOUS
10
5.9269291338582679
20
-3.9431415354330706
11
5.9269291338582679
21
-3.9459450787401575
0
LINE
8
BLACK
6
CONTINUOUS
10
6.9744703149606302
20
-3.8720225590551181
11
6.9765312204724408
21
-3.873052992125984
0
LINE
8
BLACK
6
CONTINUOUS
10
6.9765312204724408
20
-3.873052992125984
11
6.9780409448818892
21
-3.8747937401574801
0
LINE
8
BLACK
6
CONTINUOUS
10
6.9780409448818892
20
-3.8747937401574801
11
6.9787696456692911
21
-3.8769797244094488
0
LINE
8
BLACK
6
CONTINUOUS
10
6.9787696456692911
20
-3.8769797244094488
11
6.9786062598425191
21
-3.8792781496062991
0
LINE
8
BLACK
6
CONTINUOUS
10
6.9786062598425191
20
-3.8792781496062991
11
6.9775758267716537
21
-3.8813390551181102
0
LINE
8
BLACK
6
CONTINUOUS
10
6.9775758267716537
20
-3.8813390551181102
11
6.9758350787401575
21
-3.8828488188976378
0
LINE
8
BLACK
6
CONTINUOUS
10
6.9758350787401575
20
-3.8828488188976378
11
6.9747779527559057
21
-3.8833207874015749
0
LINE
8
BLACK
6
CONTINUOUS
10
6.9747779527559057
20
-3.8833207874015749
11
6.9645302755905512
21
-3.886736653543307
0
LINE
8
BLACK
6
CONTINUOUS
10
6.9645302755905512
20
-3.886736653543307
11
6.9645302755905512
21
-3.9020333070866142
0
LINE
8
BLACK
6
CONTINUOUS
10
6.9645302755905512
20
-3.9020333070866142
11
6.9747779527559057
21
-3.905449212598425
0
LINE
8
BLACK
6
CONTINUOUS
10
6.9747779527559057
20
-3.905449212598425
11
6.9758350787401575
21
-3.9059212204724409
0
LINE
8
BLACK
6
CONTINUOUS
10
6.9758350787401575
20
-3.9059212204724409
11
6.9775757874015749
21
-3.9074309448818898
0
LINE
8
BLACK
6
CONTINUOUS
10
6.9775757874015749
20
-3.9074309448818898
11
6.9786062598425191
21
-3.9094918503937008
0
LINE
8
BLACK
6
CONTINUOUS
10
6.9786062598425191
20
-3.9094918503937008
11
6.9787696062992124
21
-3.9117902755905511
0
LINE
8
BLACK
6
CONTINUOUS
10
6.9787696062992124
20
-3.9117902755905511
11
6.9780409448818892
21
-3.9139762992125982
0
LINE
8
BLACK
6
CONTINUOUS
10
6.9780409448818892
20
-3.9139762992125982
11
6.976531181102362
21
-3.9157170078740156
0
LINE
8
BLACK
6
CONTINUOUS
10
6.976531181102362
20
-3.9157170078740156
11
6.9763391338582679
21
-3.9158129921259843
0
LINE
8
BLACK
6
CONTINUOUS
10
6.9763391338582679
20
-3.9158129921259843
11
6.977820708661417
21
-3.9172945669291339
0
LINE
8
BLACK
6
CONTINUOUS
10
6.977820708661417
20
-3.9172945669291339
11
6.9787025196850392
21
-3.9194233858267715
0
LINE
8
BLACK
6
CONTINUOUS
10
6.9787025196850392
20
-3.9194233858267715
11
6.9788159842519679
21
-3.9205755118110237
0
LINE
8
BLACK
6
CONTINUOUS
10
6.9788159842519679
20
-3.9205755118110237
11
6.9788159842519679
21
-3.9443850393700788
0
LINE
8
BLACK
6
CONTINUOUS
10
6.9788159842519679
20
-3.9443850393700788
11
6.9787025196850392
21
-3.9455371653543305
0
LINE
8
BLACK
6
CONTINUOUS
10
6.9787025196850392
20
-3.9455371653543305
11
6.977820708661417
21
-3.9476659842519686
0
LINE
8
BLACK
6
CONTINUOUS
10
6.977820708661417
20
-3.9476659842519686
11
6.9761914173228341
21
-3.949295275590551
0
LINE
8
BLACK
6
CONTINUOUS
10
6.9761914173228341
20
-3.949295275590551
11
6.9740625984251965
21
-3.9501770866141732
0
LINE
8
BLACK
6
CONTINUOUS
10
6.9740625984251965
20
-3.9501770866141732
11
6.9729104724409448
21
-3.9502905511811024
0
LINE
8
BLACK
6
CONTINUOUS
10
6.9729104724409448
20
-3.9502905511811024
11
6.9229104724409449
21
-3.9502905511811024
0
LINE
8
BLACK
6
CONTINUOUS
10
6.9229104724409449
20
-3.9502905511811024
11
6.9217583464566932
21
-3.9501770866141732
0
LINE
8
BLACK
6
CONTINUOUS
10
6.9217583464566932
20
-3.9501770866141732
11
6.9196295275590547
21
-3.949295275590551
0
LINE
8
BLACK
6
CONTINUOUS
10
6.9196295275590547
20
-3.949295275590551
11
6.9180002362204727
21
-3.9476659842519686
0
LINE
8
BLACK
6
CONTINUOUS
10
6.9180002362204727
20
-3.9476659842519686
11
6.9171184251968505
21
-3.9455371653543305
0
LINE
8
BLACK
6
CONTINUOUS
10
6.9171184251968505
20
-3.9455371653543305
11
6.9171184251968505
21
-3.9432329133858266
0
LINE
8
BLACK
6
CONTINUOUS
10
6.9171184251968505
20
-3.9432329133858266
11
6.9180002362204727
21
-3.941104094488189
0
LINE
8
BLACK
6
CONTINUOUS
10
6.9180002362204727
20
-3.941104094488189
11
6.9196295275590547
21
-3.9394748031496061
0
LINE
8
BLACK
6
CONTINUOUS
10
6.9196295275590547
20
-3.9394748031496061
11
6.9217583464566932
21
-3.9385929921259843
0
LINE
8
BLACK
6
CONTINUOUS
10
6.9217583464566932
20
-3.9385929921259843
11
6.9229104724409449
21
-3.9384795275590552
0
LINE
8
BLACK
6
CONTINUOUS
10
6.9229104724409449
20
-3.9384795275590552
11
6.9670049606299207
21
-3.9384795275590552
0
LINE
8
BLACK
6
CONTINUOUS
10
6.9670049606299207
20
-3.9384795275590552
11
6.9670049606299207
21
-3.9205755118110237
0
LINE
8
BLACK
6
CONTINUOUS
10
6.9670049606299207
20
-3.9205755118110237
11
6.9671184251968503
21
-3.9194233858267715
0
LINE
8
BLACK
6
CONTINUOUS
10
6.9671184251968503
20
-3.9194233858267715
11
6.9680002362204725
21
-3.9172945669291339
0
LINE
8
BLACK
6
CONTINUOUS
10
6.9680002362204725
20
-3.9172945669291339
11
6.9692412204724405
21
-3.9160535433070867
0
LINE
8
BLACK
6
CONTINUOUS
10
6.9692412204724405
20
-3.9160535433070867
11
6.921042992125984
21
-3.8999875196850393
0
LINE
8
BLACK
6
CONTINUOUS
10
6.921042992125984
20
-3.8999875196850393
11
6.9199858661417322
21
-3.8995155118110234
0
LINE
8
BLACK
6
CONTINUOUS
10
6.9199858661417322
20
-3.8995155118110234
11
6.9196670866141732
21
-3.8992390157480314
0
LINE
8
BLACK
6
CONTINUOUS
10
6.9196670866141732
20
-3.8992390157480314
11
6.9192897244094489
21
-3.8990503543307087
0
LINE
8
BLACK
6
CONTINUOUS
10
6.9192897244094489
20
-3.8990503543307087
11
6.9188045275590548
21
-3.8984909448818899
0
LINE
8
BLACK
6
CONTINUOUS
10
6.9188045275590548
20
-3.8984909448818899
11
6.9182451574803148
21
-3.8980057874015746
0
LINE
8
BLACK
6
CONTINUOUS
10
6.9182451574803148
20
-3.8980057874015746
11
6.9180564566929128
21
-3.8976283858267715
0
LINE
8
BLACK
6
CONTINUOUS
10
6.9180564566929128
20
-3.8976283858267715
11
6.9177799999999996
21
-3.8973096456692913
0
LINE
8
BLACK
6
CONTINUOUS
10
6.9177799999999996
20
-3.8973096456692913
11
6.9175458267716534
21
-3.8966072047244094
0
LINE
8
BLACK
6
CONTINUOUS
10
6.9175458267716534
20
-3.8966072047244094
11
6.9172146850393696
21
-3.8959448818897635
0
LINE
8
BLACK
6
CONTINUOUS
10
6.9172146850393696
20
-3.8959448818897635
11
6.9171847637795274
21
-3.8955239370078738
0
LINE
8
BLACK
6
CONTINUOUS
10
6.9171847637795274
20
-3.8955239370078738
11
6.9170513385826773
21
-3.8951236614173226
0
LINE
8
BLACK
6
CONTINUOUS
10
6.9170513385826773
20
-3.8951236614173226
11
6.9171038188976377
21
-3.8943850393700785
0
LINE
8
BLACK
6
CONTINUOUS
10
6.9171038188976377
20
-3.8943850393700785
11
6.9170513385826773
21
-3.8936464566929132
0
LINE
8
BLACK
6
CONTINUOUS
10
6.9170513385826773
20
-3.8936464566929132
11
6.9171847637795274
21
-3.8932461417322832
0
LINE
8
BLACK
6
CONTINUOUS
10
6.9171847637795274
20
-3.8932461417322832
11
6.9172146850393696
21
-3.8928252362204723
0
LINE
8
BLACK
6
CONTINUOUS
10
6.9172146850393696
20
-3.8928252362204723
11
6.9175458267716534
21
-3.8921629133858269
0
LINE
8
BLACK
6
CONTINUOUS
10
6.9175458267716534
20
-3.8921629133858269
11
6.9177799999999996
21
-3.8914604330708662
0
LINE
8
BLACK
6
CONTINUOUS
10
6.9177799999999996
20
-3.8914604330708662
11
6.9180564566929128
21
-3.8911416535433072
0
LINE
8
BLACK
6
CONTINUOUS
10
6.9180564566929128
20
-3.8911416535433072
11
6.9182451574803148
21
-3.8907642913385825
0
LINE
8
BLACK
6
CONTINUOUS
10
6.9182451574803148
20
-3.8907642913385825
11
6.9188045275590548
21
-3.8902790944881889
0
LINE
8
BLACK
6
CONTINUOUS
10
6.9188045275590548
20
-3.8902790944881889
11
6.9192897244094489
21
-3.8897197244094488
0
LINE
8
BLACK
6
CONTINUOUS
10
6.9192897244094489
20
-3.8897197244094488
11
6.9196670866141732
21
-3.8895310236220473
0
LINE
8
BLACK
6
CONTINUOUS
10
6.9196670866141732
20
-3.8895310236220473
11
6.9199858661417322
21
-3.8892545669291336
0
LINE
8
BLACK
6
CONTINUOUS
10
6.9199858661417322
20
-3.8892545669291336
11
6.921042992125984
21
-3.8887825984251969
0
LINE
8
BLACK
6
CONTINUOUS
10
6.921042992125984
20
-3.8887825984251969
11
6.9710429921259838
21
-3.8721158661417321
0
LINE
8
BLACK
6
CONTINUOUS
10
6.9710429921259838
20
-3.8721158661417321
11
6.9721718897637794
21
-3.8718591732283465
0
LINE
8
BLACK
6
CONTINUOUS
10
6.9721718897637794
20
-3.8718591732283465
11
6.9744703149606302
21
-3.8720225590551181
0
LINE
8
BLACK
6
CONTINUOUS
10
6.9415853149606299
20
-3.8943849999999998
11
6.9527192519685039
21
-3.8980962992125985
0
LINE
8
BLACK
6
CONTINUOUS
10
6.9527192519685039
20
-3.8980962992125985
11
6.9527192519685039
21
-3.8906736614173227
0
LINE
8
BLACK
6
CONTINUOUS
10
6.9527192519685039
20
-3.8906736614173227
11
6.9415853149606299
21
-3.8943849999999998
0
LINE
8
BLACK
6
CONTINUOUS
10
6.6658910236220468
20
-3.9337968897637796
11
6.666955433070866
21
-3.9342377952755903
0
LINE
8
BLACK
6
CONTINUOUS
10
6.666955433070866
20
-3.9342377952755903
11
6.6677700787401575
21
-3.9350524409448817
0
LINE
8
BLACK
6
CONTINUOUS
10
6.6677700787401575
20
-3.9350524409448817
11
6.6682109842519681
21
-3.9361168503937005
0
LINE
8
BLACK
6
CONTINUOUS
10
6.6682109842519681
20
-3.9361168503937005
11
6.6682109842519681
21
-3.9372689763779527
0
LINE
8
BLACK
6
CONTINUOUS
10
6.6682109842519681
20
-3.9372689763779527
11
6.6677700787401575
21
-3.9383333858267715
0
LINE
8
BLACK
6
CONTINUOUS
10
6.6677700787401575
20
-3.9383333858267715
11
6.666955433070866
21
-3.939148031496063
0
LINE
8
BLACK
6
CONTINUOUS
10
6.666955433070866
20
-3.939148031496063
11
6.6658910236220468
21
-3.939588937007874
0
LINE
8
BLACK
6
CONTINUOUS
10
6.6658910236220468
20
-3.939588937007874
11
6.6653149606299209
21
-3.9396456692913384
0
LINE
8
BLACK
6
CONTINUOUS
10
6.6653149606299209
20
-3.9396456692913384
11
6.49011811023622
21
-3.9396456692913384
0
LINE
8
BLACK
6
CONTINUOUS
10
6.49011811023622
20
-3.9396456692913384
11
6.4895420472440941
21
-3.939588937007874
0
LINE
8
BLACK
6
CONTINUOUS
10
6.4895420472440941
20
-3.939588937007874
11
6.4884776377952758
21
-3.939148031496063
0
LINE
8
BLACK
6
CONTINUOUS
10
6.4884776377952758
20
-3.939148031496063
11
6.4876629921259843
21
-3.9383333858267715
0
LINE
8
BLACK
6
CONTINUOUS
10
6.4876629921259843
20
-3.9383333858267715
11
6.4872220866141728
21
-3.9372689763779527
0
LINE
8
BLACK
6
CONTINUOUS
10
6.4872220866141728
20
-3.9372689763779527
11
6.4872220866141728
21
-3.9361168503937005
0
LINE
8
BLACK
6
CONTINUOUS
10
6.4872220866141728
20
-3.9361168503937005
11
6.4876629921259843
21
-3.9350524409448817
0
LINE
8
BLACK
6
CONTINUOUS
10
6.4876629921259843
20
-3.9350524409448817
11
6.4884776377952758
21
-3.9342377952755903
0
LINE
8
BLACK
6
CONTINUOUS
10
6.4884776377952758
20
-3.9342377952755903
11
6.4895420472440941
21
-3.9337968897637796
0
LINE
8
BLACK
6
CONTINUOUS
10
6.4895420472440941
20
-3.9337968897637796
11
6.49011811023622
21
-3.9337401574803148
0
LINE
8
BLACK
6
CONTINUOUS
10
6.49011811023622
20
-3.9337401574803148
11
6.6653149606299209
21
-3.9337401574803148
0
LINE
8
BLACK
6
CONTINUOUS
10
6.6653149606299209
20
-3.9337401574803148
11
6.6658910236220468
21
-3.9337968897637796
0
LINE
8
BLACK
6
CONTINUOUS
10
5.9920446062992125
20
-3.8934748031496063
11
5.9922244094488191
21
-3.8943787795275591
0
LINE
8
BLACK
6
CONTINUOUS
10
5.9922244094488191
20
-3.8943787795275591
11
5.9922244094488191
21
-3.9071960236220473
0
LINE
8
BLACK
6
CONTINUOUS
10
5.9922244094488191
20
-3.9071960236220473
11
5.9920446062992125
21
-3.9081000000000001
0
LINE
8
BLACK
6
CONTINUOUS
10
5.9920446062992125
20
-3.9081000000000001
11
5.9907661811023623
21
-3.9093784251968504
0
LINE
8
BLACK
6
CONTINUOUS
10
5.9907661811023623
20
-3.9093784251968504
11
5.9889582283464566
21
-3.9093784251968504
0
LINE
8
BLACK
6
CONTINUOUS
10
5.9889582283464566
20
-3.9093784251968504
11
5.9876798031496064
21
-3.9081000000000001
0
LINE
8
BLACK
6
CONTINUOUS
10
5.9876798031496064
20
-3.9081000000000001
11
5.9874999999999998
21
-3.9071960236220473
0
LINE
8
BLACK
6
CONTINUOUS
10
5.9874999999999998
20
-3.9071960236220473
11
5.9874999999999998
21
-3.8943787795275591
0
LINE
8
BLACK
6
CONTINUOUS
10
5.9874999999999998
20
-3.8943787795275591
11
5.9876798031496064
21
-3.8934748031496063
0
LINE
8
BLACK
6
CONTINUOUS
10
5.9876798031496064
20
-3.8934748031496063
11
5.9889582283464566
21
-3.892196377952756
0
LINE
8
BLACK
6
CONTINUOUS
10
5.9889582283464566
20
-3.892196377952756
11
5.9907661811023623
21
-3.892196377952756
0
LINE
8
BLACK
6
CONTINUOUS
10
5.9907661811023623
20
-3.892196377952756
11
5.9920446062992125
21
-3.8934748031496063
0
LINE
8
BLACK
6
CONTINUOUS
10
6.0322020866141735
20
-3.8934748031496063
11
6.0323818897637791
21
-3.8943787795275591
0
LINE
8
BLACK
6
CONTINUOUS
10
6.0323818897637791
20
-3.8943787795275591
11
6.0323818897637791
21
-3.9071960236220473
0
LINE
8
BLACK
6
CONTINUOUS
10
6.0323818897637791
20
-3.9071960236220473
11
6.0322020866141735
21
-3.9081000000000001
0
LINE
8
BLACK
6
CONTINUOUS
10
6.0322020866141735
20
-3.9081000000000001
11
6.0309236614173223
21
-3.9093784251968504
0
LINE
8
BLACK
6
CONTINUOUS
10
6.0309236614173223
20
-3.9093784251968504
11
6.0291157086614175
21
-3.9093784251968504
0
LINE
8
BLACK
6
CONTINUOUS
10
6.0291157086614175
20
-3.9093784251968504
11
6.0278372834645664
21
-3.9081000000000001
0
LINE
8
BLACK
6
CONTINUOUS
10
6.0278372834645664
20
-3.9081000000000001
11
6.0276574803149607
21
-3.9071960236220473
0
LINE
8
BLACK
6
CONTINUOUS
10
6.0276574803149607
20
-3.9071960236220473
11
6.0276574803149607
21
-3.8943787795275591
0
LINE
8
BLACK
6
CONTINUOUS
10
6.0276574803149607
20
-3.8943787795275591
11
6.0278372834645664
21
-3.8934748031496063
0
LINE
8
BLACK
6
CONTINUOUS
10
6.0278372834645664
20
-3.8934748031496063
11
6.0291157086614175
21
-3.892196377952756
0
LINE
8
BLACK
6
CONTINUOUS
10
6.0291157086614175
20
-3.892196377952756
11
6.0309236614173223
21
-3.892196377952756
0
LINE
8
BLACK
6
CONTINUOUS
10
6.0309236614173223
20
-3.892196377952756
11
6.0322020866141735
21
-3.8934748031496063
0
LINE
8
BLACK
6
CONTINUOUS
10
6.0629107480314959
20
-3.8934748031496063
11
6.0630905511811024
21
-3.8943787795275591
0
LINE
8
BLACK
6
CONTINUOUS
10
6.0630905511811024
20
-3.8943787795275591
11
6.0630905511811024
21
-3.9071960236220473
0
LINE
8
BLACK
6
CONTINUOUS
10
6.0630905511811024
20
-3.9071960236220473
11
6.0629107480314959
21
-3.9081000000000001
0
LINE
8
BLACK
6
CONTINUOUS
10
6.0629107480314959
20
-3.9081000000000001
11
6.0616323228346456
21
-3.9093784251968504
0
LINE
8
BLACK
6
CONTINUOUS
10
6.0616323228346456
20
-3.9093784251968504
11
6.05982437007874
21
-3.9093784251968504
0
LINE
8
BLACK
6
CONTINUOUS
10
6.05982437007874
20
-3.9093784251968504
11
6.0585459448818897
21
-3.9081000000000001
0
LINE
8
BLACK
6
CONTINUOUS
10
6.0585459448818897
20
-3.9081000000000001
11
6.0583661417322832
21
-3.9071960236220473
0
LINE
8
BLACK
6
CONTINUOUS
10
6.0583661417322832
20
-3.9071960236220473
11
6.0583661417322832
21
-3.8943787795275591
0
LINE
8
BLACK
6
CONTINUOUS
10
6.0583661417322832
20
-3.8943787795275591
11
6.0585459448818897
21
-3.8934748031496063
0
LINE
8
BLACK
6
CONTINUOUS
10
6.0585459448818897
20
-3.8934748031496063
11
6.05982437007874
21
-3.892196377952756
0
LINE
8
BLACK
6
CONTINUOUS
10
6.05982437007874
20
-3.892196377952756
11
6.0616323228346456
21
-3.892196377952756
0
LINE
8
BLACK
6
CONTINUOUS
10
6.0616323228346456
20
-3.892196377952756
11
6.0629107480314959
21
-3.8934748031496063
0
LINE
8
BLACK
6
CONTINUOUS
10
6.1030682283464568
20
-3.8934748031496063
11
6.1032480314960624
21
-3.8943787795275591
0
LINE
8
BLACK
6
CONTINUOUS
10
6.1032480314960624
20
-3.8943787795275591
11
6.1032480314960624
21
-3.9071960236220473
0
LINE
8
BLACK
6
CONTINUOUS
10
6.1032480314960624
20
-3.9071960236220473
11
6.1030682283464568
21
-3.9081000000000001
0
LINE
8
BLACK
6
CONTINUOUS
10
6.1030682283464568
20
-3.9081000000000001
11
6.1017898031496065
21
-3.9093784251968504
0
LINE
8
BLACK
6
CONTINUOUS
10
6.1017898031496065
20
-3.9093784251968504
11
6.0999818503937009
21
-3.9093784251968504
0
LINE
8
BLACK
6
CONTINUOUS
10
6.0999818503937009
20
-3.9093784251968504
11
6.0987034251968506
21
-3.9081000000000001
0
LINE
8
BLACK
6
CONTINUOUS
10
6.0987034251968506
20
-3.9081000000000001
11
6.0985236220472441
21
-3.9071960236220473
0
LINE
8
BLACK
6
CONTINUOUS
10
6.0985236220472441
20
-3.9071960236220473
11
6.0985236220472441
21
-3.8943787795275591
0
LINE
8
BLACK
6
CONTINUOUS
10
6.0985236220472441
20
-3.8943787795275591
11
6.0987034251968506
21
-3.8934748031496063
0
LINE
8
BLACK
6
CONTINUOUS
10
6.0987034251968506
20
-3.8934748031496063
11
6.0999818503937009
21
-3.892196377952756
0
LINE
8
BLACK
6
CONTINUOUS
10
6.0999818503937009
20
-3.892196377952756
11
6.1017898031496065
21
-3.892196377952756
0
LINE
8
BLACK
6
CONTINUOUS
10
6.1017898031496065
20
-3.892196377952756
11
6.1030682283464568
21
-3.8934748031496063
0
LINE
8
BLACK
6
CONTINUOUS
10
6.8907287007874016
20
-3.8637425984251967
11
6.8908064566929133
21
-3.8637370866141731
0
LINE
8
BLACK
6
CONTINUOUS
10
6.8908064566929133
20
-3.8637370866141731
11
6.890908700787401
21
-3.8637603149606297
0
LINE
8
BLACK
6
CONTINUOUS
10
6.890908700787401
20
-3.8637603149606297
11
6.8910132283464565
21
-3.8637706299212597
0
LINE
8
BLACK
6
CONTINUOUS
10
6.8910132283464565
20
-3.8637706299212597
11
6.8910853149606295
21
-3.8638004724409449
0
LINE
8
BLACK
6
CONTINUOUS
10
6.8910853149606295
20
-3.8638004724409449
11
6.8913709055118106
21
-3.8638654330708659
0
LINE
8
BLACK
6
CONTINUOUS
10
6.8913709055118106
20
-3.8638654330708659
11
6.8969951968503933
21
-3.8657401968503935
0
LINE
8
BLACK
6
CONTINUOUS
10
6.8969951968503933
20
-3.8657401968503935
11
6.8975237401574798
21
-3.8659761811023623
0
LINE
8
BLACK
6
CONTINUOUS
10
6.8975237401574798
20
-3.8659761811023623
11
6.8976038188976379
21
-3.8660456299212598
0
LINE
8
BLACK
6
CONTINUOUS
10
6.8976038188976379
20
-3.8660456299212598
11
6.8977018897637796
21
-3.8660862598425196
0
LINE
8
BLACK
6
CONTINUOUS
10
6.8977018897637796
20
-3.8660862598425196
11
6.8981493700787402
21
-3.8664535039370076
0
LINE
8
BLACK
6
CONTINUOUS
10
6.8981493700787402
20
-3.8664535039370076
11
6.901898937007874
21
-3.8702030314960627
0
LINE
8
BLACK
6
CONTINUOUS
10
6.901898937007874
20
-3.8702030314960627
11
6.9022661811023625
21
-3.870650472440945
0
LINE
8
BLACK
6
CONTINUOUS
10
6.9022661811023625
20
-3.870650472440945
11
6.9023067716535431
21
-3.870748503937008
0
LINE
8
BLACK
6
CONTINUOUS
10
6.9023067716535431
20
-3.870748503937008
11
6.9023762598425193
21
-3.8708286220472439
0
LINE
8
BLACK
6
CONTINUOUS
10
6.9023762598425193
20
-3.8708286220472439
11
6.9026122440944881
21
-3.8713572047244091
0
LINE
8
BLACK
6
CONTINUOUS
10
6.9026122440944881
20
-3.8713572047244091
11
6.9044870078740157
21
-3.8769814566929135
0
LINE
8
BLACK
6
CONTINUOUS
10
6.9044870078740157
20
-3.8769814566929135
11
6.9045519291338584
21
-3.877267086614173
0
LINE
8
BLACK
6
CONTINUOUS
10
6.9045519291338584
20
-3.877267086614173
11
6.9045818110236219
21
-3.8773391732283464
0
LINE
8
BLACK
6
CONTINUOUS
10
6.9045818110236219
20
-3.8773391732283464
11
6.9045920866141728
21
-3.8774436220472439
0
LINE
8
BLACK
6
CONTINUOUS
10
6.9045920866141728
20
-3.8774436220472439
11
6.9046153543307085
21
-3.8775459055118109
0
LINE
8
BLACK
6
CONTINUOUS
10
6.9046153543307085
20
-3.8775459055118109
11
6.9046098031496062
21
-3.8776236220472442
0
LINE
8
BLACK
6
CONTINUOUS
10
6.9046098031496062
20
-3.8776236220472442
11
6.9046385433070867
21
-3.8779152362204723
0
LINE
8
BLACK
6
CONTINUOUS
10
6.9046385433070867
20
-3.8779152362204723
11
6.9046385433070867
21
-3.8816647637795274
0
LINE
8
BLACK
6
CONTINUOUS
10
6.9046385433070867
20
-3.8816647637795274
11
6.9045818110236219
21
-3.8822408267716533
0
LINE
8
BLACK
6
CONTINUOUS
10
6.9045818110236219
20
-3.8822408267716533
11
6.9041409055118113
21
-3.8833052362204725
0
LINE
8
BLACK
6
CONTINUOUS
10
6.9041409055118113
20
-3.8833052362204725
11
6.9033262598425198
21
-3.8841198818897635
0
LINE
8
BLACK
6
CONTINUOUS
10
6.9033262598425198
20
-3.8841198818897635
11
6.9022618503937005
21
-3.8845607874015746
0
LINE
8
BLACK
6
CONTINUOUS
10
6.9022618503937005
20
-3.8845607874015746
11
6.9011097244094488
21
-3.8845607874015746
0
LINE
8
BLACK
6
CONTINUOUS
10
6.9011097244094488
20
-3.8845607874015746
11
6.9000453149606296
21
-3.8841198818897635
0
LINE
8
BLACK
6
CONTINUOUS
10
6.9000453149606296
20
-3.8841198818897635
11
6.8992306692913381
21
-3.8833052362204725
0
LINE
8
BLACK
6
CONTINUOUS
10
6.8992306692913381
20
-3.8833052362204725
11
6.8987897637795275
21
-3.8822408267716533
0
LINE
8
BLACK
6
CONTINUOUS
10
6.8987897637795275
20
-3.8822408267716533
11
6.8987330314960627
21
-3.8816647637795274
0
LINE
8
BLACK
6
CONTINUOUS
10
6.8987330314960627
20
-3.8816647637795274
11
6.8987330314960627
21
-3.8783943700787402
0
LINE
8
BLACK
6
CONTINUOUS
10
6.8987330314960627
20
-3.8783943700787402
11
6.897230236220472
21
-3.8738859842519684
0
LINE
8
BLACK
6
CONTINUOUS
10
6.897230236220472
20
-3.8738859842519684
11
6.8944664173228345
21
-3.8711222047244092
0
LINE
8
BLACK
6
CONTINUOUS
10
6.8944664173228345
20
-3.8711222047244092
11
6.8899580314960627
21
-3.869619409448819
0
LINE
8
BLACK
6
CONTINUOUS
10
6.8899580314960627
20
-3.869619409448819
11
6.8623157086614173
21
-3.869619409448819
0
LINE
8
BLACK
6
CONTINUOUS
10
6.8623157086614173
20
-3.869619409448819
11
6.8617396456692914
21
-3.8695626771653542
0
LINE
8
BLACK
6
CONTINUOUS
10
6.8617396456692914
20
-3.8695626771653542
11
6.8606752362204722
21
-3.8691217716535431
0
LINE
8
BLACK
6
CONTINUOUS
10
6.8606752362204722
20
-3.8691217716535431
11
6.8598605905511807
21
-3.8683071259842521
0
LINE
8
BLACK
6
CONTINUOUS
10
6.8598605905511807
20
-3.8683071259842521
11
6.8594196850393701
21
-3.8672427165354328
0
LINE
8
BLACK
6
CONTINUOUS
10
6.8594196850393701
20
-3.8672427165354328
11
6.8594196850393701
21
-3.8660905905511811
0
LINE
8
BLACK
6
CONTINUOUS
10
6.8594196850393701
20
-3.8660905905511811
11
6.8598605905511807
21
-3.8650261811023623
0
LINE
8
BLACK
6
CONTINUOUS
10
6.8598605905511807
20
-3.8650261811023623
11
6.8606752362204722
21
-3.8642115354330708
0
LINE
8
BLACK
6
CONTINUOUS
10
6.8606752362204722
20
-3.8642115354330708
11
6.8617396456692914
21
-3.8637706299212597
0
LINE
8
BLACK
6
CONTINUOUS
10
6.8617396456692914
20
-3.8637706299212597
11
6.8623157086614173
21
-3.8637138976377954
0
LINE
8
BLACK
6
CONTINUOUS
10
6.8623157086614173
20
-3.8637138976377954
11
6.8904371653543306
21
-3.8637138976377954
0
LINE
8
BLACK
6
CONTINUOUS
10
6.8904371653543306
20
-3.8637138976377954
11
6.8907287007874016
21
-3.8637425984251967
0
LINE
8
BLACK
6
CONTINUOUS
10
6.9645387795275591
20
-3.8266882283464567
11
6.9647347244094489
21
-3.8267693700787402
0
LINE
8
BLACK
6
CONTINUOUS
10
6.9647347244094489
20
-3.8267693700787402
11
6.9649464566929131
21
-3.8267844488188976
0
LINE
8
BLACK
6
CONTINUOUS
10
6.9649464566929131
20
-3.8267844488188976
11
6.9660276771653544
21
-3.8271982283464565
0
LINE
8
BLACK
6
CONTINUOUS
10
6.9660276771653544
20
-3.8271982283464565
11
6.9707895669291338
21
-3.8295791732283462
0
LINE
8
BLACK
6
CONTINUOUS
10
6.9707895669291338
20
-3.8295791732283462
11
6.9712852755905512
21
-3.8298912204724407
0
LINE
8
BLACK
6
CONTINUOUS
10
6.9712852755905512
20
-3.8298912204724407
11
6.9714294488188973
21
-3.8299509448818898
0
LINE
8
BLACK
6
CONTINUOUS
10
6.9714294488188973
20
-3.8299509448818898
11
6.9715917322834642
21
-3.8300841338582678
0
LINE
8
BLACK
6
CONTINUOUS
10
6.9715917322834642
20
-3.8300841338582678
11
6.9717692913385827
21
-3.8301959055118111
0
LINE
8
BLACK
6
CONTINUOUS
10
6.9717692913385827
20
-3.8301959055118111
11
6.9718714173228342
21
-3.8303136614173225
0
LINE
8
BLACK
6
CONTINUOUS
10
6.9718714173228342
20
-3.8303136614173225
11
6.9723243700787396
21
-3.8306853937007874
0
LINE
8
BLACK
6
CONTINUOUS
10
6.9723243700787396
20
-3.8306853937007874
11
6.9747053543307089
21
-3.8330663779527558
0
LINE
8
BLACK
6
CONTINUOUS
10
6.9747053543307089
20
-3.8330663779527558
11
6.9750770078740159
21
-3.833519212598425
0
LINE
8
BLACK
6
CONTINUOUS
10
6.9750770078740159
20
-3.833519212598425
11
6.9751948425196852
21
-3.8336214173228345
0
LINE
8
BLACK
6
CONTINUOUS
10
6.9751948425196852
20
-3.8336214173228345
11
6.9753065748031498
21
-3.8337989370078738
0
LINE
8
BLACK
6
CONTINUOUS
10
6.9753065748031498
20
-3.8337989370078738
11
6.9754398031496061
21
-3.8339612598425195
0
LINE
8
BLACK
6
CONTINUOUS
10
6.9754398031496061
20
-3.8339612598425195
11
6.9754994881889765
21
-3.8341054330708659
0
LINE
8
BLACK
6
CONTINUOUS
10
6.9754994881889765
20
-3.8341054330708659
11
6.9758115748031493
21
-3.8346011811023621
0
LINE
8
BLACK
6
CONTINUOUS
10
6.9758115748031493
20
-3.8346011811023621
11
6.978192519685039
21
-3.8393630708661415
0
LINE
8
BLACK
6
CONTINUOUS
10
6.978192519685039
20
-3.8393630708661415
11
6.9786062598425191
21
-3.8404442913385828
0
LINE
8
BLACK
6
CONTINUOUS
10
6.9786062598425191
20
-3.8404442913385828
11
6.9786212598425195
21
-3.840655866141732
0
LINE
8
BLACK
6
CONTINUOUS
10
6.9786212598425195
20
-3.840655866141732
11
6.9787025196850392
21
-3.8408519685039368
0
LINE
8
BLACK
6
CONTINUOUS
10
6.9787025196850392
20
-3.8408519685039368
11
6.9788159842519679
21
-3.842004094488189
0
LINE
8
BLACK
6
CONTINUOUS
10
6.9788159842519679
20
-3.842004094488189
11
6.9788159842519679
21
-3.8610517322834643
0
LINE
8
BLACK
6
CONTINUOUS
10
6.9788159842519679
20
-3.8610517322834643
11
6.9787025196850392
21
-3.8622038582677165
0
LINE
8
BLACK
6
CONTINUOUS
10
6.9787025196850392
20
-3.8622038582677165
11
6.977820708661417
21
-3.8643326771653541
0
LINE
8
BLACK
6
CONTINUOUS
10
6.977820708661417
20
-3.8643326771653541
11
6.9761914173228341
21
-3.865961968503937
0
LINE
8
BLACK
6
CONTINUOUS
10
6.9761914173228341
20
-3.865961968503937
11
6.9740625984251965
21
-3.8668437795275588
0
LINE
8
BLACK
6
CONTINUOUS
10
6.9740625984251965
20
-3.8668437795275588
11
6.9729104724409448
21
-3.8669572440944879
0
LINE
8
BLACK
6
CONTINUOUS
10
6.9729104724409448
20
-3.8669572440944879
11
6.9229104724409449
21
-3.8669572440944879
0
LINE
8
BLACK
6
CONTINUOUS
10
6.9229104724409449
20
-3.8669572440944879
11
6.9217583464566932
21
-3.8668437795275588
0
LINE
8
BLACK
6
CONTINUOUS
10
6.9217583464566932
20
-3.8668437795275588
11
6.9196295275590547
21
-3.865961968503937
0
LINE
8
BLACK
6
CONTINUOUS
10
6.9196295275590547
20
-3.865961968503937
11
6.9180002362204727
21
-3.8643326771653541
0
LINE
8
BLACK
6
CONTINUOUS
10
6.9180002362204727
20
-3.8643326771653541
11
6.9171184251968505
21
-3.8622038582677165
0
LINE
8
BLACK
6
CONTINUOUS
10
6.9171184251968505
20
-3.8622038582677165
11
6.9170049606299209
21
-3.8610517322834643
0
LINE
8
BLACK
6
CONTINUOUS
10
6.9170049606299209
20
-3.8610517322834643
11
6.9170049606299209
21
-3.8443850393700787
0
LINE
8
BLACK
6
CONTINUOUS
10
6.9170049606299209
20
-3.8443850393700787
11
6.9171184251968505
21
-3.8432329133858265
0
LINE
8
BLACK
6
CONTINUOUS
10
6.9171184251968505
20
-3.8432329133858265
11
6.917199566929134
21
-3.843036929133858
0
LINE
8
BLACK
6
CONTINUOUS
10
6.917199566929134
20
-3.843036929133858
11
6.9172146456692909
21
-3.8428252362204725
0
LINE
8
BLACK
6
CONTINUOUS
10
6.9172146456692909
20
-3.8428252362204725
11
6.9176284251968498
21
-3.8417440157480316
0
LINE
8
BLACK
6
CONTINUOUS
10
6.9176284251968498
20
-3.8417440157480316
11
6.9200093700787404
21
-3.8369821259842518
0
LINE
8
BLACK
6
CONTINUOUS
10
6.9200093700787404
20
-3.8369821259842518
11
6.9203214173228345
21
-3.8364863779527556
0
LINE
8
BLACK
6
CONTINUOUS
10
6.9203214173228345
20
-3.8364863779527556
11
6.9203811417322836
21
-3.8363422440944883
0
LINE
8
BLACK
6
CONTINUOUS
10
6.9203811417322836
20
-3.8363422440944883
11
6.9205143307086612
21
-3.8361799212598426
0
LINE
8
BLACK
6
CONTINUOUS
10
6.9205143307086612
20
-3.8361799212598426
11
6.9206261023622044
21
-3.8360024015748029
0
LINE
8
BLACK
6
CONTINUOUS
10
6.9206261023622044
20
-3.8360024015748029
11
6.9207438582677163
21
-3.8359002362204722
0
LINE
8
BLACK
6
CONTINUOUS
10
6.9207438582677163
20
-3.8359002362204722
11
6.9211155905511808
21
-3.8354473228346455
0
LINE
8
BLACK
6
CONTINUOUS
10
6.9211155905511808
20
-3.8354473228346455
11
6.9234965354330704
21
-3.8330663779527558
0
LINE
8
BLACK
6
CONTINUOUS
10
6.9234965354330704
20
-3.8330663779527558
11
6.9239494488188971
21
-3.8326946456692914
0
LINE
8
BLACK
6
CONTINUOUS
10
6.9239494488188971
20
-3.8326946456692914
11
6.9240515748031495
21
-3.8325769291338583
0
LINE
8
BLACK
6
CONTINUOUS
10
6.9240515748031495
20
-3.8325769291338583
11
6.9242290944881892
21
-3.832465157480315
0
LINE
8
BLACK
6
CONTINUOUS
10
6.9242290944881892
20
-3.832465157480315
11
6.9243914566929137
21
-3.8323319291338582
0
LINE
8
BLACK
6
CONTINUOUS
10
6.9243914566929137
20
-3.8323319291338582
11
6.9245355511811022
21
-3.8322722047244095
0
LINE
8
BLACK
6
CONTINUOUS
10
6.9245355511811022
20
-3.8322722047244095
11
6.9250312992125984
21
-3.831960157480315
0
LINE
8
BLACK
6
CONTINUOUS
10
6.9250312992125984
20
-3.831960157480315
11
6.9297931889763777
21
-3.8295791732283462
0
LINE
8
BLACK
6
CONTINUOUS
10
6.9297931889763777
20
-3.8295791732283462
11
6.9308744094488191
21
-3.829165433070866
0
LINE
8
BLACK
6
CONTINUOUS
10
6.9308744094488191
20
-3.829165433070866
11
6.9310860236220471
21
-3.8291503543307086
0
LINE
8
BLACK
6
CONTINUOUS
10
6.9310860236220471
20
-3.8291503543307086
11
6.9312821259842519
21
-3.8290691732283464
0
LINE
8
BLACK
6
CONTINUOUS
10
6.9312821259842519
20
-3.8290691732283464
11
6.9324342519685036
21
-3.8289557086614172
0
LINE
8
BLACK
6
CONTINUOUS
10
6.9324342519685036
20
-3.8289557086614172
11
6.9371961811023617
21
-3.8289557086614172
0
LINE
8
BLACK
6
CONTINUOUS
10
6.9371961811023617
20
-3.8289557086614172
11
6.9383483070866143
21
-3.8290691732283464
0
LINE
8
BLACK
6
CONTINUOUS
10
6.9383483070866143
20
-3.8290691732283464
11
6.9385443700787404
21
-3.8291503543307086
0
LINE
8
BLACK
6
CONTINUOUS
10
6.9385443700787404
20
-3.8291503543307086
11
6.9387560236220471
21
-3.829165433070866
0
LINE
8
BLACK
6
CONTINUOUS
10
6.9387560236220471
20
-3.829165433070866
11
6.9398372440944884
21
-3.8295791732283462
0
LINE
8
BLACK
6
CONTINUOUS
10
6.9398372440944884
20
-3.8295791732283462
11
6.9445991338582678
21
-3.831960157480315
0
LINE
8
BLACK
6
CONTINUOUS
10
6.9445991338582678
20
-3.831960157480315
11
6.945094881889764
21
-3.8322722440944883
0
LINE
8
BLACK
6
CONTINUOUS
10
6.945094881889764
20
-3.8322722440944883
11
6.9452389763779525
21
-3.8323319291338582
0
LINE
8
BLACK
6
CONTINUOUS
10
6.9452389763779525
20
-3.8323319291338582
11
6.9454011811023619
21
-3.8324650393700788
0
LINE
8
BLACK
6
CONTINUOUS
10
6.9454011811023619
20
-3.8324650393700788
11
6.9454780314960631
21
-3.8325134251968502
0
LINE
8
BLACK
6
CONTINUOUS
10
6.9454780314960631
20
-3.8325134251968502
11
6.9473060236220467
21
-3.8306854330708662
0
LINE
8
BLACK
6
CONTINUOUS
10
6.9473060236220467
20
-3.8306854330708662
11
6.9477588582677168
21
-3.8303137795275588
0
LINE
8
BLACK
6
CONTINUOUS
10
6.9477588582677168
20
-3.8303137795275588
11
6.9478611023622046
21
-3.8301959055118111
0
LINE
8
BLACK
6
CONTINUOUS
10
6.9478611023622046
20
-3.8301959055118111
11
6.9480388188976381
21
-3.8300840157480316
0
LINE
8
BLACK
6
CONTINUOUS
10
6.9480388188976381
20
-3.8300840157480316
11
6.94820094488189
21
-3.8299509842519686
0
LINE
8
BLACK
6
CONTINUOUS
10
6.94820094488189
20
-3.8299509842519686
11
6.948344960629921
21
-3.8298912992125982
0
LINE
8
BLACK
6
CONTINUOUS
10
6.948344960629921
20
-3.8298912992125982
11
6.9488408661417322
21
-3.8295791732283462
0
LINE
8
BLACK
6
CONTINUOUS
10
6.9488408661417322
20
-3.8295791732283462
11
6.9536027559055116
21
-3.8271982283464565
0
LINE
8
BLACK
6
CONTINUOUS
10
6.9536027559055116
20
-3.8271982283464565
11
6.9546839763779529
21
-3.8267844881889763
0
LINE
8
BLACK
6
CONTINUOUS
10
6.9546839763779529
20
-3.8267844881889763
11
6.9548955511811021
21
-3.8267694488188977
0
LINE
8
BLACK
6
CONTINUOUS
10
6.9548955511811021
20
-3.8267694488188977
11
6.9550916535433069
21
-3.8266882283464567
0
LINE
8
BLACK
6
CONTINUOUS
10
6.9550916535433069
20
-3.8266882283464567
11
6.9562437795275587
21
-3.8265747637795275
0
LINE
8
BLACK
6
CONTINUOUS
10
6.9562437795275587
20
-3.8265747637795275
11
6.9633866535433073
21
-3.8265747637795275
0
LINE
8
BLACK
6
CONTINUOUS
10
6.9633866535433073
20
-3.8265747637795275
11
6.9645387795275591
21
-3.8266882283464567
0
LINE
8
BLACK
6
CONTINUOUS
10
6.9311705118110236
20
-3.8420956692913384
11
6.9301448818897633
21
-3.843121338582677
0
LINE
8
BLACK
6
CONTINUOUS
10
6.9301448818897633
20
-3.843121338582677
11
6.9288159842519681
21
-3.8457791338582674
0
LINE
8
BLACK
6
CONTINUOUS
10
6.9288159842519681
20
-3.8457791338582674
11
6.9288159842519681
21
-3.8551462204724407
0
LINE
8
BLACK
6
CONTINUOUS
10
6.9288159842519681
20
-3.8551462204724407
11
6.940814488188976
21
-3.8551462204724407
0
LINE
8
BLACK
6
CONTINUOUS
10
6.940814488188976
20
-3.8551462204724407
11
6.940814488188976
21
-3.8457791732283462
0
LINE
8
BLACK
6
CONTINUOUS
10
6.940814488188976
20
-3.8457791732283462
11
6.9394855118110232
21
-3.8431212992125983
0
LINE
8
BLACK
6
CONTINUOUS
10
6.9394855118110232
20
-3.8431212992125983
11
6.9384598818897638
21
-3.8420956692913384
0
LINE
8
BLACK
6
CONTINUOUS
10
6.9384598818897638
20
-3.8420956692913384
11
6.9358020078740159
21
-3.8407667322834644
0
LINE
8
BLACK
6
CONTINUOUS
10
6.9358020078740159
20
-3.8407667322834644
11
6.9338284251968503
21
-3.8407667322834644
0
LINE
8
BLACK
6
CONTINUOUS
10
6.9338284251968503
20
-3.8407667322834644
11
6.9311705118110236
21
-3.8420956692913384
0
LINE
8
BLACK
6
CONTINUOUS
10
6.9549800787401574
20
-3.8397146456692912
11
6.9542625590551177
21
-3.8404322047244093
0
LINE
8
BLACK
6
CONTINUOUS
10
6.9542625590551177
20
-3.8404322047244093
11
6.9526255118110232
21
-3.8453433070866141
0
LINE
8
BLACK
6
CONTINUOUS
10
6.9526255118110232
20
-3.8453433070866141
11
6.9526255118110232
21
-3.8551462204724407
0
LINE
8
BLACK
6
CONTINUOUS
10
6.9526255118110232
20
-3.8551462204724407
11
6.9670049606299207
21
-3.8551462204724407
0
LINE
8
BLACK
6
CONTINUOUS
10
6.9670049606299207
20
-3.8551462204724407
11
6.9670049606299207
21
-3.8433981889763777
0
LINE
8
BLACK
6
CONTINUOUS
10
6.9670049606299207
20
-3.8433981889763777
11
6.9656760629921255
21
-3.8407403937007873
0
LINE
8
BLACK
6
CONTINUOUS
10
6.9656760629921255
20
-3.8407403937007873
11
6.9646503543307086
21
-3.83971468503937
0
LINE
8
BLACK
6
CONTINUOUS
10
6.9646503543307086
20
-3.83971468503937
11
6.9619925590551182
21
-3.8383857874015748
0
LINE
8
BLACK
6
CONTINUOUS
10
6.9619925590551182
20
-3.8383857874015748
11
6.9576378740157478
21
-3.8383857874015748
0
LINE
8
BLACK
6
CONTINUOUS
10
6.9576378740157478
20
-3.8383857874015748
11
6.9549800787401574
21
-3.8397146456692912
0
LINE
8
BLACK
6
CONTINUOUS
10
6.402398267716535
20
-3.8390047244094485
11
6.4033507086614172
21
-3.8398618897637795
0
LINE
8
BLACK
6
CONTINUOUS
10
6.4033507086614172
20
-3.8398618897637795
11
6.4034374803149605
21
-3.8399780708661417
0
LINE
8
BLACK
6
CONTINUOUS
10
6.4034374803149605
20
-3.8399780708661417
11
6.4034958267716533
21
-3.8400048818897639
0
LINE
8
BLACK
6
CONTINUOUS
10
6.4034958267716533
20
-3.8400048818897639
11
6.4036733464566931
21
-3.8402938188976377
0
LINE
8
BLACK
6
CONTINUOUS
10
6.4036733464566931
20
-3.8402938188976377
11
6.4038761023622044
21
-3.8405651968503935
0
LINE
8
BLACK
6
CONTINUOUS
10
6.4038761023622044
20
-3.8405651968503935
11
6.4038794488188975
21
-3.8406292125984249
0
LINE
8
BLACK
6
CONTINUOUS
10
6.4038794488188975
20
-3.8406292125984249
11
6.4039554330708661
21
-3.8407528346456692
0
LINE
8
BLACK
6
CONTINUOUS
10
6.4039554330708661
20
-3.8407528346456692
11
6.4049078346456687
21
-3.8433242913385826
0
LINE
8
BLACK
6
CONTINUOUS
10
6.4049078346456687
20
-3.8433242913385826
11
6.4049704724409446
21
-3.8437165748031497
0
LINE
8
BLACK
6
CONTINUOUS
10
6.4049704724409446
20
-3.8437165748031497
11
6.4050478740157475
21
-3.8441057086614174
0
LINE
8
BLACK
6
CONTINUOUS
10
6.4050478740157475
20
-3.8441057086614174
11
6.4050478740157475
21
-3.8458199999999998
0
LINE
8
BLACK
6
CONTINUOUS
10
6.4050478740157475
20
-3.8458199999999998
11
6.4049704724409446
21
-3.8462090944881888
0
LINE
8
BLACK
6
CONTINUOUS
10
6.4049704724409446
20
-3.8462090944881888
11
6.4049078346456687
21
-3.8466014173228347
0
LINE
8
BLACK
6
CONTINUOUS
10
6.4049078346456687
20
-3.8466014173228347
11
6.4039554330708661
21
-3.849172874015748
0
LINE
8
BLACK
6
CONTINUOUS
10
6.4039554330708661
20
-3.849172874015748
11
6.4038794488188975
21
-3.8492964566929131
0
LINE
8
BLACK
6
CONTINUOUS
10
6.4038794488188975
20
-3.8492964566929131
11
6.4038761023622044
21
-3.8493605511811024
0
LINE
8
BLACK
6
CONTINUOUS
10
6.4038761023622044
20
-3.8493605511811024
11
6.4036733464566931
21
-3.8496318897637796
0
LINE
8
BLACK
6
CONTINUOUS
10
6.4036733464566931
20
-3.8496318897637796
11
6.4034958267716533
21
-3.8499208267716534
0
LINE
8
BLACK
6
CONTINUOUS
10
6.4034958267716533
20
-3.8499208267716534
11
6.4034374409448818
21
-3.8499476377952755
0
LINE
8
BLACK
6
CONTINUOUS
10
6.4034374409448818
20
-3.8499476377952755
11
6.4033506692913384
21
-3.8500638188976377
0
LINE
8
BLACK
6
CONTINUOUS
10
6.4033506692913384
20
-3.8500638188976377
11
6.4014459055118111
21
-3.8517781102362205
0
LINE
8
BLACK
6
CONTINUOUS
10
6.4014459055118111
20
-3.8517781102362205
11
6.4011471259842514
21
-3.8519557480314961
0
LINE
8
BLACK
6
CONTINUOUS
10
6.4011471259842514
20
-3.8519557480314961
11
6.4008640551181104
21
-3.8521575196850395
0
LINE
8
BLACK
6
CONTINUOUS
10
6.4008640551181104
20
-3.8521575196850395
11
6.3989592913385822
21
-3.8530146456692913
0
LINE
8
BLACK
6
CONTINUOUS
10
6.3989592913385822
20
-3.8530146456692913
11
6.3987377165354333
21
-3.8530656692913383
0
LINE
8
BLACK
6
CONTINUOUS
10
6.3987377165354333
20
-3.8530656692913383
11
6.3985298818897638
21
-3.8531579527559052
0
LINE
8
BLACK
6
CONTINUOUS
10
6.3985298818897638
20
-3.8531579527559052
11
6.3947203543307083
21
-3.8540151181102362
0
LINE
8
BLACK
6
CONTINUOUS
10
6.3947203543307083
20
-3.8540151181102362
11
6.3944710236220468
21
-3.8540213385826769
0
LINE
8
BLACK
6
CONTINUOUS
10
6.3944710236220468
20
-3.8540213385826769
11
6.3942264566929135
21
-3.8540700000000001
0
LINE
8
BLACK
6
CONTINUOUS
10
6.3942264566929135
20
-3.8540700000000001
11
6.3913692913385827
21
-3.8540700000000001
0
LINE
8
BLACK
6
CONTINUOUS
10
6.3913692913385827
20
-3.8540700000000001
11
6.3911246850393697
21
-3.8540213385826769
0
LINE
8
BLACK
6
CONTINUOUS
10
6.3911246850393697
20
-3.8540213385826769
11
6.3908753543307082
21
-3.8540151181102362
0
LINE
8
BLACK
6
CONTINUOUS
10
6.3908753543307082
20
-3.8540151181102362
11
6.3870658661417323
21
-3.8531579527559052
0
LINE
8
BLACK
6
CONTINUOUS
10
6.3870658661417323
20
-3.8531579527559052
11
6.3868581102362203
21
-3.8530657480314958
0
LINE
8
BLACK
6
CONTINUOUS
10
6.3868581102362203
20
-3.8530657480314958
11
6.386636456692913
21
-3.8530146850393701
0
LINE
8
BLACK
6
CONTINUOUS
10
6.386636456692913
20
-3.8530146850393701
11
6.3847316929133857
21
-3.8521575196850395
0
LINE
8
BLACK
6
CONTINUOUS
10
6.3847316929133857
20
-3.8521575196850395
11
6.3844485826771651
21
-3.8519557480314961
0
LINE
8
BLACK
6
CONTINUOUS
10
6.3844485826771651
20
-3.8519557480314961
11
6.384149842519685
21
-3.8517781102362205
0
LINE
8
BLACK
6
CONTINUOUS
10
6.384149842519685
20
-3.8517781102362205
11
6.3822450787401577
21
-3.8500638188976377
0
LINE
8
BLACK
6
CONTINUOUS
10
6.3822450787401577
20
-3.8500638188976377
11
6.3821582283464569
21
-3.8499475984251967
0
LINE
8
BLACK
6
CONTINUOUS
10
6.3821582283464569
20
-3.8499475984251967
11
6.3820999606299207
21
-3.8499208267716534
0
LINE
8
BLACK
6
CONTINUOUS
10
6.3820999606299207
20
-3.8499208267716534
11
6.3819225196850393
21
-3.8496320866141733
0
LINE
8
BLACK
6
CONTINUOUS
10
6.3819225196850393
20
-3.8496320866141733
11
6.3817196456692908
21
-3.8493605511811024
0
LINE
8
BLACK
6
CONTINUOUS
10
6.3817196456692908
20
-3.8493605511811024
11
6.3817162598425199
21
-3.8492964566929131
0
LINE
8
BLACK
6
CONTINUOUS
10
6.3817162598425199
20
-3.8492964566929131
11
6.38164031496063
21
-3.849172874015748
0
LINE
8
BLACK
6
CONTINUOUS
10
6.38164031496063
20
-3.849172874015748
11
6.3806879527559053
21
-3.8466014566929134
0
LINE
8
BLACK
6
CONTINUOUS
10
6.3806879527559053
20
-3.8466014566929134
11
6.3806253543307081
21
-3.8462095669291338
0
LINE
8
BLACK
6
CONTINUOUS
10
6.3806253543307081
20
-3.8462095669291338
11
6.3805478740157477
21
-3.8458199999999998
0
LINE
8
BLACK
6
CONTINUOUS
10
6.3805478740157477
20
-3.8458199999999998
11
6.3805478740157477
21
-3.8441057086614174
0
LINE
8
BLACK
6
CONTINUOUS
10
6.3805478740157477
20
-3.8441057086614174
11
6.3806253543307081
21
-3.8437161023622046
0
LINE
8
BLACK
6
CONTINUOUS
10
6.3806253543307081
20
-3.8437161023622046
11
6.3806879527559053
21
-3.8433242519685038
0
LINE
8
BLACK
6
CONTINUOUS
10
6.3806879527559053
20
-3.8433242519685038
11
6.38164031496063
21
-3.8407528346456692
0
LINE
8
BLACK
6
CONTINUOUS
10
6.38164031496063
20
-3.8407528346456692
11
6.3817162598425199
21
-3.8406292125984249
0
LINE
8
BLACK
6
CONTINUOUS
10
6.3817162598425199
20
-3.8406292125984249
11
6.3817196456692908
21
-3.8405651574803148
0
LINE
8
BLACK
6
CONTINUOUS
10
6.3817196456692908
20
-3.8405651574803148
11
6.3819225196850393
21
-3.8402935826771651
0
LINE
8
BLACK
6
CONTINUOUS
10
6.3819225196850393
20
-3.8402935826771651
11
6.3820999606299207
21
-3.8400048818897639
0
LINE
8
BLACK
6
CONTINUOUS
10
6.3820999606299207
20
-3.8400048818897639
11
6.3821582283464569
21
-3.8399780708661417
0
LINE
8
BLACK
6
CONTINUOUS
10
6.3821582283464569
20
-3.8399780708661417
11
6.3822450787401577
21
-3.8398618897637795
0
LINE
8
BLACK
6
CONTINUOUS
10
6.3822450787401577
20
-3.8398618897637795
11
6.3831974803149603
21
-3.8390047244094485
0
LINE
8
BLACK
6
CONTINUOUS
10
6.3831974803149603
20
-3.8390047244094485
11
6.3839520472440947
21
-3.8385560236220471
0
LINE
8
BLACK
6
CONTINUOUS
10
6.3839520472440947
20
-3.8385560236220471
11
6.3856717716535432
21
-3.838646535433071
0
LINE
8
BLACK
6
CONTINUOUS
10
6.3856717716535432
20
-3.838646535433071
11
6.3868237401574799
21
-3.8399264960629922
0
LINE
8
BLACK
6
CONTINUOUS
10
6.3868237401574799
20
-3.8399264960629922
11
6.3867332283464568
21
-3.8416462204724406
0
LINE
8
BLACK
6
CONTINUOUS
10
6.3867332283464568
20
-3.8416462204724406
11
6.3862078346456688
21
-3.8423495275590551
0
LINE
8
BLACK
6
CONTINUOUS
10
6.3862078346456688
20
-3.8423495275590551
11
6.3856675590551184
21
-3.8428357086614171
0
LINE
8
BLACK
6
CONTINUOUS
10
6.3856675590551184
20
-3.8428357086614171
11
6.3850478740157479
21
-3.8445089370078738
0
LINE
8
BLACK
6
CONTINUOUS
10
6.3850478740157479
20
-3.8445089370078738
11
6.3850478740157479
21
-3.8454167322834647
0
LINE
8
BLACK
6
CONTINUOUS
10
6.3850478740157479
20
-3.8454167322834647
11
6.3856675984251963
21
-3.8470900000000001
0
LINE
8
BLACK
6
CONTINUOUS
10
6.3856675984251963
20
-3.8470900000000001
11
6.386898858267716
21
-3.8481981102362206
0
LINE
8
BLACK
6
CONTINUOUS
10
6.386898858267716
20
-3.8481981102362206
11
6.3882755511811018
21
-3.8488176377952756
0
LINE
8
BLACK
6
CONTINUOUS
10
6.3882755511811018
20
-3.8488176377952756
11
6.391619291338583
21
-3.8495699999999999
0
LINE
8
BLACK
6
CONTINUOUS
10
6.391619291338583
20
-3.8495699999999999
11
6.3939764566929131
21
-3.8495699999999999
0
LINE
8
BLACK
6
CONTINUOUS
10
6.3939764566929131
20
-3.8495699999999999
11
6.3973201968503934
21
-3.8488175984251969
0
LINE
8
BLACK
6
CONTINUOUS
10
6.3973201968503934
20
-3.8488175984251969
11
6.398696929133858
21
-3.8481980708661419
0
LINE
8
BLACK
6
CONTINUOUS
10
6.398696929133858
20
-3.8481980708661419
11
6.399928149606299
21
-3.8470899606299214
0
LINE
8
BLACK
6
CONTINUOUS
10
6.399928149606299
20
-3.8470899606299214
11
6.4005478740157482
21
-3.8454167322834647
0
LINE
8
BLACK
6
CONTINUOUS
10
6.4005478740157482
20
-3.8454167322834647
11
6.4005478740157482
21
-3.8445089370078738
0
LINE
8
BLACK
6
CONTINUOUS
10
6.4005478740157482
20
-3.8445089370078738
11
6.399928149606299
21
-3.8428357086614171
0
LINE
8
BLACK
6
CONTINUOUS
10
6.399928149606299
20
-3.8428357086614171
11
6.3993879527559052
21
-3.8423495275590551
0
LINE
8
BLACK
6
CONTINUOUS
10
6.3993879527559052
20
-3.8423495275590551
11
6.3988625196850393
21
-3.8416462598425194
0
LINE
8
BLACK
6
CONTINUOUS
10
6.3988625196850393
20
-3.8416462598425194
11
6.3987720078740153
21
-3.8399264960629922
0
LINE
8
BLACK
6
CONTINUOUS
10
6.3987720078740153
20
-3.8399264960629922
11
6.399923976377953
21
-3.838646535433071
0
LINE
8
BLACK
6
CONTINUOUS
10
6.399923976377953
20
-3.838646535433071
11
6.4016437401574802
21
-3.8385560236220471
0
LINE
8
BLACK
6
CONTINUOUS
10
6.4016437401574802
20
-3.8385560236220471
11
6.402398267716535
21
-3.8390047244094485
0
LINE
8
BLACK
6
CONTINUOUS
10
6.9033262598425198
20
-3.8248414566929134
11
6.9041409055118113
21
-3.8256561023622044
0
LINE
8
BLACK
6
CONTINUOUS
10
6.9041409055118113
20
-3.8256561023622044
11
6.9045818110236219
21
-3.8267205118110237
0
LINE
8
BLACK
6
CONTINUOUS
10
6.9045818110236219
20
-3.8267205118110237
11
6.9046385433070867
21
-3.8272965748031496
0
LINE
8
BLACK
6
CONTINUOUS
10
6.9046385433070867
20
-3.8272965748031496
11
6.9046385433070867
21
-3.8497937401574802
0
LINE
8
BLACK
6
CONTINUOUS
10
6.9046385433070867
20
-3.8497937401574802
11
6.9045818110236219
21
-3.8503698031496061
0
LINE
8
BLACK
6
CONTINUOUS
10
6.9045818110236219
20
-3.8503698031496061
11
6.9041409055118113
21
-3.8514342125984249
0
LINE
8
BLACK
6
CONTINUOUS
10
6.9041409055118113
20
-3.8514342125984249
11
6.9033262598425198
21
-3.8522488582677163
0
LINE
8
BLACK
6
CONTINUOUS
10
6.9033262598425198
20
-3.8522488582677163
11
6.9022618503937005
21
-3.8526897637795274
0
LINE
8
BLACK
6
CONTINUOUS
10
6.9022618503937005
20
-3.8526897637795274
11
6.9011097244094488
21
-3.8526897637795274
0
LINE
8
BLACK
6
CONTINUOUS
10
6.9011097244094488
20
-3.8526897637795274
11
6.9000453149606296
21
-3.8522488582677163
0
LINE
8
BLACK
6
CONTINUOUS
10
6.9000453149606296
20
-3.8522488582677163
11
6.8992306692913381
21
-3.8514342125984249
0
LINE
8
BLACK
6
CONTINUOUS
10
6.8992306692913381
20
-3.8514342125984249
11
6.8987897637795275
21
-3.8503698031496061
0
LINE
8
BLACK
6
CONTINUOUS
10
6.8987897637795275
20
-3.8503698031496061
11
6.8987330314960627
21
-3.8497937401574802
0
LINE
8
BLACK
6
CONTINUOUS
10
6.8987330314960627
20
-3.8497937401574802
11
6.8987330314960627
21
-3.8414979133858265
0
LINE
8
BLACK
6
CONTINUOUS
10
6.8987330314960627
20
-3.8414979133858265
11
6.8713190551181098
21
-3.8414979133858265
0
LINE
8
BLACK
6
CONTINUOUS
10
6.8713190551181098
20
-3.8414979133858265
11
6.873777440944882
21
-3.8439562992125982
0
LINE
8
BLACK
6
CONTINUOUS
10
6.873777440944882
20
-3.8439562992125982
11
6.873963267716535
21
-3.8441826771653544
0
LINE
8
BLACK
6
CONTINUOUS
10
6.873963267716535
20
-3.8441826771653544
11
6.8740222047244091
21
-3.8442338188976377
0
LINE
8
BLACK
6
CONTINUOUS
10
6.8740222047244091
20
-3.8442338188976377
11
6.8740780708661413
21
-3.8443225590551182
0
LINE
8
BLACK
6
CONTINUOUS
10
6.8740780708661413
20
-3.8443225590551182
11
6.8741446850393695
21
-3.8444037401574804
0
LINE
8
BLACK
6
CONTINUOUS
10
6.8741446850393695
20
-3.8444037401574804
11
6.8741745275590551
21
-3.8444758661417322
0
LINE
8
BLACK
6
CONTINUOUS
10
6.8741745275590551
20
-3.8444758661417322
11
6.8743305511811021
21
-3.8447237007874016
0
LINE
8
BLACK
6
CONTINUOUS
10
6.8743305511811021
20
-3.8447237007874016
11
6.8762053149606297
21
-3.8484732283464567
0
LINE
8
BLACK
6
CONTINUOUS
10
6.8762053149606297
20
-3.8484732283464567
11
6.8764122047244092
21
-3.8490138188976375
0
LINE
8
BLACK
6
CONTINUOUS
10
6.8764122047244092
20
-3.8490138188976375
11
6.8764938582677164
21
-3.8501630314960629
0
LINE
8
BLACK
6
CONTINUOUS
10
6.8764938582677164
20
-3.8501630314960629
11
6.8761295275590548
21
-3.8512560236220472
0
LINE
8
BLACK
6
CONTINUOUS
10
6.8761295275590548
20
-3.8512560236220472
11
6.87537468503937
21
-3.8521263779527559
0
LINE
8
BLACK
6
CONTINUOUS
10
6.87537468503937
20
-3.8521263779527559
11
6.8743441732283461
21
-3.8526416535433068
0
LINE
8
BLACK
6
CONTINUOUS
10
6.8743441732283461
20
-3.8526416535433068
11
6.8731949606299212
21
-3.852723307086614
0
LINE
8
BLACK
6
CONTINUOUS
10
6.8731949606299212
20
-3.852723307086614
11
6.8721020078740152
21
-3.8523589763779529
0
LINE
8
BLACK
6
CONTINUOUS
10
6.8721020078740152
20
-3.8523589763779529
11
6.8712316141732286
21
-3.8516041338582676
0
LINE
8
BLACK
6
CONTINUOUS
10
6.8712316141732286
20
-3.8516041338582676
11
6.8709232677165355
21
-3.8511142519685038
0
LINE
8
BLACK
6
CONTINUOUS
10
6.8709232677165355
20
-3.8511142519685038
11
6.8692627952755902
21
-3.8477933070866142
0
LINE
8
BLACK
6
CONTINUOUS
10
6.8692627952755902
20
-3.8477933070866142
11
6.8660588188976375
21
-3.8445893307086614
0
LINE
8
BLACK
6
CONTINUOUS
10
6.8660588188976375
20
-3.8445893307086614
11
6.8606777952755902
21
-3.8410020078740157
0
LINE
8
BLACK
6
CONTINUOUS
10
6.8606777952755902
20
-3.8410020078740157
11
6.8606761023622047
21
-3.8410006299212598
0
LINE
8
BLACK
6
CONTINUOUS
10
6.8606761023622047
20
-3.8410006299212598
11
6.8606752362204722
21
-3.841000275590551
0
LINE
8
BLACK
6
CONTINUOUS
10
6.8606752362204722
20
-3.841000275590551
11
6.8606731889763779
21
-3.8409982283464568
0
LINE
8
BLACK
6
CONTINUOUS
10
6.8606731889763779
20
-3.8409982283464568
11
6.8602299606299209
21
-3.8406352362204723
0
LINE
8
BLACK
6
CONTINUOUS
10
6.8602299606299209
20
-3.8406352362204723
11
6.8600672834645664
21
-3.8403923228346457
0
LINE
8
BLACK
6
CONTINUOUS
10
6.8600672834645664
20
-3.8403923228346457
11
6.8598605905511807
21
-3.8401856299212596
0
LINE
8
BLACK
6
CONTINUOUS
10
6.8598605905511807
20
-3.8401856299212596
11
6.859749842519685
21
-3.8399183070866143
0
LINE
8
BLACK
6
CONTINUOUS
10
6.859749842519685
20
-3.8399183070866143
11
6.8595888976377948
21
-3.8396779527559053
0
LINE
8
BLACK
6
CONTINUOUS
10
6.8595888976377948
20
-3.8396779527559053
11
6.8595315354330708
21
-3.8393912992125983
0
LINE
8
BLACK
6
CONTINUOUS
10
6.8595315354330708
20
-3.8393912992125983
11
6.8594196850393701
21
-3.8391212204724408
0
LINE
8
BLACK
6
CONTINUOUS
10
6.8594196850393701
20
-3.8391212204724408
11
6.8594196850393701
21
-3.8388318897637794
0
LINE
8
BLACK
6
CONTINUOUS
10
6.8594196850393701
20
-3.8388318897637794
11
6.8593629527559052
21
-3.8385482677165355
0
LINE
8
BLACK
6
CONTINUOUS
10
6.8593629527559052
20
-3.8385482677165355
11
6.8594196850393701
21
-3.8382614566929134
0
LINE
8
BLACK
6
CONTINUOUS
10
6.8594196850393701
20
-3.8382614566929134
11
6.8594196850393701
21
-3.837969094488189
0
LINE
8
BLACK
6
CONTINUOUS
10
6.8594196850393701
20
-3.837969094488189
11
6.859530393700787
21
-3.8377018110236221
0
LINE
8
BLACK
6
CONTINUOUS
10
6.859530393700787
20
-3.8377018110236221
11
6.8595865354330705
21
-3.8374180314960631
0
LINE
8
BLACK
6
CONTINUOUS
10
6.8595865354330705
20
-3.8374180314960631
11
6.8597487007874012
21
-3.8371747637795273
0
LINE
8
BLACK
6
CONTINUOUS
10
6.8597487007874012
20
-3.8371747637795273
11
6.8598605905511807
21
-3.8369046850393702
0
LINE
8
BLACK
6
CONTINUOUS
10
6.8598605905511807
20
-3.8369046850393702
11
6.8600651181102359
21
-3.8367001181102363
0
LINE
8
BLACK
6
CONTINUOUS
10
6.8600651181102359
20
-3.8367001181102363
11
6.8602256299212598
21
-3.8364594094488189
0
LINE
8
BLACK
6
CONTINUOUS
10
6.8602256299212598
20
-3.8364594094488189
11
6.8604685039370077
21
-3.8362967322834645
0
LINE
8
BLACK
6
CONTINUOUS
10
6.8604685039370077
20
-3.8362967322834645
11
6.8606752362204722
21
-3.8360900393700788
0
LINE
8
BLACK
6
CONTINUOUS
10
6.8606752362204722
20
-3.8360900393700788
11
6.8609425196850395
21
-3.8359792913385826
0
LINE
8
BLACK
6
CONTINUOUS
10
6.8609425196850395
20
-3.8359792913385826
11
6.8611829133858269
21
-3.8358183464566928
0
LINE
8
BLACK
6
CONTINUOUS
10
6.8611829133858269
20
-3.8358183464566928
11
6.8614695275590547
21
-3.8357609842519684
0
LINE
8
BLACK
6
CONTINUOUS
10
6.8614695275590547
20
-3.8357609842519684
11
6.8617396456692914
21
-3.8356491338582677
0
LINE
8
BLACK
6
CONTINUOUS
10
6.8617396456692914
20
-3.8356491338582677
11
6.8623095669291336
21
-3.8355929921259841
0
LINE
8
BLACK
6
CONTINUOUS
10
6.8623095669291336
20
-3.8355929921259841
11
6.8623125984251967
21
-3.8355924015748029
0
LINE
8
BLACK
6
CONTINUOUS
10
6.8623125984251967
20
-3.8355924015748029
11
6.8623136220472443
21
-3.8355925984251966
0
LINE
8
BLACK
6
CONTINUOUS
10
6.8623136220472443
20
-3.8355925984251966
11
6.8623157086614173
21
-3.8355924015748029
0
LINE
8
BLACK
6
CONTINUOUS
10
6.8623157086614173
20
-3.8355924015748029
11
6.8987330314960627
21
-3.8355924015748029
0
LINE
8
BLACK
6
CONTINUOUS
10
6.8987330314960627
20
-3.8355924015748029
11
6.8987330314960627
21
-3.8272965748031496
0
LINE
8
BLACK
6
CONTINUOUS
10
6.8987330314960627
20
-3.8272965748031496
11
6.8987897637795275
21
-3.8267205118110237
0
LINE
8
BLACK
6
CONTINUOUS
10
6.8987897637795275
20
-3.8267205118110237
11
6.8992306692913381
21
-3.8256561023622044
0
LINE
8
BLACK
6
CONTINUOUS
10
6.8992306692913381
20
-3.8256561023622044
11
6.9000453149606296
21
-3.8248414566929134
0
LINE
8
BLACK
6
CONTINUOUS
10
6.9000453149606296
20
-3.8248414566929134
11
6.9011097244094488
21
-3.8244005511811023
0
LINE
8
BLACK
6
CONTINUOUS
10
6.9011097244094488
20
-3.8244005511811023
11
6.9022618503937005
21
-3.8244005511811023
0
LINE
8
BLACK
6
CONTINUOUS
10
6.9022618503937005
20
-3.8244005511811023
11
6.9033262598425198
21
-3.8248414566929134
0
LINE
8
BLACK
6
CONTINUOUS
10
6.3258831889763778
20
-3.8353645669291336
11
6.3260629921259843
21
-3.8362685433070864
0
LINE
8
BLACK
6
CONTINUOUS
10
6.3260629921259843
20
-3.8362685433070864
11
6.3260629921259843
21
-3.8490857874015747
0
LINE
8
BLACK
6
CONTINUOUS
10
6.3260629921259843
20
-3.8490857874015747
11
6.3258831889763778
21
-3.8499897637795275
0
LINE
8
BLACK
6
CONTINUOUS
10
6.3258831889763778
20
-3.8499897637795275
11
6.3246047637795275
21
-3.8512681889763778
0
LINE
8
BLACK
6
CONTINUOUS
10
6.3246047637795275
20
-3.8512681889763778
11
6.3227968110236219
21
-3.8512681889763778
0
LINE
8
BLACK
6
CONTINUOUS
10
6.3227968110236219
20
-3.8512681889763778
11
6.3215183858267716
21
-3.8499897637795275
0
LINE
8
BLACK
6
CONTINUOUS
10
6.3215183858267716
20
-3.8499897637795275
11
6.3213385826771651
21
-3.8490857874015747
0
LINE
8
BLACK
6
CONTINUOUS
10
6.3213385826771651
20
-3.8490857874015747
11
6.3213385826771651
21
-3.8362685433070864
0
LINE
8
BLACK
6
CONTINUOUS
10
6.3213385826771651
20
-3.8362685433070864
11
6.3215183858267716
21
-3.8353645669291336
0
LINE
8
BLACK
6
CONTINUOUS
10
6.3215183858267716
20
-3.8353645669291336
11
6.3227968110236219
21
-3.8340861417322833
0
LINE
8
BLACK
6
CONTINUOUS
10
6.3227968110236219
20
-3.8340861417322833
11
6.3246047637795275
21
-3.8340861417322833
0
LINE
8
BLACK
6
CONTINUOUS
10
6.3246047637795275
20
-3.8340861417322833
11
6.3258831889763778
21
-3.8353645669291336
0
LINE
8
BLACK
6
CONTINUOUS
10
6.3660406692913387
20
-3.8353645669291336
11
6.3662204724409444
21
-3.8362685433070864
0
LINE
8
BLACK
6
CONTINUOUS
10
6.3662204724409444
20
-3.8362685433070864
11
6.3662204724409444
21
-3.8490857874015747
0
LINE
8
BLACK
6
CONTINUOUS
10
6.3662204724409444
20
-3.8490857874015747
11
6.3660406692913387
21
-3.8499897637795275
0
LINE
8
BLACK
6
CONTINUOUS
10
6.3660406692913387
20
-3.8499897637795275
11
6.3647622440944884
21
-3.8512681889763778
0
LINE
8
BLACK
6
CONTINUOUS
10
6.3647622440944884
20
-3.8512681889763778
11
6.3629542913385828
21
-3.8512681889763778
0
LINE
8
BLACK
6
CONTINUOUS
10
6.3629542913385828
20
-3.8512681889763778
11
6.3616758661417325
21
-3.8499897637795275
0
LINE
8
BLACK
6
CONTINUOUS
10
6.3616758661417325
20
-3.8499897637795275
11
6.361496062992126
21
-3.8490857874015747
0
LINE
8
BLACK
6
CONTINUOUS
10
6.361496062992126
20
-3.8490857874015747
11
6.361496062992126
21
-3.8362685433070864
0
LINE
8
BLACK
6
CONTINUOUS
10
6.361496062992126
20
-3.8362685433070864
11
6.3616758661417325
21
-3.8353645669291336
0
LINE
8
BLACK
6
CONTINUOUS
10
6.3616758661417325
20
-3.8353645669291336
11
6.3629542913385828
21
-3.8340861417322833
0
LINE
8
BLACK
6
CONTINUOUS
10
6.3629542913385828
20
-3.8340861417322833
11
6.3647622440944884
21
-3.8340861417322833
0
LINE
8
BLACK
6
CONTINUOUS
10
6.3647622440944884
20
-3.8340861417322833
11
6.3660406692913387
21
-3.8353645669291336
0
LINE
8
BLACK
6
CONTINUOUS
10
6.268412125984252
20
-3.8174661417322833
11
6.2692267716535435
21
-3.8182807874015747
0
LINE
8
BLACK
6
CONTINUOUS
10
6.2692267716535435
20
-3.8182807874015747
11
6.2696676771653541
21
-3.8193451968503935
0
LINE
8
BLACK
6
CONTINUOUS
10
6.2696676771653541
20
-3.8193451968503935
11
6.2697244094488189
21
-3.8199212598425194
0
LINE
8
BLACK
6
CONTINUOUS
10
6.2697244094488189
20
-3.8199212598425194
11
6.2697244094488189
21
-3.8356692913385828
0
LINE
8
BLACK
6
CONTINUOUS
10
6.2697244094488189
20
-3.8356692913385828
11
6.2696676771653541
21
-3.8362453543307087
0
LINE
8
BLACK
6
CONTINUOUS
10
6.2696676771653541
20
-3.8362453543307087
11
6.2692267716535435
21
-3.8373097637795275
0
LINE
8
BLACK
6
CONTINUOUS
10
6.2692267716535435
20
-3.8373097637795275
11
6.268412125984252
21
-3.8381244094488189
0
LINE
8
BLACK
6
CONTINUOUS
10
6.268412125984252
20
-3.8381244094488189
11
6.2673477165354328
21
-3.83856531496063
0
LINE
8
BLACK
6
CONTINUOUS
10
6.2673477165354328
20
-3.83856531496063
11
6.2667716535433069
21
-3.8386220472440944
0
LINE
8
BLACK
6
CONTINUOUS
10
6.2667716535433069
20
-3.8386220472440944
11
6.2510236220472439
21
-3.8386220472440944
0
LINE
8
BLACK
6
CONTINUOUS
10
6.2510236220472439
20
-3.8386220472440944
11
6.2504475590551181
21
-3.83856531496063
0
LINE
8
BLACK
6
CONTINUOUS
10
6.2504475590551181
20
-3.83856531496063
11
6.2493831496062988
21
-3.8381244094488189
0
LINE
8
BLACK
6
CONTINUOUS
10
6.2493831496062988
20
-3.8381244094488189
11
6.2485685039370074
21
-3.8373097637795275
0
LINE
8
BLACK
6
CONTINUOUS
10
6.2485685039370074
20
-3.8373097637795275
11
6.2481275984251967
21
-3.8362453543307087
0
LINE
8
BLACK
6
CONTINUOUS
10
6.2481275984251967
20
-3.8362453543307087
11
6.2481275984251967
21
-3.8350932283464565
0
LINE
8
BLACK
6
CONTINUOUS
10
6.2481275984251967
20
-3.8350932283464565
11
6.2485685039370074
21
-3.8340288188976377
0
LINE
8
BLACK
6
CONTINUOUS
10
6.2485685039370074
20
-3.8340288188976377
11
6.2493831496062988
21
-3.8332141732283462
0
LINE
8
BLACK
6
CONTINUOUS
10
6.2493831496062988
20
-3.8332141732283462
11
6.2504475590551181
21
-3.8327732677165351
0
LINE
8
BLACK
6
CONTINUOUS
10
6.2504475590551181
20
-3.8327732677165351
11
6.2510236220472439
21
-3.8327165354330708
0
LINE
8
BLACK
6
CONTINUOUS
10
6.2510236220472439
20
-3.8327165354330708
11
6.2638188976377949
21
-3.8327165354330708
0
LINE
8
BLACK
6
CONTINUOUS
10
6.2638188976377949
20
-3.8327165354330708
11
6.2638188976377949
21
-3.8199212598425194
0
LINE
8
BLACK
6
CONTINUOUS
10
6.2638188976377949
20
-3.8199212598425194
11
6.2638756299212597
21
-3.8193451968503935
0
LINE
8
BLACK
6
CONTINUOUS
10
6.2638756299212597
20
-3.8193451968503935
11
6.2643165354330703
21
-3.8182807874015747
0
LINE
8
BLACK
6
CONTINUOUS
10
6.2643165354330703
20
-3.8182807874015747
11
6.2651311811023618
21
-3.8174661417322833
0
LINE
8
BLACK
6
CONTINUOUS
10
6.2651311811023618
20
-3.8174661417322833
11
6.266195590551181
21
-3.8170252362204722
0
LINE
8
BLACK
6
CONTINUOUS
10
6.266195590551181
20
-3.8170252362204722
11
6.2673477165354328
21
-3.8170252362204722
0
LINE
8
BLACK
6
CONTINUOUS
10
6.2673477165354328
20
-3.8170252362204722
11
6.268412125984252
21
-3.8174661417322833
0
LINE
8
BLACK
6
CONTINUOUS
10
6.1424278740157483
20
-3.8174661417322833
11
6.1432425196850389
21
-3.8182807874015747
0
LINE
8
BLACK
6
CONTINUOUS
10
6.1432425196850389
20
-3.8182807874015747
11
6.1436834251968504
21
-3.8193451968503935
0
LINE
8
BLACK
6
CONTINUOUS
10
6.1436834251968504
20
-3.8193451968503935
11
6.1437401574803152
21
-3.8199212598425194
0
LINE
8
BLACK
6
CONTINUOUS
10
6.1437401574803152
20
-3.8199212598425194
11
6.1437401574803152
21
-3.8356692913385828
0
LINE
8
BLACK
6
CONTINUOUS
10
6.1437401574803152
20
-3.8356692913385828
11
6.1436834251968504
21
-3.8362453543307087
0
LINE
8
BLACK
6
CONTINUOUS
10
6.1436834251968504
20
-3.8362453543307087
11
6.1432425196850389
21
-3.8373097637795275
0
LINE
8
BLACK
6
CONTINUOUS
10
6.1432425196850389
20
-3.8373097637795275
11
6.1424278740157483
21
-3.8381244094488189
0
LINE
8
BLACK
6
CONTINUOUS
10
6.1424278740157483
20
-3.8381244094488189
11
6.1413634645669291
21
-3.83856531496063
0
LINE
8
BLACK
6
CONTINUOUS
10
6.1413634645669291
20
-3.83856531496063
11
6.1402113385826773
21
-3.83856531496063
0
LINE
8
BLACK
6
CONTINUOUS
10
6.1402113385826773
20
-3.83856531496063
11
6.1391469291338581
21
-3.8381244094488189
0
LINE
8
BLACK
6
CONTINUOUS
10
6.1391469291338581
20
-3.8381244094488189
11
6.1383322834645666
21
-3.8373097637795275
0
LINE
8
BLACK
6
CONTINUOUS
10
6.1383322834645666
20
-3.8373097637795275
11
6.137891377952756
21
-3.8362453543307087
0
LINE
8
BLACK
6
CONTINUOUS
10
6.137891377952756
20
-3.8362453543307087
11
6.1378346456692912
21
-3.8356692913385828
0
LINE
8
BLACK
6
CONTINUOUS
10
6.1378346456692912
20
-3.8356692913385828
11
6.1378346456692912
21
-3.8199212598425194
0
LINE
8
BLACK
6
CONTINUOUS
10
6.1378346456692912
20
-3.8199212598425194
11
6.137891377952756
21
-3.8193451968503935
0
LINE
8
BLACK
6
CONTINUOUS
10
6.137891377952756
20
-3.8193451968503935
11
6.1383322834645666
21
-3.8182807874015747
0
LINE
8
BLACK
6
CONTINUOUS
10
6.1383322834645666
20
-3.8182807874015747
11
6.1391469291338581
21
-3.8174661417322833
0
LINE
8
BLACK
6
CONTINUOUS
10
6.1391469291338581
20
-3.8174661417322833
11
6.1402113385826773
21
-3.8170252362204722
0
LINE
8
BLACK
6
CONTINUOUS
10
6.1402113385826773
20
-3.8170252362204722
11
6.1413634645669291
21
-3.8170252362204722
0
LINE
8
BLACK
6
CONTINUOUS
10
6.1413634645669291
20
-3.8170252362204722
11
6.1424278740157483
21
-3.8174661417322833
0
LINE
8
BLACK
6
CONTINUOUS
10
6.0051800787401577
20
-3.8228063779527557
11
6.0052016929133858
21
-3.8227982283464566
0
LINE
8
BLACK
6
CONTINUOUS
10
6.0052016929133858
20
-3.8227982283464566
11
6.0055968503937009
21
-3.8228892913385826
0
LINE
8
BLACK
6
CONTINUOUS
10
6.0055968503937009
20
-3.8228892913385826
11
6.0059948425196845
21
-3.8229684645669288
0
LINE
8
BLACK
6
CONTINUOUS
10
6.0059948425196845
20
-3.8229684645669288
11
6.0060111417322837
21
-3.8229847637795276
0
LINE
8
BLACK
6
CONTINUOUS
10
6.0060111417322837
20
-3.8229847637795276
11
6.0060571653543304
21
-3.8229953937007872
0
LINE
8
BLACK
6
CONTINUOUS
10
6.0060571653543304
20
-3.8229953937007872
11
6.0079619291338577
21
-3.8238525590551182
0
LINE
8
BLACK
6
CONTINUOUS
10
6.0079619291338577
20
-3.8238525590551182
11
6.0082449212598421
21
-3.8240542519685037
0
LINE
8
BLACK
6
CONTINUOUS
10
6.0082449212598421
20
-3.8240542519685037
11
6.0085437007874019
21
-3.824231929133858
0
LINE
8
BLACK
6
CONTINUOUS
10
6.0085437007874019
20
-3.824231929133858
11
6.0094961023622044
21
-3.8250890551181103
0
LINE
8
BLACK
6
CONTINUOUS
10
6.0094961023622044
20
-3.8250890551181103
11
6.0097180708661417
21
-3.8253861417322832
0
LINE
8
BLACK
6
CONTINUOUS
10
6.0097180708661417
20
-3.8253861417322832
11
6.009957834645669
21
-3.8256688188976375
0
LINE
8
BLACK
6
CONTINUOUS
10
6.009957834645669
20
-3.8256688188976375
11
6.0108137401574799
21
-3.827209527559055
0
LINE
8
BLACK
6
CONTINUOUS
10
6.0108137401574799
20
-3.827209527559055
11
6.0172678346456694
21
-3.8231435039370076
0
LINE
8
BLACK
6
CONTINUOUS
10
6.0172678346456694
20
-3.8231435039370076
11
6.0180876377952757
21
-3.8228294488188976
0
LINE
8
BLACK
6
CONTINUOUS
10
6.0180876377952757
20
-3.8228294488188976
11
6.019767007874016
21
-3.8232106299212596
0
LINE
8
BLACK
6
CONTINUOUS
10
6.019767007874016
20
-3.8232106299212596
11
6.0206849212598428
21
-3.8246676771653543
0
LINE
8
BLACK
6
CONTINUOUS
10
6.0206849212598428
20
-3.8246676771653543
11
6.0203037401574804
21
-3.8263470472440946
0
LINE
8
BLACK
6
CONTINUOUS
10
6.0203037401574804
20
-3.8263470472440946
11
6.0196664960629924
21
-3.8269509055118109
0
LINE
8
BLACK
6
CONTINUOUS
10
6.0196664960629924
20
-3.8269509055118109
11
6.0111933464566931
21
-3.8322889763779528
0
LINE
8
BLACK
6
CONTINUOUS
10
6.0111933464566931
20
-3.8322889763779528
11
6.0111933464566931
21
-3.8330829133858266
0
LINE
8
BLACK
6
CONTINUOUS
10
6.0111933464566931
20
-3.8330829133858266
11
6.0184671653543305
21
-3.8330829133858266
0
LINE
8
BLACK
6
CONTINUOUS
10
6.0184671653543305
20
-3.8330829133858266
11
6.0193281889763774
21
-3.8332541732283465
0
LINE
8
BLACK
6
CONTINUOUS
10
6.0193281889763774
20
-3.8332541732283465
11
6.0205459055118107
21
-3.8344718897637793
0
LINE
8
BLACK
6
CONTINUOUS
10
6.0205459055118107
20
-3.8344718897637793
11
6.0205459055118107
21
-3.8361939370078741
0
LINE
8
BLACK
6
CONTINUOUS
10
6.0205459055118107
20
-3.8361939370078741
11
6.0193281889763774
21
-3.8374116535433069
0
LINE
8
BLACK
6
CONTINUOUS
10
6.0193281889763774
20
-3.8374116535433069
11
6.0184671653543305
21
-3.8375829133858268
0
LINE
8
BLACK
6
CONTINUOUS
10
6.0184671653543305
20
-3.8375829133858268
11
5.9984671653543309
21
-3.8375829133858268
0
LINE
8
BLACK
6
CONTINUOUS
10
5.9984671653543309
20
-3.8375829133858268
11
5.997606141732283
21
-3.8374116535433069
0
LINE
8
BLACK
6
CONTINUOUS
10
5.997606141732283
20
-3.8374116535433069
11
5.9963884251968507
21
-3.8361939370078741
0
LINE
8
BLACK
6
CONTINUOUS
10
5.9963884251968507
20
-3.8361939370078741
11
5.9962171653543308
21
-3.8353329133858267
0
LINE
8
BLACK
6
CONTINUOUS
10
5.9962171653543308
20
-3.8353329133858267
11
5.9962171653543308
21
-3.8284757874015747
0
LINE
8
BLACK
6
CONTINUOUS
10
5.9962171653543308
20
-3.8284757874015747
11
5.9962533070866142
21
-3.8282940157480314
0
LINE
8
BLACK
6
CONTINUOUS
10
5.9962533070866142
20
-3.8282940157480314
11
5.9962318503937002
21
-3.8282189370078741
0
LINE
8
BLACK
6
CONTINUOUS
10
5.9962318503937002
20
-3.8282189370078741
11
5.9963274409448815
21
-3.8279212598425194
0
LINE
8
BLACK
6
CONTINUOUS
10
5.9963274409448815
20
-3.8279212598425194
11
5.9963884251968507
21
-3.8276147637795273
0
LINE
8
BLACK
6
CONTINUOUS
10
5.9963884251968507
20
-3.8276147637795273
11
5.9964436220472441
21
-3.827559527559055
0
LINE
8
BLACK
6
CONTINUOUS
10
5.9964436220472441
20
-3.827559527559055
11
5.9965003149606302
21
-3.8273831102362204
0
LINE
8
BLACK
6
CONTINUOUS
10
5.9965003149606302
20
-3.8273831102362204
11
5.997452677165354
21
-3.8256688188976375
0
LINE
8
BLACK
6
CONTINUOUS
10
5.997452677165354
20
-3.8256688188976375
11
5.9976924015748034
21
-3.8253861417322832
0
LINE
8
BLACK
6
CONTINUOUS
10
5.9976924015748034
20
-3.8253861417322832
11
5.9979144094488186
21
-3.8250890551181103
0
LINE
8
BLACK
6
CONTINUOUS
10
5.9979144094488186
20
-3.8250890551181103
11
5.9988667716535433
21
-3.824231929133858
0
LINE
8
BLACK
6
CONTINUOUS
10
5.9988667716535433
20
-3.824231929133858
11
5.9991656692913384
21
-3.8240541732283462
0
LINE
8
BLACK
6
CONTINUOUS
10
5.9991656692913384
20
-3.8240541732283462
11
5.9994485826771653
21
-3.8238525590551182
0
LINE
8
BLACK
6
CONTINUOUS
10
5.9994485826771653
20
-3.8238525590551182
11
6.0013533464566926
21
-3.8229953937007872
0
LINE
8
BLACK
6
CONTINUOUS
10
6.0013533464566926
20
-3.8229953937007872
11
6.0013993307086615
21
-3.8229847637795276
0
LINE
8
BLACK
6
CONTINUOUS
10
6.0013993307086615
20
-3.8229847637795276
11
6.0014156692913385
21
-3.8229684645669288
0
LINE
8
BLACK
6
CONTINUOUS
10
6.0014156692913385
20
-3.8229684645669288
11
6.0018136220472442
21
-3.8228892913385826
0
LINE
8
BLACK
6
CONTINUOUS
10
6.0018136220472442
20
-3.8228892913385826
11
6.0022088188976372
21
-3.8227982283464566
0
LINE
8
BLACK
6
CONTINUOUS
10
6.0022088188976372
20
-3.8227982283464566
11
6.0022303937007875
21
-3.8228063779527557
0
LINE
8
BLACK
6
CONTINUOUS
10
6.0022303937007875
20
-3.8228063779527557
11
6.0022766929133855
21
-3.8227972047244094
0
LINE
8
BLACK
6
CONTINUOUS
10
6.0022766929133855
20
-3.8227972047244094
11
6.0051338188976375
21
-3.8227972047244094
0
LINE
8
BLACK
6
CONTINUOUS
10
6.0051338188976375
20
-3.8227972047244094
11
6.0051800787401577
21
-3.8228063779527557
0
LINE
8
BLACK
6
CONTINUOUS
10
6.0016157480314956
20
-3.8278119291338584
11
6.0012038976377955
21
-3.8281825590551182
0
LINE
8
BLACK
6
CONTINUOUS
10
6.0012038976377955
20
-3.8281825590551182
11
6.000717165354331
21
-3.8290587795275588
0
LINE
8
BLACK
6
CONTINUOUS
10
6.000717165354331
20
-3.8290587795275588
11
6.000717165354331
21
-3.8330829133858266
0
LINE
8
BLACK
6
CONTINUOUS
10
6.000717165354331
20
-3.8330829133858266
11
6.006693346456693
21
-3.8330829133858266
0
LINE
8
BLACK
6
CONTINUOUS
10
6.006693346456693
20
-3.8330829133858266
11
6.006693346456693
21
-3.8290587795275588
0
LINE
8
BLACK
6
CONTINUOUS
10
6.006693346456693
20
-3.8290587795275588
11
6.0062066141732284
21
-3.8281826377952757
0
LINE
8
BLACK
6
CONTINUOUS
10
6.0062066141732284
20
-3.8281826377952757
11
6.0057947244094487
21
-3.8278119291338584
0
LINE
8
BLACK
6
CONTINUOUS
10
6.0057947244094487
20
-3.8278119291338584
11
6.0046508661417324
21
-3.8272972047244092
0
LINE
8
BLACK
6
CONTINUOUS
10
6.0046508661417324
20
-3.8272972047244092
11
6.0027596456692915
21
-3.8272972047244092
0
LINE
8
BLACK
6
CONTINUOUS
10
6.0027596456692915
20
-3.8272972047244092
11
6.0016157480314956
21
-3.8278119291338584
0
LINE
8
BLACK
6
CONTINUOUS
10
6.076046220472441
20
-3.8228063779527557
11
6.0760678346456691
21
-3.8227982283464566
0
LINE
8
BLACK
6
CONTINUOUS
10
6.0760678346456691
20
-3.8227982283464566
11
6.0764629921259843
21
-3.8228892913385826
0
LINE
8
BLACK
6
CONTINUOUS
10
6.0764629921259843
20
-3.8228892913385826
11
6.0768609842519687
21
-3.8229684645669288
0
LINE
8
BLACK
6
CONTINUOUS
10
6.0768609842519687
20
-3.8229684645669288
11
6.076877283464567
21
-3.8229847637795276
0
LINE
8
BLACK
6
CONTINUOUS
10
6.076877283464567
20
-3.8229847637795276
11
6.0769233070866138
21
-3.8229953937007872
0
LINE
8
BLACK
6
CONTINUOUS
10
6.0769233070866138
20
-3.8229953937007872
11
6.078828070866142
21
-3.8238525590551182
0
LINE
8
BLACK
6
CONTINUOUS
10
6.078828070866142
20
-3.8238525590551182
11
6.0791110629921254
21
-3.8240542519685037
0
LINE
8
BLACK
6
CONTINUOUS
10
6.0791110629921254
20
-3.8240542519685037
11
6.0794098425196852
21
-3.824231929133858
0
LINE
8
BLACK
6
CONTINUOUS
10
6.0794098425196852
20
-3.824231929133858
11
6.0803622440944878
21
-3.8250890551181103
0
LINE
8
BLACK
6
CONTINUOUS
10
6.0803622440944878
20
-3.8250890551181103
11
6.0805842125984251
21
-3.8253861417322832
0
LINE
8
BLACK
6
CONTINUOUS
10
6.0805842125984251
20
-3.8253861417322832
11
6.0808239763779524
21
-3.8256688188976375
0
LINE
8
BLACK
6
CONTINUOUS
10
6.0808239763779524
20
-3.8256688188976375
11
6.0816798818897633
21
-3.827209527559055
0
LINE
8
BLACK
6
CONTINUOUS
10
6.0816798818897633
20
-3.827209527559055
11
6.0881339763779527
21
-3.8231435039370076
0
LINE
8
BLACK
6
CONTINUOUS
10
6.0881339763779527
20
-3.8231435039370076
11
6.088953779527559
21
-3.8228294488188976
0
LINE
8
BLACK
6
CONTINUOUS
10
6.088953779527559
20
-3.8228294488188976
11
6.0906331496062993
21
-3.8232106299212596
0
LINE
8
BLACK
6
CONTINUOUS
10
6.0906331496062993
20
-3.8232106299212596
11
6.0915510629921261
21
-3.8246676771653543
0
LINE
8
BLACK
6
CONTINUOUS
10
6.0915510629921261
20
-3.8246676771653543
11
6.0911698818897637
21
-3.8263470472440946
0
LINE
8
BLACK
6
CONTINUOUS
10
6.0911698818897637
20
-3.8263470472440946
11
6.0905326377952758
21
-3.8269509055118109
0
LINE
8
BLACK
6
CONTINUOUS
10
6.0905326377952758
20
-3.8269509055118109
11
6.0820594881889765
21
-3.8322889763779528
0
LINE
8
BLACK
6
CONTINUOUS
10
6.0820594881889765
20
-3.8322889763779528
11
6.0820594881889765
21
-3.8330829133858266
0
LINE
8
BLACK
6
CONTINUOUS
10
6.0820594881889765
20
-3.8330829133858266
11
6.0893333070866138
21
-3.8330829133858266
0
LINE
8
BLACK
6
CONTINUOUS
10
6.0893333070866138
20
-3.8330829133858266
11
6.0901943307086617
21
-3.8332541732283465
0
LINE
8
BLACK
6
CONTINUOUS
10
6.0901943307086617
20
-3.8332541732283465
11
6.091412047244094
21
-3.8344718897637793
0
LINE
8
BLACK
6
CONTINUOUS
10
6.091412047244094
20
-3.8344718897637793
11
6.091412047244094
21
-3.8361939370078741
0
LINE
8
BLACK
6
CONTINUOUS
10
6.091412047244094
20
-3.8361939370078741
11
6.0901943307086617
21
-3.8374116535433069
0
LINE
8
BLACK
6
CONTINUOUS
10
6.0901943307086617
20
-3.8374116535433069
11
6.0893333070866138
21
-3.8375829133858268
0
LINE
8
BLACK
6
CONTINUOUS
10
6.0893333070866138
20
-3.8375829133858268
11
6.0693333070866142
21
-3.8375829133858268
0
LINE
8
BLACK
6
CONTINUOUS
10
6.0693333070866142
20
-3.8375829133858268
11
6.0684722834645664
21
-3.8374116535433069
0
LINE
8
BLACK
6
CONTINUOUS
10
6.0684722834645664
20
-3.8374116535433069
11
6.067254566929134
21
-3.8361939370078741
0
LINE
8
BLACK
6
CONTINUOUS
10
6.067254566929134
20
-3.8361939370078741
11
6.0670833070866141
21
-3.8353329133858267
0
LINE
8
BLACK
6
CONTINUOUS
10
6.0670833070866141
20
-3.8353329133858267
11
6.0670833070866141
21
-3.8284757874015747
0
LINE
8
BLACK
6
CONTINUOUS
10
6.0670833070866141
20
-3.8284757874015747
11
6.0671194488188975
21
-3.8282940157480314
0
LINE
8
BLACK
6
CONTINUOUS
10
6.0671194488188975
20
-3.8282940157480314
11
6.0670979921259844
21
-3.8282189370078741
0
LINE
8
BLACK
6
CONTINUOUS
10
6.0670979921259844
20
-3.8282189370078741
11
6.0671935826771648
21
-3.8279212598425194
0
LINE
8
BLACK
6
CONTINUOUS
10
6.0671935826771648
20
-3.8279212598425194
11
6.067254566929134
21
-3.8276147637795273
0
LINE
8
BLACK
6
CONTINUOUS
10
6.067254566929134
20
-3.8276147637795273
11
6.0673097637795275
21
-3.827559527559055
0
LINE
8
BLACK
6
CONTINUOUS
10
6.0673097637795275
20
-3.827559527559055
11
6.0673664566929135
21
-3.8273831102362204
0
LINE
8
BLACK
6
CONTINUOUS
10
6.0673664566929135
20
-3.8273831102362204
11
6.0683188188976374
21
-3.8256688188976375
0
LINE
8
BLACK
6
CONTINUOUS
10
6.0683188188976374
20
-3.8256688188976375
11
6.0685585433070868
21
-3.8253861417322832
0
LINE
8
BLACK
6
CONTINUOUS
10
6.0685585433070868
20
-3.8253861417322832
11
6.0687805511811019
21
-3.8250890551181103
0
LINE
8
BLACK
6
CONTINUOUS
10
6.0687805511811019
20
-3.8250890551181103
11
6.0697329133858267
21
-3.824231929133858
0
LINE
8
BLACK
6
CONTINUOUS
10
6.0697329133858267
20
-3.824231929133858
11
6.0700318110236218
21
-3.8240541732283462
0
LINE
8
BLACK
6
CONTINUOUS
10
6.0700318110236218
20
-3.8240541732283462
11
6.0703147244094486
21
-3.8238525590551182
0
LINE
8
BLACK
6
CONTINUOUS
10
6.0703147244094486
20
-3.8238525590551182
11
6.0722194881889759
21
-3.8229953937007872
0
LINE
8
BLACK
6
CONTINUOUS
10
6.0722194881889759
20
-3.8229953937007872
11
6.0722654724409448
21
-3.8229847637795276
0
LINE
8
BLACK
6
CONTINUOUS
10
6.0722654724409448
20
-3.8229847637795276
11
6.0722818110236219
21
-3.8229684645669288
0
LINE
8
BLACK
6
CONTINUOUS
10
6.0722818110236219
20
-3.8229684645669288
11
6.0726797637795276
21
-3.8228892913385826
0
LINE
8
BLACK
6
CONTINUOUS
10
6.0726797637795276
20
-3.8228892913385826
11
6.0730749606299215
21
-3.8227982283464566
0
LINE
8
BLACK
6
CONTINUOUS
10
6.0730749606299215
20
-3.8227982283464566
11
6.0730965354330708
21
-3.8228063779527557
0
LINE
8
BLACK
6
CONTINUOUS
10
6.0730965354330708
20
-3.8228063779527557
11
6.0731428346456688
21
-3.8227972047244094
0
LINE
8
BLACK
6
CONTINUOUS
10
6.0731428346456688
20
-3.8227972047244094
11
6.0759999606299209
21
-3.8227972047244094
0
LINE
8
BLACK
6
CONTINUOUS
10
6.0759999606299209
20
-3.8227972047244094
11
6.076046220472441
21
-3.8228063779527557
0
LINE
8
BLACK
6
CONTINUOUS
10
6.0724818897637798
20
-3.8278119291338584
11
6.0720700393700788
21
-3.8281825590551182
0
LINE
8
BLACK
6
CONTINUOUS
10
6.0720700393700788
20
-3.8281825590551182
11
6.0715833070866143
21
-3.8290587795275588
0
LINE
8
BLACK
6
CONTINUOUS
10
6.0715833070866143
20
-3.8290587795275588
11
6.0715833070866143
21
-3.8330829133858266
0
LINE
8
BLACK
6
CONTINUOUS
10
6.0715833070866143
20
-3.8330829133858266
11
6.0775594881889763
21
-3.8330829133858266
0
LINE
8
BLACK
6
CONTINUOUS
10
6.0775594881889763
20
-3.8330829133858266
11
6.0775594881889763
21
-3.8290587795275588
0
LINE
8
BLACK
6
CONTINUOUS
10
6.0775594881889763
20
-3.8290587795275588
11
6.0770727559055118
21
-3.8281826377952757
0
LINE
8
BLACK
6
CONTINUOUS
10
6.0770727559055118
20
-3.8281826377952757
11
6.0766608661417321
21
-3.8278119291338584
0
LINE
8
BLACK
6
CONTINUOUS
10
6.0766608661417321
20
-3.8278119291338584
11
6.0755170078740157
21
-3.8272972047244092
0
LINE
8
BLACK
6
CONTINUOUS
10
6.0755170078740157
20
-3.8272972047244092
11
6.0736257874015749
21
-3.8272972047244092
0
LINE
8
BLACK
6
CONTINUOUS
10
6.0736257874015749
20
-3.8272972047244092
11
6.0724818897637798
21
-3.8278119291338584
0
LINE
8
BLACK
6
CONTINUOUS
10
6.3888328740157476
20
-3.8213480708661418
11
6.3891587007874016
21
-3.8213791732283462
0
LINE
8
BLACK
6
CONTINUOUS
10
6.3891587007874016
20
-3.8213791732283462
11
6.3920157874015748
21
-3.8222362992125984
0
LINE
8
BLACK
6
CONTINUOUS
10
6.3920157874015748
20
-3.8222362992125984
11
6.3920835039370081
21
-3.8222722047244093
0
LINE
8
BLACK
6
CONTINUOUS
10
6.3920835039370081
20
-3.8222722047244093
11
6.392119881889764
21
-3.8222703149606296
0
LINE
8
BLACK
6
CONTINUOUS
10
6.392119881889764
20
-3.8222703149606296
11
6.3924508661417319
21
-3.822467125984252
0
LINE
8
BLACK
6
CONTINUOUS
10
6.3924508661417319
20
-3.822467125984252
11
6.3927912992125986
21
-3.8226477559055119
0
LINE
8
BLACK
6
CONTINUOUS
10
6.3927912992125986
20
-3.8226477559055119
11
6.392808543307086
21
-3.8226798425196851
0
LINE
8
BLACK
6
CONTINUOUS
10
6.392808543307086
20
-3.8226798425196851
11
6.3928744488188975
21
-3.8227190157480315
0
LINE
8
BLACK
6
CONTINUOUS
10
6.3928744488188975
20
-3.8227190157480315
11
6.4005478740157482
21
-3.8296250393700788
0
LINE
8
BLACK
6
CONTINUOUS
10
6.4005478740157482
20
-3.8296250393700788
11
6.4005478740157482
21
-3.8235342913385826
0
LINE
8
BLACK
6
CONTINUOUS
10
6.4005478740157482
20
-3.8235342913385826
11
6.4007191338582672
21
-3.8226732677165352
0
LINE
8
BLACK
6
CONTINUOUS
10
6.4007191338582672
20
-3.8226732677165352
11
6.4019368503937004
21
-3.8214555511811024
0
LINE
8
BLACK
6
CONTINUOUS
10
6.4019368503937004
20
-3.8214555511811024
11
6.4036588976377953
21
-3.8214555511811024
0
LINE
8
BLACK
6
CONTINUOUS
10
6.4036588976377953
20
-3.8214555511811024
11
6.4048766141732285
21
-3.8226732677165352
0
LINE
8
BLACK
6
CONTINUOUS
10
6.4048766141732285
20
-3.8226732677165352
11
6.4050478740157475
21
-3.8235342913385826
0
LINE
8
BLACK
6
CONTINUOUS
10
6.4050478740157475
20
-3.8235342913385826
11
6.4050478740157475
21
-3.834677125984252
0
LINE
8
BLACK
6
CONTINUOUS
10
6.4050478740157475
20
-3.834677125984252
11
6.4049146850393699
21
-3.8353466141732282
0
LINE
8
BLACK
6
CONTINUOUS
10
6.4049146850393699
20
-3.8353466141732282
11
6.404918976377953
21
-3.8354277559055117
0
LINE
8
BLACK
6
CONTINUOUS
10
6.404918976377953
20
-3.8354277559055117
11
6.4048927559055118
21
-3.8354568503937005
0
LINE
8
BLACK
6
CONTINUOUS
10
6.4048927559055118
20
-3.8354568503937005
11
6.4048766141732285
21
-3.835538149606299
0
LINE
8
BLACK
6
CONTINUOUS
10
6.4048766141732285
20
-3.835538149606299
11
6.4043066535433066
21
-3.8361080708661417
0
LINE
8
BLACK
6
CONTINUOUS
10
6.4043066535433066
20
-3.8361080708661417
11
6.4037670078740154
21
-3.8367077165354329
0
LINE
8
BLACK
6
CONTINUOUS
10
6.4037670078740154
20
-3.8367077165354329
11
6.4037037007874016
21
-3.8367110236220472
0
LINE
8
BLACK
6
CONTINUOUS
10
6.4037037007874016
20
-3.8367110236220472
11
6.4036588976377953
21
-3.8367558661417323
0
LINE
8
BLACK
6
CONTINUOUS
10
6.4036588976377953
20
-3.8367558661417323
11
6.4028521653543304
21
-3.8367558661417323
0
LINE
8
BLACK
6
CONTINUOUS
10
6.4028521653543304
20
-3.8367558661417323
11
6.402047283464567
21
-3.8367982283464568
0
LINE
8
BLACK
6
CONTINUOUS
10
6.402047283464567
20
-3.8367982283464568
11
6.4019760236220469
21
-3.8367558661417323
0
LINE
8
BLACK
6
CONTINUOUS
10
6.4019760236220469
20
-3.8367558661417323
11
6.4019368503937004
21
-3.8367558661417323
0
LINE
8
BLACK
6
CONTINUOUS
10
6.4019368503937004
20
-3.8367558661417323
11
6.4018793700787402
21
-3.8366983858267716
0
LINE
8
BLACK
6
CONTINUOUS
10
6.4018793700787402
20
-3.8366983858267716
11
6.4012927165354325
21
-3.8363495669291336
0
LINE
8
BLACK
6
CONTINUOUS
10
6.4012927165354325
20
-3.8363495669291336
11
6.3902393307086616
21
-3.8264014960629922
0
LINE
8
BLACK
6
CONTINUOUS
10
6.3902393307086616
20
-3.8264014960629922
11
6.3881818897637794
21
-3.8257842913385827
0
LINE
8
BLACK
6
CONTINUOUS
10
6.3881818897637794
20
-3.8257842913385827
11
6.387090275590551
21
-3.8257842913385827
0
LINE
8
BLACK
6
CONTINUOUS
10
6.387090275590551
20
-3.8257842913385827
11
6.3859465354330709
21
-3.8262989370078739
0
LINE
8
BLACK
6
CONTINUOUS
10
6.3859465354330709
20
-3.8262989370078739
11
6.3855346456692912
21
-3.8266696456692912
0
LINE
8
BLACK
6
CONTINUOUS
10
6.3855346456692912
20
-3.8266696456692912
11
6.3850478740157479
21
-3.8275458267716536
0
LINE
8
BLACK
6
CONTINUOUS
10
6.3850478740157479
20
-3.8275458267716536
11
6.3850478740157479
21
-3.8306655511811023
0
LINE
8
BLACK
6
CONTINUOUS
10
6.3850478740157479
20
-3.8306655511811023
11
6.3855346456692912
21
-3.8315417322834646
0
LINE
8
BLACK
6
CONTINUOUS
10
6.3855346456692912
20
-3.8315417322834646
11
6.3862078346456688
21
-3.8321475984251969
0
LINE
8
BLACK
6
CONTINUOUS
10
6.3862078346456688
20
-3.8321475984251969
11
6.3867332283464568
21
-3.832850905511811
0
LINE
8
BLACK
6
CONTINUOUS
10
6.3867332283464568
20
-3.832850905511811
11
6.3868237401574799
21
-3.8345706299212599
0
LINE
8
BLACK
6
CONTINUOUS
10
6.3868237401574799
20
-3.8345706299212599
11
6.3856717716535432
21
-3.835850590551181
0
LINE
8
BLACK
6
CONTINUOUS
10
6.3856717716535432
20
-3.835850590551181
11
6.3839520472440947
21
-3.8359411023622045
0
LINE
8
BLACK
6
CONTINUOUS
10
6.3839520472440947
20
-3.8359411023622045
11
6.3831974803149603
21
-3.8354924015748031
0
LINE
8
BLACK
6
CONTINUOUS
10
6.3831974803149603
20
-3.8354924015748031
11
6.3822450787401577
21
-3.8346352362204725
0
LINE
8
BLACK
6
CONTINUOUS
10
6.3822450787401577
20
-3.8346352362204725
11
6.3820232677165354
21
-3.8343383464566929
0
LINE
8
BLACK
6
CONTINUOUS
10
6.3820232677165354
20
-3.8343383464566929
11
6.3817833858267718
21
-3.8340555118110236
0
LINE
8
BLACK
6
CONTINUOUS
10
6.3817833858267718
20
-3.8340555118110236
11
6.3808310236220471
21
-3.8323412598425195
0
LINE
8
BLACK
6
CONTINUOUS
10
6.3808310236220471
20
-3.8323412598425195
11
6.3807743307086611
21
-3.8321648031496061
0
LINE
8
BLACK
6
CONTINUOUS
10
6.3807743307086611
20
-3.8321648031496061
11
6.3807191338582676
21
-3.8321096062992126
0
LINE
8
BLACK
6
CONTINUOUS
10
6.3807191338582676
20
-3.8321096062992126
11
6.3806581496062993
21
-3.8318030708661417
0
LINE
8
BLACK
6
CONTINUOUS
10
6.3806581496062993
20
-3.8318030708661417
11
6.380562559055118
21
-3.8315054330708662
0
LINE
8
BLACK
6
CONTINUOUS
10
6.380562559055118
20
-3.8315054330708662
11
6.3805840157480311
21
-3.8314303149606297
0
LINE
8
BLACK
6
CONTINUOUS
10
6.3805840157480311
20
-3.8314303149606297
11
6.3805478740157477
21
-3.8312485826771652
0
LINE
8
BLACK
6
CONTINUOUS
10
6.3805478740157477
20
-3.8312485826771652
11
6.3805478740157477
21
-3.826962834645669
0
LINE
8
BLACK
6
CONTINUOUS
10
6.3805478740157477
20
-3.826962834645669
11
6.3805840157480311
21
-3.8267810629921257
0
LINE
8
BLACK
6
CONTINUOUS
10
6.3805840157480311
20
-3.8267810629921257
11
6.380562559055118
21
-3.8267059842519684
0
LINE
8
BLACK
6
CONTINUOUS
10
6.380562559055118
20
-3.8267059842519684
11
6.3806581496062993
21
-3.8264083070866142
0
LINE
8
BLACK
6
CONTINUOUS
10
6.3806581496062993
20
-3.8264083070866142
11
6.3807191338582676
21
-3.826101811023622
0
LINE
8
BLACK
6
CONTINUOUS
10
6.3807191338582676
20
-3.826101811023622
11
6.3807743307086611
21
-3.8260465748031494
0
LINE
8
BLACK
6
CONTINUOUS
10
6.3807743307086611
20
-3.8260465748031494
11
6.3808310236220471
21
-3.8258701574803147
0
LINE
8
BLACK
6
CONTINUOUS
10
6.3808310236220471
20
-3.8258701574803147
11
6.3817833858267718
21
-3.8241559055118111
0
LINE
8
BLACK
6
CONTINUOUS
10
6.3817833858267718
20
-3.8241559055118111
11
6.3820232677165354
21
-3.8238730314960629
0
LINE
8
BLACK
6
CONTINUOUS
10
6.3820232677165354
20
-3.8238730314960629
11
6.3822450787401577
21
-3.8235761811023621
0
LINE
8
BLACK
6
CONTINUOUS
10
6.3822450787401577
20
-3.8235761811023621
11
6.3831974803149603
21
-3.8227190157480315
0
LINE
8
BLACK
6
CONTINUOUS
10
6.3831974803149603
20
-3.8227190157480315
11
6.3834961417322837
21
-3.8225413779527559
0
LINE
8
BLACK
6
CONTINUOUS
10
6.3834961417322837
20
-3.8225413779527559
11
6.383779330708661
21
-3.8223396062992125
0
LINE
8
BLACK
6
CONTINUOUS
10
6.383779330708661
20
-3.8223396062992125
11
6.3856840944881892
21
-3.821482440944882
0
LINE
8
BLACK
6
CONTINUOUS
10
6.3856840944881892
20
-3.821482440944882
11
6.3857300787401572
21
-3.8214718110236219
0
LINE
8
BLACK
6
CONTINUOUS
10
6.3857300787401572
20
-3.8214718110236219
11
6.3857463779527555
21
-3.8214555511811024
0
LINE
8
BLACK
6
CONTINUOUS
10
6.3857463779527555
20
-3.8214555511811024
11
6.3861440551181099
21
-3.8213764173228344
0
LINE
8
BLACK
6
CONTINUOUS
10
6.3861440551181099
20
-3.8213764173228344
11
6.3865395669291338
21
-3.8212853149606296
0
LINE
8
BLACK
6
CONTINUOUS
10
6.3865395669291338
20
-3.8212853149606296
11
6.3865611023622044
21
-3.8212934645669292
0
LINE
8
BLACK
6
CONTINUOUS
10
6.3865611023622044
20
-3.8212934645669292
11
6.3866074015748033
21
-3.8212842913385825
0
LINE
8
BLACK
6
CONTINUOUS
10
6.3866074015748033
20
-3.8212842913385825
11
6.3885121653543306
21
-3.8212842913385825
0
LINE
8
BLACK
6
CONTINUOUS
10
6.3885121653543306
20
-3.8212842913385825
11
6.3888328740157476
21
-3.8213480708661418
0
LINE
8
BLACK
6
CONTINUOUS
10
6.5493607480314955
20
-3.7769472047244093
11
6.5501753937007869
21
-3.7777618503937007
0
LINE
8
BLACK
6
CONTINUOUS
10
6.5501753937007869
20
-3.7777618503937007
11
6.5506162992125985
21
-3.7788262598425195
0
LINE
8
BLACK
6
CONTINUOUS
10
6.5506162992125985
20
-3.7788262598425195
11
6.5506730314960633
21
-3.7794023228346454
0
LINE
8
BLACK
6
CONTINUOUS
10
6.5506730314960633
20
-3.7794023228346454
11
6.5506730314960633
21
-3.8105762598425197
0
LINE
8
BLACK
6
CONTINUOUS
10
6.5506730314960633
20
-3.8105762598425197
11
6.5520217716535427
21
-3.8132737401574803
0
LINE
8
BLACK
6
CONTINUOUS
10
6.5520217716535427
20
-3.8132737401574803
11
6.5532188976377954
21
-3.8144709055118109
0
LINE
8
BLACK
6
CONTINUOUS
10
6.5532188976377954
20
-3.8144709055118109
11
6.5559163779527561
21
-3.8158196456692912
0
LINE
8
BLACK
6
CONTINUOUS
10
6.5559163779527561
20
-3.8158196456692912
11
6.5620213385826771
21
-3.8158196456692912
0
LINE
8
BLACK
6
CONTINUOUS
10
6.5620213385826771
20
-3.8158196456692912
11
6.564718779527559
21
-3.8144709055118109
0
LINE
8
BLACK
6
CONTINUOUS
10
6.564718779527559
20
-3.8144709055118109
11
6.5659159055118108
21
-3.8132737401574803
0
LINE
8
BLACK
6
CONTINUOUS
10
6.5659159055118108
20
-3.8132737401574803
11
6.5672646850393699
21
-3.8105762598425197
0
LINE
8
BLACK
6
CONTINUOUS
10
6.5672646850393699
20
-3.8105762598425197
11
6.5672646850393699
21
-3.7794023228346454
0
LINE
8
BLACK
6
CONTINUOUS
10
6.5672646850393699
20
-3.7794023228346454
11
6.5673214173228347
21
-3.7788262598425195
0
LINE
8
BLACK
6
CONTINUOUS
10
6.5673214173228347
20
-3.7788262598425195
11
6.5677623228346453
21
-3.7777618503937007
0
LINE
8
BLACK
6
CONTINUOUS
10
6.5677623228346453
20
-3.7777618503937007
11
6.5685769685039368
21
-3.7769472047244093
0
LINE
8
BLACK
6
CONTINUOUS
10
6.5685769685039368
20
-3.7769472047244093
11
6.569641377952756
21
-3.7765062992125982
0
LINE
8
BLACK
6
CONTINUOUS
10
6.569641377952756
20
-3.7765062992125982
11
6.5707935039370078
21
-3.7765062992125982
0
LINE
8
BLACK
6
CONTINUOUS
10
6.5707935039370078
20
-3.7765062992125982
11
6.571857913385827
21
-3.7769472047244093
0
LINE
8
BLACK
6
CONTINUOUS
10
6.571857913385827
20
-3.7769472047244093
11
6.5726725590551176
21
-3.7777618503937007
0
LINE
8
BLACK
6
CONTINUOUS
10
6.5726725590551176
20
-3.7777618503937007
11
6.5731134645669291
21
-3.7788262598425195
0
LINE
8
BLACK
6
CONTINUOUS
10
6.5731134645669291
20
-3.7788262598425195
11
6.5731701968503939
21
-3.7794023228346454
0
LINE
8
BLACK
6
CONTINUOUS
10
6.5731701968503939
20
-3.7794023228346454
11
6.5731701968503939
21
-3.8112733070866143
0
LINE
8
BLACK
6
CONTINUOUS
10
6.5731701968503939
20
-3.8112733070866143
11
6.5731134645669291
21
-3.8118493700787401
0
LINE
8
BLACK
6
CONTINUOUS
10
6.5731134645669291
20
-3.8118493700787401
11
6.5730728740157476
21
-3.8119473228346457
0
LINE
8
BLACK
6
CONTINUOUS
10
6.5730728740157476
20
-3.8119473228346457
11
6.5730653543307085
21
-3.8120532283464565
0
LINE
8
BLACK
6
CONTINUOUS
10
6.5730653543307085
20
-3.8120532283464565
11
6.572858464566929
21
-3.8125938188976378
0
LINE
8
BLACK
6
CONTINUOUS
10
6.572858464566929
20
-3.8125938188976378
11
6.5709837007874015
21
-3.8163433464566929
0
LINE
8
BLACK
6
CONTINUOUS
10
6.5709837007874015
20
-3.8163433464566929
11
6.5708276377952757
21
-3.816591220472441
0
LINE
8
BLACK
6
CONTINUOUS
10
6.5708276377952757
20
-3.816591220472441
11
6.5707978346456688
21
-3.8166632677165353
0
LINE
8
BLACK
6
CONTINUOUS
10
6.5707978346456688
20
-3.8166632677165353
11
6.5707312992125981
21
-3.8167442913385825
0
LINE
8
BLACK
6
CONTINUOUS
10
6.5707312992125981
20
-3.8167442913385825
11
6.5706753543307084
21
-3.8168332283464568
0
LINE
8
BLACK
6
CONTINUOUS
10
6.5706753543307084
20
-3.8168332283464568
11
6.5706163385826768
21
-3.81688437007874
0
LINE
8
BLACK
6
CONTINUOUS
10
6.5706163385826768
20
-3.81688437007874
11
6.5704305905511813
21
-3.8171107480314959
0
LINE
8
BLACK
6
CONTINUOUS
10
6.5704305905511813
20
-3.8171107480314959
11
6.5685558661417325
21
-3.8189855118110234
0
LINE
8
BLACK
6
CONTINUOUS
10
6.5685558661417325
20
-3.8189855118110234
11
6.5683294881889767
21
-3.8191712598425198
0
LINE
8
BLACK
6
CONTINUOUS
10
6.5683294881889767
20
-3.8191712598425198
11
6.5682783070866142
21
-3.8192303149606297
0
LINE
8
BLACK
6
CONTINUOUS
10
6.5682783070866142
20
-3.8192303149606297
11
6.5681893307086616
21
-3.8192862992125982
0
LINE
8
BLACK
6
CONTINUOUS
10
6.5681893307086616
20
-3.8192862992125982
11
6.5681083858267719
21
-3.8193527559055118
0
LINE
8
BLACK
6
CONTINUOUS
10
6.5681083858267719
20
-3.8193527559055118
11
6.5680364173228343
21
-3.8193825590551178
0
LINE
8
BLACK
6
CONTINUOUS
10
6.5680364173228343
20
-3.8193825590551178
11
6.5677884251968504
21
-3.8195386614173228
0
LINE
8
BLACK
6
CONTINUOUS
10
6.5677884251968504
20
-3.8195386614173228
11
6.5640388976377952
21
-3.8214134251968503
0
LINE
8
BLACK
6
CONTINUOUS
10
6.5640388976377952
20
-3.8214134251968503
11
6.5634982677165352
21
-3.8216203149606298
0
LINE
8
BLACK
6
CONTINUOUS
10
6.5634982677165352
20
-3.8216203149606298
11
6.5633924409448818
21
-3.8216277952755906
0
LINE
8
BLACK
6
CONTINUOUS
10
6.5633924409448818
20
-3.8216277952755906
11
6.5632944488188976
21
-3.8216684251968505
0
LINE
8
BLACK
6
CONTINUOUS
10
6.5632944488188976
20
-3.8216684251968505
11
6.5627183858267717
21
-3.8217251574803148
0
LINE
8
BLACK
6
CONTINUOUS
10
6.5627183858267717
20
-3.8217251574803148
11
6.5552193307086615
21
-3.8217251574803148
0
LINE
8
BLACK
6
CONTINUOUS
10
6.5552193307086615
20
-3.8217251574803148
11
6.5546432677165356
21
-3.8216684251968505
0
LINE
8
BLACK
6
CONTINUOUS
10
6.5546432677165356
20
-3.8216684251968505
11
6.5545452755905513
21
-3.8216278346456694
0
LINE
8
BLACK
6
CONTINUOUS
10
6.5545452755905513
20
-3.8216278346456694
11
6.5544394094488183
21
-3.8216203149606298
0
LINE
8
BLACK
6
CONTINUOUS
10
6.5544394094488183
20
-3.8216203149606298
11
6.5538988188976379
21
-3.8214134251968503
0
LINE
8
BLACK
6
CONTINUOUS
10
6.5538988188976379
20
-3.8214134251968503
11
6.5501492913385828
21
-3.8195386614173228
0
LINE
8
BLACK
6
CONTINUOUS
10
6.5501492913385828
20
-3.8195386614173228
11
6.5499012598425193
21
-3.8193825590551178
0
LINE
8
BLACK
6
CONTINUOUS
10
6.5499012598425193
20
-3.8193825590551178
11
6.5498293307086612
21
-3.8193527559055118
0
LINE
8
BLACK
6
CONTINUOUS
10
6.5498293307086612
20
-3.8193527559055118
11
6.5497483464566928
21
-3.8192862992125982
0
LINE
8
BLACK
6
CONTINUOUS
10
6.5497483464566928
20
-3.8192862992125982
11
6.549659409448819
21
-3.8192303149606297
0
LINE
8
BLACK
6
CONTINUOUS
10
6.549659409448819
20
-3.8192303149606297
11
6.5496081889763778
21
-3.8191712598425198
0
LINE
8
BLACK
6
CONTINUOUS
10
6.5496081889763778
20
-3.8191712598425198
11
6.5493818503937007
21
-3.8189855118110234
0
LINE
8
BLACK
6
CONTINUOUS
10
6.5493818503937007
20
-3.8189855118110234
11
6.5475070866141731
21
-3.8171107086614171
0
LINE
8
BLACK
6
CONTINUOUS
10
6.5475070866141731
20
-3.8171107086614171
11
6.5473213385826767
21
-3.81688437007874
0
LINE
8
BLACK
6
CONTINUOUS
10
6.5473213385826767
20
-3.81688437007874
11
6.5472623622047239
21
-3.8168332283464568
0
LINE
8
BLACK
6
CONTINUOUS
10
6.5472623622047239
20
-3.8168332283464568
11
6.5472063779527554
21
-3.8167442913385825
0
LINE
8
BLACK
6
CONTINUOUS
10
6.5472063779527554
20
-3.8167442913385825
11
6.5471398818897635
21
-3.8166632677165353
0
LINE
8
BLACK
6
CONTINUOUS
10
6.5471398818897635
20
-3.8166632677165353
11
6.5471100393700787
21
-3.816591220472441
0
LINE
8
BLACK
6
CONTINUOUS
10
6.5471100393700787
20
-3.816591220472441
11
6.5469540157480317
21
-3.8163433464566929
0
LINE
8
BLACK
6
CONTINUOUS
10
6.5469540157480317
20
-3.8163433464566929
11
6.5450792519685042
21
-3.8125938188976378
0
LINE
8
BLACK
6
CONTINUOUS
10
6.5450792519685042
20
-3.8125938188976378
11
6.5448723622047247
21
-3.8120531889763778
0
LINE
8
BLACK
6
CONTINUOUS
10
6.5448723622047247
20
-3.8120531889763778
11
6.5448648425196847
21
-3.8119473622047244
0
LINE
8
BLACK
6
CONTINUOUS
10
6.5448648425196847
20
-3.8119473622047244
11
6.544824251968504
21
-3.8118493700787401
0
LINE
8
BLACK
6
CONTINUOUS
10
6.544824251968504
20
-3.8118493700787401
11
6.5447675196850392
21
-3.8112733070866143
0
LINE
8
BLACK
6
CONTINUOUS
10
6.5447675196850392
20
-3.8112733070866143
11
6.5447675196850392
21
-3.7794023228346454
0
LINE
8
BLACK
6
CONTINUOUS
10
6.5447675196850392
20
-3.7794023228346454
11
6.544824251968504
21
-3.7788262598425195
0
LINE
8
BLACK
6
CONTINUOUS
10
6.544824251968504
20
-3.7788262598425195
11
6.5452651574803147
21
-3.7777618503937007
0
LINE
8
BLACK
6
CONTINUOUS
10
6.5452651574803147
20
-3.7777618503937007
11
6.5460798031496061
21
-3.7769472047244093
0
LINE
8
BLACK
6
CONTINUOUS
10
6.5460798031496061
20
-3.7769472047244093
11
6.5471442125984254
21
-3.7765062992125982
0
LINE
8
BLACK
6
CONTINUOUS
10
6.5471442125984254
20
-3.7765062992125982
11
6.5482963385826771
21
-3.7765062992125982
0
LINE
8
BLACK
6
CONTINUOUS
10
6.5482963385826771
20
-3.7765062992125982
11
6.5493607480314955
21
-3.7769472047244093
0
LINE
8
BLACK
6
CONTINUOUS
10
6.6064140551181101
20
-3.7765062992125982
11
6.6074784645669293
21
-3.7769472047244093
0
LINE
8
BLACK
6
CONTINUOUS
10
6.6074784645669293
20
-3.7769472047244093
11
6.6082931102362199
21
-3.7777618503937007
0
LINE
8
BLACK
6
CONTINUOUS
10
6.6082931102362199
20
-3.7777618503937007
11
6.6087340157480314
21
-3.7788262598425195
0
LINE
8
BLACK
6
CONTINUOUS
10
6.6087340157480314
20
-3.7788262598425195
11
6.6087340157480314
21
-3.7799783858267717
0
LINE
8
BLACK
6
CONTINUOUS
10
6.6087340157480314
20
-3.7799783858267717
11
6.6082931102362199
21
-3.7810427952755905
0
LINE
8
BLACK
6
CONTINUOUS
10
6.6082931102362199
20
-3.7810427952755905
11
6.6074784645669293
21
-3.781857440944882
0
LINE
8
BLACK
6
CONTINUOUS
10
6.6074784645669293
20
-3.781857440944882
11
6.6064140551181101
21
-3.7822983464566926
0
LINE
8
BLACK
6
CONTINUOUS
10
6.6064140551181101
20
-3.7822983464566926
11
6.6058379921259842
21
-3.7823550787401574
0
LINE
8
BLACK
6
CONTINUOUS
10
6.6058379921259842
20
-3.7823550787401574
11
6.5990359842519686
21
-3.7823550787401574
0
LINE
8
BLACK
6
CONTINUOUS
10
6.5990359842519686
20
-3.7823550787401574
11
6.5963385039370079
21
-3.7837038188976377
0
LINE
8
BLACK
6
CONTINUOUS
10
6.5963385039370079
20
-3.7837038188976377
11
6.5950092913385827
21
-3.7850329921259842
0
LINE
8
BLACK
6
CONTINUOUS
10
6.5950092913385827
20
-3.7850329921259842
11
6.5917056692913381
21
-3.7899884645669291
0
LINE
8
BLACK
6
CONTINUOUS
10
6.5917056692913381
20
-3.7899884645669291
11
6.5909763779527557
21
-3.7929056692913385
0
LINE
8
BLACK
6
CONTINUOUS
10
6.5909763779527557
20
-3.7929056692913385
11
6.5932688976377953
21
-3.7917594094488187
0
LINE
8
BLACK
6
CONTINUOUS
10
6.5932688976377953
20
-3.7917594094488187
11
6.5938094881889766
21
-3.7915525196850393
0
LINE
8
BLACK
6
CONTINUOUS
10
6.5938094881889766
20
-3.7915525196850393
11
6.5939153543307087
21
-3.791544960629921
0
LINE
8
BLACK
6
CONTINUOUS
10
6.5939153543307087
20
-3.791544960629921
11
6.594013346456693
21
-3.7915044094488186
0
LINE
8
BLACK
6
CONTINUOUS
10
6.594013346456693
20
-3.7915044094488186
11
6.5945894094488189
21
-3.7914476771653542
0
LINE
8
BLACK
6
CONTINUOUS
10
6.5945894094488189
20
-3.7914476771653542
11
6.6020884645669291
21
-3.7914476771653542
0
LINE
8
BLACK
6
CONTINUOUS
10
6.6020884645669291
20
-3.7914476771653542
11
6.602664527559055
21
-3.7915044094488186
0
LINE
8
BLACK
6
CONTINUOUS
10
6.602664527559055
20
-3.7915044094488186
11
6.6027625196850392
21
-3.7915449999999997
0
LINE
8
BLACK
6
CONTINUOUS
10
6.6027625196850392
20
-3.7915449999999997
11
6.6028683464566926
21
-3.7915525196850393
0
LINE
8
BLACK
6
CONTINUOUS
10
6.6028683464566926
20
-3.7915525196850393
11
6.6034089763779527
21
-3.7917594094488187
0
LINE
8
BLACK
6
CONTINUOUS
10
6.6034089763779527
20
-3.7917594094488187
11
6.6071585039370078
21
-3.7936341732283463
0
LINE
8
BLACK
6
CONTINUOUS
10
6.6071585039370078
20
-3.7936341732283463
11
6.6074064960629917
21
-3.7937902362204725
0
LINE
8
BLACK
6
CONTINUOUS
10
6.6074064960629917
20
-3.7937902362204725
11
6.6074784645669293
21
-3.7938200787401573
0
LINE
8
BLACK
6
CONTINUOUS
10
6.6074784645669293
20
-3.7938200787401573
11
6.607559409448819
21
-3.7938865354330709
0
LINE
8
BLACK
6
CONTINUOUS
10
6.607559409448819
20
-3.7938865354330709
11
6.6076483858267716
21
-3.7939425196850394
0
LINE
8
BLACK
6
CONTINUOUS
10
6.6076483858267716
20
-3.7939425196850394
11
6.6076995275590553
21
-3.7940014960629922
0
LINE
8
BLACK
6
CONTINUOUS
10
6.6076995275590553
20
-3.7940014960629922
11
6.6079259055118111
21
-3.7941872834645669
0
LINE
8
BLACK
6
CONTINUOUS
10
6.6079259055118111
20
-3.7941872834645669
11
6.6098006692913387
21
-3.7960620472440945
0
LINE
8
BLACK
6
CONTINUOUS
10
6.6098006692913387
20
-3.7960620472440945
11
6.6099864173228342
21
-3.7962883858267715
0
LINE
8
BLACK
6
CONTINUOUS
10
6.6099864173228342
20
-3.7962883858267715
11
6.6100454330708658
21
-3.796339566929134
0
LINE
8
BLACK
6
CONTINUOUS
10
6.6100454330708658
20
-3.796339566929134
11
6.6101013779527555
21
-3.7964285039370078
0
LINE
8
BLACK
6
CONTINUOUS
10
6.6101013779527555
20
-3.7964285039370078
11
6.6101678740157475
21
-3.7965094881889763
0
LINE
8
BLACK
6
CONTINUOUS
10
6.6101678740157475
20
-3.7965094881889763
11
6.6101976771653543
21
-3.7965814173228347
0
LINE
8
BLACK
6
CONTINUOUS
10
6.6101976771653543
20
-3.7965814173228347
11
6.6103537795275589
21
-3.7968294488188974
0
LINE
8
BLACK
6
CONTINUOUS
10
6.6103537795275589
20
-3.7968294488188974
11
6.6122285433070864
21
-3.8005789763779525
0
LINE
8
BLACK
6
CONTINUOUS
10
6.6122285433070864
20
-3.8005789763779525
11
6.6124354330708659
21
-3.8011195669291338
0
LINE
8
BLACK
6
CONTINUOUS
10
6.6124354330708659
20
-3.8011195669291338
11
6.612442952755905
21
-3.8012254330708659
0
LINE
8
BLACK
6
CONTINUOUS
10
6.612442952755905
20
-3.8012254330708659
11
6.6124835433070865
21
-3.8013234251968502
0
LINE
8
BLACK
6
CONTINUOUS
10
6.6124835433070865
20
-3.8013234251968502
11
6.6125402755905514
21
-3.8018994881889765
0
LINE
8
BLACK
6
CONTINUOUS
10
6.6125402755905514
20
-3.8018994881889765
11
6.6125402755905514
21
-3.8112733070866143
0
LINE
8
BLACK
6
CONTINUOUS
10
6.6125402755905514
20
-3.8112733070866143
11
6.6124835433070865
21
-3.8118493700787401
0
LINE
8
BLACK
6
CONTINUOUS
10
6.6124835433070865
20
-3.8118493700787401
11
6.612442952755905
21
-3.8119473228346457
0
LINE
8
BLACK
6
CONTINUOUS
10
6.612442952755905
20
-3.8119473228346457
11
6.6124354330708659
21
-3.8120532283464565
0
LINE
8
BLACK
6
CONTINUOUS
10
6.6124354330708659
20
-3.8120532283464565
11
6.6122285433070864
21
-3.8125938188976378
0
LINE
8
BLACK
6
CONTINUOUS
10
6.6122285433070864
20
-3.8125938188976378
11
6.6103537795275589
21
-3.8163433464566929
0
LINE
8
BLACK
6
CONTINUOUS
10
6.6103537795275589
20
-3.8163433464566929
11
6.6101977165354331
21
-3.816591220472441
0
LINE
8
BLACK
6
CONTINUOUS
10
6.6101977165354331
20
-3.816591220472441
11
6.6101679133858262
21
-3.8166632677165353
0
LINE
8
BLACK
6
CONTINUOUS
10
6.6101679133858262
20
-3.8166632677165353
11
6.6101013779527555
21
-3.8167442913385825
0
LINE
8
BLACK
6
CONTINUOUS
10
6.6101013779527555
20
-3.8167442913385825
11
6.6100454330708658
21
-3.8168332283464568
0
LINE
8
BLACK
6
CONTINUOUS
10
6.6100454330708658
20
-3.8168332283464568
11
6.6099864173228342
21
-3.81688437007874
0
LINE
8
BLACK
6
CONTINUOUS
10
6.6099864173228342
20
-3.81688437007874
11
6.6098006692913387
21
-3.8171107480314959
0
LINE
8
BLACK
6
CONTINUOUS
10
6.6098006692913387
20
-3.8171107480314959
11
6.6079259448818899
21
-3.8189855118110234
0
LINE
8
BLACK
6
CONTINUOUS
10
6.6079259448818899
20
-3.8189855118110234
11
6.6076995669291341
21
-3.8191712598425198
0
LINE
8
BLACK
6
CONTINUOUS
10
6.6076995669291341
20
-3.8191712598425198
11
6.6076483858267716
21
-3.8192303149606297
0
LINE
8
BLACK
6
CONTINUOUS
10
6.6076483858267716
20
-3.8192303149606297
11
6.607559409448819
21
-3.8192862992125982
0
LINE
8
BLACK
6
CONTINUOUS
10
6.607559409448819
20
-3.8192862992125982
11
6.6074784645669293
21
-3.8193527559055118
0
LINE
8
BLACK
6
CONTINUOUS
10
6.6074784645669293
20
-3.8193527559055118
11
6.6074064960629917
21
-3.8193825590551178
0
LINE
8
BLACK
6
CONTINUOUS
10
6.6074064960629917
20
-3.8193825590551178
11
6.6071585039370078
21
-3.8195386614173228
0
LINE
8
BLACK
6
CONTINUOUS
10
6.6071585039370078
20
-3.8195386614173228
11
6.6034089763779527
21
-3.8214134251968503
0
LINE
8
BLACK
6
CONTINUOUS
10
6.6034089763779527
20
-3.8214134251968503
11
6.6028683464566926
21
-3.8216203149606298
0
LINE
8
BLACK
6
CONTINUOUS
10
6.6028683464566926
20
-3.8216203149606298
11
6.6027625196850392
21
-3.8216277952755906
0
LINE
8
BLACK
6
CONTINUOUS
10
6.6027625196850392
20
-3.8216277952755906
11
6.602664527559055
21
-3.8216684251968505
0
LINE
8
BLACK
6
CONTINUOUS
10
6.602664527559055
20
-3.8216684251968505
11
6.6020884645669291
21
-3.8217251574803148
0
LINE
8
BLACK
6
CONTINUOUS
10
6.6020884645669291
20
-3.8217251574803148
11
6.5945894094488189
21
-3.8217251574803148
0
LINE
8
BLACK
6
CONTINUOUS
10
6.5945894094488189
20
-3.8217251574803148
11
6.594013346456693
21
-3.8216684251968505
0
LINE
8
BLACK
6
CONTINUOUS
10
6.594013346456693
20
-3.8216684251968505
11
6.5939153543307087
21
-3.8216278346456694
0
LINE
8
BLACK
6
CONTINUOUS
10
6.5939153543307087
20
-3.8216278346456694
11
6.5938094881889766
21
-3.8216203149606298
0
LINE
8
BLACK
6
CONTINUOUS
10
6.5938094881889766
20
-3.8216203149606298
11
6.5932688976377953
21
-3.8214134251968503
0
LINE
8
BLACK
6
CONTINUOUS
10
6.5932688976377953
20
-3.8214134251968503
11
6.5895193700787402
21
-3.8195386614173228
0
LINE
8
BLACK
6
CONTINUOUS
10
6.5895193700787402
20
-3.8195386614173228
11
6.5892713385826767
21
-3.8193825590551178
0
LINE
8
BLACK
6
CONTINUOUS
10
6.5892713385826767
20
-3.8193825590551178
11
6.5891994094488187
21
-3.8193527559055118
0
LINE
8
BLACK
6
CONTINUOUS
10
6.5891994094488187
20
-3.8193527559055118
11
6.5891184251968502
21
-3.8192862992125982
0
LINE
8
BLACK
6
CONTINUOUS
10
6.5891184251968502
20
-3.8192862992125982
11
6.5890294881889764
21
-3.8192303149606297
0
LINE
8
BLACK
6
CONTINUOUS
10
6.5890294881889764
20
-3.8192303149606297
11
6.5889782677165352
21
-3.8191712598425198
0
LINE
8
BLACK
6
CONTINUOUS
10
6.5889782677165352
20
-3.8191712598425198
11
6.5887519291338581
21
-3.8189855118110234
0
LINE
8
BLACK
6
CONTINUOUS
10
6.5887519291338581
20
-3.8189855118110234
11
6.5868771653543305
21
-3.8171107086614171
0
LINE
8
BLACK
6
CONTINUOUS
10
6.5868771653543305
20
-3.8171107086614171
11
6.5866914173228341
21
-3.81688437007874
0
LINE
8
BLACK
6
CONTINUOUS
10
6.5866914173228341
20
-3.81688437007874
11
6.5866324409448813
21
-3.8168332283464568
0
LINE
8
BLACK
6
CONTINUOUS
10
6.5866324409448813
20
-3.8168332283464568
11
6.5865764566929128
21
-3.8167442913385825
0
LINE
8
BLACK
6
CONTINUOUS
10
6.5865764566929128
20
-3.8167442913385825
11
6.5865099606299209
21
-3.8166632677165353
0
LINE
8
BLACK
6
CONTINUOUS
10
6.5865099606299209
20
-3.8166632677165353
11
6.5864801181102361
21
-3.816591220472441
0
LINE
8
BLACK
6
CONTINUOUS
10
6.5864801181102361
20
-3.816591220472441
11
6.5863240944881891
21
-3.8163433464566929
0
LINE
8
BLACK
6
CONTINUOUS
10
6.5863240944881891
20
-3.8163433464566929
11
6.5844493307086616
21
-3.8125938188976378
0
LINE
8
BLACK
6
CONTINUOUS
10
6.5844493307086616
20
-3.8125938188976378
11
6.5842424409448821
21
-3.8120531889763778
0
LINE
8
BLACK
6
CONTINUOUS
10
6.5842424409448821
20
-3.8120531889763778
11
6.5842349212598421
21
-3.8119473622047244
0
LINE
8
BLACK
6
CONTINUOUS
10
6.5842349212598421
20
-3.8119473622047244
11
6.5841943307086614
21
-3.8118493700787401
0
LINE
8
BLACK
6
CONTINUOUS
10
6.5841943307086614
20
-3.8118493700787401
11
6.5841375984251966
21
-3.8112733070866143
0
LINE
8
BLACK
6
CONTINUOUS
10
6.5841375984251966
20
-3.8112733070866143
11
6.5841375984251966
21
-3.7962751968503938
0
LINE
8
BLACK
6
CONTINUOUS
10
6.5841375984251966
20
-3.7962751968503938
11
6.5841474803149609
21
-3.7961746456692911
0
LINE
8
BLACK
6
CONTINUOUS
10
6.5841474803149609
20
-3.7961746456692911
11
6.5841411023622047
21
-3.7961316535433069
0
LINE
8
BLACK
6
CONTINUOUS
10
6.5841411023622047
20
-3.7961316535433069
11
6.584172952755905
21
-3.7959161417322833
0
LINE
8
BLACK
6
CONTINUOUS
10
6.584172952755905
20
-3.7959161417322833
11
6.5841943307086614
21
-3.7956991338582675
0
LINE
8
BLACK
6
CONTINUOUS
10
6.5841943307086614
20
-3.7956991338582675
11
6.5842109448818897
21
-3.7956588976377952
0
LINE
8
BLACK
6
CONTINUOUS
10
6.5842109448818897
20
-3.7956588976377952
11
6.5842257480314963
21
-3.79555905511811
0
LINE
8
BLACK
6
CONTINUOUS
10
6.5842257480314963
20
-3.79555905511811
11
6.5861005118110238
21
-3.7880599999999998
0
LINE
8
BLACK
6
CONTINUOUS
10
6.5861005118110238
20
-3.7880599999999998
11
6.5862217716535429
21
-3.7877205118110235
0
LINE
8
BLACK
6
CONTINUOUS
10
6.5862217716535429
20
-3.7877205118110235
11
6.5862359448818895
21
-3.7876490157480314
0
LINE
8
BLACK
6
CONTINUOUS
10
6.5862359448818895
20
-3.7876490157480314
11
6.5862705118110236
21
-3.7875841338582674
0
LINE
8
BLACK
6
CONTINUOUS
10
6.5862705118110236
20
-3.7875841338582674
11
6.5862952755905511
21
-3.7875148818897637
0
LINE
8
BLACK
6
CONTINUOUS
10
6.5862952755905511
20
-3.7875148818897637
11
6.586338700787401
21
-3.7874562598425197
0
LINE
8
BLACK
6
CONTINUOUS
10
6.586338700787401
20
-3.7874562598425197
11
6.5865082677165354
21
-3.7871382283464565
0
LINE
8
BLACK
6
CONTINUOUS
10
6.5865082677165354
20
-3.7871382283464565
11
6.5902577952755905
21
-3.7815139370078739
0
LINE
8
BLACK
6
CONTINUOUS
10
6.5902577952755905
20
-3.7815139370078739
11
6.5902591338582672
21
-3.7815122440944879
0
LINE
8
BLACK
6
CONTINUOUS
10
6.5902591338582672
20
-3.7815122440944879
11
6.5902595275590548
21
-3.7815113779527558
0
LINE
8
BLACK
6
CONTINUOUS
10
6.5902595275590548
20
-3.7815113779527558
11
6.5904362204724407
21
-3.781296062992126
0
LINE
8
BLACK
6
CONTINUOUS
10
6.5904362204724407
20
-3.781296062992126
11
6.5906245669291339
21
-3.7810661023622045
0
LINE
8
BLACK
6
CONTINUOUS
10
6.5906245669291339
20
-3.7810661023622045
11
6.5906253937007868
21
-3.7810655118110237
0
LINE
8
BLACK
6
CONTINUOUS
10
6.5906253937007868
20
-3.7810655118110237
11
6.5906267322834644
21
-3.781063937007874
0
LINE
8
BLACK
6
CONTINUOUS
10
6.5906267322834644
20
-3.781063937007874
11
6.592501496062992
21
-3.7791891732283465
0
LINE
8
BLACK
6
CONTINUOUS
10
6.592501496062992
20
-3.7791891732283465
11
6.592727834645669
21
-3.7790033858267718
0
LINE
8
BLACK
6
CONTINUOUS
10
6.592727834645669
20
-3.7790033858267718
11
6.5927790157480315
21
-3.7789444094488189
0
LINE
8
BLACK
6
CONTINUOUS
10
6.5927790157480315
20
-3.7789444094488189
11
6.5928679527559053
21
-3.7788884251968504
0
LINE
8
BLACK
6
CONTINUOUS
10
6.5928679527559053
20
-3.7788884251968504
11
6.5929489370078738
21
-3.7788219685039368
0
LINE
8
BLACK
6
CONTINUOUS
10
6.5929489370078738
20
-3.7788219685039368
11
6.5930208661417318
21
-3.7787921259842521
0
LINE
8
BLACK
6
CONTINUOUS
10
6.5930208661417318
20
-3.7787921259842521
11
6.5932688976377953
21
-3.7786360629921258
0
LINE
8
BLACK
6
CONTINUOUS
10
6.5932688976377953
20
-3.7786360629921258
11
6.5970184251968504
21
-3.7767612992125983
0
LINE
8
BLACK
6
CONTINUOUS
10
6.5970184251968504
20
-3.7767612992125983
11
6.5975590157480317
21
-3.7765544094488188
0
LINE
8
BLACK
6
CONTINUOUS
10
6.5975590157480317
20
-3.7765544094488188
11
6.5976648818897639
21
-3.7765468503937005
0
LINE
8
BLACK
6
CONTINUOUS
10
6.5976648818897639
20
-3.7765468503937005
11
6.5977628740157481
21
-3.7765062992125982
0
LINE
8
BLACK
6
CONTINUOUS
10
6.5977628740157481
20
-3.7765062992125982
11
6.598338937007874
21
-3.7764495669291338
0
LINE
8
BLACK
6
CONTINUOUS
10
6.598338937007874
20
-3.7764495669291338
11
6.6058379921259842
21
-3.7764495669291338
0
LINE
8
BLACK
6
CONTINUOUS
10
6.6058379921259842
20
-3.7764495669291338
11
6.6064140551181101
21
-3.7765062992125982
0
LINE
8
BLACK
6
CONTINUOUS
10
6.5925889763779528
20
-3.7987019291338582
11
6.591391850393701
21
-3.79989905511811
0
LINE
8
BLACK
6
CONTINUOUS
10
6.591391850393701
20
-3.79989905511811
11
6.5900431102362207
21
-3.8025965354330706
0
LINE
8
BLACK
6
CONTINUOUS
10
6.5900431102362207
20
-3.8025965354330706
11
6.5900431102362207
21
-3.8105762598425197
0
LINE
8
BLACK
6
CONTINUOUS
10
6.5900431102362207
20
-3.8105762598425197
11
6.591391850393701
21
-3.8132737401574803
0
LINE
8
BLACK
6
CONTINUOUS
10
6.591391850393701
20
-3.8132737401574803
11
6.5925889763779528
21
-3.8144709055118109
0
LINE
8
BLACK
6
CONTINUOUS
10
6.5925889763779528
20
-3.8144709055118109
11
6.5952864566929135
21
-3.8158196456692912
0
LINE
8
BLACK
6
CONTINUOUS
10
6.5952864566929135
20
-3.8158196456692912
11
6.6013914173228345
21
-3.8158196456692912
0
LINE
8
BLACK
6
CONTINUOUS
10
6.6013914173228345
20
-3.8158196456692912
11
6.6040888582677164
21
-3.8144709055118109
0
LINE
8
BLACK
6
CONTINUOUS
10
6.6040888582677164
20
-3.8144709055118109
11
6.6052859842519682
21
-3.8132737401574803
0
LINE
8
BLACK
6
CONTINUOUS
10
6.6052859842519682
20
-3.8132737401574803
11
6.6066347637795273
21
-3.8105762598425197
0
LINE
8
BLACK
6
CONTINUOUS
10
6.6066347637795273
20
-3.8105762598425197
11
6.6066347637795273
21
-3.8025965354330706
0
LINE
8
BLACK
6
CONTINUOUS
10
6.6066347637795273
20
-3.8025965354330706
11
6.605286023622047
21
-3.79989905511811
0
LINE
8
BLACK
6
CONTINUOUS
10
6.605286023622047
20
-3.79989905511811
11
6.6040888976377952
21
-3.7987019291338582
0
LINE
8
BLACK
6
CONTINUOUS
10
6.6040888976377952
20
-3.7987019291338582
11
6.6013914173228345
21
-3.7973531889763779
0
LINE
8
BLACK
6
CONTINUOUS
10
6.6013914173228345
20
-3.7973531889763779
11
6.5952864566929135
21
-3.7973531889763779
0
LINE
8
BLACK
6
CONTINUOUS
10
6.5952864566929135
20
-3.7973531889763779
11
6.5925889763779528
21
-3.7987019291338582
0
LINE
8
BLACK
6
CONTINUOUS
10
6.0147038976377951
20
-3.8056635433070864
11
6.0147254724409445
21
-3.8056553937007873
0
LINE
8
BLACK
6
CONTINUOUS
10
6.0147254724409445
20
-3.8056553937007873
11
6.0151203937007871
21
-3.8057463779527558
0
LINE
8
BLACK
6
CONTINUOUS
10
6.0151203937007871
20
-3.8057463779527558
11
6.0155186614173228
21
-3.8058256299212596
0
LINE
8
BLACK
6
CONTINUOUS
10
6.0155186614173228
20
-3.8058256299212596
11
6.0155349999999999
21
-3.8058419685039371
0
LINE
8
BLACK
6
CONTINUOUS
10
6.0155349999999999
20
-3.8058419685039371
11
6.01558094488189
21
-3.805852559055118
0
LINE
8
BLACK
6
CONTINUOUS
10
6.01558094488189
20
-3.805852559055118
11
6.0174857086614173
21
-3.8067096850393698
0
LINE
8
BLACK
6
CONTINUOUS
10
6.0174857086614173
20
-3.8067096850393698
11
6.0177687795275592
21
-3.8069114173228344
0
LINE
8
BLACK
6
CONTINUOUS
10
6.0177687795275592
20
-3.8069114173228344
11
6.018067559055118
21
-3.8070890944881888
0
LINE
8
BLACK
6
CONTINUOUS
10
6.018067559055118
20
-3.8070890944881888
11
6.0190200000000003
21
-3.8079462598425198
0
LINE
8
BLACK
6
CONTINUOUS
10
6.0190200000000003
20
-3.8079462598425198
11
6.0192419685039367
21
-3.8082433858267715
0
LINE
8
BLACK
6
CONTINUOUS
10
6.0192419685039367
20
-3.8082433858267715
11
6.0194816535433073
21
-3.8085259842519683
0
LINE
8
BLACK
6
CONTINUOUS
10
6.0194816535433073
20
-3.8085259842519683
11
6.0204340157480312
21
-3.8102401968503936
0
LINE
8
BLACK
6
CONTINUOUS
10
6.0204340157480312
20
-3.8102401968503936
11
6.0204906692913385
21
-3.8104166535433071
0
LINE
8
BLACK
6
CONTINUOUS
10
6.0204906692913385
20
-3.8104166535433071
11
6.0205459055118107
21
-3.8104718897637793
0
LINE
8
BLACK
6
CONTINUOUS
10
6.0205459055118107
20
-3.8104718897637793
11
6.020606889763779
21
-3.8107785433070864
0
LINE
8
BLACK
6
CONTINUOUS
10
6.020606889763779
20
-3.8107785433070864
11
6.0207024409448815
21
-3.8110760629921261
0
LINE
8
BLACK
6
CONTINUOUS
10
6.0207024409448815
20
-3.8110760629921261
11
6.0206809842519684
21
-3.8111510629921259
0
LINE
8
BLACK
6
CONTINUOUS
10
6.0206809842519684
20
-3.8111510629921259
11
6.0207171653543305
21
-3.8113329133858267
0
LINE
8
BLACK
6
CONTINUOUS
10
6.0207171653543305
20
-3.8113329133858267
11
6.0207171653543305
21
-3.8156186614173229
0
LINE
8
BLACK
6
CONTINUOUS
10
6.0207171653543305
20
-3.8156186614173229
11
6.0206809842519684
21
-3.8158004724409449
0
LINE
8
BLACK
6
CONTINUOUS
10
6.0206809842519684
20
-3.8158004724409449
11
6.0207024409448815
21
-3.8158755118110235
0
LINE
8
BLACK
6
CONTINUOUS
10
6.0207024409448815
20
-3.8158755118110235
11
6.020606889763779
21
-3.8161729921259844
0
LINE
8
BLACK
6
CONTINUOUS
10
6.020606889763779
20
-3.8161729921259844
11
6.0205459055118107
21
-3.8164796850393699
0
LINE
8
BLACK
6
CONTINUOUS
10
6.0205459055118107
20
-3.8164796850393699
11
6.0204906692913385
21
-3.8165348818897638
0
LINE
8
BLACK
6
CONTINUOUS
10
6.0204906692913385
20
-3.8165348818897638
11
6.0204340157480312
21
-3.8167113779527559
0
LINE
8
BLACK
6
CONTINUOUS
10
6.0204340157480312
20
-3.8167113779527559
11
6.0194816535433073
21
-3.8184255905511808
0
LINE
8
BLACK
6
CONTINUOUS
10
6.0194816535433073
20
-3.8184255905511808
11
6.0192419685039367
21
-3.8187081496062993
0
LINE
8
BLACK
6
CONTINUOUS
10
6.0192419685039367
20
-3.8187081496062993
11
6.0190200000000003
21
-3.8190053149606298
0
LINE
8
BLACK
6
CONTINUOUS
10
6.0190200000000003
20
-3.8190053149606298
11
6.018067559055118
21
-3.8198624803149603
0
LINE
8
BLACK
6
CONTINUOUS
10
6.018067559055118
20
-3.8198624803149603
11
6.0173130314960632
21
-3.8203111811023622
0
LINE
8
BLACK
6
CONTINUOUS
10
6.0173130314960632
20
-3.8203111811023622
11
6.0155932677165351
21
-3.8202206692913383
0
LINE
8
BLACK
6
CONTINUOUS
10
6.0155932677165351
20
-3.8202206692913383
11
6.0144412992125984
21
-3.8189407086614171
0
LINE
8
BLACK
6
CONTINUOUS
10
6.0144412992125984
20
-3.8189407086614171
11
6.0145318110236223
21
-3.8172209448818895
0
LINE
8
BLACK
6
CONTINUOUS
10
6.0145318110236223
20
-3.8172209448818895
11
6.0150572440944883
21
-3.8165176771653542
0
LINE
8
BLACK
6
CONTINUOUS
10
6.0150572440944883
20
-3.8165176771653542
11
6.0157303937007871
21
-3.8159118110236219
0
LINE
8
BLACK
6
CONTINUOUS
10
6.0157303937007871
20
-3.8159118110236219
11
6.0162171653543304
21
-3.8150356299212596
0
LINE
8
BLACK
6
CONTINUOUS
10
6.0162171653543304
20
-3.8150356299212596
11
6.0162171653543304
21
-3.8119159055118108
0
LINE
8
BLACK
6
CONTINUOUS
10
6.0162171653543304
20
-3.8119159055118108
11
6.0157303937007871
21
-3.8110397244094489
0
LINE
8
BLACK
6
CONTINUOUS
10
6.0157303937007871
20
-3.8110397244094489
11
6.0153185826771649
21
-3.8106690944881887
0
LINE
8
BLACK
6
CONTINUOUS
10
6.0153185826771649
20
-3.8106690944881887
11
6.0141747244094486
21
-3.8101543700787399
0
LINE
8
BLACK
6
CONTINUOUS
10
6.0141747244094486
20
-3.8101543700787399
11
6.0103786220472442
21
-3.8101543700787399
0
LINE
8
BLACK
6
CONTINUOUS
10
6.0103786220472442
20
-3.8101543700787399
11
6.0092348818897641
21
-3.8106690157480316
0
LINE
8
BLACK
6
CONTINUOUS
10
6.0092348818897641
20
-3.8106690157480316
11
6.0088229921259844
21
-3.8110397244094489
0
LINE
8
BLACK
6
CONTINUOUS
10
6.0088229921259844
20
-3.8110397244094489
11
6.0083362204724411
21
-3.8119159055118108
0
LINE
8
BLACK
6
CONTINUOUS
10
6.0083362204724411
20
-3.8119159055118108
11
6.0083362204724411
21
-3.8150356299212596
0
LINE
8
BLACK
6
CONTINUOUS
10
6.0083362204724411
20
-3.8150356299212596
11
6.0088229921259844
21
-3.8159118110236219
0
LINE
8
BLACK
6
CONTINUOUS
10
6.0088229921259844
20
-3.8159118110236219
11
6.0094961811023619
21
-3.8165176771653542
0
LINE
8
BLACK
6
CONTINUOUS
10
6.0094961811023619
20
-3.8165176771653542
11
6.0100215748031491
21
-3.8172209842519682
0
LINE
8
BLACK
6
CONTINUOUS
10
6.0100215748031491
20
-3.8172209842519682
11
6.0100304330708658
21
-3.8173893307086613
0
LINE
8
BLACK
6
CONTINUOUS
10
6.0100304330708658
20
-3.8173893307086613
11
6.0101385433070869
21
-3.8175188582677166
0
LINE
8
BLACK
6
CONTINUOUS
10
6.0101385433070869
20
-3.8175188582677166
11
6.0100746062992121
21
-3.8182289763779527
0
LINE
8
BLACK
6
CONTINUOUS
10
6.0100746062992121
20
-3.8182289763779527
11
6.0101120866141731
21
-3.8189407086614171
0
LINE
8
BLACK
6
CONTINUOUS
10
6.0101120866141731
20
-3.8189407086614171
11
6.0099992519685035
21
-3.8190660236220473
0
LINE
8
BLACK
6
CONTINUOUS
10
6.0099992519685035
20
-3.8190660236220473
11
6.0099841732283465
21
-3.8192339763779528
0
LINE
8
BLACK
6
CONTINUOUS
10
6.0099841732283465
20
-3.8192339763779528
11
6.0094370078740154
21
-3.8196907480314959
0
LINE
8
BLACK
6
CONTINUOUS
10
6.0094370078740154
20
-3.8196907480314959
11
6.0089601181102363
21
-3.8202206692913383
0
LINE
8
BLACK
6
CONTINUOUS
10
6.0089601181102363
20
-3.8202206692913383
11
6.008791653543307
21
-3.820229527559055
0
LINE
8
BLACK
6
CONTINUOUS
10
6.008791653543307
20
-3.820229527559055
11
6.0086622047244092
21
-3.8203376377952756
0
LINE
8
BLACK
6
CONTINUOUS
10
6.0086622047244092
20
-3.8203376377952756
11
6.0077892913385824
21
-3.8204310236220471
0
LINE
8
BLACK
6
CONTINUOUS
10
6.0077892913385824
20
-3.8204310236220471
11
5.998265472440945
21
-3.8195738582677166
0
LINE
8
BLACK
6
CONTINUOUS
10
5.998265472440945
20
-3.8195738582677166
11
5.997714094488189
21
-3.8194116535433071
0
LINE
8
BLACK
6
CONTINUOUS
10
5.997714094488189
20
-3.8194116535433071
11
5.997606141732283
21
-3.8194116535433071
0
LINE
8
BLACK
6
CONTINUOUS
10
5.997606141732283
20
-3.8194116535433071
11
5.9975611417322829
21
-3.8193666535433071
0
LINE
8
BLACK
6
CONTINUOUS
10
5.9975611417322829
20
-3.8193666535433071
11
5.9974232677165356
21
-3.8193261023622047
0
LINE
8
BLACK
6
CONTINUOUS
10
5.9974232677165356
20
-3.8193261023622047
11
5.9969312204724412
21
-3.8187367322834644
0
LINE
8
BLACK
6
CONTINUOUS
10
5.9969312204724412
20
-3.8187367322834644
11
5.9963884251968507
21
-3.8181939370078739
0
LINE
8
BLACK
6
CONTINUOUS
10
5.9963884251968507
20
-3.8181939370078739
11
5.9963603543307089
21
-3.8180529527559055
0
LINE
8
BLACK
6
CONTINUOUS
10
5.9963603543307089
20
-3.8180529527559055
11
5.9963196062992123
21
-3.8180041338582678
0
LINE
8
BLACK
6
CONTINUOUS
10
5.9963196062992123
20
-3.8180041338582678
11
5.9963292519685041
21
-3.8178965748031497
0
LINE
8
BLACK
6
CONTINUOUS
10
5.9963292519685041
20
-3.8178965748031497
11
5.9962171653543308
21
-3.8173329133858265
0
LINE
8
BLACK
6
CONTINUOUS
10
5.9962171653543308
20
-3.8173329133858265
11
5.9962171653543308
21
-3.8087614960629921
0
LINE
8
BLACK
6
CONTINUOUS
10
5.9962171653543308
20
-3.8087614960629921
11
5.9963884251968507
21
-3.8079004724409447
0
LINE
8
BLACK
6
CONTINUOUS
10
5.9963884251968507
20
-3.8079004724409447
11
5.997606141732283
21
-3.8066827559055119
0
LINE
8
BLACK
6
CONTINUOUS
10
5.997606141732283
20
-3.8066827559055119
11
5.9993281889763779
21
-3.8066827559055119
0
LINE
8
BLACK
6
CONTINUOUS
10
5.9993281889763779
20
-3.8066827559055119
11
6.0005459055118111
21
-3.8079004724409447
0
LINE
8
BLACK
6
CONTINUOUS
10
6.0005459055118111
20
-3.8079004724409447
11
6.000717165354331
21
-3.8087614960629921
0
LINE
8
BLACK
6
CONTINUOUS
10
6.000717165354331
20
-3.8087614960629921
11
6.000717165354331
21
-3.8152762992125981
0
LINE
8
BLACK
6
CONTINUOUS
10
6.000717165354331
20
-3.8152762992125981
11
6.0038362204724409
21
-3.8155570078740157
0
LINE
8
BLACK
6
CONTINUOUS
10
6.0038362204724409
20
-3.8155570078740157
11
6.0038362204724409
21
-3.8113329133858267
0
LINE
8
BLACK
6
CONTINUOUS
10
6.0038362204724409
20
-3.8113329133858267
11
6.0038723622047243
21
-3.8111511417322834
0
LINE
8
BLACK
6
CONTINUOUS
10
6.0038723622047243
20
-3.8111511417322834
11
6.0038509055118112
21
-3.8110760629921261
0
LINE
8
BLACK
6
CONTINUOUS
10
6.0038509055118112
20
-3.8110760629921261
11
6.0039464960629916
21
-3.8107783858267714
0
LINE
8
BLACK
6
CONTINUOUS
10
6.0039464960629916
20
-3.8107783858267714
11
6.0040074803149608
21
-3.8104718897637793
0
LINE
8
BLACK
6
CONTINUOUS
10
6.0040074803149608
20
-3.8104718897637793
11
6.0040626771653542
21
-3.8104166535433071
0
LINE
8
BLACK
6
CONTINUOUS
10
6.0040626771653542
20
-3.8104166535433071
11
6.0041193700787403
21
-3.8102402362204724
0
LINE
8
BLACK
6
CONTINUOUS
10
6.0041193700787403
20
-3.8102402362204724
11
6.0050717322834641
21
-3.8085259842519683
0
LINE
8
BLACK
6
CONTINUOUS
10
6.0050717322834641
20
-3.8085259842519683
11
6.0053116141732286
21
-3.8082431102362202
0
LINE
8
BLACK
6
CONTINUOUS
10
6.0053116141732286
20
-3.8082431102362202
11
6.00553342519685
21
-3.8079462598425198
0
LINE
8
BLACK
6
CONTINUOUS
10
6.00553342519685
20
-3.8079462598425198
11
6.0064858267716534
21
-3.8070890944881888
0
LINE
8
BLACK
6
CONTINUOUS
10
6.0064858267716534
20
-3.8070890944881888
11
6.006784488188976
21
-3.8069114566929132
0
LINE
8
BLACK
6
CONTINUOUS
10
6.006784488188976
20
-3.8069114566929132
11
6.0070676771653542
21
-3.8067096850393698
0
LINE
8
BLACK
6
CONTINUOUS
10
6.0070676771653542
20
-3.8067096850393698
11
6.0089724409448815
21
-3.8058525196850392
0
LINE
8
BLACK
6
CONTINUOUS
10
6.0089724409448815
20
-3.8058525196850392
11
6.0090184251968504
21
-3.8058418897637796
0
LINE
8
BLACK
6
CONTINUOUS
10
6.0090184251968504
20
-3.8058418897637796
11
6.0090347244094486
21
-3.8058256299212596
0
LINE
8
BLACK
6
CONTINUOUS
10
6.0090347244094486
20
-3.8058256299212596
11
6.0094324015748031
21
-3.8057464960629921
0
LINE
8
BLACK
6
CONTINUOUS
10
6.0094324015748031
20
-3.8057464960629921
11
6.009827913385827
21
-3.8056553937007873
0
LINE
8
BLACK
6
CONTINUOUS
10
6.009827913385827
20
-3.8056553937007873
11
6.0098494488188976
21
-3.8056635433070864
0
LINE
8
BLACK
6
CONTINUOUS
10
6.0098494488188976
20
-3.8056635433070864
11
6.0098957480314956
21
-3.8056543700787402
0
LINE
8
BLACK
6
CONTINUOUS
10
6.0098957480314956
20
-3.8056543700787402
11
6.0146576377952758
21
-3.8056543700787402
0
LINE
8
BLACK
6
CONTINUOUS
10
6.0146576377952758
20
-3.8056543700787402
11
6.0147038976377951
21
-3.8056635433070864
0
LINE
8
BLACK
6
CONTINUOUS
10
6.0847453937007874
20
-3.8061861811023623
11
6.0849166535433072
21
-3.8070472047244093
0
LINE
8
BLACK
6
CONTINUOUS
10
6.0849166535433072
20
-3.8070472047244093
11
6.0849166535433072
21
-3.8073686614173226
0
LINE
8
BLACK
6
CONTINUOUS
10
6.0849166535433072
20
-3.8073686614173226
11
6.0893333070866138
21
-3.8073686614173226
0
LINE
8
BLACK
6
CONTINUOUS
10
6.0893333070866138
20
-3.8073686614173226
11
6.0901943307086617
21
-3.8075399212598424
0
LINE
8
BLACK
6
CONTINUOUS
10
6.0901943307086617
20
-3.8075399212598424
11
6.091412047244094
21
-3.8087576377952757
0
LINE
8
BLACK
6
CONTINUOUS
10
6.091412047244094
20
-3.8087576377952757
11
6.091412047244094
21
-3.8104796850393701
0
LINE
8
BLACK
6
CONTINUOUS
10
6.091412047244094
20
-3.8104796850393701
11
6.0901943307086617
21
-3.8116974015748029
0
LINE
8
BLACK
6
CONTINUOUS
10
6.0901943307086617
20
-3.8116974015748029
11
6.0893333070866138
21
-3.8118686614173227
0
LINE
8
BLACK
6
CONTINUOUS
10
6.0893333070866138
20
-3.8118686614173227
11
6.0849166535433072
21
-3.8118686614173227
0
LINE
8
BLACK
6
CONTINUOUS
10
6.0849166535433072
20
-3.8118686614173227
11
6.0849166535433072
21
-3.8181900787401575
0
LINE
8
BLACK
6
CONTINUOUS
10
6.0849166535433072
20
-3.8181900787401575
11
6.0847453937007874
21
-3.8190511023622045
0
LINE
8
BLACK
6
CONTINUOUS
10
6.0847453937007874
20
-3.8190511023622045
11
6.0845071259842518
21
-3.8192893307086613
0
LINE
8
BLACK
6
CONTINUOUS
10
6.0845071259842518
20
-3.8192893307086613
11
6.0844103149606301
21
-3.8196121259842517
0
LINE
8
BLACK
6
CONTINUOUS
10
6.0844103149606301
20
-3.8196121259842517
11
6.0839207480314963
21
-3.8198757086614172
0
LINE
8
BLACK
6
CONTINUOUS
10
6.0839207480314963
20
-3.8198757086614172
11
6.0835276771653541
21
-3.8202688188976377
0
LINE
8
BLACK
6
CONTINUOUS
10
6.0835276771653541
20
-3.8202688188976377
11
6.0831907480314955
21
-3.8202688188976377
0
LINE
8
BLACK
6
CONTINUOUS
10
6.0831907480314955
20
-3.8202688188976377
11
6.0828940551181097
21
-3.8204285826771653
0
LINE
8
BLACK
6
CONTINUOUS
10
6.0828940551181097
20
-3.8204285826771653
11
6.0820201181102362
21
-3.8203451968503934
0
LINE
8
BLACK
6
CONTINUOUS
10
6.0820201181102362
20
-3.8203451968503934
11
6.0677344094488186
21
-3.8160594881889764
0
LINE
8
BLACK
6
CONTINUOUS
10
6.0677344094488186
20
-3.8160594881889764
11
6.0669588976377948
21
-3.815648031496063
0
LINE
8
BLACK
6
CONTINUOUS
10
6.0669588976377948
20
-3.815648031496063
11
6.0661424409448816
21
-3.814131771653543
0
LINE
8
BLACK
6
CONTINUOUS
10
6.0661424409448816
20
-3.814131771653543
11
6.0666372834645665
21
-3.8124823228346454
0
LINE
8
BLACK
6
CONTINUOUS
10
6.0666372834645665
20
-3.8124823228346454
11
6.0681535433070861
21
-3.8116658661417322
0
LINE
8
BLACK
6
CONTINUOUS
10
6.0681535433070861
20
-3.8116658661417322
11
6.0690274803149604
21
-3.8117492519685037
0
LINE
8
BLACK
6
CONTINUOUS
10
6.0690274803149604
20
-3.8117492519685037
11
6.0804166535433071
21
-3.8151659842519683
0
LINE
8
BLACK
6
CONTINUOUS
10
6.0804166535433071
20
-3.8151659842519683
11
6.0804166535433071
21
-3.8118686614173227
0
LINE
8
BLACK
6
CONTINUOUS
10
6.0804166535433071
20
-3.8118686614173227
11
6.0759999606299209
21
-3.8118686614173227
0
LINE
8
BLACK
6
CONTINUOUS
10
6.0759999606299209
20
-3.8118686614173227
11
6.0751389370078739
21
-3.8116974015748029
0
LINE
8
BLACK
6
CONTINUOUS
10
6.0751389370078739
20
-3.8116974015748029
11
6.0739212204724407
21
-3.8104796850393701
0
LINE
8
BLACK
6
CONTINUOUS
10
6.0739212204724407
20
-3.8104796850393701
11
6.0739212204724407
21
-3.8087576377952757
0
LINE
8
BLACK
6
CONTINUOUS
10
6.0739212204724407
20
-3.8087576377952757
11
6.0751389370078739
21
-3.8075399212598424
0
LINE
8
BLACK
6
CONTINUOUS
10
6.0751389370078739
20
-3.8075399212598424
11
6.0759999606299209
21
-3.8073686614173226
0
LINE
8
BLACK
6
CONTINUOUS
10
6.0759999606299209
20
-3.8073686614173226
11
6.0804166535433071
21
-3.8073686614173226
0
LINE
8
BLACK
6
CONTINUOUS
10
6.0804166535433071
20
-3.8073686614173226
11
6.0804166535433071
21
-3.8070472047244093
0
LINE
8
BLACK
6
CONTINUOUS
10
6.0804166535433071
20
-3.8070472047244093
11
6.0805879133858269
21
-3.8061861811023623
0
LINE
8
BLACK
6
CONTINUOUS
10
6.0805879133858269
20
-3.8061861811023623
11
6.0818056299212593
21
-3.8049684645669291
0
LINE
8
BLACK
6
CONTINUOUS
10
6.0818056299212593
20
-3.8049684645669291
11
6.0835276771653541
21
-3.8049684645669291
0
LINE
8
BLACK
6
CONTINUOUS
10
6.0835276771653541
20
-3.8049684645669291
11
6.0847453937007874
21
-3.8061861811023623
0
LINE
8
BLACK
6
CONTINUOUS
10
6.9725634251968502
20
-3.8032439370078741
11
6.9738104330708657
21
-3.8037604724409446
0
LINE
8
BLACK
6
CONTINUOUS
10
6.9738104330708657
20
-3.8037604724409446
11
6.9738104724409444
21
-3.8037605118110234
0
LINE
8
BLACK
6
CONTINUOUS
10
6.9738104724409444
20
-3.8037605118110234
11
6.9747053937007877
21
-3.804494960629921
0
LINE
8
BLACK
6
CONTINUOUS
10
6.9747053937007877
20
-3.804494960629921
11
6.9770863385826773
21
-3.8068759448818899
0
LINE
8
BLACK
6
CONTINUOUS
10
6.9770863385826773
20
-3.8068759448818899
11
6.9778207874015745
21
-3.8077708661417322
0
LINE
8
BLACK
6
CONTINUOUS
10
6.9778207874015745
20
-3.8077708661417322
11
6.9782486614173225
21
-3.8088038976377954
0
LINE
8
BLACK
6
CONTINUOUS
10
6.9782486614173225
20
-3.8088038976377954
11
6.9787025196850392
21
-3.8098996062992123
0
LINE
8
BLACK
6
CONTINUOUS
10
6.9787025196850392
20
-3.8098996062992123
11
6.9787025196850392
21
-3.8098996850393698
0
LINE
8
BLACK
6
CONTINUOUS
10
6.9787025196850392
20
-3.8098996850393698
11
6.9787025196850392
21
-3.8098997244094486
0
LINE
8
BLACK
6
CONTINUOUS
10
6.9787025196850392
20
-3.8098997244094486
11
6.9787025196850392
21
-3.8122038582677162
0
LINE
8
BLACK
6
CONTINUOUS
10
6.9787025196850392
20
-3.8122038582677162
11
6.977820708661417
21
-3.814332716535433
0
LINE
8
BLACK
6
CONTINUOUS
10
6.977820708661417
20
-3.814332716535433
11
6.977820551181102
21
-3.8143328346456693
0
LINE
8
BLACK
6
CONTINUOUS
10
6.977820551181102
20
-3.8143328346456693
11
6.9770862992125986
21
-3.8152275590551179
0
LINE
8
BLACK
6
CONTINUOUS
10
6.9770862992125986
20
-3.8152275590551179
11
6.9747053543307089
21
-3.8176085039370076
0
LINE
8
BLACK
6
CONTINUOUS
10
6.9747053543307089
20
-3.8176085039370076
11
6.9738106299212594
21
-3.8183427559055119
0
LINE
8
BLACK
6
CONTINUOUS
10
6.9738106299212594
20
-3.8183427559055119
11
6.9738105118110232
21
-3.8183429133858269
0
LINE
8
BLACK
6
CONTINUOUS
10
6.9738105118110232
20
-3.8183429133858269
11
6.9738104330708657
21
-3.8183429133858269
0
LINE
8
BLACK
6
CONTINUOUS
10
6.9738104330708657
20
-3.8183429133858269
11
6.9738104330708657
21
-3.8183429527559056
0
LINE
8
BLACK
6
CONTINUOUS
10
6.9738104330708657
20
-3.8183429527559056
11
6.973186929133858
21
-3.8186011811023621
0
LINE
8
BLACK
6
CONTINUOUS
10
6.973186929133858
20
-3.8186011811023621
11
6.9716816535433068
21
-3.8192247244094486
0
LINE
8
BLACK
6
CONTINUOUS
10
6.9716816535433068
20
-3.8192247244094486
11
6.9693775196850396
21
-3.8192247244094486
0
LINE
8
BLACK
6
CONTINUOUS
10
6.9693775196850396
20
-3.8192247244094486
11
6.9693774409448821
21
-3.8192247244094486
0
LINE
8
BLACK
6
CONTINUOUS
10
6.9693774409448821
20
-3.8192247244094486
11
6.9681304724409445
21
-3.8187081889763776
0
LINE
8
BLACK
6
CONTINUOUS
10
6.9681304724409445
20
-3.8187081889763776
11
6.9672486614173224
21
-3.8183429921259844
0
LINE
8
BLACK
6
CONTINUOUS
10
6.9672486614173224
20
-3.8183429921259844
11
6.96635374015748
21
-3.8176085433070863
0
LINE
8
BLACK
6
CONTINUOUS
10
6.96635374015748
20
-3.8176085433070863
11
6.9639727559055116
21
-3.8152275984251967
0
LINE
8
BLACK
6
CONTINUOUS
10
6.9639727559055116
20
-3.8152275984251967
11
6.9632383070866144
21
-3.8143326771653543
0
LINE
8
BLACK
6
CONTINUOUS
10
6.9632383070866144
20
-3.8143326771653543
11
6.9632382677165356
21
-3.8143326377952755
0
LINE
8
BLACK
6
CONTINUOUS
10
6.9632382677165356
20
-3.8143326377952755
11
6.9626227165354333
21
-3.8128465354330707
0
LINE
8
BLACK
6
CONTINUOUS
10
6.9626227165354333
20
-3.8128465354330707
11
6.9623564960629922
21
-3.8122038582677162
0
LINE
8
BLACK
6
CONTINUOUS
10
6.9623564960629922
20
-3.8122038582677162
11
6.9623564960629922
21
-3.8098996850393698
0
LINE
8
BLACK
6
CONTINUOUS
10
6.9623564960629922
20
-3.8098996850393698
11
6.9623564960629922
21
-3.8098996456692911
0
LINE
8
BLACK
6
CONTINUOUS
10
6.9623564960629922
20
-3.8098996456692911
11
6.9623564960629922
21
-3.8098996062992123
0
LINE
8
BLACK
6
CONTINUOUS
10
6.9623564960629922
20
-3.8098996062992123
11
6.9627216929133855
21
-3.8090178740157481
0
LINE
8
BLACK
6
CONTINUOUS
10
6.9627216929133855
20
-3.8090178740157481
11
6.9632382283464569
21
-3.8077708661417322
0
LINE
8
BLACK
6
CONTINUOUS
10
6.9632382283464569
20
-3.8077708661417322
11
6.9632383070866144
21
-3.8077707874015747
0
LINE
8
BLACK
6
CONTINUOUS
10
6.9632383070866144
20
-3.8077707874015747
11
6.9639727165354328
21
-3.8068759055118111
0
LINE
8
BLACK
6
CONTINUOUS
10
6.9639727165354328
20
-3.8068759055118111
11
6.9663537007874012
21
-3.8044949212598422
0
LINE
8
BLACK
6
CONTINUOUS
10
6.9663537007874012
20
-3.8044949212598422
11
6.9672485826771648
21
-3.8037604724409446
0
LINE
8
BLACK
6
CONTINUOUS
10
6.9672485826771648
20
-3.8037604724409446
11
6.9693774409448821
21
-3.8028787007874016
0
LINE
8
BLACK
6
CONTINUOUS
10
6.9693774409448821
20
-3.8028787007874016
11
6.9716816141732281
21
-3.8028787007874016
0
LINE
8
BLACK
6
CONTINUOUS
10
6.9716816141732281
20
-3.8028787007874016
11
6.9716816535433068
21
-3.8028787007874016
0
LINE
8
BLACK
6
CONTINUOUS
10
6.9716816535433068
20
-3.8028787007874016
11
6.9725634251968502
21
-3.8032439370078741
0
LINE
8
BLACK
6
CONTINUOUS
10
6.2147627559055119
20
-3.7772801968503935
11
6.2148607480314961
21
-3.7773207874015746
0
LINE
8
BLACK
6
CONTINUOUS
10
6.2148607480314961
20
-3.7773207874015746
11
6.2149665748031495
21
-3.7773283070866142
0
LINE
8
BLACK
6
CONTINUOUS
10
6.2149665748031495
20
-3.7773283070866142
11
6.2155072047244095
21
-3.7775351968503936
0
LINE
8
BLACK
6
CONTINUOUS
10
6.2155072047244095
20
-3.7775351968503936
11
6.2192567322834647
21
-3.7794099606299212
0
LINE
8
BLACK
6
CONTINUOUS
10
6.2192567322834647
20
-3.7794099606299212
11
6.2195046062992123
21
-3.7795659842519682
0
LINE
8
BLACK
6
CONTINUOUS
10
6.2195046062992123
20
-3.7795659842519682
11
6.2195766535433066
21
-3.7795958267716534
0
LINE
8
BLACK
6
CONTINUOUS
10
6.2195766535433066
20
-3.7795958267716534
11
6.2196576771653538
21
-3.7796623228346458
0
LINE
8
BLACK
6
CONTINUOUS
10
6.2196576771653538
20
-3.7796623228346458
11
6.2197466141732285
21
-3.7797183070866143
0
LINE
8
BLACK
6
CONTINUOUS
10
6.2197466141732285
20
-3.7797183070866143
11
6.2197977559055113
21
-3.7797772834645667
0
LINE
8
BLACK
6
CONTINUOUS
10
6.2197977559055113
20
-3.7797772834645667
11
6.2200240944881893
21
-3.7799630314960631
0
LINE
8
BLACK
6
CONTINUOUS
10
6.2200240944881893
20
-3.7799630314960631
11
6.2218988976377956
21
-3.7818377952755906
0
LINE
8
BLACK
6
CONTINUOUS
10
6.2218988976377956
20
-3.7818377952755906
11
6.2220846456692911
21
-3.7820641338582677
0
LINE
8
BLACK
6
CONTINUOUS
10
6.2220846456692911
20
-3.7820641338582677
11
6.2221437007874014
21
-3.7821153543307084
0
LINE
8
BLACK
6
CONTINUOUS
10
6.2221437007874014
20
-3.7821153543307084
11
6.2221996850393699
21
-3.7822042913385827
0
LINE
8
BLACK
6
CONTINUOUS
10
6.2221996850393699
20
-3.7822042913385827
11
6.2222661417322831
21
-3.7822852755905512
0
LINE
8
BLACK
6
CONTINUOUS
10
6.2222661417322831
20
-3.7822852755905512
11
6.22229594488189
21
-3.7823572047244092
0
LINE
8
BLACK
6
CONTINUOUS
10
6.22229594488189
20
-3.7823572047244092
11
6.2224520472440945
21
-3.7826052362204723
0
LINE
8
BLACK
6
CONTINUOUS
10
6.2224520472440945
20
-3.7826052362204723
11
6.2243268110236221
21
-3.7863547637795274
0
LINE
8
BLACK
6
CONTINUOUS
10
6.2243268110236221
20
-3.7863547637795274
11
6.2245337007874015
21
-3.7868953543307087
0
LINE
8
BLACK
6
CONTINUOUS
10
6.2245337007874015
20
-3.7868953543307087
11
6.2245412204724406
21
-3.7870012204724408
0
LINE
8
BLACK
6
CONTINUOUS
10
6.2245412204724406
20
-3.7870012204724408
11
6.2245818110236222
21
-3.7870992125984251
0
LINE
8
BLACK
6
CONTINUOUS
10
6.2245818110236222
20
-3.7870992125984251
11
6.2246385433070861
21
-3.7876752755905509
0
LINE
8
BLACK
6
CONTINUOUS
10
6.2246385433070861
20
-3.7876752755905509
11
6.2246385433070861
21
-3.7951743307086612
0
LINE
8
BLACK
6
CONTINUOUS
10
6.2246385433070861
20
-3.7951743307086612
11
6.2245818110236222
21
-3.7957503937007875
0
LINE
8
BLACK
6
CONTINUOUS
10
6.2245818110236222
20
-3.7957503937007875
11
6.2245412204724406
21
-3.795848346456693
0
LINE
8
BLACK
6
CONTINUOUS
10
6.2245412204724406
20
-3.795848346456693
11
6.2245337007874015
21
-3.7959542519685039
0
LINE
8
BLACK
6
CONTINUOUS
10
6.2245337007874015
20
-3.7959542519685039
11
6.2243268110236221
21
-3.7964948425196852
0
LINE
8
BLACK
6
CONTINUOUS
10
6.2243268110236221
20
-3.7964948425196852
11
6.2224520472440945
21
-3.8002443700787403
0
LINE
8
BLACK
6
CONTINUOUS
10
6.2224520472440945
20
-3.8002443700787403
11
6.22229594488189
21
-3.8004923622047242
0
LINE
8
BLACK
6
CONTINUOUS
10
6.22229594488189
20
-3.8004923622047242
11
6.2222661417322831
21
-3.8005643307086614
0
LINE
8
BLACK
6
CONTINUOUS
10
6.2222661417322831
20
-3.8005643307086614
11
6.2221996850393699
21
-3.8006452755905511
0
LINE
8
BLACK
6
CONTINUOUS
10
6.2221996850393699
20
-3.8006452755905511
11
6.2221437007874014
21
-3.8007342519685037
0
LINE
8
BLACK
6
CONTINUOUS
10
6.2221437007874014
20
-3.8007342519685037
11
6.2220846456692911
21
-3.8007854330708661
0
LINE
8
BLACK
6
CONTINUOUS
10
6.2220846456692911
20
-3.8007854330708661
11
6.2218988976377956
21
-3.801011811023622
0
LINE
8
BLACK
6
CONTINUOUS
10
6.2218988976377956
20
-3.801011811023622
11
6.2200240944881893
21
-3.8028865748031495
0
LINE
8
BLACK
6
CONTINUOUS
10
6.2200240944881893
20
-3.8028865748031495
11
6.2197977559055113
21
-3.8030722834645667
0
LINE
8
BLACK
6
CONTINUOUS
10
6.2197977559055113
20
-3.8030722834645667
11
6.2197466141732285
21
-3.8031312992125983
0
LINE
8
BLACK
6
CONTINUOUS
10
6.2197466141732285
20
-3.8031312992125983
11
6.2196576771653538
21
-3.8031872440944881
0
LINE
8
BLACK
6
CONTINUOUS
10
6.2196576771653538
20
-3.8031872440944881
11
6.2195766535433066
21
-3.8032537795275592
0
LINE
8
BLACK
6
CONTINUOUS
10
6.2195766535433066
20
-3.8032537795275592
11
6.2195046062992123
21
-3.8032835826771652
0
LINE
8
BLACK
6
CONTINUOUS
10
6.2195046062992123
20
-3.8032835826771652
11
6.2192567322834647
21
-3.8034396456692914
0
LINE
8
BLACK
6
CONTINUOUS
10
6.2192567322834647
20
-3.8034396456692914
11
6.2155072047244095
21
-3.8053144094488189
0
LINE
8
BLACK
6
CONTINUOUS
10
6.2155072047244095
20
-3.8053144094488189
11
6.2149665748031495
21
-3.8055212992125984
0
LINE
8
BLACK
6
CONTINUOUS
10
6.2149665748031495
20
-3.8055212992125984
11
6.2148607480314961
21
-3.8055287795275587
0
LINE
8
BLACK
6
CONTINUOUS
10
6.2148607480314961
20
-3.8055287795275587
11
6.2147627559055119
21
-3.8055694094488186
0
LINE
8
BLACK
6
CONTINUOUS
10
6.2147627559055119
20
-3.8055694094488186
11
6.214186692913386
21
-3.8056261417322834
0
LINE
8
BLACK
6
CONTINUOUS
10
6.214186692913386
20
-3.8056261417322834
11
6.1823157086614176
21
-3.8056261417322834
0
LINE
8
BLACK
6
CONTINUOUS
10
6.1823157086614176
20
-3.8056261417322834
11
6.1817396456692908
21
-3.8055694094488186
0
LINE
8
BLACK
6
CONTINUOUS
10
6.1817396456692908
20
-3.8055694094488186
11
6.1806752362204724
21
-3.805128503937008
0
LINE
8
BLACK
6
CONTINUOUS
10
6.1806752362204724
20
-3.805128503937008
11
6.179860590551181
21
-3.8043138582677165
0
LINE
8
BLACK
6
CONTINUOUS
10
6.179860590551181
20
-3.8043138582677165
11
6.1794196850393703
21
-3.8032494488188977
0
LINE
8
BLACK
6
CONTINUOUS
10
6.1794196850393703
20
-3.8032494488188977
11
6.1794196850393703
21
-3.8020973228346455
0
LINE
8
BLACK
6
CONTINUOUS
10
6.1794196850393703
20
-3.8020973228346455
11
6.179860590551181
21
-3.8010329133858267
0
LINE
8
BLACK
6
CONTINUOUS
10
6.179860590551181
20
-3.8010329133858267
11
6.1806752362204724
21
-3.8002182677165353
0
LINE
8
BLACK
6
CONTINUOUS
10
6.1806752362204724
20
-3.8002182677165353
11
6.1817396456692908
21
-3.7997773622047242
0
LINE
8
BLACK
6
CONTINUOUS
10
6.1817396456692908
20
-3.7997773622047242
11
6.1823157086614176
21
-3.7997206299212598
0
LINE
8
BLACK
6
CONTINUOUS
10
6.1823157086614176
20
-3.7997206299212598
11
6.2134896456692914
21
-3.7997206299212598
0
LINE
8
BLACK
6
CONTINUOUS
10
6.2134896456692914
20
-3.7997206299212598
11
6.216187125984252
21
-3.7983718503937007
0
LINE
8
BLACK
6
CONTINUOUS
10
6.216187125984252
20
-3.7983718503937007
11
6.2173842913385826
21
-3.7971747244094489
0
LINE
8
BLACK
6
CONTINUOUS
10
6.2173842913385826
20
-3.7971747244094489
11
6.2187330314960629
21
-3.794477283464567
0
LINE
8
BLACK
6
CONTINUOUS
10
6.2187330314960629
20
-3.794477283464567
11
6.2187330314960629
21
-3.7883723228346455
0
LINE
8
BLACK
6
CONTINUOUS
10
6.2187330314960629
20
-3.7883723228346455
11
6.2173842913385826
21
-3.7856748425196849
0
LINE
8
BLACK
6
CONTINUOUS
10
6.2173842913385826
20
-3.7856748425196849
11
6.216187125984252
21
-3.7844777165354331
0
LINE
8
BLACK
6
CONTINUOUS
10
6.216187125984252
20
-3.7844777165354331
11
6.2134896456692914
21
-3.7831289763779528
0
LINE
8
BLACK
6
CONTINUOUS
10
6.2134896456692914
20
-3.7831289763779528
11
6.1823157086614176
21
-3.7831289763779528
0
LINE
8
BLACK
6
CONTINUOUS
10
6.1823157086614176
20
-3.7831289763779528
11
6.1817396456692908
21
-3.7830722440944879
0
LINE
8
BLACK
6
CONTINUOUS
10
6.1817396456692908
20
-3.7830722440944879
11
6.1806752362204724
21
-3.7826313385826769
0
LINE
8
BLACK
6
CONTINUOUS
10
6.1806752362204724
20
-3.7826313385826769
11
6.179860590551181
21
-3.7818166929133858
0
LINE
8
BLACK
6
CONTINUOUS
10
6.179860590551181
20
-3.7818166929133858
11
6.1794196850393703
21
-3.780752283464567
0
LINE
8
BLACK
6
CONTINUOUS
10
6.1794196850393703
20
-3.780752283464567
11
6.1794196850393703
21
-3.7796001574803149
0
LINE
8
BLACK
6
CONTINUOUS
10
6.1794196850393703
20
-3.7796001574803149
11
6.179860590551181
21
-3.7785357480314961
0
LINE
8
BLACK
6
CONTINUOUS
10
6.179860590551181
20
-3.7785357480314961
11
6.1806752362204724
21
-3.7777211023622046
0
LINE
8
BLACK
6
CONTINUOUS
10
6.1806752362204724
20
-3.7777211023622046
11
6.1817396456692908
21
-3.7772801968503935
0
LINE
8
BLACK
6
CONTINUOUS
10
6.1817396456692908
20
-3.7772801968503935
11
6.1823157086614176
21
-3.7772234645669291
0
LINE
8
BLACK
6
CONTINUOUS
10
6.1823157086614176
20
-3.7772234645669291
11
6.214186692913386
21
-3.7772234645669291
0
LINE
8
BLACK
6
CONTINUOUS
10
6.214186692913386
20
-3.7772234645669291
11
6.2147627559055119
21
-3.7772801968503935
0
LINE
8
BLACK
6
CONTINUOUS
10
5.6990012598425199
20
-3.742379566929134
11
5.7000656692913383
21
-3.7428204724409446
0
LINE
8
BLACK
6
CONTINUOUS
10
5.7000656692913383
20
-3.7428204724409446
11
5.7008803149606297
21
-3.7436351181102361
0
LINE
8
BLACK
6
CONTINUOUS
10
5.7008803149606297
20
-3.7436351181102361
11
5.7013212204724404
21
-3.7446995275590549
0
LINE
8
BLACK
6
CONTINUOUS
10
5.7013212204724404
20
-3.7446995275590549
11
5.7013212204724404
21
-3.7458516535433071
0
LINE
8
BLACK
6
CONTINUOUS
10
5.7013212204724404
20
-3.7458516535433071
11
5.7008803149606297
21
-3.7469160629921259
0
LINE
8
BLACK
6
CONTINUOUS
10
5.7008803149606297
20
-3.7469160629921259
11
5.7000656692913383
21
-3.7477307086614173
0
LINE
8
BLACK
6
CONTINUOUS
10
5.7000656692913383
20
-3.7477307086614173
11
5.6990012598425199
21
-3.7481716141732284
0
LINE
8
BLACK
6
CONTINUOUS
10
5.6990012598425199
20
-3.7481716141732284
11
5.6984251968503932
21
-3.7482283464566928
0
LINE
8
BLACK
6
CONTINUOUS
10
5.6984251968503932
20
-3.7482283464566928
11
5.6246062992125987
21
-3.7482283464566928
0
LINE
8
BLACK
6
CONTINUOUS
10
5.6246062992125987
20
-3.7482283464566928
11
5.6246062992125987
21
-3.8023622047244094
0
LINE
8
BLACK
6
CONTINUOUS
10
5.6246062992125987
20
-3.8023622047244094
11
5.6245495669291339
21
-3.8029382677165353
0
LINE
8
BLACK
6
CONTINUOUS
10
5.6245495669291339
20
-3.8029382677165353
11
5.6241086614173224
21
-3.8040026771653541
0
LINE
8
BLACK
6
CONTINUOUS
10
5.6241086614173224
20
-3.8040026771653541
11
5.6232940157480318
21
-3.8048173228346456
0
LINE
8
BLACK
6
CONTINUOUS
10
5.6232940157480318
20
-3.8048173228346456
11
5.6222296062992125
21
-3.8052582283464567
0
LINE
8
BLACK
6
CONTINUOUS
10
5.6222296062992125
20
-3.8052582283464567
11
5.6210774803149608
21
-3.8052582283464567
0
LINE
8
BLACK
6
CONTINUOUS
10
5.6210774803149608
20
-3.8052582283464567
11
5.6200130708661415
21
-3.8048173228346456
0
LINE
8
BLACK
6
CONTINUOUS
10
5.6200130708661415
20
-3.8048173228346456
11
5.6191984251968501
21
-3.8040026771653541
0
LINE
8
BLACK
6
CONTINUOUS
10
5.6191984251968501
20
-3.8040026771653541
11
5.6187575196850394
21
-3.8029382677165353
0
LINE
8
BLACK
6
CONTINUOUS
10
5.6187575196850394
20
-3.8029382677165353
11
5.6187007874015746
21
-3.8023622047244094
0
LINE
8
BLACK
6
CONTINUOUS
10
5.6187007874015746
20
-3.8023622047244094
11
5.6187007874015746
21
-3.7452755905511812
0
LINE
8
BLACK
6
CONTINUOUS
10
5.6187007874015746
20
-3.7452755905511812
11
5.6187575196850394
21
-3.7446995275590549
0
LINE
8
BLACK
6
CONTINUOUS
10
5.6187575196850394
20
-3.7446995275590549
11
5.6191984251968501
21
-3.7436351181102361
0
LINE
8
BLACK
6
CONTINUOUS
10
5.6191984251968501
20
-3.7436351181102361
11
5.6200130708661415
21
-3.7428204724409446
0
LINE
8
BLACK
6
CONTINUOUS
10
5.6200130708661415
20
-3.7428204724409446
11
5.6210774803149608
21
-3.742379566929134
0
LINE
8
BLACK
6
CONTINUOUS
10
5.6210774803149608
20
-3.742379566929134
11
5.6216535433070867
21
-3.7423228346456692
0
LINE
8
BLACK
6
CONTINUOUS
10
5.6216535433070867
20
-3.7423228346456692
11
5.6984251968503932
21
-3.7423228346456692
0
LINE
8
BLACK
6
CONTINUOUS
10
5.6984251968503932
20
-3.7423228346456692
11
5.6990012598425199
21
-3.742379566929134
0
LINE
8
BLACK
6
CONTINUOUS
10
5.9568752755905514
20
-3.742379566929134
11
5.9579396850393698
21
-3.7428204724409446
0
LINE
8
BLACK
6
CONTINUOUS
10
5.9579396850393698
20
-3.7428204724409446
11
5.9587543307086612
21
-3.7436351181102361
0
LINE
8
BLACK
6
CONTINUOUS
10
5.9587543307086612
20
-3.7436351181102361
11
5.9591952362204719
21
-3.7446995275590549
0
LINE
8
BLACK
6
CONTINUOUS
10
5.9591952362204719
20
-3.7446995275590549
11
5.9592519685039367
21
-3.7452755905511812
0
LINE
8
BLACK
6
CONTINUOUS
10
5.9592519685039367
20
-3.7452755905511812
11
5.9592519685039367
21
-3.8023622047244094
0
LINE
8
BLACK
6
CONTINUOUS
10
5.9592519685039367
20
-3.8023622047244094
11
5.9591952362204719
21
-3.8029382677165353
0
LINE
8
BLACK
6
CONTINUOUS
10
5.9591952362204719
20
-3.8029382677165353
11
5.9587543307086612
21
-3.8040026771653541
0
LINE
8
BLACK
6
CONTINUOUS
10
5.9587543307086612
20
-3.8040026771653541
11
5.9579396850393698
21
-3.8048173228346456
0
LINE
8
BLACK
6
CONTINUOUS
10
5.9579396850393698
20
-3.8048173228346456
11
5.9568752755905514
21
-3.8052582283464567
0
LINE
8
BLACK
6
CONTINUOUS
10
5.9568752755905514
20
-3.8052582283464567
11
5.9557231496062988
21
-3.8052582283464567
0
LINE
8
BLACK
6
CONTINUOUS
10
5.9557231496062988
20
-3.8052582283464567
11
5.9546587401574804
21
-3.8048173228346456
0
LINE
8
BLACK
6
CONTINUOUS
10
5.9546587401574804
20
-3.8048173228346456
11
5.953844094488189
21
-3.8040026771653541
0
LINE
8
BLACK
6
CONTINUOUS
10
5.953844094488189
20
-3.8040026771653541
11
5.9534031889763774
21
-3.8029382677165353
0
LINE
8
BLACK
6
CONTINUOUS
10
5.9534031889763774
20
-3.8029382677165353
11
5.9533464566929135
21
-3.8023622047244094
0
LINE
8
BLACK
6
CONTINUOUS
10
5.9533464566929135
20
-3.8023622047244094
11
5.9533464566929135
21
-3.7482283464566928
0
LINE
8
BLACK
6
CONTINUOUS
10
5.9533464566929135
20
-3.7482283464566928
11
5.8795275590551181
21
-3.7482283464566928
0
LINE
8
BLACK
6
CONTINUOUS
10
5.8795275590551181
20
-3.7482283464566928
11
5.8789514960629923
21
-3.7481716141732284
0
LINE
8
BLACK
6
CONTINUOUS
10
5.8789514960629923
20
-3.7481716141732284
11
5.877887086614173
21
-3.7477307086614173
0
LINE
8
BLACK
6
CONTINUOUS
10
5.877887086614173
20
-3.7477307086614173
11
5.8770724409448816
21
-3.7469160629921259
0
LINE
8
BLACK
6
CONTINUOUS
10
5.8770724409448816
20
-3.7469160629921259
11
5.8766315354330709
21
-3.7458516535433071
0
LINE
8
BLACK
6
CONTINUOUS
10
5.8766315354330709
20
-3.7458516535433071
11
5.8766315354330709
21
-3.7446995275590549
0
LINE
8
BLACK
6
CONTINUOUS
10
5.8766315354330709
20
-3.7446995275590549
11
5.8770724409448816
21
-3.7436351181102361
0
LINE
8
BLACK
6
CONTINUOUS
10
5.8770724409448816
20
-3.7436351181102361
11
5.877887086614173
21
-3.7428204724409446
0
LINE
8
BLACK
6
CONTINUOUS
10
5.877887086614173
20
-3.7428204724409446
11
5.8789514960629923
21
-3.742379566929134
0
LINE
8
BLACK
6
CONTINUOUS
10
5.8789514960629923
20
-3.742379566929134
11
5.8795275590551181
21
-3.7423228346456692
0
LINE
8
BLACK
6
CONTINUOUS
10
5.8795275590551181
20
-3.7423228346456692
11
5.9562992125984247
21
-3.7423228346456692
0
LINE
8
BLACK
6
CONTINUOUS
10
5.9562992125984247
20
-3.7423228346456692
11
5.9568752755905514
21
-3.742379566929134
0
LINE
8
BLACK
6
CONTINUOUS
10
6.9309532677165349
20
-3.7537604724409448
11
6.9325826377952753
21
-3.7553898425196848
0
LINE
8
BLACK
6
CONTINUOUS
10
6.9325826377952753
20
-3.7553898425196848
11
6.9334644094488187
21
-3.7575186614173228
0
LINE
8
BLACK
6
CONTINUOUS
10
6.9334644094488187
20
-3.7575186614173228
11
6.9334644094488187
21
-3.7598228346456692
0
LINE
8
BLACK
6
CONTINUOUS
10
6.9334644094488187
20
-3.7598228346456692
11
6.9325826377952753
21
-3.7619516535433069
0
LINE
8
BLACK
6
CONTINUOUS
10
6.9325826377952753
20
-3.7619516535433069
11
6.9318481889763781
21
-3.7628465748031497
0
LINE
8
BLACK
6
CONTINUOUS
10
6.9318481889763781
20
-3.7628465748031497
11
6.9304530314960626
21
-3.764241692913386
0
LINE
8
BLACK
6
CONTINUOUS
10
6.9304530314960626
20
-3.764241692913386
11
6.9288159842519681
21
-3.7691529133858266
0
LINE
8
BLACK
6
CONTINUOUS
10
6.9288159842519681
20
-3.7691529133858266
11
6.9288159842519681
21
-3.7719980708661418
0
LINE
8
BLACK
6
CONTINUOUS
10
6.9288159842519681
20
-3.7719980708661418
11
6.9304530314960626
21
-3.7769092913385824
0
LINE
8
BLACK
6
CONTINUOUS
10
6.9304530314960626
20
-3.7769092913385824
11
6.933551496062992
21
-3.7800077559055119
0
LINE
8
BLACK
6
CONTINUOUS
10
6.933551496062992
20
-3.7800077559055119
11
6.9368765748031498
21
-3.7816702755905509
0
LINE
8
BLACK
6
CONTINUOUS
10
6.9368765748031498
20
-3.7816702755905509
11
6.9450659448818897
21
-3.7837176377952755
0
LINE
8
BLACK
6
CONTINUOUS
10
6.9450659448818897
20
-3.7837176377952755
11
6.9507549606299213
21
-3.7837176377952755
0
LINE
8
BLACK
6
CONTINUOUS
10
6.9507549606299213
20
-3.7837176377952755
11
6.9589443307086611
21
-3.7816702755905509
0
LINE
8
BLACK
6
CONTINUOUS
10
6.9589443307086611
20
-3.7816702755905509
11
6.9622694094488189
21
-3.7800077165354331
0
LINE
8
BLACK
6
CONTINUOUS
10
6.9622694094488189
20
-3.7800077165354331
11
6.9653678740157483
21
-3.7769092913385824
0
LINE
8
BLACK
6
CONTINUOUS
10
6.9653678740157483
20
-3.7769092913385824
11
6.9670049606299207
21
-3.7719980708661418
0
LINE
8
BLACK
6
CONTINUOUS
10
6.9670049606299207
20
-3.7719980708661418
11
6.9670049606299207
21
-3.7691529133858266
0
LINE
8
BLACK
6
CONTINUOUS
10
6.9670049606299207
20
-3.7691529133858266
11
6.9653678740157483
21
-3.7642417322834647
0
LINE
8
BLACK
6
CONTINUOUS
10
6.9653678740157483
20
-3.7642417322834647
11
6.9639727559055116
21
-3.7628466141732284
0
LINE
8
BLACK
6
CONTINUOUS
10
6.9639727559055116
20
-3.7628466141732284
11
6.9632383070866144
21
-3.7619516929133856
0
LINE
8
BLACK
6
CONTINUOUS
10
6.9632383070866144
20
-3.7619516929133856
11
6.9623564960629922
21
-3.759822874015748
0
LINE
8
BLACK
6
CONTINUOUS
10
6.9623564960629922
20
-3.759822874015748
11
6.9623564960629922
21
-3.7575187007874016
0
LINE
8
BLACK
6
CONTINUOUS
10
6.9623564960629922
20
-3.7575187007874016
11
6.9632382283464569
21
-3.7553898818897635
0
LINE
8
BLACK
6
CONTINUOUS
10
6.9632382283464569
20
-3.7553898818897635
11
6.9648675984251964
21
-3.7537605118110235
0
LINE
8
BLACK
6
CONTINUOUS
10
6.9648675984251964
20
-3.7537605118110235
11
6.9669964173228349
21
-3.7528787007874014
0
LINE
8
BLACK
6
CONTINUOUS
10
6.9669964173228349
20
-3.7528787007874014
11
6.9693005905511809
21
-3.7528787007874014
0
LINE
8
BLACK
6
CONTINUOUS
10
6.9693005905511809
20
-3.7528787007874014
11
6.9714294094488185
21
-3.753760433070866
0
LINE
8
BLACK
6
CONTINUOUS
10
6.9714294094488185
20
-3.753760433070866
11
6.9723243307086609
21
-3.7544948818897637
0
LINE
8
BLACK
6
CONTINUOUS
10
6.9723243307086609
20
-3.7544948818897637
11
6.9747053149606302
21
-3.7568758267716533
0
LINE
8
BLACK
6
CONTINUOUS
10
6.9747053149606302
20
-3.7568758267716533
11
6.9754397637795273
21
-3.7577707480314961
0
LINE
8
BLACK
6
CONTINUOUS
10
6.9754397637795273
20
-3.7577707480314961
11
6.9755209448818896
21
-3.7579667716535434
0
LINE
8
BLACK
6
CONTINUOUS
10
6.9755209448818896
20
-3.7579667716535434
11
6.9756599999999995
21
-3.7581270866141732
0
LINE
8
BLACK
6
CONTINUOUS
10
6.9756599999999995
20
-3.7581270866141732
11
6.9761320078740159
21
-3.7591842125984249
0
LINE
8
BLACK
6
CONTINUOUS
10
6.9761320078740159
20
-3.7591842125984249
11
6.9785129527559056
21
-3.7663270866141731
0
LINE
8
BLACK
6
CONTINUOUS
10
6.9785129527559056
20
-3.7663270866141731
11
6.9786428346456688
21
-3.7668984251968505
0
LINE
8
BLACK
6
CONTINUOUS
10
6.9786428346456688
20
-3.7668984251968505
11
6.9787025196850392
21
-3.7670424409448819
0
LINE
8
BLACK
6
CONTINUOUS
10
6.9787025196850392
20
-3.7670424409448819
11
6.9787230708661419
21
-3.7672511811023619
0
LINE
8
BLACK
6
CONTINUOUS
10
6.9787230708661419
20
-3.7672511811023619
11
6.9787696456692911
21
-3.7674559842519684
0
LINE
8
BLACK
6
CONTINUOUS
10
6.9787696456692911
20
-3.7674559842519684
11
6.9787585433070864
21
-3.7676116535433071
0
LINE
8
BLACK
6
CONTINUOUS
10
6.9787585433070864
20
-3.7676116535433071
11
6.9788159842519679
21
-3.7681945669291337
0
LINE
8
BLACK
6
CONTINUOUS
10
6.9788159842519679
20
-3.7681945669291337
11
6.9788159842519679
21
-3.7729564566929135
0
LINE
8
BLACK
6
CONTINUOUS
10
6.9788159842519679
20
-3.7729564566929135
11
6.9787585433070864
21
-3.7735393307086613
0
LINE
8
BLACK
6
CONTINUOUS
10
6.9787585433070864
20
-3.7735393307086613
11
6.9787696456692911
21
-3.7736950393700788
0
LINE
8
BLACK
6
CONTINUOUS
10
6.9787696456692911
20
-3.7736950393700788
11
6.9787230708661419
21
-3.773899803149606
0
LINE
8
BLACK
6
CONTINUOUS
10
6.9787230708661419
20
-3.773899803149606
11
6.9787025196850392
21
-3.7741085826771652
0
LINE
8
BLACK
6
CONTINUOUS
10
6.9787025196850392
20
-3.7741085826771652
11
6.9786428346456688
21
-3.7742525590551179
0
LINE
8
BLACK
6
CONTINUOUS
10
6.9786428346456688
20
-3.7742525590551179
11
6.9785129527559056
21
-3.774823937007874
0
LINE
8
BLACK
6
CONTINUOUS
10
6.9785129527559056
20
-3.774823937007874
11
6.9761320078740159
21
-3.7819668110236218
0
LINE
8
BLACK
6
CONTINUOUS
10
6.9761320078740159
20
-3.7819668110236218
11
6.9756599999999995
21
-3.783023937007874
0
LINE
8
BLACK
6
CONTINUOUS
10
6.9756599999999995
20
-3.783023937007874
11
6.9755210236220471
21
-3.7831841338582675
0
LINE
8
BLACK
6
CONTINUOUS
10
6.9755210236220471
20
-3.7831841338582675
11
6.9754398031496061
21
-3.783380275590551
0
LINE
8
BLACK
6
CONTINUOUS
10
6.9754398031496061
20
-3.783380275590551
11
6.9747053543307089
21
-3.7842751574803151
0
LINE
8
BLACK
6
CONTINUOUS
10
6.9747053543307089
20
-3.7842751574803151
11
6.96994342519685
21
-3.7890370472440944
0
LINE
8
BLACK
6
CONTINUOUS
10
6.96994342519685
20
-3.7890370472440944
11
6.9694905905511808
21
-3.7894086220472438
0
LINE
8
BLACK
6
CONTINUOUS
10
6.9694905905511808
20
-3.7894086220472438
11
6.9693884251968505
21
-3.789526496062992
0
LINE
8
BLACK
6
CONTINUOUS
10
6.9693884251968505
20
-3.789526496062992
11
6.969210708661417
21
-3.7896383464566927
0
LINE
8
BLACK
6
CONTINUOUS
10
6.969210708661417
20
-3.7896383464566927
11
6.9690485039370076
21
-3.789771496062992
0
LINE
8
BLACK
6
CONTINUOUS
10
6.9690485039370076
20
-3.789771496062992
11
6.9689044488188978
21
-3.7898311417322832
0
LINE
8
BLACK
6
CONTINUOUS
10
6.9689044488188978
20
-3.7898311417322832
11
6.9684086614173228
21
-3.7901432677165352
0
LINE
8
BLACK
6
CONTINUOUS
10
6.9684086614173228
20
-3.7901432677165352
11
6.9636467716535435
21
-3.7925242519685041
0
LINE
8
BLACK
6
CONTINUOUS
10
6.9636467716535435
20
-3.7925242519685041
11
6.9635624803149607
21
-3.7925564960629918
0
LINE
8
BLACK
6
CONTINUOUS
10
6.9635624803149607
20
-3.7925564960629918
11
6.9635282283464566
21
-3.7925818897637793
0
LINE
8
BLACK
6
CONTINUOUS
10
6.9635282283464566
20
-3.7925818897637793
11
6.9630450787401577
21
-3.7927544881889763
0
LINE
8
BLACK
6
CONTINUOUS
10
6.9630450787401577
20
-3.7927544881889763
11
6.9625655511811022
21
-3.7929379921259843
0
LINE
8
BLACK
6
CONTINUOUS
10
6.9625655511811022
20
-3.7929379921259843
11
6.9625229527559052
21
-3.7929409842519686
0
LINE
8
BLACK
6
CONTINUOUS
10
6.9625229527559052
20
-3.7929409842519686
11
6.9624379921259845
21
-3.7929713779527559
0
LINE
8
BLACK
6
CONTINUOUS
10
6.9624379921259845
20
-3.7929713779527559
11
6.9529141732283462
21
-3.7953523228346455
0
LINE
8
BLACK
6
CONTINUOUS
10
6.9529141732283462
20
-3.7953523228346455
11
6.9527144881889766
21
-3.7953818110236219
0
LINE
8
BLACK
6
CONTINUOUS
10
6.9527144881889766
20
-3.7953818110236219
11
6.9526340157480311
21
-3.7954151968503935
0
LINE
8
BLACK
6
CONTINUOUS
10
6.9526340157480311
20
-3.7954151968503935
11
6.9522000393700782
21
-3.7954579133858268
0
LINE
8
BLACK
6
CONTINUOUS
10
6.9522000393700782
20
-3.7954579133858268
11
6.9517689370078735
21
-3.7955216929133857
0
LINE
8
BLACK
6
CONTINUOUS
10
6.9517689370078735
20
-3.7955216929133857
11
6.9516827952755902
21
-3.7955088582677163
0
LINE
8
BLACK
6
CONTINUOUS
10
6.9516827952755902
20
-3.7955088582677163
11
6.9514818897637793
21
-3.7955286614173227
0
LINE
8
BLACK
6
CONTINUOUS
10
6.9514818897637793
20
-3.7955286614173227
11
6.9443390157480316
21
-3.7955286614173227
0
LINE
8
BLACK
6
CONTINUOUS
10
6.9443390157480316
20
-3.7955286614173227
11
6.944138070866142
21
-3.7955088582677163
0
LINE
8
BLACK
6
CONTINUOUS
10
6.944138070866142
20
-3.7955088582677163
11
6.9440519685039366
21
-3.7955216929133857
0
LINE
8
BLACK
6
CONTINUOUS
10
6.9440519685039366
20
-3.7955216929133857
11
6.943620826771653
21
-3.7954579133858268
0
LINE
8
BLACK
6
CONTINUOUS
10
6.943620826771653
20
-3.7954579133858268
11
6.943186889763779
21
-3.7954151968503935
0
LINE
8
BLACK
6
CONTINUOUS
10
6.943186889763779
20
-3.7954151968503935
11
6.9431063779527555
21
-3.7953818110236219
0
LINE
8
BLACK
6
CONTINUOUS
10
6.9431063779527555
20
-3.7953818110236219
11
6.9429067322834648
21
-3.7953523228346455
0
LINE
8
BLACK
6
CONTINUOUS
10
6.9429067322834648
20
-3.7953523228346455
11
6.9333829527559052
21
-3.7929713779527559
0
LINE
8
BLACK
6
CONTINUOUS
10
6.9333829527559052
20
-3.7929713779527559
11
6.9332980708661411
21
-3.7929410236220473
0
LINE
8
BLACK
6
CONTINUOUS
10
6.9332980708661411
20
-3.7929410236220473
11
6.9332554330708662
21
-3.792938031496063
0
LINE
8
BLACK
6
CONTINUOUS
10
6.9332554330708662
20
-3.792938031496063
11
6.932775551181102
21
-3.7927543700787401
0
LINE
8
BLACK
6
CONTINUOUS
10
6.932775551181102
20
-3.7927543700787401
11
6.9322927165354331
21
-3.7925818897637793
0
LINE
8
BLACK
6
CONTINUOUS
10
6.9322927165354331
20
-3.7925818897637793
11
6.9322583858267715
21
-3.7925564566929131
0
LINE
8
BLACK
6
CONTINUOUS
10
6.9322583858267715
20
-3.7925564566929131
11
6.9321742125984249
21
-3.7925242519685041
0
LINE
8
BLACK
6
CONTINUOUS
10
6.9321742125984249
20
-3.7925242519685041
11
6.9274122834645668
21
-3.7901432677165352
0
LINE
8
BLACK
6
CONTINUOUS
10
6.9274122834645668
20
-3.7901432677165352
11
6.9269164566929131
21
-3.7898311417322832
0
LINE
8
BLACK
6
CONTINUOUS
10
6.9269164566929131
20
-3.7898311417322832
11
6.9267724015748033
21
-3.789771496062992
0
LINE
8
BLACK
6
CONTINUOUS
10
6.9267724015748033
20
-3.789771496062992
11
6.9266101968503939
21
-3.7896383464566927
0
LINE
8
BLACK
6
CONTINUOUS
10
6.9266101968503939
20
-3.7896383464566927
11
6.9264325196850391
21
-3.7895265354330707
0
LINE
8
BLACK
6
CONTINUOUS
10
6.9264325196850391
20
-3.7895265354330707
11
6.9263302755905514
21
-3.7894086220472438
0
LINE
8
BLACK
6
CONTINUOUS
10
6.9263302755905514
20
-3.7894086220472438
11
6.9258774803149601
21
-3.7890370472440944
0
LINE
8
BLACK
6
CONTINUOUS
10
6.9258774803149601
20
-3.7890370472440944
11
6.9211155905511808
21
-3.7842751574803151
0
LINE
8
BLACK
6
CONTINUOUS
10
6.9211155905511808
20
-3.7842751574803151
11
6.9203811417322836
21
-3.7833802362204723
0
LINE
8
BLACK
6
CONTINUOUS
10
6.9203811417322836
20
-3.7833802362204723
11
6.9202999212598426
21
-3.7831841732283462
0
LINE
8
BLACK
6
CONTINUOUS
10
6.9202999212598426
20
-3.7831841732283462
11
6.9201609448818893
21
-3.783023937007874
0
LINE
8
BLACK
6
CONTINUOUS
10
6.9201609448818893
20
-3.783023937007874
11
6.9196889370078738
21
-3.7819668110236218
0
LINE
8
BLACK
6
CONTINUOUS
10
6.9196889370078738
20
-3.7819668110236218
11
6.9173079921259841
21
-3.774823937007874
0
LINE
8
BLACK
6
CONTINUOUS
10
6.9173079921259841
20
-3.774823937007874
11
6.9171780708661412
21
-3.7742525590551179
0
LINE
8
BLACK
6
CONTINUOUS
10
6.9171780708661412
20
-3.7742525590551179
11
6.9171184251968505
21
-3.7741085826771652
0
LINE
8
BLACK
6
CONTINUOUS
10
6.9171184251968505
20
-3.7741085826771652
11
6.9170978346456691
21
-3.773899803149606
0
LINE
8
BLACK
6
CONTINUOUS
10
6.9170978346456691
20
-3.773899803149606
11
6.9170512992125985
21
-3.7736950393700788
0
LINE
8
BLACK
6
CONTINUOUS
10
6.9170512992125985
20
-3.7736950393700788
11
6.9170623622047245
21
-3.7735393307086613
0
LINE
8
BLACK
6
CONTINUOUS
10
6.9170623622047245
20
-3.7735393307086613
11
6.9170049606299209
21
-3.7729564566929135
0
LINE
8
BLACK
6
CONTINUOUS
10
6.9170049606299209
20
-3.7729564566929135
11
6.9170049606299209
21
-3.7681945669291337
0
LINE
8
BLACK
6
CONTINUOUS
10
6.9170049606299209
20
-3.7681945669291337
11
6.9170623622047245
21
-3.7676116535433071
0
LINE
8
BLACK
6
CONTINUOUS
10
6.9170623622047245
20
-3.7676116535433071
11
6.9170512992125985
21
-3.7674559842519684
0
LINE
8
BLACK
6
CONTINUOUS
10
6.9170512992125985
20
-3.7674559842519684
11
6.9170978346456691
21
-3.7672511811023619
0
LINE
8
BLACK
6
CONTINUOUS
10
6.9170978346456691
20
-3.7672511811023619
11
6.9171184251968505
21
-3.7670424409448819
0
LINE
8
BLACK
6
CONTINUOUS
10
6.9171184251968505
20
-3.7670424409448819
11
6.9171780708661412
21
-3.7668984251968505
0
LINE
8
BLACK
6
CONTINUOUS
10
6.9171780708661412
20
-3.7668984251968505
11
6.9173079921259841
21
-3.7663270866141731
0
LINE
8
BLACK
6
CONTINUOUS
10
6.9173079921259841
20
-3.7663270866141731
11
6.9196889370078738
21
-3.7591842125984249
0
LINE
8
BLACK
6
CONTINUOUS
10
6.9196889370078738
20
-3.7591842125984249
11
6.9201609448818893
21
-3.7581270866141732
0
LINE
8
BLACK
6
CONTINUOUS
10
6.9201609448818893
20
-3.7581270866141732
11
6.9202999212598426
21
-3.7579668110236222
0
LINE
8
BLACK
6
CONTINUOUS
10
6.9202999212598426
20
-3.7579668110236222
11
6.9203811417322836
21
-3.7577707874015749
0
LINE
8
BLACK
6
CONTINUOUS
10
6.9203811417322836
20
-3.7577707874015749
11
6.9211155905511808
21
-3.7568758661417321
0
LINE
8
BLACK
6
CONTINUOUS
10
6.9211155905511808
20
-3.7568758661417321
11
6.9234965354330704
21
-3.7544949212598424
0
LINE
8
BLACK
6
CONTINUOUS
10
6.9234965354330704
20
-3.7544949212598424
11
6.9243914566929137
21
-3.7537604724409448
0
LINE
8
BLACK
6
CONTINUOUS
10
6.9243914566929137
20
-3.7537604724409448
11
6.9265202755905513
21
-3.7528787007874014
0
LINE
8
BLACK
6
CONTINUOUS
10
6.9265202755905513
20
-3.7528787007874014
11
6.9288244488188973
21
-3.7528787007874014
0
LINE
8
BLACK
6
CONTINUOUS
10
6.9288244488188973
20
-3.7528787007874014
11
6.9309532677165349
21
-3.7537604724409448
0
LINE
8
BLACK
6
CONTINUOUS
10
6.193855826771653
20
-3.7378820866141731
11
6.1939335826771655
21
-3.7378765748031495
0
LINE
8
BLACK
6
CONTINUOUS
10
6.1939335826771655
20
-3.7378765748031495
11
6.1940358267716533
21
-3.737899803149606
0
LINE
8
BLACK
6
CONTINUOUS
10
6.1940358267716533
20
-3.737899803149606
11
6.1941403543307088
21
-3.7379101181102361
0
LINE
8
BLACK
6
CONTINUOUS
10
6.1941403543307088
20
-3.7379101181102361
11
6.1942124409448818
21
-3.7379399606299213
0
LINE
8
BLACK
6
CONTINUOUS
10
6.1942124409448818
20
-3.7379399606299213
11
6.1944980314960629
21
-3.7380049212598423
0
LINE
8
BLACK
6
CONTINUOUS
10
6.1944980314960629
20
-3.7380049212598423
11
6.2001223228346456
21
-3.7398796850393698
0
LINE
8
BLACK
6
CONTINUOUS
10
6.2001223228346456
20
-3.7398796850393698
11
6.2006508661417321
21
-3.7401156692913387
0
LINE
8
BLACK
6
CONTINUOUS
10
6.2006508661417321
20
-3.7401156692913387
11
6.200730984251968
21
-3.7401851574803149
0
LINE
8
BLACK
6
CONTINUOUS
10
6.200730984251968
20
-3.7401851574803149
11
6.2008290551181098
21
-3.7402257874015747
0
LINE
8
BLACK
6
CONTINUOUS
10
6.2008290551181098
20
-3.7402257874015747
11
6.2012764960629916
21
-3.740592992125984
0
LINE
8
BLACK
6
CONTINUOUS
10
6.2012764960629916
20
-3.740592992125984
11
6.2187330314960629
21
-3.7580494881889761
0
LINE
8
BLACK
6
CONTINUOUS
10
6.2187330314960629
20
-3.7580494881889761
11
6.2187330314960629
21
-3.7408061417322833
0
LINE
8
BLACK
6
CONTINUOUS
10
6.2187330314960629
20
-3.7408061417322833
11
6.2187897637795277
21
-3.7402300787401574
0
LINE
8
BLACK
6
CONTINUOUS
10
6.2187897637795277
20
-3.7402300787401574
11
6.2192306692913384
21
-3.7391656692913386
0
LINE
8
BLACK
6
CONTINUOUS
10
6.2192306692913384
20
-3.7391656692913386
11
6.2200453149606298
21
-3.7383510236220472
0
LINE
8
BLACK
6
CONTINUOUS
10
6.2200453149606298
20
-3.7383510236220472
11
6.2211097244094491
21
-3.7379101181102361
0
LINE
8
BLACK
6
CONTINUOUS
10
6.2211097244094491
20
-3.7379101181102361
11
6.2222618503937008
21
-3.7379101181102361
0
LINE
8
BLACK
6
CONTINUOUS
10
6.2222618503937008
20
-3.7379101181102361
11
6.2233262598425192
21
-3.7383510236220472
0
LINE
8
BLACK
6
CONTINUOUS
10
6.2233262598425192
20
-3.7383510236220472
11
6.2241409055118107
21
-3.7391656692913386
0
LINE
8
BLACK
6
CONTINUOUS
10
6.2241409055118107
20
-3.7391656692913386
11
6.2245818110236222
21
-3.7402300787401574
0
LINE
8
BLACK
6
CONTINUOUS
10
6.2245818110236222
20
-3.7402300787401574
11
6.2246385433070861
21
-3.7408061417322833
0
LINE
8
BLACK
6
CONTINUOUS
10
6.2246385433070861
20
-3.7408061417322833
11
6.2246385433070861
21
-3.7651780708661415
0
LINE
8
BLACK
6
CONTINUOUS
10
6.2246385433070861
20
-3.7651780708661415
11
6.2245818110236222
21
-3.7657541338582678
0
LINE
8
BLACK
6
CONTINUOUS
10
6.2245818110236222
20
-3.7657541338582678
11
6.2244526771653543
21
-3.7660658661417323
0
LINE
8
BLACK
6
CONTINUOUS
10
6.2244526771653543
20
-3.7660658661417323
11
6.2241409448818894
21
-3.7668185433070867
0
LINE
8
BLACK
6
CONTINUOUS
10
6.2241409448818894
20
-3.7668185433070867
11
6.2233262598425192
21
-3.7676331889763777
0
LINE
8
BLACK
6
CONTINUOUS
10
6.2233262598425192
20
-3.7676331889763777
11
6.2222618503937008
21
-3.7680740944881888
0
LINE
8
BLACK
6
CONTINUOUS
10
6.2222618503937008
20
-3.7680740944881888
11
6.2211097637795278
21
-3.7680740944881888
0
LINE
8
BLACK
6
CONTINUOUS
10
6.2211097637795278
20
-3.7680740944881888
11
6.2211097244094491
21
-3.7680740944881888
0
LINE
8
BLACK
6
CONTINUOUS
10
6.2211097244094491
20
-3.7680740944881888
11
6.2207979527559054
21
-3.7679449606299213
0
LINE
8
BLACK
6
CONTINUOUS
10
6.2207979527559054
20
-3.7679449606299213
11
6.2200453149606298
21
-3.7676332283464564
0
LINE
8
BLACK
6
CONTINUOUS
10
6.2200453149606298
20
-3.7676332283464564
11
6.219597874015748
21
-3.7672659842519685
0
LINE
8
BLACK
6
CONTINUOUS
10
6.219597874015748
20
-3.7672659842519685
11
6.1975935433070868
21
-3.745261692913386
0
LINE
8
BLACK
6
CONTINUOUS
10
6.1975935433070868
20
-3.745261692913386
11
6.193085157480315
21
-3.7437588976377953
0
LINE
8
BLACK
6
CONTINUOUS
10
6.193085157480315
20
-3.7437588976377953
11
6.1905118110236215
21
-3.7437588976377953
0
LINE
8
BLACK
6
CONTINUOUS
10
6.1905118110236215
20
-3.7437588976377953
11
6.1878143307086617
21
-3.7451076377952757
0
LINE
8
BLACK
6
CONTINUOUS
10
6.1878143307086617
20
-3.7451076377952757
11
6.186617204724409
21
-3.7463047637795275
0
LINE
8
BLACK
6
CONTINUOUS
10
6.186617204724409
20
-3.7463047637795275
11
6.1852684645669287
21
-3.7490022440944881
0
LINE
8
BLACK
6
CONTINUOUS
10
6.1852684645669287
20
-3.7490022440944881
11
6.1852684645669287
21
-3.7569819685039367
0
LINE
8
BLACK
6
CONTINUOUS
10
6.1852684645669287
20
-3.7569819685039367
11
6.186617204724409
21
-3.7596794488188974
0
LINE
8
BLACK
6
CONTINUOUS
10
6.186617204724409
20
-3.7596794488188974
11
6.1881531496062987
21
-3.7612153937007875
0
LINE
8
BLACK
6
CONTINUOUS
10
6.1881531496062987
20
-3.7612153937007875
11
6.1885203543307084
21
-3.7616628346456693
0
LINE
8
BLACK
6
CONTINUOUS
10
6.1885203543307084
20
-3.7616628346456693
11
6.1889612598425199
21
-3.7627272440944881
0
LINE
8
BLACK
6
CONTINUOUS
10
6.1889612598425199
20
-3.7627272440944881
11
6.1889612598425199
21
-3.7638793307086615
0
LINE
8
BLACK
6
CONTINUOUS
10
6.1889612598425199
20
-3.7638793307086615
11
6.1885203543307084
21
-3.7649437401574803
0
LINE
8
BLACK
6
CONTINUOUS
10
6.1885203543307084
20
-3.7649437401574803
11
6.1877056692913381
21
-3.7657584251968501
0
LINE
8
BLACK
6
CONTINUOUS
10
6.1877056692913381
20
-3.7657584251968501
11
6.1866412598425198
21
-3.7661993307086612
0
LINE
8
BLACK
6
CONTINUOUS
10
6.1866412598425198
20
-3.7661993307086612
11
6.1854891732283459
21
-3.7661993307086612
0
LINE
8
BLACK
6
CONTINUOUS
10
6.1854891732283459
20
-3.7661993307086612
11
6.1844247637795275
21
-3.7657584251968501
0
LINE
8
BLACK
6
CONTINUOUS
10
6.1844247637795275
20
-3.7657584251968501
11
6.1839773228346457
21
-3.7653912204724409
0
LINE
8
BLACK
6
CONTINUOUS
10
6.1839773228346457
20
-3.7653912204724409
11
6.1821025590551182
21
-3.7635164566929133
0
LINE
8
BLACK
6
CONTINUOUS
10
6.1821025590551182
20
-3.7635164566929133
11
6.181916771653543
21
-3.7632900787401575
0
LINE
8
BLACK
6
CONTINUOUS
10
6.181916771653543
20
-3.7632900787401575
11
6.1818577952755902
21
-3.7632389370078738
0
LINE
8
BLACK
6
CONTINUOUS
10
6.1818577952755902
20
-3.7632389370078738
11
6.1818018110236217
21
-3.7631499606299212
0
LINE
8
BLACK
6
CONTINUOUS
10
6.1818018110236217
20
-3.7631499606299212
11
6.1817353543307085
21
-3.7630690157480315
0
LINE
8
BLACK
6
CONTINUOUS
10
6.1817353543307085
20
-3.7630690157480315
11
6.1817055118110238
21
-3.7629970472440943
0
LINE
8
BLACK
6
CONTINUOUS
10
6.1817055118110238
20
-3.7629970472440943
11
6.1815494488188971
21
-3.76274905511811
0
LINE
8
BLACK
6
CONTINUOUS
10
6.1815494488188971
20
-3.76274905511811
11
6.1796746850393696
21
-3.7589995275590549
0
LINE
8
BLACK
6
CONTINUOUS
10
6.1796746850393696
20
-3.7589995275590549
11
6.1794677952755901
21
-3.7584588976377953
0
LINE
8
BLACK
6
CONTINUOUS
10
6.1794677952755901
20
-3.7584588976377953
11
6.179460275590551
21
-3.7583530708661415
0
LINE
8
BLACK
6
CONTINUOUS
10
6.179460275590551
20
-3.7583530708661415
11
6.1794196850393703
21
-3.7582550787401572
0
LINE
8
BLACK
6
CONTINUOUS
10
6.1794196850393703
20
-3.7582550787401572
11
6.1793629527559055
21
-3.7576790157480313
0
LINE
8
BLACK
6
CONTINUOUS
10
6.1793629527559055
20
-3.7576790157480313
11
6.1793629527559055
21
-3.7483051968503935
0
LINE
8
BLACK
6
CONTINUOUS
10
6.1793629527559055
20
-3.7483051968503935
11
6.1794196850393703
21
-3.7477291338582677
0
LINE
8
BLACK
6
CONTINUOUS
10
6.1794196850393703
20
-3.7477291338582677
11
6.179460275590551
21
-3.7476311023622046
0
LINE
8
BLACK
6
CONTINUOUS
10
6.179460275590551
20
-3.7476311023622046
11
6.1794677952755901
21
-3.74752531496063
0
LINE
8
BLACK
6
CONTINUOUS
10
6.1794677952755901
20
-3.74752531496063
11
6.1796746850393696
21
-3.74698468503937
0
LINE
8
BLACK
6
CONTINUOUS
10
6.1796746850393696
20
-3.74698468503937
11
6.1815494488188971
21
-3.7432351574803149
0
LINE
8
BLACK
6
CONTINUOUS
10
6.1815494488188971
20
-3.7432351574803149
11
6.1817055118110238
21
-3.7429871259842518
0
LINE
8
BLACK
6
CONTINUOUS
10
6.1817055118110238
20
-3.7429871259842518
11
6.1817353543307085
21
-3.7429151968503938
0
LINE
8
BLACK
6
CONTINUOUS
10
6.1817353543307085
20
-3.7429151968503938
11
6.1818018110236217
21
-3.7428342125984253
0
LINE
8
BLACK
6
CONTINUOUS
10
6.1818018110236217
20
-3.7428342125984253
11
6.1818577952755902
21
-3.742745275590551
0
LINE
8
BLACK
6
CONTINUOUS
10
6.1818577952755902
20
-3.742745275590551
11
6.181916771653543
21
-3.742694094488189
0
LINE
8
BLACK
6
CONTINUOUS
10
6.181916771653543
20
-3.742694094488189
11
6.1821025590551182
21
-3.7424677559055115
0
LINE
8
BLACK
6
CONTINUOUS
10
6.1821025590551182
20
-3.7424677559055115
11
6.1839773228346457
21
-3.740592992125984
0
LINE
8
BLACK
6
CONTINUOUS
10
6.1839773228346457
20
-3.740592992125984
11
6.1842036614173228
21
-3.7404072047244092
0
LINE
8
BLACK
6
CONTINUOUS
10
6.1842036614173228
20
-3.7404072047244092
11
6.1842548425196853
21
-3.7403482283464564
0
LINE
8
BLACK
6
CONTINUOUS
10
6.1842548425196853
20
-3.7403482283464564
11
6.1843437795275591
21
-3.7402922440944879
0
LINE
8
BLACK
6
CONTINUOUS
10
6.1843437795275591
20
-3.7402922440944879
11
6.1844247637795275
21
-3.7402257874015747
0
LINE
8
BLACK
6
CONTINUOUS
10
6.1844247637795275
20
-3.7402257874015747
11
6.1844966929133856
21
-3.7401959448818896
0
LINE
8
BLACK
6
CONTINUOUS
10
6.1844966929133856
20
-3.7401959448818896
11
6.1847447244094491
21
-3.7400398818897638
0
LINE
8
BLACK
6
CONTINUOUS
10
6.1847447244094491
20
-3.7400398818897638
11
6.1884942519685042
21
-3.7381651181102362
0
LINE
8
BLACK
6
CONTINUOUS
10
6.1884942519685042
20
-3.7381651181102362
11
6.1890348425196846
21
-3.7379582283464567
0
LINE
8
BLACK
6
CONTINUOUS
10
6.1890348425196846
20
-3.7379582283464567
11
6.1891407086614167
21
-3.7379506692913385
0
LINE
8
BLACK
6
CONTINUOUS
10
6.1891407086614167
20
-3.7379506692913385
11
6.189238700787401
21
-3.7379101181102361
0
LINE
8
BLACK
6
CONTINUOUS
10
6.189238700787401
20
-3.7379101181102361
11
6.1898147637795278
21
-3.7378533858267717
0
LINE
8
BLACK
6
CONTINUOUS
10
6.1898147637795278
20
-3.7378533858267717
11
6.1935642913385829
21
-3.7378533858267717
0
LINE
8
BLACK
6
CONTINUOUS
10
6.1935642913385829
20
-3.7378533858267717
11
6.193855826771653
21
-3.7378820866141731
0
LINE
8
BLACK
6
CONTINUOUS
10
6.9234778346456691
20
-3.7028787007874016
11
6.9240625984251967
21
-3.7028787007874016
0
LINE
8
BLACK
6
CONTINUOUS
10
6.9240625984251967
20
-3.7028787007874016
11
6.9245971653543306
21
-3.7031001181102363
0
LINE
8
BLACK
6
CONTINUOUS
10
6.9245971653543306
20
-3.7031001181102363
11
6.9251646850393698
21
-3.7032124015748029
0
LINE
8
BLACK
6
CONTINUOUS
10
6.9251646850393698
20
-3.7032124015748029
11
6.9261862598425195
21
-3.7037570472440944
0
LINE
8
BLACK
6
CONTINUOUS
10
6.9261862598425195
20
-3.7037570472440944
11
6.9670049606299207
21
-3.7309694881889763
0
LINE
8
BLACK
6
CONTINUOUS
10
6.9670049606299207
20
-3.7309694881889763
11
6.9670049606299207
21
-3.708670748031496
0
LINE
8
BLACK
6
CONTINUOUS
10
6.9670049606299207
20
-3.708670748031496
11
6.9671184251968503
21
-3.7075186220472438
0
LINE
8
BLACK
6
CONTINUOUS
10
6.9671184251968503
20
-3.7075186220472438
11
6.9680002362204725
21
-3.7053898031496062
0
LINE
8
BLACK
6
CONTINUOUS
10
6.9680002362204725
20
-3.7053898031496062
11
6.9696295275590545
21
-3.7037605118110237
0
LINE
8
BLACK
6
CONTINUOUS
10
6.9696295275590545
20
-3.7037605118110237
11
6.971758346456693
21
-3.7028787007874016
0
LINE
8
BLACK
6
CONTINUOUS
10
6.971758346456693
20
-3.7028787007874016
11
6.9740625984251965
21
-3.7028787007874016
0
LINE
8
BLACK
6
CONTINUOUS
10
6.9740625984251965
20
-3.7028787007874016
11
6.9761914173228341
21
-3.7037605118110237
0
LINE
8
BLACK
6
CONTINUOUS
10
6.9761914173228341
20
-3.7037605118110237
11
6.977820708661417
21
-3.7053898031496062
0
LINE
8
BLACK
6
CONTINUOUS
10
6.977820708661417
20
-3.7053898031496062
11
6.9787025196850392
21
-3.7075186220472438
0
LINE
8
BLACK
6
CONTINUOUS
10
6.9787025196850392
20
-3.7075186220472438
11
6.9788159842519679
21
-3.708670748031496
0
LINE
8
BLACK
6
CONTINUOUS
10
6.9788159842519679
20
-3.708670748031496
11
6.9788159842519679
21
-3.7420040944881889
0
LINE
8
BLACK
6
CONTINUOUS
10
6.9788159842519679
20
-3.7420040944881889
11
6.9787025196850392
21
-3.7431562204724407
0
LINE
8
BLACK
6
CONTINUOUS
10
6.9787025196850392
20
-3.7431562204724407
11
6.9784810629921257
21
-3.7436907874015746
0
LINE
8
BLACK
6
CONTINUOUS
10
6.9784810629921257
20
-3.7436907874015746
11
6.9783688188976374
21
-3.7442583070866142
0
LINE
8
BLACK
6
CONTINUOUS
10
6.9783688188976374
20
-3.7442583070866142
11
6.9780444488188973
21
-3.7447448031496062
0
LINE
8
BLACK
6
CONTINUOUS
10
6.9780444488188973
20
-3.7447448031496062
11
6.977820708661417
21
-3.7452850393700787
0
LINE
8
BLACK
6
CONTINUOUS
10
6.977820708661417
20
-3.7452850393700787
11
6.9774115748031491
21
-3.7456941338582674
0
LINE
8
BLACK
6
CONTINUOUS
10
6.9774115748031491
20
-3.7456941338582674
11
6.9770906692913384
21
-3.7461755511811021
0
LINE
8
BLACK
6
CONTINUOUS
10
6.9770906692913384
20
-3.7461755511811021
11
6.9766048425196852
21
-3.7465008661417323
0
LINE
8
BLACK
6
CONTINUOUS
10
6.9766048425196852
20
-3.7465008661417323
11
6.9761914173228341
21
-3.7469143307086612
0
LINE
8
BLACK
6
CONTINUOUS
10
6.9761914173228341
20
-3.7469143307086612
11
6.9756568503937002
21
-3.747135748031496
0
LINE
8
BLACK
6
CONTINUOUS
10
6.9756568503937002
20
-3.747135748031496
11
6.9751761023622043
21
-3.747457716535433
0
LINE
8
BLACK
6
CONTINUOUS
10
6.9751761023622043
20
-3.747457716535433
11
6.9746027952755902
21
-3.7475723622047243
0
LINE
8
BLACK
6
CONTINUOUS
10
6.9746027952755902
20
-3.7475723622047243
11
6.9740625984251965
21
-3.7477961417322834
0
LINE
8
BLACK
6
CONTINUOUS
10
6.9740625984251965
20
-3.7477961417322834
11
6.9734839763779526
21
-3.7477961417322834
0
LINE
8
BLACK
6
CONTINUOUS
10
6.9734839763779526
20
-3.7477961417322834
11
6.9729166535433071
21
-3.7479096062992125
0
LINE
8
BLACK
6
CONTINUOUS
10
6.9729166535433071
20
-3.7479096062992125
11
6.9723431102362206
21
-3.7477961417322834
0
LINE
8
BLACK
6
CONTINUOUS
10
6.9723431102362206
20
-3.7477961417322834
11
6.971758346456693
21
-3.7477961417322834
0
LINE
8
BLACK
6
CONTINUOUS
10
6.971758346456693
20
-3.7477961417322834
11
6.9712237795275591
21
-3.7475746850393699
0
LINE
8
BLACK
6
CONTINUOUS
10
6.9712237795275591
20
-3.7475746850393699
11
6.9706562598425199
21
-3.747462440944882
0
LINE
8
BLACK
6
CONTINUOUS
10
6.9706562598425199
20
-3.747462440944882
11
6.9696346850393702
21
-3.7469177559055118
0
LINE
8
BLACK
6
CONTINUOUS
10
6.9696346850393702
20
-3.7469177559055118
11
6.9288159842519681
21
-3.7197052755905511
0
LINE
8
BLACK
6
CONTINUOUS
10
6.9288159842519681
20
-3.7197052755905511
11
6.9288159842519681
21
-3.7420040944881889
0
LINE
8
BLACK
6
CONTINUOUS
10
6.9288159842519681
20
-3.7420040944881889
11
6.9287025196850394
21
-3.7431562204724407
0
LINE
8
BLACK
6
CONTINUOUS
10
6.9287025196850394
20
-3.7431562204724407
11
6.9278207086614172
21
-3.7452850393700787
0
LINE
8
BLACK
6
CONTINUOUS
10
6.9278207086614172
20
-3.7452850393700787
11
6.9261914173228343
21
-3.7469143307086612
0
LINE
8
BLACK
6
CONTINUOUS
10
6.9261914173228343
20
-3.7469143307086612
11
6.9240625984251967
21
-3.7477961417322834
0
LINE
8
BLACK
6
CONTINUOUS
10
6.9240625984251967
20
-3.7477961417322834
11
6.9217583464566932
21
-3.7477961417322834
0
LINE
8
BLACK
6
CONTINUOUS
10
6.9217583464566932
20
-3.7477961417322834
11
6.9196295275590547
21
-3.7469143307086612
0
LINE
8
BLACK
6
CONTINUOUS
10
6.9196295275590547
20
-3.7469143307086612
11
6.9180002362204727
21
-3.7452850393700787
0
LINE
8
BLACK
6
CONTINUOUS
10
6.9180002362204727
20
-3.7452850393700787
11
6.9171184251968505
21
-3.7431562204724407
0
LINE
8
BLACK
6
CONTINUOUS
10
6.9171184251968505
20
-3.7431562204724407
11
6.9170049606299209
21
-3.7420040944881889
0
LINE
8
BLACK
6
CONTINUOUS
10
6.9170049606299209
20
-3.7420040944881889
11
6.9170049606299209
21
-3.708670748031496
0
LINE
8
BLACK
6
CONTINUOUS
10
6.9170049606299209
20
-3.708670748031496
11
6.9171184251968505
21
-3.7075186220472438
0
LINE
8
BLACK
6
CONTINUOUS
10
6.9171184251968505
20
-3.7075186220472438
11
6.9173398425196853
21
-3.7069840157480316
0
LINE
8
BLACK
6
CONTINUOUS
10
6.9173398425196853
20
-3.7069840157480316
11
6.9174521259842514
21
-3.7064165354330707
0
LINE
8
BLACK
6
CONTINUOUS
10
6.9174521259842514
20
-3.7064165354330707
11
6.9177764566929136
21
-3.7059299999999999
0
LINE
8
BLACK
6
CONTINUOUS
10
6.9177764566929136
20
-3.7059299999999999
11
6.9180002362204727
21
-3.7053898031496062
0
LINE
8
BLACK
6
CONTINUOUS
10
6.9180002362204727
20
-3.7053898031496062
11
6.9184092519685034
21
-3.7049807480314958
0
LINE
8
BLACK
6
CONTINUOUS
10
6.9184092519685034
20
-3.7049807480314958
11
6.9187302755905513
21
-3.704499251968504
0
LINE
8
BLACK
6
CONTINUOUS
10
6.9187302755905513
20
-3.704499251968504
11
6.919216181102362
21
-3.7041738188976376
0
LINE
8
BLACK
6
CONTINUOUS
10
6.919216181102362
20
-3.7041738188976376
11
6.9196295275590547
21
-3.7037605118110237
0
LINE
8
BLACK
6
CONTINUOUS
10
6.9196295275590547
20
-3.7037605118110237
11
6.9201640157480311
21
-3.703539094488189
0
LINE
8
BLACK
6
CONTINUOUS
10
6.9201640157480311
20
-3.703539094488189
11
6.9206448425196845
21
-3.7032171259842519
0
LINE
8
BLACK
6
CONTINUOUS
10
6.9206448425196845
20
-3.7032171259842519
11
6.9212181496062994
21
-3.7031024409448818
0
LINE
8
BLACK
6
CONTINUOUS
10
6.9212181496062994
20
-3.7031024409448818
11
6.9217583464566932
21
-3.7028787007874016
0
LINE
8
BLACK
6
CONTINUOUS
10
6.9217583464566932
20
-3.7028787007874016
11
6.9223369291338583
21
-3.7028787007874016
0
LINE
8
BLACK
6
CONTINUOUS
10
6.9223369291338583
20
-3.7028787007874016
11
6.9229042519685038
21
-3.7027652362204724
0
LINE
8
BLACK
6
CONTINUOUS
10
6.9229042519685038
20
-3.7027652362204724
11
6.9234778346456691
21
-3.7028787007874016
0
LINE
8
BLACK
6
CONTINUOUS
10
5.618888307086614
20
-3.68462437007874
11
5.6197029527559055
21
-3.6854390157480315
0
LINE
8
BLACK
6
CONTINUOUS
10
5.6197029527559055
20
-3.6854390157480315
11
5.6201438582677161
21
-3.6865034251968503
0
LINE
8
BLACK
6
CONTINUOUS
10
5.6201438582677161
20
-3.6865034251968503
11
5.6202005905511809
21
-3.6870794881889761
0
LINE
8
BLACK
6
CONTINUOUS
10
5.6202005905511809
20
-3.6870794881889761
11
5.6202005905511809
21
-3.7182534251968504
0
LINE
8
BLACK
6
CONTINUOUS
10
5.6202005905511809
20
-3.7182534251968504
11
5.6215493307086613
21
-3.7209509055118111
0
LINE
8
BLACK
6
CONTINUOUS
10
5.6215493307086613
20
-3.7209509055118111
11
5.6227464566929131
21
-3.7221480708661416
0
LINE
8
BLACK
6
CONTINUOUS
10
5.6227464566929131
20
-3.7221480708661416
11
5.6254439370078737
21
-3.723496811023622
0
LINE
8
BLACK
6
CONTINUOUS
10
5.6254439370078737
20
-3.723496811023622
11
5.6315488976377948
21
-3.723496811023622
0
LINE
8
BLACK
6
CONTINUOUS
10
5.6315488976377948
20
-3.723496811023622
11
5.6342463385826766
21
-3.7221480708661416
0
LINE
8
BLACK
6
CONTINUOUS
10
5.6342463385826766
20
-3.7221480708661416
11
5.6354434645669294
21
-3.7209509055118111
0
LINE
8
BLACK
6
CONTINUOUS
10
5.6354434645669294
20
-3.7209509055118111
11
5.6367922440944884
21
-3.7182534251968504
0
LINE
8
BLACK
6
CONTINUOUS
10
5.6367922440944884
20
-3.7182534251968504
11
5.6367922440944884
21
-3.6870794881889761
0
LINE
8
BLACK
6
CONTINUOUS
10
5.6367922440944884
20
-3.6870794881889761
11
5.6368489763779523
21
-3.6865034251968503
0
LINE
8
BLACK
6
CONTINUOUS
10
5.6368489763779523
20
-3.6865034251968503
11
5.6372898818897639
21
-3.6854390157480315
0
LINE
8
BLACK
6
CONTINUOUS
10
5.6372898818897639
20
-3.6854390157480315
11
5.6381045275590553
21
-3.68462437007874
0
LINE
8
BLACK
6
CONTINUOUS
10
5.6381045275590553
20
-3.68462437007874
11
5.6391689370078737
21
-3.6841834645669289
0
LINE
8
BLACK
6
CONTINUOUS
10
5.6391689370078737
20
-3.6841834645669289
11
5.6403210629921254
21
-3.6841834645669289
0
LINE
8
BLACK
6
CONTINUOUS
10
5.6403210629921254
20
-3.6841834645669289
11
5.6413854724409447
21
-3.68462437007874
0
LINE
8
BLACK
6
CONTINUOUS
10
5.6413854724409447
20
-3.68462437007874
11
5.6422001181102361
21
-3.6854390157480315
0
LINE
8
BLACK
6
CONTINUOUS
10
5.6422001181102361
20
-3.6854390157480315
11
5.6426410236220468
21
-3.6865034251968503
0
LINE
8
BLACK
6
CONTINUOUS
10
5.6426410236220468
20
-3.6865034251968503
11
5.6426977559055116
21
-3.6870794881889761
0
LINE
8
BLACK
6
CONTINUOUS
10
5.6426977559055116
20
-3.6870794881889761
11
5.6426977559055116
21
-3.718950472440945
0
LINE
8
BLACK
6
CONTINUOUS
10
5.6426977559055116
20
-3.718950472440945
11
5.6426410236220468
21
-3.7195265354330709
0
LINE
8
BLACK
6
CONTINUOUS
10
5.6426410236220468
20
-3.7195265354330709
11
5.6426004330708661
21
-3.7196244881889764
0
LINE
8
BLACK
6
CONTINUOUS
10
5.6426004330708661
20
-3.7196244881889764
11
5.642592913385827
21
-3.7197303937007873
0
LINE
8
BLACK
6
CONTINUOUS
10
5.642592913385827
20
-3.7197303937007873
11
5.6423860236220476
21
-3.7202709842519686
0
LINE
8
BLACK
6
CONTINUOUS
10
5.6423860236220476
20
-3.7202709842519686
11
5.64051125984252
21
-3.7240205118110237
0
LINE
8
BLACK
6
CONTINUOUS
10
5.64051125984252
20
-3.7240205118110237
11
5.6403551968503933
21
-3.7242683858267718
0
LINE
8
BLACK
6
CONTINUOUS
10
5.6403551968503933
20
-3.7242683858267718
11
5.6403253937007873
21
-3.724340433070866
0
LINE
8
BLACK
6
CONTINUOUS
10
5.6403253937007873
20
-3.724340433070866
11
5.6402588582677167
21
-3.7244214566929132
0
LINE
8
BLACK
6
CONTINUOUS
10
5.6402588582677167
20
-3.7244214566929132
11
5.6402029133858269
21
-3.7245103937007875
0
LINE
8
BLACK
6
CONTINUOUS
10
5.6402029133858269
20
-3.7245103937007875
11
5.6401438976377953
21
-3.7245615354330708
0
LINE
8
BLACK
6
CONTINUOUS
10
5.6401438976377953
20
-3.7245615354330708
11
5.6399581496062989
21
-3.7247879133858266
0
LINE
8
BLACK
6
CONTINUOUS
10
5.6399581496062989
20
-3.7247879133858266
11
5.6380834251968501
21
-3.7266626771653542
0
LINE
8
BLACK
6
CONTINUOUS
10
5.6380834251968501
20
-3.7266626771653542
11
5.6378570472440943
21
-3.7268484251968501
0
LINE
8
BLACK
6
CONTINUOUS
10
5.6378570472440943
20
-3.7268484251968501
11
5.6378058661417318
21
-3.7269074803149604
0
LINE
8
BLACK
6
CONTINUOUS
10
5.6378058661417318
20
-3.7269074803149604
11
5.6377168897637793
21
-3.726963464566929
0
LINE
8
BLACK
6
CONTINUOUS
10
5.6377168897637793
20
-3.726963464566929
11
5.6376359448818896
21
-3.7270299212598426
0
LINE
8
BLACK
6
CONTINUOUS
10
5.6376359448818896
20
-3.7270299212598426
11
5.6375639763779528
21
-3.7270597244094485
0
LINE
8
BLACK
6
CONTINUOUS
10
5.6375639763779528
20
-3.7270597244094485
11
5.637315984251968
21
-3.7272158267716535
0
LINE
8
BLACK
6
CONTINUOUS
10
5.637315984251968
20
-3.7272158267716535
11
5.6335664566929129
21
-3.7290905905511811
0
LINE
8
BLACK
6
CONTINUOUS
10
5.6335664566929129
20
-3.7290905905511811
11
5.6330258267716538
21
-3.7292974803149606
0
LINE
8
BLACK
6
CONTINUOUS
10
5.6330258267716538
20
-3.7292974803149606
11
5.6329199999999995
21
-3.7293049606299213
0
LINE
8
BLACK
6
CONTINUOUS
10
5.6329199999999995
20
-3.7293049606299213
11
5.6328220078740152
21
-3.7293455905511812
0
LINE
8
BLACK
6
CONTINUOUS
10
5.6328220078740152
20
-3.7293455905511812
11
5.6322459448818893
21
-3.7294023228346456
0
LINE
8
BLACK
6
CONTINUOUS
10
5.6322459448818893
20
-3.7294023228346456
11
5.6247468897637791
21
-3.7294023228346456
0
LINE
8
BLACK
6
CONTINUOUS
10
5.6247468897637791
20
-3.7294023228346456
11
5.6241708267716533
21
-3.7293455905511812
0
LINE
8
BLACK
6
CONTINUOUS
10
5.6241708267716533
20
-3.7293455905511812
11
5.624072834645669
21
-3.7293050000000001
0
LINE
8
BLACK
6
CONTINUOUS
10
5.624072834645669
20
-3.7293050000000001
11
5.6239669685039368
21
-3.7292974803149606
0
LINE
8
BLACK
6
CONTINUOUS
10
5.6239669685039368
20
-3.7292974803149606
11
5.6234263779527556
21
-3.7290905905511811
0
LINE
8
BLACK
6
CONTINUOUS
10
5.6234263779527556
20
-3.7290905905511811
11
5.6196768503937005
21
-3.7272158267716535
0
LINE
8
BLACK
6
CONTINUOUS
10
5.6196768503937005
20
-3.7272158267716535
11
5.6194288188976378
21
-3.7270597244094485
0
LINE
8
BLACK
6
CONTINUOUS
10
5.6194288188976378
20
-3.7270597244094485
11
5.6193568897637798
21
-3.7270299212598426
0
LINE
8
BLACK
6
CONTINUOUS
10
5.6193568897637798
20
-3.7270299212598426
11
5.6192759055118113
21
-3.726963464566929
0
LINE
8
BLACK
6
CONTINUOUS
10
5.6192759055118113
20
-3.726963464566929
11
5.6191869685039366
21
-3.7269074803149604
0
LINE
8
BLACK
6
CONTINUOUS
10
5.6191869685039366
20
-3.7269074803149604
11
5.6191357480314963
21
-3.7268484251968501
0
LINE
8
BLACK
6
CONTINUOUS
10
5.6191357480314963
20
-3.7268484251968501
11
5.6189094094488183
21
-3.7266626771653542
0
LINE
8
BLACK
6
CONTINUOUS
10
5.6189094094488183
20
-3.7266626771653542
11
5.6170346456692908
21
-3.7247878740157478
0
LINE
8
BLACK
6
CONTINUOUS
10
5.6170346456692908
20
-3.7247878740157478
11
5.6168488976377953
21
-3.7245615354330708
0
LINE
8
BLACK
6
CONTINUOUS
10
5.6168488976377953
20
-3.7245615354330708
11
5.6167899212598424
21
-3.7245103937007875
0
LINE
8
BLACK
6
CONTINUOUS
10
5.6167899212598424
20
-3.7245103937007875
11
5.6167339370078739
21
-3.7244214566929132
0
LINE
8
BLACK
6
CONTINUOUS
10
5.6167339370078739
20
-3.7244214566929132
11
5.616667440944882
21
-3.724340433070866
0
LINE
8
BLACK
6
CONTINUOUS
10
5.616667440944882
20
-3.724340433070866
11
5.6166375984251964
21
-3.7242683858267718
0
LINE
8
BLACK
6
CONTINUOUS
10
5.6166375984251964
20
-3.7242683858267718
11
5.6164815748031494
21
-3.7240205118110237
0
LINE
8
BLACK
6
CONTINUOUS
10
5.6164815748031494
20
-3.7240205118110237
11
5.6146068110236218
21
-3.7202709842519686
0
LINE
8
BLACK
6
CONTINUOUS
10
5.6146068110236218
20
-3.7202709842519686
11
5.6143999212598423
21
-3.7197303543307085
0
LINE
8
BLACK
6
CONTINUOUS
10
5.6143999212598423
20
-3.7197303543307085
11
5.6143924015748032
21
-3.7196245275590551
0
LINE
8
BLACK
6
CONTINUOUS
10
5.6143924015748032
20
-3.7196245275590551
11
5.6143518110236217
21
-3.7195265354330709
0
LINE
8
BLACK
6
CONTINUOUS
10
5.6143518110236217
20
-3.7195265354330709
11
5.6142950787401578
21
-3.718950472440945
0
LINE
8
BLACK
6
CONTINUOUS
10
5.6142950787401578
20
-3.718950472440945
11
5.6142950787401578
21
-3.6870794881889761
0
LINE
8
BLACK
6
CONTINUOUS
10
5.6142950787401578
20
-3.6870794881889761
11
5.6143518110236217
21
-3.6865034251968503
0
LINE
8
BLACK
6
CONTINUOUS
10
5.6143518110236217
20
-3.6865034251968503
11
5.6147927165354332
21
-3.6854390157480315
0
LINE
8
BLACK
6
CONTINUOUS
10
5.6147927165354332
20
-3.6854390157480315
11
5.6156073622047247
21
-3.68462437007874
0
LINE
8
BLACK
6
CONTINUOUS
10
5.6156073622047247
20
-3.68462437007874
11
5.616671771653543
21
-3.6841834645669289
0
LINE
8
BLACK
6
CONTINUOUS
10
5.616671771653543
20
-3.6841834645669289
11
5.6178238976377948
21
-3.6841834645669289
0
LINE
8
BLACK
6
CONTINUOUS
10
5.6178238976377948
20
-3.6841834645669289
11
5.618888307086614
21
-3.68462437007874
0
LINE
8
BLACK
6
CONTINUOUS
10
5.6681501574803148
20
-3.6841834645669289
11
5.6684425590551184
21
-3.6841834645669289
0
LINE
8
BLACK
6
CONTINUOUS
10
5.6684425590551184
20
-3.6841834645669289
11
5.6687098031496062
21
-3.6842941732283463
0
LINE
8
BLACK
6
CONTINUOUS
10
5.6687098031496062
20
-3.6842941732283463
11
5.6689936220472443
21
-3.6843503149606298
0
LINE
8
BLACK
6
CONTINUOUS
10
5.6689936220472443
20
-3.6843503149606298
11
5.6692368897637797
21
-3.6845124803149605
0
LINE
8
BLACK
6
CONTINUOUS
10
5.6692368897637797
20
-3.6845124803149605
11
5.6695069685039368
21
-3.68462437007874
0
LINE
8
BLACK
6
CONTINUOUS
10
5.6695069685039368
20
-3.68462437007874
11
5.6697114173228345
21
-3.6848288188976377
0
LINE
8
BLACK
6
CONTINUOUS
10
5.6697114173228345
20
-3.6848288188976377
11
5.6699522440944881
21
-3.6849893700787399
0
LINE
8
BLACK
6
CONTINUOUS
10
5.6699522440944881
20
-3.6849893700787399
11
5.6701149606299213
21
-3.6852323622047245
0
LINE
8
BLACK
6
CONTINUOUS
10
5.6701149606299213
20
-3.6852323622047245
11
5.6703216141732282
21
-3.6854390157480315
0
LINE
8
BLACK
6
CONTINUOUS
10
5.6703216141732282
20
-3.6854390157480315
11
5.6704322834645664
21
-3.6857062204724409
0
LINE
8
BLACK
6
CONTINUOUS
10
5.6704322834645664
20
-3.6857062204724409
11
5.6705933070866141
21
-3.685946653543307
0
LINE
8
BLACK
6
CONTINUOUS
10
5.6705933070866141
20
-3.685946653543307
11
5.6706506299212593
21
-3.686233307086614
0
LINE
8
BLACK
6
CONTINUOUS
10
5.6706506299212593
20
-3.686233307086614
11
5.6707625196850389
21
-3.6865034251968503
0
LINE
8
BLACK
6
CONTINUOUS
10
5.6707625196850389
20
-3.6865034251968503
11
5.6708186220472436
21
-3.6870733464566929
0
LINE
8
BLACK
6
CONTINUOUS
10
5.6708186220472436
20
-3.6870733464566929
11
5.6708192519685037
21
-3.687076377952756
0
LINE
8
BLACK
6
CONTINUOUS
10
5.6708192519685037
20
-3.687076377952756
11
5.6708190157480312
21
-3.6870774015748031
0
LINE
8
BLACK
6
CONTINUOUS
10
5.6708190157480312
20
-3.6870774015748031
11
5.6708192519685037
21
-3.6870794881889761
0
LINE
8
BLACK
6
CONTINUOUS
10
5.6708192519685037
20
-3.6870794881889761
11
5.6708192519685037
21
-3.723496811023622
0
LINE
8
BLACK
6
CONTINUOUS
10
5.6708192519685037
20
-3.723496811023622
11
5.679115078740157
21
-3.723496811023622
0
LINE
8
BLACK
6
CONTINUOUS
10
5.679115078740157
20
-3.723496811023622
11
5.6796911417322837
21
-3.7235535433070863
0
LINE
8
BLACK
6
CONTINUOUS
10
5.6796911417322837
20
-3.7235535433070863
11
5.6807555511811021
21
-3.7239944488188974
0
LINE
8
BLACK
6
CONTINUOUS
10
5.6807555511811021
20
-3.7239944488188974
11
5.6815701968503936
21
-3.7248090944881889
0
LINE
8
BLACK
6
CONTINUOUS
10
5.6815701968503936
20
-3.7248090944881889
11
5.6820111023622042
21
-3.7258735039370077
0
LINE
8
BLACK
6
CONTINUOUS
10
5.6820111023622042
20
-3.7258735039370077
11
5.6820111023622042
21
-3.7270256299212599
0
LINE
8
BLACK
6
CONTINUOUS
10
5.6820111023622042
20
-3.7270256299212599
11
5.6815701968503936
21
-3.7280900393700787
0
LINE
8
BLACK
6
CONTINUOUS
10
5.6815701968503936
20
-3.7280900393700787
11
5.6807555511811021
21
-3.7289046850393701
0
LINE
8
BLACK
6
CONTINUOUS
10
5.6807555511811021
20
-3.7289046850393701
11
5.6796911417322837
21
-3.7293455905511812
0
LINE
8
BLACK
6
CONTINUOUS
10
5.6796911417322837
20
-3.7293455905511812
11
5.679115078740157
21
-3.7294023228346456
0
LINE
8
BLACK
6
CONTINUOUS
10
5.679115078740157
20
-3.7294023228346456
11
5.6566179133858263
21
-3.7294023228346456
0
LINE
8
BLACK
6
CONTINUOUS
10
5.6566179133858263
20
-3.7294023228346456
11
5.6560418503937004
21
-3.7293455905511812
0
LINE
8
BLACK
6
CONTINUOUS
10
5.6560418503937004
20
-3.7293455905511812
11
5.6549774409448821
21
-3.7289046850393701
0
LINE
8
BLACK
6
CONTINUOUS
10
5.6549774409448821
20
-3.7289046850393701
11
5.6541627952755906
21
-3.7280900393700787
0
LINE
8
BLACK
6
CONTINUOUS
10
5.6541627952755906
20
-3.7280900393700787
11
5.6537218897637791
21
-3.7270256299212599
0
LINE
8
BLACK
6
CONTINUOUS
10
5.6537218897637791
20
-3.7270256299212599
11
5.6537218897637791
21
-3.7258735039370077
0
LINE
8
BLACK
6
CONTINUOUS
10
5.6537218897637791
20
-3.7258735039370077
11
5.6541627952755906
21
-3.7248090944881889
0
LINE
8
BLACK
6
CONTINUOUS
10
5.6541627952755906
20
-3.7248090944881889
11
5.6549774409448821
21
-3.7239944488188974
0
LINE
8
BLACK
6
CONTINUOUS
10
5.6549774409448821
20
-3.7239944488188974
11
5.6560418503937004
21
-3.7235535433070863
0
LINE
8
BLACK
6
CONTINUOUS
10
5.6560418503937004
20
-3.7235535433070863
11
5.6566179133858263
21
-3.723496811023622
0
LINE
8
BLACK
6
CONTINUOUS
10
5.6566179133858263
20
-3.723496811023622
11
5.6649137401574805
21
-3.723496811023622
0
LINE
8
BLACK
6
CONTINUOUS
10
5.6649137401574805
20
-3.723496811023622
11
5.6649137401574805
21
-3.6960828346456691
0
LINE
8
BLACK
6
CONTINUOUS
10
5.6649137401574805
20
-3.6960828346456691
11
5.6624553543307083
21
-3.6985412204724408
0
LINE
8
BLACK
6
CONTINUOUS
10
5.6624553543307083
20
-3.6985412204724408
11
5.6622289763779525
21
-3.6987269685039368
0
LINE
8
BLACK
6
CONTINUOUS
10
5.6622289763779525
20
-3.6987269685039368
11
5.6621778346456688
21
-3.6987859842519684
0
LINE
8
BLACK
6
CONTINUOUS
10
5.6621778346456688
20
-3.6987859842519684
11
5.6620888582677162
21
-3.6988419291338581
0
LINE
8
BLACK
6
CONTINUOUS
10
5.6620888582677162
20
-3.6988419291338581
11
5.6620079133858265
21
-3.6989084251968505
0
LINE
8
BLACK
6
CONTINUOUS
10
5.6620079133858265
20
-3.6989084251968505
11
5.6619359448818898
21
-3.6989382283464565
0
LINE
8
BLACK
6
CONTINUOUS
10
5.6619359448818898
20
-3.6989382283464565
11
5.661687952755905
21
-3.6990943307086614
0
LINE
8
BLACK
6
CONTINUOUS
10
5.661687952755905
20
-3.6990943307086614
11
5.6579384251968499
21
-3.700969094488189
0
LINE
8
BLACK
6
CONTINUOUS
10
5.6579384251968499
20
-3.700969094488189
11
5.6573977952755907
21
-3.7011759842519685
0
LINE
8
BLACK
6
CONTINUOUS
10
5.6573977952755907
20
-3.7011759842519685
11
5.6562485826771649
21
-3.7012576377952757
0
LINE
8
BLACK
6
CONTINUOUS
10
5.6562485826771649
20
-3.7012576377952757
11
5.6551556299212598
21
-3.7008933070866141
0
LINE
8
BLACK
6
CONTINUOUS
10
5.6551556299212598
20
-3.7008933070866141
11
5.6542852362204723
21
-3.7001384645669289
0
LINE
8
BLACK
6
CONTINUOUS
10
5.6542852362204723
20
-3.7001384645669289
11
5.6537699999999997
21
-3.6991079527559054
0
LINE
8
BLACK
6
CONTINUOUS
10
5.6537699999999997
20
-3.6991079527559054
11
5.6536883464566925
21
-3.6979587401574801
0
LINE
8
BLACK
6
CONTINUOUS
10
5.6536883464566925
20
-3.6979587401574801
11
5.6540526771653541
21
-3.6968657874015749
0
LINE
8
BLACK
6
CONTINUOUS
10
5.6540526771653541
20
-3.6968657874015749
11
5.6548075196850389
21
-3.6959953937007874
0
LINE
8
BLACK
6
CONTINUOUS
10
5.6548075196850389
20
-3.6959953937007874
11
5.6552974015748028
21
-3.6956870472440944
0
LINE
8
BLACK
6
CONTINUOUS
10
5.6552974015748028
20
-3.6956870472440944
11
5.6586183464566924
21
-3.6940265748031496
0
LINE
8
BLACK
6
CONTINUOUS
10
5.6586183464566924
20
-3.6940265748031496
11
5.6618222440944876
21
-3.6908226771653543
0
LINE
8
BLACK
6
CONTINUOUS
10
5.6618222440944876
20
-3.6908226771653543
11
5.6654096456692908
21
-3.6854415748031495
0
LINE
8
BLACK
6
CONTINUOUS
10
5.6654096456692908
20
-3.6854415748031495
11
5.6654109842519684
21
-3.6854398818897636
0
LINE
8
BLACK
6
CONTINUOUS
10
5.6654109842519684
20
-3.6854398818897636
11
5.665411377952756
21
-3.6854390157480315
0
LINE
8
BLACK
6
CONTINUOUS
10
5.665411377952756
20
-3.6854390157480315
11
5.6654133858267715
21
-3.6854369685039368
0
LINE
8
BLACK
6
CONTINUOUS
10
5.6654133858267715
20
-3.6854369685039368
11
5.6657764173228342
21
-3.6849937401574802
0
LINE
8
BLACK
6
CONTINUOUS
10
5.6657764173228342
20
-3.6849937401574802
11
5.666019291338583
21
-3.6848310629921257
0
LINE
8
BLACK
6
CONTINUOUS
10
5.666019291338583
20
-3.6848310629921257
11
5.6662260236220474
21
-3.68462437007874
0
LINE
8
BLACK
6
CONTINUOUS
10
5.6662260236220474
20
-3.68462437007874
11
5.6664933070866139
21
-3.6845136220472439
0
LINE
8
BLACK
6
CONTINUOUS
10
5.6664933070866139
20
-3.6845136220472439
11
5.6667337007874012
21
-3.6843526771653541
0
LINE
8
BLACK
6
CONTINUOUS
10
5.6667337007874012
20
-3.6843526771653541
11
5.66702031496063
21
-3.6842953149606297
0
LINE
8
BLACK
6
CONTINUOUS
10
5.66702031496063
20
-3.6842953149606297
11
5.6672904330708658
21
-3.6841834645669289
0
LINE
8
BLACK
6
CONTINUOUS
10
5.6672904330708658
20
-3.6841834645669289
11
5.6675797244094488
21
-3.6841834645669289
0
LINE
8
BLACK
6
CONTINUOUS
10
5.6675797244094488
20
-3.6841834645669289
11
5.667863385826772
21
-3.6841267322834645
0
LINE
8
BLACK
6
CONTINUOUS
10
5.667863385826772
20
-3.6841267322834645
11
5.6681501574803148
21
-3.6841834645669289
0
LINE
8
BLACK
6
CONTINUOUS
10
6.157111496062992
20
-3.7067890157480314
11
6.1581759055118113
21
-3.7072299212598425
0
LINE
8
BLACK
6
CONTINUOUS
10
6.1581759055118113
20
-3.7072299212598425
11
6.1589905511811018
21
-3.708044566929134
0
LINE
8
BLACK
6
CONTINUOUS
10
6.1589905511811018
20
-3.708044566929134
11
6.1594314566929134
21
-3.7091089763779528
0
LINE
8
BLACK
6
CONTINUOUS
10
6.1594314566929134
20
-3.7091089763779528
11
6.1594314566929134
21
-3.7102611023622045
0
LINE
8
BLACK
6
CONTINUOUS
10
6.1594314566929134
20
-3.7102611023622045
11
6.1589905511811018
21
-3.7113255118110233
0
LINE
8
BLACK
6
CONTINUOUS
10
6.1589905511811018
20
-3.7113255118110233
11
6.1581759055118113
21
-3.7121401574803148
0
LINE
8
BLACK
6
CONTINUOUS
10
6.1581759055118113
20
-3.7121401574803148
11
6.157111496062992
21
-3.7125810629921259
0
LINE
8
BLACK
6
CONTINUOUS
10
6.157111496062992
20
-3.7125810629921259
11
6.1565354330708661
21
-3.7126377952755907
0
LINE
8
BLACK
6
CONTINUOUS
10
6.1565354330708661
20
-3.7126377952755907
11
6.1437401574803152
21
-3.7126377952755907
0
LINE
8
BLACK
6
CONTINUOUS
10
6.1437401574803152
20
-3.7126377952755907
11
6.1437401574803152
21
-3.7254330708661416
0
LINE
8
BLACK
6
CONTINUOUS
10
6.1437401574803152
20
-3.7254330708661416
11
6.1436834251968504
21
-3.7260091338582675
0
LINE
8
BLACK
6
CONTINUOUS
10
6.1436834251968504
20
-3.7260091338582675
11
6.1432425196850389
21
-3.7270735433070867
0
LINE
8
BLACK
6
CONTINUOUS
10
6.1432425196850389
20
-3.7270735433070867
11
6.1424278740157483
21
-3.7278881889763777
0
LINE
8
BLACK
6
CONTINUOUS
10
6.1424278740157483
20
-3.7278881889763777
11
6.1413634645669291
21
-3.7283290944881888
0
LINE
8
BLACK
6
CONTINUOUS
10
6.1413634645669291
20
-3.7283290944881888
11
6.1402113385826773
21
-3.7283290944881888
0
LINE
8
BLACK
6
CONTINUOUS
10
6.1402113385826773
20
-3.7283290944881888
11
6.1391469291338581
21
-3.7278881889763777
0
LINE
8
BLACK
6
CONTINUOUS
10
6.1391469291338581
20
-3.7278881889763777
11
6.1383322834645666
21
-3.7270735433070867
0
LINE
8
BLACK
6
CONTINUOUS
10
6.1383322834645666
20
-3.7270735433070867
11
6.137891377952756
21
-3.7260091338582675
0
LINE
8
BLACK
6
CONTINUOUS
10
6.137891377952756
20
-3.7260091338582675
11
6.1378346456692912
21
-3.7254330708661416
0
LINE
8
BLACK
6
CONTINUOUS
10
6.1378346456692912
20
-3.7254330708661416
11
6.1378346456692912
21
-3.7096850393700787
0
LINE
8
BLACK
6
CONTINUOUS
10
6.1378346456692912
20
-3.7096850393700787
11
6.137891377952756
21
-3.7091089763779528
0
LINE
8
BLACK
6
CONTINUOUS
10
6.137891377952756
20
-3.7091089763779528
11
6.1383322834645666
21
-3.708044566929134
0
LINE
8
BLACK
6
CONTINUOUS
10
6.1383322834645666
20
-3.708044566929134
11
6.1391469291338581
21
-3.7072299212598425
0
LINE
8
BLACK
6
CONTINUOUS
10
6.1391469291338581
20
-3.7072299212598425
11
6.1402113385826773
21
-3.7067890157480314
0
LINE
8
BLACK
6
CONTINUOUS
10
6.1402113385826773
20
-3.7067890157480314
11
6.1407874015748032
21
-3.7067322834645666
0
LINE
8
BLACK
6
CONTINUOUS
10
6.1407874015748032
20
-3.7067322834645666
11
6.1565354330708661
21
-3.7067322834645666
0
LINE
8
BLACK
6
CONTINUOUS
10
6.1565354330708661
20
-3.7067322834645666
11
6.157111496062992
21
-3.7067890157480314
0
LINE
8
BLACK
6
CONTINUOUS
10
6.2673477165354328
20
-3.7067890157480314
11
6.268412125984252
21
-3.7072299212598425
0
LINE
8
BLACK
6
CONTINUOUS
10
6.268412125984252
20
-3.7072299212598425
11
6.2692267716535435
21
-3.708044566929134
0
LINE
8
BLACK
6
CONTINUOUS
10
6.2692267716535435
20
-3.708044566929134
11
6.2696676771653541
21
-3.7091089763779528
0
LINE
8
BLACK
6
CONTINUOUS
10
6.2696676771653541
20
-3.7091089763779528
11
6.2697244094488189
21
-3.7096850393700787
0
LINE
8
BLACK
6
CONTINUOUS
10
6.2697244094488189
20
-3.7096850393700787
11
6.2697244094488189
21
-3.7254330708661416
0
LINE
8
BLACK
6
CONTINUOUS
10
6.2697244094488189
20
-3.7254330708661416
11
6.2696676771653541
21
-3.7260091338582675
0
LINE
8
BLACK
6
CONTINUOUS
10
6.2696676771653541
20
-3.7260091338582675
11
6.2692267716535435
21
-3.7270735433070867
0
LINE
8
BLACK
6
CONTINUOUS
10
6.2692267716535435
20
-3.7270735433070867
11
6.268412125984252
21
-3.7278881889763777
0
LINE
8
BLACK
6
CONTINUOUS
10
6.268412125984252
20
-3.7278881889763777
11
6.2673477165354328
21
-3.7283290944881888
0
LINE
8
BLACK
6
CONTINUOUS
10
6.2673477165354328
20
-3.7283290944881888
11
6.266195590551181
21
-3.7283290944881888
0
LINE
8
BLACK
6
CONTINUOUS
10
6.266195590551181
20
-3.7283290944881888
11
6.2651311811023618
21
-3.7278881889763777
0
LINE
8
BLACK
6
CONTINUOUS
10
6.2651311811023618
20
-3.7278881889763777
11
6.2643165354330703
21
-3.7270735433070867
0
LINE
8
BLACK
6
CONTINUOUS
10
6.2643165354330703
20
-3.7270735433070867
11
6.2638756299212597
21
-3.7260091338582675
0
LINE
8
BLACK
6
CONTINUOUS
10
6.2638756299212597
20
-3.7260091338582675
11
6.2638188976377949
21
-3.7254330708661416
0
LINE
8
BLACK
6
CONTINUOUS
10
6.2638188976377949
20
-3.7254330708661416
11
6.2638188976377949
21
-3.7126377952755907
0
LINE
8
BLACK
6
CONTINUOUS
10
6.2638188976377949
20
-3.7126377952755907
11
6.2510236220472439
21
-3.7126377952755907
0
LINE
8
BLACK
6
CONTINUOUS
10
6.2510236220472439
20
-3.7126377952755907
11
6.2504475590551181
21
-3.7125810629921259
0
LINE
8
BLACK
6
CONTINUOUS
10
6.2504475590551181
20
-3.7125810629921259
11
6.2493831496062988
21
-3.7121401574803148
0
LINE
8
BLACK
6
CONTINUOUS
10
6.2493831496062988
20
-3.7121401574803148
11
6.2485685039370074
21
-3.7113255118110233
0
LINE
8
BLACK
6
CONTINUOUS
10
6.2485685039370074
20
-3.7113255118110233
11
6.2481275984251967
21
-3.7102611023622045
0
LINE
8
BLACK
6
CONTINUOUS
10
6.2481275984251967
20
-3.7102611023622045
11
6.2481275984251967
21
-3.7091089763779528
0
LINE
8
BLACK
6
CONTINUOUS
10
6.2481275984251967
20
-3.7091089763779528
11
6.2485685039370074
21
-3.708044566929134
0
LINE
8
BLACK
6
CONTINUOUS
10
6.2485685039370074
20
-3.708044566929134
11
6.2493831496062988
21
-3.7072299212598425
0
LINE
8
BLACK
6
CONTINUOUS
10
6.2493831496062988
20
-3.7072299212598425
11
6.2504475590551181
21
-3.7067890157480314
0
LINE
8
BLACK
6
CONTINUOUS
10
6.2504475590551181
20
-3.7067890157480314
11
6.2510236220472439
21
-3.7067322834645666
0
LINE
8
BLACK
6
CONTINUOUS
10
6.2510236220472439
20
-3.7067322834645666
11
6.2667716535433069
21
-3.7067322834645666
0
LINE
8
BLACK
6
CONTINUOUS
10
6.2667716535433069
20
-3.7067322834645666
11
6.2673477165354328
21
-3.7067890157480314
0
LINE
8
BLACK
6
CONTINUOUS
10
6.0010921259842522
20
-3.7205735039370076
11
6.0023705511811025
21
-3.7218519291338583
0
LINE
8
BLACK
6
CONTINUOUS
10
6.0023705511811025
20
-3.7218519291338583
11
6.0023705511811025
21
-3.7236598818897635
0
LINE
8
BLACK
6
CONTINUOUS
10
6.0023705511811025
20
-3.7236598818897635
11
6.0010921259842522
21
-3.7249383070866142
0
LINE
8
BLACK
6
CONTINUOUS
10
6.0010921259842522
20
-3.7249383070866142
11
6.0001881496062994
21
-3.7251181102362203
0
LINE
8
BLACK
6
CONTINUOUS
10
6.0001881496062994
20
-3.7251181102362203
11
5.9873709055118107
21
-3.7251181102362203
0
LINE
8
BLACK
6
CONTINUOUS
10
5.9873709055118107
20
-3.7251181102362203
11
5.9864669291338579
21
-3.7249383070866142
0
LINE
8
BLACK
6
CONTINUOUS
10
5.9864669291338579
20
-3.7249383070866142
11
5.9851885039370076
21
-3.7236598818897635
0
LINE
8
BLACK
6
CONTINUOUS
10
5.9851885039370076
20
-3.7236598818897635
11
5.9851885039370076
21
-3.7218519291338583
0
LINE
8
BLACK
6
CONTINUOUS
10
5.9851885039370076
20
-3.7218519291338583
11
5.9864669291338579
21
-3.7205735039370076
0
LINE
8
BLACK
6
CONTINUOUS
10
5.9864669291338579
20
-3.7205735039370076
11
5.9873709055118107
21
-3.7203937007874015
0
LINE
8
BLACK
6
CONTINUOUS
10
5.9873709055118107
20
-3.7203937007874015
11
6.0001881496062994
21
-3.7203937007874015
0
LINE
8
BLACK
6
CONTINUOUS
10
6.0001881496062994
20
-3.7203937007874015
11
6.0010921259842522
21
-3.7205735039370076
0
LINE
8
BLACK
6
CONTINUOUS
10
6.3458831889763774
20
-3.7053645669291337
11
6.3460629921259839
21
-3.7062685433070865
0
LINE
8
BLACK
6
CONTINUOUS
10
6.3460629921259839
20
-3.7062685433070865
11
6.3460629921259839
21
-3.7190857874015748
0
LINE
8
BLACK
6
CONTINUOUS
10
6.3460629921259839
20
-3.7190857874015748
11
6.3458831889763774
21
-3.7199897637795276
0
LINE
8
BLACK
6
CONTINUOUS
10
6.3458831889763774
20
-3.7199897637795276
11
6.3446047637795271
21
-3.7212681889763779
0
LINE
8
BLACK
6
CONTINUOUS
10
6.3446047637795271
20
-3.7212681889763779
11
6.3427968110236215
21
-3.7212681889763779
0
LINE
8
BLACK
6
CONTINUOUS
10
6.3427968110236215
20
-3.7212681889763779
11
6.3415183858267712
21
-3.7199897637795276
0
LINE
8
BLACK
6
CONTINUOUS
10
6.3415183858267712
20
-3.7199897637795276
11
6.3413385826771655
21
-3.7190857874015748
0
LINE
8
BLACK
6
CONTINUOUS
10
6.3413385826771655
20
-3.7190857874015748
11
6.3413385826771655
21
-3.7062685433070865
0
LINE
8
BLACK
6
CONTINUOUS
10
6.3413385826771655
20
-3.7062685433070865
11
6.3415183858267712
21
-3.7053645669291337
0
LINE
8
BLACK
6
CONTINUOUS
10
6.3415183858267712
20
-3.7053645669291337
11
6.3427968110236215
21
-3.7040861417322835
0
LINE
8
BLACK
6
CONTINUOUS
10
6.3427968110236215
20
-3.7040861417322835
11
6.3446047637795271
21
-3.7040861417322835
0
LINE
8
BLACK
6
CONTINUOUS
10
6.3446047637795271
20
-3.7040861417322835
11
6.3458831889763774
21
-3.7053645669291337
0
LINE
8
BLACK
6
CONTINUOUS
10
6.3860406692913383
20
-3.7053645669291337
11
6.3862204724409448
21
-3.7062685433070865
0
LINE
8
BLACK
6
CONTINUOUS
10
6.3862204724409448
20
-3.7062685433070865
11
6.3862204724409448
21
-3.7190857874015748
0
LINE
8
BLACK
6
CONTINUOUS
10
6.3862204724409448
20
-3.7190857874015748
11
6.3860406692913383
21
-3.7199897637795276
0
LINE
8
BLACK
6
CONTINUOUS
10
6.3860406692913383
20
-3.7199897637795276
11
6.384762244094488
21
-3.7212681889763779
0
LINE
8
BLACK
6
CONTINUOUS
10
6.384762244094488
20
-3.7212681889763779
11
6.3829542913385824
21
-3.7212681889763779
0
LINE
8
BLACK
6
CONTINUOUS
10
6.3829542913385824
20
-3.7212681889763779
11
6.3816758661417321
21
-3.7199897637795276
0
LINE
8
BLACK
6
CONTINUOUS
10
6.3816758661417321
20
-3.7199897637795276
11
6.3814960629921256
21
-3.7190857874015748
0
LINE
8
BLACK
6
CONTINUOUS
10
6.3814960629921256
20
-3.7190857874015748
11
6.3814960629921256
21
-3.7062685433070865
0
LINE
8
BLACK
6
CONTINUOUS
10
6.3814960629921256
20
-3.7062685433070865
11
6.3816758661417321
21
-3.7053645669291337
0
LINE
8
BLACK
6
CONTINUOUS
10
6.3816758661417321
20
-3.7053645669291337
11
6.3829542913385824
21
-3.7040861417322835
0
LINE
8
BLACK
6
CONTINUOUS
10
6.3829542913385824
20
-3.7040861417322835
11
6.384762244094488
21
-3.7040861417322835
0
LINE
8
BLACK
6
CONTINUOUS
10
6.384762244094488
20
-3.7040861417322835
11
6.3860406692913383
21
-3.7053645669291337
0
LINE
8
BLACK
6
CONTINUOUS
10
6.0833369685039367
20
-3.6907414960629921
11
6.0834120866141728
21
-3.6907200393700785
0
LINE
8
BLACK
6
CONTINUOUS
10
6.0834120866141728
20
-3.6907200393700785
11
6.0837097244094487
21
-3.6908156299212598
0
LINE
8
BLACK
6
CONTINUOUS
10
6.0837097244094487
20
-3.6908156299212598
11
6.0840162598425191
21
-3.6908766141732281
0
LINE
8
BLACK
6
CONTINUOUS
10
6.0840162598425191
20
-3.6908766141732281
11
6.0840714566929135
21
-3.690931811023622
0
LINE
8
BLACK
6
CONTINUOUS
10
6.0840714566929135
20
-3.690931811023622
11
6.0842479133858269
21
-3.6909885039370076
0
LINE
8
BLACK
6
CONTINUOUS
10
6.0842479133858269
20
-3.6909885039370076
11
6.0859622047244093
21
-3.6919408661417323
0
LINE
8
BLACK
6
CONTINUOUS
10
6.0859622047244093
20
-3.6919408661417323
11
6.0862448425196849
21
-3.6921805905511809
0
LINE
8
BLACK
6
CONTINUOUS
10
6.0862448425196849
20
-3.6921805905511809
11
6.086541968503937
21
-3.6924025984251969
0
LINE
8
BLACK
6
CONTINUOUS
10
6.086541968503937
20
-3.6924025984251969
11
6.0873990944881893
21
-3.6933549606299212
0
LINE
8
BLACK
6
CONTINUOUS
10
6.0873990944881893
20
-3.6933549606299212
11
6.0875768110236219
21
-3.6936538976377951
0
LINE
8
BLACK
6
CONTINUOUS
10
6.0875768110236219
20
-3.6936538976377951
11
6.0877784645669291
21
-3.6939368110236219
0
LINE
8
BLACK
6
CONTINUOUS
10
6.0877784645669291
20
-3.6939368110236219
11
6.0886356299212601
21
-3.6958415748031497
0
LINE
8
BLACK
6
CONTINUOUS
10
6.0886356299212601
20
-3.6958415748031497
11
6.088646220472441
21
-3.6958875590551181
0
LINE
8
BLACK
6
CONTINUOUS
10
6.088646220472441
20
-3.6958875590551181
11
6.0886625196850392
21
-3.6959038582677164
0
LINE
8
BLACK
6
CONTINUOUS
10
6.0886625196850392
20
-3.6959038582677164
11
6.0887416141732285
21
-3.6963015354330708
0
LINE
8
BLACK
6
CONTINUOUS
10
6.0887416141732285
20
-3.6963015354330708
11
6.0888327559055115
21
-3.6966970472440943
0
LINE
8
BLACK
6
CONTINUOUS
10
6.0888327559055115
20
-3.6966970472440943
11
6.0888245669291337
21
-3.6967185826771654
0
LINE
8
BLACK
6
CONTINUOUS
10
6.0888245669291337
20
-3.6967185826771654
11
6.0888337795275591
21
-3.6967648818897638
0
LINE
8
BLACK
6
CONTINUOUS
10
6.0888337795275591
20
-3.6967648818897638
11
6.0888337795275591
21
-3.6977172440944881
0
LINE
8
BLACK
6
CONTINUOUS
10
6.0888337795275591
20
-3.6977172440944881
11
6.0888245669291337
21
-3.6977635039370078
0
LINE
8
BLACK
6
CONTINUOUS
10
6.0888245669291337
20
-3.6977635039370078
11
6.0888327559055115
21
-3.6977850787401576
0
LINE
8
BLACK
6
CONTINUOUS
10
6.0888327559055115
20
-3.6977850787401576
11
6.0887416141732285
21
-3.6981805511811023
0
LINE
8
BLACK
6
CONTINUOUS
10
6.0887416141732285
20
-3.6981805511811023
11
6.0886625196850392
21
-3.6985782677165355
0
LINE
8
BLACK
6
CONTINUOUS
10
6.0886625196850392
20
-3.6985782677165355
11
6.088646220472441
21
-3.698594527559055
0
LINE
8
BLACK
6
CONTINUOUS
10
6.088646220472441
20
-3.698594527559055
11
6.0886356299212601
21
-3.6986405511811022
0
LINE
8
BLACK
6
CONTINUOUS
10
6.0886356299212601
20
-3.6986405511811022
11
6.0877784645669291
21
-3.70054531496063
0
LINE
8
BLACK
6
CONTINUOUS
10
6.0877784645669291
20
-3.70054531496063
11
6.0875768110236219
21
-3.7008281889763777
0
LINE
8
BLACK
6
CONTINUOUS
10
6.0875768110236219
20
-3.7008281889763777
11
6.0873990944881893
21
-3.7011271653543307
0
LINE
8
BLACK
6
CONTINUOUS
10
6.0873990944881893
20
-3.7011271653543307
11
6.0870394094488187
21
-3.7015267716535432
0
LINE
8
BLACK
6
CONTINUOUS
10
6.0870394094488187
20
-3.7015267716535432
11
6.0873990551181105
21
-3.7019263385826773
0
LINE
8
BLACK
6
CONTINUOUS
10
6.0873990551181105
20
-3.7019263385826773
11
6.0875767716535432
21
-3.7022252362204724
0
LINE
8
BLACK
6
CONTINUOUS
10
6.0875767716535432
20
-3.7022252362204724
11
6.0877784645669291
21
-3.7025082283464568
0
LINE
8
BLACK
6
CONTINUOUS
10
6.0877784645669291
20
-3.7025082283464568
11
6.0886356299212601
21
-3.7044129921259841
0
LINE
8
BLACK
6
CONTINUOUS
10
6.0886356299212601
20
-3.7044129921259841
11
6.088646220472441
21
-3.7044589763779525
0
LINE
8
BLACK
6
CONTINUOUS
10
6.088646220472441
20
-3.7044589763779525
11
6.0886625196850392
21
-3.7044752755905512
0
LINE
8
BLACK
6
CONTINUOUS
10
6.0886625196850392
20
-3.7044752755905512
11
6.0887416141732285
21
-3.7048729527559052
0
LINE
8
BLACK
6
CONTINUOUS
10
6.0887416141732285
20
-3.7048729527559052
11
6.0888327559055115
21
-3.7052684645669292
0
LINE
8
BLACK
6
CONTINUOUS
10
6.0888327559055115
20
-3.7052684645669292
11
6.0888245669291337
21
-3.7052899999999998
0
LINE
8
BLACK
6
CONTINUOUS
10
6.0888245669291337
20
-3.7052899999999998
11
6.0888337795275591
21
-3.7053362992125982
0
LINE
8
BLACK
6
CONTINUOUS
10
6.0888337795275591
20
-3.7053362992125982
11
6.0888337795275591
21
-3.7091458267716533
0
LINE
8
BLACK
6
CONTINUOUS
10
6.0888337795275591
20
-3.7091458267716533
11
6.0888245669291337
21
-3.709192086614173
0
LINE
8
BLACK
6
CONTINUOUS
10
6.0888245669291337
20
-3.709192086614173
11
6.0888327559055115
21
-3.7092136614173228
0
LINE
8
BLACK
6
CONTINUOUS
10
6.0888327559055115
20
-3.7092136614173228
11
6.0887416141732285
21
-3.7096091338582675
0
LINE
8
BLACK
6
CONTINUOUS
10
6.0887416141732285
20
-3.7096091338582675
11
6.0886625196850392
21
-3.7100068503937007
0
LINE
8
BLACK
6
CONTINUOUS
10
6.0886625196850392
20
-3.7100068503937007
11
6.088646220472441
21
-3.7100231102362202
0
LINE
8
BLACK
6
CONTINUOUS
10
6.088646220472441
20
-3.7100231102362202
11
6.0886356299212601
21
-3.7100691338582674
0
LINE
8
BLACK
6
CONTINUOUS
10
6.0886356299212601
20
-3.7100691338582674
11
6.0877784645669291
21
-3.7119738976377952
0
LINE
8
BLACK
6
CONTINUOUS
10
6.0877784645669291
20
-3.7119738976377952
11
6.0875768110236219
21
-3.7122567716535433
0
LINE
8
BLACK
6
CONTINUOUS
10
6.0875768110236219
20
-3.7122567716535433
11
6.0873990944881893
21
-3.7125557480314959
0
LINE
8
BLACK
6
CONTINUOUS
10
6.0873990944881893
20
-3.7125557480314959
11
6.086541968503937
21
-3.7135081102362202
0
LINE
8
BLACK
6
CONTINUOUS
10
6.086541968503937
20
-3.7135081102362202
11
6.0862448425196849
21
-3.7137300787401575
0
LINE
8
BLACK
6
CONTINUOUS
10
6.0862448425196849
20
-3.7137300787401575
11
6.0859622047244093
21
-3.7139698425196848
0
LINE
8
BLACK
6
CONTINUOUS
10
6.0859622047244093
20
-3.7139698425196848
11
6.0842479133858269
21
-3.7149222047244095
0
LINE
8
BLACK
6
CONTINUOUS
10
6.0842479133858269
20
-3.7149222047244095
11
6.0840714566929135
21
-3.7149788582677163
0
LINE
8
BLACK
6
CONTINUOUS
10
6.0840714566929135
20
-3.7149788582677163
11
6.0840162598425191
21
-3.715034094488189
0
LINE
8
BLACK
6
CONTINUOUS
10
6.0840162598425191
20
-3.715034094488189
11
6.0837097244094487
21
-3.7150950393700786
0
LINE
8
BLACK
6
CONTINUOUS
10
6.0837097244094487
20
-3.7150950393700786
11
6.0834120866141728
21
-3.7151906692913386
0
LINE
8
BLACK
6
CONTINUOUS
10
6.0834120866141728
20
-3.7151906692913386
11
6.0833369685039367
21
-3.7151691732283463
0
LINE
8
BLACK
6
CONTINUOUS
10
6.0833369685039367
20
-3.7151691732283463
11
6.0831552362204722
21
-3.7152053543307084
0
LINE
8
BLACK
6
CONTINUOUS
10
6.0831552362204722
20
-3.7152053543307084
11
6.0797266535433065
21
-3.7152053543307084
0
LINE
8
BLACK
6
CONTINUOUS
10
6.0797266535433065
20
-3.7152053543307084
11
6.0795448818897633
21
-3.7151691732283463
0
LINE
8
BLACK
6
CONTINUOUS
10
6.0795448818897633
20
-3.7151691732283463
11
6.0794698031496059
21
-3.7151906692913386
0
LINE
8
BLACK
6
CONTINUOUS
10
6.0794698031496059
20
-3.7151906692913386
11
6.0791721259842522
21
-3.7150950393700786
0
LINE
8
BLACK
6
CONTINUOUS
10
6.0791721259842522
20
-3.7150950393700786
11
6.0788656299212596
21
-3.715034094488189
0
LINE
8
BLACK
6
CONTINUOUS
10
6.0788656299212596
20
-3.715034094488189
11
6.0788103937007874
21
-3.7149788582677163
0
LINE
8
BLACK
6
CONTINUOUS
10
6.0788103937007874
20
-3.7149788582677163
11
6.0786339763779527
21
-3.7149222047244095
0
LINE
8
BLACK
6
CONTINUOUS
10
6.0786339763779527
20
-3.7149222047244095
11
6.0769196850393703
21
-3.7139698425196848
0
LINE
8
BLACK
6
CONTINUOUS
10
6.0769196850393703
20
-3.7139698425196848
11
6.0766370078740159
21
-3.7137300787401575
0
LINE
8
BLACK
6
CONTINUOUS
10
6.0766370078740159
20
-3.7137300787401575
11
6.0763399212598426
21
-3.7135081102362202
0
LINE
8
BLACK
6
CONTINUOUS
10
6.0763399212598426
20
-3.7135081102362202
11
6.0754827952755903
21
-3.7125557086614172
0
LINE
8
BLACK
6
CONTINUOUS
10
6.0754827952755903
20
-3.7125557086614172
11
6.0753051181102364
21
-3.7122569291338583
0
LINE
8
BLACK
6
CONTINUOUS
10
6.0753051181102364
20
-3.7122569291338583
11
6.0751034251968505
21
-3.7119739370078739
0
LINE
8
BLACK
6
CONTINUOUS
10
6.0751034251968505
20
-3.7119739370078739
11
6.0742462598425195
21
-3.7100691732283462
0
LINE
8
BLACK
6
CONTINUOUS
10
6.0742462598425195
20
-3.7100691732283462
11
6.0742356299212599
21
-3.710023149606299
0
LINE
8
BLACK
6
CONTINUOUS
10
6.0742356299212599
20
-3.710023149606299
11
6.0742193307086616
21
-3.7100068503937007
0
LINE
8
BLACK
6
CONTINUOUS
10
6.0742193307086616
20
-3.7100068503937007
11
6.0741401574803149
21
-3.7096088582677162
0
LINE
8
BLACK
6
CONTINUOUS
10
6.0741401574803149
20
-3.7096088582677162
11
6.0740490944881884
21
-3.7092137007874015
0
LINE
8
BLACK
6
CONTINUOUS
10
6.0740490944881884
20
-3.7092137007874015
11
6.0740572440944884
21
-3.709192086614173
0
LINE
8
BLACK
6
CONTINUOUS
10
6.0740572440944884
20
-3.709192086614173
11
6.0740480708661417
21
-3.7091458267716533
0
LINE
8
BLACK
6
CONTINUOUS
10
6.0740480708661417
20
-3.7091458267716533
11
6.0740480708661417
21
-3.7053362992125982
0
LINE
8
BLACK
6
CONTINUOUS
10
6.0740480708661417
20
-3.7053362992125982
11
6.0740572440944884
21
-3.7052899999999998
0
LINE
8
BLACK
6
CONTINUOUS
10
6.0740572440944884
20
-3.7052899999999998
11
6.0740490944881884
21
-3.7052684251968504
0
LINE
8
BLACK
6
CONTINUOUS
10
6.0740490944881884
20
-3.7052684251968504
11
6.0741401574803149
21
-3.7048732283464565
0
LINE
8
BLACK
6
CONTINUOUS
10
6.0741401574803149
20
-3.7048732283464565
11
6.0742193307086616
21
-3.7044752755905512
0
LINE
8
BLACK
6
CONTINUOUS
10
6.0742193307086616
20
-3.7044752755905512
11
6.0742356299212599
21
-3.7044589370078738
0
LINE
8
BLACK
6
CONTINUOUS
10
6.0742356299212599
20
-3.7044589370078738
11
6.0742462598425195
21
-3.7044129527559053
0
LINE
8
BLACK
6
CONTINUOUS
10
6.0742462598425195
20
-3.7044129527559053
11
6.0751034251968505
21
-3.702508188976378
0
LINE
8
BLACK
6
CONTINUOUS
10
6.0751034251968505
20
-3.702508188976378
11
6.0753051968503939
21
-3.7022250393700786
0
LINE
8
BLACK
6
CONTINUOUS
10
6.0753051968503939
20
-3.7022250393700786
11
6.0754828346456691
21
-3.701926377952756
0
LINE
8
BLACK
6
CONTINUOUS
10
6.0754828346456691
20
-3.701926377952756
11
6.0758424409448821
21
-3.7015267716535432
0
LINE
8
BLACK
6
CONTINUOUS
10
6.0758424409448821
20
-3.7015267716535432
11
6.0754827952755903
21
-3.701127125984252
0
LINE
8
BLACK
6
CONTINUOUS
10
6.0754827952755903
20
-3.701127125984252
11
6.0753051181102364
21
-3.7008283464566927
0
LINE
8
BLACK
6
CONTINUOUS
10
6.0753051181102364
20
-3.7008283464566927
11
6.0751034251968505
21
-3.7005453543307087
0
LINE
8
BLACK
6
CONTINUOUS
10
6.0751034251968505
20
-3.7005453543307087
11
6.0742462598425195
21
-3.698640590551181
0
LINE
8
BLACK
6
CONTINUOUS
10
6.0742462598425195
20
-3.698640590551181
11
6.0742356299212599
21
-3.6985945669291338
0
LINE
8
BLACK
6
CONTINUOUS
10
6.0742356299212599
20
-3.6985945669291338
11
6.0742193307086616
21
-3.6985782677165355
0
LINE
8
BLACK
6
CONTINUOUS
10
6.0742193307086616
20
-3.6985782677165355
11
6.0741401574803149
21
-3.6981802755905511
0
LINE
8
BLACK
6
CONTINUOUS
10
6.0741401574803149
20
-3.6981802755905511
11
6.0740490944881884
21
-3.6977851181102364
0
LINE
8
BLACK
6
CONTINUOUS
10
6.0740490944881884
20
-3.6977851181102364
11
6.0740572440944884
21
-3.6977635039370078
0
LINE
8
BLACK
6
CONTINUOUS
10
6.0740572440944884
20
-3.6977635039370078
11
6.0740480708661417
21
-3.6977172440944881
0
LINE
8
BLACK
6
CONTINUOUS
10
6.0740480708661417
20
-3.6977172440944881
11
6.0740480708661417
21
-3.6967648818897638
0
LINE
8
BLACK
6
CONTINUOUS
10
6.0740480708661417
20
-3.6967648818897638
11
6.0740572440944884
21
-3.6967185826771654
0
LINE
8
BLACK
6
CONTINUOUS
10
6.0740572440944884
20
-3.6967185826771654
11
6.0740490944881884
21
-3.6966970078740156
0
LINE
8
BLACK
6
CONTINUOUS
10
6.0740490944881884
20
-3.6966970078740156
11
6.0741401574803149
21
-3.6963018110236221
0
LINE
8
BLACK
6
CONTINUOUS
10
6.0741401574803149
20
-3.6963018110236221
11
6.0742193307086616
21
-3.6959038582677164
0
LINE
8
BLACK
6
CONTINUOUS
10
6.0742193307086616
20
-3.6959038582677164
11
6.0742356299212599
21
-3.6958875196850394
0
LINE
8
BLACK
6
CONTINUOUS
10
6.0742356299212599
20
-3.6958875196850394
11
6.0742462598425195
21
-3.6958415354330709
0
LINE
8
BLACK
6
CONTINUOUS
10
6.0742462598425195
20
-3.6958415354330709
11
6.0751034251968505
21
-3.6939367716535432
0
LINE
8
BLACK
6
CONTINUOUS
10
6.0751034251968505
20
-3.6939367716535432
11
6.0753051181102364
21
-3.69365374015748
0
LINE
8
BLACK
6
CONTINUOUS
10
6.0753051181102364
20
-3.69365374015748
11
6.0754827952755903
21
-3.6933549999999999
0
LINE
8
BLACK
6
CONTINUOUS
10
6.0754827952755903
20
-3.6933549999999999
11
6.0763399212598426
21
-3.6924025984251969
0
LINE
8
BLACK
6
CONTINUOUS
10
6.0763399212598426
20
-3.6924025984251969
11
6.0766370078740159
21
-3.6921805905511809
0
LINE
8
BLACK
6
CONTINUOUS
10
6.0766370078740159
20
-3.6921805905511809
11
6.0769196850393703
21
-3.6919408661417323
0
LINE
8
BLACK
6
CONTINUOUS
10
6.0769196850393703
20
-3.6919408661417323
11
6.0786339763779527
21
-3.6909885039370076
0
LINE
8
BLACK
6
CONTINUOUS
10
6.0786339763779527
20
-3.6909885039370076
11
6.0788103937007874
21
-3.690931811023622
0
LINE
8
BLACK
6
CONTINUOUS
10
6.0788103937007874
20
-3.690931811023622
11
6.0788656299212596
21
-3.6908766141732281
0
LINE
8
BLACK
6
CONTINUOUS
10
6.0788656299212596
20
-3.6908766141732281
11
6.0791721259842522
21
-3.6908156299212598
0
LINE
8
BLACK
6
CONTINUOUS
10
6.0791721259842522
20
-3.6908156299212598
11
6.0794698031496059
21
-3.6907200393700785
0
LINE
8
BLACK
6
CONTINUOUS
10
6.0794698031496059
20
-3.6907200393700785
11
6.0795448818897633
21
-3.6907414960629921
0
LINE
8
BLACK
6
CONTINUOUS
10
6.0795448818897633
20
-3.6907414960629921
11
6.0797266535433065
21
-3.6907053543307087
0
LINE
8
BLACK
6
CONTINUOUS
10
6.0797266535433065
20
-3.6907053543307087
11
6.0831552362204722
21
-3.6907053543307087
0
LINE
8
BLACK
6
CONTINUOUS
10
6.0831552362204722
20
-3.6907053543307087
11
6.0833369685039367
21
-3.6907414960629921
0
LINE
8
BLACK
6
CONTINUOUS
10
6.07943342519685
20
-3.7042635826771653
11
6.0790627952755907
21
-3.7046753937007875
0
LINE
8
BLACK
6
CONTINUOUS
10
6.0790627952755907
20
-3.7046753937007875
11
6.0785480708661419
21
-3.7058192125984251
0
LINE
8
BLACK
6
CONTINUOUS
10
6.0785480708661419
20
-3.7058192125984251
11
6.0785480708661419
21
-3.7086628740157481
0
LINE
8
BLACK
6
CONTINUOUS
10
6.0785480708661419
20
-3.7086628740157481
11
6.0790627952755907
21
-3.7098067322834645
0
LINE
8
BLACK
6
CONTINUOUS
10
6.0790627952755907
20
-3.7098067322834645
11
6.0794335039370075
21
-3.7102186220472442
0
LINE
8
BLACK
6
CONTINUOUS
10
6.0794335039370075
20
-3.7102186220472442
11
6.0803096456692911
21
-3.7107053543307087
0
LINE
8
BLACK
6
CONTINUOUS
10
6.0803096456692911
20
-3.7107053543307087
11
6.0825722440944885
21
-3.7107053543307087
0
LINE
8
BLACK
6
CONTINUOUS
10
6.0825722440944885
20
-3.7107053543307087
11
6.0834484251968499
21
-3.7102185826771654
0
LINE
8
BLACK
6
CONTINUOUS
10
6.0834484251968499
20
-3.7102185826771654
11
6.0838190551181102
21
-3.7098067322834645
0
LINE
8
BLACK
6
CONTINUOUS
10
6.0838190551181102
20
-3.7098067322834645
11
6.0843337795275589
21
-3.7086629133858269
0
LINE
8
BLACK
6
CONTINUOUS
10
6.0843337795275589
20
-3.7086629133858269
11
6.0843337795275589
21
-3.7058191732283463
0
LINE
8
BLACK
6
CONTINUOUS
10
6.0843337795275589
20
-3.7058191732283463
11
6.0838190551181102
21
-3.7046753937007875
0
LINE
8
BLACK
6
CONTINUOUS
10
6.0838190551181102
20
-3.7046753937007875
11
6.0834484645669287
21
-3.7042635826771653
0
LINE
8
BLACK
6
CONTINUOUS
10
6.0834484645669287
20
-3.7042635826771653
11
6.082572165354331
21
-3.7037767716535432
0
LINE
8
BLACK
6
CONTINUOUS
10
6.082572165354331
20
-3.7037767716535432
11
6.0803097244094486
21
-3.7037767716535432
0
LINE
8
BLACK
6
CONTINUOUS
10
6.0803097244094486
20
-3.7037767716535432
11
6.07943342519685
21
-3.7042635826771653
0
LINE
8
BLACK
6
CONTINUOUS
10
6.0794335039370075
20
-3.6956920472440946
11
6.0790627952755907
21
-3.6961039370078739
0
LINE
8
BLACK
6
CONTINUOUS
10
6.0790627952755907
20
-3.6961039370078739
11
6.078551102362205
21
-3.6972410629921257
0
LINE
8
BLACK
6
CONTINUOUS
10
6.078551102362205
20
-3.6972410629921257
11
6.0790627952755907
21
-3.6983781496062993
0
LINE
8
BLACK
6
CONTINUOUS
10
6.0790627952755907
20
-3.6983781496062993
11
6.0794335039370075
21
-3.6987900393700786
0
LINE
8
BLACK
6
CONTINUOUS
10
6.0794335039370075
20
-3.6987900393700786
11
6.0803096456692911
21
-3.6992767716535431
0
LINE
8
BLACK
6
CONTINUOUS
10
6.0803096456692911
20
-3.6992767716535431
11
6.0825722440944885
21
-3.6992767716535431
0
LINE
8
BLACK
6
CONTINUOUS
10
6.0825722440944885
20
-3.6992767716535431
11
6.0834484251968499
21
-3.6987899999999998
0
LINE
8
BLACK
6
CONTINUOUS
10
6.0834484251968499
20
-3.6987899999999998
11
6.0838190551181102
21
-3.6983781496062993
0
LINE
8
BLACK
6
CONTINUOUS
10
6.0838190551181102
20
-3.6983781496062993
11
6.0843307480314959
21
-3.6972410629921257
0
LINE
8
BLACK
6
CONTINUOUS
10
6.0843307480314959
20
-3.6972410629921257
11
6.0838190551181102
21
-3.6961039370078739
0
LINE
8
BLACK
6
CONTINUOUS
10
6.0838190551181102
20
-3.6961039370078739
11
6.0834484251968499
21
-3.6956920866141734
0
LINE
8
BLACK
6
CONTINUOUS
10
6.0834484251968499
20
-3.6956920866141734
11
6.0825722440944885
21
-3.6952053543307084
0
LINE
8
BLACK
6
CONTINUOUS
10
6.0825722440944885
20
-3.6952053543307084
11
6.0803096456692911
21
-3.6952053543307084
0
LINE
8
BLACK
6
CONTINUOUS
10
6.0803096456692911
20
-3.6952053543307084
11
6.0794335039370075
21
-3.6956920472440946
0
LINE
8
BLACK
6
CONTINUOUS
10
6.0661940944881891
20
-3.6907414960629921
11
6.0662692125984252
21
-3.6907200393700785
0
LINE
8
BLACK
6
CONTINUOUS
10
6.0662692125984252
20
-3.6907200393700785
11
6.0665668503937002
21
-3.6908156299212598
0
LINE
8
BLACK
6
CONTINUOUS
10
6.0665668503937002
20
-3.6908156299212598
11
6.0668733858267716
21
-3.6908766141732281
0
LINE
8
BLACK
6
CONTINUOUS
10
6.0668733858267716
20
-3.6908766141732281
11
6.0669285826771651
21
-3.690931811023622
0
LINE
8
BLACK
6
CONTINUOUS
10
6.0669285826771651
20
-3.690931811023622
11
6.0671050393700785
21
-3.6909885039370076
0
LINE
8
BLACK
6
CONTINUOUS
10
6.0671050393700785
20
-3.6909885039370076
11
6.0688193307086609
21
-3.6919408661417323
0
LINE
8
BLACK
6
CONTINUOUS
10
6.0688193307086609
20
-3.6919408661417323
11
6.0691019685039365
21
-3.6921805905511809
0
LINE
8
BLACK
6
CONTINUOUS
10
6.0691019685039365
20
-3.6921805905511809
11
6.0693990944881886
21
-3.6924025984251969
0
LINE
8
BLACK
6
CONTINUOUS
10
6.0693990944881886
20
-3.6924025984251969
11
6.0702562204724408
21
-3.6933549606299212
0
LINE
8
BLACK
6
CONTINUOUS
10
6.0702562204724408
20
-3.6933549606299212
11
6.0704339370078735
21
-3.6936538582677163
0
LINE
8
BLACK
6
CONTINUOUS
10
6.0704339370078735
20
-3.6936538582677163
11
6.0706355905511806
21
-3.6939367716535432
0
LINE
8
BLACK
6
CONTINUOUS
10
6.0706355905511806
20
-3.6939367716535432
11
6.0714927559055116
21
-3.6958415354330709
0
LINE
8
BLACK
6
CONTINUOUS
10
6.0714927559055116
20
-3.6958415354330709
11
6.0715033464566925
21
-3.6958875196850394
0
LINE
8
BLACK
6
CONTINUOUS
10
6.0715033464566925
20
-3.6958875196850394
11
6.0715196850393696
21
-3.6959038582677164
0
LINE
8
BLACK
6
CONTINUOUS
10
6.0715196850393696
20
-3.6959038582677164
11
6.0715988188976375
21
-3.6963018110236221
0
LINE
8
BLACK
6
CONTINUOUS
10
6.0715988188976375
20
-3.6963018110236221
11
6.0716899212598427
21
-3.6966970078740156
0
LINE
8
BLACK
6
CONTINUOUS
10
6.0716899212598427
20
-3.6966970078740156
11
6.0716817322834649
21
-3.6967185826771654
0
LINE
8
BLACK
6
CONTINUOUS
10
6.0716817322834649
20
-3.6967185826771654
11
6.0716909448818894
21
-3.6967648818897638
0
LINE
8
BLACK
6
CONTINUOUS
10
6.0716909448818894
20
-3.6967648818897638
11
6.0716909448818894
21
-3.6996220078740158
0
LINE
8
BLACK
6
CONTINUOUS
10
6.0716909448818894
20
-3.6996220078740158
11
6.0716817322834649
21
-3.6996682677165356
0
LINE
8
BLACK
6
CONTINUOUS
10
6.0716817322834649
20
-3.6996682677165356
11
6.0716899212598427
21
-3.6996898818897637
0
LINE
8
BLACK
6
CONTINUOUS
10
6.0716899212598427
20
-3.6996898818897637
11
6.0715988188976375
21
-3.7000850393700788
0
LINE
8
BLACK
6
CONTINUOUS
10
6.0715988188976375
20
-3.7000850393700788
11
6.0715196850393696
21
-3.7004830314960628
0
LINE
8
BLACK
6
CONTINUOUS
10
6.0715196850393696
20
-3.7004830314960628
11
6.0715033464566925
21
-3.7004993307086615
0
LINE
8
BLACK
6
CONTINUOUS
10
6.0715033464566925
20
-3.7004993307086615
11
6.0714927559055116
21
-3.7005453543307087
0
LINE
8
BLACK
6
CONTINUOUS
10
6.0714927559055116
20
-3.7005453543307087
11
6.0706355905511806
21
-3.7024501181102361
0
LINE
8
BLACK
6
CONTINUOUS
10
6.0706355905511806
20
-3.7024501181102361
11
6.0704339370078735
21
-3.7027329921259842
0
LINE
8
BLACK
6
CONTINUOUS
10
6.0704339370078735
20
-3.7027329921259842
11
6.0702562204724408
21
-3.703031929133858
0
LINE
8
BLACK
6
CONTINUOUS
10
6.0702562204724408
20
-3.703031929133858
11
6.0693990944881886
21
-3.7039842913385828
0
LINE
8
BLACK
6
CONTINUOUS
10
6.0693990944881886
20
-3.7039842913385828
11
6.0691019685039365
21
-3.7042062598425196
0
LINE
8
BLACK
6
CONTINUOUS
10
6.0691019685039365
20
-3.7042062598425196
11
6.0688193307086609
21
-3.7044460236220473
0
LINE
8
BLACK
6
CONTINUOUS
10
6.0688193307086609
20
-3.7044460236220473
11
6.0672785826771651
21
-3.7053019291338583
0
LINE
8
BLACK
6
CONTINUOUS
10
6.0672785826771651
20
-3.7053019291338583
11
6.0713446456692912
21
-3.7117560236220473
0
LINE
8
BLACK
6
CONTINUOUS
10
6.0713446456692912
20
-3.7117560236220473
11
6.0716587007874017
21
-3.7125758267716535
0
LINE
8
BLACK
6
CONTINUOUS
10
6.0716587007874017
20
-3.7125758267716535
11
6.0712775196850393
21
-3.7142551968503934
0
LINE
8
BLACK
6
CONTINUOUS
10
6.0712775196850393
20
-3.7142551968503934
11
6.069820472440945
21
-3.7151731102362202
0
LINE
8
BLACK
6
CONTINUOUS
10
6.069820472440945
20
-3.7151731102362202
11
6.0681411023622047
21
-3.7147919291338583
0
LINE
8
BLACK
6
CONTINUOUS
10
6.0681411023622047
20
-3.7147919291338583
11
6.0675372440944884
21
-3.7141546850393699
0
LINE
8
BLACK
6
CONTINUOUS
10
6.0675372440944884
20
-3.7141546850393699
11
6.062199173228346
21
-3.705681535433071
0
LINE
8
BLACK
6
CONTINUOUS
10
6.062199173228346
20
-3.705681535433071
11
6.0614052362204722
21
-3.705681535433071
0
LINE
8
BLACK
6
CONTINUOUS
10
6.0614052362204722
20
-3.705681535433071
11
6.0614052362204722
21
-3.7129553543307088
0
LINE
8
BLACK
6
CONTINUOUS
10
6.0614052362204722
20
-3.7129553543307088
11
6.0612339763779524
21
-3.7138163779527558
0
LINE
8
BLACK
6
CONTINUOUS
10
6.0612339763779524
20
-3.7138163779527558
11
6.0600162598425191
21
-3.715034094488189
0
LINE
8
BLACK
6
CONTINUOUS
10
6.0600162598425191
20
-3.715034094488189
11
6.0582942125984252
21
-3.715034094488189
0
LINE
8
BLACK
6
CONTINUOUS
10
6.0582942125984252
20
-3.715034094488189
11
6.0570764960629919
21
-3.7138163779527558
0
LINE
8
BLACK
6
CONTINUOUS
10
6.0570764960629919
20
-3.7138163779527558
11
6.0569052362204721
21
-3.7129553543307088
0
LINE
8
BLACK
6
CONTINUOUS
10
6.0569052362204721
20
-3.7129553543307088
11
6.0569052362204721
21
-3.6929553543307088
0
LINE
8
BLACK
6
CONTINUOUS
10
6.0569052362204721
20
-3.6929553543307088
11
6.0570764960629919
21
-3.6920943307086613
0
LINE
8
BLACK
6
CONTINUOUS
10
6.0570764960629919
20
-3.6920943307086613
11
6.0582942125984252
21
-3.6908766141732281
0
LINE
8
BLACK
6
CONTINUOUS
10
6.0582942125984252
20
-3.6908766141732281
11
6.0591552362204721
21
-3.6907053543307087
0
LINE
8
BLACK
6
CONTINUOUS
10
6.0591552362204721
20
-3.6907053543307087
11
6.0660123622047246
21
-3.6907053543307087
0
LINE
8
BLACK
6
CONTINUOUS
10
6.0660123622047246
20
-3.6907053543307087
11
6.0661940944881891
21
-3.6907414960629921
0
LINE
8
BLACK
6
CONTINUOUS
10
6.0614052362204722
20
-3.7011815354330708
11
6.0654293700787401
21
-3.7011815354330708
0
LINE
8
BLACK
6
CONTINUOUS
10
6.0654293700787401
20
-3.7011815354330708
11
6.0663055511811024
21
-3.7006947637795276
0
LINE
8
BLACK
6
CONTINUOUS
10
6.0663055511811024
20
-3.7006947637795276
11
6.0666761811023617
21
-3.7002829133858266
0
LINE
8
BLACK
6
CONTINUOUS
10
6.0666761811023617
20
-3.7002829133858266
11
6.0671909448818893
21
-3.6991390551181103
0
LINE
8
BLACK
6
CONTINUOUS
10
6.0671909448818893
20
-3.6991390551181103
11
6.0671909448818893
21
-3.6972477952755907
0
LINE
8
BLACK
6
CONTINUOUS
10
6.0671909448818893
20
-3.6972477952755907
11
6.0666761811023617
21
-3.6961039370078739
0
LINE
8
BLACK
6
CONTINUOUS
10
6.0666761811023617
20
-3.6961039370078739
11
6.0663055511811024
21
-3.6956920866141734
0
LINE
8
BLACK
6
CONTINUOUS
10
6.0663055511811024
20
-3.6956920866141734
11
6.0654293700787401
21
-3.6952053543307084
0
LINE
8
BLACK
6
CONTINUOUS
10
6.0654293700787401
20
-3.6952053543307084
11
6.0614052362204722
21
-3.6952053543307084
0
LINE
8
BLACK
6
CONTINUOUS
10
6.0614052362204722
20
-3.6952053543307084
11
6.0614052362204722
21
-3.7011815354330708
0
LINE
8
BLACK
6
CONTINUOUS
10
5.7805409448818894
20
-3.6864002755905512
11
5.7818193700787397
21
-3.6876787007874015
0
LINE
8
BLACK
6
CONTINUOUS
10
5.7818193700787397
20
-3.6876787007874015
11
5.7818193700787397
21
-3.6894866535433071
0
LINE
8
BLACK
6
CONTINUOUS
10
5.7818193700787397
20
-3.6894866535433071
11
5.7805409448818894
21
-3.6907650787401574
0
LINE
8
BLACK
6
CONTINUOUS
10
5.7805409448818894
20
-3.6907650787401574
11
5.7796369685039366
21
-3.6909448818897639
0
LINE
8
BLACK
6
CONTINUOUS
10
5.7796369685039366
20
-3.6909448818897639
11
5.7668197244094488
21
-3.6909448818897639
0
LINE
8
BLACK
6
CONTINUOUS
10
5.7668197244094488
20
-3.6909448818897639
11
5.765915748031496
21
-3.6907650787401574
0
LINE
8
BLACK
6
CONTINUOUS
10
5.765915748031496
20
-3.6907650787401574
11
5.7646373228346457
21
-3.6894866535433071
0
LINE
8
BLACK
6
CONTINUOUS
10
5.7646373228346457
20
-3.6894866535433071
11
5.7646373228346457
21
-3.6876787007874015
0
LINE
8
BLACK
6
CONTINUOUS
10
5.7646373228346457
20
-3.6876787007874015
11
5.765915748031496
21
-3.6864002755905512
0
LINE
8
BLACK
6
CONTINUOUS
10
5.765915748031496
20
-3.6864002755905512
11
5.7668197244094488
21
-3.6862204724409446
0
LINE
8
BLACK
6
CONTINUOUS
10
5.7668197244094488
20
-3.6862204724409446
11
5.7796369685039366
21
-3.6862204724409446
0
LINE
8
BLACK
6
CONTINUOUS
10
5.7796369685039366
20
-3.6862204724409446
11
5.7805409448818894
21
-3.6864002755905512
0
LINE
8
BLACK
6
CONTINUOUS
10
6.8844472834645671
20
-3.6108097244094486
11
6.8857257086614174
21
-3.6120881496062993
0
LINE
8
BLACK
6
CONTINUOUS
10
6.8857257086614174
20
-3.6120881496062993
11
6.8857257086614174
21
-3.6138961023622045
0
LINE
8
BLACK
6
CONTINUOUS
10
6.8857257086614174
20
-3.6138961023622045
11
6.8844472834645671
21
-3.6151745275590552
0
LINE
8
BLACK
6
CONTINUOUS
10
6.8844472834645671
20
-3.6151745275590552
11
6.8835433070866143
21
-3.6153543307086613
0
LINE
8
BLACK
6
CONTINUOUS
10
6.8835433070866143
20
-3.6153543307086613
11
6.8288188976377953
21
-3.6153543307086613
0
LINE
8
BLACK
6
CONTINUOUS
10
6.8288188976377953
20
-3.6153543307086613
11
6.8288188976377953
21
-3.6838582677165355
0
LINE
8
BLACK
6
CONTINUOUS
10
6.8288188976377953
20
-3.6838582677165355
11
6.8286390944881887
21
-3.6847622440944883
0
LINE
8
BLACK
6
CONTINUOUS
10
6.8286390944881887
20
-3.6847622440944883
11
6.8273606692913384
21
-3.6860406692913386
0
LINE
8
BLACK
6
CONTINUOUS
10
6.8273606692913384
20
-3.6860406692913386
11
6.8255527165354328
21
-3.6860406692913386
0
LINE
8
BLACK
6
CONTINUOUS
10
6.8255527165354328
20
-3.6860406692913386
11
6.8242742913385825
21
-3.6847622440944883
0
LINE
8
BLACK
6
CONTINUOUS
10
6.8242742913385825
20
-3.6847622440944883
11
6.824094488188976
21
-3.6838582677165355
0
LINE
8
BLACK
6
CONTINUOUS
10
6.824094488188976
20
-3.6838582677165355
11
6.824094488188976
21
-3.6129921259842517
0
LINE
8
BLACK
6
CONTINUOUS
10
6.824094488188976
20
-3.6129921259842517
11
6.8242742913385825
21
-3.6120881496062993
0
LINE
8
BLACK
6
CONTINUOUS
10
6.8242742913385825
20
-3.6120881496062993
11
6.8255527165354328
21
-3.6108097244094486
0
LINE
8
BLACK
6
CONTINUOUS
10
6.8255527165354328
20
-3.6108097244094486
11
6.8264566929133856
21
-3.6106299212598425
0
LINE
8
BLACK
6
CONTINUOUS
10
6.8264566929133856
20
-3.6106299212598425
11
6.8835433070866143
21
-3.6106299212598425
0
LINE
8
BLACK
6
CONTINUOUS
10
6.8835433070866143
20
-3.6106299212598425
11
6.8844472834645671
21
-3.6108097244094486
0
LINE
8
BLACK
6
CONTINUOUS
10
6.0010921259842522
20
-3.6804160236220471
11
6.0023705511811025
21
-3.6816944488188974
0
LINE
8
BLACK
6
CONTINUOUS
10
6.0023705511811025
20
-3.6816944488188974
11
6.0023705511811025
21
-3.683502401574803
0
LINE
8
BLACK
6
CONTINUOUS
10
6.0023705511811025
20
-3.683502401574803
11
6.0010921259842522
21
-3.6847808267716533
0
LINE
8
BLACK
6
CONTINUOUS
10
6.0010921259842522
20
-3.6847808267716533
11
6.0001881496062994
21
-3.6849606299212598
0
LINE
8
BLACK
6
CONTINUOUS
10
6.0001881496062994
20
-3.6849606299212598
11
5.9873709055118107
21
-3.6849606299212598
0
LINE
8
BLACK
6
CONTINUOUS
10
5.9873709055118107
20
-3.6849606299212598
11
5.9864669291338579
21
-3.6847808267716533
0
LINE
8
BLACK
6
CONTINUOUS
10
5.9864669291338579
20
-3.6847808267716533
11
5.9851885039370076
21
-3.683502401574803
0
LINE
8
BLACK
6
CONTINUOUS
10
5.9851885039370076
20
-3.683502401574803
11
5.9851885039370076
21
-3.6816944488188974
0
LINE
8
BLACK
6
CONTINUOUS
10
5.9851885039370076
20
-3.6816944488188974
11
5.9864669291338579
21
-3.6804160236220471
0
LINE
8
BLACK
6
CONTINUOUS
10
5.9864669291338579
20
-3.6804160236220471
11
5.9873709055118107
21
-3.680236220472441
0
LINE
8
BLACK
6
CONTINUOUS
10
5.9873709055118107
20
-3.680236220472441
11
6.0001881496062994
21
-3.680236220472441
0
LINE
8
BLACK
6
CONTINUOUS
10
6.0001881496062994
20
-3.680236220472441
11
6.0010921259842522
21
-3.6804160236220471
0
LINE
8
BLACK
6
CONTINUOUS
10
5.849866496062992
20
-3.6553497637795274
11
5.8502583858267716
21
-3.6554123622047245
0
LINE
8
BLACK
6
CONTINUOUS
10
5.8502583858267716
20
-3.6554123622047245
11
5.8528298031496062
21
-3.6563647244094488
0
LINE
8
BLACK
6
CONTINUOUS
10
5.8528298031496062
20
-3.6563647244094488
11
5.8529533858267717
21
-3.6564406692913387
0
LINE
8
BLACK
6
CONTINUOUS
10
5.8529533858267717
20
-3.6564406692913387
11
5.8530174803149606
21
-3.6564440551181101
0
LINE
8
BLACK
6
CONTINUOUS
10
5.8530174803149606
20
-3.6564440551181101
11
5.8532890157480315
21
-3.6566469291338581
0
LINE
8
BLACK
6
CONTINUOUS
10
5.8532890157480315
20
-3.6566469291338581
11
5.853577755905512
21
-3.6568243700787399
0
LINE
8
BLACK
6
CONTINUOUS
10
5.853577755905512
20
-3.6568243700787399
11
5.8536045275590549
21
-3.6568826377952757
0
LINE
8
BLACK
6
CONTINUOUS
10
5.8536045275590549
20
-3.6568826377952757
11
5.8537207480314963
21
-3.6569694881889765
0
LINE
8
BLACK
6
CONTINUOUS
10
5.8537207480314963
20
-3.6569694881889765
11
5.8545779133858264
21
-3.6579218897637795
0
LINE
8
BLACK
6
CONTINUOUS
10
5.8545779133858264
20
-3.6579218897637795
11
5.8550266141732283
21
-3.6586764566929131
0
LINE
8
BLACK
6
CONTINUOUS
10
5.8550266141732283
20
-3.6586764566929131
11
5.8549361023622044
21
-3.660396181102362
0
LINE
8
BLACK
6
CONTINUOUS
10
5.8549361023622044
20
-3.660396181102362
11
5.8536561417322837
21
-3.6615481496062992
0
LINE
8
BLACK
6
CONTINUOUS
10
5.8536561417322837
20
-3.6615481496062992
11
5.8519364173228343
21
-3.6614576377952757
0
LINE
8
BLACK
6
CONTINUOUS
10
5.8519364173228343
20
-3.6614576377952757
11
5.8512331102362207
21
-3.660932244094488
0
LINE
8
BLACK
6
CONTINUOUS
10
5.8512331102362207
20
-3.660932244094488
11
5.8507468897637791
21
-3.6603919685039368
0
LINE
8
BLACK
6
CONTINUOUS
10
5.8507468897637791
20
-3.6603919685039368
11
5.8490736614173224
21
-3.6597722834645667
0
LINE
8
BLACK
6
CONTINUOUS
10
5.8490736614173224
20
-3.6597722834645667
11
5.8481658661417324
21
-3.6597722834645667
0
LINE
8
BLACK
6
CONTINUOUS
10
5.8481658661417324
20
-3.6597722834645667
11
5.8464926377952757
21
-3.6603919685039368
0
LINE
8
BLACK
6
CONTINUOUS
10
5.8464926377952757
20
-3.6603919685039368
11
5.8453845275590552
21
-3.6616231889763777
0
LINE
8
BLACK
6
CONTINUOUS
10
5.8453845275590552
20
-3.6616231889763777
11
5.8447649999999998
21
-3.6629999212598423
0
LINE
8
BLACK
6
CONTINUOUS
10
5.8447649999999998
20
-3.6629999212598423
11
5.8440126377952755
21
-3.6663436614173226
0
LINE
8
BLACK
6
CONTINUOUS
10
5.8440126377952755
20
-3.6663436614173226
11
5.8440126377952755
21
-3.6687008661417324
0
LINE
8
BLACK
6
CONTINUOUS
10
5.8440126377952755
20
-3.6687008661417324
11
5.8447649999999998
21
-3.6720446062992127
0
LINE
8
BLACK
6
CONTINUOUS
10
5.8447649999999998
20
-3.6720446062992127
11
5.8453845275590552
21
-3.6734213385826773
0
LINE
8
BLACK
6
CONTINUOUS
10
5.8453845275590552
20
-3.6734213385826773
11
5.8464926377952757
21
-3.6746525590551182
0
LINE
8
BLACK
6
CONTINUOUS
10
5.8464926377952757
20
-3.6746525590551182
11
5.8481658661417324
21
-3.675272283464567
0
LINE
8
BLACK
6
CONTINUOUS
10
5.8481658661417324
20
-3.675272283464567
11
5.8490736614173224
21
-3.675272283464567
0
LINE
8
BLACK
6
CONTINUOUS
10
5.8490736614173224
20
-3.675272283464567
11
5.8507468897637791
21
-3.6746525590551182
0
LINE
8
BLACK
6
CONTINUOUS
10
5.8507468897637791
20
-3.6746525590551182
11
5.8512331102362207
21
-3.6741123228346457
0
LINE
8
BLACK
6
CONTINUOUS
10
5.8512331102362207
20
-3.6741123228346457
11
5.8519364173228343
21
-3.6735869291338581
0
LINE
8
BLACK
6
CONTINUOUS
10
5.8519364173228343
20
-3.6735869291338581
11
5.8536561417322837
21
-3.6734964173228346
0
LINE
8
BLACK
6
CONTINUOUS
10
5.8536561417322837
20
-3.6734964173228346
11
5.8549361023622044
21
-3.6746483858267718
0
LINE
8
BLACK
6
CONTINUOUS
10
5.8549361023622044
20
-3.6746483858267718
11
5.8550266141732283
21
-3.6763681102362202
0
LINE
8
BLACK
6
CONTINUOUS
10
5.8550266141732283
20
-3.6763681102362202
11
5.8545779133858264
21
-3.6771226771653542
0
LINE
8
BLACK
6
CONTINUOUS
10
5.8545779133858264
20
-3.6771226771653542
11
5.8537207480314963
21
-3.6780750787401573
0
LINE
8
BLACK
6
CONTINUOUS
10
5.8537207480314963
20
-3.6780750787401573
11
5.8536045275590549
21
-3.6781618897637793
0
LINE
8
BLACK
6
CONTINUOUS
10
5.8536045275590549
20
-3.6781618897637793
11
5.853577755905512
21
-3.6782201968503938
0
LINE
8
BLACK
6
CONTINUOUS
10
5.853577755905512
20
-3.6782201968503938
11
5.8532890157480315
21
-3.6783975984251969
0
LINE
8
BLACK
6
CONTINUOUS
10
5.8532890157480315
20
-3.6783975984251969
11
5.8530174803149606
21
-3.6786005118110237
0
LINE
8
BLACK
6
CONTINUOUS
10
5.8530174803149606
20
-3.6786005118110237
11
5.8529533858267717
21
-3.6786038582677163
0
LINE
8
BLACK
6
CONTINUOUS
10
5.8529533858267717
20
-3.6786038582677163
11
5.8528298031496062
21
-3.6786798425196849
0
LINE
8
BLACK
6
CONTINUOUS
10
5.8528298031496062
20
-3.6786798425196849
11
5.8502583858267716
21
-3.6796322047244092
0
LINE
8
BLACK
6
CONTINUOUS
10
5.8502583858267716
20
-3.6796322047244092
11
5.849866496062992
21
-3.6796947637795276
0
LINE
8
BLACK
6
CONTINUOUS
10
5.849866496062992
20
-3.6796947637795276
11
5.849476929133858
21
-3.6797722834645668
0
LINE
8
BLACK
6
CONTINUOUS
10
5.849476929133858
20
-3.6797722834645668
11
5.8477626377952756
21
-3.6797722834645668
0
LINE
8
BLACK
6
CONTINUOUS
10
5.8477626377952756
20
-3.6797722834645668
11
5.8473735039370078
21
-3.6796948818897639
0
LINE
8
BLACK
6
CONTINUOUS
10
5.8473735039370078
20
-3.6796948818897639
11
5.8469812204724407
21
-3.679632244094488
0
LINE
8
BLACK
6
CONTINUOUS
10
5.8469812204724407
20
-3.679632244094488
11
5.8444097637795274
21
-3.6786798425196849
0
LINE
8
BLACK
6
CONTINUOUS
10
5.8444097637795274
20
-3.6786798425196849
11
5.8442861417322831
21
-3.6786038582677163
0
LINE
8
BLACK
6
CONTINUOUS
10
5.8442861417322831
20
-3.6786038582677163
11
5.844222086614173
21
-3.6786005118110237
0
LINE
8
BLACK
6
CONTINUOUS
10
5.844222086614173
20
-3.6786005118110237
11
5.8439507086614171
21
-3.6783977559055119
0
LINE
8
BLACK
6
CONTINUOUS
10
5.8439507086614171
20
-3.6783977559055119
11
5.8436618110236216
21
-3.6782202362204726
0
LINE
8
BLACK
6
CONTINUOUS
10
5.8436618110236216
20
-3.6782202362204726
11
5.8436349606299212
21
-3.6781618503937006
0
LINE
8
BLACK
6
CONTINUOUS
10
5.8436349606299212
20
-3.6781618503937006
11
5.8435188188976372
21
-3.6780750787401573
0
LINE
8
BLACK
6
CONTINUOUS
10
5.8435188188976372
20
-3.6780750787401573
11
5.8418045275590549
21
-3.67617031496063
0
LINE
8
BLACK
6
CONTINUOUS
10
5.8418045275590549
20
-3.67617031496063
11
5.841626850393701
21
-3.6758715354330707
0
LINE
8
BLACK
6
CONTINUOUS
10
5.841626850393701
20
-3.6758715354330707
11
5.8414251181102363
21
-3.6755884645669292
0
LINE
8
BLACK
6
CONTINUOUS
10
5.8414251181102363
20
-3.6755884645669292
11
5.8405679921259841
21
-3.6736837007874015
0
LINE
8
BLACK
6
CONTINUOUS
10
5.8405679921259841
20
-3.6736837007874015
11
5.8405169291338579
21
-3.6734621259842517
0
LINE
8
BLACK
6
CONTINUOUS
10
5.8405169291338579
20
-3.6734621259842517
11
5.8404246850393697
21
-3.6732542913385826
0
LINE
8
BLACK
6
CONTINUOUS
10
5.8404246850393697
20
-3.6732542913385826
11
5.8395675196850396
21
-3.6694447637795276
0
LINE
8
BLACK
6
CONTINUOUS
10
5.8395675196850396
20
-3.6694447637795276
11
5.8395612598425197
21
-3.669195433070866
0
LINE
8
BLACK
6
CONTINUOUS
10
5.8395612598425197
20
-3.669195433070866
11
5.8395126377952753
21
-3.6689508661417323
0
LINE
8
BLACK
6
CONTINUOUS
10
5.8395126377952753
20
-3.6689508661417323
11
5.8395126377952753
21
-3.6660937007874015
0
LINE
8
BLACK
6
CONTINUOUS
10
5.8395126377952753
20
-3.6660937007874015
11
5.8395612598425197
21
-3.665849094488189
0
LINE
8
BLACK
6
CONTINUOUS
10
5.8395612598425197
20
-3.665849094488189
11
5.8395675196850396
21
-3.6655998031496062
0
LINE
8
BLACK
6
CONTINUOUS
10
5.8395675196850396
20
-3.6655998031496062
11
5.8404246850393697
21
-3.6617902755905511
0
LINE
8
BLACK
6
CONTINUOUS
10
5.8404246850393697
20
-3.6617902755905511
11
5.8405169291338579
21
-3.6615824015748029
0
LINE
8
BLACK
6
CONTINUOUS
10
5.8405169291338579
20
-3.6615824015748029
11
5.8405679921259841
21
-3.6613608661417323
0
LINE
8
BLACK
6
CONTINUOUS
10
5.8405679921259841
20
-3.6613608661417323
11
5.8414251181102363
21
-3.6594561023622045
0
LINE
8
BLACK
6
CONTINUOUS
10
5.8414251181102363
20
-3.6594561023622045
11
5.841626850393701
21
-3.6591729921259843
0
LINE
8
BLACK
6
CONTINUOUS
10
5.841626850393701
20
-3.6591729921259843
11
5.8418045275590549
21
-3.6588742519685038
0
LINE
8
BLACK
6
CONTINUOUS
10
5.8418045275590549
20
-3.6588742519685038
11
5.8435188188976372
21
-3.6569694881889765
0
LINE
8
BLACK
6
CONTINUOUS
10
5.8435188188976372
20
-3.6569694881889765
11
5.8436349606299212
21
-3.6568826771653544
0
LINE
8
BLACK
6
CONTINUOUS
10
5.8436349606299212
20
-3.6568826771653544
11
5.8436618110236216
21
-3.6568243307086612
0
LINE
8
BLACK
6
CONTINUOUS
10
5.8436618110236216
20
-3.6568243307086612
11
5.8439507086614171
21
-3.6566467716535431
0
LINE
8
BLACK
6
CONTINUOUS
10
5.8439507086614171
20
-3.6566467716535431
11
5.844222086614173
21
-3.6564440551181101
0
LINE
8
BLACK
6
CONTINUOUS
10
5.844222086614173
20
-3.6564440551181101
11
5.8442861417322831
21
-3.6564406692913387
0
LINE
8
BLACK
6
CONTINUOUS
10
5.8442861417322831
20
-3.6564406692913387
11
5.8444097637795274
21
-3.6563647244094488
0
LINE
8
BLACK
6
CONTINUOUS
10
5.8444097637795274
20
-3.6563647244094488
11
5.8469812204724407
21
-3.6554123228346458
0
LINE
8
BLACK
6
CONTINUOUS
10
5.8469812204724407
20
-3.6554123228346458
11
5.8473735039370078
21
-3.6553496456692911
0
LINE
8
BLACK
6
CONTINUOUS
10
5.8473735039370078
20
-3.6553496456692911
11
5.8477626377952756
21
-3.655272283464567
0
LINE
8
BLACK
6
CONTINUOUS
10
5.8477626377952756
20
-3.655272283464567
11
5.849476929133858
21
-3.655272283464567
0
LINE
8
BLACK
6
CONTINUOUS
10
5.849476929133858
20
-3.655272283464567
11
5.849866496062992
21
-3.6553497637795274
0
LINE
8
BLACK
6
CONTINUOUS
10
5.8654812992125986
20
-3.6554435433070864
11
5.865766535433071
21
-3.6554435433070864
0
LINE
8
BLACK
6
CONTINUOUS
10
5.865766535433071
20
-3.6554435433070864
11
5.8661943307086615
21
-3.6558713385826769
0
LINE
8
BLACK
6
CONTINUOUS
10
5.8661943307086615
20
-3.6558713385826769
11
5.8667133464566925
21
-3.6561827559055118
0
LINE
8
BLACK
6
CONTINUOUS
10
5.8667133464566925
20
-3.6561827559055118
11
5.8667825196850396
21
-3.656459527559055
0
LINE
8
BLACK
6
CONTINUOUS
10
5.8667825196850396
20
-3.656459527559055
11
5.8669842519685034
21
-3.6566612598425197
0
LINE
8
BLACK
6
CONTINUOUS
10
5.8669842519685034
20
-3.6566612598425197
11
5.8671555118110232
21
-3.6575222834645666
0
LINE
8
BLACK
6
CONTINUOUS
10
5.8671555118110232
20
-3.6575222834645666
11
5.8671555118110232
21
-3.675272283464567
0
LINE
8
BLACK
6
CONTINUOUS
10
5.8671555118110232
20
-3.675272283464567
11
5.8700483464566924
21
-3.675272283464567
0
LINE
8
BLACK
6
CONTINUOUS
10
5.8700483464566924
20
-3.675272283464567
11
5.8709093700787403
21
-3.6754435433070864
0
LINE
8
BLACK
6
CONTINUOUS
10
5.8709093700787403
20
-3.6754435433070864
11
5.8721270866141735
21
-3.6766612598425197
0
LINE
8
BLACK
6
CONTINUOUS
10
5.8721270866141735
20
-3.6766612598425197
11
5.8721270866141735
21
-3.6783833070866141
0
LINE
8
BLACK
6
CONTINUOUS
10
5.8721270866141735
20
-3.6783833070866141
11
5.8709093700787403
21
-3.6796010236220473
0
LINE
8
BLACK
6
CONTINUOUS
10
5.8709093700787403
20
-3.6796010236220473
11
5.8700483464566924
21
-3.6797722834645668
0
LINE
8
BLACK
6
CONTINUOUS
10
5.8700483464566924
20
-3.6797722834645668
11
5.8597626377952752
21
-3.6797722834645668
0
LINE
8
BLACK
6
CONTINUOUS
10
5.8597626377952752
20
-3.6797722834645668
11
5.8589016141732282
21
-3.6796010236220473
0
LINE
8
BLACK
6
CONTINUOUS
10
5.8589016141732282
20
-3.6796010236220473
11
5.857683897637795
21
-3.6783833070866141
0
LINE
8
BLACK
6
CONTINUOUS
10
5.857683897637795
20
-3.6783833070866141
11
5.857683897637795
21
-3.6766612598425197
0
LINE
8
BLACK
6
CONTINUOUS
10
5.857683897637795
20
-3.6766612598425197
11
5.8589016141732282
21
-3.6754435433070864
0
LINE
8
BLACK
6
CONTINUOUS
10
5.8589016141732282
20
-3.6754435433070864
11
5.8597626377952752
21
-3.675272283464567
0
LINE
8
BLACK
6
CONTINUOUS
10
5.8597626377952752
20
-3.675272283464567
11
5.8626555118110231
21
-3.675272283464567
0
LINE
8
BLACK
6
CONTINUOUS
10
5.8626555118110231
20
-3.675272283464567
11
5.8626555118110231
21
-3.6641781889763778
0
LINE
8
BLACK
6
CONTINUOUS
10
5.8626555118110231
20
-3.6641781889763778
11
5.8625696456692911
21
-3.6642510236220471
0
LINE
8
BLACK
6
CONTINUOUS
10
5.8625696456692911
20
-3.6642510236220471
11
5.8608553543307087
21
-3.6652034251968502
0
LINE
8
BLACK
6
CONTINUOUS
10
5.8608553543307087
20
-3.6652034251968502
11
5.8600195275590554
21
-3.6654718503937005
0
LINE
8
BLACK
6
CONTINUOUS
10
5.8600195275590554
20
-3.6654718503937005
11
5.8583636614173225
21
-3.6649987795275591
0
LINE
8
BLACK
6
CONTINUOUS
10
5.8583636614173225
20
-3.6649987795275591
11
5.8575273622047241
21
-3.6634934645669293
0
LINE
8
BLACK
6
CONTINUOUS
10
5.8575273622047241
20
-3.6634934645669293
11
5.8580004330708659
21
-3.6618375984251967
0
LINE
8
BLACK
6
CONTINUOUS
10
5.8580004330708659
20
-3.6618375984251967
11
5.8586699212598425
21
-3.6612697244094488
0
LINE
8
BLACK
6
CONTINUOUS
10
5.8586699212598425
20
-3.6612697244094488
11
5.8600558661417326
21
-3.6604997244094486
0
LINE
8
BLACK
6
CONTINUOUS
10
5.8600558661417326
20
-3.6604997244094486
11
5.8613734251968506
21
-3.6590357480314961
0
LINE
8
BLACK
6
CONTINUOUS
10
5.8613734251968506
20
-3.6590357480314961
11
5.8629761417322834
21
-3.6563646456692913
0
LINE
8
BLACK
6
CONTINUOUS
10
5.8629761417322834
20
-3.6563646456692913
11
5.863566023622047
21
-3.6557144488188977
0
LINE
8
BLACK
6
CONTINUOUS
10
5.863566023622047
20
-3.6557144488188977
11
5.8638427559055115
21
-3.6556452362204723
0
LINE
8
BLACK
6
CONTINUOUS
10
5.8638427559055115
20
-3.6556452362204723
11
5.8640444881889762
21
-3.6554435433070864
0
LINE
8
BLACK
6
CONTINUOUS
10
5.8640444881889762
20
-3.6554435433070864
11
5.8646496062992126
21
-3.6554435433070864
0
LINE
8
BLACK
6
CONTINUOUS
10
5.8646496062992126
20
-3.6554435433070864
11
5.8652366929133857
21
-3.6552967716535432
0
LINE
8
BLACK
6
CONTINUOUS
10
5.8652366929133857
20
-3.6552967716535432
11
5.8654812992125986
21
-3.6554435433070864
0
LINE
8
BLACK
6
CONTINUOUS
10
6.6658910236220468
20
-3.662143346456693
11
6.666955433070866
21
-3.6625842519685037
0
LINE
8
BLACK
6
CONTINUOUS
10
6.666955433070866
20
-3.6625842519685037
11
6.6677700787401575
21
-3.6633988976377951
0
LINE
8
BLACK
6
CONTINUOUS
10
6.6677700787401575
20
-3.6633988976377951
11
6.6682109842519681
21
-3.6644633070866139
0
LINE
8
BLACK
6
CONTINUOUS
10
6.6682109842519681
20
-3.6644633070866139
11
6.6682109842519681
21
-3.6656154330708661
0
LINE
8
BLACK
6
CONTINUOUS
10
6.6682109842519681
20
-3.6656154330708661
11
6.6677700787401575
21
-3.6666798425196849
0
LINE
8
BLACK
6
CONTINUOUS
10
6.6677700787401575
20
-3.6666798425196849
11
6.666955433070866
21
-3.6674944881889764
0
LINE
8
BLACK
6
CONTINUOUS
10
6.666955433070866
20
-3.6674944881889764
11
6.6658910236220468
21
-3.6679353937007875
0
LINE
8
BLACK
6
CONTINUOUS
10
6.6658910236220468
20
-3.6679353937007875
11
6.6653149606299209
21
-3.6679921259842518
0
LINE
8
BLACK
6
CONTINUOUS
10
6.6653149606299209
20
-3.6679921259842518
11
6.4300787401574802
21
-3.6679921259842518
0
LINE
8
BLACK
6
CONTINUOUS
10
6.4300787401574802
20
-3.6679921259842518
11
6.4295026771653543
21
-3.6679353937007875
0
LINE
8
BLACK
6
CONTINUOUS
10
6.4295026771653543
20
-3.6679353937007875
11
6.428438267716535
21
-3.6674944881889764
0
LINE
8
BLACK
6
CONTINUOUS
10
6.428438267716535
20
-3.6674944881889764
11
6.4276236220472436
21
-3.6666798425196849
0
LINE
8
BLACK
6
CONTINUOUS
10
6.4276236220472436
20
-3.6666798425196849
11
6.4271827165354329
21
-3.6656154330708661
0
LINE
8
BLACK
6
CONTINUOUS
10
6.4271827165354329
20
-3.6656154330708661
11
6.4271827165354329
21
-3.6644633070866139
0
LINE
8
BLACK
6
CONTINUOUS
10
6.4271827165354329
20
-3.6644633070866139
11
6.4276236220472436
21
-3.6633988976377951
0
LINE
8
BLACK
6
CONTINUOUS
10
6.4276236220472436
20
-3.6633988976377951
11
6.428438267716535
21
-3.6625842519685037
0
LINE
8
BLACK
6
CONTINUOUS
10
6.428438267716535
20
-3.6625842519685037
11
6.4295026771653543
21
-3.662143346456693
0
LINE
8
BLACK
6
CONTINUOUS
10
6.4295026771653543
20
-3.662143346456693
11
6.4300787401574802
21
-3.6620866141732282
0
LINE
8
BLACK
6
CONTINUOUS
10
6.4300787401574802
20
-3.6620866141732282
11
6.6653149606299209
21
-3.6620866141732282
0
LINE
8
BLACK
6
CONTINUOUS
10
6.6653149606299209
20
-3.6620866141732282
11
6.6658910236220468
21
-3.662143346456693
0
LINE
8
BLACK
6
CONTINUOUS
10
6.1343795275590551
20
-3.6627782283464567
11
6.1356579527559054
21
-3.664056653543307
0
LINE
8
BLACK
6
CONTINUOUS
10
6.1356579527559054
20
-3.664056653543307
11
6.1356579527559054
21
-3.6658646062992126
0
LINE
8
BLACK
6
CONTINUOUS
10
6.1356579527559054
20
-3.6658646062992126
11
6.1343795275590551
21
-3.6671430314960629
0
LINE
8
BLACK
6
CONTINUOUS
10
6.1343795275590551
20
-3.6671430314960629
11
6.1334755511811023
21
-3.667322834645669
0
LINE
8
BLACK
6
CONTINUOUS
10
6.1334755511811023
20
-3.667322834645669
11
6.1206583070866136
21
-3.667322834645669
0
LINE
8
BLACK
6
CONTINUOUS
10
6.1206583070866136
20
-3.667322834645669
11
6.1197543307086617
21
-3.6671430314960629
0
LINE
8
BLACK
6
CONTINUOUS
10
6.1197543307086617
20
-3.6671430314960629
11
6.1184759055118105
21
-3.6658646062992126
0
LINE
8
BLACK
6
CONTINUOUS
10
6.1184759055118105
20
-3.6658646062992126
11
6.1184759055118105
21
-3.664056653543307
0
LINE
8
BLACK
6
CONTINUOUS
10
6.1184759055118105
20
-3.664056653543307
11
6.1197543307086617
21
-3.6627782283464567
0
LINE
8
BLACK
6
CONTINUOUS
10
6.1197543307086617
20
-3.6627782283464567
11
6.1206583070866136
21
-3.6625984251968502
0
LINE
8
BLACK
6
CONTINUOUS
10
6.1206583070866136
20
-3.6625984251968502
11
6.1334755511811023
21
-3.6625984251968502
0
LINE
8
BLACK
6
CONTINUOUS
10
6.1334755511811023
20
-3.6625984251968502
11
6.1343795275590551
21
-3.6627782283464567
0
LINE
8
BLACK
6
CONTINUOUS
10
5.7805409448818894
20
-3.6462427952755903
11
5.7818193700787397
21
-3.647521220472441
0
LINE
8
BLACK
6
CONTINUOUS
10
5.7818193700787397
20
-3.647521220472441
11
5.7818193700787397
21
-3.6493291732283462
0
LINE
8
BLACK
6
CONTINUOUS
10
5.7818193700787397
20
-3.6493291732283462
11
5.7805409448818894
21
-3.6506075984251969
0
LINE
8
BLACK
6
CONTINUOUS
10
5.7805409448818894
20
-3.6506075984251969
11
5.7796369685039366
21
-3.650787401574803
0
LINE
8
BLACK
6
CONTINUOUS
10
5.7796369685039366
20
-3.650787401574803
11
5.7668197244094488
21
-3.650787401574803
0
LINE
8
BLACK
6
CONTINUOUS
10
5.7668197244094488
20
-3.650787401574803
11
5.765915748031496
21
-3.6506075984251969
0
LINE
8
BLACK
6
CONTINUOUS
10
5.765915748031496
20
-3.6506075984251969
11
5.7646373228346457
21
-3.6493291732283462
0
LINE
8
BLACK
6
CONTINUOUS
10
5.7646373228346457
20
-3.6493291732283462
11
5.7646373228346457
21
-3.647521220472441
0
LINE
8
BLACK
6
CONTINUOUS
10
5.7646373228346457
20
-3.647521220472441
11
5.765915748031496
21
-3.6462427952755903
0
LINE
8
BLACK
6
CONTINUOUS
10
5.765915748031496
20
-3.6462427952755903
11
5.7668197244094488
21
-3.6460629921259842
0
LINE
8
BLACK
6
CONTINUOUS
10
5.7668197244094488
20
-3.6460629921259842
11
5.7796369685039366
21
-3.6460629921259842
0
LINE
8
BLACK
6
CONTINUOUS
10
5.7796369685039366
20
-3.6460629921259842
11
5.7805409448818894
21
-3.6462427952755903
0
LINE
8
BLACK
6
CONTINUOUS
10
6.7542880314960625
20
-3.6307651574803148
11
6.7552404724409447
21
-3.6316223228346454
0
LINE
8
BLACK
6
CONTINUOUS
10
6.7552404724409447
20
-3.6316223228346454
11
6.755327244094488
21
-3.6317385039370076
0
LINE
8
BLACK
6
CONTINUOUS
10
6.755327244094488
20
-3.6317385039370076
11
6.7553855905511808
21
-3.6317653149606297
0
LINE
8
BLACK
6
CONTINUOUS
10
6.7553855905511808
20
-3.6317653149606297
11
6.7555631102362206
21
-3.632054251968504
0
LINE
8
BLACK
6
CONTINUOUS
10
6.7555631102362206
20
-3.632054251968504
11
6.7557658661417319
21
-3.6323256299212598
0
LINE
8
BLACK
6
CONTINUOUS
10
6.7557658661417319
20
-3.6323256299212598
11
6.755769212598425
21
-3.6323896456692912
0
LINE
8
BLACK
6
CONTINUOUS
10
6.755769212598425
20
-3.6323896456692912
11
6.7558451968503936
21
-3.6325132677165355
0
LINE
8
BLACK
6
CONTINUOUS
10
6.7558451968503936
20
-3.6325132677165355
11
6.7567975984251971
21
-3.6350847244094489
0
LINE
8
BLACK
6
CONTINUOUS
10
6.7567975984251971
20
-3.6350847244094489
11
6.7568602362204722
21
-3.6354770078740155
0
LINE
8
BLACK
6
CONTINUOUS
10
6.7568602362204722
20
-3.6354770078740155
11
6.756937637795275
21
-3.6358661417322833
0
LINE
8
BLACK
6
CONTINUOUS
10
6.756937637795275
20
-3.6358661417322833
11
6.756937637795275
21
-3.6375804330708661
0
LINE
8
BLACK
6
CONTINUOUS
10
6.756937637795275
20
-3.6375804330708661
11
6.7568602362204722
21
-3.6379695275590551
0
LINE
8
BLACK
6
CONTINUOUS
10
6.7568602362204722
20
-3.6379695275590551
11
6.7567975984251971
21
-3.6383618503937005
0
LINE
8
BLACK
6
CONTINUOUS
10
6.7567975984251971
20
-3.6383618503937005
11
6.7558451968503936
21
-3.6409333070866139
0
LINE
8
BLACK
6
CONTINUOUS
10
6.7558451968503936
20
-3.6409333070866139
11
6.755769212598425
21
-3.6410568897637794
0
LINE
8
BLACK
6
CONTINUOUS
10
6.755769212598425
20
-3.6410568897637794
11
6.7557658661417319
21
-3.6411209842519683
0
LINE
8
BLACK
6
CONTINUOUS
10
6.7557658661417319
20
-3.6411209842519683
11
6.7555631102362206
21
-3.6413923228346454
0
LINE
8
BLACK
6
CONTINUOUS
10
6.7555631102362206
20
-3.6413923228346454
11
6.7553855905511808
21
-3.6416812598425197
0
LINE
8
BLACK
6
CONTINUOUS
10
6.7553855905511808
20
-3.6416812598425197
11
6.7553272047244093
21
-3.6417080708661418
0
LINE
8
BLACK
6
CONTINUOUS
10
6.7553272047244093
20
-3.6417080708661418
11
6.755240433070866
21
-3.641824251968504
0
LINE
8
BLACK
6
CONTINUOUS
10
6.755240433070866
20
-3.641824251968504
11
6.7533356692913387
21
-3.6435385433070864
0
LINE
8
BLACK
6
CONTINUOUS
10
6.7533356692913387
20
-3.6435385433070864
11
6.7530368897637798
21
-3.643716181102362
0
LINE
8
BLACK
6
CONTINUOUS
10
6.7530368897637798
20
-3.643716181102362
11
6.7527538188976379
21
-3.6439179527559054
0
LINE
8
BLACK
6
CONTINUOUS
10
6.7527538188976379
20
-3.6439179527559054
11
6.7508490551181097
21
-3.6447750787401576
0
LINE
8
BLACK
6
CONTINUOUS
10
6.7508490551181097
20
-3.6447750787401576
11
6.7506274803149608
21
-3.6448261023622046
0
LINE
8
BLACK
6
CONTINUOUS
10
6.7506274803149608
20
-3.6448261023622046
11
6.7504196456692913
21
-3.6449183858267715
0
LINE
8
BLACK
6
CONTINUOUS
10
6.7504196456692913
20
-3.6449183858267715
11
6.7466101181102358
21
-3.6457755511811021
0
LINE
8
BLACK
6
CONTINUOUS
10
6.7466101181102358
20
-3.6457755511811021
11
6.7463607874015743
21
-3.6457817716535432
0
LINE
8
BLACK
6
CONTINUOUS
10
6.7463607874015743
20
-3.6457817716535432
11
6.746116220472441
21
-3.645830433070866
0
LINE
8
BLACK
6
CONTINUOUS
10
6.746116220472441
20
-3.645830433070866
11
6.7432590551181102
21
-3.645830433070866
0
LINE
8
BLACK
6
CONTINUOUS
10
6.7432590551181102
20
-3.645830433070866
11
6.7430144488188972
21
-3.6457817716535432
0
LINE
8
BLACK
6
CONTINUOUS
10
6.7430144488188972
20
-3.6457817716535432
11
6.7427651181102357
21
-3.6457755511811021
0
LINE
8
BLACK
6
CONTINUOUS
10
6.7427651181102357
20
-3.6457755511811021
11
6.7389556299212598
21
-3.6449183858267715
0
LINE
8
BLACK
6
CONTINUOUS
10
6.7389556299212598
20
-3.6449183858267715
11
6.7387478740157478
21
-3.6448261811023621
0
LINE
8
BLACK
6
CONTINUOUS
10
6.7387478740157478
20
-3.6448261811023621
11
6.7385262204724405
21
-3.6447751181102364
0
LINE
8
BLACK
6
CONTINUOUS
10
6.7385262204724405
20
-3.6447751181102364
11
6.7366214566929132
21
-3.6439179527559054
0
LINE
8
BLACK
6
CONTINUOUS
10
6.7366214566929132
20
-3.6439179527559054
11
6.7363383464566926
21
-3.643716181102362
0
LINE
8
BLACK
6
CONTINUOUS
10
6.7363383464566926
20
-3.643716181102362
11
6.7360396062992125
21
-3.6435385433070864
0
LINE
8
BLACK
6
CONTINUOUS
10
6.7360396062992125
20
-3.6435385433070864
11
6.7341348425196852
21
-3.641824251968504
0
LINE
8
BLACK
6
CONTINUOUS
10
6.7341348425196852
20
-3.641824251968504
11
6.7340479921259844
21
-3.641708031496063
0
LINE
8
BLACK
6
CONTINUOUS
10
6.7340479921259844
20
-3.641708031496063
11
6.7339897244094491
21
-3.6416812598425197
0
LINE
8
BLACK
6
CONTINUOUS
10
6.7339897244094491
20
-3.6416812598425197
11
6.7338122834645668
21
-3.6413925196850392
0
LINE
8
BLACK
6
CONTINUOUS
10
6.7338122834645668
20
-3.6413925196850392
11
6.7336094094488184
21
-3.6411209842519683
0
LINE
8
BLACK
6
CONTINUOUS
10
6.7336094094488184
20
-3.6411209842519683
11
6.7336060236220474
21
-3.6410568897637794
0
LINE
8
BLACK
6
CONTINUOUS
10
6.7336060236220474
20
-3.6410568897637794
11
6.7335300787401575
21
-3.6409333070866139
0
LINE
8
BLACK
6
CONTINUOUS
10
6.7335300787401575
20
-3.6409333070866139
11
6.7325777165354328
21
-3.6383618897637793
0
LINE
8
BLACK
6
CONTINUOUS
10
6.7325777165354328
20
-3.6383618897637793
11
6.7325151181102365
21
-3.6379699999999997
0
LINE
8
BLACK
6
CONTINUOUS
10
6.7325151181102365
20
-3.6379699999999997
11
6.7324376377952753
21
-3.6375804330708661
0
LINE
8
BLACK
6
CONTINUOUS
10
6.7324376377952753
20
-3.6375804330708661
11
6.7324376377952753
21
-3.6358661417322833
0
LINE
8
BLACK
6
CONTINUOUS
10
6.7324376377952753
20
-3.6358661417322833
11
6.7325151181102365
21
-3.6354765354330709
0
LINE
8
BLACK
6
CONTINUOUS
10
6.7325151181102365
20
-3.6354765354330709
11
6.7325777165354328
21
-3.6350846850393701
0
LINE
8
BLACK
6
CONTINUOUS
10
6.7325777165354328
20
-3.6350846850393701
11
6.7335300787401575
21
-3.6325132677165355
0
LINE
8
BLACK
6
CONTINUOUS
10
6.7335300787401575
20
-3.6325132677165355
11
6.7336060236220474
21
-3.6323896456692912
0
LINE
8
BLACK
6
CONTINUOUS
10
6.7336060236220474
20
-3.6323896456692912
11
6.7336094094488184
21
-3.6323255905511811
0
LINE
8
BLACK
6
CONTINUOUS
10
6.7336094094488184
20
-3.6323255905511811
11
6.7338122834645668
21
-3.6320540157480314
0
LINE
8
BLACK
6
CONTINUOUS
10
6.7338122834645668
20
-3.6320540157480314
11
6.7339897244094491
21
-3.6317653149606297
0
LINE
8
BLACK
6
CONTINUOUS
10
6.7339897244094491
20
-3.6317653149606297
11
6.7340479921259844
21
-3.6317385039370076
0
LINE
8
BLACK
6
CONTINUOUS
10
6.7340479921259844
20
-3.6317385039370076
11
6.7341348425196852
21
-3.6316223228346454
0
LINE
8
BLACK
6
CONTINUOUS
10
6.7341348425196852
20
-3.6316223228346454
11
6.7350872440944878
21
-3.6307651574803148
0
LINE
8
BLACK
6
CONTINUOUS
10
6.7350872440944878
20
-3.6307651574803148
11
6.7358418110236222
21
-3.6303164566929134
0
LINE
8
BLACK
6
CONTINUOUS
10
6.7358418110236222
20
-3.6303164566929134
11
6.7375615354330707
21
-3.6304069685039368
0
LINE
8
BLACK
6
CONTINUOUS
10
6.7375615354330707
20
-3.6304069685039368
11
6.7387135039370074
21
-3.631686929133858
0
LINE
8
BLACK
6
CONTINUOUS
10
6.7387135039370074
20
-3.631686929133858
11
6.7386229921259844
21
-3.6334066535433069
0
LINE
8
BLACK
6
CONTINUOUS
10
6.7386229921259844
20
-3.6334066535433069
11
6.7380975984251963
21
-3.634109960629921
0
LINE
8
BLACK
6
CONTINUOUS
10
6.7380975984251963
20
-3.634109960629921
11
6.7375573228346459
21
-3.6345961417322834
0
LINE
8
BLACK
6
CONTINUOUS
10
6.7375573228346459
20
-3.6345961417322834
11
6.7369376377952754
21
-3.6362693700787401
0
LINE
8
BLACK
6
CONTINUOUS
10
6.7369376377952754
20
-3.6362693700787401
11
6.7369376377952754
21
-3.6371771653543306
0
LINE
8
BLACK
6
CONTINUOUS
10
6.7369376377952754
20
-3.6371771653543306
11
6.7375573622047247
21
-3.638850433070866
0
LINE
8
BLACK
6
CONTINUOUS
10
6.7375573622047247
20
-3.638850433070866
11
6.7387886220472444
21
-3.6399585433070865
0
LINE
8
BLACK
6
CONTINUOUS
10
6.7387886220472444
20
-3.6399585433070865
11
6.7401653149606302
21
-3.6405780708661415
0
LINE
8
BLACK
6
CONTINUOUS
10
6.7401653149606302
20
-3.6405780708661415
11
6.7435090551181105
21
-3.6413304330708662
0
LINE
8
BLACK
6
CONTINUOUS
10
6.7435090551181105
20
-3.6413304330708662
11
6.7458662204724407
21
-3.6413304330708662
0
LINE
8
BLACK
6
CONTINUOUS
10
6.7458662204724407
20
-3.6413304330708662
11
6.749209960629921
21
-3.6405780314960627
0
LINE
8
BLACK
6
CONTINUOUS
10
6.749209960629921
20
-3.6405780314960627
11
6.7505866929133855
21
-3.6399585039370077
0
LINE
8
BLACK
6
CONTINUOUS
10
6.7505866929133855
20
-3.6399585039370077
11
6.7518179133858265
21
-3.6388503937007872
0
LINE
8
BLACK
6
CONTINUOUS
10
6.7518179133858265
20
-3.6388503937007872
11
6.7524376377952757
21
-3.6371771653543306
0
LINE
8
BLACK
6
CONTINUOUS
10
6.7524376377952757
20
-3.6371771653543306
11
6.7524376377952757
21
-3.6362693700787401
0
LINE
8
BLACK
6
CONTINUOUS
10
6.7524376377952757
20
-3.6362693700787401
11
6.7518179133858265
21
-3.6345961417322834
0
LINE
8
BLACK
6
CONTINUOUS
10
6.7518179133858265
20
-3.6345961417322834
11
6.7512777165354327
21
-3.634109960629921
0
LINE
8
BLACK
6
CONTINUOUS
10
6.7512777165354327
20
-3.634109960629921
11
6.7507522834645668
21
-3.6334066929133857
0
LINE
8
BLACK
6
CONTINUOUS
10
6.7507522834645668
20
-3.6334066929133857
11
6.7506617716535429
21
-3.631686929133858
0
LINE
8
BLACK
6
CONTINUOUS
10
6.7506617716535429
20
-3.631686929133858
11
6.7518137401574805
21
-3.6304069685039368
0
LINE
8
BLACK
6
CONTINUOUS
10
6.7518137401574805
20
-3.6304069685039368
11
6.7535335039370077
21
-3.6303164566929134
0
LINE
8
BLACK
6
CONTINUOUS
10
6.7535335039370077
20
-3.6303164566929134
11
6.7542880314960625
21
-3.6307651574803148
0
LINE
8
BLACK
6
CONTINUOUS
10
6.2810921259842516
20
-3.640573503937008
11
6.2823705511811019
21
-3.6418519291338582
0
LINE
8
BLACK
6
CONTINUOUS
10
6.2823705511811019
20
-3.6418519291338582
11
6.2823705511811019
21
-3.6436598818897639
0
LINE
8
BLACK
6
CONTINUOUS
10
6.2823705511811019
20
-3.6436598818897639
11
6.2810921259842516
21
-3.6449383070866141
0
LINE
8
BLACK
6
CONTINUOUS
10
6.2810921259842516
20
-3.6449383070866141
11
6.2801881496062988
21
-3.6451181102362202
0
LINE
8
BLACK
6
CONTINUOUS
10
6.2801881496062988
20
-3.6451181102362202
11
6.267370905511811
21
-3.6451181102362202
0
LINE
8
BLACK
6
CONTINUOUS
10
6.267370905511811
20
-3.6451181102362202
11
6.2664669291338582
21
-3.6449383070866141
0
LINE
8
BLACK
6
CONTINUOUS
10
6.2664669291338582
20
-3.6449383070866141
11
6.2651885039370079
21
-3.6436598818897639
0
LINE
8
BLACK
6
CONTINUOUS
10
6.2651885039370079
20
-3.6436598818897639
11
6.2651885039370079
21
-3.6418519291338582
0
LINE
8
BLACK
6
CONTINUOUS
10
6.2651885039370079
20
-3.6418519291338582
11
6.2664669291338582
21
-3.640573503937008
0
LINE
8
BLACK
6
CONTINUOUS
10
6.2664669291338582
20
-3.640573503937008
11
6.267370905511811
21
-3.6403937007874014
0
LINE
8
BLACK
6
CONTINUOUS
10
6.267370905511811
20
-3.6403937007874014
11
6.2801881496062988
21
-3.6403937007874014
0
LINE
8
BLACK
6
CONTINUOUS
10
6.2801881496062988
20
-3.6403937007874014
11
6.2810921259842516
21
-3.640573503937008
0
LINE
8
BLACK
6
CONTINUOUS
10
6.4120960629921262
20
-3.640573503937008
11
6.4133744881889765
21
-3.6418519291338582
0
LINE
8
BLACK
6
CONTINUOUS
10
6.4133744881889765
20
-3.6418519291338582
11
6.4133744881889765
21
-3.6436598818897639
0
LINE
8
BLACK
6
CONTINUOUS
10
6.4133744881889765
20
-3.6436598818897639
11
6.4120960629921262
21
-3.6449383070866141
0
LINE
8
BLACK
6
CONTINUOUS
10
6.4120960629921262
20
-3.6449383070866141
11
6.4111920866141734
21
-3.6451181102362202
0
LINE
8
BLACK
6
CONTINUOUS
10
6.4111920866141734
20
-3.6451181102362202
11
6.3983748425196847
21
-3.6451181102362202
0
LINE
8
BLACK
6
CONTINUOUS
10
6.3983748425196847
20
-3.6451181102362202
11
6.3974708661417319
21
-3.6449383070866141
0
LINE
8
BLACK
6
CONTINUOUS
10
6.3974708661417319
20
-3.6449383070866141
11
6.3961924409448816
21
-3.6436598818897639
0
LINE
8
BLACK
6
CONTINUOUS
10
6.3961924409448816
20
-3.6436598818897639
11
6.3961924409448816
21
-3.6418519291338582
0
LINE
8
BLACK
6
CONTINUOUS
10
6.3961924409448816
20
-3.6418519291338582
11
6.3974708661417319
21
-3.640573503937008
0
LINE
8
BLACK
6
CONTINUOUS
10
6.3974708661417319
20
-3.640573503937008
11
6.3983748425196847
21
-3.6403937007874014
0
LINE
8
BLACK
6
CONTINUOUS
10
6.3983748425196847
20
-3.6403937007874014
11
6.4111920866141734
21
-3.6403937007874014
0
LINE
8
BLACK
6
CONTINUOUS
10
6.4111920866141734
20
-3.6403937007874014
11
6.4120960629921262
21
-3.640573503937008
0
LINE
8
BLACK
6
CONTINUOUS
10
6.5350291338582673
20
-3.6387624803149605
11
6.5363075590551176
21
-3.6400409055118108
0
LINE
8
BLACK
6
CONTINUOUS
10
6.5363075590551176
20
-3.6400409055118108
11
6.5363075590551176
21
-3.6418488582677164
0
LINE
8
BLACK
6
CONTINUOUS
10
6.5363075590551176
20
-3.6418488582677164
11
6.5350291338582673
21
-3.6431272834645667
0
LINE
8
BLACK
6
CONTINUOUS
10
6.5350291338582673
20
-3.6431272834645667
11
6.5341251574803145
21
-3.6433070866141732
0
LINE
8
BLACK
6
CONTINUOUS
10
6.5341251574803145
20
-3.6433070866141732
11
6.5213079133858267
21
-3.6433070866141732
0
LINE
8
BLACK
6
CONTINUOUS
10
6.5213079133858267
20
-3.6433070866141732
11
6.5204039370078739
21
-3.6431272834645667
0
LINE
8
BLACK
6
CONTINUOUS
10
6.5204039370078739
20
-3.6431272834645667
11
6.5191255118110236
21
-3.6418488582677164
0
LINE
8
BLACK
6
CONTINUOUS
10
6.5191255118110236
20
-3.6418488582677164
11
6.5191255118110236
21
-3.6400409055118108
0
LINE
8
BLACK
6
CONTINUOUS
10
6.5191255118110236
20
-3.6400409055118108
11
6.5204039370078739
21
-3.6387624803149605
0
LINE
8
BLACK
6
CONTINUOUS
10
6.5204039370078739
20
-3.6387624803149605
11
6.5213079133858267
21
-3.6385826771653544
0
LINE
8
BLACK
6
CONTINUOUS
10
6.5213079133858267
20
-3.6385826771653544
11
6.5341251574803145
21
-3.6385826771653544
0
LINE
8
BLACK
6
CONTINUOUS
10
6.5341251574803145
20
-3.6385826771653544
11
6.5350291338582673
21
-3.6387624803149605
0
LINE
8
BLACK
6
CONTINUOUS
10
6.6750291338582679
20
-3.6387624803149605
11
6.6763075590551182
21
-3.6400409055118108
0
LINE
8
BLACK
6
CONTINUOUS
10
6.6763075590551182
20
-3.6400409055118108
11
6.6763075590551182
21
-3.6418488582677164
0
LINE
8
BLACK
6
CONTINUOUS
10
6.6763075590551182
20
-3.6418488582677164
11
6.6750291338582679
21
-3.6431272834645667
0
LINE
8
BLACK
6
CONTINUOUS
10
6.6750291338582679
20
-3.6431272834645667
11
6.6741251574803151
21
-3.6433070866141732
0
LINE
8
BLACK
6
CONTINUOUS
10
6.6741251574803151
20
-3.6433070866141732
11
6.6613079133858264
21
-3.6433070866141732
0
LINE
8
BLACK
6
CONTINUOUS
10
6.6613079133858264
20
-3.6433070866141732
11
6.6604039370078736
21
-3.6431272834645667
0
LINE
8
BLACK
6
CONTINUOUS
10
6.6604039370078736
20
-3.6431272834645667
11
6.6591255118110233
21
-3.6418488582677164
0
LINE
8
BLACK
6
CONTINUOUS
10
6.6591255118110233
20
-3.6418488582677164
11
6.6591255118110233
21
-3.6400409055118108
0
LINE
8
BLACK
6
CONTINUOUS
10
6.6591255118110233
20
-3.6400409055118108
11
6.6604039370078736
21
-3.6387624803149605
0
LINE
8
BLACK
6
CONTINUOUS
10
6.6604039370078736
20
-3.6387624803149605
11
6.6613079133858264
21
-3.6385826771653544
0
LINE
8
BLACK
6
CONTINUOUS
10
6.6613079133858264
20
-3.6385826771653544
11
6.6741251574803151
21
-3.6385826771653544
0
LINE
8
BLACK
6
CONTINUOUS
10
6.6741251574803151
20
-3.6385826771653544
11
6.6750291338582679
21
-3.6387624803149605
0
LINE
8
BLACK
6
CONTINUOUS
10
5.7013086614173227
20
-3.6273451574803151
11
5.702587086614173
21
-3.6286235826771653
0
LINE
8
BLACK
6
CONTINUOUS
10
5.702587086614173
20
-3.6286235826771653
11
5.702587086614173
21
-3.630431535433071
0
LINE
8
BLACK
6
CONTINUOUS
10
5.702587086614173
20
-3.630431535433071
11
5.7013086614173227
21
-3.6317099606299212
0
LINE
8
BLACK
6
CONTINUOUS
10
5.7013086614173227
20
-3.6317099606299212
11
5.7004046850393699
21
-3.6318897637795273
0
LINE
8
BLACK
6
CONTINUOUS
10
5.7004046850393699
20
-3.6318897637795273
11
5.6875874409448821
21
-3.6318897637795273
0
LINE
8
BLACK
6
CONTINUOUS
10
5.6875874409448821
20
-3.6318897637795273
11
5.6866834645669293
21
-3.6317099606299212
0
LINE
8
BLACK
6
CONTINUOUS
10
5.6866834645669293
20
-3.6317099606299212
11
5.685405039370079
21
-3.630431535433071
0
LINE
8
BLACK
6
CONTINUOUS
10
5.685405039370079
20
-3.630431535433071
11
5.685405039370079
21
-3.6286235826771653
0
LINE
8
BLACK
6
CONTINUOUS
10
5.685405039370079
20
-3.6286235826771653
11
5.6866834645669293
21
-3.6273451574803151
0
LINE
8
BLACK
6
CONTINUOUS
10
5.6866834645669293
20
-3.6273451574803151
11
5.6875874409448821
21
-3.6271653543307085
0
LINE
8
BLACK
6
CONTINUOUS
10
5.6875874409448821
20
-3.6271653543307085
11
5.7004046850393699
21
-3.6271653543307085
0
LINE
8
BLACK
6
CONTINUOUS
10
5.7004046850393699
20
-3.6271653543307085
11
5.7013086614173227
21
-3.6273451574803151
0
LINE
8
BLACK
6
CONTINUOUS
10
5.847470078740157
20
-3.6273451574803151
11
5.8487485039370082
21
-3.6286235826771653
0
LINE
8
BLACK
6
CONTINUOUS
10
5.8487485039370082
20
-3.6286235826771653
11
5.8487485039370082
21
-3.630431535433071
0
LINE
8
BLACK
6
CONTINUOUS
10
5.8487485039370082
20
-3.630431535433071
11
5.847470078740157
21
-3.6317099606299212
0
LINE
8
BLACK
6
CONTINUOUS
10
5.847470078740157
20
-3.6317099606299212
11
5.8465661023622042
21
-3.6318897637795273
0
LINE
8
BLACK
6
CONTINUOUS
10
5.8465661023622042
20
-3.6318897637795273
11
5.8337488582677164
21
-3.6318897637795273
0
LINE
8
BLACK
6
CONTINUOUS
10
5.8337488582677164
20
-3.6318897637795273
11
5.8328448818897636
21
-3.6317099606299212
0
LINE
8
BLACK
6
CONTINUOUS
10
5.8328448818897636
20
-3.6317099606299212
11
5.8315664566929133
21
-3.630431535433071
0
LINE
8
BLACK
6
CONTINUOUS
10
5.8315664566929133
20
-3.630431535433071
11
5.8315664566929133
21
-3.6286235826771653
0
LINE
8
BLACK
6
CONTINUOUS
10
5.8315664566929133
20
-3.6286235826771653
11
5.8328448818897636
21
-3.6273451574803151
0
LINE
8
BLACK
6
CONTINUOUS
10
5.8328448818897636
20
-3.6273451574803151
11
5.8337488582677164
21
-3.6271653543307085
0
LINE
8
BLACK
6
CONTINUOUS
10
5.8337488582677164
20
-3.6271653543307085
11
5.8465661023622042
21
-3.6271653543307085
0
LINE
8
BLACK
6
CONTINUOUS
10
5.8465661023622042
20
-3.6271653543307085
11
5.847470078740157
21
-3.6273451574803151
0
LINE
8
BLACK
6
CONTINUOUS
10
6.756766377952756
20
-3.6144337007874014
11
6.756937637795275
21
-3.6152947244094489
0
LINE
8
BLACK
6
CONTINUOUS
10
6.756937637795275
20
-3.6152947244094489
11
6.756937637795275
21
-3.6255804330708661
0
LINE
8
BLACK
6
CONTINUOUS
10
6.756937637795275
20
-3.6255804330708661
11
6.756766377952756
21
-3.6264414566929135
0
LINE
8
BLACK
6
CONTINUOUS
10
6.756766377952756
20
-3.6264414566929135
11
6.7555486614173228
21
-3.6276591732283463
0
LINE
8
BLACK
6
CONTINUOUS
10
6.7555486614173228
20
-3.6276591732283463
11
6.7538266141732279
21
-3.6276591732283463
0
LINE
8
BLACK
6
CONTINUOUS
10
6.7538266141732279
20
-3.6276591732283463
11
6.7526088976377947
21
-3.6264414566929135
0
LINE
8
BLACK
6
CONTINUOUS
10
6.7526088976377947
20
-3.6264414566929135
11
6.7524376377952757
21
-3.6255804330708661
0
LINE
8
BLACK
6
CONTINUOUS
10
6.7524376377952757
20
-3.6255804330708661
11
6.7524376377952757
21
-3.6226875590551182
0
LINE
8
BLACK
6
CONTINUOUS
10
6.7524376377952757
20
-3.6226875590551182
11
6.7413435433070861
21
-3.6226875590551182
0
LINE
8
BLACK
6
CONTINUOUS
10
6.7413435433070861
20
-3.6226875590551182
11
6.7414163779527554
21
-3.6227734251968502
0
LINE
8
BLACK
6
CONTINUOUS
10
6.7414163779527554
20
-3.6227734251968502
11
6.7423687795275589
21
-3.624487716535433
0
LINE
8
BLACK
6
CONTINUOUS
10
6.7423687795275589
20
-3.624487716535433
11
6.7426372440944879
21
-3.6253235826771655
0
LINE
8
BLACK
6
CONTINUOUS
10
6.7426372440944879
20
-3.6253235826771655
11
6.7421641338582674
21
-3.6269794094488188
0
LINE
8
BLACK
6
CONTINUOUS
10
6.7421641338582674
20
-3.6269794094488188
11
6.7406588188976375
21
-3.6278157480314959
0
LINE
8
BLACK
6
CONTINUOUS
10
6.7406588188976375
20
-3.6278157480314959
11
6.7390029527559054
21
-3.6273426377952753
0
LINE
8
BLACK
6
CONTINUOUS
10
6.7390029527559054
20
-3.6273426377952753
11
6.7384350787401575
21
-3.6266731496062992
0
LINE
8
BLACK
6
CONTINUOUS
10
6.7384350787401575
20
-3.6266731496062992
11
6.7376650787401573
21
-3.6252871653543308
0
LINE
8
BLACK
6
CONTINUOUS
10
6.7376650787401573
20
-3.6252871653543308
11
6.7362010236220469
21
-3.6239695275590549
0
LINE
8
BLACK
6
CONTINUOUS
10
6.7362010236220469
20
-3.6239695275590549
11
6.73353
21
-3.6223669291338583
0
LINE
8
BLACK
6
CONTINUOUS
10
6.73353
20
-3.6223669291338583
11
6.732879803149606
21
-3.6217770472440942
0
LINE
8
BLACK
6
CONTINUOUS
10
6.732879803149606
20
-3.6217770472440942
11
6.732810590551181
21
-3.621500275590551
0
LINE
8
BLACK
6
CONTINUOUS
10
6.732810590551181
20
-3.621500275590551
11
6.7326088976377951
21
-3.6212985826771651
0
LINE
8
BLACK
6
CONTINUOUS
10
6.7326088976377951
20
-3.6212985826771651
11
6.7326088976377951
21
-3.6206934251968503
0
LINE
8
BLACK
6
CONTINUOUS
10
6.7326088976377951
20
-3.6206934251968503
11
6.7324621259842514
21
-3.620106377952756
0
LINE
8
BLACK
6
CONTINUOUS
10
6.7324621259842514
20
-3.620106377952756
11
6.7326088976377951
21
-3.6198617322834643
0
LINE
8
BLACK
6
CONTINUOUS
10
6.7326088976377951
20
-3.6198617322834643
11
6.7326088976377951
21
-3.6195765354330707
0
LINE
8
BLACK
6
CONTINUOUS
10
6.7326088976377951
20
-3.6195765354330707
11
6.7330367716535431
21
-3.619148622047244
0
LINE
8
BLACK
6
CONTINUOUS
10
6.7330367716535431
20
-3.619148622047244
11
6.7333481496062992
21
-3.6186297244094487
0
LINE
8
BLACK
6
CONTINUOUS
10
6.7333481496062992
20
-3.6186297244094487
11
6.7336248818897637
21
-3.6185605118110233
0
LINE
8
BLACK
6
CONTINUOUS
10
6.7336248818897637
20
-3.6185605118110233
11
6.7338266141732284
21
-3.6183588188976379
0
LINE
8
BLACK
6
CONTINUOUS
10
6.7338266141732284
20
-3.6183588188976379
11
6.7346876377952754
21
-3.618187559055118
0
LINE
8
BLACK
6
CONTINUOUS
10
6.7346876377952754
20
-3.618187559055118
11
6.7524376377952757
21
-3.618187559055118
0
LINE
8
BLACK
6
CONTINUOUS
10
6.7524376377952757
20
-3.618187559055118
11
6.7524376377952757
21
-3.6152947244094489
0
LINE
8
BLACK
6
CONTINUOUS
10
6.7524376377952757
20
-3.6152947244094489
11
6.7526088976377947
21
-3.6144337007874014
0
LINE
8
BLACK
6
CONTINUOUS
10
6.7526088976377947
20
-3.6144337007874014
11
6.7538266141732279
21
-3.6132159842519682
0
LINE
8
BLACK
6
CONTINUOUS
10
6.7538266141732279
20
-3.6132159842519682
11
6.7555486614173228
21
-3.6132159842519682
0
LINE
8
BLACK
6
CONTINUOUS
10
6.7555486614173228
20
-3.6132159842519682
11
6.756766377952756
21
-3.6144337007874014
0
LINE
8
BLACK
6
CONTINUOUS
10
6.1343795275590551
20
-3.6226207480314958
11
6.1356579527559054
21
-3.6238991732283465
0
LINE
8
BLACK
6
CONTINUOUS
10
6.1356579527559054
20
-3.6238991732283465
11
6.1356579527559054
21
-3.6257071259842517
0
LINE
8
BLACK
6
CONTINUOUS
10
6.1356579527559054
20
-3.6257071259842517
11
6.1343795275590551
21
-3.6269855511811024
0
LINE
8
BLACK
6
CONTINUOUS
10
6.1343795275590551
20
-3.6269855511811024
11
6.1334755511811023
21
-3.6271653543307085
0
LINE
8
BLACK
6
CONTINUOUS
10
6.1334755511811023
20
-3.6271653543307085
11
6.1206583070866136
21
-3.6271653543307085
0
LINE
8
BLACK
6
CONTINUOUS
10
6.1206583070866136
20
-3.6271653543307085
11
6.1197543307086617
21
-3.6269855511811024
0
LINE
8
BLACK
6
CONTINUOUS
10
6.1197543307086617
20
-3.6269855511811024
11
6.1184759055118105
21
-3.6257071259842517
0
LINE
8
BLACK
6
CONTINUOUS
10
6.1184759055118105
20
-3.6257071259842517
11
6.1184759055118105
21
-3.6238991732283465
0
LINE
8
BLACK
6
CONTINUOUS
10
6.1184759055118105
20
-3.6238991732283465
11
6.1197543307086617
21
-3.6226207480314958
0
LINE
8
BLACK
6
CONTINUOUS
10
6.1197543307086617
20
-3.6226207480314958
11
6.1206583070866136
21
-3.6224409448818897
0
LINE
8
BLACK
6
CONTINUOUS
10
6.1206583070866136
20
-3.6224409448818897
11
6.1334755511811023
21
-3.6224409448818897
0
LINE
8
BLACK
6
CONTINUOUS
10
6.1334755511811023
20
-3.6224409448818897
11
6.1343795275590551
21
-3.6226207480314958
0
LINE
8
BLACK
6
CONTINUOUS
10
5.6154162992125984
20
-3.6102079527559052
11
5.6154379133858265
21
-3.6101998031496061
0
LINE
8
BLACK
6
CONTINUOUS
10
5.6154379133858265
20
-3.6101998031496061
11
5.6158330708661417
21
-3.6102908661417321
0
LINE
8
BLACK
6
CONTINUOUS
10
5.6158330708661417
20
-3.6102908661417321
11
5.6162310629921262
21
-3.6103700393700788
0
LINE
8
BLACK
6
CONTINUOUS
10
5.6162310629921262
20
-3.6103700393700788
11
5.6162473622047244
21
-3.6103863385826771
0
LINE
8
BLACK
6
CONTINUOUS
10
5.6162473622047244
20
-3.6103863385826771
11
5.6162933858267712
21
-3.6103969685039368
0
LINE
8
BLACK
6
CONTINUOUS
10
5.6162933858267712
20
-3.6103969685039368
11
5.6181981496062994
21
-3.6112541338582678
0
LINE
8
BLACK
6
CONTINUOUS
10
5.6181981496062994
20
-3.6112541338582678
11
5.6184811417322837
21
-3.6114558267716537
0
LINE
8
BLACK
6
CONTINUOUS
10
5.6184811417322837
20
-3.6114558267716537
11
5.6187799212598426
21
-3.611633503937008
0
LINE
8
BLACK
6
CONTINUOUS
10
5.6187799212598426
20
-3.611633503937008
11
5.6197323228346452
21
-3.6124906299212598
0
LINE
8
BLACK
6
CONTINUOUS
10
5.6197323228346452
20
-3.6124906299212598
11
5.6199542913385825
21
-3.6127877165354332
0
LINE
8
BLACK
6
CONTINUOUS
10
5.6199542913385825
20
-3.6127877165354332
11
5.6201940551181098
21
-3.6130703937007875
0
LINE
8
BLACK
6
CONTINUOUS
10
5.6201940551181098
20
-3.6130703937007875
11
5.6210499606299216
21
-3.6146111023622045
0
LINE
8
BLACK
6
CONTINUOUS
10
5.6210499606299216
20
-3.6146111023622045
11
5.6275040551181101
21
-3.6105450787401572
0
LINE
8
BLACK
6
CONTINUOUS
10
5.6275040551181101
20
-3.6105450787401572
11
5.6283238582677164
21
-3.6102310236220472
0
LINE
8
BLACK
6
CONTINUOUS
10
5.6283238582677164
20
-3.6102310236220472
11
5.6300032283464567
21
-3.6106122047244096
0
LINE
8
BLACK
6
CONTINUOUS
10
5.6300032283464567
20
-3.6106122047244096
11
5.6309211417322835
21
-3.6120692519685038
0
LINE
8
BLACK
6
CONTINUOUS
10
5.6309211417322835
20
-3.6120692519685038
11
5.6305399606299211
21
-3.6137486220472441
0
LINE
8
BLACK
6
CONTINUOUS
10
5.6305399606299211
20
-3.6137486220472441
11
5.6299027165354332
21
-3.6143524803149605
0
LINE
8
BLACK
6
CONTINUOUS
10
5.6299027165354332
20
-3.6143524803149605
11
5.6214295669291339
21
-3.6196905511811024
0
LINE
8
BLACK
6
CONTINUOUS
10
5.6214295669291339
20
-3.6196905511811024
11
5.6214295669291339
21
-3.6204844881889762
0
LINE
8
BLACK
6
CONTINUOUS
10
5.6214295669291339
20
-3.6204844881889762
11
5.6287033858267712
21
-3.6204844881889762
0
LINE
8
BLACK
6
CONTINUOUS
10
5.6287033858267712
20
-3.6204844881889762
11
5.6295644094488191
21
-3.620655748031496
0
LINE
8
BLACK
6
CONTINUOUS
10
5.6295644094488191
20
-3.620655748031496
11
5.6307821259842514
21
-3.6218734645669293
0
LINE
8
BLACK
6
CONTINUOUS
10
5.6307821259842514
20
-3.6218734645669293
11
5.6307821259842514
21
-3.6235955118110237
0
LINE
8
BLACK
6
CONTINUOUS
10
5.6307821259842514
20
-3.6235955118110237
11
5.6295644094488191
21
-3.6248132283464565
0
LINE
8
BLACK
6
CONTINUOUS
10
5.6295644094488191
20
-3.6248132283464565
11
5.6287033858267712
21
-3.6249844881889763
0
LINE
8
BLACK
6
CONTINUOUS
10
5.6287033858267712
20
-3.6249844881889763
11
5.6087033858267716
21
-3.6249844881889763
0
LINE
8
BLACK
6
CONTINUOUS
10
5.6087033858267716
20
-3.6249844881889763
11
5.6078423622047247
21
-3.6248132283464565
0
LINE
8
BLACK
6
CONTINUOUS
10
5.6078423622047247
20
-3.6248132283464565
11
5.6066246456692914
21
-3.6235955118110237
0
LINE
8
BLACK
6
CONTINUOUS
10
5.6066246456692914
20
-3.6235955118110237
11
5.6064533858267716
21
-3.6227344881889763
0
LINE
8
BLACK
6
CONTINUOUS
10
5.6064533858267716
20
-3.6227344881889763
11
5.6064533858267716
21
-3.6158773622047242
0
LINE
8
BLACK
6
CONTINUOUS
10
5.6064533858267716
20
-3.6158773622047242
11
5.6064895275590549
21
-3.6156955905511809
0
LINE
8
BLACK
6
CONTINUOUS
10
5.6064895275590549
20
-3.6156955905511809
11
5.6064680708661419
21
-3.6156205118110236
0
LINE
8
BLACK
6
CONTINUOUS
10
5.6064680708661419
20
-3.6156205118110236
11
5.6065636614173231
21
-3.6153228346456694
0
LINE
8
BLACK
6
CONTINUOUS
10
5.6065636614173231
20
-3.6153228346456694
11
5.6066246456692914
21
-3.6150163385826772
0
LINE
8
BLACK
6
CONTINUOUS
10
5.6066246456692914
20
-3.6150163385826772
11
5.6066798425196849
21
-3.6149611023622046
0
LINE
8
BLACK
6
CONTINUOUS
10
5.6066798425196849
20
-3.6149611023622046
11
5.6067365354330709
21
-3.6147846850393699
0
LINE
8
BLACK
6
CONTINUOUS
10
5.6067365354330709
20
-3.6147846850393699
11
5.6076888976377948
21
-3.6130703937007875
0
LINE
8
BLACK
6
CONTINUOUS
10
5.6076888976377948
20
-3.6130703937007875
11
5.6079286220472442
21
-3.6127877165354332
0
LINE
8
BLACK
6
CONTINUOUS
10
5.6079286220472442
20
-3.6127877165354332
11
5.6081506299212593
21
-3.6124906299212598
0
LINE
8
BLACK
6
CONTINUOUS
10
5.6081506299212593
20
-3.6124906299212598
11
5.6091029921259841
21
-3.611633503937008
0
LINE
8
BLACK
6
CONTINUOUS
10
5.6091029921259841
20
-3.611633503937008
11
5.6094018897637792
21
-3.6114557480314962
0
LINE
8
BLACK
6
CONTINUOUS
10
5.6094018897637792
20
-3.6114557480314962
11
5.609684803149606
21
-3.6112541338582678
0
LINE
8
BLACK
6
CONTINUOUS
10
5.609684803149606
20
-3.6112541338582678
11
5.6115895669291334
21
-3.6103969685039368
0
LINE
8
BLACK
6
CONTINUOUS
10
5.6115895669291334
20
-3.6103969685039368
11
5.6116355511811022
21
-3.6103863385826771
0
LINE
8
BLACK
6
CONTINUOUS
10
5.6116355511811022
20
-3.6103863385826771
11
5.6116518897637793
21
-3.6103700393700788
0
LINE
8
BLACK
6
CONTINUOUS
10
5.6116518897637793
20
-3.6103700393700788
11
5.612049842519685
21
-3.6102908661417321
0
LINE
8
BLACK
6
CONTINUOUS
10
5.612049842519685
20
-3.6102908661417321
11
5.6124450393700789
21
-3.6101998031496061
0
LINE
8
BLACK
6
CONTINUOUS
10
5.6124450393700789
20
-3.6101998031496061
11
5.6124666141732282
21
-3.6102079527559052
0
LINE
8
BLACK
6
CONTINUOUS
10
5.6124666141732282
20
-3.6102079527559052
11
5.6125129133858263
21
-3.610198779527559
0
LINE
8
BLACK
6
CONTINUOUS
10
5.6125129133858263
20
-3.610198779527559
11
5.6153700393700783
21
-3.610198779527559
0
LINE
8
BLACK
6
CONTINUOUS
10
5.6153700393700783
20
-3.610198779527559
11
5.6154162992125984
21
-3.6102079527559052
0
LINE
8
BLACK
6
CONTINUOUS
10
5.6118519685039372
20
-3.6152135039370079
11
5.6114401181102362
21
-3.6155841338582677
0
LINE
8
BLACK
6
CONTINUOUS
10
5.6114401181102362
20
-3.6155841338582677
11
5.6109533858267717
21
-3.6164603543307088
0
LINE
8
BLACK
6
CONTINUOUS
10
5.6109533858267717
20
-3.6164603543307088
11
5.6109533858267717
21
-3.6204844881889762
0
LINE
8
BLACK
6
CONTINUOUS
10
5.6109533858267717
20
-3.6204844881889762
11
5.6169295669291337
21
-3.6204844881889762
0
LINE
8
BLACK
6
CONTINUOUS
10
5.6169295669291337
20
-3.6204844881889762
11
5.6169295669291337
21
-3.6164603543307088
0
LINE
8
BLACK
6
CONTINUOUS
10
5.6169295669291337
20
-3.6164603543307088
11
5.6164428346456692
21
-3.6155842125984252
0
LINE
8
BLACK
6
CONTINUOUS
10
5.6164428346456692
20
-3.6155842125984252
11
5.6160309448818895
21
-3.6152135039370079
0
LINE
8
BLACK
6
CONTINUOUS
10
5.6160309448818895
20
-3.6152135039370079
11
5.6148870866141731
21
-3.6146987795275591
0
LINE
8
BLACK
6
CONTINUOUS
10
5.6148870866141731
20
-3.6146987795275591
11
5.6129958661417323
21
-3.6146987795275591
0
LINE
8
BLACK
6
CONTINUOUS
10
5.6129958661417323
20
-3.6146987795275591
11
5.6118519685039372
21
-3.6152135039370079
0
LINE
8
BLACK
6
CONTINUOUS
10
5.9146288976377948
20
-3.6102079527559052
11
5.9146505118110237
21
-3.6101998031496061
0
LINE
8
BLACK
6
CONTINUOUS
10
5.9146505118110237
20
-3.6101998031496061
11
5.915045669291338
21
-3.6102908661417321
0
LINE
8
BLACK
6
CONTINUOUS
10
5.915045669291338
20
-3.6102908661417321
11
5.9154436614173225
21
-3.6103700393700788
0
LINE
8
BLACK
6
CONTINUOUS
10
5.9154436614173225
20
-3.6103700393700788
11
5.9154599606299207
21
-3.6103863385826771
0
LINE
8
BLACK
6
CONTINUOUS
10
5.9154599606299207
20
-3.6103863385826771
11
5.9155059842519684
21
-3.6103969685039368
0
LINE
8
BLACK
6
CONTINUOUS
10
5.9155059842519684
20
-3.6103969685039368
11
5.9174107480314957
21
-3.6112541338582678
0
LINE
8
BLACK
6
CONTINUOUS
10
5.9174107480314957
20
-3.6112541338582678
11
5.9176937401574801
21
-3.6114558267716537
0
LINE
8
BLACK
6
CONTINUOUS
10
5.9176937401574801
20
-3.6114558267716537
11
5.9179925196850389
21
-3.611633503937008
0
LINE
8
BLACK
6
CONTINUOUS
10
5.9179925196850389
20
-3.611633503937008
11
5.9189449212598424
21
-3.6124906299212598
0
LINE
8
BLACK
6
CONTINUOUS
10
5.9189449212598424
20
-3.6124906299212598
11
5.9191668897637797
21
-3.6127877165354332
0
LINE
8
BLACK
6
CONTINUOUS
10
5.9191668897637797
20
-3.6127877165354332
11
5.919406653543307
21
-3.6130703937007875
0
LINE
8
BLACK
6
CONTINUOUS
10
5.919406653543307
20
-3.6130703937007875
11
5.9202625590551179
21
-3.6146111023622045
0
LINE
8
BLACK
6
CONTINUOUS
10
5.9202625590551179
20
-3.6146111023622045
11
5.9267166535433073
21
-3.6105450787401572
0
LINE
8
BLACK
6
CONTINUOUS
10
5.9267166535433073
20
-3.6105450787401572
11
5.9275364566929136
21
-3.6102310236220472
0
LINE
8
BLACK
6
CONTINUOUS
10
5.9275364566929136
20
-3.6102310236220472
11
5.929215826771653
21
-3.6106122047244096
0
LINE
8
BLACK
6
CONTINUOUS
10
5.929215826771653
20
-3.6106122047244096
11
5.9301337401574798
21
-3.6120692519685038
0
LINE
8
BLACK
6
CONTINUOUS
10
5.9301337401574798
20
-3.6120692519685038
11
5.9297525590551183
21
-3.6137486220472441
0
LINE
8
BLACK
6
CONTINUOUS
10
5.9297525590551183
20
-3.6137486220472441
11
5.9291153149606295
21
-3.6143524803149605
0
LINE
8
BLACK
6
CONTINUOUS
10
5.9291153149606295
20
-3.6143524803149605
11
5.9206421653543302
21
-3.6196905511811024
0
LINE
8
BLACK
6
CONTINUOUS
10
5.9206421653543302
20
-3.6196905511811024
11
5.9206421653543302
21
-3.6204844881889762
0
LINE
8
BLACK
6
CONTINUOUS
10
5.9206421653543302
20
-3.6204844881889762
11
5.9279159842519684
21
-3.6204844881889762
0
LINE
8
BLACK
6
CONTINUOUS
10
5.9279159842519684
20
-3.6204844881889762
11
5.9287770078740154
21
-3.620655748031496
0
LINE
8
BLACK
6
CONTINUOUS
10
5.9287770078740154
20
-3.620655748031496
11
5.9299947244094486
21
-3.6218734645669293
0
LINE
8
BLACK
6
CONTINUOUS
10
5.9299947244094486
20
-3.6218734645669293
11
5.9299947244094486
21
-3.6235955118110237
0
LINE
8
BLACK
6
CONTINUOUS
10
5.9299947244094486
20
-3.6235955118110237
11
5.9287770078740154
21
-3.6248132283464565
0
LINE
8
BLACK
6
CONTINUOUS
10
5.9287770078740154
20
-3.6248132283464565
11
5.9279159842519684
21
-3.6249844881889763
0
LINE
8
BLACK
6
CONTINUOUS
10
5.9279159842519684
20
-3.6249844881889763
11
5.907915984251968
21
-3.6249844881889763
0
LINE
8
BLACK
6
CONTINUOUS
10
5.907915984251968
20
-3.6249844881889763
11
5.907054960629921
21
-3.6248132283464565
0
LINE
8
BLACK
6
CONTINUOUS
10
5.907054960629921
20
-3.6248132283464565
11
5.9058372440944877
21
-3.6235955118110237
0
LINE
8
BLACK
6
CONTINUOUS
10
5.9058372440944877
20
-3.6235955118110237
11
5.9056659842519688
21
-3.6227344881889763
0
LINE
8
BLACK
6
CONTINUOUS
10
5.9056659842519688
20
-3.6227344881889763
11
5.9056659842519688
21
-3.6158773622047242
0
LINE
8
BLACK
6
CONTINUOUS
10
5.9056659842519688
20
-3.6158773622047242
11
5.9057021259842521
21
-3.6156955905511809
0
LINE
8
BLACK
6
CONTINUOUS
10
5.9057021259842521
20
-3.6156955905511809
11
5.9056806692913382
21
-3.6156205118110236
0
LINE
8
BLACK
6
CONTINUOUS
10
5.9056806692913382
20
-3.6156205118110236
11
5.9057762598425194
21
-3.6153228346456694
0
LINE
8
BLACK
6
CONTINUOUS
10
5.9057762598425194
20
-3.6153228346456694
11
5.9058372440944877
21
-3.6150163385826772
0
LINE
8
BLACK
6
CONTINUOUS
10
5.9058372440944877
20
-3.6150163385826772
11
5.9058924409448821
21
-3.6149611023622046
0
LINE
8
BLACK
6
CONTINUOUS
10
5.9058924409448821
20
-3.6149611023622046
11
5.9059491338582673
21
-3.6147846850393699
0
LINE
8
BLACK
6
CONTINUOUS
10
5.9059491338582673
20
-3.6147846850393699
11
5.906901496062992
21
-3.6130703937007875
0
LINE
8
BLACK
6
CONTINUOUS
10
5.906901496062992
20
-3.6130703937007875
11
5.9071412204724405
21
-3.6127877165354332
0
LINE
8
BLACK
6
CONTINUOUS
10
5.9071412204724405
20
-3.6127877165354332
11
5.9073632283464566
21
-3.6124906299212598
0
LINE
8
BLACK
6
CONTINUOUS
10
5.9073632283464566
20
-3.6124906299212598
11
5.9083155905511813
21
-3.611633503937008
0
LINE
8
BLACK
6
CONTINUOUS
10
5.9083155905511813
20
-3.611633503937008
11
5.9086144881889764
21
-3.6114557480314962
0
LINE
8
BLACK
6
CONTINUOUS
10
5.9086144881889764
20
-3.6114557480314962
11
5.9088974015748033
21
-3.6112541338582678
0
LINE
8
BLACK
6
CONTINUOUS
10
5.9088974015748033
20
-3.6112541338582678
11
5.9108021653543306
21
-3.6103969685039368
0
LINE
8
BLACK
6
CONTINUOUS
10
5.9108021653543306
20
-3.6103969685039368
11
5.9108481496062995
21
-3.6103863385826771
0
LINE
8
BLACK
6
CONTINUOUS
10
5.9108481496062995
20
-3.6103863385826771
11
5.9108644881889765
21
-3.6103700393700788
0
LINE
8
BLACK
6
CONTINUOUS
10
5.9108644881889765
20
-3.6103700393700788
11
5.9112624409448822
21
-3.6102908661417321
0
LINE
8
BLACK
6
CONTINUOUS
10
5.9112624409448822
20
-3.6102908661417321
11
5.9116576377952752
21
-3.6101998031496061
0
LINE
8
BLACK
6
CONTINUOUS
10
5.9116576377952752
20
-3.6101998031496061
11
5.9116792125984254
21
-3.6102079527559052
0
LINE
8
BLACK
6
CONTINUOUS
10
5.9116792125984254
20
-3.6102079527559052
11
5.9117255118110235
21
-3.610198779527559
0
LINE
8
BLACK
6
CONTINUOUS
10
5.9117255118110235
20
-3.610198779527559
11
5.9145826377952755
21
-3.610198779527559
0
LINE
8
BLACK
6
CONTINUOUS
10
5.9145826377952755
20
-3.610198779527559
11
5.9146288976377948
21
-3.6102079527559052
0
LINE
8
BLACK
6
CONTINUOUS
10
5.9110645669291335
20
-3.6152135039370079
11
5.9106527165354326
21
-3.6155841338582677
0
LINE
8
BLACK
6
CONTINUOUS
10
5.9106527165354326
20
-3.6155841338582677
11
5.910165984251968
21
-3.6164603543307088
0
LINE
8
BLACK
6
CONTINUOUS
10
5.910165984251968
20
-3.6164603543307088
11
5.910165984251968
21
-3.6204844881889762
0
LINE
8
BLACK
6
CONTINUOUS
10
5.910165984251968
20
-3.6204844881889762
11
5.9161421653543309
21
-3.6204844881889762
0
LINE
8
BLACK
6
CONTINUOUS
10
5.9161421653543309
20
-3.6204844881889762
11
5.9161421653543309
21
-3.6164603543307088
0
LINE
8
BLACK
6
CONTINUOUS
10
5.9161421653543309
20
-3.6164603543307088
11
5.9156554330708664
21
-3.6155842125984252
0
LINE
8
BLACK
6
CONTINUOUS
10
5.9156554330708664
20
-3.6155842125984252
11
5.9152435433070867
21
-3.6152135039370079
0
LINE
8
BLACK
6
CONTINUOUS
10
5.9152435433070867
20
-3.6152135039370079
11
5.9140996850393703
21
-3.6146987795275591
0
LINE
8
BLACK
6
CONTINUOUS
10
5.9140996850393703
20
-3.6146987795275591
11
5.9122084645669286
21
-3.6146987795275591
0
LINE
8
BLACK
6
CONTINUOUS
10
5.9122084645669286
20
-3.6146987795275591
11
5.9110645669291335
21
-3.6152135039370079
0
LINE
8
BLACK
6
CONTINUOUS
10
6.7473131889763778
20
-3.5959504724409448
11
6.7475624803149605
21
-3.5959567322834647
0
LINE
8
BLACK
6
CONTINUOUS
10
6.7475624803149605
20
-3.5959567322834647
11
6.751372007874016
21
-3.5968138582677165
0
LINE
8
BLACK
6
CONTINUOUS
10
6.751372007874016
20
-3.5968138582677165
11
6.7515798818897634
21
-3.5969060629921259
0
LINE
8
BLACK
6
CONTINUOUS
10
6.7515798818897634
20
-3.5969060629921259
11
6.7518014566929132
21
-3.5969571653543304
0
LINE
8
BLACK
6
CONTINUOUS
10
6.7518014566929132
20
-3.5969571653543304
11
6.7537062204724405
21
-3.5978143307086614
0
LINE
8
BLACK
6
CONTINUOUS
10
6.7537062204724405
20
-3.5978143307086614
11
6.7539892125984249
21
-3.5980160236220473
0
LINE
8
BLACK
6
CONTINUOUS
10
6.7539892125984249
20
-3.5980160236220473
11
6.7542879921259837
21
-3.5981937007874016
0
LINE
8
BLACK
6
CONTINUOUS
10
6.7542879921259837
20
-3.5981937007874016
11
6.7552403937007872
21
-3.5990508267716534
0
LINE
8
BLACK
6
CONTINUOUS
10
6.7552403937007872
20
-3.5990508267716534
11
6.7554623622047245
21
-3.5993479133858268
0
LINE
8
BLACK
6
CONTINUOUS
10
6.7554623622047245
20
-3.5993479133858268
11
6.7557021259842518
21
-3.5996305905511812
0
LINE
8
BLACK
6
CONTINUOUS
10
6.7557021259842518
20
-3.5996305905511812
11
6.7566544881889765
21
-3.6013448818897635
0
LINE
8
BLACK
6
CONTINUOUS
10
6.7566544881889765
20
-3.6013448818897635
11
6.7567111417322829
21
-3.6015212992125982
0
LINE
8
BLACK
6
CONTINUOUS
10
6.7567111417322829
20
-3.6015212992125982
11
6.756766377952756
21
-3.6015765354330709
0
LINE
8
BLACK
6
CONTINUOUS
10
6.756766377952756
20
-3.6015765354330709
11
6.7568273228346456
21
-3.601883031496063
0
LINE
8
BLACK
6
CONTINUOUS
10
6.7568273228346456
20
-3.601883031496063
11
6.7569229527559056
21
-3.6021807086614173
0
LINE
8
BLACK
6
CONTINUOUS
10
6.7569229527559056
20
-3.6021807086614173
11
6.7569014566929129
21
-3.6022557874015746
0
LINE
8
BLACK
6
CONTINUOUS
10
6.7569014566929129
20
-3.6022557874015746
11
6.756937637795275
21
-3.6024375590551179
0
LINE
8
BLACK
6
CONTINUOUS
10
6.756937637795275
20
-3.6024375590551179
11
6.756937637795275
21
-3.6041518503937007
0
LINE
8
BLACK
6
CONTINUOUS
10
6.756937637795275
20
-3.6041518503937007
11
6.7569014566929129
21
-3.6043335826771652
0
LINE
8
BLACK
6
CONTINUOUS
10
6.7569014566929129
20
-3.6043335826771652
11
6.7569229527559056
21
-3.6044087007874013
0
LINE
8
BLACK
6
CONTINUOUS
10
6.7569229527559056
20
-3.6044087007874013
11
6.7568273228346456
21
-3.6047063385826772
0
LINE
8
BLACK
6
CONTINUOUS
10
6.7568273228346456
20
-3.6047063385826772
11
6.756766377952756
21
-3.6050128740157481
0
LINE
8
BLACK
6
CONTINUOUS
10
6.756766377952756
20
-3.6050128740157481
11
6.7567111417322829
21
-3.6050680708661416
0
LINE
8
BLACK
6
CONTINUOUS
10
6.7567111417322829
20
-3.6050680708661416
11
6.7566544881889765
21
-3.605244527559055
0
LINE
8
BLACK
6
CONTINUOUS
10
6.7566544881889765
20
-3.605244527559055
11
6.7557021259842518
21
-3.6069588188976378
0
LINE
8
BLACK
6
CONTINUOUS
10
6.7557021259842518
20
-3.6069588188976378
11
6.7554623622047245
21
-3.6072414566929134
0
LINE
8
BLACK
6
CONTINUOUS
10
6.7554623622047245
20
-3.6072414566929134
11
6.7552403937007872
21
-3.6075385826771651
0
LINE
8
BLACK
6
CONTINUOUS
10
6.7552403937007872
20
-3.6075385826771651
11
6.7542879921259837
21
-3.6083957086614173
0
LINE
8
BLACK
6
CONTINUOUS
10
6.7542879921259837
20
-3.6083957086614173
11
6.7539891732283461
21
-3.6085733464566929
0
LINE
8
BLACK
6
CONTINUOUS
10
6.7539891732283461
20
-3.6085733464566929
11
6.7537061811023618
21
-3.6087750787401576
0
LINE
8
BLACK
6
CONTINUOUS
10
6.7537061811023618
20
-3.6087750787401576
11
6.7518014173228345
21
-3.6096322047244094
0
LINE
8
BLACK
6
CONTINUOUS
10
6.7518014173228345
20
-3.6096322047244094
11
6.7515798425196847
21
-3.6096832283464568
0
LINE
8
BLACK
6
CONTINUOUS
10
6.7515798425196847
20
-3.6096832283464568
11
6.751372007874016
21
-3.6097755118110237
0
LINE
8
BLACK
6
CONTINUOUS
10
6.751372007874016
20
-3.6097755118110237
11
6.7475624803149605
21
-3.6106326771653543
0
LINE
8
BLACK
6
CONTINUOUS
10
6.7475624803149605
20
-3.6106326771653543
11
6.747313149606299
21
-3.610638897637795
0
LINE
8
BLACK
6
CONTINUOUS
10
6.747313149606299
20
-3.610638897637795
11
6.7470685826771648
21
-3.6106875590551182
0
LINE
8
BLACK
6
CONTINUOUS
10
6.7470685826771648
20
-3.6106875590551182
11
6.7423066929133855
21
-3.6106875590551182
0
LINE
8
BLACK
6
CONTINUOUS
10
6.7423066929133855
20
-3.6106875590551182
11
6.7420620866141734
21
-3.610638897637795
0
LINE
8
BLACK
6
CONTINUOUS
10
6.7420620866141734
20
-3.610638897637795
11
6.7418127559055119
21
-3.6106326771653543
0
LINE
8
BLACK
6
CONTINUOUS
10
6.7418127559055119
20
-3.6106326771653543
11
6.7380032677165351
21
-3.6097755118110237
0
LINE
8
BLACK
6
CONTINUOUS
10
6.7380032677165351
20
-3.6097755118110237
11
6.7377955118110231
21
-3.6096833070866139
0
LINE
8
BLACK
6
CONTINUOUS
10
6.7377955118110231
20
-3.6096833070866139
11
6.7375738582677167
21
-3.6096322440944881
0
LINE
8
BLACK
6
CONTINUOUS
10
6.7375738582677167
20
-3.6096322440944881
11
6.7356690944881885
21
-3.6087750787401576
0
LINE
8
BLACK
6
CONTINUOUS
10
6.7356690944881885
20
-3.6087750787401576
11
6.7353861811023616
21
-3.6085734251968504
0
LINE
8
BLACK
6
CONTINUOUS
10
6.7353861811023616
20
-3.6085734251968504
11
6.7350872440944878
21
-3.6083957086614173
0
LINE
8
BLACK
6
CONTINUOUS
10
6.7350872440944878
20
-3.6083957086614173
11
6.7341348818897639
21
-3.6075385826771651
0
LINE
8
BLACK
6
CONTINUOUS
10
6.7341348818897639
20
-3.6075385826771651
11
6.7339128740157479
21
-3.6072414566929134
0
LINE
8
BLACK
6
CONTINUOUS
10
6.7339128740157479
20
-3.6072414566929134
11
6.7336731496062994
21
-3.6069588188976378
0
LINE
8
BLACK
6
CONTINUOUS
10
6.7336731496062994
20
-3.6069588188976378
11
6.7327207874015746
21
-3.605244527559055
0
LINE
8
BLACK
6
CONTINUOUS
10
6.7327207874015746
20
-3.605244527559055
11
6.7326640944881886
21
-3.6050680708661416
0
LINE
8
BLACK
6
CONTINUOUS
10
6.7326640944881886
20
-3.6050680708661416
11
6.7326088976377951
21
-3.6050128740157481
0
LINE
8
BLACK
6
CONTINUOUS
10
6.7326088976377951
20
-3.6050128740157481
11
6.7325479133858268
21
-3.6047063385826772
0
LINE
8
BLACK
6
CONTINUOUS
10
6.7325479133858268
20
-3.6047063385826772
11
6.7324523228346456
21
-3.6044087007874013
0
LINE
8
BLACK
6
CONTINUOUS
10
6.7324523228346456
20
-3.6044087007874013
11
6.7324737795275587
21
-3.6043335826771652
0
LINE
8
BLACK
6
CONTINUOUS
10
6.7324737795275587
20
-3.6043335826771652
11
6.7324376377952753
21
-3.6041518503937007
0
LINE
8
BLACK
6
CONTINUOUS
10
6.7324376377952753
20
-3.6041518503937007
11
6.7324376377952753
21
-3.6024375590551179
0
LINE
8
BLACK
6
CONTINUOUS
10
6.7324376377952753
20
-3.6024375590551179
11
6.7324737795275587
21
-3.6022557874015746
0
LINE
8
BLACK
6
CONTINUOUS
10
6.7324737795275587
20
-3.6022557874015746
11
6.7324523228346456
21
-3.6021807086614173
0
LINE
8
BLACK
6
CONTINUOUS
10
6.7324523228346456
20
-3.6021807086614173
11
6.7325479133858268
21
-3.601883031496063
0
LINE
8
BLACK
6
CONTINUOUS
10
6.7325479133858268
20
-3.601883031496063
11
6.7326088976377951
21
-3.6015765354330709
0
LINE
8
BLACK
6
CONTINUOUS
10
6.7326088976377951
20
-3.6015765354330709
11
6.7326640944881886
21
-3.6015212992125982
0
LINE
8
BLACK
6
CONTINUOUS
10
6.7326640944881886
20
-3.6015212992125982
11
6.7327207874015746
21
-3.6013448818897635
0
LINE
8
BLACK
6
CONTINUOUS
10
6.7327207874015746
20
-3.6013448818897635
11
6.7336731496062994
21
-3.5996305905511812
0
LINE
8
BLACK
6
CONTINUOUS
10
6.7336731496062994
20
-3.5996305905511812
11
6.7339128740157479
21
-3.5993479133858268
0
LINE
8
BLACK
6
CONTINUOUS
10
6.7339128740157479
20
-3.5993479133858268
11
6.7341348818897639
21
-3.5990508267716534
0
LINE
8
BLACK
6
CONTINUOUS
10
6.7341348818897639
20
-3.5990508267716534
11
6.7350872440944878
21
-3.5981937007874016
0
LINE
8
BLACK
6
CONTINUOUS
10
6.7350872440944878
20
-3.5981937007874016
11
6.7353861417322829
21
-3.5980159448818898
0
LINE
8
BLACK
6
CONTINUOUS
10
6.7353861417322829
20
-3.5980159448818898
11
6.7356690551181098
21
-3.5978143307086614
0
LINE
8
BLACK
6
CONTINUOUS
10
6.7356690551181098
20
-3.5978143307086614
11
6.737573818897638
21
-3.5969571653543304
0
LINE
8
BLACK
6
CONTINUOUS
10
6.737573818897638
20
-3.5969571653543304
11
6.7377953543307081
21
-3.5969060629921259
0
LINE
8
BLACK
6
CONTINUOUS
10
6.7377953543307081
20
-3.5969060629921259
11
6.7380032677165351
21
-3.5968138582677165
0
LINE
8
BLACK
6
CONTINUOUS
10
6.7380032677165351
20
-3.5968138582677165
11
6.7418127952755906
21
-3.5959567322834647
0
LINE
8
BLACK
6
CONTINUOUS
10
6.7418127952755906
20
-3.5959567322834647
11
6.7420620472440946
21
-3.5959504724409448
0
LINE
8
BLACK
6
CONTINUOUS
10
6.7420620472440946
20
-3.5959504724409448
11
6.7423066929133855
21
-3.5959018503937008
0
LINE
8
BLACK
6
CONTINUOUS
10
6.7423066929133855
20
-3.5959018503937008
11
6.7470685826771648
21
-3.5959018503937008
0
LINE
8
BLACK
6
CONTINUOUS
10
6.7470685826771648
20
-3.5959018503937008
11
6.7473131889763778
21
-3.5959504724409448
0
LINE
8
BLACK
6
CONTINUOUS
10
6.739213031496063
20
-3.6011541338582678
11
6.7378362204724409
21
-3.6017737007874016
0
LINE
8
BLACK
6
CONTINUOUS
10
6.7378362204724409
20
-3.6017737007874016
11
6.73742437007874
21
-3.6021443307086614
0
LINE
8
BLACK
6
CONTINUOUS
10
6.73742437007874
20
-3.6021443307086614
11
6.7369376377952754
21
-3.6030205511811024
0
LINE
8
BLACK
6
CONTINUOUS
10
6.7369376377952754
20
-3.6030205511811024
11
6.7369376377952754
21
-3.6035688188976378
0
LINE
8
BLACK
6
CONTINUOUS
10
6.7369376377952754
20
-3.6035688188976378
11
6.73742437007874
21
-3.6044450393700789
0
LINE
8
BLACK
6
CONTINUOUS
10
6.73742437007874
20
-3.6044450393700789
11
6.7378362204724409
21
-3.6048156692913387
0
LINE
8
BLACK
6
CONTINUOUS
10
6.7378362204724409
20
-3.6048156692913387
11
6.7392129527559055
21
-3.6054351968503937
0
LINE
8
BLACK
6
CONTINUOUS
10
6.7392129527559055
20
-3.6054351968503937
11
6.7425566929133858
21
-3.606187559055118
0
LINE
8
BLACK
6
CONTINUOUS
10
6.7425566929133858
20
-3.606187559055118
11
6.7468185826771654
21
-3.606187559055118
0
LINE
8
BLACK
6
CONTINUOUS
10
6.7468185826771654
20
-3.606187559055118
11
6.7501623228346457
21
-3.605435157480315
0
LINE
8
BLACK
6
CONTINUOUS
10
6.7501623228346457
20
-3.605435157480315
11
6.7515390551181103
21
-3.6048156299212599
0
LINE
8
BLACK
6
CONTINUOUS
10
6.7515390551181103
20
-3.6048156299212599
11
6.7519509055118112
21
-3.6044449606299214
0
LINE
8
BLACK
6
CONTINUOUS
10
6.7519509055118112
20
-3.6044449606299214
11
6.7524376377952757
21
-3.6035688188976378
0
LINE
8
BLACK
6
CONTINUOUS
10
6.7524376377952757
20
-3.6035688188976378
11
6.7524376377952757
21
-3.6030205511811024
0
LINE
8
BLACK
6
CONTINUOUS
10
6.7524376377952757
20
-3.6030205511811024
11
6.7519509055118112
21
-3.6021444094488189
0
LINE
8
BLACK
6
CONTINUOUS
10
6.7519509055118112
20
-3.6021444094488189
11
6.7515390157480315
21
-3.6017737007874016
0
LINE
8
BLACK
6
CONTINUOUS
10
6.7515390157480315
20
-3.6017737007874016
11
6.7501622047244094
21
-3.6011541338582678
0
LINE
8
BLACK
6
CONTINUOUS
10
6.7501622047244094
20
-3.6011541338582678
11
6.7468186220472441
21
-3.6004018503937005
0
LINE
8
BLACK
6
CONTINUOUS
10
6.7468186220472441
20
-3.6004018503937005
11
6.742556653543307
21
-3.6004018503937005
0
LINE
8
BLACK
6
CONTINUOUS
10
6.742556653543307
20
-3.6004018503937005
11
6.739213031496063
21
-3.6011541338582678
0
LINE
8
BLACK
6
CONTINUOUS
10
5.9087257086614171
20
-3.5923495275590551
11
5.9287256692913388
21
-3.6000638188976377
0
LINE
8
BLACK
6
CONTINUOUS
10
5.9287256692913388
20
-3.6000638188976377
11
5.9294674015748035
21
-3.6005334645669289
0
LINE
8
BLACK
6
CONTINUOUS
10
5.9294674015748035
20
-3.6005334645669289
11
5.9301653149606297
21
-3.6021077952755904
0
LINE
8
BLACK
6
CONTINUOUS
10
5.9301653149606297
20
-3.6021077952755904
11
5.9295455905511814
21
-3.6037144881889764
0
LINE
8
BLACK
6
CONTINUOUS
10
5.9295455905511814
20
-3.6037144881889764
11
5.9279712204724406
21
-3.6044124015748031
0
LINE
8
BLACK
6
CONTINUOUS
10
5.9279712204724406
20
-3.6044124015748031
11
5.9271062598425193
21
-3.6042623228346455
0
LINE
8
BLACK
6
CONTINUOUS
10
5.9271062598425193
20
-3.6042623228346455
11
5.910165984251968
21
-3.5977281889763777
0
LINE
8
BLACK
6
CONTINUOUS
10
5.910165984251968
20
-3.5977281889763777
11
5.910165984251968
21
-3.6064487795275588
0
LINE
8
BLACK
6
CONTINUOUS
10
5.910165984251968
20
-3.6064487795275588
11
5.9099947244094491
21
-3.6073098031496063
0
LINE
8
BLACK
6
CONTINUOUS
10
5.9099947244094491
20
-3.6073098031496063
11
5.9087770078740158
21
-3.6085275196850395
0
LINE
8
BLACK
6
CONTINUOUS
10
5.9087770078740158
20
-3.6085275196850395
11
5.907054960629921
21
-3.6085275196850395
0
LINE
8
BLACK
6
CONTINUOUS
10
5.907054960629921
20
-3.6085275196850395
11
5.9058372440944877
21
-3.6073098031496063
0
LINE
8
BLACK
6
CONTINUOUS
10
5.9058372440944877
20
-3.6073098031496063
11
5.9056659842519688
21
-3.6064487795275588
0
LINE
8
BLACK
6
CONTINUOUS
10
5.9056659842519688
20
-3.6064487795275588
11
5.9056659842519688
21
-3.5944487795275588
0
LINE
8
BLACK
6
CONTINUOUS
10
5.9056659842519688
20
-3.5944487795275588
11
5.9058372440944877
21
-3.5935877559055118
0
LINE
8
BLACK
6
CONTINUOUS
10
5.9058372440944877
20
-3.5935877559055118
11
5.9061348818897637
21
-3.5932900787401576
0
LINE
8
BLACK
6
CONTINUOUS
10
5.9061348818897637
20
-3.5932900787401576
11
5.9062863779527559
21
-3.5928973622047242
0
LINE
8
BLACK
6
CONTINUOUS
10
5.9062863779527559
20
-3.5928973622047242
11
5.9067197244094487
21
-3.5927052362204726
0
LINE
8
BLACK
6
CONTINUOUS
10
5.9067197244094487
20
-3.5927052362204726
11
5.907054960629921
21
-3.5923700393700786
0
LINE
8
BLACK
6
CONTINUOUS
10
5.907054960629921
20
-3.5923700393700786
11
5.9074759448818899
21
-3.5923700393700786
0
LINE
8
BLACK
6
CONTINUOUS
10
5.9074759448818899
20
-3.5923700393700786
11
5.9078607480314957
21
-3.5921994488188975
0
LINE
8
BLACK
6
CONTINUOUS
10
5.9078607480314957
20
-3.5921994488188975
11
5.9087257086614171
21
-3.5923495275590551
0
LINE
8
BLACK
6
CONTINUOUS
10
5.6249401181102359
20
-3.593065118110236
11
5.6249616929133861
21
-3.5930569685039369
0
LINE
8
BLACK
6
CONTINUOUS
10
5.6249616929133861
20
-3.5930569685039369
11
5.6253566141732279
21
-3.5931479527559054
0
LINE
8
BLACK
6
CONTINUOUS
10
5.6253566141732279
20
-3.5931479527559054
11
5.6257548818897636
21
-3.5932272047244092
0
LINE
8
BLACK
6
CONTINUOUS
10
5.6257548818897636
20
-3.5932272047244092
11
5.6257712204724406
21
-3.5932435433070866
0
LINE
8
BLACK
6
CONTINUOUS
10
5.6257712204724406
20
-3.5932435433070866
11
5.6258171653543307
21
-3.5932541338582675
0
LINE
8
BLACK
6
CONTINUOUS
10
5.6258171653543307
20
-3.5932541338582675
11
5.627721929133858
21
-3.5941112598425198
0
LINE
8
BLACK
6
CONTINUOUS
10
5.627721929133858
20
-3.5941112598425198
11
5.6280049999999999
21
-3.594312992125984
0
LINE
8
BLACK
6
CONTINUOUS
10
5.6280049999999999
20
-3.594312992125984
11
5.6283037795275588
21
-3.5944906692913383
0
LINE
8
BLACK
6
CONTINUOUS
10
5.6283037795275588
20
-3.5944906692913383
11
5.629256220472441
21
-3.5953478346456693
0
LINE
8
BLACK
6
CONTINUOUS
10
5.629256220472441
20
-3.5953478346456693
11
5.6294781889763774
21
-3.595644960629921
0
LINE
8
BLACK
6
CONTINUOUS
10
5.6294781889763774
20
-3.595644960629921
11
5.6297178740157481
21
-3.5959275590551179
0
LINE
8
BLACK
6
CONTINUOUS
10
5.6297178740157481
20
-3.5959275590551179
11
5.6306702362204719
21
-3.5976417716535432
0
LINE
8
BLACK
6
CONTINUOUS
10
5.6306702362204719
20
-3.5976417716535432
11
5.6307268897637792
21
-3.5978182283464566
0
LINE
8
BLACK
6
CONTINUOUS
10
5.6307268897637792
20
-3.5978182283464566
11
5.6307821259842514
21
-3.5978734645669292
0
LINE
8
BLACK
6
CONTINUOUS
10
5.6307821259842514
20
-3.5978734645669292
11
5.6308431102362206
21
-3.598180118110236
0
LINE
8
BLACK
6
CONTINUOUS
10
5.6308431102362206
20
-3.598180118110236
11
5.6309386614173231
21
-3.5984776377952756
0
LINE
8
BLACK
6
CONTINUOUS
10
5.6309386614173231
20
-3.5984776377952756
11
5.6309172047244092
21
-3.5985526377952755
0
LINE
8
BLACK
6
CONTINUOUS
10
5.6309172047244092
20
-3.5985526377952755
11
5.6309533858267713
21
-3.5987344881889762
0
LINE
8
BLACK
6
CONTINUOUS
10
5.6309533858267713
20
-3.5987344881889762
11
5.6309533858267713
21
-3.6021630708661418
0
LINE
8
BLACK
6
CONTINUOUS
10
5.6309533858267713
20
-3.6021630708661418
11
5.6309172047244092
21
-3.6023448031496064
0
LINE
8
BLACK
6
CONTINUOUS
10
5.6309172047244092
20
-3.6023448031496064
11
5.6309387007874019
21
-3.6024199212598425
0
LINE
8
BLACK
6
CONTINUOUS
10
5.6309387007874019
20
-3.6024199212598425
11
5.6308430708661419
21
-3.6027175590551179
0
LINE
8
BLACK
6
CONTINUOUS
10
5.6308430708661419
20
-3.6027175590551179
11
5.6307821259842514
21
-3.6030240944881888
0
LINE
8
BLACK
6
CONTINUOUS
10
5.6307821259842514
20
-3.6030240944881888
11
5.6307268897637792
21
-3.6030792913385827
0
LINE
8
BLACK
6
CONTINUOUS
10
5.6307268897637792
20
-3.6030792913385827
11
5.6306702362204719
21
-3.6032557480314962
0
LINE
8
BLACK
6
CONTINUOUS
10
5.6306702362204719
20
-3.6032557480314962
11
5.6297178740157481
21
-3.6049700393700785
0
LINE
8
BLACK
6
CONTINUOUS
10
5.6297178740157481
20
-3.6049700393700785
11
5.6294781102362199
21
-3.6052526771653541
0
LINE
8
BLACK
6
CONTINUOUS
10
5.6294781102362199
20
-3.6052526771653541
11
5.6292561417322835
21
-3.6055498031496063
0
LINE
8
BLACK
6
CONTINUOUS
10
5.6292561417322835
20
-3.6055498031496063
11
5.62830374015748
21
-3.6064069291338581
0
LINE
8
BLACK
6
CONTINUOUS
10
5.62830374015748
20
-3.6064069291338581
11
5.6280049606299212
21
-3.6065845669291337
0
LINE
8
BLACK
6
CONTINUOUS
10
5.6280049606299212
20
-3.6065845669291337
11
5.6277219685039368
21
-3.6067862992125983
0
LINE
8
BLACK
6
CONTINUOUS
10
5.6277219685039368
20
-3.6067862992125983
11
5.6258172047244095
21
-3.6076434645669289
0
LINE
8
BLACK
6
CONTINUOUS
10
5.6258172047244095
20
-3.6076434645669289
11
5.6257711811023619
21
-3.6076540551181102
0
LINE
8
BLACK
6
CONTINUOUS
10
5.6257711811023619
20
-3.6076540551181102
11
5.6257548818897636
21
-3.6076703937007872
0
LINE
8
BLACK
6
CONTINUOUS
10
5.6257548818897636
20
-3.6076703937007872
11
5.6253568897637791
21
-3.6077495275590552
0
LINE
8
BLACK
6
CONTINUOUS
10
5.6253568897637791
20
-3.6077495275590552
11
5.6249617322834649
21
-3.60784062992126
0
LINE
8
BLACK
6
CONTINUOUS
10
5.6249617322834649
20
-3.60784062992126
11
5.6249401181102359
21
-3.6078324409448816
0
LINE
8
BLACK
6
CONTINUOUS
10
5.6249401181102359
20
-3.6078324409448816
11
5.6248938582677166
21
-3.6078416535433071
0
LINE
8
BLACK
6
CONTINUOUS
10
5.6248938582677166
20
-3.6078416535433071
11
5.6172748031496065
21
-3.6078416535433071
0
LINE
8
BLACK
6
CONTINUOUS
10
5.6172748031496065
20
-3.6078416535433071
11
5.6170301968503935
21
-3.6077929921259844
0
LINE
8
BLACK
6
CONTINUOUS
10
5.6170301968503935
20
-3.6077929921259844
11
5.616780866141732
21
-3.6077867716535432
0
LINE
8
BLACK
6
CONTINUOUS
10
5.616780866141732
20
-3.6077867716535432
11
5.6129713779527561
21
-3.6069296062992127
0
LINE
8
BLACK
6
CONTINUOUS
10
5.6129713779527561
20
-3.6069296062992127
11
5.6126446062992121
21
-3.6067845669291336
0
LINE
8
BLACK
6
CONTINUOUS
10
5.6126446062992121
20
-3.6067845669291336
11
5.6123076771653544
21
-3.6066638582677166
0
LINE
8
BLACK
6
CONTINUOUS
10
5.6123076771653544
20
-3.6066638582677166
11
5.6094505511811024
21
-3.6049496062992126
0
LINE
8
BLACK
6
CONTINUOUS
10
5.6094505511811024
20
-3.6049496062992126
11
5.6092895669291334
21
-3.6048035826771652
0
LINE
8
BLACK
6
CONTINUOUS
10
5.6092895669291334
20
-3.6048035826771652
11
5.6091029921259841
21
-3.6046926377952757
0
LINE
8
BLACK
6
CONTINUOUS
10
5.6091029921259841
20
-3.6046926377952757
11
5.6081505905511806
21
-3.6038354724409447
0
LINE
8
BLACK
6
CONTINUOUS
10
5.6081505905511806
20
-3.6038354724409447
11
5.6079286614173229
21
-3.6035384251968505
0
LINE
8
BLACK
6
CONTINUOUS
10
5.6079286614173229
20
-3.6035384251968505
11
5.6076888976377948
21
-3.6032557480314962
0
LINE
8
BLACK
6
CONTINUOUS
10
5.6076888976377948
20
-3.6032557480314962
11
5.6067365354330709
21
-3.6015414566929134
0
LINE
8
BLACK
6
CONTINUOUS
10
5.6067365354330709
20
-3.6015414566929134
11
5.6066798425196849
21
-3.6013649999999999
0
LINE
8
BLACK
6
CONTINUOUS
10
5.6066798425196849
20
-3.6013649999999999
11
5.6066246456692914
21
-3.601309803149606
0
LINE
8
BLACK
6
CONTINUOUS
10
5.6066246456692914
20
-3.601309803149606
11
5.6065636614173231
21
-3.6010032677165356
0
LINE
8
BLACK
6
CONTINUOUS
10
5.6065636614173231
20
-3.6010032677165356
11
5.6064680708661419
21
-3.6007056299212596
0
LINE
8
BLACK
6
CONTINUOUS
10
5.6064680708661419
20
-3.6007056299212596
11
5.6064895275590549
21
-3.6006305118110236
0
LINE
8
BLACK
6
CONTINUOUS
10
5.6064895275590549
20
-3.6006305118110236
11
5.6064533858267716
21
-3.600448779527559
0
LINE
8
BLACK
6
CONTINUOUS
10
5.6064533858267716
20
-3.600448779527559
11
5.6064533858267716
21
-3.5970202362204722
0
LINE
8
BLACK
6
CONTINUOUS
10
5.6064533858267716
20
-3.5970202362204722
11
5.6066246456692914
21
-3.5961592125984252
0
LINE
8
BLACK
6
CONTINUOUS
10
5.6066246456692914
20
-3.5961592125984252
11
5.6078423622047247
21
-3.594941496062992
0
LINE
8
BLACK
6
CONTINUOUS
10
5.6078423622047247
20
-3.594941496062992
11
5.6095644094488186
21
-3.594941496062992
0
LINE
8
BLACK
6
CONTINUOUS
10
5.6095644094488186
20
-3.594941496062992
11
5.6107821259842519
21
-3.5961592125984252
0
LINE
8
BLACK
6
CONTINUOUS
10
5.6107821259842519
20
-3.5961592125984252
11
5.6109533858267717
21
-3.5970202362204722
0
LINE
8
BLACK
6
CONTINUOUS
10
5.6109533858267717
20
-3.5970202362204722
11
5.6109533858267717
21
-3.5998657480314962
0
LINE
8
BLACK
6
CONTINUOUS
10
5.6109533858267717
20
-3.5998657480314962
11
5.6114401181102362
21
-3.6007419685039368
0
LINE
8
BLACK
6
CONTINUOUS
10
5.6114401181102362
20
-3.6007419685039368
11
5.6119519291338582
21
-3.601202559055118
0
LINE
8
BLACK
6
CONTINUOUS
10
5.6119519291338582
20
-3.601202559055118
11
5.6141124803149607
21
-3.6024988582677167
0
LINE
8
BLACK
6
CONTINUOUS
10
5.6141124803149607
20
-3.6024988582677167
11
5.614087125984252
21
-3.6024199212598425
0
LINE
8
BLACK
6
CONTINUOUS
10
5.614087125984252
20
-3.6024199212598425
11
5.6141085826771651
21
-3.6023448031496064
0
LINE
8
BLACK
6
CONTINUOUS
10
5.6141085826771651
20
-3.6023448031496064
11
5.6140724409448817
21
-3.6021630708661418
0
LINE
8
BLACK
6
CONTINUOUS
10
5.6140724409448817
20
-3.6021630708661418
11
5.6140724409448817
21
-3.5987344881889762
0
LINE
8
BLACK
6
CONTINUOUS
10
5.6140724409448817
20
-3.5987344881889762
11
5.6141085826771651
21
-3.598552716535433
0
LINE
8
BLACK
6
CONTINUOUS
10
5.6141085826771651
20
-3.598552716535433
11
5.614087125984252
21
-3.5984776377952756
0
LINE
8
BLACK
6
CONTINUOUS
10
5.614087125984252
20
-3.5984776377952756
11
5.6141827165354332
21
-3.598179960629921
0
LINE
8
BLACK
6
CONTINUOUS
10
5.6141827165354332
20
-3.598179960629921
11
5.6142437007874015
21
-3.5978734645669292
0
LINE
8
BLACK
6
CONTINUOUS
10
5.6142437007874015
20
-3.5978734645669292
11
5.614298897637795
21
-3.5978182283464566
0
LINE
8
BLACK
6
CONTINUOUS
10
5.614298897637795
20
-3.5978182283464566
11
5.6143555905511811
21
-3.5976418110236219
0
LINE
8
BLACK
6
CONTINUOUS
10
5.6143555905511811
20
-3.5976418110236219
11
5.6153079527559058
21
-3.5959275590551179
0
LINE
8
BLACK
6
CONTINUOUS
10
5.6153079527559058
20
-3.5959275590551179
11
5.6155478346456693
21
-3.5956446850393702
0
LINE
8
BLACK
6
CONTINUOUS
10
5.6155478346456693
20
-3.5956446850393702
11
5.6157696456692916
21
-3.5953478346456693
0
LINE
8
BLACK
6
CONTINUOUS
10
5.6157696456692916
20
-3.5953478346456693
11
5.6167220472440942
21
-3.5944906692913383
0
LINE
8
BLACK
6
CONTINUOUS
10
5.6167220472440942
20
-3.5944906692913383
11
5.6170207086614168
21
-3.5943130314960627
0
LINE
8
BLACK
6
CONTINUOUS
10
5.6170207086614168
20
-3.5943130314960627
11
5.6173038976377949
21
-3.5941112598425198
0
LINE
8
BLACK
6
CONTINUOUS
10
5.6173038976377949
20
-3.5941112598425198
11
5.6192086614173231
21
-3.5932540944881888
0
LINE
8
BLACK
6
CONTINUOUS
10
5.6192086614173231
20
-3.5932540944881888
11
5.6192546456692911
21
-3.5932434645669291
0
LINE
8
BLACK
6
CONTINUOUS
10
5.6192546456692911
20
-3.5932434645669291
11
5.6192709448818894
21
-3.5932272047244092
0
LINE
8
BLACK
6
CONTINUOUS
10
5.6192709448818894
20
-3.5932272047244092
11
5.6196686220472438
21
-3.5931480708661416
0
LINE
8
BLACK
6
CONTINUOUS
10
5.6196686220472438
20
-3.5931480708661416
11
5.6200641338582678
21
-3.5930569685039369
0
LINE
8
BLACK
6
CONTINUOUS
10
5.6200641338582678
20
-3.5930569685039369
11
5.6200856692913383
21
-3.593065118110236
0
LINE
8
BLACK
6
CONTINUOUS
10
5.6200856692913383
20
-3.593065118110236
11
5.6201319685039373
21
-3.5930559448818897
0
LINE
8
BLACK
6
CONTINUOUS
10
5.6201319685039373
20
-3.5930559448818897
11
5.6248938582677166
21
-3.5930559448818897
0
LINE
8
BLACK
6
CONTINUOUS
10
5.6248938582677166
20
-3.5930559448818897
11
5.6249401181102359
21
-3.593065118110236
0
LINE
8
BLACK
6
CONTINUOUS
10
5.6194711023622048
20
-3.5980705905511812
11
5.6190592125984251
21
-3.5984412992125985
0
LINE
8
BLACK
6
CONTINUOUS
10
5.6190592125984251
20
-3.5984412992125985
11
5.6185724409448818
21
-3.5993174803149603
0
LINE
8
BLACK
6
CONTINUOUS
10
5.6185724409448818
20
-3.5993174803149603
11
5.6185724409448818
21
-3.6015800393700785
0
LINE
8
BLACK
6
CONTINUOUS
10
5.6185724409448818
20
-3.6015800393700785
11
5.6190591732283464
21
-3.6024562598425196
0
LINE
8
BLACK
6
CONTINUOUS
10
5.6190591732283464
20
-3.6024562598425196
11
5.6194710236220473
21
-3.6028268897637794
0
LINE
8
BLACK
6
CONTINUOUS
10
5.6194710236220473
20
-3.6028268897637794
11
5.6206149212598424
21
-3.6033416535433069
0
LINE
8
BLACK
6
CONTINUOUS
10
5.6206149212598424
20
-3.6033416535433069
11
5.6244109055118106
21
-3.6033416535433069
0
LINE
8
BLACK
6
CONTINUOUS
10
5.6244109055118106
20
-3.6033416535433069
11
5.6255547637795278
21
-3.6028268897637794
0
LINE
8
BLACK
6
CONTINUOUS
10
5.6255547637795278
20
-3.6028268897637794
11
5.6259666535433066
21
-3.6024561811023621
0
LINE
8
BLACK
6
CONTINUOUS
10
5.6259666535433066
20
-3.6024561811023621
11
5.6264533858267711
21
-3.6015800393700785
0
LINE
8
BLACK
6
CONTINUOUS
10
5.6264533858267711
20
-3.6015800393700785
11
5.6264533858267711
21
-3.5993174803149603
0
LINE
8
BLACK
6
CONTINUOUS
10
5.6264533858267711
20
-3.5993174803149603
11
5.6259666141732279
21
-3.5984412992125985
0
LINE
8
BLACK
6
CONTINUOUS
10
5.6259666141732279
20
-3.5984412992125985
11
5.6255548031496065
21
-3.5980706692913387
0
LINE
8
BLACK
6
CONTINUOUS
10
5.6255548031496065
20
-3.5980706692913387
11
5.6244109448818893
21
-3.5975559448818899
0
LINE
8
BLACK
6
CONTINUOUS
10
5.6244109448818893
20
-3.5975559448818899
11
5.6206148425196849
21
-3.5975559448818899
0
LINE
8
BLACK
6
CONTINUOUS
10
5.6206148425196849
20
-3.5975559448818899
11
5.6194711023622048
21
-3.5980705905511812
0
LINE
8
BLACK
6
CONTINUOUS
10
6.2810921259842516
20
-3.600416023622047
11
6.2823705511811019
21
-3.6016944488188978
0
LINE
8
BLACK
6
CONTINUOUS
10
6.2823705511811019
20
-3.6016944488188978
11
6.2823705511811019
21
-3.6035024015748029
0
LINE
8
BLACK
6
CONTINUOUS
10
6.2823705511811019
20
-3.6035024015748029
11
6.2810921259842516
21
-3.6047808267716537
0
LINE
8
BLACK
6
CONTINUOUS
10
6.2810921259842516
20
-3.6047808267716537
11
6.2801881496062988
21
-3.6049606299212598
0
LINE
8
BLACK
6
CONTINUOUS
10
6.2801881496062988
20
-3.6049606299212598
11
6.267370905511811
21
-3.6049606299212598
0
LINE
8
BLACK
6
CONTINUOUS
10
6.267370905511811
20
-3.6049606299212598
11
6.2664669291338582
21
-3.6047808267716537
0
LINE
8
BLACK
6
CONTINUOUS
10
6.2664669291338582
20
-3.6047808267716537
11
6.2651885039370079
21
-3.6035024015748029
0
LINE
8
BLACK
6
CONTINUOUS
10
6.2651885039370079
20
-3.6035024015748029
11
6.2651885039370079
21
-3.6016944488188978
0
LINE
8
BLACK
6
CONTINUOUS
10
6.2651885039370079
20
-3.6016944488188978
11
6.2664669291338582
21
-3.600416023622047
0
LINE
8
BLACK
6
CONTINUOUS
10
6.2664669291338582
20
-3.600416023622047
11
6.267370905511811
21
-3.600236220472441
0
LINE
8
BLACK
6
CONTINUOUS
10
6.267370905511811
20
-3.600236220472441
11
6.2801881496062988
21
-3.600236220472441
0
LINE
8
BLACK
6
CONTINUOUS
10
6.2801881496062988
20
-3.600236220472441
11
6.2810921259842516
21
-3.600416023622047
0
LINE
8
BLACK
6
CONTINUOUS
10
6.4120960629921262
20
-3.600416023622047
11
6.4133744881889765
21
-3.6016944488188978
0
LINE
8
BLACK
6
CONTINUOUS
10
6.4133744881889765
20
-3.6016944488188978
11
6.4133744881889765
21
-3.6035024015748029
0
LINE
8
BLACK
6
CONTINUOUS
10
6.4133744881889765
20
-3.6035024015748029
11
6.4120960629921262
21
-3.6047808267716537
0
LINE
8
BLACK
6
CONTINUOUS
10
6.4120960629921262
20
-3.6047808267716537
11
6.4111920866141734
21
-3.6049606299212598
0
LINE
8
BLACK
6
CONTINUOUS
10
6.4111920866141734
20
-3.6049606299212598
11
6.3983748425196847
21
-3.6049606299212598
0
LINE
8
BLACK
6
CONTINUOUS
10
6.3983748425196847
20
-3.6049606299212598
11
6.3974708661417319
21
-3.6047808267716537
0
LINE
8
BLACK
6
CONTINUOUS
10
6.3974708661417319
20
-3.6047808267716537
11
6.3961924409448816
21
-3.6035024015748029
0
LINE
8
BLACK
6
CONTINUOUS
10
6.3961924409448816
20
-3.6035024015748029
11
6.3961924409448816
21
-3.6016944488188978
0
LINE
8
BLACK
6
CONTINUOUS
10
6.3961924409448816
20
-3.6016944488188978
11
6.3974708661417319
21
-3.600416023622047
0
LINE
8
BLACK
6
CONTINUOUS
10
6.3974708661417319
20
-3.600416023622047
11
6.3983748425196847
21
-3.600236220472441
0
LINE
8
BLACK
6
CONTINUOUS
10
6.3983748425196847
20
-3.600236220472441
11
6.4111920866141734
21
-3.600236220472441
0
LINE
8
BLACK
6
CONTINUOUS
10
6.4111920866141734
20
-3.600236220472441
11
6.4120960629921262
21
-3.600416023622047
0
LINE
8
BLACK
6
CONTINUOUS
10
6.5350291338582673
20
-3.5986050000000001
11
6.5363075590551176
21
-3.5998834251968503
0
LINE
8
BLACK
6
CONTINUOUS
10
6.5363075590551176
20
-3.5998834251968503
11
6.5363075590551176
21
-3.601691377952756
0
LINE
8
BLACK
6
CONTINUOUS
10
6.5363075590551176
20
-3.601691377952756
11
6.5350291338582673
21
-3.6029698031496062
0
LINE
8
BLACK
6
CONTINUOUS
10
6.5350291338582673
20
-3.6029698031496062
11
6.5341251574803145
21
-3.6031496062992123
0
LINE
8
BLACK
6
CONTINUOUS
10
6.5341251574803145
20
-3.6031496062992123
11
6.5213079133858267
21
-3.6031496062992123
0
LINE
8
BLACK
6
CONTINUOUS
10
6.5213079133858267
20
-3.6031496062992123
11
6.5204039370078739
21
-3.6029698031496062
0
LINE
8
BLACK
6
CONTINUOUS
10
6.5204039370078739
20
-3.6029698031496062
11
6.5191255118110236
21
-3.601691377952756
0
LINE
8
BLACK
6
CONTINUOUS
10
6.5191255118110236
20
-3.601691377952756
11
6.5191255118110236
21
-3.5998834251968503
0
LINE
8
BLACK
6
CONTINUOUS
10
6.5191255118110236
20
-3.5998834251968503
11
6.5204039370078739
21
-3.5986050000000001
0
LINE
8
BLACK
6
CONTINUOUS
10
6.5204039370078739
20
-3.5986050000000001
11
6.5213079133858267
21
-3.5984251968503935
0
LINE
8
BLACK
6
CONTINUOUS
10
6.5213079133858267
20
-3.5984251968503935
11
6.5341251574803145
21
-3.5984251968503935
0
LINE
8
BLACK
6
CONTINUOUS
10
6.5341251574803145
20
-3.5984251968503935
11
6.5350291338582673
21
-3.5986050000000001
0
LINE
8
BLACK
6
CONTINUOUS
10
6.6750291338582679
20
-3.5986050000000001
11
6.6763075590551182
21
-3.5998834251968503
0
LINE
8
BLACK
6
CONTINUOUS
10
6.6763075590551182
20
-3.5998834251968503
11
6.6763075590551182
21
-3.601691377952756
0
LINE
8
BLACK
6
CONTINUOUS
10
6.6763075590551182
20
-3.601691377952756
11
6.6750291338582679
21
-3.6029698031496062
0
LINE
8
BLACK
6
CONTINUOUS
10
6.6750291338582679
20
-3.6029698031496062
11
6.6741251574803151
21
-3.6031496062992123
0
LINE
8
BLACK
6
CONTINUOUS
10
6.6741251574803151
20
-3.6031496062992123
11
6.6613079133858264
21
-3.6031496062992123
0
LINE
8
BLACK
6
CONTINUOUS
10
6.6613079133858264
20
-3.6031496062992123
11
6.6604039370078736
21
-3.6029698031496062
0
LINE
8
BLACK
6
CONTINUOUS
10
6.6604039370078736
20
-3.6029698031496062
11
6.6591255118110233
21
-3.601691377952756
0
LINE
8
BLACK
6
CONTINUOUS
10
6.6591255118110233
20
-3.601691377952756
11
6.6591255118110233
21
-3.5998834251968503
0
LINE
8
BLACK
6
CONTINUOUS
10
6.6591255118110233
20
-3.5998834251968503
11
6.6604039370078736
21
-3.5986050000000001
0
LINE
8
BLACK
6
CONTINUOUS
10
6.6604039370078736
20
-3.5986050000000001
11
6.6613079133858264
21
-3.5984251968503935
0
LINE
8
BLACK
6
CONTINUOUS
10
6.6613079133858264
20
-3.5984251968503935
11
6.6741251574803151
21
-3.5984251968503935
0
LINE
8
BLACK
6
CONTINUOUS
10
6.6741251574803151
20
-3.5984251968503935
11
6.6750291338582679
21
-3.5986050000000001
0
LINE
8
BLACK
6
CONTINUOUS
10
5.7013086614173227
20
-3.5871876771653541
11
5.702587086614173
21
-3.5884661023622044
0
LINE
8
BLACK
6
CONTINUOUS
10
5.702587086614173
20
-3.5884661023622044
11
5.702587086614173
21
-3.59027405511811
0
LINE
8
BLACK
6
CONTINUOUS
10
5.702587086614173
20
-3.59027405511811
11
5.7013086614173227
21
-3.5915524803149603
0
LINE
8
BLACK
6
CONTINUOUS
10
5.7013086614173227
20
-3.5915524803149603
11
5.7004046850393699
21
-3.5917322834645669
0
LINE
8
BLACK
6
CONTINUOUS
10
5.7004046850393699
20
-3.5917322834645669
11
5.6875874409448821
21
-3.5917322834645669
0
LINE
8
BLACK
6
CONTINUOUS
10
5.6875874409448821
20
-3.5917322834645669
11
5.6866834645669293
21
-3.5915524803149603
0
LINE
8
BLACK
6
CONTINUOUS
10
5.6866834645669293
20
-3.5915524803149603
11
5.685405039370079
21
-3.59027405511811
0
LINE
8
BLACK
6
CONTINUOUS
10
5.685405039370079
20
-3.59027405511811
11
5.685405039370079
21
-3.5884661023622044
0
LINE
8
BLACK
6
CONTINUOUS
10
5.685405039370079
20
-3.5884661023622044
11
5.6866834645669293
21
-3.5871876771653541
0
LINE
8
BLACK
6
CONTINUOUS
10
5.6866834645669293
20
-3.5871876771653541
11
5.6875874409448821
21
-3.5870078740157481
0
LINE
8
BLACK
6
CONTINUOUS
10
5.6875874409448821
20
-3.5870078740157481
11
5.7004046850393699
21
-3.5870078740157481
0
LINE
8
BLACK
6
CONTINUOUS
10
5.7004046850393699
20
-3.5870078740157481
11
5.7013086614173227
21
-3.5871876771653541
0
LINE
8
BLACK
6
CONTINUOUS
10
5.847470078740157
20
-3.5871876771653541
11
5.8487485039370082
21
-3.5884661023622044
0
LINE
8
BLACK
6
CONTINUOUS
10
5.8487485039370082
20
-3.5884661023622044
11
5.8487485039370082
21
-3.59027405511811
0
LINE
8
BLACK
6
CONTINUOUS
10
5.8487485039370082
20
-3.59027405511811
11
5.847470078740157
21
-3.5915524803149603
0
LINE
8
BLACK
6
CONTINUOUS
10
5.847470078740157
20
-3.5915524803149603
11
5.8465661023622042
21
-3.5917322834645669
0
LINE
8
BLACK
6
CONTINUOUS
10
5.8465661023622042
20
-3.5917322834645669
11
5.8337488582677164
21
-3.5917322834645669
0
LINE
8
BLACK
6
CONTINUOUS
10
5.8337488582677164
20
-3.5917322834645669
11
5.8328448818897636
21
-3.5915524803149603
0
LINE
8
BLACK
6
CONTINUOUS
10
5.8328448818897636
20
-3.5915524803149603
11
5.8315664566929133
21
-3.59027405511811
0
LINE
8
BLACK
6
CONTINUOUS
10
5.8315664566929133
20
-3.59027405511811
11
5.8315664566929133
21
-3.5884661023622044
0
LINE
8
BLACK
6
CONTINUOUS
10
5.8315664566929133
20
-3.5884661023622044
11
5.8328448818897636
21
-3.5871876771653541
0
LINE
8
BLACK
6
CONTINUOUS
10
5.8328448818897636
20
-3.5871876771653541
11
5.8337488582677164
21
-3.5870078740157481
0
LINE
8
BLACK
6
CONTINUOUS
10
5.8337488582677164
20
-3.5870078740157481
11
5.8465661023622042
21
-3.5870078740157481
0
LINE
8
BLACK
6
CONTINUOUS
10
5.8465661023622042
20
-3.5870078740157481
11
5.847470078740157
21
-3.5871876771653541
0
CIRCLE
8
BLACK
10
5.9326771653543302
20
-3.7688976377952756
40
0.0068897637795276
0
CIRCLE
8
BLACK
10
5.6452755905511811
20
-3.9381889763779525
40
0.0068897637795276
0
CIRCLE
8
BLACK
10
5.6452755905511811
20
-3.7688976377952756
40
0.0068897637795276
0
CIRCLE
8
BLACK
10
5.9326771653543302
20
-3.7688976377952756
40
0.0068897637795276
0
CIRCLE
8
BLACK
10
5.6452755905511811
20
-3.9381889763779525
40
0.0068897637795276
0
CIRCLE
8
BLACK
10
5.6452755905511811
20
-3.7688976377952756
40
0.0068897637795276
  0
ENDSEC
  0
EOF
