  0
SECTION
  2
HEADER
  9
$ANGBASE
  50
0.0
  9
$ANGDIR
  70
1
  9
$MEASUREMENT
  70
0
  0
ENDSEC
  0
SECTION
  2
TABLES
  0
TABLE
  2
LTYPE
  70
4
  0
LTYPE
  5
40F
  2
CONTINUOUS
  70
0
  3
Solid line
  72
65
  73
0
  40
0.0
  0
LTYPE
  5
410
  2
DASHDOT
 70
0
  3
Dash Dot ____ _ ____ _
 72
65
 73
4
 40
2.0
 49
1.25
 49
-0.25
 49
0.25
 49
-0.25
  0
LTYPE
  5
411
  2
DASHED
 70
0
  3
Dashed __ __ __ __ __
 72
65
 73
2
 40
0.75
 49
0.5
 49
-0.25
  0
LTYPE
  5
43B
  2
DOTTED
 70
0
  3
Dotted .  .  .  .
 72
65
 73
2
 40
0.2
 49
0.0
 49
-0.2
  0
ENDTAB
  0
TABLE
  2
STYLE
  70
4
  0
STYLE
  2
KICAD
  70
0
  40
0
  41
1
  42
1
  50
0
  71
0
  3
isocp.shx
  0
STYLE
  2
KICADB
  70
0
  40
0
  41
1
  42
1
  50
0
  71
0
  3
isocp.shx
  0
STYLE
  2
KICADI
  70
0
  40
0
  41
1
  42
1
  50
15
  71
0
  3
isocp.shx
  0
STYLE
  2
KICADBI
  70
0
  40
0
  41
1
  42
1
  50
15
  71
0
  3
isocp.shx
  0
ENDTAB
  0
TABLE
  2
LAYER
  70
1
  0
LAYER
  2
BLACK
  70
0
  62
7
  6
CONTINUOUS
  0
ENDTAB
  0
ENDSEC
  0
SECTION
  2
ENTITIES
0
LINE
8
BLACK
6
CONTINUOUS
10
5.6016404724409448
20
-3.9366787401574803
11
5.6024551181102362
21
-3.9374933858267718
0
LINE
8
BLACK
6
CONTINUOUS
10
5.6024551181102362
20
-3.9374933858267718
11
5.6028960236220469
21
-3.9385577952755906
0
LINE
8
BLACK
6
CONTINUOUS
10
5.6028960236220469
20
-3.9385577952755906
11
5.6029324015748028
21
-4.1044648425196852
0
LINE
8
BLACK
6
CONTINUOUS
10
5.6029324015748028
20
-4.1044648425196852
11
5.6131261417322831
21
-4.1044416929133858
0
LINE
8
BLACK
6
CONTINUOUS
10
5.6131261417322831
20
-4.1044416929133858
11
5.6134307874015743
21
-4.1044716929133855
0
LINE
8
BLACK
6
CONTINUOUS
10
5.6134307874015743
20
-4.1044716929133855
11
5.6135082677165355
21
-4.1044665354330707
0
LINE
8
BLACK
6
CONTINUOUS
10
5.6135082677165355
20
-4.1044665354330707
11
5.6135616141732285
21
-4.1044845669291341
0
LINE
8
BLACK
6
CONTINUOUS
10
5.6135616141732285
20
-4.1044845669291341
11
5.613702204724409
21
-4.1044984251968506
0
LINE
8
BLACK
6
CONTINUOUS
10
5.613702204724409
20
-4.1044984251968506
11
5.6141453937007872
21
-4.1046820078740156
0
LINE
8
BLACK
6
CONTINUOUS
10
5.6141453937007872
20
-4.1046820078740156
11
5.6145996456692915
21
-4.1048356299212596
0
LINE
8
BLACK
6
CONTINUOUS
10
5.6145996456692915
20
-4.1048356299212596
11
5.6146746062992126
21
-4.1049011811023624
0
LINE
8
BLACK
6
CONTINUOUS
10
5.6146746062992126
20
-4.1049011811023624
11
5.6147666141732282
21
-4.1049393307086612
0
LINE
8
BLACK
6
CONTINUOUS
10
5.6147666141732282
20
-4.1049393307086612
11
5.6151055905511811
21
-4.1052783070866141
0
LINE
8
BLACK
6
CONTINUOUS
10
5.6151055905511811
20
-4.1052783070866141
11
5.6154667322834646
21
-4.1055942913385826
0
LINE
8
BLACK
6
CONTINUOUS
10
5.6154667322834646
20
-4.1055942913385826
11
5.6155109055118109
21
-4.1056836220472439
0
LINE
8
BLACK
6
CONTINUOUS
10
5.6155109055118109
20
-4.1056836220472439
11
5.6155812598425197
21
-4.1057539763779527
0
LINE
8
BLACK
6
CONTINUOUS
10
5.6155812598425197
20
-4.1057539763779527
11
5.6157647244094484
21
-4.1061968897637797
0
LINE
8
BLACK
6
CONTINUOUS
10
5.6157647244094484
20
-4.1061968897637797
11
5.6159774409448815
21
-4.1066270472440944
0
LINE
8
BLACK
6
CONTINUOUS
10
5.6159774409448815
20
-4.1066270472440944
11
5.6159840551181102
21
-4.1067263779527554
0
LINE
8
BLACK
6
CONTINUOUS
10
5.6159840551181102
20
-4.1067263779527554
11
5.6160221653543303
21
-4.1068183858267719
0
LINE
8
BLACK
6
CONTINUOUS
10
5.6160221653543303
20
-4.1068183858267719
11
5.6160221653543303
21
-4.1072980708661415
0
LINE
8
BLACK
6
CONTINUOUS
10
5.6160221653543303
20
-4.1072980708661415
11
5.6160540551181102
21
-4.1077765748031494
0
LINE
8
BLACK
6
CONTINUOUS
10
5.6160540551181102
20
-4.1077765748031494
11
5.6160221653543303
21
-4.1078708661417318
0
LINE
8
BLACK
6
CONTINUOUS
10
5.6160221653543303
20
-4.1078708661417318
11
5.6160221653543303
21
-4.1079705118110237
0
LINE
8
BLACK
6
CONTINUOUS
10
5.6160221653543303
20
-4.1079705118110237
11
5.6158385433070865
21
-4.1084137007874011
0
LINE
8
BLACK
6
CONTINUOUS
10
5.6158385433070865
20
-4.1084137007874011
11
5.6156849606299213
21
-4.1088679527559053
0
LINE
8
BLACK
6
CONTINUOUS
10
5.6156849606299213
20
-4.1088679527559053
11
5.615619015748031
21
-4.1089437007874015
0
LINE
8
BLACK
6
CONTINUOUS
10
5.615619015748031
20
-4.1089437007874015
11
5.6155812598425197
21
-4.109034921259842
0
LINE
8
BLACK
6
CONTINUOUS
10
5.6155812598425197
20
-4.109034921259842
11
5.6152610629921256
21
-4.1093550787401574
0
LINE
8
BLACK
6
CONTINUOUS
10
5.6152610629921256
20
-4.1093550787401574
11
5.6063955905511813
21
-4.1195438188976379
0
LINE
8
BLACK
6
CONTINUOUS
10
5.6063955905511813
20
-4.1195438188976379
11
5.6064069685039373
21
-4.1195446456692917
0
LINE
8
BLACK
6
CONTINUOUS
10
5.6064069685039373
20
-4.1195446456692917
11
5.606918503937008
21
-4.1197928346456694
0
LINE
8
BLACK
6
CONTINUOUS
10
5.606918503937008
20
-4.1197928346456694
11
5.607267559055118
21
-4.1199374409448817
0
LINE
8
BLACK
6
CONTINUOUS
10
5.607267559055118
20
-4.1199374409448817
11
5.6073156692913386
21
-4.1199855511811023
0
LINE
8
BLACK
6
CONTINUOUS
10
5.6073156692913386
20
-4.1199855511811023
11
5.6106971259842515
21
-4.1216262992125987
0
LINE
8
BLACK
6
CONTINUOUS
10
5.6106971259842515
20
-4.1216262992125987
11
5.6109451181102363
21
-4.1217823622047245
0
LINE
8
BLACK
6
CONTINUOUS
10
5.6109451181102363
20
-4.1217823622047245
11
5.6110170866141731
21
-4.1218122047244092
0
LINE
8
BLACK
6
CONTINUOUS
10
5.6110170866141731
20
-4.1218122047244092
11
5.6110631496062995
21
-4.1218566929133855
0
LINE
8
BLACK
6
CONTINUOUS
10
5.6110631496062995
20
-4.1218566929133855
11
5.6111870078740154
21
-4.1219346456692909
0
LINE
8
BLACK
6
CONTINUOUS
10
5.6111870078740154
20
-4.1219346456692909
11
5.6114087401574801
21
-4.1221903149606298
0
LINE
8
BLACK
6
CONTINUOUS
10
5.6114087401574801
20
-4.1221903149606298
11
5.6133392913385824
21
-4.1240541732283464
0
LINE
8
BLACK
6
CONTINUOUS
10
5.6133392913385824
20
-4.1240541732283464
11
5.6135250393700789
21
-4.1242805118110235
0
LINE
8
BLACK
6
CONTINUOUS
10
5.6135250393700789
20
-4.1242805118110235
11
5.6135840551181104
21
-4.124331692913386
0
LINE
8
BLACK
6
CONTINUOUS
10
5.6135840551181104
20
-4.124331692913386
11
5.6136126771653538
21
-4.1243873228346457
0
LINE
8
BLACK
6
CONTINUOUS
10
5.6136126771653538
20
-4.1243873228346457
11
5.6137064960629921
21
-4.1245016141732282
0
LINE
8
BLACK
6
CONTINUOUS
10
5.6137064960629921
20
-4.1245016141732282
11
5.6138501574803152
21
-4.124848464566929
0
LINE
8
BLACK
6
CONTINUOUS
10
5.6138501574803152
20
-4.124848464566929
11
5.6157671653543302
21
-4.1285711023622049
0
LINE
8
BLACK
6
CONTINUOUS
10
5.6157671653543302
20
-4.1285711023622049
11
5.6159740551181105
21
-4.1291116929133853
0
LINE
8
BLACK
6
CONTINUOUS
10
5.6159740551181105
20
-4.1291116929133853
11
5.6159815748031496
21
-4.1292175590551183
0
LINE
8
BLACK
6
CONTINUOUS
10
5.6159815748031496
20
-4.1292175590551183
11
5.6160221653543303
21
-4.1293155511811026
0
LINE
8
BLACK
6
CONTINUOUS
10
5.6160221653543303
20
-4.1293155511811026
11
5.6160250787401571
21
-4.1298300787401576
0
LINE
8
BLACK
6
CONTINUOUS
10
5.6160250787401571
20
-4.1298300787401576
11
5.6160557086614169
21
-4.1302609055118111
0
LINE
8
BLACK
6
CONTINUOUS
10
5.6160557086614169
20
-4.1302609055118111
11
5.6160279921259839
21
-4.1303439370078738
0
LINE
8
BLACK
6
CONTINUOUS
10
5.6160279921259839
20
-4.1303439370078738
11
5.6160788976377951
21
-4.1392654330708663
0
LINE
8
BLACK
6
CONTINUOUS
10
5.6160788976377951
20
-4.1392654330708663
11
5.6160221653543303
21
-4.1398414960629921
0
LINE
8
BLACK
6
CONTINUOUS
10
5.6160221653543303
20
-4.1398414960629921
11
5.6159815748031496
21
-4.1399394488188976
0
LINE
8
BLACK
6
CONTINUOUS
10
5.6159815748031496
20
-4.1399394488188976
11
5.6159740551181105
21
-4.1400453543307085
0
LINE
8
BLACK
6
CONTINUOUS
10
5.6159740551181105
20
-4.1400453543307085
11
5.615725708661417
21
-4.140557086614173
0
LINE
8
BLACK
6
CONTINUOUS
10
5.615725708661417
20
-4.140557086614173
11
5.6155812598425197
21
-4.1409059055118114
0
LINE
8
BLACK
6
CONTINUOUS
10
5.6155812598425197
20
-4.1409059055118114
11
5.615533149606299
21
-4.1409539763779524
0
LINE
8
BLACK
6
CONTINUOUS
10
5.615533149606299
20
-4.1409539763779524
11
5.6138924015748026
21
-4.1443354724409449
0
LINE
8
BLACK
6
CONTINUOUS
10
5.6138924015748026
20
-4.1443354724409449
11
5.6137363385826768
21
-4.1445833464566926
0
LINE
8
BLACK
6
CONTINUOUS
10
5.6137363385826768
20
-4.1445833464566926
11
5.6137065354330709
21
-4.1446553937007877
0
LINE
8
BLACK
6
CONTINUOUS
10
5.6137065354330709
20
-4.1446553937007877
11
5.6136619685039371
21
-4.144701496062992
0
LINE
8
BLACK
6
CONTINUOUS
10
5.6136619685039371
20
-4.144701496062992
11
5.6135840551181104
21
-4.1448253543307088
0
LINE
8
BLACK
6
CONTINUOUS
10
5.6135840551181104
20
-4.1448253543307088
11
5.6133283858267715
21
-4.1450470472440948
0
LINE
8
BLACK
6
CONTINUOUS
10
5.6133283858267715
20
-4.1450470472440948
11
5.6114645669291336
21
-4.1469776377952758
0
LINE
8
BLACK
6
CONTINUOUS
10
5.6114645669291336
20
-4.1469776377952758
11
5.6112381889763778
21
-4.1471633858267714
0
LINE
8
BLACK
6
CONTINUOUS
10
5.6112381889763778
20
-4.1471633858267714
11
5.6111870078740154
21
-4.1472224409448817
0
LINE
8
BLACK
6
CONTINUOUS
10
5.6111870078740154
20
-4.1472224409448817
11
5.6111313385826769
21
-4.147251062992126
0
LINE
8
BLACK
6
CONTINUOUS
10
5.6111313385826769
20
-4.147251062992126
11
5.6110170866141731
21
-4.1473448818897634
0
LINE
8
BLACK
6
CONTINUOUS
10
5.6110170866141731
20
-4.1473448818897634
11
5.6106701968503936
21
-4.1474885433070865
0
LINE
8
BLACK
6
CONTINUOUS
10
5.6106701968503936
20
-4.1474885433070865
11
5.6069475984251964
21
-4.1494055511811023
0
LINE
8
BLACK
6
CONTINUOUS
10
5.6069475984251964
20
-4.1494055511811023
11
5.6064069685039373
21
-4.1496124409448818
0
LINE
8
BLACK
6
CONTINUOUS
10
5.6064069685039373
20
-4.1496124409448818
11
5.606301141732283
21
-4.1496199212598421
0
LINE
8
BLACK
6
CONTINUOUS
10
5.606301141732283
20
-4.1496199212598421
11
5.6062031496062987
21
-4.1496605511811024
0
LINE
8
BLACK
6
CONTINUOUS
10
5.6062031496062987
20
-4.1496605511811024
11
5.6056955511811024
21
-4.1496629527559055
0
LINE
8
BLACK
6
CONTINUOUS
10
5.6056955511811024
20
-4.1496629527559055
11
5.6052577559055115
21
-4.149694094488189
0
LINE
8
BLACK
6
CONTINUOUS
10
5.6052577559055115
20
-4.149694094488189
11
5.605171968503937
21
-4.1496654724409447
0
LINE
8
BLACK
6
CONTINUOUS
10
5.605171968503937
20
-4.1496654724409447
11
5.6042844094488187
21
-4.1496697244094491
0
LINE
8
BLACK
6
CONTINUOUS
10
5.6042844094488187
20
-4.1496697244094491
11
5.6224953937007873
21
-4.1591238188976378
0
LINE
8
BLACK
6
CONTINUOUS
10
5.6224953937007873
20
-4.1591238188976378
11
5.6405936220472439
21
-4.1496766535433069
0
LINE
8
BLACK
6
CONTINUOUS
10
5.6405936220472439
20
-4.1496766535433069
11
5.6374981102362201
21
-4.1497172834645673
0
LINE
8
BLACK
6
CONTINUOUS
10
5.6374981102362201
20
-4.1497172834645673
11
5.6369220472440942
21
-4.1496605511811024
0
LINE
8
BLACK
6
CONTINUOUS
10
5.6369220472440942
20
-4.1496605511811024
11
5.6368240551181099
21
-4.1496199606299209
0
LINE
8
BLACK
6
CONTINUOUS
10
5.6368240551181099
20
-4.1496199606299209
11
5.6367181889763778
21
-4.1496124409448818
0
LINE
8
BLACK
6
CONTINUOUS
10
5.6367181889763778
20
-4.1496124409448818
11
5.6362064173228346
21
-4.1493640944881891
0
LINE
8
BLACK
6
CONTINUOUS
10
5.6362064173228346
20
-4.1493640944881891
11
5.6358576377952758
21
-4.1492196456692909
0
LINE
8
BLACK
6
CONTINUOUS
10
5.6358576377952758
20
-4.1492196456692909
11
5.6358095275590552
21
-4.1491715354330712
0
LINE
8
BLACK
6
CONTINUOUS
10
5.6358095275590552
20
-4.1491715354330712
11
5.6324280708661414
21
-4.1475307874015748
0
LINE
8
BLACK
6
CONTINUOUS
10
5.6324280708661414
20
-4.1475307874015748
11
5.6321800393700787
21
-4.1473746850393702
0
LINE
8
BLACK
6
CONTINUOUS
10
5.6321800393700787
20
-4.1473746850393702
11
5.6321081102362207
21
-4.1473448818897634
0
LINE
8
BLACK
6
CONTINUOUS
10
5.6321081102362207
20
-4.1473448818897634
11
5.6320620078740156
21
-4.1473003543307083
0
LINE
8
BLACK
6
CONTINUOUS
10
5.6320620078740156
20
-4.1473003543307083
11
5.6319381889763775
21
-4.1472224409448817
0
LINE
8
BLACK
6
CONTINUOUS
10
5.6319381889763775
20
-4.1472224409448817
11
5.6317163779527561
21
-4.1469666535433074
0
LINE
8
BLACK
6
CONTINUOUS
10
5.6317163779527561
20
-4.1469666535433074
11
5.6297858661417326
21
-4.1451028346456695
0
LINE
8
BLACK
6
CONTINUOUS
10
5.6297858661417326
20
-4.1451028346456695
11
5.6296001181102362
21
-4.1448764960629925
0
LINE
8
BLACK
6
CONTINUOUS
10
5.6296001181102362
20
-4.1448764960629925
11
5.6295411417322834
21
-4.1448253543307088
0
LINE
8
BLACK
6
CONTINUOUS
10
5.6295411417322834
20
-4.1448253543307088
11
5.6295124803149603
21
-4.144769724409449
0
LINE
8
BLACK
6
CONTINUOUS
10
5.6295124803149603
20
-4.144769724409449
11
5.6294186614173229
21
-4.1446553937007877
0
LINE
8
BLACK
6
CONTINUOUS
10
5.6294186614173229
20
-4.1446553937007877
11
5.6292749606299211
21
-4.1443084645669295
0
LINE
8
BLACK
6
CONTINUOUS
10
5.6292749606299211
20
-4.1443084645669295
11
5.6273580314960627
21
-4.1405859448818898
0
LINE
8
BLACK
6
CONTINUOUS
10
5.6273580314960627
20
-4.1405859448818898
11
5.6273418897637795
21
-4.1405438188976378
0
LINE
8
BLACK
6
CONTINUOUS
10
5.6273418897637795
20
-4.1405438188976378
11
5.6273292125984247
21
-4.1405266929133857
0
LINE
8
BLACK
6
CONTINUOUS
10
5.6273292125984247
20
-4.1405266929133857
11
5.6273165748031495
21
-4.1404776771653546
0
LINE
8
BLACK
6
CONTINUOUS
10
5.6273165748031495
20
-4.1404776771653546
11
5.6271511417322833
21
-4.1400453149606298
0
LINE
8
BLACK
6
CONTINUOUS
10
5.6271511417322833
20
-4.1400453149606298
11
5.6271304330708656
21
-4.1397540944881888
0
LINE
8
BLACK
6
CONTINUOUS
10
5.6271304330708656
20
-4.1397540944881888
11
5.6252596850393699
21
-4.1324825196850394
0
LINE
8
BLACK
6
CONTINUOUS
10
5.6252596850393699
20
-4.1324825196850394
11
5.6252448818897633
21
-4.1323826377952759
0
LINE
8
BLACK
6
CONTINUOUS
10
5.6252448818897633
20
-4.1323826377952759
11
5.6252282677165351
21
-4.1323424409448819
0
LINE
8
BLACK
6
CONTINUOUS
10
5.6252282677165351
20
-4.1323424409448819
11
5.6252278346456688
21
-4.1322670472440945
0
LINE
8
BLACK
6
CONTINUOUS
10
5.6252278346456688
20
-4.1322670472440945
11
5.6251750393700783
21
-4.131909921259842
0
LINE
8
BLACK
6
CONTINUOUS
10
5.6251750393700783
20
-4.131909921259842
11
5.6252238976377953
21
-4.1315813385826772
0
LINE
8
BLACK
6
CONTINUOUS
10
5.6252238976377953
20
-4.1315813385826772
11
5.6251715354330711
21
-4.1223925590551183
0
LINE
8
BLACK
6
CONTINUOUS
10
5.6251715354330711
20
-4.1223925590551183
11
5.6251814173228345
21
-4.122292007874016
0
LINE
8
BLACK
6
CONTINUOUS
10
5.6251814173228345
20
-4.122292007874016
11
5.6251750393700783
21
-4.1222490157480314
0
LINE
8
BLACK
6
CONTINUOUS
10
5.6251750393700783
20
-4.1222490157480314
11
5.6251929133858267
21
-4.1221753149606295
0
LINE
8
BLACK
6
CONTINUOUS
10
5.6251929133858267
20
-4.1221753149606295
11
5.6252282677165351
21
-4.1218164960629924
0
LINE
8
BLACK
6
CONTINUOUS
10
5.6252282677165351
20
-4.1218164960629924
11
5.6253533070866144
21
-4.1215145669291342
0
LINE
8
BLACK
6
CONTINUOUS
10
5.6253533070866144
20
-4.1215145669291342
11
5.6271344488188975
21
-4.1141773622047246
0
LINE
8
BLACK
6
CONTINUOUS
10
5.6271344488188975
20
-4.1141773622047246
11
5.6271496062992128
21
-4.1141348425196851
0
LINE
8
BLACK
6
CONTINUOUS
10
5.6271496062992128
20
-4.1141348425196851
11
5.6271511417322833
21
-4.1141136220472436
0
LINE
8
BLACK
6
CONTINUOUS
10
5.6271511417322833
20
-4.1141136220472436
11
5.6271741732283465
21
-4.1140660629921255
0
LINE
8
BLACK
6
CONTINUOUS
10
5.6271741732283465
20
-4.1140660629921255
11
5.6273292125984247
21
-4.1136322440944877
0
LINE
8
BLACK
6
CONTINUOUS
10
5.6273292125984247
20
-4.1136322440944877
11
5.6274899999999999
21
-4.1134152362204723
0
LINE
8
BLACK
6
CONTINUOUS
10
5.6274899999999999
20
-4.1134152362204723
11
5.6292327952755903
21
-4.1098234645669294
0
LINE
8
BLACK
6
CONTINUOUS
10
5.6292327952755903
20
-4.1098234645669294
11
5.6293888582677161
21
-4.1095754330708658
0
LINE
8
BLACK
6
CONTINUOUS
10
5.6293888582677161
20
-4.1095754330708658
11
5.6294187007874017
21
-4.1095035039370078
0
LINE
8
BLACK
6
CONTINUOUS
10
5.6294187007874017
20
-4.1095035039370078
11
5.629463188976378
21
-4.1094574015748027
0
LINE
8
BLACK
6
CONTINUOUS
10
5.629463188976378
20
-4.1094574015748027
11
5.6295411417322834
21
-4.1093335826771655
0
LINE
8
BLACK
6
CONTINUOUS
10
5.6295411417322834
20
-4.1093335826771655
11
5.6297968110236223
21
-4.109111811023622
0
LINE
8
BLACK
6
CONTINUOUS
10
5.6297968110236223
20
-4.109111811023622
11
5.631660669291338
21
-4.1071812992125984
0
LINE
8
BLACK
6
CONTINUOUS
10
5.631660669291338
20
-4.1071812992125984
11
5.631887007874016
21
-4.1069955118110233
0
LINE
8
BLACK
6
CONTINUOUS
10
5.631887007874016
20
-4.1069955118110233
11
5.6319381889763775
21
-4.1069365354330705
0
LINE
8
BLACK
6
CONTINUOUS
10
5.6319381889763775
20
-4.1069365354330705
11
5.6319938188976373
21
-4.1069078740157483
0
LINE
8
BLACK
6
CONTINUOUS
10
5.6319938188976373
20
-4.1069078740157483
11
5.6321081102362207
21
-4.1068140944881888
0
LINE
8
BLACK
6
CONTINUOUS
10
5.6321081102362207
20
-4.1068140944881888
11
5.6324549606299215
21
-4.1066703937007869
0
LINE
8
BLACK
6
CONTINUOUS
10
5.6324549606299215
20
-4.1066703937007869
11
5.6361775984251965
21
-4.1047534251968507
0
LINE
8
BLACK
6
CONTINUOUS
10
5.6361775984251965
20
-4.1047534251968507
11
5.6367181889763778
21
-4.1045465354330704
0
LINE
8
BLACK
6
CONTINUOUS
10
5.6367181889763778
20
-4.1045465354330704
11
5.6368240551181099
21
-4.1045389763779525
0
LINE
8
BLACK
6
CONTINUOUS
10
5.6368240551181099
20
-4.1045389763779525
11
5.6369220472440942
21
-4.1044984251968506
0
LINE
8
BLACK
6
CONTINUOUS
10
5.6369220472440942
20
-4.1044984251968506
11
5.6375024015748032
21
-4.1044907874015744
0
LINE
8
BLACK
6
CONTINUOUS
10
5.6375024015748032
20
-4.1044907874015744
11
5.6378674015748027
21
-4.104464881889764
0
LINE
8
BLACK
6
CONTINUOUS
10
5.6378674015748027
20
-4.104464881889764
11
5.6379284251968507
21
-4.1044851968503933
0
LINE
8
BLACK
6
CONTINUOUS
10
5.6379284251968507
20
-4.1044851968503933
11
5.6412476377952752
21
-4.1044416929133858
0
LINE
8
BLACK
6
CONTINUOUS
10
5.6412476377952752
20
-4.1044416929133858
11
5.641823700787401
21
-4.1044984251968506
0
LINE
8
BLACK
6
CONTINUOUS
10
5.641823700787401
20
-4.1044984251968506
11
5.6419216929133853
21
-4.1045390157480313
0
LINE
8
BLACK
6
CONTINUOUS
10
5.6419216929133853
20
-4.1045390157480313
11
5.6420275196850396
21
-4.1045465354330704
0
LINE
8
BLACK
6
CONTINUOUS
10
5.6420275196850396
20
-4.1045465354330704
11
5.6420835039370081
21
-4.1045737007874017
0
LINE
8
BLACK
6
CONTINUOUS
10
5.6420835039370081
20
-4.1045737007874017
11
5.6420472440944884
21
-3.9391338582677164
0
LINE
8
BLACK
6
CONTINUOUS
10
5.6420472440944884
20
-3.9391338582677164
11
5.6421039763779524
21
-3.9385577952755906
0
LINE
8
BLACK
6
CONTINUOUS
10
5.6421039763779524
20
-3.9385577952755906
11
5.6425448818897639
21
-3.9374933858267718
0
LINE
8
BLACK
6
CONTINUOUS
10
5.6425448818897639
20
-3.9374933858267718
11
5.6433595275590553
21
-3.9366787401574803
0
LINE
8
BLACK
6
CONTINUOUS
10
5.6433595275590553
20
-3.9366787401574803
11
5.6444239370078737
21
-3.9362378346456692
0
LINE
8
BLACK
6
CONTINUOUS
10
5.6444239370078737
20
-3.9362378346456692
11
5.6455760629921254
21
-3.9362378346456692
0
LINE
8
BLACK
6
CONTINUOUS
10
5.6455760629921254
20
-3.9362378346456692
11
5.6466404724409447
21
-3.9366787401574803
0
LINE
8
BLACK
6
CONTINUOUS
10
5.6466404724409447
20
-3.9366787401574803
11
5.6474551181102361
21
-3.9374933858267718
0
LINE
8
BLACK
6
CONTINUOUS
10
5.6474551181102361
20
-3.9374933858267718
11
5.6478960236220468
21
-3.9385577952755906
0
LINE
8
BLACK
6
CONTINUOUS
10
5.6478960236220468
20
-3.9385577952755906
11
5.6479331889763777
21
-4.1080648818897636
0
LINE
8
BLACK
6
CONTINUOUS
10
5.6479331889763777
20
-4.1080648818897636
11
5.6489598425196847
21
-4.109056062992126
0
LINE
8
BLACK
6
CONTINUOUS
10
5.6489598425196847
20
-4.109056062992126
11
5.6491455905511812
21
-4.1092824015748031
0
LINE
8
BLACK
6
CONTINUOUS
10
5.6491455905511812
20
-4.1092824015748031
11
5.6492046062992127
21
-4.1093335826771655
0
LINE
8
BLACK
6
CONTINUOUS
10
5.6492046062992127
20
-4.1093335826771655
11
5.6492332283464561
21
-4.1093892125984253
0
LINE
8
BLACK
6
CONTINUOUS
10
5.6492332283464561
20
-4.1093892125984253
11
5.6493270472440944
21
-4.1095035039370078
0
LINE
8
BLACK
6
CONTINUOUS
10
5.6493270472440944
20
-4.1095035039370078
11
5.6494707086614175
21
-4.1098503543307086
0
LINE
8
BLACK
6
CONTINUOUS
10
5.6494707086614175
20
-4.1098503543307086
11
5.6513877165354334
21
-4.1135729921259845
0
LINE
8
BLACK
6
CONTINUOUS
10
5.6513877165354334
20
-4.1135729921259845
11
5.6514038188976379
21
-4.1136150787401577
0
LINE
8
BLACK
6
CONTINUOUS
10
5.6514038188976379
20
-4.1136150787401577
11
5.6514165354330705
21
-4.1136322440944877
0
LINE
8
BLACK
6
CONTINUOUS
10
5.6514165354330705
20
-4.1136322440944877
11
5.6514290944881891
21
-4.1136811811023621
0
LINE
8
BLACK
6
CONTINUOUS
10
5.6514290944881891
20
-4.1136811811023621
11
5.6515946062992128
21
-4.1141135826771649
0
LINE
8
BLACK
6
CONTINUOUS
10
5.6515946062992128
20
-4.1141135826771649
11
5.6516152755905509
21
-4.1144048031496059
0
LINE
8
BLACK
6
CONTINUOUS
10
5.6516152755905509
20
-4.1144048031496059
11
5.6534860629921262
21
-4.1216764173228349
0
LINE
8
BLACK
6
CONTINUOUS
10
5.6534860629921262
20
-4.1216764173228349
11
5.6535008267716531
21
-4.1217762598425196
0
LINE
8
BLACK
6
CONTINUOUS
10
5.6535008267716531
20
-4.1217762598425196
11
5.6535174803149602
21
-4.1218164960629924
0
LINE
8
BLACK
6
CONTINUOUS
10
5.6535174803149602
20
-4.1218164960629924
11
5.6535178740157477
21
-4.121891850393701
0
LINE
8
BLACK
6
CONTINUOUS
10
5.6535178740157477
20
-4.121891850393701
11
5.6535707086614169
21
-4.1222490157480314
0
LINE
8
BLACK
6
CONTINUOUS
10
5.6535707086614169
20
-4.1222490157480314
11
5.6535218110236221
21
-4.1225775590551184
0
LINE
8
BLACK
6
CONTINUOUS
10
5.6535218110236221
20
-4.1225775590551184
11
5.653574212598425
21
-4.131766377952756
0
LINE
8
BLACK
6
CONTINUOUS
10
5.653574212598425
20
-4.131766377952756
11
5.6535642913385828
21
-4.1318668897637796
0
LINE
8
BLACK
6
CONTINUOUS
10
5.6535642913385828
20
-4.1318668897637796
11
5.6535707086614169
21
-4.131909921259842
0
LINE
8
BLACK
6
CONTINUOUS
10
5.6535707086614169
20
-4.131909921259842
11
5.6535527952755906
21
-4.1319835826771651
0
LINE
8
BLACK
6
CONTINUOUS
10
5.6535527952755906
20
-4.1319835826771651
11
5.6535174803149602
21
-4.1323424409448819
0
LINE
8
BLACK
6
CONTINUOUS
10
5.6535174803149602
20
-4.1323424409448819
11
5.6533924015748029
21
-4.1326443307086613
0
LINE
8
BLACK
6
CONTINUOUS
10
5.6533924015748029
20
-4.1326443307086613
11
5.6516112992125986
21
-4.1399815748031497
0
LINE
8
BLACK
6
CONTINUOUS
10
5.6516112992125986
20
-4.1399815748031497
11
5.6515961023622046
21
-4.1400240551181104
0
LINE
8
BLACK
6
CONTINUOUS
10
5.6515961023622046
20
-4.1400240551181104
11
5.6515946062992128
21
-4.1400453543307085
0
LINE
8
BLACK
6
CONTINUOUS
10
5.6515946062992128
20
-4.1400453543307085
11
5.6515714566929134
21
-4.1400929921259841
0
LINE
8
BLACK
6
CONTINUOUS
10
5.6515714566929134
20
-4.1400929921259841
11
5.6514165354330705
21
-4.1405266929133857
0
LINE
8
BLACK
6
CONTINUOUS
10
5.6514165354330705
20
-4.1405266929133857
11
5.651255787401575
21
-4.1407436220472444
0
LINE
8
BLACK
6
CONTINUOUS
10
5.651255787401575
20
-4.1407436220472444
11
5.6495129527559058
21
-4.1443354724409449
0
LINE
8
BLACK
6
CONTINUOUS
10
5.6495129527559058
20
-4.1443354724409449
11
5.6493568897637791
21
-4.1445833464566926
0
LINE
8
BLACK
6
CONTINUOUS
10
5.6493568897637791
20
-4.1445833464566926
11
5.6493270866141732
21
-4.1446553937007877
0
LINE
8
BLACK
6
CONTINUOUS
10
5.6493270866141732
20
-4.1446553937007877
11
5.6492825196850394
21
-4.144701496062992
0
LINE
8
BLACK
6
CONTINUOUS
10
5.6492825196850394
20
-4.144701496062992
11
5.6492046062992127
21
-4.1448253543307088
0
LINE
8
BLACK
6
CONTINUOUS
10
5.6492046062992127
20
-4.1448253543307088
11
5.6489489370078738
21
-4.1450470472440948
0
LINE
8
BLACK
6
CONTINUOUS
10
5.6489489370078738
20
-4.1450470472440948
11
5.6479415354330706
21
-4.1460905118110238
0
LINE
8
BLACK
6
CONTINUOUS
10
5.6479415354330706
20
-4.1460905118110238
11
5.6479527559055116
21
-4.1972212598425198
0
LINE
8
BLACK
6
CONTINUOUS
10
5.6479527559055116
20
-4.1972212598425198
11
5.6478960236220468
21
-4.1977973228346457
0
LINE
8
BLACK
6
CONTINUOUS
10
5.6478960236220468
20
-4.1977973228346457
11
5.6474551181102361
21
-4.198861732283464
0
LINE
8
BLACK
6
CONTINUOUS
10
5.6474551181102361
20
-4.198861732283464
11
5.6466404724409447
21
-4.1996763779527555
0
LINE
8
BLACK
6
CONTINUOUS
10
5.6466404724409447
20
-4.1996763779527555
11
5.6455760629921254
21
-4.200117283464567
0
LINE
8
BLACK
6
CONTINUOUS
10
5.6455760629921254
20
-4.200117283464567
11
5.6447963779527557
21
-4.200117283464567
0
LINE
8
BLACK
6
CONTINUOUS
10
5.6447963779527557
20
-4.200117283464567
11
5.644672007874016
21
-4.2001564960629922
0
LINE
8
BLACK
6
CONTINUOUS
10
5.644672007874016
20
-4.2001564960629922
11
5.6435242913385828
21
-4.2000561023622049
0
LINE
8
BLACK
6
CONTINUOUS
10
5.6435242913385828
20
-4.2000561023622049
11
5.622504566929134
21
-4.1891438582677161
0
LINE
8
BLACK
6
CONTINUOUS
10
5.622504566929134
20
-4.1891438582677161
11
5.602012874015748
21
-4.1998404330708663
0
LINE
8
BLACK
6
CONTINUOUS
10
5.602012874015748
20
-4.1998404330708663
11
5.6014757086614173
21
-4.2000561023622049
0
LINE
8
BLACK
6
CONTINUOUS
10
5.6014757086614173
20
-4.2000561023622049
11
5.6003279921259841
21
-4.2001564960629922
0
LINE
8
BLACK
6
CONTINUOUS
10
5.6003279921259841
20
-4.2001564960629922
11
5.6002036220472435
21
-4.200117283464567
0
LINE
8
BLACK
6
CONTINUOUS
10
5.6002036220472435
20
-4.200117283464567
11
5.5994239370078738
21
-4.200117283464567
0
LINE
8
BLACK
6
CONTINUOUS
10
5.5994239370078738
20
-4.200117283464567
11
5.5983595275590554
21
-4.1996763779527555
0
LINE
8
BLACK
6
CONTINUOUS
10
5.5983595275590554
20
-4.1996763779527555
11
5.597544881889764
21
-4.198861732283464
0
LINE
8
BLACK
6
CONTINUOUS
10
5.597544881889764
20
-4.198861732283464
11
5.5971039763779524
21
-4.1977973228346457
0
LINE
8
BLACK
6
CONTINUOUS
10
5.5971039763779524
20
-4.1977973228346457
11
5.5970988582677164
21
-4.1745633858267714
0
LINE
8
BLACK
6
CONTINUOUS
10
5.5970988582677164
20
-4.1745633858267714
11
5.597064803149606
21
-4.17445531496063
0
LINE
8
BLACK
6
CONTINUOUS
10
5.597064803149606
20
-4.17445531496063
11
5.5970929133858265
21
-4.1741338582677168
0
LINE
8
BLACK
6
CONTINUOUS
10
5.5970929133858265
20
-4.1741338582677168
11
5.597064803149606
21
-4.1738124015748035
0
LINE
8
BLACK
6
CONTINUOUS
10
5.597064803149606
20
-4.1738124015748035
11
5.5970986614173226
21
-4.1737048818897637
0
LINE
8
BLACK
6
CONTINUOUS
10
5.5970986614173226
20
-4.1737048818897637
11
5.5970934251968503
21
-4.1497042125984249
0
LINE
8
BLACK
6
CONTINUOUS
10
5.5970934251968503
20
-4.1497042125984249
11
5.5943785039370075
21
-4.1497172834645673
0
LINE
8
BLACK
6
CONTINUOUS
10
5.5943785039370075
20
-4.1497172834645673
11
5.5938024409448817
21
-4.1496605511811024
0
LINE
8
BLACK
6
CONTINUOUS
10
5.5938024409448817
20
-4.1496605511811024
11
5.5937044488188974
21
-4.1496199606299209
0
LINE
8
BLACK
6
CONTINUOUS
10
5.5937044488188974
20
-4.1496199606299209
11
5.5935985826771653
21
-4.1496124409448818
0
LINE
8
BLACK
6
CONTINUOUS
10
5.5935985826771653
20
-4.1496124409448818
11
5.593086811023622
21
-4.1493640944881891
0
LINE
8
BLACK
6
CONTINUOUS
10
5.593086811023622
20
-4.1493640944881891
11
5.5927380314960633
21
-4.1492196456692909
0
LINE
8
BLACK
6
CONTINUOUS
10
5.5927380314960633
20
-4.1492196456692909
11
5.5926899212598427
21
-4.1491715354330712
0
LINE
8
BLACK
6
CONTINUOUS
10
5.5926899212598427
20
-4.1491715354330712
11
5.5893084645669289
21
-4.1475307874015748
0
LINE
8
BLACK
6
CONTINUOUS
10
5.5893084645669289
20
-4.1475307874015748
11
5.5890604330708662
21
-4.1473746850393702
0
LINE
8
BLACK
6
CONTINUOUS
10
5.5890604330708662
20
-4.1473746850393702
11
5.5889885039370082
21
-4.1473448818897634
0
LINE
8
BLACK
6
CONTINUOUS
10
5.5889885039370082
20
-4.1473448818897634
11
5.588942401574803
21
-4.1473003543307083
0
LINE
8
BLACK
6
CONTINUOUS
10
5.588942401574803
20
-4.1473003543307083
11
5.588818582677165
21
-4.1472224409448817
0
LINE
8
BLACK
6
CONTINUOUS
10
5.588818582677165
20
-4.1472224409448817
11
5.5885967716535427
21
-4.1469666535433074
0
LINE
8
BLACK
6
CONTINUOUS
10
5.5885967716535427
20
-4.1469666535433074
11
5.5866662598425192
21
-4.1451028346456695
0
LINE
8
BLACK
6
CONTINUOUS
10
5.5866662598425192
20
-4.1451028346456695
11
5.5862990551181104
21
-4.1446553937007877
0
LINE
8
BLACK
6
CONTINUOUS
10
5.5862990551181104
20
-4.1446553937007877
11
5.5858581889763776
21
-4.1435909842519685
0
LINE
8
BLACK
6
CONTINUOUS
10
5.5858581889763776
20
-4.1435909842519685
11
5.5858581889763776
21
-4.1424388976377955
0
LINE
8
BLACK
6
CONTINUOUS
10
5.5858581889763776
20
-4.1424388976377955
11
5.5862990944881892
21
-4.1413744881889762
0
LINE
8
BLACK
6
CONTINUOUS
10
5.5862990944881892
20
-4.1413744881889762
11
5.5871137795275585
21
-4.140559803149606
0
LINE
8
BLACK
6
CONTINUOUS
10
5.5871137795275585
20
-4.140559803149606
11
5.5881781889763777
21
-4.1401189370078741
0
LINE
8
BLACK
6
CONTINUOUS
10
5.5881781889763777
20
-4.1401189370078741
11
5.5893302755905507
21
-4.1401189370078741
0
LINE
8
BLACK
6
CONTINUOUS
10
5.5893302755905507
20
-4.1401189370078741
11
5.59039468503937
21
-4.1405598425196848
0
LINE
8
BLACK
6
CONTINUOUS
10
5.59039468503937
20
-4.1405598425196848
11
5.5924559055118106
21
-4.1425498818897637
0
LINE
8
BLACK
6
CONTINUOUS
10
5.5924559055118106
20
-4.1425498818897637
11
5.5951600393700787
21
-4.1438619685039368
0
LINE
8
BLACK
6
CONTINUOUS
10
5.5951600393700787
20
-4.1438619685039368
11
5.5970921259842514
21
-4.1438526771653539
0
LINE
8
BLACK
6
CONTINUOUS
10
5.5970921259842514
20
-4.1438526771653539
11
5.5970873622047241
21
-4.1221981496062989
0
LINE
8
BLACK
6
CONTINUOUS
10
5.5970873622047241
20
-4.1221981496062989
11
5.597074881889764
21
-4.1220104330708658
0
LINE
8
BLACK
6
CONTINUOUS
10
5.597074881889764
20
-4.1220104330708658
11
5.5970873228346454
21
-4.1219735433070861
0
LINE
8
BLACK
6
CONTINUOUS
10
5.5970873228346454
20
-4.1219735433070861
11
5.5970847637795273
21
-4.1103282283464564
0
LINE
8
BLACK
6
CONTINUOUS
10
5.5970847637795273
20
-4.1103282283464564
11
5.5887542125984249
21
-4.110347204724409
0
LINE
8
BLACK
6
CONTINUOUS
10
5.5887542125984249
20
-4.110347204724409
11
5.588178149606299
21
-4.110290472440945
0
LINE
8
BLACK
6
CONTINUOUS
10
5.588178149606299
20
-4.110290472440945
11
5.5871137401574797
21
-4.1098495669291335
0
LINE
8
BLACK
6
CONTINUOUS
10
5.5871137401574797
20
-4.1098495669291335
11
5.5862990944881892
21
-4.109034921259842
0
LINE
8
BLACK
6
CONTINUOUS
10
5.5862990944881892
20
-4.109034921259842
11
5.5858581889763776
21
-4.1079705118110237
0
LINE
8
BLACK
6
CONTINUOUS
10
5.5858581889763776
20
-4.1079705118110237
11
5.5858581889763776
21
-4.1068183858267719
0
LINE
8
BLACK
6
CONTINUOUS
10
5.5858581889763776
20
-4.1068183858267719
11
5.5862990944881892
21
-4.1057539763779527
0
LINE
8
BLACK
6
CONTINUOUS
10
5.5862990944881892
20
-4.1057539763779527
11
5.5871137401574797
21
-4.1049393307086612
0
LINE
8
BLACK
6
CONTINUOUS
10
5.5871137401574797
20
-4.1049393307086612
11
5.588178149606299
21
-4.1044984251968506
0
LINE
8
BLACK
6
CONTINUOUS
10
5.588178149606299
20
-4.1044984251968506
11
5.5970835039370082
21
-4.1044781496062992
0
LINE
8
BLACK
6
CONTINUOUS
10
5.5970835039370082
20
-4.1044781496062992
11
5.5970472440944885
21
-3.9391338582677164
0
LINE
8
BLACK
6
CONTINUOUS
10
5.5970472440944885
20
-3.9391338582677164
11
5.5971039763779524
21
-3.9385577952755906
0
LINE
8
BLACK
6
CONTINUOUS
10
5.5971039763779524
20
-3.9385577952755906
11
5.597544881889764
21
-3.9374933858267718
0
LINE
8
BLACK
6
CONTINUOUS
10
5.597544881889764
20
-3.9374933858267718
11
5.5983595275590554
21
-3.9366787401574803
0
LINE
8
BLACK
6
CONTINUOUS
10
5.5983595275590554
20
-3.9366787401574803
11
5.5994239370078738
21
-3.9362378346456692
0
LINE
8
BLACK
6
CONTINUOUS
10
5.5994239370078738
20
-3.9362378346456692
11
5.6005760629921255
21
-3.9362378346456692
0
LINE
8
BLACK
6
CONTINUOUS
10
5.6005760629921255
20
-3.9362378346456692
11
5.6016404724409448
21
-3.9366787401574803
0
LINE
8
BLACK
6
CONTINUOUS
10
5.6029517716535429
20
-4.1927519291338582
11
5.6161668897637798
21
-4.1858537007874013
0
LINE
8
BLACK
6
CONTINUOUS
10
5.6161668897637798
20
-4.1858537007874013
11
5.6029487401574798
21
-4.1789916141732286
0
LINE
8
BLACK
6
CONTINUOUS
10
5.6029487401574798
20
-4.1789916141732286
11
5.6029517716535429
21
-4.1927519291338582
0
LINE
8
BLACK
6
CONTINUOUS
10
5.6288348425196846
20
-4.185839488188976
11
5.6421028346456694
21
-4.1927274803149608
0
LINE
8
BLACK
6
CONTINUOUS
10
5.6421028346456694
20
-4.1927274803149608
11
5.6420998031496064
21
-4.1789152362204725
0
LINE
8
BLACK
6
CONTINUOUS
10
5.6420998031496064
20
-4.1789152362204725
11
5.6288348425196846
21
-4.185839488188976
0
LINE
8
BLACK
6
CONTINUOUS
10
5.6119459055118108
20
-4.1770717322834647
11
5.6224971653543303
21
-4.1825493307086612
0
LINE
8
BLACK
6
CONTINUOUS
10
5.6224971653543303
20
-4.1825493307086612
11
5.6330411023622045
21
-4.1770454724409447
0
LINE
8
BLACK
6
CONTINUOUS
10
5.6330411023622045
20
-4.1770454724409447
11
5.6119459055118108
21
-4.1770717322834647
0
LINE
8
BLACK
6
CONTINUOUS
10
5.611958858267716
20
-4.1712222047244092
11
5.6330540551181105
21
-4.17119594488189
0
LINE
8
BLACK
6
CONTINUOUS
10
5.6330540551181105
20
-4.17119594488189
11
5.6225027952755902
21
-4.1657183464566927
0
LINE
8
BLACK
6
CONTINUOUS
10
5.6225027952755902
20
-4.1657183464566927
11
5.611958858267716
21
-4.1712222047244092
0
LINE
8
BLACK
6
CONTINUOUS
10
5.602946614173228
20
-4.169328149606299
11
5.6161651181102359
21
-4.1624281889763779
0
LINE
8
BLACK
6
CONTINUOUS
10
5.6161651181102359
20
-4.1624281889763779
11
5.602943582677165
21
-4.1555643307086614
0
LINE
8
BLACK
6
CONTINUOUS
10
5.602943582677165
20
-4.1555643307086614
11
5.602946614173228
21
-4.169328149606299
0
LINE
8
BLACK
6
CONTINUOUS
10
5.6288330708661416
20
-4.1624139763779526
11
5.6420977165354333
21
-4.1693001968503935
0
LINE
8
BLACK
6
CONTINUOUS
10
5.6420977165354333
20
-4.1693001968503935
11
5.6420946850393703
21
-4.1554914960629921
0
LINE
8
BLACK
6
CONTINUOUS
10
5.6420946850393703
20
-4.1554914960629921
11
5.6288330708661416
21
-4.1624139763779526
0
LINE
8
BLACK
6
CONTINUOUS
10
5.6381201968503936
20
-4.1103390157480311
11
5.6354044094488192
21
-4.1117375196850396
0
LINE
8
BLACK
6
CONTINUOUS
10
5.6354044094488192
20
-4.1117375196850396
11
5.6342137007874014
21
-4.1129708661417324
0
LINE
8
BLACK
6
CONTINUOUS
10
5.6342137007874014
20
-4.1129708661417324
11
5.6326851181102358
21
-4.1161211417322834
0
LINE
8
BLACK
6
CONTINUOUS
10
5.6326851181102358
20
-4.1161211417322834
11
5.6310267716535432
21
-4.1229525590551184
0
LINE
8
BLACK
6
CONTINUOUS
10
5.6310267716535432
20
-4.1229525590551184
11
5.6310761023622042
21
-4.1316011023622048
0
LINE
8
BLACK
6
CONTINUOUS
10
5.6310761023622042
20
-4.1316011023622048
11
5.632832125984252
21
-4.1384267716535428
0
LINE
8
BLACK
6
CONTINUOUS
10
5.632832125984252
20
-4.1384267716535428
11
5.6343421653543304
21
-4.1413590944881893
0
LINE
8
BLACK
6
CONTINUOUS
10
5.6343421653543304
20
-4.1413590944881893
11
5.6355755118110231
21
-4.1425498818897637
0
LINE
8
BLACK
6
CONTINUOUS
10
5.6355755118110231
20
-4.1425498818897637
11
5.6382569685039368
21
-4.1438509842519684
0
LINE
8
BLACK
6
CONTINUOUS
10
5.6382569685039368
20
-4.1438509842519684
11
5.6406255118110238
21
-4.1438199212598423
0
LINE
8
BLACK
6
CONTINUOUS
10
5.6406255118110238
20
-4.1438199212598423
11
5.6420919685039372
21
-4.1430647244094487
0
LINE
8
BLACK
6
CONTINUOUS
10
5.6420919685039372
20
-4.1430647244094487
11
5.6420849212598423
21
-4.1110824803149608
0
LINE
8
BLACK
6
CONTINUOUS
10
5.6420849212598423
20
-4.1110824803149608
11
5.6404887401574806
21
-4.110307952755905
0
LINE
8
BLACK
6
CONTINUOUS
10
5.6404887401574806
20
-4.110307952755905
11
5.6381201968503936
21
-4.1103390157480311
0
LINE
8
BLACK
6
CONTINUOUS
10
5.6029369685039372
20
-4.1253184251968502
11
5.6029410236220469
21
-4.1438246062992121
0
LINE
8
BLACK
6
CONTINUOUS
10
5.6029410236220469
20
-4.1438246062992121
11
5.6050151181102361
21
-4.14381468503937
0
LINE
8
BLACK
6
CONTINUOUS
10
5.6050151181102361
20
-4.14381468503937
11
5.6077207086614171
21
-4.1424214173228346
0
LINE
8
BLACK
6
CONTINUOUS
10
5.6077207086614171
20
-4.1424214173228346
11
5.6089114960629924
21
-4.1411879921259844
0
LINE
8
BLACK
6
CONTINUOUS
10
5.6089114960629924
20
-4.1411879921259844
11
5.6102223622047243
21
-4.1384863779527556
0
LINE
8
BLACK
6
CONTINUOUS
10
5.6102223622047243
20
-4.1384863779527556
11
5.6101768503937004
21
-4.1305046456692915
0
LINE
8
BLACK
6
CONTINUOUS
10
5.6101768503937004
20
-4.1305046456692915
11
5.6087830314960625
21
-4.1277979133858267
0
LINE
8
BLACK
6
CONTINUOUS
10
5.6087830314960625
20
-4.1277979133858267
11
5.6075496850393698
21
-4.1266072047244098
0
LINE
8
BLACK
6
CONTINUOUS
10
5.6075496850393698
20
-4.1266072047244098
11
5.6048574803149602
21
-4.1253008661417319
0
LINE
8
BLACK
6
CONTINUOUS
10
5.6048574803149602
20
-4.1253008661417319
11
5.6029369685039372
21
-4.1253184251968502
0
LINE
8
BLACK
6
CONTINUOUS
10
5.6029336614173229
20
-4.1103149212598424
11
5.602934606299212
21
-4.1146088188976373
0
LINE
8
BLACK
6
CONTINUOUS
10
5.602934606299212
20
-4.1146088188976373
11
5.6066782677165357
21
-4.1103064173228345
0
LINE
8
BLACK
6
CONTINUOUS
10
5.6066782677165357
20
-4.1103064173228345
11
5.6029336614173229
21
-4.1103149212598424
0
LINE
8
BLACK
6
CONTINUOUS
10
5.4709276377952758
20
-4.1044984251968506
11
5.4712200393700785
21
-4.1044984251968506
0
LINE
8
BLACK
6
CONTINUOUS
10
5.4712200393700785
20
-4.1044984251968506
11
5.4714872834645671
21
-4.1046091338582675
0
LINE
8
BLACK
6
CONTINUOUS
10
5.4714872834645671
20
-4.1046091338582675
11
5.4717711023622044
21
-4.1046652755905511
0
LINE
8
BLACK
6
CONTINUOUS
10
5.4717711023622044
20
-4.1046652755905511
11
5.4720143700787398
21
-4.1048274409448817
0
LINE
8
BLACK
6
CONTINUOUS
10
5.4720143700787398
20
-4.1048274409448817
11
5.4722844488188978
21
-4.1049393307086612
0
LINE
8
BLACK
6
CONTINUOUS
10
5.4722844488188978
20
-4.1049393307086612
11
5.4724888976377954
21
-4.1051437795275589
0
LINE
8
BLACK
6
CONTINUOUS
10
5.4724888976377954
20
-4.1051437795275589
11
5.472729724409449
21
-4.1053043307086616
0
LINE
8
BLACK
6
CONTINUOUS
10
5.472729724409449
20
-4.1053043307086616
11
5.4728924409448814
21
-4.1055473228346457
0
LINE
8
BLACK
6
CONTINUOUS
10
5.4728924409448814
20
-4.1055473228346457
11
5.4730990944881892
21
-4.1057539763779527
0
LINE
8
BLACK
6
CONTINUOUS
10
5.4730990944881892
20
-4.1057539763779527
11
5.4732097637795274
21
-4.1060211811023617
0
LINE
8
BLACK
6
CONTINUOUS
10
5.4732097637795274
20
-4.1060211811023617
11
5.4733707874015751
21
-4.1062616141732287
0
LINE
8
BLACK
6
CONTINUOUS
10
5.4733707874015751
20
-4.1062616141732287
11
5.4734281102362203
21
-4.1065482677165352
0
LINE
8
BLACK
6
CONTINUOUS
10
5.4734281102362203
20
-4.1065482677165352
11
5.4735399999999998
21
-4.1068183858267719
0
LINE
8
BLACK
6
CONTINUOUS
10
5.4735399999999998
20
-4.1068183858267719
11
5.4735403937007874
21
-4.1071097244094483
0
LINE
8
BLACK
6
CONTINUOUS
10
5.4735403937007874
20
-4.1071097244094483
11
5.4735967322834647
21
-4.1073913385826772
0
LINE
8
BLACK
6
CONTINUOUS
10
5.4735967322834647
20
-4.1073913385826772
11
5.4735411811023624
21
-4.1076719685039373
0
LINE
8
BLACK
6
CONTINUOUS
10
5.4735411811023624
20
-4.1076719685039373
11
5.4735925590551178
21
-4.1438321653543309
0
LINE
8
BLACK
6
CONTINUOUS
10
5.4735925590551178
20
-4.1438321653543309
11
5.481892559055118
21
-4.1438117716535432
0
LINE
8
BLACK
6
CONTINUOUS
10
5.481892559055118
20
-4.1438117716535432
11
5.4824686220472438
21
-4.143868503937008
0
LINE
8
BLACK
6
CONTINUOUS
10
5.4824686220472438
20
-4.143868503937008
11
5.4835330314960631
21
-4.1443094094488186
0
LINE
8
BLACK
6
CONTINUOUS
10
5.4835330314960631
20
-4.1443094094488186
11
5.4843476771653545
21
-4.1451240551181101
0
LINE
8
BLACK
6
CONTINUOUS
10
5.4843476771653545
20
-4.1451240551181101
11
5.4847885826771652
21
-4.1461884645669294
0
LINE
8
BLACK
6
CONTINUOUS
10
5.4847885826771652
20
-4.1461884645669294
11
5.4847885826771652
21
-4.1473405905511811
0
LINE
8
BLACK
6
CONTINUOUS
10
5.4847885826771652
20
-4.1473405905511811
11
5.4843476771653545
21
-4.1484050000000003
0
LINE
8
BLACK
6
CONTINUOUS
10
5.4843476771653545
20
-4.1484050000000003
11
5.4835330314960631
21
-4.1492196456692909
0
LINE
8
BLACK
6
CONTINUOUS
10
5.4835330314960631
20
-4.1492196456692909
11
5.4824686220472438
21
-4.1496605511811024
0
LINE
8
BLACK
6
CONTINUOUS
10
5.4824686220472438
20
-4.1496605511811024
11
5.4593953937007873
21
-4.1497172834645673
0
LINE
8
BLACK
6
CONTINUOUS
10
5.4593953937007873
20
-4.1497172834645673
11
5.4588193307086614
21
-4.1496605511811024
0
LINE
8
BLACK
6
CONTINUOUS
10
5.4588193307086614
20
-4.1496605511811024
11
5.4577549212598422
21
-4.1492196456692909
0
LINE
8
BLACK
6
CONTINUOUS
10
5.4577549212598422
20
-4.1492196456692909
11
5.4569402755905507
21
-4.1484050000000003
0
LINE
8
BLACK
6
CONTINUOUS
10
5.4569402755905507
20
-4.1484050000000003
11
5.4564993700787401
21
-4.1473405905511811
0
LINE
8
BLACK
6
CONTINUOUS
10
5.4564993700787401
20
-4.1473405905511811
11
5.4564993700787401
21
-4.1461884645669294
0
LINE
8
BLACK
6
CONTINUOUS
10
5.4564993700787401
20
-4.1461884645669294
11
5.4569402755905507
21
-4.1451240551181101
0
LINE
8
BLACK
6
CONTINUOUS
10
5.4569402755905507
20
-4.1451240551181101
11
5.4577549212598422
21
-4.1443094094488186
0
LINE
8
BLACK
6
CONTINUOUS
10
5.4577549212598422
20
-4.1443094094488186
11
5.4588193307086614
21
-4.143868503937008
0
LINE
8
BLACK
6
CONTINUOUS
10
5.4588193307086614
20
-4.143868503937008
11
5.4677429527559056
21
-4.1438465354330711
0
LINE
8
BLACK
6
CONTINUOUS
10
5.4677429527559056
20
-4.1438465354330711
11
5.4677038976377954
21
-4.1163369291338583
0
LINE
8
BLACK
6
CONTINUOUS
10
5.4677038976377954
20
-4.1163369291338583
11
5.4652328346456693
21
-4.1188561811023625
0
LINE
8
BLACK
6
CONTINUOUS
10
5.4652328346456693
20
-4.1188561811023625
11
5.4650064566929135
21
-4.119041929133858
0
LINE
8
BLACK
6
CONTINUOUS
10
5.4650064566929135
20
-4.119041929133858
11
5.4649553149606298
21
-4.1191009448818896
0
LINE
8
BLACK
6
CONTINUOUS
10
5.4649553149606298
20
-4.1191009448818896
11
5.4648996456692913
21
-4.1191295669291339
0
LINE
8
BLACK
6
CONTINUOUS
10
5.4648996456692913
20
-4.1191295669291339
11
5.4647853937007875
21
-4.1192233858267713
0
LINE
8
BLACK
6
CONTINUOUS
10
5.4647853937007875
20
-4.1192233858267713
11
5.4644385826771655
21
-4.1193670078740157
0
LINE
8
BLACK
6
CONTINUOUS
10
5.4644385826771655
20
-4.1193670078740157
11
5.4607159055118109
21
-4.1212840551181102
0
LINE
8
BLACK
6
CONTINUOUS
10
5.4607159055118109
20
-4.1212840551181102
11
5.4601752755905508
21
-4.1214909448818897
0
LINE
8
BLACK
6
CONTINUOUS
10
5.4601752755905508
20
-4.1214909448818897
11
5.4590260629921259
21
-4.121572598425197
0
LINE
8
BLACK
6
CONTINUOUS
10
5.4590260629921259
20
-4.121572598425197
11
5.4579331102362207
21
-4.1212082677165354
0
LINE
8
BLACK
6
CONTINUOUS
10
5.4579331102362207
20
-4.1212082677165354
11
5.4570627165354333
21
-4.1204534251968505
0
LINE
8
BLACK
6
CONTINUOUS
10
5.4570627165354333
20
-4.1204534251968505
11
5.4565474803149607
21
-4.1194229133858267
0
LINE
8
BLACK
6
CONTINUOUS
10
5.4565474803149607
20
-4.1194229133858267
11
5.4564658267716535
21
-4.1182737007874017
0
LINE
8
BLACK
6
CONTINUOUS
10
5.4564658267716535
20
-4.1182737007874017
11
5.4568301574803151
21
-4.1171807480314957
0
LINE
8
BLACK
6
CONTINUOUS
10
5.4568301574803151
20
-4.1171807480314957
11
5.4575849999999999
21
-4.1163103543307082
0
LINE
8
BLACK
6
CONTINUOUS
10
5.4575849999999999
20
-4.1163103543307082
11
5.4615148425196853
21
-4.1142866141732286
0
LINE
8
BLACK
6
CONTINUOUS
10
5.4615148425196853
20
-4.1142866141732286
11
5.4647720866141727
21
-4.1109659055118106
0
LINE
8
BLACK
6
CONTINUOUS
10
5.4647720866141727
20
-4.1109659055118106
11
5.4681871259842518
21
-4.1057565354330707
0
LINE
8
BLACK
6
CONTINUOUS
10
5.4681871259842518
20
-4.1057565354330707
11
5.4681884645669294
21
-4.1057548425196853
0
LINE
8
BLACK
6
CONTINUOUS
10
5.4681884645669294
20
-4.1057548425196853
11
5.4681888582677161
21
-4.1057539763779527
0
LINE
8
BLACK
6
CONTINUOUS
10
5.4681888582677161
20
-4.1057539763779527
11
5.4681908661417324
21
-4.1057519291338584
0
LINE
8
BLACK
6
CONTINUOUS
10
5.4681908661417324
20
-4.1057519291338584
11
5.4685538976377952
21
-4.1053087007874014
0
LINE
8
BLACK
6
CONTINUOUS
10
5.4685538976377952
20
-4.1053087007874014
11
5.4687967716535431
21
-4.1051460236220469
0
LINE
8
BLACK
6
CONTINUOUS
10
5.4687967716535431
20
-4.1051460236220469
11
5.4690035039370075
21
-4.1049393307086612
0
LINE
8
BLACK
6
CONTINUOUS
10
5.4690035039370075
20
-4.1049393307086612
11
5.4692707874015749
21
-4.1048285826771655
0
LINE
8
BLACK
6
CONTINUOUS
10
5.4692707874015749
20
-4.1048285826771655
11
5.4695111811023622
21
-4.1046676377952753
0
LINE
8
BLACK
6
CONTINUOUS
10
5.4695111811023622
20
-4.1046676377952753
11
5.4697977952755901
21
-4.1046102755905514
0
LINE
8
BLACK
6
CONTINUOUS
10
5.4697977952755901
20
-4.1046102755905514
11
5.4700679133858268
21
-4.1044984251968506
0
LINE
8
BLACK
6
CONTINUOUS
10
5.4700679133858268
20
-4.1044984251968506
11
5.4703572047244089
21
-4.1044984251968506
0
LINE
8
BLACK
6
CONTINUOUS
10
5.4703572047244089
20
-4.1044984251968506
11
5.4706408661417321
21
-4.1044416929133858
0
LINE
8
BLACK
6
CONTINUOUS
10
5.4706408661417321
20
-4.1044416929133858
11
5.4709276377952758
21
-4.1044984251968506
0
LINE
8
BLACK
6
CONTINUOUS
10
5.5271705905511812
20
-4.1044984251968506
11
5.5274629921259839
21
-4.1044984251968506
0
LINE
8
BLACK
6
CONTINUOUS
10
5.5274629921259839
20
-4.1044984251968506
11
5.5277302362204725
21
-4.1046091338582675
0
LINE
8
BLACK
6
CONTINUOUS
10
5.5277302362204725
20
-4.1046091338582675
11
5.5280140551181098
21
-4.1046652755905511
0
LINE
8
BLACK
6
CONTINUOUS
10
5.5280140551181098
20
-4.1046652755905511
11
5.5282573228346452
21
-4.1048274409448817
0
LINE
8
BLACK
6
CONTINUOUS
10
5.5282573228346452
20
-4.1048274409448817
11
5.5285274015748032
21
-4.1049393307086612
0
LINE
8
BLACK
6
CONTINUOUS
10
5.5285274015748032
20
-4.1049393307086612
11
5.5287318503937009
21
-4.1051437795275589
0
LINE
8
BLACK
6
CONTINUOUS
10
5.5287318503937009
20
-4.1051437795275589
11
5.5289726771653545
21
-4.1053043307086616
0
LINE
8
BLACK
6
CONTINUOUS
10
5.5289726771653545
20
-4.1053043307086616
11
5.5291353937007877
21
-4.1055473228346457
0
LINE
8
BLACK
6
CONTINUOUS
10
5.5291353937007877
20
-4.1055473228346457
11
5.5293420472440946
21
-4.1057539763779527
0
LINE
8
BLACK
6
CONTINUOUS
10
5.5293420472440946
20
-4.1057539763779527
11
5.5294527165354328
21
-4.1060211811023617
0
LINE
8
BLACK
6
CONTINUOUS
10
5.5294527165354328
20
-4.1060211811023617
11
5.5296137401574805
21
-4.1062616141732287
0
LINE
8
BLACK
6
CONTINUOUS
10
5.5296137401574805
20
-4.1062616141732287
11
5.5296710629921257
21
-4.1065482677165352
0
LINE
8
BLACK
6
CONTINUOUS
10
5.5296710629921257
20
-4.1065482677165352
11
5.5297829527559053
21
-4.1068183858267719
0
LINE
8
BLACK
6
CONTINUOUS
10
5.5297829527559053
20
-4.1068183858267719
11
5.5297833464566928
21
-4.1071097244094483
0
LINE
8
BLACK
6
CONTINUOUS
10
5.5297833464566928
20
-4.1071097244094483
11
5.5298396850393701
21
-4.1073913385826772
0
LINE
8
BLACK
6
CONTINUOUS
10
5.5298396850393701
20
-4.1073913385826772
11
5.5297841338582678
21
-4.1076719685039373
0
LINE
8
BLACK
6
CONTINUOUS
10
5.5297841338582678
20
-4.1076719685039373
11
5.5298355118110232
21
-4.1438321653543309
0
LINE
8
BLACK
6
CONTINUOUS
10
5.5298355118110232
20
-4.1438321653543309
11
5.5381355118110234
21
-4.1438117716535432
0
LINE
8
BLACK
6
CONTINUOUS
10
5.5381355118110234
20
-4.1438117716535432
11
5.5387115748031492
21
-4.143868503937008
0
LINE
8
BLACK
6
CONTINUOUS
10
5.5387115748031492
20
-4.143868503937008
11
5.5397759842519685
21
-4.1443094094488186
0
LINE
8
BLACK
6
CONTINUOUS
10
5.5397759842519685
20
-4.1443094094488186
11
5.5405906299212599
21
-4.1451240551181101
0
LINE
8
BLACK
6
CONTINUOUS
10
5.5405906299212599
20
-4.1451240551181101
11
5.5410315354330706
21
-4.1461884645669294
0
LINE
8
BLACK
6
CONTINUOUS
10
5.5410315354330706
20
-4.1461884645669294
11
5.5410315354330706
21
-4.1473405905511811
0
LINE
8
BLACK
6
CONTINUOUS
10
5.5410315354330706
20
-4.1473405905511811
11
5.5405906299212599
21
-4.1484050000000003
0
LINE
8
BLACK
6
CONTINUOUS
10
5.5405906299212599
20
-4.1484050000000003
11
5.5397759842519685
21
-4.1492196456692909
0
LINE
8
BLACK
6
CONTINUOUS
10
5.5397759842519685
20
-4.1492196456692909
11
5.5387115748031492
21
-4.1496605511811024
0
LINE
8
BLACK
6
CONTINUOUS
10
5.5387115748031492
20
-4.1496605511811024
11
5.5156383464566927
21
-4.1497172834645673
0
LINE
8
BLACK
6
CONTINUOUS
10
5.5156383464566927
20
-4.1497172834645673
11
5.5150622834645668
21
-4.1496605511811024
0
LINE
8
BLACK
6
CONTINUOUS
10
5.5150622834645668
20
-4.1496605511811024
11
5.5139978740157476
21
-4.1492196456692909
0
LINE
8
BLACK
6
CONTINUOUS
10
5.5139978740157476
20
-4.1492196456692909
11
5.5131832283464561
21
-4.1484050000000003
0
LINE
8
BLACK
6
CONTINUOUS
10
5.5131832283464561
20
-4.1484050000000003
11
5.5127423228346455
21
-4.1473405905511811
0
LINE
8
BLACK
6
CONTINUOUS
10
5.5127423228346455
20
-4.1473405905511811
11
5.5127423228346455
21
-4.1461884645669294
0
LINE
8
BLACK
6
CONTINUOUS
10
5.5127423228346455
20
-4.1461884645669294
11
5.5131832283464561
21
-4.1451240551181101
0
LINE
8
BLACK
6
CONTINUOUS
10
5.5131832283464561
20
-4.1451240551181101
11
5.5139978740157476
21
-4.1443094094488186
0
LINE
8
BLACK
6
CONTINUOUS
10
5.5139978740157476
20
-4.1443094094488186
11
5.5150622834645668
21
-4.143868503937008
0
LINE
8
BLACK
6
CONTINUOUS
10
5.5150622834645668
20
-4.143868503937008
11
5.523985905511811
21
-4.1438465354330711
0
LINE
8
BLACK
6
CONTINUOUS
10
5.523985905511811
20
-4.1438465354330711
11
5.5239468503937008
21
-4.1163369291338583
0
LINE
8
BLACK
6
CONTINUOUS
10
5.5239468503937008
20
-4.1163369291338583
11
5.5214757874015747
21
-4.1188561811023625
0
LINE
8
BLACK
6
CONTINUOUS
10
5.5214757874015747
20
-4.1188561811023625
11
5.5212494094488189
21
-4.119041929133858
0
LINE
8
BLACK
6
CONTINUOUS
10
5.5212494094488189
20
-4.119041929133858
11
5.5211982677165352
21
-4.1191009448818896
0
LINE
8
BLACK
6
CONTINUOUS
10
5.5211982677165352
20
-4.1191009448818896
11
5.5211425984251967
21
-4.1191295669291339
0
LINE
8
BLACK
6
CONTINUOUS
10
5.5211425984251967
20
-4.1191295669291339
11
5.5210283464566929
21
-4.1192233858267713
0
LINE
8
BLACK
6
CONTINUOUS
10
5.5210283464566929
20
-4.1192233858267713
11
5.5206815354330709
21
-4.1193670078740157
0
LINE
8
BLACK
6
CONTINUOUS
10
5.5206815354330709
20
-4.1193670078740157
11
5.5169588582677163
21
-4.1212840551181102
0
LINE
8
BLACK
6
CONTINUOUS
10
5.5169588582677163
20
-4.1212840551181102
11
5.5164182283464562
21
-4.1214909448818897
0
LINE
8
BLACK
6
CONTINUOUS
10
5.5164182283464562
20
-4.1214909448818897
11
5.5152690157480313
21
-4.121572598425197
0
LINE
8
BLACK
6
CONTINUOUS
10
5.5152690157480313
20
-4.121572598425197
11
5.5141760629921261
21
-4.1212082677165354
0
LINE
8
BLACK
6
CONTINUOUS
10
5.5141760629921261
20
-4.1212082677165354
11
5.5133056692913387
21
-4.1204534251968505
0
LINE
8
BLACK
6
CONTINUOUS
10
5.5133056692913387
20
-4.1204534251968505
11
5.5127904330708661
21
-4.1194229133858267
0
LINE
8
BLACK
6
CONTINUOUS
10
5.5127904330708661
20
-4.1194229133858267
11
5.5127087795275589
21
-4.1182737007874017
0
LINE
8
BLACK
6
CONTINUOUS
10
5.5127087795275589
20
-4.1182737007874017
11
5.5130731102362205
21
-4.1171807480314957
0
LINE
8
BLACK
6
CONTINUOUS
10
5.5130731102362205
20
-4.1171807480314957
11
5.5138279527559053
21
-4.1163103543307082
0
LINE
8
BLACK
6
CONTINUOUS
10
5.5138279527559053
20
-4.1163103543307082
11
5.5177577952755907
21
-4.1142866141732286
0
LINE
8
BLACK
6
CONTINUOUS
10
5.5177577952755907
20
-4.1142866141732286
11
5.521015039370079
21
-4.1109659055118106
0
LINE
8
BLACK
6
CONTINUOUS
10
5.521015039370079
20
-4.1109659055118106
11
5.5244300787401572
21
-4.1057565354330707
0
LINE
8
BLACK
6
CONTINUOUS
10
5.5244300787401572
20
-4.1057565354330707
11
5.5244314173228348
21
-4.1057548425196853
0
LINE
8
BLACK
6
CONTINUOUS
10
5.5244314173228348
20
-4.1057548425196853
11
5.5244318110236224
21
-4.1057539763779527
0
LINE
8
BLACK
6
CONTINUOUS
10
5.5244318110236224
20
-4.1057539763779527
11
5.5244338188976378
21
-4.1057519291338584
0
LINE
8
BLACK
6
CONTINUOUS
10
5.5244338188976378
20
-4.1057519291338584
11
5.5247968503937006
21
-4.1053087007874014
0
LINE
8
BLACK
6
CONTINUOUS
10
5.5247968503937006
20
-4.1053087007874014
11
5.5250397244094485
21
-4.1051460236220469
0
LINE
8
BLACK
6
CONTINUOUS
10
5.5250397244094485
20
-4.1051460236220469
11
5.5252464566929129
21
-4.1049393307086612
0
LINE
8
BLACK
6
CONTINUOUS
10
5.5252464566929129
20
-4.1049393307086612
11
5.5255137401574803
21
-4.1048285826771655
0
LINE
8
BLACK
6
CONTINUOUS
10
5.5255137401574803
20
-4.1048285826771655
11
5.5257541338582676
21
-4.1046676377952753
0
LINE
8
BLACK
6
CONTINUOUS
10
5.5257541338582676
20
-4.1046676377952753
11
5.5260407480314964
21
-4.1046102755905514
0
LINE
8
BLACK
6
CONTINUOUS
10
5.5260407480314964
20
-4.1046102755905514
11
5.5263108661417322
21
-4.1044984251968506
0
LINE
8
BLACK
6
CONTINUOUS
10
5.5263108661417322
20
-4.1044984251968506
11
5.5266001574803152
21
-4.1044984251968506
0
LINE
8
BLACK
6
CONTINUOUS
10
5.5266001574803152
20
-4.1044984251968506
11
5.5268838188976375
21
-4.1044416929133858
0
LINE
8
BLACK
6
CONTINUOUS
10
5.5268838188976375
20
-4.1044416929133858
11
5.5271705905511812
21
-4.1044984251968506
0
LINE
8
BLACK
6
CONTINUOUS
10
5.4996855905511808
20
-4.1402614566929135
11
5.5004059055118111
21
-4.140559803149606
0
LINE
8
BLACK
6
CONTINUOUS
10
5.5004059055118111
20
-4.140559803149606
11
5.5004059448818898
21
-4.1405598425196848
0
LINE
8
BLACK
6
CONTINUOUS
10
5.5004059448818898
20
-4.1405598425196848
11
5.5027281496062992
21
-4.1428018503937007
0
LINE
8
BLACK
6
CONTINUOUS
10
5.5027281496062992
20
-4.1428018503937007
11
5.5030953937007876
21
-4.1432493307086613
0
LINE
8
BLACK
6
CONTINUOUS
10
5.5030953937007876
20
-4.1432493307086613
11
5.5035344488188978
21
-4.1443094094488186
0
LINE
8
BLACK
6
CONTINUOUS
10
5.5035344488188978
20
-4.1443094094488186
11
5.5035362598425195
21
-4.1443137401574806
0
LINE
8
BLACK
6
CONTINUOUS
10
5.5035362598425195
20
-4.1443137401574806
11
5.5035362598425195
21
-4.1454658267716535
0
LINE
8
BLACK
6
CONTINUOUS
10
5.5035362598425195
20
-4.1454658267716535
11
5.5030953543307088
21
-4.1465302362204728
0
LINE
8
BLACK
6
CONTINUOUS
10
5.5030953543307088
20
-4.1465302362204728
11
5.5008533858267716
21
-4.1488524409448821
0
LINE
8
BLACK
6
CONTINUOUS
10
5.5008533858267716
20
-4.1488524409448821
11
5.5004059448818898
21
-4.1492196456692909
0
LINE
8
BLACK
6
CONTINUOUS
10
5.5004059448818898
20
-4.1492196456692909
11
5.4993415354330706
21
-4.1496605511811024
0
LINE
8
BLACK
6
CONTINUOUS
10
5.4993415354330706
20
-4.1496605511811024
11
5.4993414960629918
21
-4.1496605511811024
0
LINE
8
BLACK
6
CONTINUOUS
10
5.4993414960629918
20
-4.1496605511811024
11
5.4981894488188976
21
-4.1496605511811024
0
LINE
8
BLACK
6
CONTINUOUS
10
5.4981894488188976
20
-4.1496605511811024
11
5.4981894094488188
21
-4.1496605511811024
0
LINE
8
BLACK
6
CONTINUOUS
10
5.4981894094488188
20
-4.1496605511811024
11
5.4971249999999996
21
-4.1492196456692909
0
LINE
8
BLACK
6
CONTINUOUS
10
5.4971249999999996
20
-4.1492196456692909
11
5.4948027952755902
21
-4.1469776771653546
0
LINE
8
BLACK
6
CONTINUOUS
10
5.4948027952755902
20
-4.1469776771653546
11
5.4944355905511806
21
-4.1465302362204728
0
LINE
8
BLACK
6
CONTINUOUS
10
5.4944355905511806
20
-4.1465302362204728
11
5.494192992125984
21
-4.1459445275590552
0
LINE
8
BLACK
6
CONTINUOUS
10
5.494192992125984
20
-4.1459445275590552
11
5.4939946850393699
21
-4.1454658267716535
0
LINE
8
BLACK
6
CONTINUOUS
10
5.4939946850393699
20
-4.1454658267716535
11
5.4939946850393699
21
-4.1443137401574806
0
LINE
8
BLACK
6
CONTINUOUS
10
5.4939946850393699
20
-4.1443137401574806
11
5.4944355511811018
21
-4.1432493307086613
0
LINE
8
BLACK
6
CONTINUOUS
10
5.4944355511811018
20
-4.1432493307086613
11
5.496677519685039
21
-4.1409270866141732
0
LINE
8
BLACK
6
CONTINUOUS
10
5.496677519685039
20
-4.1409270866141732
11
5.4971249999999996
21
-4.1405598425196848
0
LINE
8
BLACK
6
CONTINUOUS
10
5.4971249999999996
20
-4.1405598425196848
11
5.4971250393700783
21
-4.140559803149606
0
LINE
8
BLACK
6
CONTINUOUS
10
5.4971250393700783
20
-4.140559803149606
11
5.4978453543307086
21
-4.1402614566929135
0
LINE
8
BLACK
6
CONTINUOUS
10
5.4978453543307086
20
-4.1402614566929135
11
5.4981894094488188
21
-4.1401189370078741
0
LINE
8
BLACK
6
CONTINUOUS
10
5.4981894094488188
20
-4.1401189370078741
11
5.4993414960629918
21
-4.1401189370078741
0
LINE
8
BLACK
6
CONTINUOUS
10
5.4993414960629918
20
-4.1401189370078741
11
5.4993415354330706
21
-4.1401189370078741
0
LINE
8
BLACK
6
CONTINUOUS
10
5.4993415354330706
20
-4.1401189370078741
11
5.4996855905511808
21
-4.1402614566929135
0
LINE
8
BLACK
6
CONTINUOUS
10
5.5639697637795278
20
-4.1029544488188971
11
5.5648401574803152
21
-4.1037093307086616
0
LINE
8
BLACK
6
CONTINUOUS
10
5.5648401574803152
20
-4.1037093307086616
11
5.5653553543307082
21
-4.1047398031496058
0
LINE
8
BLACK
6
CONTINUOUS
10
5.5653553543307082
20
-4.1047398031496058
11
5.5654370472440942
21
-4.1058890157480317
0
LINE
8
BLACK
6
CONTINUOUS
10
5.5654370472440942
20
-4.1058890157480317
11
5.5572069685039365
21
-4.1307345275590555
0
LINE
8
BLACK
6
CONTINUOUS
10
5.5572069685039365
20
-4.1307345275590555
11
5.5689500787401576
21
-4.1307078346456692
0
LINE
8
BLACK
6
CONTINUOUS
10
5.5689500787401576
20
-4.1307078346456692
11
5.5689285433070861
21
-4.1205177952755907
0
LINE
8
BLACK
6
CONTINUOUS
10
5.5689285433070861
20
-4.1205177952755907
11
5.5689852755905509
21
-4.1199417322834648
0
LINE
8
BLACK
6
CONTINUOUS
10
5.5689852755905509
20
-4.1199417322834648
11
5.5694261811023624
21
-4.1188773228346456
0
LINE
8
BLACK
6
CONTINUOUS
10
5.5694261811023624
20
-4.1188773228346456
11
5.570240826771653
21
-4.1180626771653541
0
LINE
8
BLACK
6
CONTINUOUS
10
5.570240826771653
20
-4.1180626771653541
11
5.5713052362204722
21
-4.1176217716535435
0
LINE
8
BLACK
6
CONTINUOUS
10
5.5713052362204722
20
-4.1176217716535435
11
5.572457362204724
21
-4.1176217716535435
0
LINE
8
BLACK
6
CONTINUOUS
10
5.572457362204724
20
-4.1176217716535435
11
5.5735217716535432
21
-4.1180626771653541
0
LINE
8
BLACK
6
CONTINUOUS
10
5.5735217716535432
20
-4.1180626771653541
11
5.5743364173228347
21
-4.1188773228346456
0
LINE
8
BLACK
6
CONTINUOUS
10
5.5743364173228347
20
-4.1188773228346456
11
5.5747773228346453
21
-4.1199417322834648
0
LINE
8
BLACK
6
CONTINUOUS
10
5.5747773228346453
20
-4.1199417322834648
11
5.5748000393700785
21
-4.1306945275590552
0
LINE
8
BLACK
6
CONTINUOUS
10
5.5748000393700785
20
-4.1306945275590552
11
5.5775055905511808
21
-4.1306883858267716
0
LINE
8
BLACK
6
CONTINUOUS
10
5.5775055905511808
20
-4.1306883858267716
11
5.5780816535433067
21
-4.1307451181102364
0
LINE
8
BLACK
6
CONTINUOUS
10
5.5780816535433067
20
-4.1307451181102364
11
5.5791460629921259
21
-4.131186023622047
0
LINE
8
BLACK
6
CONTINUOUS
10
5.5791460629921259
20
-4.131186023622047
11
5.5799607086614174
21
-4.1320006692913385
0
LINE
8
BLACK
6
CONTINUOUS
10
5.5799607086614174
20
-4.1320006692913385
11
5.580401614173228
21
-4.1330650787401577
0
LINE
8
BLACK
6
CONTINUOUS
10
5.580401614173228
20
-4.1330650787401577
11
5.580401614173228
21
-4.1342172047244095
0
LINE
8
BLACK
6
CONTINUOUS
10
5.580401614173228
20
-4.1342172047244095
11
5.5799607086614174
21
-4.1352816141732278
0
LINE
8
BLACK
6
CONTINUOUS
10
5.5799607086614174
20
-4.1352816141732278
11
5.5791460629921259
21
-4.1360962598425193
0
LINE
8
BLACK
6
CONTINUOUS
10
5.5791460629921259
20
-4.1360962598425193
11
5.5780816535433067
21
-4.1365371653543308
0
LINE
8
BLACK
6
CONTINUOUS
10
5.5780816535433067
20
-4.1365371653543308
11
5.5748124015748033
21
-4.1365445669291336
0
LINE
8
BLACK
6
CONTINUOUS
10
5.5748124015748033
20
-4.1365445669291336
11
5.5748340551181101
21
-4.1467645275590552
0
LINE
8
BLACK
6
CONTINUOUS
10
5.5748340551181101
20
-4.1467645275590552
11
5.5747773228346453
21
-4.1473405905511811
0
LINE
8
BLACK
6
CONTINUOUS
10
5.5747773228346453
20
-4.1473405905511811
11
5.5743364173228347
21
-4.1484050000000003
0
LINE
8
BLACK
6
CONTINUOUS
10
5.5743364173228347
20
-4.1484050000000003
11
5.5735217716535432
21
-4.1492196456692909
0
LINE
8
BLACK
6
CONTINUOUS
10
5.5735217716535432
20
-4.1492196456692909
11
5.572457362204724
21
-4.1496605511811024
0
LINE
8
BLACK
6
CONTINUOUS
10
5.572457362204724
20
-4.1496605511811024
11
5.5713052362204722
21
-4.1496605511811024
0
LINE
8
BLACK
6
CONTINUOUS
10
5.5713052362204722
20
-4.1496605511811024
11
5.570240826771653
21
-4.1492196456692909
0
LINE
8
BLACK
6
CONTINUOUS
10
5.570240826771653
20
-4.1492196456692909
11
5.5694261811023624
21
-4.1484050000000003
0
LINE
8
BLACK
6
CONTINUOUS
10
5.5694261811023624
20
-4.1484050000000003
11
5.5689852755905509
21
-4.1473405905511811
0
LINE
8
BLACK
6
CONTINUOUS
10
5.5689852755905509
20
-4.1473405905511811
11
5.5689624409448815
21
-4.1365578740157476
0
LINE
8
BLACK
6
CONTINUOUS
10
5.5689624409448815
20
-4.1365578740157476
11
5.5531336614173226
21
-4.1365938976377956
0
LINE
8
BLACK
6
CONTINUOUS
10
5.5531336614173226
20
-4.1365938976377956
11
5.5528420866141728
21
-4.1365651574803151
0
LINE
8
BLACK
6
CONTINUOUS
10
5.5528420866141728
20
-4.1365651574803151
11
5.5527643700787399
21
-4.1365707086614174
0
LINE
8
BLACK
6
CONTINUOUS
10
5.5527643700787399
20
-4.1365707086614174
11
5.5527082283464564
21
-4.1365519685039365
0
LINE
8
BLACK
6
CONTINUOUS
10
5.5527082283464564
20
-4.1365519685039365
11
5.5525575984251967
21
-4.1365371653543308
0
LINE
8
BLACK
6
CONTINUOUS
10
5.5525575984251967
20
-4.1365371653543308
11
5.5521202755905508
21
-4.1363560236220476
0
LINE
8
BLACK
6
CONTINUOUS
10
5.5521202755905508
20
-4.1363560236220476
11
5.5516713385826773
21
-4.1362063779527558
0
LINE
8
BLACK
6
CONTINUOUS
10
5.5516713385826773
20
-4.1362063779527558
11
5.551591141732283
21
-4.1361368110236221
0
LINE
8
BLACK
6
CONTINUOUS
10
5.551591141732283
20
-4.1361368110236221
11
5.5514931889763774
21
-4.1360962598425193
0
LINE
8
BLACK
6
CONTINUOUS
10
5.5514931889763774
20
-4.1360962598425193
11
5.5511585433070865
21
-4.1357616141732283
0
LINE
8
BLACK
6
CONTINUOUS
10
5.5511585433070865
20
-4.1357616141732283
11
5.5508009842519686
21
-4.1354514960629922
0
LINE
8
BLACK
6
CONTINUOUS
10
5.5508009842519686
20
-4.1354514960629922
11
5.5507535433070867
21
-4.1353566141732285
0
LINE
8
BLACK
6
CONTINUOUS
10
5.5507535433070867
20
-4.1353566141732285
11
5.5506785433070869
21
-4.1352816141732278
0
LINE
8
BLACK
6
CONTINUOUS
10
5.5506785433070869
20
-4.1352816141732278
11
5.550497362204724
21
-4.134844251968504
0
LINE
8
BLACK
6
CONTINUOUS
10
5.550497362204724
20
-4.134844251968504
11
5.5502857874015747
21
-4.1344210629921259
0
LINE
8
BLACK
6
CONTINUOUS
10
5.5502857874015747
20
-4.1344210629921259
11
5.5502782677165357
21
-4.1343152755905512
0
LINE
8
BLACK
6
CONTINUOUS
10
5.5502782677165357
20
-4.1343152755905512
11
5.5502376377952753
21
-4.1342172047244095
0
LINE
8
BLACK
6
CONTINUOUS
10
5.5502376377952753
20
-4.1342172047244095
11
5.5502376377952753
21
-4.1337437007874014
0
LINE
8
BLACK
6
CONTINUOUS
10
5.5502376377952753
20
-4.1337437007874014
11
5.5502040944881887
21
-4.1332718503937009
0
LINE
8
BLACK
6
CONTINUOUS
10
5.5502040944881887
20
-4.1332718503937009
11
5.5502376377952753
21
-4.1331705511811023
0
LINE
8
BLACK
6
CONTINUOUS
10
5.5502376377952753
20
-4.1331705511811023
11
5.5502376377952753
21
-4.1330650787401577
0
LINE
8
BLACK
6
CONTINUOUS
10
5.5502376377952753
20
-4.1330650787401577
11
5.5504120866141733
21
-4.1326438582677163
0
LINE
8
BLACK
6
CONTINUOUS
10
5.5504120866141733
20
-4.1326438582677163
11
5.5597062598425193
21
-4.1045859448818893
0
LINE
8
BLACK
6
CONTINUOUS
10
5.5597062598425193
20
-4.1045859448818893
11
5.5599422440944881
21
-4.1040574015748028
0
LINE
8
BLACK
6
CONTINUOUS
10
5.5599422440944881
20
-4.1040574015748028
11
5.5606971259842517
21
-4.1031870472440941
0
LINE
8
BLACK
6
CONTINUOUS
10
5.5606971259842517
20
-4.1031870472440941
11
5.5617275590551181
21
-4.1026718110236216
0
LINE
8
BLACK
6
CONTINUOUS
10
5.5617275590551181
20
-4.1026718110236216
11
5.562876771653543
21
-4.1025901181102364
0
LINE
8
BLACK
6
CONTINUOUS
10
5.562876771653543
20
-4.1025901181102364
11
5.5639697637795278
21
-4.1029544488188971
0
LINE
8
BLACK
6
CONTINUOUS
10
5.7261881496062994
20
-4.1176217716535435
11
5.7262861417322837
21
-4.1176623622047241
0
LINE
8
BLACK
6
CONTINUOUS
10
5.7262861417322837
20
-4.1176623622047241
11
5.7263919685039371
21
-4.1176698818897641
0
LINE
8
BLACK
6
CONTINUOUS
10
5.7263919685039371
20
-4.1176698818897641
11
5.7269035433070865
21
-4.1179181102362206
0
LINE
8
BLACK
6
CONTINUOUS
10
5.7269035433070865
20
-4.1179181102362206
11
5.7272525590551178
21
-4.1180626771653541
0
LINE
8
BLACK
6
CONTINUOUS
10
5.7272525590551178
20
-4.1180626771653541
11
5.7273006692913384
21
-4.1181107874015748
0
LINE
8
BLACK
6
CONTINUOUS
10
5.7273006692913384
20
-4.1181107874015748
11
5.7306821653543309
21
-4.1197515354330712
0
LINE
8
BLACK
6
CONTINUOUS
10
5.7306821653543309
20
-4.1197515354330712
11
5.7307784645669289
21
-4.1198121653543307
0
LINE
8
BLACK
6
CONTINUOUS
10
5.7307784645669289
20
-4.1198121653543307
11
5.730823937007874
21
-4.1198273228346451
0
LINE
8
BLACK
6
CONTINUOUS
10
5.730823937007874
20
-4.1198273228346451
11
5.7308805118110238
21
-4.1198763779527559
0
LINE
8
BLACK
6
CONTINUOUS
10
5.7308805118110238
20
-4.1198763779527559
11
5.731172007874016
21
-4.1200598818897634
0
LINE
8
BLACK
6
CONTINUOUS
10
5.731172007874016
20
-4.1200598818897634
11
5.7314144881889764
21
-4.1203394881889759
0
LINE
8
BLACK
6
CONTINUOUS
10
5.7314144881889764
20
-4.1203394881889759
11
5.7316943307086614
21
-4.1205821653543309
0
LINE
8
BLACK
6
CONTINUOUS
10
5.7316943307086614
20
-4.1205821653543309
11
5.7317956692913388
21
-4.1207789763779523
0
LINE
8
BLACK
6
CONTINUOUS
10
5.7317956692913388
20
-4.1207789763779523
11
5.7319268897637796
21
-4.1209302755905508
0
LINE
8
BLACK
6
CONTINUOUS
10
5.7319268897637796
20
-4.1209302755905508
11
5.7320246850393701
21
-4.1212237401574798
0
LINE
8
BLACK
6
CONTINUOUS
10
5.7320246850393701
20
-4.1212237401574798
11
5.7338774409448821
21
-4.1248215748031498
0
LINE
8
BLACK
6
CONTINUOUS
10
5.7338774409448821
20
-4.1248215748031498
11
5.7340843307086615
21
-4.1253621653543302
0
LINE
8
BLACK
6
CONTINUOUS
10
5.7340843307086615
20
-4.1253621653543302
11
5.7340918503937006
21
-4.1254680314960632
0
LINE
8
BLACK
6
CONTINUOUS
10
5.7340918503937006
20
-4.1254680314960632
11
5.7341324409448822
21
-4.1255660236220475
0
LINE
8
BLACK
6
CONTINUOUS
10
5.7341324409448822
20
-4.1255660236220475
11
5.7341337401574801
21
-4.1260577952755906
0
LINE
8
BLACK
6
CONTINUOUS
10
5.7341337401574801
20
-4.1260577952755906
11
5.7341659842519688
21
-4.126511377952756
0
LINE
8
BLACK
6
CONTINUOUS
10
5.7341659842519688
20
-4.126511377952756
11
5.734135196850394
21
-4.1266036614173229
0
LINE
8
BLACK
6
CONTINUOUS
10
5.734135196850394
20
-4.1266036614173229
11
5.7341891732283461
21
-4.1467645275590552
0
LINE
8
BLACK
6
CONTINUOUS
10
5.7341891732283461
20
-4.1467645275590552
11
5.7341324409448822
21
-4.1473405905511811
0
LINE
8
BLACK
6
CONTINUOUS
10
5.7341324409448822
20
-4.1473405905511811
11
5.7336915354330706
21
-4.1484050000000003
0
LINE
8
BLACK
6
CONTINUOUS
10
5.7336915354330706
20
-4.1484050000000003
11
5.7328768897637792
21
-4.1492196456692909
0
LINE
8
BLACK
6
CONTINUOUS
10
5.7328768897637792
20
-4.1492196456692909
11
5.7318124803149608
21
-4.1496605511811024
0
LINE
8
BLACK
6
CONTINUOUS
10
5.7318124803149608
20
-4.1496605511811024
11
5.7306603543307082
21
-4.1496605511811024
0
LINE
8
BLACK
6
CONTINUOUS
10
5.7306603543307082
20
-4.1496605511811024
11
5.7295959448818898
21
-4.1492196456692909
0
LINE
8
BLACK
6
CONTINUOUS
10
5.7295959448818898
20
-4.1492196456692909
11
5.7287812992125984
21
-4.1484050000000003
0
LINE
8
BLACK
6
CONTINUOUS
10
5.7287812992125984
20
-4.1484050000000003
11
5.7283403937007868
21
-4.1473405905511811
0
LINE
8
BLACK
6
CONTINUOUS
10
5.7283403937007868
20
-4.1473405905511811
11
5.7282852755905509
21
-4.1267514960629921
0
LINE
8
BLACK
6
CONTINUOUS
10
5.7282852755905509
20
-4.1267514960629921
11
5.7271492125984249
21
-4.1245453543307082
0
LINE
8
BLACK
6
CONTINUOUS
10
5.7271492125984249
20
-4.1245453543307082
11
5.7248424803149609
21
-4.1234261023622043
0
LINE
8
BLACK
6
CONTINUOUS
10
5.7248424803149609
20
-4.1234261023622043
11
5.7206049999999999
21
-4.1234648818897641
0
LINE
8
BLACK
6
CONTINUOUS
10
5.7206049999999999
20
-4.1234648818897641
11
5.7183911023622045
21
-4.1246049606299211
0
LINE
8
BLACK
6
CONTINUOUS
10
5.7183911023622045
20
-4.1246049606299211
11
5.7172631496062989
21
-4.1269295275590547
0
LINE
8
BLACK
6
CONTINUOUS
10
5.7172631496062989
20
-4.1269295275590547
11
5.7173162598425193
21
-4.1467645275590552
0
LINE
8
BLACK
6
CONTINUOUS
10
5.7173162598425193
20
-4.1467645275590552
11
5.7172595275590554
21
-4.1473405905511811
0
LINE
8
BLACK
6
CONTINUOUS
10
5.7172595275590554
20
-4.1473405905511811
11
5.7168186220472439
21
-4.1484050000000003
0
LINE
8
BLACK
6
CONTINUOUS
10
5.7168186220472439
20
-4.1484050000000003
11
5.7160039763779524
21
-4.1492196456692909
0
LINE
8
BLACK
6
CONTINUOUS
10
5.7160039763779524
20
-4.1492196456692909
11
5.7149395669291341
21
-4.1496605511811024
0
LINE
8
BLACK
6
CONTINUOUS
10
5.7149395669291341
20
-4.1496605511811024
11
5.7137874409448814
21
-4.1496605511811024
0
LINE
8
BLACK
6
CONTINUOUS
10
5.7137874409448814
20
-4.1496605511811024
11
5.7127230314960631
21
-4.1492196456692909
0
LINE
8
BLACK
6
CONTINUOUS
10
5.7127230314960631
20
-4.1492196456692909
11
5.7119083858267716
21
-4.1484050000000003
0
LINE
8
BLACK
6
CONTINUOUS
10
5.7119083858267716
20
-4.1484050000000003
11
5.7114674803149601
21
-4.1473405905511811
0
LINE
8
BLACK
6
CONTINUOUS
10
5.7114674803149601
20
-4.1473405905511811
11
5.7114123622047241
21
-4.1267514960629921
0
LINE
8
BLACK
6
CONTINUOUS
10
5.7114123622047241
20
-4.1267514960629921
11
5.7102762992125982
21
-4.124545393700787
0
LINE
8
BLACK
6
CONTINUOUS
10
5.7102762992125982
20
-4.124545393700787
11
5.7079696062992129
21
-4.1234261023622043
0
LINE
8
BLACK
6
CONTINUOUS
10
5.7079696062992129
20
-4.1234261023622043
11
5.7037321259842519
21
-4.1234648818897641
0
LINE
8
BLACK
6
CONTINUOUS
10
5.7037321259842519
20
-4.1234648818897641
11
5.7010212204724411
21
-4.1248608661417325
0
LINE
8
BLACK
6
CONTINUOUS
10
5.7010212204724411
20
-4.1248608661417325
11
5.7003983858267713
21
-4.1255059842519683
0
LINE
8
BLACK
6
CONTINUOUS
10
5.7003983858267713
20
-4.1255059842519683
11
5.7004433858267713
21
-4.1467645275590552
0
LINE
8
BLACK
6
CONTINUOUS
10
5.7004433858267713
20
-4.1467645275590552
11
5.7003866535433065
21
-4.1473405905511811
0
LINE
8
BLACK
6
CONTINUOUS
10
5.7003866535433065
20
-4.1473405905511811
11
5.6999457480314959
21
-4.1484050000000003
0
LINE
8
BLACK
6
CONTINUOUS
10
5.6999457480314959
20
-4.1484050000000003
11
5.6991311023622044
21
-4.1492196456692909
0
LINE
8
BLACK
6
CONTINUOUS
10
5.6991311023622044
20
-4.1492196456692909
11
5.6980666929133861
21
-4.1496605511811024
0
LINE
8
BLACK
6
CONTINUOUS
10
5.6980666929133861
20
-4.1496605511811024
11
5.6969145669291334
21
-4.1496605511811024
0
LINE
8
BLACK
6
CONTINUOUS
10
5.6969145669291334
20
-4.1496605511811024
11
5.6958501574803151
21
-4.1492196456692909
0
LINE
8
BLACK
6
CONTINUOUS
10
5.6958501574803151
20
-4.1492196456692909
11
5.6950355118110236
21
-4.1484050000000003
0
LINE
8
BLACK
6
CONTINUOUS
10
5.6950355118110236
20
-4.1484050000000003
11
5.6945946062992121
21
-4.1473405905511811
0
LINE
8
BLACK
6
CONTINUOUS
10
5.6945946062992121
20
-4.1473405905511811
11
5.6945378740157482
21
-4.1205177952755907
0
LINE
8
BLACK
6
CONTINUOUS
10
5.6945378740157482
20
-4.1205177952755907
11
5.6945946062992121
21
-4.1199417322834648
0
LINE
8
BLACK
6
CONTINUOUS
10
5.6945946062992121
20
-4.1199417322834648
11
5.6950355118110236
21
-4.1188773228346456
0
LINE
8
BLACK
6
CONTINUOUS
10
5.6950355118110236
20
-4.1188773228346456
11
5.6958501574803151
21
-4.1180626771653541
0
LINE
8
BLACK
6
CONTINUOUS
10
5.6958501574803151
20
-4.1180626771653541
11
5.6969145669291334
21
-4.1176217716535435
0
LINE
8
BLACK
6
CONTINUOUS
10
5.6969145669291334
20
-4.1176217716535435
11
5.6980666929133861
21
-4.1176217716535435
0
LINE
8
BLACK
6
CONTINUOUS
10
5.6980666929133861
20
-4.1176217716535435
11
5.6991311023622044
21
-4.1180626771653541
0
LINE
8
BLACK
6
CONTINUOUS
10
5.6991311023622044
20
-4.1180626771653541
11
5.6999136614173231
21
-4.1188452362204719
0
LINE
8
BLACK
6
CONTINUOUS
10
5.6999136614173231
20
-4.1188452362204719
11
5.7017944094488184
21
-4.1178767716535436
0
LINE
8
BLACK
6
CONTINUOUS
10
5.7017944094488184
20
-4.1178767716535436
11
5.7023349999999997
21
-4.1176698818897641
0
LINE
8
BLACK
6
CONTINUOUS
10
5.7023349999999997
20
-4.1176698818897641
11
5.7024408661417318
21
-4.1176623228346454
0
LINE
8
BLACK
6
CONTINUOUS
10
5.7024408661417318
20
-4.1176623228346454
11
5.7025388582677161
21
-4.1176217716535435
0
LINE
8
BLACK
6
CONTINUOUS
10
5.7025388582677161
20
-4.1176217716535435
11
5.7030820472440942
21
-4.1176167716535428
0
LINE
8
BLACK
6
CONTINUOUS
10
5.7030820472440942
20
-4.1176167716535428
11
5.7034842125984246
21
-4.1175882283464569
0
LINE
8
BLACK
6
CONTINUOUS
10
5.7034842125984246
20
-4.1175882283464569
11
5.7035568897637798
21
-4.1176124409448818
0
LINE
8
BLACK
6
CONTINUOUS
10
5.7035568897637798
20
-4.1176124409448818
11
5.7087392125984247
21
-4.1175650393700787
0
LINE
8
BLACK
6
CONTINUOUS
10
5.7087392125984247
20
-4.1175650393700787
11
5.7093152755905514
21
-4.1176217716535435
0
LINE
8
BLACK
6
CONTINUOUS
10
5.7093152755905514
20
-4.1176217716535435
11
5.7094132677165357
21
-4.1176623622047241
0
LINE
8
BLACK
6
CONTINUOUS
10
5.7094132677165357
20
-4.1176623622047241
11
5.7095190944881891
21
-4.1176698818897641
0
LINE
8
BLACK
6
CONTINUOUS
10
5.7095190944881891
20
-4.1176698818897641
11
5.7100306299212598
21
-4.1179180708661418
0
LINE
8
BLACK
6
CONTINUOUS
10
5.7100306299212598
20
-4.1179180708661418
11
5.7103796850393698
21
-4.1180626771653541
0
LINE
8
BLACK
6
CONTINUOUS
10
5.7103796850393698
20
-4.1180626771653541
11
5.7104277952755904
21
-4.1181107874015748
0
LINE
8
BLACK
6
CONTINUOUS
10
5.7104277952755904
20
-4.1181107874015748
11
5.7138092519685042
21
-4.1197515354330712
0
LINE
8
BLACK
6
CONTINUOUS
10
5.7138092519685042
20
-4.1197515354330712
11
5.7139055905511809
21
-4.1198121653543307
0
LINE
8
BLACK
6
CONTINUOUS
10
5.7139055905511809
20
-4.1198121653543307
11
5.7139510236220472
21
-4.1198273228346451
0
LINE
8
BLACK
6
CONTINUOUS
10
5.7139510236220472
20
-4.1198273228346451
11
5.7140075590551183
21
-4.1198763385826771
0
LINE
8
BLACK
6
CONTINUOUS
10
5.7140075590551183
20
-4.1198763385826771
11
5.7142991338582672
21
-4.1200598818897634
0
LINE
8
BLACK
6
CONTINUOUS
10
5.7142991338582672
20
-4.1200598818897634
11
5.7143635039370073
21
-4.120134094488189
0
LINE
8
BLACK
6
CONTINUOUS
10
5.7143635039370073
20
-4.120134094488189
11
5.7144278740157475
21
-4.1200598818897634
0
LINE
8
BLACK
6
CONTINUOUS
10
5.7144278740157475
20
-4.1200598818897634
11
5.7146246850393698
21
-4.1199585039370081
0
LINE
8
BLACK
6
CONTINUOUS
10
5.7146246850393698
20
-4.1199585039370081
11
5.7147759842519683
21
-4.1198273228346451
0
LINE
8
BLACK
6
CONTINUOUS
10
5.7147759842519683
20
-4.1198273228346451
11
5.7150694488188973
21
-4.1197294881889759
0
LINE
8
BLACK
6
CONTINUOUS
10
5.7150694488188973
20
-4.1197294881889759
11
5.7186672834645664
21
-4.1178767716535436
0
LINE
8
BLACK
6
CONTINUOUS
10
5.7186672834645664
20
-4.1178767716535436
11
5.7192078740157477
21
-4.1176698818897641
0
LINE
8
BLACK
6
CONTINUOUS
10
5.7192078740157477
20
-4.1176698818897641
11
5.7193137401574798
21
-4.1176623228346454
0
LINE
8
BLACK
6
CONTINUOUS
10
5.7193137401574798
20
-4.1176623228346454
11
5.7194117322834641
21
-4.1176217716535435
0
LINE
8
BLACK
6
CONTINUOUS
10
5.7194117322834641
20
-4.1176217716535435
11
5.7199549212598422
21
-4.1176167716535428
0
LINE
8
BLACK
6
CONTINUOUS
10
5.7199549212598422
20
-4.1176167716535428
11
5.7203570866141735
21
-4.1175882283464569
0
LINE
8
BLACK
6
CONTINUOUS
10
5.7203570866141735
20
-4.1175882283464569
11
5.7204297637795278
21
-4.1176124409448818
0
LINE
8
BLACK
6
CONTINUOUS
10
5.7204297637795278
20
-4.1176124409448818
11
5.7256120866141735
21
-4.1175650393700787
0
LINE
8
BLACK
6
CONTINUOUS
10
5.7256120866141735
20
-4.1175650393700787
11
5.7261881496062994
21
-4.1176217716535435
0
LINE
8
BLACK
6
CONTINUOUS
10
5.7786815748031497
20
-4.1176217716535435
11
5.778779566929134
21
-4.1176623622047241
0
LINE
8
BLACK
6
CONTINUOUS
10
5.778779566929134
20
-4.1176623622047241
11
5.7788853937007874
21
-4.1176698818897641
0
LINE
8
BLACK
6
CONTINUOUS
10
5.7788853937007874
20
-4.1176698818897641
11
5.7793969685039368
21
-4.1179181102362206
0
LINE
8
BLACK
6
CONTINUOUS
10
5.7793969685039368
20
-4.1179181102362206
11
5.7797459842519681
21
-4.1180626771653541
0
LINE
8
BLACK
6
CONTINUOUS
10
5.7797459842519681
20
-4.1180626771653541
11
5.7797940944881887
21
-4.1181107874015748
0
LINE
8
BLACK
6
CONTINUOUS
10
5.7797940944881887
20
-4.1181107874015748
11
5.7831755905511812
21
-4.1197515354330712
0
LINE
8
BLACK
6
CONTINUOUS
10
5.7831755905511812
20
-4.1197515354330712
11
5.7832718897637791
21
-4.1198121653543307
0
LINE
8
BLACK
6
CONTINUOUS
10
5.7832718897637791
20
-4.1198121653543307
11
5.7833173622047243
21
-4.1198273228346451
0
LINE
8
BLACK
6
CONTINUOUS
10
5.7833173622047243
20
-4.1198273228346451
11
5.7833739370078741
21
-4.1198763779527559
0
LINE
8
BLACK
6
CONTINUOUS
10
5.7833739370078741
20
-4.1198763779527559
11
5.7836654330708663
21
-4.1200598818897634
0
LINE
8
BLACK
6
CONTINUOUS
10
5.7836654330708663
20
-4.1200598818897634
11
5.7839079133858267
21
-4.1203394881889759
0
LINE
8
BLACK
6
CONTINUOUS
10
5.7839079133858267
20
-4.1203394881889759
11
5.7841877559055117
21
-4.1205821653543309
0
LINE
8
BLACK
6
CONTINUOUS
10
5.7841877559055117
20
-4.1205821653543309
11
5.7842890944881891
21
-4.1207789763779523
0
LINE
8
BLACK
6
CONTINUOUS
10
5.7842890944881891
20
-4.1207789763779523
11
5.7844203149606299
21
-4.1209302755905508
0
LINE
8
BLACK
6
CONTINUOUS
10
5.7844203149606299
20
-4.1209302755905508
11
5.7845181102362204
21
-4.1212237401574798
0
LINE
8
BLACK
6
CONTINUOUS
10
5.7845181102362204
20
-4.1212237401574798
11
5.7863708661417323
21
-4.1248215748031498
0
LINE
8
BLACK
6
CONTINUOUS
10
5.7863708661417323
20
-4.1248215748031498
11
5.7865777559055118
21
-4.1253621653543302
0
LINE
8
BLACK
6
CONTINUOUS
10
5.7865777559055118
20
-4.1253621653543302
11
5.7865852755905509
21
-4.1254680314960632
0
LINE
8
BLACK
6
CONTINUOUS
10
5.7865852755905509
20
-4.1254680314960632
11
5.7866258661417325
21
-4.1255660236220475
0
LINE
8
BLACK
6
CONTINUOUS
10
5.7866258661417325
20
-4.1255660236220475
11
5.7866271653543304
21
-4.1260577952755906
0
LINE
8
BLACK
6
CONTINUOUS
10
5.7866271653543304
20
-4.1260577952755906
11
5.7866594094488191
21
-4.126511377952756
0
LINE
8
BLACK
6
CONTINUOUS
10
5.7866594094488191
20
-4.126511377952756
11
5.7866286220472443
21
-4.1266036614173229
0
LINE
8
BLACK
6
CONTINUOUS
10
5.7866286220472443
20
-4.1266036614173229
11
5.7866825984251964
21
-4.1467645275590552
0
LINE
8
BLACK
6
CONTINUOUS
10
5.7866825984251964
20
-4.1467645275590552
11
5.7866258661417325
21
-4.1473405905511811
0
LINE
8
BLACK
6
CONTINUOUS
10
5.7866258661417325
20
-4.1473405905511811
11
5.7861849606299209
21
-4.1484050000000003
0
LINE
8
BLACK
6
CONTINUOUS
10
5.7861849606299209
20
-4.1484050000000003
11
5.7853703149606295
21
-4.1492196456692909
0
LINE
8
BLACK
6
CONTINUOUS
10
5.7853703149606295
20
-4.1492196456692909
11
5.7843059055118111
21
-4.1496605511811024
0
LINE
8
BLACK
6
CONTINUOUS
10
5.7843059055118111
20
-4.1496605511811024
11
5.7831537795275585
21
-4.1496605511811024
0
LINE
8
BLACK
6
CONTINUOUS
10
5.7831537795275585
20
-4.1496605511811024
11
5.7820893700787401
21
-4.1492196456692909
0
LINE
8
BLACK
6
CONTINUOUS
10
5.7820893700787401
20
-4.1492196456692909
11
5.7812747244094487
21
-4.1484050000000003
0
LINE
8
BLACK
6
CONTINUOUS
10
5.7812747244094487
20
-4.1484050000000003
11
5.780833818897638
21
-4.1473405905511811
0
LINE
8
BLACK
6
CONTINUOUS
10
5.780833818897638
20
-4.1473405905511811
11
5.7807787007874012
21
-4.1267514960629921
0
LINE
8
BLACK
6
CONTINUOUS
10
5.7807787007874012
20
-4.1267514960629921
11
5.7796426377952752
21
-4.1245453543307082
0
LINE
8
BLACK
6
CONTINUOUS
10
5.7796426377952752
20
-4.1245453543307082
11
5.7773359055118112
21
-4.1234261023622043
0
LINE
8
BLACK
6
CONTINUOUS
10
5.7773359055118112
20
-4.1234261023622043
11
5.7730984251968502
21
-4.1234648818897641
0
LINE
8
BLACK
6
CONTINUOUS
10
5.7730984251968502
20
-4.1234648818897641
11
5.7708845275590548
21
-4.1246049606299211
0
LINE
8
BLACK
6
CONTINUOUS
10
5.7708845275590548
20
-4.1246049606299211
11
5.7697565748031492
21
-4.1269295275590547
0
LINE
8
BLACK
6
CONTINUOUS
10
5.7697565748031492
20
-4.1269295275590547
11
5.7698096850393696
21
-4.1467645275590552
0
LINE
8
BLACK
6
CONTINUOUS
10
5.7698096850393696
20
-4.1467645275590552
11
5.7697529527559057
21
-4.1473405905511811
0
LINE
8
BLACK
6
CONTINUOUS
10
5.7697529527559057
20
-4.1473405905511811
11
5.7693120472440942
21
-4.1484050000000003
0
LINE
8
BLACK
6
CONTINUOUS
10
5.7693120472440942
20
-4.1484050000000003
11
5.7684974015748027
21
-4.1492196456692909
0
LINE
8
BLACK
6
CONTINUOUS
10
5.7684974015748027
20
-4.1492196456692909
11
5.7674329921259844
21
-4.1496605511811024
0
LINE
8
BLACK
6
CONTINUOUS
10
5.7674329921259844
20
-4.1496605511811024
11
5.7662808661417317
21
-4.1496605511811024
0
LINE
8
BLACK
6
CONTINUOUS
10
5.7662808661417317
20
-4.1496605511811024
11
5.7652164566929134
21
-4.1492196456692909
0
LINE
8
BLACK
6
CONTINUOUS
10
5.7652164566929134
20
-4.1492196456692909
11
5.7644018110236219
21
-4.1484050000000003
0
LINE
8
BLACK
6
CONTINUOUS
10
5.7644018110236219
20
-4.1484050000000003
11
5.7639609055118113
21
-4.1473405905511811
0
LINE
8
BLACK
6
CONTINUOUS
10
5.7639609055118113
20
-4.1473405905511811
11
5.7639057874015744
21
-4.1267514960629921
0
LINE
8
BLACK
6
CONTINUOUS
10
5.7639057874015744
20
-4.1267514960629921
11
5.7627697244094485
21
-4.124545393700787
0
LINE
8
BLACK
6
CONTINUOUS
10
5.7627697244094485
20
-4.124545393700787
11
5.7604630314960632
21
-4.1234261023622043
0
LINE
8
BLACK
6
CONTINUOUS
10
5.7604630314960632
20
-4.1234261023622043
11
5.7562255511811022
21
-4.1234648818897641
0
LINE
8
BLACK
6
CONTINUOUS
10
5.7562255511811022
20
-4.1234648818897641
11
5.7535146456692914
21
-4.1248608661417325
0
LINE
8
BLACK
6
CONTINUOUS
10
5.7535146456692914
20
-4.1248608661417325
11
5.7528918110236216
21
-4.1255059842519683
0
LINE
8
BLACK
6
CONTINUOUS
10
5.7528918110236216
20
-4.1255059842519683
11
5.7529368110236216
21
-4.1467645275590552
0
LINE
8
BLACK
6
CONTINUOUS
10
5.7529368110236216
20
-4.1467645275590552
11
5.7528800787401577
21
-4.1473405905511811
0
LINE
8
BLACK
6
CONTINUOUS
10
5.7528800787401577
20
-4.1473405905511811
11
5.7524391732283462
21
-4.1484050000000003
0
LINE
8
BLACK
6
CONTINUOUS
10
5.7524391732283462
20
-4.1484050000000003
11
5.7516245275590547
21
-4.1492196456692909
0
LINE
8
BLACK
6
CONTINUOUS
10
5.7516245275590547
20
-4.1492196456692909
11
5.7505601181102364
21
-4.1496605511811024
0
LINE
8
BLACK
6
CONTINUOUS
10
5.7505601181102364
20
-4.1496605511811024
11
5.7494079921259837
21
-4.1496605511811024
0
LINE
8
BLACK
6
CONTINUOUS
10
5.7494079921259837
20
-4.1496605511811024
11
5.7483435826771654
21
-4.1492196456692909
0
LINE
8
BLACK
6
CONTINUOUS
10
5.7483435826771654
20
-4.1492196456692909
11
5.7475289370078739
21
-4.1484050000000003
0
LINE
8
BLACK
6
CONTINUOUS
10
5.7475289370078739
20
-4.1484050000000003
11
5.7470880314960633
21
-4.1473405905511811
0
LINE
8
BLACK
6
CONTINUOUS
10
5.7470880314960633
20
-4.1473405905511811
11
5.7470312992125985
21
-4.1205177952755907
0
LINE
8
BLACK
6
CONTINUOUS
10
5.7470312992125985
20
-4.1205177952755907
11
5.7470880314960633
21
-4.1199417322834648
0
LINE
8
BLACK
6
CONTINUOUS
10
5.7470880314960633
20
-4.1199417322834648
11
5.7475289370078739
21
-4.1188773228346456
0
LINE
8
BLACK
6
CONTINUOUS
10
5.7475289370078739
20
-4.1188773228346456
11
5.7483435826771654
21
-4.1180626771653541
0
LINE
8
BLACK
6
CONTINUOUS
10
5.7483435826771654
20
-4.1180626771653541
11
5.7494079921259837
21
-4.1176217716535435
0
LINE
8
BLACK
6
CONTINUOUS
10
5.7494079921259837
20
-4.1176217716535435
11
5.7505601181102364
21
-4.1176217716535435
0
LINE
8
BLACK
6
CONTINUOUS
10
5.7505601181102364
20
-4.1176217716535435
11
5.7516245275590547
21
-4.1180626771653541
0
LINE
8
BLACK
6
CONTINUOUS
10
5.7516245275590547
20
-4.1180626771653541
11
5.7524070866141734
21
-4.1188452362204719
0
LINE
8
BLACK
6
CONTINUOUS
10
5.7524070866141734
20
-4.1188452362204719
11
5.7542878346456687
21
-4.1178767716535436
0
LINE
8
BLACK
6
CONTINUOUS
10
5.7542878346456687
20
-4.1178767716535436
11
5.75482842519685
21
-4.1176698818897641
0
LINE
8
BLACK
6
CONTINUOUS
10
5.75482842519685
20
-4.1176698818897641
11
5.7549342913385821
21
-4.1176623228346454
0
LINE
8
BLACK
6
CONTINUOUS
10
5.7549342913385821
20
-4.1176623228346454
11
5.7550322834645664
21
-4.1176217716535435
0
LINE
8
BLACK
6
CONTINUOUS
10
5.7550322834645664
20
-4.1176217716535435
11
5.7555754724409445
21
-4.1176167716535428
0
LINE
8
BLACK
6
CONTINUOUS
10
5.7555754724409445
20
-4.1176167716535428
11
5.7559776377952758
21
-4.1175882283464569
0
LINE
8
BLACK
6
CONTINUOUS
10
5.7559776377952758
20
-4.1175882283464569
11
5.7560503149606301
21
-4.1176124409448818
0
LINE
8
BLACK
6
CONTINUOUS
10
5.7560503149606301
20
-4.1176124409448818
11
5.7612326377952758
21
-4.1175650393700787
0
LINE
8
BLACK
6
CONTINUOUS
10
5.7612326377952758
20
-4.1175650393700787
11
5.7618087007874017
21
-4.1176217716535435
0
LINE
8
BLACK
6
CONTINUOUS
10
5.7618087007874017
20
-4.1176217716535435
11
5.761906692913386
21
-4.1176623622047241
0
LINE
8
BLACK
6
CONTINUOUS
10
5.761906692913386
20
-4.1176623622047241
11
5.7620125196850394
21
-4.1176698818897641
0
LINE
8
BLACK
6
CONTINUOUS
10
5.7620125196850394
20
-4.1176698818897641
11
5.7625240551181101
21
-4.1179180708661418
0
LINE
8
BLACK
6
CONTINUOUS
10
5.7625240551181101
20
-4.1179180708661418
11
5.7628731102362201
21
-4.1180626771653541
0
LINE
8
BLACK
6
CONTINUOUS
10
5.7628731102362201
20
-4.1180626771653541
11
5.7629212204724407
21
-4.1181107874015748
0
LINE
8
BLACK
6
CONTINUOUS
10
5.7629212204724407
20
-4.1181107874015748
11
5.7663026771653545
21
-4.1197515354330712
0
LINE
8
BLACK
6
CONTINUOUS
10
5.7663026771653545
20
-4.1197515354330712
11
5.7663990157480312
21
-4.1198121653543307
0
LINE
8
BLACK
6
CONTINUOUS
10
5.7663990157480312
20
-4.1198121653543307
11
5.7664444488188975
21
-4.1198273228346451
0
LINE
8
BLACK
6
CONTINUOUS
10
5.7664444488188975
20
-4.1198273228346451
11
5.7665009842519686
21
-4.1198763385826771
0
LINE
8
BLACK
6
CONTINUOUS
10
5.7665009842519686
20
-4.1198763385826771
11
5.7667925590551183
21
-4.1200598818897634
0
LINE
8
BLACK
6
CONTINUOUS
10
5.7667925590551183
20
-4.1200598818897634
11
5.7668569291338585
21
-4.120134094488189
0
LINE
8
BLACK
6
CONTINUOUS
10
5.7668569291338585
20
-4.120134094488189
11
5.7669212992125987
21
-4.1200598818897634
0
LINE
8
BLACK
6
CONTINUOUS
10
5.7669212992125987
20
-4.1200598818897634
11
5.7671181102362201
21
-4.1199585039370081
0
LINE
8
BLACK
6
CONTINUOUS
10
5.7671181102362201
20
-4.1199585039370081
11
5.7672694094488186
21
-4.1198273228346451
0
LINE
8
BLACK
6
CONTINUOUS
10
5.7672694094488186
20
-4.1198273228346451
11
5.7675628740157476
21
-4.1197294881889759
0
LINE
8
BLACK
6
CONTINUOUS
10
5.7675628740157476
20
-4.1197294881889759
11
5.7711607086614176
21
-4.1178767716535436
0
LINE
8
BLACK
6
CONTINUOUS
10
5.7711607086614176
20
-4.1178767716535436
11
5.771701299212598
21
-4.1176698818897641
0
LINE
8
BLACK
6
CONTINUOUS
10
5.771701299212598
20
-4.1176698818897641
11
5.7718071653543301
21
-4.1176623228346454
0
LINE
8
BLACK
6
CONTINUOUS
10
5.7718071653543301
20
-4.1176623228346454
11
5.7719051574803144
21
-4.1176217716535435
0
LINE
8
BLACK
6
CONTINUOUS
10
5.7719051574803144
20
-4.1176217716535435
11
5.7724483464566925
21
-4.1176167716535428
0
LINE
8
BLACK
6
CONTINUOUS
10
5.7724483464566925
20
-4.1176167716535428
11
5.7728505118110238
21
-4.1175882283464569
0
LINE
8
BLACK
6
CONTINUOUS
10
5.7728505118110238
20
-4.1175882283464569
11
5.7729231889763781
21
-4.1176124409448818
0
LINE
8
BLACK
6
CONTINUOUS
10
5.7729231889763781
20
-4.1176124409448818
11
5.7781055118110238
21
-4.1175650393700787
0
LINE
8
BLACK
6
CONTINUOUS
10
5.7781055118110238
20
-4.1175650393700787
11
5.7786815748031497
21
-4.1176217716535435
0
LINE
8
BLACK
6
CONTINUOUS
10
6.9737985433070868
20
-3.4532116535433071
11
7.0143785039370075
21
-3.4742784251968502
0
LINE
8
BLACK
6
CONTINUOUS
10
7.0143785039370075
20
-3.4742784251968502
11
7.0143700787401571
21
-3.4560464960629922
0
LINE
8
BLACK
6
CONTINUOUS
10
7.0143700787401571
20
-3.4560464960629922
11
7.0144268110236219
21
-3.4554704330708659
0
LINE
8
BLACK
6
CONTINUOUS
10
7.0144268110236219
20
-3.4554704330708659
11
7.0148677165354325
21
-3.4544060236220471
0
LINE
8
BLACK
6
CONTINUOUS
10
7.0148677165354325
20
-3.4544060236220471
11
7.015682362204724
21
-3.4535913779527556
0
LINE
8
BLACK
6
CONTINUOUS
10
7.015682362204724
20
-3.4535913779527556
11
7.0167467716535432
21
-3.453150472440945
0
LINE
8
BLACK
6
CONTINUOUS
10
7.0167467716535432
20
-3.453150472440945
11
7.017898897637795
21
-3.453150472440945
0
LINE
8
BLACK
6
CONTINUOUS
10
7.017898897637795
20
-3.453150472440945
11
7.0189633070866142
21
-3.4535913779527556
0
LINE
8
BLACK
6
CONTINUOUS
10
7.0189633070866142
20
-3.4535913779527556
11
7.0197779527559057
21
-3.4544060236220471
0
LINE
8
BLACK
6
CONTINUOUS
10
7.0197779527559057
20
-3.4544060236220471
11
7.0202188582677163
21
-3.4554704330708659
0
LINE
8
BLACK
6
CONTINUOUS
10
7.0202188582677163
20
-3.4554704330708659
11
7.0202296062992122
21
-3.4787223228346456
0
LINE
8
BLACK
6
CONTINUOUS
10
7.0202296062992122
20
-3.4787223228346456
11
7.0202580314960628
21
-3.478812440944882
0
LINE
8
BLACK
6
CONTINUOUS
10
7.0202580314960628
20
-3.478812440944882
11
7.0202298818897635
21
-3.4791338976377952
0
LINE
8
BLACK
6
CONTINUOUS
10
7.0202298818897635
20
-3.4791338976377952
11
7.0202580314960628
21
-3.4794553543307085
0
LINE
8
BLACK
6
CONTINUOUS
10
7.0202580314960628
20
-3.4794553543307085
11
7.0202299999999997
21
-3.4795442125984253
0
LINE
8
BLACK
6
CONTINUOUS
10
7.0202299999999997
20
-3.4795442125984253
11
7.0202742125984248
21
-3.5750554330708662
0
LINE
8
BLACK
6
CONTINUOUS
10
7.0202742125984248
20
-3.5750554330708662
11
7.1730874015748034
21
-3.5749999999999997
0
LINE
8
BLACK
6
CONTINUOUS
10
7.1730874015748034
20
-3.5749999999999997
11
7.1736634645669293
21
-3.5750567322834645
0
LINE
8
BLACK
6
CONTINUOUS
10
7.1736634645669293
20
-3.5750567322834645
11
7.1747278740157476
21
-3.5754976377952756
0
LINE
8
BLACK
6
CONTINUOUS
10
7.1747278740157476
20
-3.5754976377952756
11
7.1755425196850391
21
-3.5763122834645666
0
LINE
8
BLACK
6
CONTINUOUS
10
7.1755425196850391
20
-3.5763122834645666
11
7.1759834251968506
21
-3.5773766929133859
0
LINE
8
BLACK
6
CONTINUOUS
10
7.1759834251968506
20
-3.5773766929133859
11
7.1759834251968506
21
-3.5785288188976376
0
LINE
8
BLACK
6
CONTINUOUS
10
7.1759834251968506
20
-3.5785288188976376
11
7.1755425196850391
21
-3.5795932283464564
0
LINE
8
BLACK
6
CONTINUOUS
10
7.1755425196850391
20
-3.5795932283464564
11
7.1747278740157476
21
-3.5804078740157479
0
LINE
8
BLACK
6
CONTINUOUS
10
7.1747278740157476
20
-3.5804078740157479
11
7.1736634645669293
21
-3.580848779527559
0
LINE
8
BLACK
6
CONTINUOUS
10
7.1736634645669293
20
-3.580848779527559
11
7.154782834645669
21
-3.5808556299212597
0
LINE
8
BLACK
6
CONTINUOUS
10
7.154782834645669
20
-3.5808556299212597
11
7.1757065748031499
21
-3.6209398818897638
0
LINE
8
BLACK
6
CONTINUOUS
10
7.1757065748031499
20
-3.6209398818897638
11
7.1759222440944876
21
-3.6214770472440945
0
LINE
8
BLACK
6
CONTINUOUS
10
7.1759222440944876
20
-3.6214770472440945
11
7.1760226377952758
21
-3.6226247637795277
0
LINE
8
BLACK
6
CONTINUOUS
10
7.1760226377952758
20
-3.6226247637795277
11
7.1756761811023617
21
-3.6237235433070865
0
LINE
8
BLACK
6
CONTINUOUS
10
7.1756761811023617
20
-3.6237235433070865
11
7.1749356299212597
21
-3.6246061023622045
0
LINE
8
BLACK
6
CONTINUOUS
10
7.1749356299212597
20
-3.6246061023622045
11
7.1739137007874012
21
-3.6251381102362203
0
LINE
8
BLACK
6
CONTINUOUS
10
7.1739137007874012
20
-3.6251381102362203
11
7.172765984251968
21
-3.6252385039370076
0
LINE
8
BLACK
6
CONTINUOUS
10
7.172765984251968
20
-3.6252385039370076
11
7.1716672047244092
21
-3.6248920472440944
0
LINE
8
BLACK
6
CONTINUOUS
10
7.1716672047244092
20
-3.6248920472440944
11
7.1707846456692907
21
-3.6241514960629919
0
LINE
8
BLACK
6
CONTINUOUS
10
7.1707846456692907
20
-3.6241514960629919
11
7.1528972834645668
21
-3.5898841732283464
0
LINE
8
BLACK
6
CONTINUOUS
10
7.1528972834645668
20
-3.5898841732283464
11
7.1529514960629923
21
-4.1171616535433069
0
LINE
8
BLACK
6
CONTINUOUS
10
7.1529514960629923
20
-4.1171616535433069
11
7.1704683070866144
21
-4.083419881889764
0
LINE
8
BLACK
6
CONTINUOUS
10
7.1704683070866144
20
-4.083419881889764
11
7.1707846456692907
21
-4.0829351181102362
0
LINE
8
BLACK
6
CONTINUOUS
10
7.1707846456692907
20
-4.0829351181102362
11
7.1716672047244092
21
-4.0821945669291342
0
LINE
8
BLACK
6
CONTINUOUS
10
7.1716672047244092
20
-4.0821945669291342
11
7.172765984251968
21
-4.0818481102362201
0
LINE
8
BLACK
6
CONTINUOUS
10
7.172765984251968
20
-4.0818481102362201
11
7.1739137007874012
21
-4.0819485039370074
0
LINE
8
BLACK
6
CONTINUOUS
10
7.1739137007874012
20
-4.0819485039370074
11
7.1749356299212597
21
-4.0824805118110232
0
LINE
8
BLACK
6
CONTINUOUS
10
7.1749356299212597
20
-4.0824805118110232
11
7.1756761811023617
21
-4.0833630708661417
0
LINE
8
BLACK
6
CONTINUOUS
10
7.1756761811023617
20
-4.0833630708661417
11
7.1760226377952758
21
-4.0844618503937005
0
LINE
8
BLACK
6
CONTINUOUS
10
7.1760226377952758
20
-4.0844618503937005
11
7.1759222440944876
21
-4.0856095669291337
0
LINE
8
BLACK
6
CONTINUOUS
10
7.1759222440944876
20
-4.0856095669291337
11
7.1548563779527559
21
-4.1261877165354326
0
LINE
8
BLACK
6
CONTINUOUS
10
7.1548563779527559
20
-4.1261877165354326
11
7.1730874015748034
21
-4.1261811023622048
0
LINE
8
BLACK
6
CONTINUOUS
10
7.1730874015748034
20
-4.1261811023622048
11
7.1736634645669293
21
-4.1262378346456696
0
LINE
8
BLACK
6
CONTINUOUS
10
7.1736634645669293
20
-4.1262378346456696
11
7.1747278740157476
21
-4.1266787401574803
0
LINE
8
BLACK
6
CONTINUOUS
10
7.1747278740157476
20
-4.1266787401574803
11
7.1755425196850391
21
-4.1274933858267717
0
LINE
8
BLACK
6
CONTINUOUS
10
7.1755425196850391
20
-4.1274933858267717
11
7.1759834251968506
21
-4.1285577952755901
0
LINE
8
BLACK
6
CONTINUOUS
10
7.1759834251968506
20
-4.1285577952755901
11
7.1759834251968506
21
-4.1297099212598427
0
LINE
8
BLACK
6
CONTINUOUS
10
7.1759834251968506
20
-4.1297099212598427
11
7.1755425196850391
21
-4.1307743307086611
0
LINE
8
BLACK
6
CONTINUOUS
10
7.1755425196850391
20
-4.1307743307086611
11
7.1747278740157476
21
-4.1315889763779525
0
LINE
8
BLACK
6
CONTINUOUS
10
7.1747278740157476
20
-4.1315889763779525
11
7.1736634645669293
21
-4.1320298818897641
0
LINE
8
BLACK
6
CONTINUOUS
10
7.1736634645669293
20
-4.1320298818897641
11
7.1504189370078741
21
-4.1320383070866145
0
LINE
8
BLACK
6
CONTINUOUS
10
7.1504189370078741
20
-4.1320383070866145
11
7.1503214566929136
21
-4.1320690551181105
0
LINE
8
BLACK
6
CONTINUOUS
10
7.1503214566929136
20
-4.1320690551181105
11
7.1499999999999995
21
-4.1320409055118112
0
LINE
8
BLACK
6
CONTINUOUS
10
7.1499999999999995
20
-4.1320409055118112
11
7.1496785433070862
21
-4.1320690551181105
0
LINE
8
BLACK
6
CONTINUOUS
10
7.1496785433070862
20
-4.1320690551181105
11
7.1495820078740158
21
-4.1320385826771648
0
LINE
8
BLACK
6
CONTINUOUS
10
7.1495820078740158
20
-4.1320385826771648
11
7.0173228346456691
21
-4.132086614173228
0
LINE
8
BLACK
6
CONTINUOUS
10
7.0173228346456691
20
-4.132086614173228
11
7.0167467716535432
21
-4.1320298818897641
0
LINE
8
BLACK
6
CONTINUOUS
10
7.0167467716535432
20
-4.1320298818897641
11
7.015682362204724
21
-4.1315889763779525
0
LINE
8
BLACK
6
CONTINUOUS
10
7.015682362204724
20
-4.1315889763779525
11
7.0148677165354325
21
-4.1307743307086611
0
LINE
8
BLACK
6
CONTINUOUS
10
7.0148677165354325
20
-4.1307743307086611
11
7.0144268110236219
21
-4.1297099212598427
0
LINE
8
BLACK
6
CONTINUOUS
10
7.0144268110236219
20
-4.1297099212598427
11
7.0144268110236219
21
-4.1285577952755901
0
LINE
8
BLACK
6
CONTINUOUS
10
7.0144268110236219
20
-4.1285577952755901
11
7.0148677165354325
21
-4.1274933858267717
0
LINE
8
BLACK
6
CONTINUOUS
10
7.0148677165354325
20
-4.1274933858267717
11
7.015682362204724
21
-4.1266787401574803
0
LINE
8
BLACK
6
CONTINUOUS
10
7.015682362204724
20
-4.1266787401574803
11
7.0167467716535432
21
-4.1262378346456696
0
LINE
8
BLACK
6
CONTINUOUS
10
7.0167467716535432
20
-4.1262378346456696
11
7.1451964173228344
21
-4.1261912204724407
0
LINE
8
BLACK
6
CONTINUOUS
10
7.1451964173228344
20
-4.1261912204724407
11
7.1242934251968499
21
-4.0861467322834644
0
LINE
8
BLACK
6
CONTINUOUS
10
7.1242934251968499
20
-4.0861467322834644
11
7.1240777559055113
21
-4.0856095669291337
0
LINE
8
BLACK
6
CONTINUOUS
10
7.1240777559055113
20
-4.0856095669291337
11
7.123977362204724
21
-4.0844618503937005
0
LINE
8
BLACK
6
CONTINUOUS
10
7.123977362204724
20
-4.0844618503937005
11
7.1243237795275585
21
-4.0833630708661417
0
LINE
8
BLACK
6
CONTINUOUS
10
7.1243237795275585
20
-4.0833630708661417
11
7.1250643307086614
21
-4.0824805118110232
0
LINE
8
BLACK
6
CONTINUOUS
10
7.1250643307086614
20
-4.0824805118110232
11
7.1260862992125986
21
-4.0819485039370074
0
LINE
8
BLACK
6
CONTINUOUS
10
7.1260862992125986
20
-4.0819485039370074
11
7.1272340157480309
21
-4.0818481102362201
0
LINE
8
BLACK
6
CONTINUOUS
10
7.1272340157480309
20
-4.0818481102362201
11
7.1283327952755906
21
-4.0821945275590554
0
LINE
8
BLACK
6
CONTINUOUS
10
7.1283327952755906
20
-4.0821945275590554
11
7.1292153543307082
21
-4.0829350787401575
0
LINE
8
BLACK
6
CONTINUOUS
10
7.1292153543307082
20
-4.0829350787401575
11
7.1471026771653543
21
-4.1172024015748034
0
LINE
8
BLACK
6
CONTINUOUS
10
7.1471026771653543
20
-4.1172024015748034
11
7.1470484645669288
21
-3.5899249212598425
0
LINE
8
BLACK
6
CONTINUOUS
10
7.1470484645669288
20
-3.5899249212598425
11
7.1295316929133854
21
-3.6236667322834646
0
LINE
8
BLACK
6
CONTINUOUS
10
7.1295316929133854
20
-3.6236667322834646
11
7.1292153543307082
21
-3.6241515354330707
0
LINE
8
BLACK
6
CONTINUOUS
10
7.1292153543307082
20
-3.6241515354330707
11
7.1283327952755906
21
-3.6248920866141732
0
LINE
8
BLACK
6
CONTINUOUS
10
7.1283327952755906
20
-3.6248920866141732
11
7.1272340157480309
21
-3.6252385039370076
0
LINE
8
BLACK
6
CONTINUOUS
10
7.1272340157480309
20
-3.6252385039370076
11
7.1260862992125986
21
-3.6251381102362203
0
LINE
8
BLACK
6
CONTINUOUS
10
7.1260862992125986
20
-3.6251381102362203
11
7.1250643307086614
21
-3.6246061023622045
0
LINE
8
BLACK
6
CONTINUOUS
10
7.1250643307086614
20
-3.6246061023622045
11
7.1243237795275585
21
-3.6237235433070865
0
LINE
8
BLACK
6
CONTINUOUS
10
7.1243237795275585
20
-3.6237235433070865
11
7.123977362204724
21
-3.6226247637795277
0
LINE
8
BLACK
6
CONTINUOUS
10
7.123977362204724
20
-3.6226247637795277
11
7.1240777559055113
21
-3.6214770472440945
0
LINE
8
BLACK
6
CONTINUOUS
10
7.1240777559055113
20
-3.6214770472440945
11
7.1451642125984254
21
-3.5808590944881891
0
LINE
8
BLACK
6
CONTINUOUS
10
7.1451642125984254
20
-3.5808590944881891
11
7.0173228346456691
21
-3.5809055118110233
0
LINE
8
BLACK
6
CONTINUOUS
10
7.0173228346456691
20
-3.5809055118110233
11
7.0167467716535432
21
-3.580848779527559
0
LINE
8
BLACK
6
CONTINUOUS
10
7.0167467716535432
20
-3.580848779527559
11
7.015682362204724
21
-3.5804078740157479
0
LINE
8
BLACK
6
CONTINUOUS
10
7.015682362204724
20
-3.5804078740157479
11
7.0148677165354325
21
-3.5795932283464564
0
LINE
8
BLACK
6
CONTINUOUS
10
7.0148677165354325
20
-3.5795932283464564
11
7.0144268110236219
21
-3.5785288188976376
0
LINE
8
BLACK
6
CONTINUOUS
10
7.0144268110236219
20
-3.5785288188976376
11
7.0143829921259844
21
-3.4839359842519686
0
LINE
8
BLACK
6
CONTINUOUS
10
7.0143829921259844
20
-3.4839359842519686
11
6.9743357086614175
21
-3.5048404724409448
0
LINE
8
BLACK
6
CONTINUOUS
10
6.9743357086614175
20
-3.5048404724409448
11
6.9737985433070868
21
-3.5050561417322834
0
LINE
8
BLACK
6
CONTINUOUS
10
6.9737985433070868
20
-3.5050561417322834
11
6.9726508267716536
21
-3.5051565354330707
0
LINE
8
BLACK
6
CONTINUOUS
10
6.9726508267716536
20
-3.5051565354330707
11
6.9715520472440939
21
-3.5048101181102362
0
LINE
8
BLACK
6
CONTINUOUS
10
6.9715520472440939
20
-3.5048101181102362
11
6.9706694881889764
21
-3.5040695669291337
0
LINE
8
BLACK
6
CONTINUOUS
10
6.9706694881889764
20
-3.5040695669291337
11
6.9701374803149605
21
-3.503047598425197
0
LINE
8
BLACK
6
CONTINUOUS
10
6.9701374803149605
20
-3.503047598425197
11
6.9700370866141732
21
-3.5018998818897638
0
LINE
8
BLACK
6
CONTINUOUS
10
6.9700370866141732
20
-3.5018998818897638
11
6.9703835039370077
21
-3.5008011023622045
0
LINE
8
BLACK
6
CONTINUOUS
10
6.9703835039370077
20
-3.5008011023622045
11
6.9711240551181097
21
-3.4999185433070865
0
LINE
8
BLACK
6
CONTINUOUS
10
6.9711240551181097
20
-3.4999185433070865
11
7.0053928740157483
21
-3.4820303937007875
0
LINE
8
BLACK
6
CONTINUOUS
10
7.0053928740157483
20
-3.4820303937007875
11
5.6119736220472438
21
-3.4820861417322835
0
LINE
8
BLACK
6
CONTINUOUS
10
5.6119736220472438
20
-3.4820861417322835
11
5.6457139763779525
21
-3.4996022047244093
0
LINE
8
BLACK
6
CONTINUOUS
10
5.6457139763779525
20
-3.4996022047244093
11
5.6461987401574802
21
-3.4999185433070865
0
LINE
8
BLACK
6
CONTINUOUS
10
5.6461987401574802
20
-3.4999185433070865
11
5.6469392913385823
21
-3.5008011023622045
0
LINE
8
BLACK
6
CONTINUOUS
10
5.6469392913385823
20
-3.5008011023622045
11
5.6472857480314955
21
-3.5018998818897638
0
LINE
8
BLACK
6
CONTINUOUS
10
5.6472857480314955
20
-3.5018998818897638
11
5.6471853543307082
21
-3.503047598425197
0
LINE
8
BLACK
6
CONTINUOUS
10
5.6471853543307082
20
-3.503047598425197
11
5.6466533464566924
21
-3.504069527559055
0
LINE
8
BLACK
6
CONTINUOUS
10
5.6466533464566924
20
-3.504069527559055
11
5.6457707874015748
21
-3.5048100787401575
0
LINE
8
BLACK
6
CONTINUOUS
10
5.6457707874015748
20
-3.5048100787401575
11
5.644672007874016
21
-3.5051565354330707
0
LINE
8
BLACK
6
CONTINUOUS
10
5.644672007874016
20
-3.5051565354330707
11
5.6435242913385828
21
-3.5050561417322834
0
LINE
8
BLACK
6
CONTINUOUS
10
5.6435242913385828
20
-3.5050561417322834
11
5.6029092125984254
21
-3.4839711417322832
0
LINE
8
BLACK
6
CONTINUOUS
10
5.6029092125984254
20
-3.4839711417322832
11
5.6029519291338579
21
-3.5761982677165354
0
LINE
8
BLACK
6
CONTINUOUS
10
5.6029519291338579
20
-3.5761982677165354
11
5.6449999999999996
21
-3.5761811023622045
0
LINE
8
BLACK
6
CONTINUOUS
10
5.6449999999999996
20
-3.5761811023622045
11
5.6455760629921254
21
-3.5762378346456694
0
LINE
8
BLACK
6
CONTINUOUS
10
5.6455760629921254
20
-3.5762378346456694
11
5.6466404724409447
21
-3.5766787401574804
0
LINE
8
BLACK
6
CONTINUOUS
10
5.6466404724409447
20
-3.5766787401574804
11
5.6474551181102361
21
-3.5774933858267715
0
LINE
8
BLACK
6
CONTINUOUS
10
5.6474551181102361
20
-3.5774933858267715
11
5.6478960236220468
21
-3.5785577952755903
0
LINE
8
BLACK
6
CONTINUOUS
10
5.6478960236220468
20
-3.5785577952755903
11
5.6478960236220468
21
-3.5797099212598424
0
LINE
8
BLACK
6
CONTINUOUS
10
5.6478960236220468
20
-3.5797099212598424
11
5.6474551181102361
21
-3.5807743307086612
0
LINE
8
BLACK
6
CONTINUOUS
10
5.6474551181102361
20
-3.5807743307086612
11
5.6466404724409447
21
-3.5815889763779527
0
LINE
8
BLACK
6
CONTINUOUS
10
5.6466404724409447
20
-3.5815889763779527
11
5.6455760629921254
21
-3.5820298818897638
0
LINE
8
BLACK
6
CONTINUOUS
10
5.6455760629921254
20
-3.5820298818897638
11
5.5348029133858265
21
-3.5820751968503934
0
LINE
8
BLACK
6
CONTINUOUS
10
5.5348029133858265
20
-3.5820751968503934
11
5.5557065748031498
21
-3.6221209842519686
0
LINE
8
BLACK
6
CONTINUOUS
10
5.5557065748031498
20
-3.6221209842519686
11
5.5559222440944884
21
-3.6226581496062993
0
LINE
8
BLACK
6
CONTINUOUS
10
5.5559222440944884
20
-3.6226581496062993
11
5.5560226377952757
21
-3.6238058661417321
0
LINE
8
BLACK
6
CONTINUOUS
10
5.5560226377952757
20
-3.6238058661417321
11
5.5556761811023625
21
-3.6249046456692913
0
LINE
8
BLACK
6
CONTINUOUS
10
5.5556761811023625
20
-3.6249046456692913
11
5.5549356299212596
21
-3.6257872047244093
0
LINE
8
BLACK
6
CONTINUOUS
10
5.5549356299212596
20
-3.6257872047244093
11
5.5539137007874011
21
-3.6263192125984252
0
LINE
8
BLACK
6
CONTINUOUS
10
5.5539137007874011
20
-3.6263192125984252
11
5.5527659842519688
21
-3.6264196062992125
0
LINE
8
BLACK
6
CONTINUOUS
10
5.5527659842519688
20
-3.6264196062992125
11
5.5516672047244091
21
-3.6260731496062992
0
LINE
8
BLACK
6
CONTINUOUS
10
5.5516672047244091
20
-3.6260731496062992
11
5.5507846456692915
21
-3.6253325984251967
0
LINE
8
BLACK
6
CONTINUOUS
10
5.5507846456692915
20
-3.6253325984251967
11
5.5328997244094484
21
-3.591069960629921
0
LINE
8
BLACK
6
CONTINUOUS
10
5.5328997244094484
20
-3.591069960629921
11
5.5329491732283467
21
-3.7571661417322835
0
LINE
8
BLACK
6
CONTINUOUS
10
5.5329491732283467
20
-3.7571661417322835
11
5.5504683070866143
21
-3.7234198818897637
0
LINE
8
BLACK
6
CONTINUOUS
10
5.5504683070866143
20
-3.7234198818897637
11
5.5507846456692915
21
-3.7229351181102359
0
LINE
8
BLACK
6
CONTINUOUS
10
5.5507846456692915
20
-3.7229351181102359
11
5.5516672047244091
21
-3.7221945669291339
0
LINE
8
BLACK
6
CONTINUOUS
10
5.5516672047244091
20
-3.7221945669291339
11
5.5527659842519688
21
-3.7218481102362202
0
LINE
8
BLACK
6
CONTINUOUS
10
5.5527659842519688
20
-3.7218481102362202
11
5.5539137007874011
21
-3.7219485039370079
0
LINE
8
BLACK
6
CONTINUOUS
10
5.5539137007874011
20
-3.7219485039370079
11
5.5549356299212596
21
-3.7224805118110234
0
LINE
8
BLACK
6
CONTINUOUS
10
5.5549356299212596
20
-3.7224805118110234
11
5.5556761811023625
21
-3.7233630708661418
0
LINE
8
BLACK
6
CONTINUOUS
10
5.5556761811023625
20
-3.7233630708661418
11
5.5560226377952757
21
-3.7244618503937006
0
LINE
8
BLACK
6
CONTINUOUS
10
5.5560226377952757
20
-3.7244618503937006
11
5.5559222440944884
21
-3.7256095669291338
0
LINE
8
BLACK
6
CONTINUOUS
10
5.5559222440944884
20
-3.7256095669291338
11
5.5348364173228344
21
-3.7662261417322833
0
LINE
8
BLACK
6
CONTINUOUS
10
5.5348364173228344
20
-3.7662261417322833
11
5.6449999999999996
21
-3.7661811023622045
0
LINE
8
BLACK
6
CONTINUOUS
10
5.6449999999999996
20
-3.7661811023622045
11
5.6455760629921254
21
-3.7662378346456693
0
LINE
8
BLACK
6
CONTINUOUS
10
5.6455760629921254
20
-3.7662378346456693
11
5.6466404724409447
21
-3.7666787401574804
0
LINE
8
BLACK
6
CONTINUOUS
10
5.6466404724409447
20
-3.7666787401574804
11
5.6474551181102361
21
-3.7674933858267714
0
LINE
8
BLACK
6
CONTINUOUS
10
5.6474551181102361
20
-3.7674933858267714
11
5.6478960236220468
21
-3.7685577952755906
0
LINE
8
BLACK
6
CONTINUOUS
10
5.6478960236220468
20
-3.7685577952755906
11
5.6478960236220468
21
-3.7697099212598424
0
LINE
8
BLACK
6
CONTINUOUS
10
5.6478960236220468
20
-3.7697099212598424
11
5.6474551181102361
21
-3.7707743307086612
0
LINE
8
BLACK
6
CONTINUOUS
10
5.6474551181102361
20
-3.7707743307086612
11
5.6466404724409447
21
-3.7715889763779527
0
LINE
8
BLACK
6
CONTINUOUS
10
5.6466404724409447
20
-3.7715889763779527
11
5.6455760629921254
21
-3.7720298818897637
0
LINE
8
BLACK
6
CONTINUOUS
10
5.6455760629921254
20
-3.7720298818897637
11
5.5069125984251963
21
-3.7720866141732281
0
LINE
8
BLACK
6
CONTINUOUS
10
5.5069125984251963
20
-3.7720866141732281
11
5.5063365354330704
21
-3.7720298818897637
0
LINE
8
BLACK
6
CONTINUOUS
10
5.5063365354330704
20
-3.7720298818897637
11
5.5055708661417322
21
-3.7717127165354332
0
LINE
8
BLACK
6
CONTINUOUS
10
5.5055708661417322
20
-3.7717127165354332
11
5.5055834251968498
21
-3.7734964173228347
0
LINE
8
BLACK
6
CONTINUOUS
10
5.5055834251968498
20
-3.7734964173228347
11
5.5055266929133859
21
-3.7740724803149606
0
LINE
8
BLACK
6
CONTINUOUS
10
5.5055266929133859
20
-3.7740724803149606
11
5.5054861023622044
21
-3.7741704330708661
0
LINE
8
BLACK
6
CONTINUOUS
10
5.5054861023622044
20
-3.7741704330708661
11
5.5054785826771653
21
-3.774276338582677
0
LINE
8
BLACK
6
CONTINUOUS
10
5.5054785826771653
20
-3.774276338582677
11
5.5052302362204726
21
-3.7747880708661414
0
LINE
8
BLACK
6
CONTINUOUS
10
5.5052302362204726
20
-3.7747880708661414
11
5.5050857874015744
21
-3.7751368897637794
0
LINE
8
BLACK
6
CONTINUOUS
10
5.5050857874015744
20
-3.7751368897637794
11
5.5050376771653546
21
-3.7751849606299213
0
LINE
8
BLACK
6
CONTINUOUS
10
5.5050376771653546
20
-3.7751849606299213
11
5.5033969291338583
21
-3.7785664566929134
0
LINE
8
BLACK
6
CONTINUOUS
10
5.5033969291338583
20
-3.7785664566929134
11
5.5032408267716537
21
-3.7788144488188977
0
LINE
8
BLACK
6
CONTINUOUS
10
5.5032408267716537
20
-3.7788144488188977
11
5.5032110236220468
21
-3.7788864173228345
0
LINE
8
BLACK
6
CONTINUOUS
10
5.5032110236220468
20
-3.7788864173228345
11
5.5031664960629918
21
-3.7789324803149604
0
LINE
8
BLACK
6
CONTINUOUS
10
5.5031664960629918
20
-3.7789324803149604
11
5.5030885826771652
21
-3.7790563385826772
0
LINE
8
BLACK
6
CONTINUOUS
10
5.5030885826771652
20
-3.7790563385826772
11
5.50283279527559
21
-3.7792781102362203
0
LINE
8
BLACK
6
CONTINUOUS
10
5.50283279527559
20
-3.7792781102362203
11
5.500968976377953
21
-3.7812086614173226
0
LINE
8
BLACK
6
CONTINUOUS
10
5.500968976377953
20
-3.7812086614173226
11
5.5007426377952751
21
-3.7813943700787402
0
LINE
8
BLACK
6
CONTINUOUS
10
5.5007426377952751
20
-3.7813943700787402
11
5.5006914960629922
21
-3.7814533858267714
0
LINE
8
BLACK
6
CONTINUOUS
10
5.5006914960629922
20
-3.7814533858267714
11
5.5006358661417325
21
-3.7814820078740157
0
LINE
8
BLACK
6
CONTINUOUS
10
5.5006358661417325
20
-3.7814820078740157
11
5.5005215354330703
21
-3.7815758661417322
0
LINE
8
BLACK
6
CONTINUOUS
10
5.5005215354330703
20
-3.7815758661417322
11
5.5001746062992121
21
-3.7817195275590549
0
LINE
8
BLACK
6
CONTINUOUS
10
5.5001746062992121
20
-3.7817195275590549
11
5.4964520866141733
21
-3.783636496062992
0
LINE
8
BLACK
6
CONTINUOUS
10
5.4964520866141733
20
-3.783636496062992
11
5.4959114566929133
21
-3.7838433858267715
0
LINE
8
BLACK
6
CONTINUOUS
10
5.4959114566929133
20
-3.7838433858267715
11
5.4958056299212599
21
-3.7838508661417323
0
LINE
8
BLACK
6
CONTINUOUS
10
5.4958056299212599
20
-3.7838508661417323
11
5.4957076377952756
21
-3.7838914960629921
0
LINE
8
BLACK
6
CONTINUOUS
10
5.4957076377952756
20
-3.7838914960629921
11
5.4951824015748034
21
-3.7838951574803148
0
LINE
8
BLACK
6
CONTINUOUS
10
5.4951824015748034
20
-3.7838951574803148
11
5.4947622440944883
21
-3.7839250393700787
0
LINE
8
BLACK
6
CONTINUOUS
10
5.4947622440944883
20
-3.7839250393700787
11
5.4946831889763779
21
-3.7838986614173229
0
LINE
8
BLACK
6
CONTINUOUS
10
5.4946831889763779
20
-3.7838986614173229
11
5.4876325196850395
21
-3.7839482283464565
0
LINE
8
BLACK
6
CONTINUOUS
10
5.4876325196850395
20
-3.7839482283464565
11
5.4870564566929136
21
-3.7838914960629921
0
LINE
8
BLACK
6
CONTINUOUS
10
5.4870564566929136
20
-3.7838914960629921
11
5.4869584645669294
21
-3.783850905511811
0
LINE
8
BLACK
6
CONTINUOUS
10
5.4869584645669294
20
-3.783850905511811
11
5.4868525984251963
21
-3.7838433858267715
0
LINE
8
BLACK
6
CONTINUOUS
10
5.4868525984251963
20
-3.7838433858267715
11
5.4863408267716531
21
-3.7835950393700788
0
LINE
8
BLACK
6
CONTINUOUS
10
5.4863408267716531
20
-3.7835950393700788
11
5.4859920472440944
21
-3.783450590551181
0
LINE
8
BLACK
6
CONTINUOUS
10
5.4859920472440944
20
-3.783450590551181
11
5.4859439370078737
21
-3.7834024803149604
0
LINE
8
BLACK
6
CONTINUOUS
10
5.4859439370078737
20
-3.7834024803149604
11
5.4825624803149609
21
-3.7817617322834645
0
LINE
8
BLACK
6
CONTINUOUS
10
5.4825624803149609
20
-3.7817617322834645
11
5.4823144488188973
21
-3.7816056299212599
0
LINE
8
BLACK
6
CONTINUOUS
10
5.4823144488188973
20
-3.7816056299212599
11
5.4822425196850393
21
-3.7815758267716535
0
LINE
8
BLACK
6
CONTINUOUS
10
5.4822425196850393
20
-3.7815758267716535
11
5.4821964173228341
21
-3.7815312992125985
0
LINE
8
BLACK
6
CONTINUOUS
10
5.4821964173228341
20
-3.7815312992125985
11
5.482072598425197
21
-3.7814533858267714
0
LINE
8
BLACK
6
CONTINUOUS
10
5.482072598425197
20
-3.7814533858267714
11
5.4818508267716535
21
-3.7811976771653542
0
LINE
8
BLACK
6
CONTINUOUS
10
5.4818508267716535
20
-3.7811976771653542
11
5.480107401574803
21
-3.7795144881889762
0
LINE
8
BLACK
6
CONTINUOUS
10
5.480107401574803
20
-3.7795144881889762
11
5.4784718503937011
21
-3.7812086220472438
0
LINE
8
BLACK
6
CONTINUOUS
10
5.4784718503937011
20
-3.7812086220472438
11
5.4782454724409444
21
-3.7813943700787402
0
LINE
8
BLACK
6
CONTINUOUS
10
5.4782454724409444
20
-3.7813943700787402
11
5.4781943307086616
21
-3.7814533858267714
0
LINE
8
BLACK
6
CONTINUOUS
10
5.4781943307086616
20
-3.7814533858267714
11
5.4781386614173231
21
-3.7814820078740157
0
LINE
8
BLACK
6
CONTINUOUS
10
5.4781386614173231
20
-3.7814820078740157
11
5.4780244094488184
21
-3.7815758267716535
0
LINE
8
BLACK
6
CONTINUOUS
10
5.4780244094488184
20
-3.7815758267716535
11
5.4776775984251964
21
-3.7817194488188974
0
LINE
8
BLACK
6
CONTINUOUS
10
5.4776775984251964
20
-3.7817194488188974
11
5.4739549212598426
21
-3.783636496062992
0
LINE
8
BLACK
6
CONTINUOUS
10
5.4739549212598426
20
-3.783636496062992
11
5.4734142913385826
21
-3.7838433858267715
0
LINE
8
BLACK
6
CONTINUOUS
10
5.4734142913385826
20
-3.7838433858267715
11
5.4733084645669292
21
-3.7838508661417323
0
LINE
8
BLACK
6
CONTINUOUS
10
5.4733084645669292
20
-3.7838508661417323
11
5.4732104724409449
21
-3.7838914960629921
0
LINE
8
BLACK
6
CONTINUOUS
10
5.4732104724409449
20
-3.7838914960629921
11
5.4725084645669293
21
-3.7839077165354329
0
LINE
8
BLACK
6
CONTINUOUS
10
5.4725084645669293
20
-3.7839077165354329
11
5.4722650787401577
21
-3.7839250393700787
0
LINE
8
BLACK
6
CONTINUOUS
10
5.4722650787401577
20
-3.7839250393700787
11
5.472232362204724
21
-3.7839141338582678
0
LINE
8
BLACK
6
CONTINUOUS
10
5.472232362204724
20
-3.7839141338582678
11
5.4707596456692915
21
-3.7839482283464565
0
LINE
8
BLACK
6
CONTINUOUS
10
5.4707596456692915
20
-3.7839482283464565
11
5.4701835826771656
21
-3.7838914960629921
0
LINE
8
BLACK
6
CONTINUOUS
10
5.4701835826771656
20
-3.7838914960629921
11
5.4700855905511814
21
-3.783850905511811
0
LINE
8
BLACK
6
CONTINUOUS
10
5.4700855905511814
20
-3.783850905511811
11
5.4699797244094484
21
-3.7838433858267715
0
LINE
8
BLACK
6
CONTINUOUS
10
5.4699797244094484
20
-3.7838433858267715
11
5.4694679527559051
21
-3.7835950393700788
0
LINE
8
BLACK
6
CONTINUOUS
10
5.4694679527559051
20
-3.7835950393700788
11
5.4691191732283464
21
-3.783450590551181
0
LINE
8
BLACK
6
CONTINUOUS
10
5.4691191732283464
20
-3.783450590551181
11
5.4690710629921258
21
-3.7834024803149604
0
LINE
8
BLACK
6
CONTINUOUS
10
5.4690710629921258
20
-3.7834024803149604
11
5.4656896062992129
21
-3.7817617322834645
0
LINE
8
BLACK
6
CONTINUOUS
10
5.4656896062992129
20
-3.7817617322834645
11
5.4654415748031493
21
-3.7816056299212599
0
LINE
8
BLACK
6
CONTINUOUS
10
5.4654415748031493
20
-3.7816056299212599
11
5.4653696456692913
21
-3.7815758267716535
0
LINE
8
BLACK
6
CONTINUOUS
10
5.4653696456692913
20
-3.7815758267716535
11
5.4653235433070861
21
-3.7815312992125985
0
LINE
8
BLACK
6
CONTINUOUS
10
5.4653235433070861
20
-3.7815312992125985
11
5.465199724409449
21
-3.7814533858267714
0
LINE
8
BLACK
6
CONTINUOUS
10
5.465199724409449
20
-3.7814533858267714
11
5.4649779527559055
21
-3.7811976771653542
0
LINE
8
BLACK
6
CONTINUOUS
10
5.4649779527559055
20
-3.7811976771653542
11
5.4630474409448819
21
-3.7793338582677163
0
LINE
8
BLACK
6
CONTINUOUS
10
5.4630474409448819
20
-3.7793338582677163
11
5.4628616535433068
21
-3.7791074803149605
0
LINE
8
BLACK
6
CONTINUOUS
10
5.4628616535433068
20
-3.7791074803149605
11
5.4628026771653539
21
-3.7790563385826772
0
LINE
8
BLACK
6
CONTINUOUS
10
5.4628026771653539
20
-3.7790563385826772
11
5.4627740157480318
21
-3.7790006692913387
0
LINE
8
BLACK
6
CONTINUOUS
10
5.4627740157480318
20
-3.7790006692913387
11
5.4626802362204723
21
-3.7788864173228345
0
LINE
8
BLACK
6
CONTINUOUS
10
5.4626802362204723
20
-3.7788864173228345
11
5.4625365748031491
21
-3.7785396062992125
0
LINE
8
BLACK
6
CONTINUOUS
10
5.4625365748031491
20
-3.7785396062992125
11
5.4606195669291333
21
-3.7748169291338582
0
LINE
8
BLACK
6
CONTINUOUS
10
5.4606195669291333
20
-3.7748169291338582
11
5.4604126771653538
21
-3.7742762992125982
0
LINE
8
BLACK
6
CONTINUOUS
10
5.4604126771653538
20
-3.7742762992125982
11
5.4604051574803147
21
-3.7741704724409448
0
LINE
8
BLACK
6
CONTINUOUS
10
5.4604051574803147
20
-3.7741704724409448
11
5.4603645669291341
21
-3.7740724803149606
0
LINE
8
BLACK
6
CONTINUOUS
10
5.4603645669291341
20
-3.7740724803149606
11
5.4603608661417322
21
-3.7735472440944879
0
LINE
8
BLACK
6
CONTINUOUS
10
5.4603608661417322
20
-3.7735472440944879
11
5.4603310236220475
21
-3.7731270866141733
0
LINE
8
BLACK
6
CONTINUOUS
10
5.4603310236220475
20
-3.7731270866141733
11
5.4603573622047241
21
-3.7730480314960628
0
LINE
8
BLACK
6
CONTINUOUS
10
5.4603573622047241
20
-3.7730480314960628
11
5.4603078346456693
21
-3.7659973622047245
0
LINE
8
BLACK
6
CONTINUOUS
10
5.4603078346456693
20
-3.7659973622047245
11
5.4603645669291341
21
-3.7654212992125982
0
LINE
8
BLACK
6
CONTINUOUS
10
5.4603645669291341
20
-3.7654212992125982
11
5.4604051574803147
21
-3.7653232677165351
0
LINE
8
BLACK
6
CONTINUOUS
10
5.4604051574803147
20
-3.7653232677165351
11
5.4604126771653538
21
-3.7652174803149605
0
LINE
8
BLACK
6
CONTINUOUS
10
5.4604126771653538
20
-3.7652174803149605
11
5.4606608661417324
21
-3.7647059055118111
0
LINE
8
BLACK
6
CONTINUOUS
10
5.4606608661417324
20
-3.7647059055118111
11
5.4608054724409447
21
-3.7643568897637794
0
LINE
8
BLACK
6
CONTINUOUS
10
5.4608054724409447
20
-3.7643568897637794
11
5.4608535826771654
21
-3.7643087401574804
0
LINE
8
BLACK
6
CONTINUOUS
10
5.4608535826771654
20
-3.7643087401574804
11
5.4624943307086609
21
-3.7609273228346454
0
LINE
8
BLACK
6
CONTINUOUS
10
5.4624943307086609
20
-3.7609273228346454
11
5.4626503937007875
21
-3.7606792913385827
0
LINE
8
BLACK
6
CONTINUOUS
10
5.4626503937007875
20
-3.7606792913385827
11
5.4626802362204723
21
-3.7606073622047242
0
LINE
8
BLACK
6
CONTINUOUS
10
5.4626802362204723
20
-3.7606073622047242
11
5.4627247244094486
21
-3.7605612598425195
0
LINE
8
BLACK
6
CONTINUOUS
10
5.4627247244094486
20
-3.7605612598425195
11
5.4628026771653539
21
-3.760437440944882
0
LINE
8
BLACK
6
CONTINUOUS
10
5.4628026771653539
20
-3.760437440944882
11
5.4630583464566929
21
-3.7602156692913384
0
LINE
8
BLACK
6
CONTINUOUS
10
5.4630583464566929
20
-3.7602156692913384
11
5.4649222047244095
21
-3.7582851574803149
0
LINE
8
BLACK
6
CONTINUOUS
10
5.4649222047244095
20
-3.7582851574803149
11
5.4651485433070865
21
-3.7580993700787402
0
LINE
8
BLACK
6
CONTINUOUS
10
5.4651485433070865
20
-3.7580993700787402
11
5.465199724409449
21
-3.7580403937007874
0
LINE
8
BLACK
6
CONTINUOUS
10
5.465199724409449
20
-3.7580403937007874
11
5.4652553543307087
21
-3.7580117322834643
0
LINE
8
BLACK
6
CONTINUOUS
10
5.4652553543307087
20
-3.7580117322834643
11
5.4653696456692913
21
-3.7579179527559052
0
LINE
8
BLACK
6
CONTINUOUS
10
5.4653696456692913
20
-3.7579179527559052
11
5.465716496062992
21
-3.7577742519685038
0
LINE
8
BLACK
6
CONTINUOUS
10
5.465716496062992
20
-3.7577742519685038
11
5.469439133858268
21
-3.7558572834645667
0
LINE
8
BLACK
6
CONTINUOUS
10
5.469439133858268
20
-3.7558572834645667
11
5.4699797244094484
21
-3.7556503937007872
0
LINE
8
BLACK
6
CONTINUOUS
10
5.4699797244094484
20
-3.7556503937007872
11
5.4700855905511814
21
-3.7556428346456694
0
LINE
8
BLACK
6
CONTINUOUS
10
5.4700855905511814
20
-3.7556428346456694
11
5.4701835826771656
21
-3.755602283464567
0
LINE
8
BLACK
6
CONTINUOUS
10
5.4701835826771656
20
-3.755602283464567
11
5.4708855118110238
21
-3.7555860236220471
0
LINE
8
BLACK
6
CONTINUOUS
10
5.4708855118110238
20
-3.7555860236220471
11
5.4711289370078742
21
-3.7555687401574804
0
LINE
8
BLACK
6
CONTINUOUS
10
5.4711289370078742
20
-3.7555687401574804
11
5.4711616141732282
21
-3.7555796062992126
0
LINE
8
BLACK
6
CONTINUOUS
10
5.4711616141732282
20
-3.7555796062992126
11
5.4726344094488191
21
-3.7555455511811022
0
LINE
8
BLACK
6
CONTINUOUS
10
5.4726344094488191
20
-3.7555455511811022
11
5.4732104724409449
21
-3.755602283464567
0
LINE
8
BLACK
6
CONTINUOUS
10
5.4732104724409449
20
-3.755602283464567
11
5.4733084645669292
21
-3.7556428740157481
0
LINE
8
BLACK
6
CONTINUOUS
10
5.4733084645669292
20
-3.7556428740157481
11
5.4734142913385826
21
-3.7556503937007872
0
LINE
8
BLACK
6
CONTINUOUS
10
5.4734142913385826
20
-3.7556503937007872
11
5.4739258267716533
21
-3.7558985826771654
0
LINE
8
BLACK
6
CONTINUOUS
10
5.4739258267716533
20
-3.7558985826771654
11
5.4742748818897633
21
-3.7560431889763777
0
LINE
8
BLACK
6
CONTINUOUS
10
5.4742748818897633
20
-3.7560431889763777
11
5.4743229921259839
21
-3.7560912992125983
0
LINE
8
BLACK
6
CONTINUOUS
10
5.4743229921259839
20
-3.7560912992125983
11
5.4777044488188977
21
-3.7577320472440943
0
LINE
8
BLACK
6
CONTINUOUS
10
5.4777044488188977
20
-3.7577320472440943
11
5.4779524409448817
21
-3.7578881102362205
0
LINE
8
BLACK
6
CONTINUOUS
10
5.4779524409448817
20
-3.7578881102362205
11
5.4780244094488184
21
-3.7579179527559052
0
LINE
8
BLACK
6
CONTINUOUS
10
5.4780244094488184
20
-3.7579179527559052
11
5.4780704724409448
21
-3.757962440944882
0
LINE
8
BLACK
6
CONTINUOUS
10
5.4780704724409448
20
-3.757962440944882
11
5.4781943307086616
21
-3.7580403937007874
0
LINE
8
BLACK
6
CONTINUOUS
10
5.4781943307086616
20
-3.7580403937007874
11
5.4784160629921255
21
-3.7582960629921258
0
LINE
8
BLACK
6
CONTINUOUS
10
5.4784160629921255
20
-3.7582960629921258
11
5.4801594881889759
21
-3.7599792519685038
0
LINE
8
BLACK
6
CONTINUOUS
10
5.4801594881889759
20
-3.7599792519685038
11
5.4817950787401575
21
-3.7582851574803149
0
LINE
8
BLACK
6
CONTINUOUS
10
5.4817950787401575
20
-3.7582851574803149
11
5.4820214173228345
21
-3.7580993700787402
0
LINE
8
BLACK
6
CONTINUOUS
10
5.4820214173228345
20
-3.7580993700787402
11
5.482072598425197
21
-3.7580403937007874
0
LINE
8
BLACK
6
CONTINUOUS
10
5.482072598425197
20
-3.7580403937007874
11
5.4821282283464567
21
-3.7580117322834643
0
LINE
8
BLACK
6
CONTINUOUS
10
5.4821282283464567
20
-3.7580117322834643
11
5.4822425196850393
21
-3.7579179527559052
0
LINE
8
BLACK
6
CONTINUOUS
10
5.4822425196850393
20
-3.7579179527559052
11
5.48258937007874
21
-3.7577742519685038
0
LINE
8
BLACK
6
CONTINUOUS
10
5.48258937007874
20
-3.7577742519685038
11
5.486312007874016
21
-3.7558572834645667
0
LINE
8
BLACK
6
CONTINUOUS
10
5.486312007874016
20
-3.7558572834645667
11
5.4868525984251963
21
-3.7556503937007872
0
LINE
8
BLACK
6
CONTINUOUS
10
5.4868525984251963
20
-3.7556503937007872
11
5.4869584645669294
21
-3.7556428346456694
0
LINE
8
BLACK
6
CONTINUOUS
10
5.4869584645669294
20
-3.7556428346456694
11
5.4870564566929136
21
-3.755602283464567
0
LINE
8
BLACK
6
CONTINUOUS
10
5.4870564566929136
20
-3.755602283464567
11
5.4875816141732283
21
-3.7555985826771652
0
LINE
8
BLACK
6
CONTINUOUS
10
5.4875816141732283
20
-3.7555985826771652
11
5.4880018110236222
21
-3.7555687401574804
0
LINE
8
BLACK
6
CONTINUOUS
10
5.4880018110236222
20
-3.7555687401574804
11
5.488080826771653
21
-3.7555950787401575
0
LINE
8
BLACK
6
CONTINUOUS
10
5.488080826771653
20
-3.7555950787401575
11
5.4951315748031497
21
-3.7555455511811022
0
LINE
8
BLACK
6
CONTINUOUS
10
5.4951315748031497
20
-3.7555455511811022
11
5.4957076377952756
21
-3.755602283464567
0
LINE
8
BLACK
6
CONTINUOUS
10
5.4957076377952756
20
-3.755602283464567
11
5.4958056299212599
21
-3.7556428740157481
0
LINE
8
BLACK
6
CONTINUOUS
10
5.4958056299212599
20
-3.7556428740157481
11
5.4959114566929133
21
-3.7556503937007872
0
LINE
8
BLACK
6
CONTINUOUS
10
5.4959114566929133
20
-3.7556503937007872
11
5.496422992125984
21
-3.7558985826771654
0
LINE
8
BLACK
6
CONTINUOUS
10
5.496422992125984
20
-3.7558985826771654
11
5.496772047244094
21
-3.7560431889763777
0
LINE
8
BLACK
6
CONTINUOUS
10
5.496772047244094
20
-3.7560431889763777
11
5.4968201574803146
21
-3.7560912992125983
0
LINE
8
BLACK
6
CONTINUOUS
10
5.4968201574803146
20
-3.7560912992125983
11
5.5002016141732284
21
-3.7577320472440943
0
LINE
8
BLACK
6
CONTINUOUS
10
5.5002016141732284
20
-3.7577320472440943
11
5.5004494881889761
21
-3.7578880708661417
0
LINE
8
BLACK
6
CONTINUOUS
10
5.5004494881889761
20
-3.7578880708661417
11
5.5005215354330703
21
-3.7579179133858265
0
LINE
8
BLACK
6
CONTINUOUS
10
5.5005215354330703
20
-3.7579179133858265
11
5.5005676377952755
21
-3.757962440944882
0
LINE
8
BLACK
6
CONTINUOUS
10
5.5005676377952755
20
-3.757962440944882
11
5.5006914960629922
21
-3.7580403937007874
0
LINE
8
BLACK
6
CONTINUOUS
10
5.5006914960629922
20
-3.7580403937007874
11
5.5009131889763783
21
-3.7582960236220471
0
LINE
8
BLACK
6
CONTINUOUS
10
5.5009131889763783
20
-3.7582960236220471
11
5.5028437795275593
21
-3.7601598818897637
0
LINE
8
BLACK
6
CONTINUOUS
10
5.5028437795275593
20
-3.7601598818897637
11
5.5030295275590548
21
-3.7603862204724408
0
LINE
8
BLACK
6
CONTINUOUS
10
5.5030295275590548
20
-3.7603862204724408
11
5.5030885826771652
21
-3.760437440944882
0
LINE
8
BLACK
6
CONTINUOUS
10
5.5030885826771652
20
-3.760437440944882
11
5.5031172047244095
21
-3.7604930708661417
0
LINE
8
BLACK
6
CONTINUOUS
10
5.5031172047244095
20
-3.7604930708661417
11
5.5032110236220468
21
-3.7606073622047242
0
LINE
8
BLACK
6
CONTINUOUS
10
5.5032110236220468
20
-3.7606073622047242
11
5.50335468503937
21
-3.760954212598425
0
LINE
8
BLACK
6
CONTINUOUS
10
5.50335468503937
20
-3.760954212598425
11
5.5052716929133858
21
-3.7646768503937005
0
LINE
8
BLACK
6
CONTINUOUS
10
5.5052716929133858
20
-3.7646768503937005
11
5.5054785826771653
21
-3.7652174409448818
0
LINE
8
BLACK
6
CONTINUOUS
10
5.5054785826771653
20
-3.7652174409448818
11
5.5054861023622044
21
-3.7653233070866139
0
LINE
8
BLACK
6
CONTINUOUS
10
5.5054861023622044
20
-3.7653233070866139
11
5.5055266929133859
21
-3.7654212992125982
0
LINE
8
BLACK
6
CONTINUOUS
10
5.5055266929133859
20
-3.7654212992125982
11
5.5055303543307081
21
-3.7659464566929133
0
LINE
8
BLACK
6
CONTINUOUS
10
5.5055303543307081
20
-3.7659464566929133
11
5.5055602362204725
21
-3.7663666535433071
0
LINE
8
BLACK
6
CONTINUOUS
10
5.5055602362204725
20
-3.7663666535433071
11
5.5055338582677162
21
-3.7664456692913384
0
LINE
8
BLACK
6
CONTINUOUS
10
5.5055338582677162
20
-3.7664456692913384
11
5.5055347244094488
21
-3.766569960629921
0
LINE
8
BLACK
6
CONTINUOUS
10
5.5055347244094488
20
-3.766569960629921
11
5.5063365354330704
21
-3.7662378346456693
0
LINE
8
BLACK
6
CONTINUOUS
10
5.5063365354330704
20
-3.7662378346456693
11
5.5252166929133857
21
-3.7662300787401572
0
LINE
8
BLACK
6
CONTINUOUS
10
5.5252166929133857
20
-3.7662300787401572
11
5.5055451181102359
21
-3.72854468503937
0
LINE
8
BLACK
6
CONTINUOUS
10
5.5055451181102359
20
-3.72854468503937
11
5.5055834251968498
21
-3.7453749212598426
0
LINE
8
BLACK
6
CONTINUOUS
10
5.5055834251968498
20
-3.7453749212598426
11
5.5055266929133859
21
-3.7459509842519685
0
LINE
8
BLACK
6
CONTINUOUS
10
5.5055266929133859
20
-3.7459509842519685
11
5.5053975590551181
21
-3.746262716535433
0
LINE
8
BLACK
6
CONTINUOUS
10
5.5053975590551181
20
-3.746262716535433
11
5.5050858267716531
21
-3.7470153937007873
0
LINE
8
BLACK
6
CONTINUOUS
10
5.5050858267716531
20
-3.7470153937007873
11
5.5042711417322829
21
-3.7478300393700787
0
LINE
8
BLACK
6
CONTINUOUS
10
5.5042711417322829
20
-3.7478300393700787
11
5.5032067322834646
21
-3.7482709448818898
0
LINE
8
BLACK
6
CONTINUOUS
10
5.5032067322834646
20
-3.7482709448818898
11
5.5020546456692916
21
-3.7482709448818898
0
LINE
8
BLACK
6
CONTINUOUS
10
5.5020546456692916
20
-3.7482709448818898
11
5.5020546062992128
21
-3.7482709448818898
0
LINE
8
BLACK
6
CONTINUOUS
10
5.5020546062992128
20
-3.7482709448818898
11
5.5017428346456692
21
-3.748141811023622
0
LINE
8
BLACK
6
CONTINUOUS
10
5.5017428346456692
20
-3.748141811023622
11
5.5009901968503936
21
-3.7478300787401575
0
LINE
8
BLACK
6
CONTINUOUS
10
5.5009901968503936
20
-3.7478300787401575
11
5.4784696850393697
21
-3.7253883464566928
0
LINE
8
BLACK
6
CONTINUOUS
10
5.4784696850393697
20
-3.7253883464566928
11
5.4739157086614174
21
-3.7239143307086615
0
LINE
8
BLACK
6
CONTINUOUS
10
5.4739157086614174
20
-3.7239143307086615
11
5.4713817322834641
21
-3.7239475590551181
0
LINE
8
BLACK
6
CONTINUOUS
10
5.4713817322834641
20
-3.7239475590551181
11
5.4686659448818897
21
-3.7253460629921258
0
LINE
8
BLACK
6
CONTINUOUS
10
5.4686659448818897
20
-3.7253460629921258
11
5.4674752362204719
21
-3.7265794094488189
0
LINE
8
BLACK
6
CONTINUOUS
10
5.4674752362204719
20
-3.7265794094488189
11
5.4661643307086614
21
-3.729281062992126
0
LINE
8
BLACK
6
CONTINUOUS
10
5.4661643307086614
20
-3.729281062992126
11
5.4662098425196852
21
-3.7372627952755906
0
LINE
8
BLACK
6
CONTINUOUS
10
5.4662098425196852
20
-3.7372627952755906
11
5.4676036614173231
21
-3.739969527559055
0
LINE
8
BLACK
6
CONTINUOUS
10
5.4676036614173231
20
-3.739969527559055
11
5.4690980314960624
21
-3.7414122440944881
0
LINE
8
BLACK
6
CONTINUOUS
10
5.4690980314960624
20
-3.7414122440944881
11
5.4694652362204721
21
-3.7418596850393699
0
LINE
8
BLACK
6
CONTINUOUS
10
5.4694652362204721
20
-3.7418596850393699
11
5.4699061417322836
21
-3.7429240944881887
0
LINE
8
BLACK
6
CONTINUOUS
10
5.4699061417322836
20
-3.7429240944881887
11
5.4699061417322836
21
-3.7440761811023622
0
LINE
8
BLACK
6
CONTINUOUS
10
5.4699061417322836
20
-3.7440761811023622
11
5.4694652362204721
21
-3.745140590551181
0
LINE
8
BLACK
6
CONTINUOUS
10
5.4694652362204721
20
-3.745140590551181
11
5.4686505511811019
21
-3.7459552755905512
0
LINE
8
BLACK
6
CONTINUOUS
10
5.4686505511811019
20
-3.7459552755905512
11
5.4675861417322835
21
-3.7463961811023623
0
LINE
8
BLACK
6
CONTINUOUS
10
5.4675861417322835
20
-3.7463961811023623
11
5.4664340551181105
21
-3.7463961811023623
0
LINE
8
BLACK
6
CONTINUOUS
10
5.4664340551181105
20
-3.7463961811023623
11
5.4653696456692913
21
-3.7459552755905512
0
LINE
8
BLACK
6
CONTINUOUS
10
5.4653696456692913
20
-3.7459552755905512
11
5.4630474409448819
21
-3.743713307086614
0
LINE
8
BLACK
6
CONTINUOUS
10
5.4630474409448819
20
-3.743713307086614
11
5.4628616535433068
21
-3.7434869291338582
0
LINE
8
BLACK
6
CONTINUOUS
10
5.4628616535433068
20
-3.7434869291338582
11
5.4628026771653539
21
-3.7434357874015749
0
LINE
8
BLACK
6
CONTINUOUS
10
5.4628026771653539
20
-3.7434357874015749
11
5.4627740157480318
21
-3.743380118110236
0
LINE
8
BLACK
6
CONTINUOUS
10
5.4627740157480318
20
-3.743380118110236
11
5.4626802362204723
21
-3.7432658661417322
0
LINE
8
BLACK
6
CONTINUOUS
10
5.4626802362204723
20
-3.7432658661417322
11
5.4625365748031491
21
-3.7429190551181102
0
LINE
8
BLACK
6
CONTINUOUS
10
5.4625365748031491
20
-3.7429190551181102
11
5.4606195669291333
21
-3.7391963779527559
0
LINE
8
BLACK
6
CONTINUOUS
10
5.4606195669291333
20
-3.7391963779527559
11
5.4604126771653538
21
-3.7386557480314959
0
LINE
8
BLACK
6
CONTINUOUS
10
5.4604126771653538
20
-3.7386557480314959
11
5.4604051574803147
21
-3.7385499212598425
0
LINE
8
BLACK
6
CONTINUOUS
10
5.4604051574803147
20
-3.7385499212598425
11
5.4603645669291341
21
-3.7384519291338583
0
LINE
8
BLACK
6
CONTINUOUS
10
5.4603645669291341
20
-3.7384519291338583
11
5.4603616141732285
21
-3.7379373228346457
0
LINE
8
BLACK
6
CONTINUOUS
10
5.4603616141732285
20
-3.7379373228346457
11
5.4603310236220475
21
-3.737506535433071
0
LINE
8
BLACK
6
CONTINUOUS
10
5.4603310236220475
20
-3.737506535433071
11
5.4603587007874017
21
-3.7374234645669291
0
LINE
8
BLACK
6
CONTINUOUS
10
5.4603587007874017
20
-3.7374234645669291
11
5.4603078346456693
21
-3.7285020472440946
0
LINE
8
BLACK
6
CONTINUOUS
10
5.4603078346456693
20
-3.7285020472440946
11
5.4603645669291341
21
-3.7279259842519683
0
LINE
8
BLACK
6
CONTINUOUS
10
5.4603645669291341
20
-3.7279259842519683
11
5.4604051574803147
21
-3.7278279527559053
0
LINE
8
BLACK
6
CONTINUOUS
10
5.4604051574803147
20
-3.7278279527559053
11
5.4604126771653538
21
-3.7277221653543307
0
LINE
8
BLACK
6
CONTINUOUS
10
5.4604126771653538
20
-3.7277221653543307
11
5.4606608661417324
21
-3.7272105905511812
0
LINE
8
BLACK
6
CONTINUOUS
10
5.4606608661417324
20
-3.7272105905511812
11
5.4608054724409447
21
-3.7268615748031495
0
LINE
8
BLACK
6
CONTINUOUS
10
5.4608054724409447
20
-3.7268615748031495
11
5.4608535826771654
21
-3.7268134251968501
0
LINE
8
BLACK
6
CONTINUOUS
10
5.4608535826771654
20
-3.7268134251968501
11
5.4624943307086609
21
-3.7234320078740155
0
LINE
8
BLACK
6
CONTINUOUS
10
5.4624943307086609
20
-3.7234320078740155
11
5.4626503937007875
21
-3.7231839763779528
0
LINE
8
BLACK
6
CONTINUOUS
10
5.4626503937007875
20
-3.7231839763779528
11
5.4626802362204723
21
-3.7231120472440944
0
LINE
8
BLACK
6
CONTINUOUS
10
5.4626802362204723
20
-3.7231120472440944
11
5.4627247244094486
21
-3.7230659448818897
0
LINE
8
BLACK
6
CONTINUOUS
10
5.4627247244094486
20
-3.7230659448818897
11
5.4628026771653539
21
-3.7229421259842517
0
LINE
8
BLACK
6
CONTINUOUS
10
5.4628026771653539
20
-3.7229421259842517
11
5.4630583464566929
21
-3.7227203543307086
0
LINE
8
BLACK
6
CONTINUOUS
10
5.4630583464566929
20
-3.7227203543307086
11
5.4649222047244095
21
-3.720789842519685
0
LINE
8
BLACK
6
CONTINUOUS
10
5.4649222047244095
20
-3.720789842519685
11
5.4651485433070865
21
-3.7206040551181103
0
LINE
8
BLACK
6
CONTINUOUS
10
5.4651485433070865
20
-3.7206040551181103
11
5.465199724409449
21
-3.7205450787401575
0
LINE
8
BLACK
6
CONTINUOUS
10
5.465199724409449
20
-3.7205450787401575
11
5.4652553543307087
21
-3.7205164173228344
0
LINE
8
BLACK
6
CONTINUOUS
10
5.4652553543307087
20
-3.7205164173228344
11
5.4653696456692913
21
-3.7204226377952754
0
LINE
8
BLACK
6
CONTINUOUS
10
5.4653696456692913
20
-3.7204226377952754
11
5.465716496062992
21
-3.7202789370078739
0
LINE
8
BLACK
6
CONTINUOUS
10
5.465716496062992
20
-3.7202789370078739
11
5.469439133858268
21
-3.7183619685039369
0
LINE
8
BLACK
6
CONTINUOUS
10
5.469439133858268
20
-3.7183619685039369
11
5.4699797244094484
21
-3.7181550787401574
0
LINE
8
BLACK
6
CONTINUOUS
10
5.4699797244094484
20
-3.7181550787401574
11
5.4700855905511814
21
-3.7181475196850391
0
LINE
8
BLACK
6
CONTINUOUS
10
5.4700855905511814
20
-3.7181475196850391
11
5.4701835826771656
21
-3.7181069685039367
0
LINE
8
BLACK
6
CONTINUOUS
10
5.4701835826771656
20
-3.7181069685039367
11
5.4707639370078738
21
-3.7180993307086614
0
LINE
8
BLACK
6
CONTINUOUS
10
5.4707639370078738
20
-3.7180993307086614
11
5.4711289370078742
21
-3.7180734251968501
0
LINE
8
BLACK
6
CONTINUOUS
10
5.4711289370078742
20
-3.7180734251968501
11
5.4711899606299212
21
-3.7180937401574803
0
LINE
8
BLACK
6
CONTINUOUS
10
5.4711899606299212
20
-3.7180937401574803
11
5.4745091732283466
21
-3.7180502362204724
0
LINE
8
BLACK
6
CONTINUOUS
10
5.4745091732283466
20
-3.7180502362204724
11
5.4748007086614168
21
-3.7180789370078737
0
LINE
8
BLACK
6
CONTINUOUS
10
5.4748007086614168
20
-3.7180789370078737
11
5.4748784645669293
21
-3.7180734251968501
0
LINE
8
BLACK
6
CONTINUOUS
10
5.4748784645669293
20
-3.7180734251968501
11
5.4749369685039371
21
-3.7180923622047244
0
LINE
8
BLACK
6
CONTINUOUS
10
5.4749369685039371
20
-3.7180923622047244
11
5.4750852362204725
21
-3.7181069685039367
0
LINE
8
BLACK
6
CONTINUOUS
10
5.4750852362204725
20
-3.7181069685039367
11
5.4754538582677164
21
-3.7182596456692911
0
LINE
8
BLACK
6
CONTINUOUS
10
5.4754538582677164
20
-3.7182596456692911
11
5.4810672047244093
21
-3.7200765354330709
0
LINE
8
BLACK
6
CONTINUOUS
10
5.4810672047244093
20
-3.7200765354330709
11
5.4815957480314959
21
-3.7203125196850393
0
LINE
8
BLACK
6
CONTINUOUS
10
5.4815957480314959
20
-3.7203125196850393
11
5.4816758661417317
21
-3.7203820078740155
0
LINE
8
BLACK
6
CONTINUOUS
10
5.4816758661417317
20
-3.7203820078740155
11
5.4817739370078735
21
-3.7204226377952754
0
LINE
8
BLACK
6
CONTINUOUS
10
5.4817739370078735
20
-3.7204226377952754
11
5.4821178740157483
21
-3.7207653543307084
0
LINE
8
BLACK
6
CONTINUOUS
10
5.4821178740157483
20
-3.7207653543307084
11
5.4824661023622046
21
-3.7210674015748029
0
LINE
8
BLACK
6
CONTINUOUS
10
5.4824661023622046
20
-3.7210674015748029
11
5.4825109055118109
21
-3.7211570472440942
0
LINE
8
BLACK
6
CONTINUOUS
10
5.4825109055118109
20
-3.7211570472440942
11
5.4997172440944881
21
-3.7383031496062991
0
LINE
8
BLACK
6
CONTINUOUS
10
5.4997172440944881
20
-3.7383031496062991
11
5.4996779133858267
21
-3.721002992125984
0
LINE
8
BLACK
6
CONTINUOUS
10
5.4996779133858267
20
-3.721002992125984
11
5.4997346456692915
21
-3.7204269291338581
0
LINE
8
BLACK
6
CONTINUOUS
10
5.4997346456692915
20
-3.7204269291338581
11
5.5001755511811021
21
-3.7193625196850393
0
LINE
8
BLACK
6
CONTINUOUS
10
5.5001755511811021
20
-3.7193625196850393
11
5.5009901968503936
21
-3.7185478740157478
0
LINE
8
BLACK
6
CONTINUOUS
10
5.5009901968503936
20
-3.7185478740157478
11
5.5020546062992128
21
-3.7181069685039367
0
LINE
8
BLACK
6
CONTINUOUS
10
5.5020546062992128
20
-3.7181069685039367
11
5.5032067322834646
21
-3.7181069685039367
0
LINE
8
BLACK
6
CONTINUOUS
10
5.5032067322834646
20
-3.7181069685039367
11
5.5042711417322829
21
-3.7185478740157478
0
LINE
8
BLACK
6
CONTINUOUS
10
5.5042711417322829
20
-3.7185478740157478
11
5.5050857874015744
21
-3.7193625196850393
0
LINE
8
BLACK
6
CONTINUOUS
10
5.5050857874015744
20
-3.7193625196850393
11
5.5055266929133859
21
-3.7204269291338581
0
LINE
8
BLACK
6
CONTINUOUS
10
5.5055266929133859
20
-3.7204269291338581
11
5.5055307874015744
21
-3.7222376377952755
0
LINE
8
BLACK
6
CONTINUOUS
10
5.5055307874015744
20
-3.7222376377952755
11
5.5060862992125985
21
-3.7219485039370079
0
LINE
8
BLACK
6
CONTINUOUS
10
5.5060862992125985
20
-3.7219485039370079
11
5.5072340157480317
21
-3.7218481102362202
0
LINE
8
BLACK
6
CONTINUOUS
10
5.5072340157480317
20
-3.7218481102362202
11
5.5083327952755905
21
-3.7221945275590551
0
LINE
8
BLACK
6
CONTINUOUS
10
5.5083327952755905
20
-3.7221945275590551
11
5.509215354330709
21
-3.7229350787401576
0
LINE
8
BLACK
6
CONTINUOUS
10
5.509215354330709
20
-3.7229350787401576
11
5.5271002362204724
21
-3.7571977165354329
0
LINE
8
BLACK
6
CONTINUOUS
10
5.5271002362204724
20
-3.7571977165354329
11
5.5270507874015751
21
-3.5911015354330709
0
LINE
8
BLACK
6
CONTINUOUS
10
5.5270507874015751
20
-3.5911015354330709
11
5.5095316929133853
21
-3.6248478346456694
0
LINE
8
BLACK
6
CONTINUOUS
10
5.5095316929133853
20
-3.6248478346456694
11
5.509215354330709
21
-3.6253326377952755
0
LINE
8
BLACK
6
CONTINUOUS
10
5.509215354330709
20
-3.6253326377952755
11
5.5083327952755905
21
-3.626073188976378
0
LINE
8
BLACK
6
CONTINUOUS
10
5.5083327952755905
20
-3.626073188976378
11
5.5072340157480317
21
-3.6264196062992125
0
LINE
8
BLACK
6
CONTINUOUS
10
5.5072340157480317
20
-3.6264196062992125
11
5.5060862992125985
21
-3.6263192125984252
0
LINE
8
BLACK
6
CONTINUOUS
10
5.5060862992125985
20
-3.6263192125984252
11
5.5050643307086613
21
-3.6257872047244093
0
LINE
8
BLACK
6
CONTINUOUS
10
5.5050643307086613
20
-3.6257872047244093
11
5.5043237795275592
21
-3.6249046456692913
0
LINE
8
BLACK
6
CONTINUOUS
10
5.5043237795275592
20
-3.6249046456692913
11
5.5039773622047239
21
-3.6238058661417321
0
LINE
8
BLACK
6
CONTINUOUS
10
5.5039773622047239
20
-3.6238058661417321
11
5.5040777559055121
21
-3.6226581496062993
0
LINE
8
BLACK
6
CONTINUOUS
10
5.5040777559055121
20
-3.6226581496062993
11
5.5251440157480314
21
-3.5820791338582678
0
LINE
8
BLACK
6
CONTINUOUS
10
5.5251440157480314
20
-3.5820791338582678
11
5.5069125984251963
21
-3.5820866141732282
0
LINE
8
BLACK
6
CONTINUOUS
10
5.5069125984251963
20
-3.5820866141732282
11
5.5063365354330704
21
-3.5820298818897638
0
LINE
8
BLACK
6
CONTINUOUS
10
5.5063365354330704
20
-3.5820298818897638
11
5.5055266929133859
21
-3.581694409448819
0
LINE
8
BLACK
6
CONTINUOUS
10
5.5055266929133859
20
-3.581694409448819
11
5.5055266929133859
21
-3.5828463779527557
0
LINE
8
BLACK
6
CONTINUOUS
10
5.5055266929133859
20
-3.5828463779527557
11
5.5050857874015744
21
-3.5839107874015745
0
LINE
8
BLACK
6
CONTINUOUS
10
5.5050857874015744
20
-3.5839107874015745
11
5.5042711417322829
21
-3.584725433070866
0
LINE
8
BLACK
6
CONTINUOUS
10
5.5042711417322829
20
-3.584725433070866
11
5.5032067322834646
21
-3.5851663385826771
0
LINE
8
BLACK
6
CONTINUOUS
10
5.5032067322834646
20
-3.5851663385826771
11
5.4826176377952756
21
-3.5852214173228347
0
LINE
8
BLACK
6
CONTINUOUS
10
5.4826176377952756
20
-3.5852214173228347
11
5.4804115354330705
21
-3.5863574803149607
0
LINE
8
BLACK
6
CONTINUOUS
10
5.4804115354330705
20
-3.5863574803149607
11
5.4792922440944878
21
-3.5886641732283464
0
LINE
8
BLACK
6
CONTINUOUS
10
5.4792922440944878
20
-3.5886641732283464
11
5.4793310236220467
21
-3.5929016535433069
0
LINE
8
BLACK
6
CONTINUOUS
10
5.4793310236220467
20
-3.5929016535433069
11
5.480727007874016
21
-3.5956125590551182
0
LINE
8
BLACK
6
CONTINUOUS
10
5.480727007874016
20
-3.5956125590551182
11
5.4813721259842518
21
-3.5962353937007872
0
LINE
8
BLACK
6
CONTINUOUS
10
5.4813721259842518
20
-3.5962353937007872
11
5.5026306692913387
21
-3.5961904330708663
0
LINE
8
BLACK
6
CONTINUOUS
10
5.5026306692913387
20
-3.5961904330708663
11
5.5032067322834646
21
-3.5962471653543306
0
LINE
8
BLACK
6
CONTINUOUS
10
5.5032067322834646
20
-3.5962471653543306
11
5.5042711417322829
21
-3.5966880708661417
0
LINE
8
BLACK
6
CONTINUOUS
10
5.5042711417322829
20
-3.5966880708661417
11
5.5050857874015744
21
-3.5975027165354332
0
LINE
8
BLACK
6
CONTINUOUS
10
5.5050857874015744
20
-3.5975027165354332
11
5.5055266929133859
21
-3.598567125984252
0
LINE
8
BLACK
6
CONTINUOUS
10
5.5055266929133859
20
-3.598567125984252
11
5.5055266929133859
21
-3.5997192519685037
0
LINE
8
BLACK
6
CONTINUOUS
10
5.5055266929133859
20
-3.5997192519685037
11
5.5050857874015744
21
-3.6007836614173225
0
LINE
8
BLACK
6
CONTINUOUS
10
5.5050857874015744
20
-3.6007836614173225
11
5.5042711417322829
21
-3.601598307086614
0
LINE
8
BLACK
6
CONTINUOUS
10
5.5042711417322829
20
-3.601598307086614
11
5.5032067322834646
21
-3.6020392125984251
0
LINE
8
BLACK
6
CONTINUOUS
10
5.5032067322834646
20
-3.6020392125984251
11
5.4763839370078742
21
-3.6020959448818899
0
LINE
8
BLACK
6
CONTINUOUS
10
5.4763839370078742
20
-3.6020959448818899
11
5.4758078740157483
21
-3.6020392125984251
0
LINE
8
BLACK
6
CONTINUOUS
10
5.4758078740157483
20
-3.6020392125984251
11
5.4747434645669291
21
-3.601598307086614
0
LINE
8
BLACK
6
CONTINUOUS
10
5.4747434645669291
20
-3.601598307086614
11
5.4739288188976376
21
-3.6007836614173225
0
LINE
8
BLACK
6
CONTINUOUS
10
5.4739288188976376
20
-3.6007836614173225
11
5.473487913385827
21
-3.5997192519685037
0
LINE
8
BLACK
6
CONTINUOUS
10
5.473487913385827
20
-3.5997192519685037
11
5.473487913385827
21
-3.598567125984252
0
LINE
8
BLACK
6
CONTINUOUS
10
5.473487913385827
20
-3.598567125984252
11
5.4739288188976376
21
-3.5975027165354332
0
LINE
8
BLACK
6
CONTINUOUS
10
5.4739288188976376
20
-3.5975027165354332
11
5.4747113779527554
21
-3.5967201181102362
0
LINE
8
BLACK
6
CONTINUOUS
10
5.4747113779527554
20
-3.5967201181102362
11
5.4737429133858271
21
-3.5948394094488187
0
LINE
8
BLACK
6
CONTINUOUS
10
5.4737429133858271
20
-3.5948394094488187
11
5.4735360236220467
21
-3.5942987795275592
0
LINE
8
BLACK
6
CONTINUOUS
10
5.4735360236220467
20
-3.5942987795275592
11
5.4735285039370076
21
-3.5941929527559053
0
LINE
8
BLACK
6
CONTINUOUS
10
5.4735285039370076
20
-3.5941929527559053
11
5.473487913385827
21
-3.5940949606299211
0
LINE
8
BLACK
6
CONTINUOUS
10
5.473487913385827
20
-3.5940949606299211
11
5.4734829133858263
21
-3.5935516929133859
0
LINE
8
BLACK
6
CONTINUOUS
10
5.4734829133858263
20
-3.5935516929133859
11
5.4734543700787404
21
-3.5931495669291338
0
LINE
8
BLACK
6
CONTINUOUS
10
5.4734543700787404
20
-3.5931495669291338
11
5.4734785826771652
21
-3.5930768503937007
0
LINE
8
BLACK
6
CONTINUOUS
10
5.4734785826771652
20
-3.5930768503937007
11
5.4734311811023622
21
-3.5878946062992125
0
LINE
8
BLACK
6
CONTINUOUS
10
5.4734311811023622
20
-3.5878946062992125
11
5.473487913385827
21
-3.5873185433070867
0
LINE
8
BLACK
6
CONTINUOUS
10
5.473487913385827
20
-3.5873185433070867
11
5.4735285039370076
21
-3.5872205118110236
0
LINE
8
BLACK
6
CONTINUOUS
10
5.4735285039370076
20
-3.5872205118110236
11
5.4735360236220467
21
-3.5871147244094486
0
LINE
8
BLACK
6
CONTINUOUS
10
5.4735360236220467
20
-3.5871147244094486
11
5.4737842125984253
21
-3.5866031496062991
0
LINE
8
BLACK
6
CONTINUOUS
10
5.4737842125984253
20
-3.5866031496062991
11
5.4739288188976376
21
-3.5862541338582679
0
LINE
8
BLACK
6
CONTINUOUS
10
5.4739288188976376
20
-3.5862541338582679
11
5.4739769291338582
21
-3.5862059842519685
0
LINE
8
BLACK
6
CONTINUOUS
10
5.4739769291338582
20
-3.5862059842519685
11
5.4756176771653546
21
-3.5828245669291339
0
LINE
8
BLACK
6
CONTINUOUS
10
5.4756176771653546
20
-3.5828245669291339
11
5.4756783070866142
21
-3.582728188976378
0
LINE
8
BLACK
6
CONTINUOUS
10
5.4756783070866142
20
-3.582728188976378
11
5.4756934645669286
21
-3.5826827952755904
0
LINE
8
BLACK
6
CONTINUOUS
10
5.4756934645669286
20
-3.5826827952755904
11
5.4757424803149606
21
-3.5826262204724411
0
LINE
8
BLACK
6
CONTINUOUS
10
5.4757424803149606
20
-3.5826262204724411
11
5.4759260236220468
21
-3.58233468503937
0
LINE
8
BLACK
6
CONTINUOUS
10
5.4759260236220468
20
-3.58233468503937
11
5.4760002362204725
21
-3.5822703149606299
0
LINE
8
BLACK
6
CONTINUOUS
10
5.4760002362204725
20
-3.5822703149606299
11
5.4759260236220468
21
-3.5822059448818897
0
LINE
8
BLACK
6
CONTINUOUS
10
5.4759260236220468
20
-3.5822059448818897
11
5.4758246456692916
21
-3.582009094488189
0
LINE
8
BLACK
6
CONTINUOUS
10
5.4758246456692916
20
-3.582009094488189
11
5.4756934645669286
21
-3.5818578346456693
0
LINE
8
BLACK
6
CONTINUOUS
10
5.4756934645669286
20
-3.5818578346456693
11
5.4755956299212594
21
-3.5815643307086615
0
LINE
8
BLACK
6
CONTINUOUS
10
5.4755956299212594
20
-3.5815643307086615
11
5.4737429133858271
21
-3.5779665354330707
0
LINE
8
BLACK
6
CONTINUOUS
10
5.4737429133858271
20
-3.5779665354330707
11
5.4735360236220467
21
-3.5774259055118107
0
LINE
8
BLACK
6
CONTINUOUS
10
5.4735360236220467
20
-3.5774259055118107
11
5.4735285039370076
21
-3.5773200787401573
0
LINE
8
BLACK
6
CONTINUOUS
10
5.4735285039370076
20
-3.5773200787401573
11
5.473487913385827
21
-3.5772220866141731
0
LINE
8
BLACK
6
CONTINUOUS
10
5.473487913385827
20
-3.5772220866141731
11
5.4734829133858263
21
-3.5766788188976375
0
LINE
8
BLACK
6
CONTINUOUS
10
5.4734829133858263
20
-3.5766788188976375
11
5.4734543700787404
21
-3.5762766929133858
0
LINE
8
BLACK
6
CONTINUOUS
10
5.4734543700787404
20
-3.5762766929133858
11
5.4734785826771652
21
-3.5762039763779527
0
LINE
8
BLACK
6
CONTINUOUS
10
5.4734785826771652
20
-3.5762039763779527
11
5.4734311811023622
21
-3.5710217322834645
0
LINE
8
BLACK
6
CONTINUOUS
10
5.4734311811023622
20
-3.5710217322834645
11
5.473487913385827
21
-3.5704456692913387
0
LINE
8
BLACK
6
CONTINUOUS
10
5.473487913385827
20
-3.5704456692913387
11
5.4735285039370076
21
-3.5703476377952756
0
LINE
8
BLACK
6
CONTINUOUS
10
5.4735285039370076
20
-3.5703476377952756
11
5.4735360236220467
21
-3.5702418503937006
0
LINE
8
BLACK
6
CONTINUOUS
10
5.4735360236220467
20
-3.5702418503937006
11
5.473784251968504
21
-3.5697302362204724
0
LINE
8
BLACK
6
CONTINUOUS
10
5.473784251968504
20
-3.5697302362204724
11
5.4739288188976376
21
-3.5693812598425194
0
LINE
8
BLACK
6
CONTINUOUS
10
5.4739288188976376
20
-3.5693812598425194
11
5.4739769291338582
21
-3.5693331102362205
0
LINE
8
BLACK
6
CONTINUOUS
10
5.4739769291338582
20
-3.5693331102362205
11
5.4756176771653546
21
-3.5659516535433071
0
LINE
8
BLACK
6
CONTINUOUS
10
5.4756176771653546
20
-3.5659516535433071
11
5.4756783070866142
21
-3.56585531496063
0
LINE
8
BLACK
6
CONTINUOUS
10
5.4756783070866142
20
-3.56585531496063
11
5.4756934645669286
21
-3.5658098818897637
0
LINE
8
BLACK
6
CONTINUOUS
10
5.4756934645669286
20
-3.5658098818897637
11
5.4757425196850393
21
-3.5657532677165356
0
LINE
8
BLACK
6
CONTINUOUS
10
5.4757425196850393
20
-3.5657532677165356
11
5.4759260236220468
21
-3.565461811023622
0
LINE
8
BLACK
6
CONTINUOUS
10
5.4759260236220468
20
-3.565461811023622
11
5.4762056299212594
21
-3.5652192913385825
0
LINE
8
BLACK
6
CONTINUOUS
10
5.4762056299212594
20
-3.5652192913385825
11
5.4764483070866143
21
-3.5649394881889762
0
LINE
8
BLACK
6
CONTINUOUS
10
5.4764483070866143
20
-3.5649394881889762
11
5.4766451181102358
21
-3.5648381102362205
0
LINE
8
BLACK
6
CONTINUOUS
10
5.4766451181102358
20
-3.5648381102362205
11
5.4767964173228343
21
-3.564706929133858
0
LINE
8
BLACK
6
CONTINUOUS
10
5.4767964173228343
20
-3.564706929133858
11
5.4770898818897633
21
-3.5646090944881887
0
LINE
8
BLACK
6
CONTINUOUS
10
5.4770898818897633
20
-3.5646090944881887
11
5.4806877165354333
21
-3.562756377952756
0
LINE
8
BLACK
6
CONTINUOUS
10
5.4806877165354333
20
-3.562756377952756
11
5.4812283070866137
21
-3.5625494881889761
0
LINE
8
BLACK
6
CONTINUOUS
10
5.4812283070866137
20
-3.5625494881889761
11
5.4813341732283467
21
-3.5625419291338583
0
LINE
8
BLACK
6
CONTINUOUS
10
5.4813341732283467
20
-3.5625419291338583
11
5.481432165354331
21
-3.5625013779527559
0
LINE
8
BLACK
6
CONTINUOUS
10
5.481432165354331
20
-3.5625013779527559
11
5.4819239370078741
21
-3.5625000393700788
0
LINE
8
BLACK
6
CONTINUOUS
10
5.4819239370078741
20
-3.5625000393700788
11
5.4823775196850395
21
-3.5624678346456693
0
LINE
8
BLACK
6
CONTINUOUS
10
5.4823775196850395
20
-3.5624678346456693
11
5.4824698031496064
21
-3.5624985826771653
0
LINE
8
BLACK
6
CONTINUOUS
10
5.4824698031496064
20
-3.5624985826771653
11
5.5026306692913387
21
-3.5624446456692911
0
LINE
8
BLACK
6
CONTINUOUS
10
5.5026306692913387
20
-3.5624446456692911
11
5.5032067322834646
21
-3.5625013779527559
0
LINE
8
BLACK
6
CONTINUOUS
10
5.5032067322834646
20
-3.5625013779527559
11
5.5042711417322829
21
-3.562942283464567
0
LINE
8
BLACK
6
CONTINUOUS
10
5.5042711417322829
20
-3.562942283464567
11
5.5050857874015744
21
-3.563756929133858
0
LINE
8
BLACK
6
CONTINUOUS
10
5.5050857874015744
20
-3.563756929133858
11
5.5055266929133859
21
-3.5648213385826772
0
LINE
8
BLACK
6
CONTINUOUS
10
5.5055266929133859
20
-3.5648213385826772
11
5.5055266929133859
21
-3.565973464566929
0
LINE
8
BLACK
6
CONTINUOUS
10
5.5055266929133859
20
-3.565973464566929
11
5.5050857874015744
21
-3.5670378740157478
0
LINE
8
BLACK
6
CONTINUOUS
10
5.5050857874015744
20
-3.5670378740157478
11
5.5042711417322829
21
-3.5678525196850392
0
LINE
8
BLACK
6
CONTINUOUS
10
5.5042711417322829
20
-3.5678525196850392
11
5.5032067322834646
21
-3.5682934251968503
0
LINE
8
BLACK
6
CONTINUOUS
10
5.5032067322834646
20
-3.5682934251968503
11
5.4826176377952756
21
-3.568348503937008
0
LINE
8
BLACK
6
CONTINUOUS
10
5.4826176377952756
20
-3.568348503937008
11
5.4804114960629917
21
-3.569484566929134
0
LINE
8
BLACK
6
CONTINUOUS
10
5.4804114960629917
20
-3.569484566929134
11
5.4792922440944878
21
-3.5717912992125984
0
LINE
8
BLACK
6
CONTINUOUS
10
5.4792922440944878
20
-3.5717912992125984
11
5.4793310236220467
21
-3.5760287795275589
0
LINE
8
BLACK
6
CONTINUOUS
10
5.4793310236220467
20
-3.5760287795275589
11
5.4804711023622046
21
-3.5782427165354331
0
LINE
8
BLACK
6
CONTINUOUS
10
5.4804711023622046
20
-3.5782427165354331
11
5.4827956692913382
21
-3.57937062992126
0
LINE
8
BLACK
6
CONTINUOUS
10
5.4827956692913382
20
-3.57937062992126
11
5.5026306692913387
21
-3.5793175590551178
0
LINE
8
BLACK
6
CONTINUOUS
10
5.5026306692913387
20
-3.5793175590551178
11
5.5032067322834646
21
-3.5793742913385826
0
LINE
8
BLACK
6
CONTINUOUS
10
5.5032067322834646
20
-3.5793742913385826
11
5.5040165748031491
21
-3.5797097244094487
0
LINE
8
BLACK
6
CONTINUOUS
10
5.5040165748031491
20
-3.5797097244094487
11
5.5040165748031491
21
-3.5785577952755903
0
LINE
8
BLACK
6
CONTINUOUS
10
5.5040165748031491
20
-3.5785577952755903
11
5.5044574803149606
21
-3.5774933858267715
0
LINE
8
BLACK
6
CONTINUOUS
10
5.5044574803149606
20
-3.5774933858267715
11
5.5052721259842521
21
-3.5766787401574804
0
LINE
8
BLACK
6
CONTINUOUS
10
5.5052721259842521
20
-3.5766787401574804
11
5.5063365354330704
21
-3.5762378346456694
0
LINE
8
BLACK
6
CONTINUOUS
10
5.5063365354330704
20
-3.5762378346456694
11
5.5295844488188974
21
-3.5762283070866139
0
LINE
8
BLACK
6
CONTINUOUS
10
5.5295844488188974
20
-3.5762283070866139
11
5.5296785433070861
21
-3.5761986614173229
0
LINE
8
BLACK
6
CONTINUOUS
10
5.5296785433070861
20
-3.5761986614173229
11
5.5300000000000002
21
-3.5762267716535434
0
LINE
8
BLACK
6
CONTINUOUS
10
5.5300000000000002
20
-3.5762267716535434
11
5.5303214566929135
21
-3.5761986614173229
0
LINE
8
BLACK
6
CONTINUOUS
10
5.5303214566929135
20
-3.5761986614173229
11
5.5304144488188971
21
-3.5762279527559055
0
LINE
8
BLACK
6
CONTINUOUS
10
5.5304144488188971
20
-3.5762279527559055
11
5.5971028740157482
21
-3.5762006692913384
0
LINE
8
BLACK
6
CONTINUOUS
10
5.5971028740157482
20
-3.5762006692913384
11
5.5970472440944885
21
-3.4560464960629922
0
LINE
8
BLACK
6
CONTINUOUS
10
5.5970472440944885
20
-3.4560464960629922
11
5.5971039763779524
21
-3.4554704330708659
0
LINE
8
BLACK
6
CONTINUOUS
10
5.5971039763779524
20
-3.4554704330708659
11
5.597544881889764
21
-3.4544060236220471
0
LINE
8
BLACK
6
CONTINUOUS
10
5.597544881889764
20
-3.4544060236220471
11
5.5983595275590554
21
-3.4535913779527556
0
LINE
8
BLACK
6
CONTINUOUS
10
5.5983595275590554
20
-3.4535913779527556
11
5.5994239370078738
21
-3.453150472440945
0
LINE
8
BLACK
6
CONTINUOUS
10
5.5994239370078738
20
-3.453150472440945
11
5.6005760629921255
21
-3.453150472440945
0
LINE
8
BLACK
6
CONTINUOUS
10
5.6005760629921255
20
-3.453150472440945
11
5.6016404724409448
21
-3.4535913779527556
0
LINE
8
BLACK
6
CONTINUOUS
10
5.6016404724409448
20
-3.4535913779527556
11
5.6024551181102362
21
-3.4544060236220471
0
LINE
8
BLACK
6
CONTINUOUS
10
5.6024551181102362
20
-3.4544060236220471
11
5.6028960236220469
21
-3.4554704330708659
0
LINE
8
BLACK
6
CONTINUOUS
10
5.6028960236220469
20
-3.4554704330708659
11
5.6029047637795273
21
-3.4743500393700786
0
LINE
8
BLACK
6
CONTINUOUS
10
5.6029047637795273
20
-3.4743500393700786
11
5.6429871259842521
21
-3.4534273228346457
0
LINE
8
BLACK
6
CONTINUOUS
10
5.6429871259842521
20
-3.4534273228346457
11
5.6435242913385828
21
-3.4532116535433071
0
LINE
8
BLACK
6
CONTINUOUS
10
5.6435242913385828
20
-3.4532116535433071
11
5.644672007874016
21
-3.4531112598425198
0
LINE
8
BLACK
6
CONTINUOUS
10
5.644672007874016
20
-3.4531112598425198
11
5.6457707874015748
21
-3.453457716535433
0
LINE
8
BLACK
6
CONTINUOUS
10
5.6457707874015748
20
-3.453457716535433
11
5.6466533464566924
21
-3.4541982677165355
0
LINE
8
BLACK
6
CONTINUOUS
10
5.6466533464566924
20
-3.4541982677165355
11
5.6471853543307082
21
-3.4552201968503935
0
LINE
8
BLACK
6
CONTINUOUS
10
5.6471853543307082
20
-3.4552201968503935
11
5.6472857480314955
21
-3.4563679133858267
0
LINE
8
BLACK
6
CONTINUOUS
10
5.6472857480314955
20
-3.4563679133858267
11
5.6469392913385823
21
-3.4574666929133859
0
LINE
8
BLACK
6
CONTINUOUS
10
5.6469392913385823
20
-3.4574666929133859
11
5.6461987401574802
21
-3.458349251968504
0
LINE
8
BLACK
6
CONTINUOUS
10
5.6461987401574802
20
-3.458349251968504
11
5.6119299212598426
21
-3.4762373622047242
0
LINE
8
BLACK
6
CONTINUOUS
10
5.6119299212598426
20
-3.4762373622047242
11
7.0053491732283462
21
-3.4761816141732282
0
LINE
8
BLACK
6
CONTINUOUS
10
7.0053491732283462
20
-3.4761816141732282
11
6.9716088582677163
21
-3.4586655905511812
0
LINE
8
BLACK
6
CONTINUOUS
10
6.9716088582677163
20
-3.4586655905511812
11
6.9711240551181097
21
-3.458349251968504
0
LINE
8
BLACK
6
CONTINUOUS
10
6.9711240551181097
20
-3.458349251968504
11
6.9703835039370077
21
-3.4574666929133859
0
LINE
8
BLACK
6
CONTINUOUS
10
6.9703835039370077
20
-3.4574666929133859
11
6.9700370866141732
21
-3.4563679133858267
0
LINE
8
BLACK
6
CONTINUOUS
10
6.9700370866141732
20
-3.4563679133858267
11
6.9701374803149605
21
-3.4552201968503935
0
LINE
8
BLACK
6
CONTINUOUS
10
6.9701374803149605
20
-3.4552201968503935
11
6.9706694881889764
21
-3.4541982283464567
0
LINE
8
BLACK
6
CONTINUOUS
10
6.9706694881889764
20
-3.4541982283464567
11
6.9715520472440939
21
-3.4534576771653542
0
LINE
8
BLACK
6
CONTINUOUS
10
6.9715520472440939
20
-3.4534576771653542
11
6.9726508267716536
21
-3.4531112598425198
0
LINE
8
BLACK
6
CONTINUOUS
10
6.9726508267716536
20
-3.4531112598425198
11
6.9737985433070868
21
-3.4532116535433071
0
LINE
8
BLACK
6
CONTINUOUS
10
5.4882471259842518
20
-3.7614467322834644
11
5.4855388188976377
21
-3.7628413779527556
0
LINE
8
BLACK
6
CONTINUOUS
10
5.4855388188976377
20
-3.7628413779527556
11
5.4843481102362199
21
-3.7640747244094488
0
LINE
8
BLACK
6
CONTINUOUS
10
5.4843481102362199
20
-3.7640747244094488
11
5.4830389763779523
21
-3.7667727559055115
0
LINE
8
BLACK
6
CONTINUOUS
10
5.4830389763779523
20
-3.7667727559055115
11
5.4830818897637794
21
-3.7728817716535432
0
LINE
8
BLACK
6
CONTINUOUS
10
5.4830818897637794
20
-3.7728817716535432
11
5.4844765354330711
21
-3.7755900787401573
0
LINE
8
BLACK
6
CONTINUOUS
10
5.4844765354330711
20
-3.7755900787401573
11
5.4857099212598426
21
-3.7767808267716534
0
LINE
8
BLACK
6
CONTINUOUS
10
5.4857099212598426
20
-3.7767808267716534
11
5.488407913385827
21
-3.7780899212598422
0
LINE
8
BLACK
6
CONTINUOUS
10
5.488407913385827
20
-3.7780899212598422
11
5.4945169291338578
21
-3.7780470078740156
0
LINE
8
BLACK
6
CONTINUOUS
10
5.4945169291338578
20
-3.7780470078740156
11
5.4972252362204719
21
-3.7766523228346456
0
LINE
8
BLACK
6
CONTINUOUS
10
5.4972252362204719
20
-3.7766523228346456
11
5.4984160236220472
21
-3.7754189763779529
0
LINE
8
BLACK
6
CONTINUOUS
10
5.4984160236220472
20
-3.7754189763779529
11
5.499725118110236
21
-3.7727209842519684
0
LINE
8
BLACK
6
CONTINUOUS
10
5.499725118110236
20
-3.7727209842519684
11
5.4996822047244089
21
-3.7666119685039368
0
LINE
8
BLACK
6
CONTINUOUS
10
5.4996822047244089
20
-3.7666119685039368
11
5.4982875590551181
21
-3.7639037007874014
0
LINE
8
BLACK
6
CONTINUOUS
10
5.4982875590551181
20
-3.7639037007874014
11
5.4970541732283467
21
-3.7627129527559053
0
LINE
8
BLACK
6
CONTINUOUS
10
5.4970541732283467
20
-3.7627129527559053
11
5.4943561417322835
21
-3.7614038188976378
0
LINE
8
BLACK
6
CONTINUOUS
10
5.4943561417322835
20
-3.7614038188976378
11
5.4882471259842518
21
-3.7614467322834644
0
LINE
8
BLACK
6
CONTINUOUS
10
5.4713944094488189
20
-3.7614363385826772
11
5.4686659448818897
21
-3.7628413779527556
0
LINE
8
BLACK
6
CONTINUOUS
10
5.4686659448818897
20
-3.7628413779527556
11
5.4674752362204719
21
-3.7640747244094488
0
LINE
8
BLACK
6
CONTINUOUS
10
5.4674752362204719
20
-3.7640747244094488
11
5.4661661023622043
21
-3.7667727559055115
0
LINE
8
BLACK
6
CONTINUOUS
10
5.4661661023622043
20
-3.7667727559055115
11
5.4662090157480314
21
-3.7728817716535432
0
LINE
8
BLACK
6
CONTINUOUS
10
5.4662090157480314
20
-3.7728817716535432
11
5.4676036614173231
21
-3.7755900787401573
0
LINE
8
BLACK
6
CONTINUOUS
10
5.4676036614173231
20
-3.7755900787401573
11
5.4688370472440946
21
-3.7767808267716534
0
LINE
8
BLACK
6
CONTINUOUS
10
5.4688370472440946
20
-3.7767808267716534
11
5.4714921653543307
21
-3.7780691338582675
0
LINE
8
BLACK
6
CONTINUOUS
10
5.4714921653543307
20
-3.7780691338582675
11
5.4719996062992129
21
-3.7780574015748032
0
LINE
8
BLACK
6
CONTINUOUS
10
5.4719996062992129
20
-3.7780574015748032
11
5.4747280708661412
21
-3.7766523622047243
0
LINE
8
BLACK
6
CONTINUOUS
10
5.4747280708661412
20
-3.7766523622047243
11
5.4759188188976378
21
-3.7754189763779529
0
LINE
8
BLACK
6
CONTINUOUS
10
5.4759188188976378
20
-3.7754189763779529
11
5.4772279133858266
21
-3.7727209842519684
0
LINE
8
BLACK
6
CONTINUOUS
10
5.4772279133858266
20
-3.7727209842519684
11
5.4771849999999995
21
-3.7666119685039368
0
LINE
8
BLACK
6
CONTINUOUS
10
5.4771849999999995
20
-3.7666119685039368
11
5.4757903543307087
21
-3.7639036614173227
0
LINE
8
BLACK
6
CONTINUOUS
10
5.4757903543307087
20
-3.7639036614173227
11
5.474557007874016
21
-3.7627129527559053
0
LINE
8
BLACK
6
CONTINUOUS
10
5.474557007874016
20
-3.7627129527559053
11
5.4719018503937003
21
-3.7614246062992125
0
LINE
8
BLACK
6
CONTINUOUS
10
5.4719018503937003
20
-3.7614246062992125
11
5.4713944094488189
21
-3.7614363385826772
0
LINE
8
BLACK
6
CONTINUOUS
10
7.7676401574803151
20
-4.0020095275590553
11
7.7678362204724412
21
-4.0020907480314962
0
LINE
8
BLACK
6
CONTINUOUS
10
7.7678362204724412
20
-4.0020907480314962
11
7.7680478346456692
21
-4.0021057874015744
0
LINE
8
BLACK
6
CONTINUOUS
10
7.7680478346456692
20
-4.0021057874015744
11
7.7691338582677165
21
-4.0026282677165357
0
LINE
8
BLACK
6
CONTINUOUS
10
7.7691338582677165
20
-4.0026282677165357
11
7.7697689763779527
21
-4.0028913385826774
0
LINE
8
BLACK
6
CONTINUOUS
10
7.7697689763779527
20
-4.0028913385826774
11
7.769850787401575
21
-4.0029731496062988
0
LINE
8
BLACK
6
CONTINUOUS
10
7.769850787401575
20
-4.0029731496062988
11
7.7747533464566931
21
-4.0053316929133853
0
LINE
8
BLACK
6
CONTINUOUS
10
7.7747533464566931
20
-4.0053316929133853
11
7.7757331102362199
21
-4.0059484251968502
0
LINE
8
BLACK
6
CONTINUOUS
10
7.7757331102362199
20
-4.0059484251968502
11
7.7772427952755905
21
-4.0076891732283464
0
LINE
8
BLACK
6
CONTINUOUS
10
7.7772427952755905
20
-4.0076891732283464
11
7.7779714566929128
21
-4.0098751181102363
0
LINE
8
BLACK
6
CONTINUOUS
10
7.7779714566929128
20
-4.0098751181102363
11
7.7778081102362204
21
-4.0121735433070862
0
LINE
8
BLACK
6
CONTINUOUS
10
7.7778081102362204
20
-4.0121735433070862
11
7.7767776377952753
21
-4.0142345275590552
0
LINE
8
BLACK
6
CONTINUOUS
10
7.7767776377952753
20
-4.0142345275590552
11
7.7750368503937004
21
-4.0157442519685036
0
LINE
8
BLACK
6
CONTINUOUS
10
7.7750368503937004
20
-4.0157442519685036
11
7.7728509448818892
21
-4.016472874015748
0
LINE
8
BLACK
6
CONTINUOUS
10
7.7728509448818892
20
-4.016472874015748
11
7.7705525196850393
21
-4.0163095275590548
0
LINE
8
BLACK
6
CONTINUOUS
10
7.7705525196850393
20
-4.0163095275590548
11
7.764972716535433
21
-4.0136251574803152
0
LINE
8
BLACK
6
CONTINUOUS
10
7.764972716535433
20
-4.0136251574803152
11
7.7587599606299209
21
-4.0136987007874012
0
LINE
8
BLACK
6
CONTINUOUS
10
7.7587599606299209
20
-4.0136987007874012
11
7.7526574409448816
21
-4.0158097637795276
0
LINE
8
BLACK
6
CONTINUOUS
10
7.7526574409448816
20
-4.0158097637795276
11
7.7486825196850395
21
-4.0198849606299207
0
LINE
8
BLACK
6
CONTINUOUS
10
7.7486825196850395
20
-4.0198849606299207
11
7.7465611417322835
21
-4.0242945275590554
0
LINE
8
BLACK
6
CONTINUOUS
10
7.7465611417322835
20
-4.0242945275590554
11
7.7441847637795274
21
-4.0341729133858264
0
LINE
8
BLACK
6
CONTINUOUS
10
7.7441847637795274
20
-4.0341729133858264
11
7.7442677952755901
21
-4.0411891732283465
0
LINE
8
BLACK
6
CONTINUOUS
10
7.7442677952755901
20
-4.0411891732283465
11
7.7468354330708662
21
-4.0510847244094483
0
LINE
8
BLACK
6
CONTINUOUS
10
7.7468354330708662
20
-4.0510847244094483
11
7.7489390157480313
21
-4.0551361811023625
0
LINE
8
BLACK
6
CONTINUOUS
10
7.7489390157480313
20
-4.0551361811023625
11
7.7529039370078738
21
-4.0590035826771649
0
LINE
8
BLACK
6
CONTINUOUS
10
7.7529039370078738
20
-4.0590035826771649
11
7.759207677165354
21
-4.0610259842519687
0
LINE
8
BLACK
6
CONTINUOUS
10
7.759207677165354
20
-4.0610259842519687
11
7.7629567716535428
21
-4.0609631889763778
0
LINE
8
BLACK
6
CONTINUOUS
10
7.7629567716535428
20
-4.0609631889763778
11
7.7690166141732284
21
-4.0588669291338579
0
LINE
8
BLACK
6
CONTINUOUS
10
7.7690166141732284
20
-4.0588669291338579
11
7.7691126771653538
21
-4.0587665354330706
0
LINE
8
BLACK
6
CONTINUOUS
10
7.7691126771653538
20
-4.0587665354330706
11
7.7690507874015751
21
-4.0474036614173228
0
LINE
8
BLACK
6
CONTINUOUS
10
7.7690507874015751
20
-4.0474036614173228
11
7.7636758661417318
21
-4.0474528740157476
0
LINE
8
BLACK
6
CONTINUOUS
10
7.7636758661417318
20
-4.0474528740157476
11
7.76252374015748
21
-4.0473394094488189
0
LINE
8
BLACK
6
CONTINUOUS
10
7.76252374015748
20
-4.0473394094488189
11
7.7603949212598424
21
-4.0464575984251967
0
LINE
8
BLACK
6
CONTINUOUS
10
7.7603949212598424
20
-4.0464575984251967
11
7.7587656299212595
21
-4.0448283070866138
0
LINE
8
BLACK
6
CONTINUOUS
10
7.7587656299212595
20
-4.0448283070866138
11
7.7578838188976373
21
-4.0426994881889762
0
LINE
8
BLACK
6
CONTINUOUS
10
7.7578838188976373
20
-4.0426994881889762
11
7.7578838188976373
21
-4.0403952362204727
0
LINE
8
BLACK
6
CONTINUOUS
10
7.7578838188976373
20
-4.0403952362204727
11
7.7587656299212595
21
-4.0382664173228342
0
LINE
8
BLACK
6
CONTINUOUS
10
7.7587656299212595
20
-4.0382664173228342
11
7.7603949212598424
21
-4.0366371259842522
0
LINE
8
BLACK
6
CONTINUOUS
10
7.7603949212598424
20
-4.0366371259842522
11
7.76252374015748
21
-4.03575531496063
0
LINE
8
BLACK
6
CONTINUOUS
10
7.76252374015748
20
-4.03575531496063
11
7.7749244488188971
21
-4.0356418503937004
0
LINE
8
BLACK
6
CONTINUOUS
10
7.7749244488188971
20
-4.0356418503937004
11
7.7760765748031497
21
-4.03575531496063
0
LINE
8
BLACK
6
CONTINUOUS
10
7.7760765748031497
20
-4.03575531496063
11
7.7782053937007873
21
-4.0366371259842522
0
LINE
8
BLACK
6
CONTINUOUS
10
7.7782053937007873
20
-4.0366371259842522
11
7.7798346850393703
21
-4.0382664173228342
0
LINE
8
BLACK
6
CONTINUOUS
10
7.7798346850393703
20
-4.0382664173228342
11
7.7807164960629915
21
-4.0403952362204727
0
LINE
8
BLACK
6
CONTINUOUS
10
7.7807164960629915
20
-4.0403952362204727
11
7.7808299606299212
21
-4.0612324015748031
0
LINE
8
BLACK
6
CONTINUOUS
10
7.7808299606299212
20
-4.0612324015748031
11
7.7807164960629915
21
-4.0623845275590549
0
LINE
8
BLACK
6
CONTINUOUS
10
7.7807164960629915
20
-4.0623845275590549
11
7.7806288582677166
21
-4.0625960629921263
0
LINE
8
BLACK
6
CONTINUOUS
10
7.7806288582677166
20
-4.0625960629921263
11
7.779834724409449
21
-4.0645133070866137
0
LINE
8
BLACK
6
CONTINUOUS
10
7.779834724409449
20
-4.0645133070866137
11
7.7762881889763777
21
-4.0682203543307089
0
LINE
8
BLACK
6
CONTINUOUS
10
7.7762881889763777
20
-4.0682203543307089
11
7.7753932677165354
21
-4.0689548031496061
0
LINE
8
BLACK
6
CONTINUOUS
10
7.7753932677165354
20
-4.0689548031496061
11
7.7751972834645668
21
-4.0690359448818896
0
LINE
8
BLACK
6
CONTINUOUS
10
7.7751972834645668
20
-4.0690359448818896
11
7.7750369291338579
21
-4.069175078740157
0
LINE
8
BLACK
6
CONTINUOUS
10
7.7750369291338579
20
-4.069175078740157
11
7.7739728740157474
21
-4.0695431496062993
0
LINE
8
BLACK
6
CONTINUOUS
10
7.7739728740157474
20
-4.0695431496062993
11
7.7732644488188978
21
-4.0698366141732283
0
LINE
8
BLACK
6
CONTINUOUS
10
7.7732644488188978
20
-4.0698366141732283
11
7.773124566929134
21
-4.0698366141732283
0
LINE
8
BLACK
6
CONTINUOUS
10
7.773124566929134
20
-4.0698366141732283
11
7.7655433464566928
21
-4.0724591732283466
0
LINE
8
BLACK
6
CONTINUOUS
10
7.7655433464566928
20
-4.0724591732283466
11
7.7649719685039367
21
-4.0725890551181099
0
LINE
8
BLACK
6
CONTINUOUS
10
7.7649719685039367
20
-4.0725890551181099
11
7.7648279921259844
21
-4.0726487401574802
0
LINE
8
BLACK
6
CONTINUOUS
10
7.7648279921259844
20
-4.0726487401574802
11
7.764700236220472
21
-4.072650866141732
0
LINE
8
BLACK
6
CONTINUOUS
10
7.764700236220472
20
-4.072650866141732
11
7.7644144488188971
21
-4.0727158661417322
0
LINE
8
BLACK
6
CONTINUOUS
10
7.7644144488188971
20
-4.0727158661417322
11
7.763729015748031
21
-4.0726671259842515
0
LINE
8
BLACK
6
CONTINUOUS
10
7.763729015748031
20
-4.0726671259842515
11
7.7580515748031491
21
-4.072762204724409
0
LINE
8
BLACK
6
CONTINUOUS
10
7.7580515748031491
20
-4.072762204724409
11
7.7574686614173229
21
-4.0727047637795275
0
LINE
8
BLACK
6
CONTINUOUS
10
7.7574686614173229
20
-4.0727047637795275
11
7.7573129921259838
21
-4.0727158661417322
0
LINE
8
BLACK
6
CONTINUOUS
10
7.7573129921259838
20
-4.0727158661417322
11
7.757194251968504
21
-4.0726777559055121
0
LINE
8
BLACK
6
CONTINUOUS
10
7.757194251968504
20
-4.0726777559055121
11
7.7568994488188974
21
-4.0726487401574802
0
LINE
8
BLACK
6
CONTINUOUS
10
7.7568994488188974
20
-4.0726487401574802
11
7.7561975984251967
21
-4.0723579921259843
0
LINE
8
BLACK
6
CONTINUOUS
10
7.7561975984251967
20
-4.0723579921259843
11
7.7477476377952756
21
-4.0696470472440947
0
LINE
8
BLACK
6
CONTINUOUS
10
7.7477476377952756
20
-4.0696470472440947
11
7.7466905118110239
21
-4.069175078740157
0
LINE
8
BLACK
6
CONTINUOUS
10
7.7466905118110239
20
-4.069175078740157
11
7.7465301968503937
21
-4.0690360236220471
0
LINE
8
BLACK
6
CONTINUOUS
10
7.7465301968503937
20
-4.0690360236220471
11
7.7463341732283464
21
-4.0689548425196849
0
LINE
8
BLACK
6
CONTINUOUS
10
7.7463341732283464
20
-4.0689548425196849
11
7.7455122047244096
21
-4.0681531102362207
0
LINE
8
BLACK
6
CONTINUOUS
10
7.7455122047244096
20
-4.0681531102362207
11
7.7449498031496065
21
-4.0676653149606299
0
LINE
8
BLACK
6
CONTINUOUS
10
7.7449498031496065
20
-4.0676653149606299
11
7.7448904724409449
21
-4.0675466535433067
0
LINE
8
BLACK
6
CONTINUOUS
10
7.7448904724409449
20
-4.0675466535433067
11
7.7398150000000001
21
-4.0625960629921263
0
LINE
8
BLACK
6
CONTINUOUS
10
7.7398150000000001
20
-4.0625960629921263
11
7.7394433464566923
21
-4.0621432283464562
0
LINE
8
BLACK
6
CONTINUOUS
10
7.7394433464566923
20
-4.0621432283464562
11
7.7393255118110238
21
-4.0620410236220472
0
LINE
8
BLACK
6
CONTINUOUS
10
7.7393255118110238
20
-4.0620410236220472
11
7.7392669685039372
21
-4.0619283070866139
0
LINE
8
BLACK
6
CONTINUOUS
10
7.7392669685039372
20
-4.0619283070866139
11
7.7390805511811021
21
-4.061701141732283
0
LINE
8
BLACK
6
CONTINUOUS
10
7.7390805511811021
20
-4.061701141732283
11
7.7388103937007875
21
-4.0610488976377948
0
LINE
8
BLACK
6
CONTINUOUS
10
7.7388103937007875
20
-4.0610488976377948
11
7.7358966141732282
21
-4.0554369685039369
0
LINE
8
BLACK
6
CONTINUOUS
10
7.7358966141732282
20
-4.0554369685039369
11
7.7358643307086616
21
-4.0553526771653541
0
LINE
8
BLACK
6
CONTINUOUS
10
7.7358643307086616
20
-4.0553526771653541
11
7.7358389763779529
21
-4.0553184251968499
0
LINE
8
BLACK
6
CONTINUOUS
10
7.7358389763779529
20
-4.0553184251968499
11
7.7358131102362204
21
-4.0552187401574802
0
LINE
8
BLACK
6
CONTINUOUS
10
7.7358131102362204
20
-4.0552187401574802
11
7.735482874015748
21
-4.0543557480314956
0
LINE
8
BLACK
6
CONTINUOUS
10
7.735482874015748
20
-4.0543557480314956
11
7.7354427559055114
21
-4.0537914566929132
0
LINE
8
BLACK
6
CONTINUOUS
10
7.7354427559055114
20
-4.0537914566929132
11
7.7326373622047244
21
-4.0429796456692912
0
LINE
8
BLACK
6
CONTINUOUS
10
7.7326373622047244
20
-4.0429796456692912
11
7.7326078346456688
21
-4.0427799606299208
0
LINE
8
BLACK
6
CONTINUOUS
10
7.7326078346456688
20
-4.0427799606299208
11
7.732574488188976
21
-4.0426994881889762
0
LINE
8
BLACK
6
CONTINUOUS
10
7.732574488188976
20
-4.0426994881889762
11
7.7325725984251967
21
-4.042541889763779
0
LINE
8
BLACK
6
CONTINUOUS
10
7.7325725984251967
20
-4.042541889763779
11
7.7324679921259838
21
-4.0418344094488186
0
LINE
8
BLACK
6
CONTINUOUS
10
7.7324679921259838
20
-4.0418344094488186
11
7.7325571259842514
21
-4.0412351968503932
0
LINE
8
BLACK
6
CONTINUOUS
10
7.7325571259842514
20
-4.0412351968503932
11
7.7324610236220472
21
-4.0331109055118111
0
LINE
8
BLACK
6
CONTINUOUS
10
7.7324610236220472
20
-4.0331109055118111
11
7.7324807874015749
21
-4.0329099606299215
0
LINE
8
BLACK
6
CONTINUOUS
10
7.7324807874015749
20
-4.0329099606299215
11
7.7324679921259838
21
-4.0328238582677161
0
LINE
8
BLACK
6
CONTINUOUS
10
7.7324679921259838
20
-4.0328238582677161
11
7.7325040551181097
21
-4.0326739370078739
0
LINE
8
BLACK
6
CONTINUOUS
10
7.7325040551181097
20
-4.0326739370078739
11
7.732574488188976
21
-4.0319587795275593
0
LINE
8
BLACK
6
CONTINUOUS
10
7.732574488188976
20
-4.0319587795275593
11
7.7328168503937009
21
-4.031373661417323
0
LINE
8
BLACK
6
CONTINUOUS
10
7.7328168503937009
20
-4.031373661417323
11
7.7354494881889764
21
-4.0204300393700789
0
LINE
8
BLACK
6
CONTINUOUS
10
7.7354494881889764
20
-4.0204300393700789
11
7.7354798425196849
21
-4.0203450393700786
0
LINE
8
BLACK
6
CONTINUOUS
10
7.7354798425196849
20
-4.0203450393700786
11
7.735482874015748
21
-4.020302519685039
0
LINE
8
BLACK
6
CONTINUOUS
10
7.735482874015748
20
-4.020302519685039
11
7.7355301574803148
21
-4.020204173228346
0
LINE
8
BLACK
6
CONTINUOUS
10
7.7355301574803148
20
-4.020204173228346
11
7.7358389763779529
21
-4.0193398425196847
0
LINE
8
BLACK
6
CONTINUOUS
10
7.7358389763779529
20
-4.0193398425196847
11
7.7361440944881892
21
-4.0189279921259837
0
LINE
8
BLACK
6
CONTINUOUS
10
7.7361440944881892
20
-4.0189279921259837
11
7.7387087795275589
21
-4.013597007874016
0
LINE
8
BLACK
6
CONTINUOUS
10
7.7387087795275589
20
-4.013597007874016
11
7.7390208661417317
21
-4.0131011811023622
0
LINE
8
BLACK
6
CONTINUOUS
10
7.7390208661417317
20
-4.0131011811023622
11
7.7390805511811021
21
-4.0129571259842516
0
LINE
8
BLACK
6
CONTINUOUS
10
7.7390805511811021
20
-4.0129571259842516
11
7.7391679921259842
21
-4.0128674409448815
0
LINE
8
BLACK
6
CONTINUOUS
10
7.7391679921259842
20
-4.0128674409448815
11
7.7393255118110238
21
-4.0126172440944883
0
LINE
8
BLACK
6
CONTINUOUS
10
7.7393255118110238
20
-4.0126172440944883
11
7.7398872440944881
21
-4.0121300393700787
0
LINE
8
BLACK
6
CONTINUOUS
10
7.7398872440944881
20
-4.0121300393700787
11
7.7454392913385828
21
-4.0064379133858266
0
LINE
8
BLACK
6
CONTINUOUS
10
7.7454392913385828
20
-4.0064379133858266
11
7.7463341732283464
21
-4.0057034645669294
0
LINE
8
BLACK
6
CONTINUOUS
10
7.7463341732283464
20
-4.0057034645669294
11
7.7465302755905512
21
-4.0056222047244097
0
LINE
8
BLACK
6
CONTINUOUS
10
7.7465302755905512
20
-4.0056222047244097
11
7.7466905118110239
21
-4.0054832677165351
0
LINE
8
BLACK
6
CONTINUOUS
10
7.7466905118110239
20
-4.0054832677165351
11
7.7477540157480309
21
-4.0051153543307088
0
LINE
8
BLACK
6
CONTINUOUS
10
7.7477540157480309
20
-4.0051153543307088
11
7.7484630314960627
21
-4.004821692913386
0
LINE
8
BLACK
6
CONTINUOUS
10
7.7484630314960627
20
-4.004821692913386
11
7.7486029527559053
21
-4.004821692913386
0
LINE
8
BLACK
6
CONTINUOUS
10
7.7486029527559053
20
-4.004821692913386
11
7.7561840551181103
21
-4.0021991338582676
0
LINE
8
BLACK
6
CONTINUOUS
10
7.7561840551181103
20
-4.0021991338582676
11
7.7567552755905513
21
-4.0020692125984247
0
LINE
8
BLACK
6
CONTINUOUS
10
7.7567552755905513
20
-4.0020692125984247
11
7.7568994488188974
21
-4.0020095275590553
0
LINE
8
BLACK
6
CONTINUOUS
10
7.7568994488188974
20
-4.0020095275590553
11
7.7570244094488183
21
-4.0020080314960627
0
LINE
8
BLACK
6
CONTINUOUS
10
7.7570244094488183
20
-4.0020080314960627
11
7.757312952755905
21
-4.0019424409448821
0
LINE
8
BLACK
6
CONTINUOUS
10
7.757312952755905
20
-4.0019424409448821
11
7.7580631496062988
21
-4.0019957480314963
0
LINE
8
BLACK
6
CONTINUOUS
10
7.7580631496062988
20
-4.0019957480314963
11
7.7664880314960625
21
-4.0018960629921256
0
LINE
8
BLACK
6
CONTINUOUS
10
7.7664880314960625
20
-4.0018960629921256
11
7.7676401574803151
21
-4.0020095275590553
0
LINE
8
BLACK
6
CONTINUOUS
10
7.8767449212598422
20
-4.0019534645669292
11
7.8769004330708663
21
-4.0019424409448821
0
LINE
8
BLACK
6
CONTINUOUS
10
7.8769004330708663
20
-4.0019424409448821
11
7.8770189763779523
21
-4.0019804724409447
0
LINE
8
BLACK
6
CONTINUOUS
10
7.8770189763779523
20
-4.0019804724409447
11
7.877313937007874
21
-4.0020095275590553
0
LINE
8
BLACK
6
CONTINUOUS
10
7.877313937007874
20
-4.0020095275590553
11
7.8780160629921259
21
-4.0023003543307087
0
LINE
8
BLACK
6
CONTINUOUS
10
7.8780160629921259
20
-4.0023003543307087
11
7.8864657480314957
21
-4.0050112598425196
0
LINE
8
BLACK
6
CONTINUOUS
10
7.8864657480314957
20
-4.0050112598425196
11
7.8875228740157475
21
-4.0054832677165351
0
LINE
8
BLACK
6
CONTINUOUS
10
7.8875228740157475
20
-4.0054832677165351
11
7.8876831102362202
21
-4.0056222440944884
0
LINE
8
BLACK
6
CONTINUOUS
10
7.8876831102362202
20
-4.0056222440944884
11
7.8878791732283462
21
-4.0057034645669294
0
LINE
8
BLACK
6
CONTINUOUS
10
7.8878791732283462
20
-4.0057034645669294
11
7.888700984251968
21
-4.0065050393700785
0
LINE
8
BLACK
6
CONTINUOUS
10
7.888700984251968
20
-4.0065050393700785
11
7.8892635826771649
21
-4.0069929921259844
0
LINE
8
BLACK
6
CONTINUOUS
10
7.8892635826771649
20
-4.0069929921259844
11
7.8893229133858265
21
-4.0071116535433067
0
LINE
8
BLACK
6
CONTINUOUS
10
7.8893229133858265
20
-4.0071116535433067
11
7.8943983858267712
21
-4.0120622047244092
0
LINE
8
BLACK
6
CONTINUOUS
10
7.8943983858267712
20
-4.0120622047244092
11
7.8947700393700782
21
-4.0125150393700784
0
LINE
8
BLACK
6
CONTINUOUS
10
7.8947700393700782
20
-4.0125150393700784
11
7.8948878740157475
21
-4.0126172440944883
0
LINE
8
BLACK
6
CONTINUOUS
10
7.8948878740157475
20
-4.0126172440944883
11
7.8949463385826766
21
-4.0127298425196853
0
LINE
8
BLACK
6
CONTINUOUS
10
7.8949463385826766
20
-4.0127298425196853
11
7.8951328346456693
21
-4.0129570866141728
0
LINE
8
BLACK
6
CONTINUOUS
10
7.8951328346456693
20
-4.0129570866141728
11
7.8954030314960626
21
-4.0136094488188974
0
LINE
8
BLACK
6
CONTINUOUS
10
7.8954030314960626
20
-4.0136094488188974
11
7.8983167716535432
21
-4.0192212598425199
0
LINE
8
BLACK
6
CONTINUOUS
10
7.8983167716535432
20
-4.0192212598425199
11
7.8983490157480309
21
-4.0193055905511814
0
LINE
8
BLACK
6
CONTINUOUS
10
7.8983490157480309
20
-4.0193055905511814
11
7.8983744094488184
21
-4.0193398425196847
0
LINE
8
BLACK
6
CONTINUOUS
10
7.8983744094488184
20
-4.0193398425196847
11
7.8984002362204722
21
-4.0194393700787403
0
LINE
8
BLACK
6
CONTINUOUS
10
7.8984002362204722
20
-4.0194393700787403
11
7.8987305118110234
21
-4.020302519685039
0
LINE
8
BLACK
6
CONTINUOUS
10
7.8987305118110234
20
-4.020302519685039
11
7.8987705905511811
21
-4.0208667716535436
0
LINE
8
BLACK
6
CONTINUOUS
10
7.8987705905511811
20
-4.0208667716535436
11
7.9015760236220469
21
-4.0316786220472443
0
LINE
8
BLACK
6
CONTINUOUS
10
7.9015760236220469
20
-4.0316786220472443
11
7.9016055118110238
21
-4.031878267716535
0
LINE
8
BLACK
6
CONTINUOUS
10
7.9016055118110238
20
-4.031878267716535
11
7.9016388976377954
21
-4.0319587795275593
0
LINE
8
BLACK
6
CONTINUOUS
10
7.9016388976377954
20
-4.0319587795275593
11
7.9016407480314959
21
-4.0321163385826768
0
LINE
8
BLACK
6
CONTINUOUS
10
7.9016407480314959
20
-4.0321163385826768
11
7.9017453937007875
21
-4.0328238582677161
0
LINE
8
BLACK
6
CONTINUOUS
10
7.9017453937007875
20
-4.0328238582677161
11
7.9016562204724412
21
-4.0334230314960626
0
LINE
8
BLACK
6
CONTINUOUS
10
7.9016562204724412
20
-4.0334230314960626
11
7.9017523622047241
21
-4.0415473622047244
0
LINE
8
BLACK
6
CONTINUOUS
10
7.9017523622047241
20
-4.0415473622047244
11
7.9017325590551177
21
-4.0417482677165353
0
LINE
8
BLACK
6
CONTINUOUS
10
7.9017325590551177
20
-4.0417482677165353
11
7.9017453937007875
21
-4.0418344094488186
0
LINE
8
BLACK
6
CONTINUOUS
10
7.9017453937007875
20
-4.0418344094488186
11
7.9017092913385829
21
-4.0419842913385828
0
LINE
8
BLACK
6
CONTINUOUS
10
7.9017092913385829
20
-4.0419842913385828
11
7.9016388976377954
21
-4.0426994881889762
0
LINE
8
BLACK
6
CONTINUOUS
10
7.9016388976377954
20
-4.0426994881889762
11
7.9013964960629917
21
-4.0432845669291337
0
LINE
8
BLACK
6
CONTINUOUS
10
7.9013964960629917
20
-4.0432845669291337
11
7.898763897637795
21
-4.0542282283464566
0
LINE
8
BLACK
6
CONTINUOUS
10
7.898763897637795
20
-4.0542282283464566
11
7.8987335039370077
21
-4.0543131889763782
0
LINE
8
BLACK
6
CONTINUOUS
10
7.8987335039370077
20
-4.0543131889763782
11
7.8987305118110234
21
-4.0543557480314956
0
LINE
8
BLACK
6
CONTINUOUS
10
7.8987305118110234
20
-4.0543557480314956
11
7.8986831889763778
21
-4.0544540551181099
0
LINE
8
BLACK
6
CONTINUOUS
10
7.8986831889763778
20
-4.0544540551181099
11
7.8983744094488184
21
-4.0553184251968499
0
LINE
8
BLACK
6
CONTINUOUS
10
7.8983744094488184
20
-4.0553184251968499
11
7.8980692519685034
21
-4.0557302362204721
0
LINE
8
BLACK
6
CONTINUOUS
10
7.8980692519685034
20
-4.0557302362204721
11
7.8955046062992125
21
-4.0610612598425195
0
LINE
8
BLACK
6
CONTINUOUS
10
7.8955046062992125
20
-4.0610612598425195
11
7.89519248031496
21
-4.0615570472440945
0
LINE
8
BLACK
6
CONTINUOUS
10
7.89519248031496
20
-4.0615570472440945
11
7.8951328346456693
21
-4.061701141732283
0
LINE
8
BLACK
6
CONTINUOUS
10
7.8951328346456693
20
-4.061701141732283
11
7.8950453543307084
21
-4.0617907874015744
0
LINE
8
BLACK
6
CONTINUOUS
10
7.8950453543307084
20
-4.0617907874015744
11
7.8948878740157475
21
-4.0620410236220472
0
LINE
8
BLACK
6
CONTINUOUS
10
7.8948878740157475
20
-4.0620410236220472
11
7.8943260629921257
21
-4.0625282283464568
0
LINE
8
BLACK
6
CONTINUOUS
10
7.8943260629921257
20
-4.0625282283464568
11
7.8887740944881886
21
-4.0682203937007877
0
LINE
8
BLACK
6
CONTINUOUS
10
7.8887740944881886
20
-4.0682203937007877
11
7.8878792125984249
21
-4.0689548425196849
0
LINE
8
BLACK
6
CONTINUOUS
10
7.8878792125984249
20
-4.0689548425196849
11
7.8876831496062989
21
-4.0690360236220471
0
LINE
8
BLACK
6
CONTINUOUS
10
7.8876831496062989
20
-4.0690360236220471
11
7.8875228740157475
21
-4.069175078740157
0
LINE
8
BLACK
6
CONTINUOUS
10
7.8875228740157475
20
-4.069175078740157
11
7.8864588582677166
21
-4.0695431102362205
0
LINE
8
BLACK
6
CONTINUOUS
10
7.8864588582677166
20
-4.0695431102362205
11
7.8857503543307086
21
-4.0698366141732283
0
LINE
8
BLACK
6
CONTINUOUS
10
7.8857503543307086
20
-4.0698366141732283
11
7.8856105118110236
21
-4.0698366141732283
0
LINE
8
BLACK
6
CONTINUOUS
10
7.8856105118110236
20
-4.0698366141732283
11
7.8780292913385823
21
-4.0724591732283466
0
LINE
8
BLACK
6
CONTINUOUS
10
7.8780292913385823
20
-4.0724591732283466
11
7.8774579133858262
21
-4.0725890551181099
0
LINE
8
BLACK
6
CONTINUOUS
10
7.8774579133858262
20
-4.0725890551181099
11
7.877313937007874
21
-4.0726487401574802
0
LINE
8
BLACK
6
CONTINUOUS
10
7.877313937007874
20
-4.0726487401574802
11
7.8771915748031498
21
-4.0726496456692916
0
LINE
8
BLACK
6
CONTINUOUS
10
7.8771915748031498
20
-4.0726496456692916
11
7.8769003937007875
21
-4.0727158661417322
0
LINE
8
BLACK
6
CONTINUOUS
10
7.8769003937007875
20
-4.0727158661417322
11
7.8760849999999998
21
-4.0726578740157482
0
LINE
8
BLACK
6
CONTINUOUS
10
7.8760849999999998
20
-4.0726578740157482
11
7.8621010629921262
21
-4.072762204724409
0
LINE
8
BLACK
6
CONTINUOUS
10
7.8621010629921262
20
-4.072762204724409
11
7.8609489370078736
21
-4.0726487401574802
0
LINE
8
BLACK
6
CONTINUOUS
10
7.8609489370078736
20
-4.0726487401574802
11
7.858820118110236
21
-4.0717669291338581
0
LINE
8
BLACK
6
CONTINUOUS
10
7.858820118110236
20
-4.0717669291338581
11
7.857190826771653
21
-4.0701376377952752
0
LINE
8
BLACK
6
CONTINUOUS
10
7.857190826771653
20
-4.0701376377952752
11
7.8563090157480318
21
-4.0680088188976375
0
LINE
8
BLACK
6
CONTINUOUS
10
7.8563090157480318
20
-4.0680088188976375
11
7.8561955511811021
21
-4.0078015748031497
0
LINE
8
BLACK
6
CONTINUOUS
10
7.8561955511811021
20
-4.0078015748031497
11
7.8563090157480318
21
-4.006649448818898
0
LINE
8
BLACK
6
CONTINUOUS
10
7.8563090157480318
20
-4.006649448818898
11
7.857190826771653
21
-4.0045206299212595
0
LINE
8
BLACK
6
CONTINUOUS
10
7.857190826771653
20
-4.0045206299212595
11
7.858820118110236
21
-4.0028913385826774
0
LINE
8
BLACK
6
CONTINUOUS
10
7.858820118110236
20
-4.0028913385826774
11
7.8609489370078736
21
-4.0020095275590553
0
LINE
8
BLACK
6
CONTINUOUS
10
7.8609489370078736
20
-4.0020095275590553
11
7.8761618110236222
21
-4.0018960629921256
0
LINE
8
BLACK
6
CONTINUOUS
10
7.8761618110236222
20
-4.0018960629921256
11
7.8767449212598422
21
-4.0019534645669292
0
LINE
8
BLACK
6
CONTINUOUS
10
7.8679062992125983
20
-4.0136637795275592
11
7.8679955511811022
21
-4.0610120866141735
0
LINE
8
BLACK
6
CONTINUOUS
10
7.8679955511811022
20
-4.0610120866141735
11
7.8754624409448821
21
-4.0609563779527562
0
LINE
8
BLACK
6
CONTINUOUS
10
7.8754624409448821
20
-4.0609563779527562
11
7.8815560236220472
21
-4.0588484645669292
0
LINE
8
BLACK
6
CONTINUOUS
10
7.8815560236220472
20
-4.0588484645669292
11
7.8855308267716531
21
-4.0547733070866139
0
LINE
8
BLACK
6
CONTINUOUS
10
7.8855308267716531
20
-4.0547733070866139
11
7.8876522047244091
21
-4.0503637007874014
0
LINE
8
BLACK
6
CONTINUOUS
10
7.8876522047244091
20
-4.0503637007874014
11
7.8900285826771652
21
-4.0404853149606295
0
LINE
8
BLACK
6
CONTINUOUS
10
7.8900285826771652
20
-4.0404853149606295
11
7.8899455511811025
21
-4.0334690551181103
0
LINE
8
BLACK
6
CONTINUOUS
10
7.8899455511811025
20
-4.0334690551181103
11
7.8873779133858264
21
-4.0235734645669288
0
LINE
8
BLACK
6
CONTINUOUS
10
7.8873779133858264
20
-4.0235734645669288
11
7.88527437007874
21
-4.019522086614173
0
LINE
8
BLACK
6
CONTINUOUS
10
7.88527437007874
20
-4.019522086614173
11
7.8813093307086612
21
-4.015654645669291
0
LINE
8
BLACK
6
CONTINUOUS
10
7.8813093307086612
20
-4.015654645669291
11
7.8749404724409446
21
-4.0136112992125987
0
LINE
8
BLACK
6
CONTINUOUS
10
7.8749404724409446
20
-4.0136112992125987
11
7.8679062992125983
21
-4.0136637795275592
0
LINE
8
BLACK
6
CONTINUOUS
10
7.8010094488188972
20
-4.0020095275590553
11
7.8013859055118111
21
-4.0020095275590553
0
LINE
8
BLACK
6
CONTINUOUS
10
7.8013859055118111
20
-4.0020095275590553
11
7.8021115748031491
21
-4.0023101181102358
0
LINE
8
BLACK
6
CONTINUOUS
10
7.8021115748031491
20
-4.0023101181102358
11
7.8028692519685041
21
-4.0025167716535428
0
LINE
8
BLACK
6
CONTINUOUS
10
7.8028692519685041
20
-4.0025167716535428
11
7.8031668503937004
21
-4.002747244094488
0
LINE
8
BLACK
6
CONTINUOUS
10
7.8031668503937004
20
-4.002747244094488
11
7.8035147244094487
21
-4.0028913385826774
0
LINE
8
BLACK
6
CONTINUOUS
10
7.8035147244094487
20
-4.0028913385826774
11
7.8040701181102357
21
-4.0034467322834644
0
LINE
8
BLACK
6
CONTINUOUS
10
7.8040701181102357
20
-4.0034467322834644
11
7.8046910629921262
21
-4.0039275984251965
0
LINE
8
BLACK
6
CONTINUOUS
10
7.8046910629921262
20
-4.0039275984251965
11
7.804879488188976
21
-4.0042561023622048
0
LINE
8
BLACK
6
CONTINUOUS
10
7.804879488188976
20
-4.0042561023622048
11
7.8051440157480316
21
-4.0045206299212595
0
LINE
8
BLACK
6
CONTINUOUS
10
7.8051440157480316
20
-4.0045206299212595
11
7.8054371259842519
21
-4.005228267716535
0
LINE
8
BLACK
6
CONTINUOUS
10
7.8054371259842519
20
-4.005228267716535
11
7.8281437795275588
21
-4.0448139763779523
0
LINE
8
BLACK
6
CONTINUOUS
10
7.8281437795275588
20
-4.0448139763779523
11
7.8280740551181101
21
-4.0078015748031497
0
LINE
8
BLACK
6
CONTINUOUS
10
7.8280740551181101
20
-4.0078015748031497
11
7.8281875196850388
21
-4.006649448818898
0
LINE
8
BLACK
6
CONTINUOUS
10
7.8281875196850388
20
-4.006649448818898
11
7.829069330708661
21
-4.0045206299212595
0
LINE
8
BLACK
6
CONTINUOUS
10
7.829069330708661
20
-4.0045206299212595
11
7.8306986220472439
21
-4.0028913385826774
0
LINE
8
BLACK
6
CONTINUOUS
10
7.8306986220472439
20
-4.0028913385826774
11
7.8328274409448815
21
-4.0020095275590553
0
LINE
8
BLACK
6
CONTINUOUS
10
7.8328274409448815
20
-4.0020095275590553
11
7.8351316929133858
21
-4.0020095275590553
0
LINE
8
BLACK
6
CONTINUOUS
10
7.8351316929133858
20
-4.0020095275590553
11
7.8372605118110235
21
-4.0028913385826774
0
LINE
8
BLACK
6
CONTINUOUS
10
7.8372605118110235
20
-4.0028913385826774
11
7.8388898031496064
21
-4.0045206299212595
0
LINE
8
BLACK
6
CONTINUOUS
10
7.8388898031496064
20
-4.0045206299212595
11
7.8397716141732285
21
-4.006649448818898
0
LINE
8
BLACK
6
CONTINUOUS
10
7.8397716141732285
20
-4.006649448818898
11
7.8398850787401573
21
-4.0668566929133858
0
LINE
8
BLACK
6
CONTINUOUS
10
7.8398850787401573
20
-4.0668566929133858
11
7.8398558661417317
21
-4.0671529921259841
0
LINE
8
BLACK
6
CONTINUOUS
10
7.8398558661417317
20
-4.0671529921259841
11
7.8398706692913382
21
-4.0672692125984247
0
LINE
8
BLACK
6
CONTINUOUS
10
7.8398706692913382
20
-4.0672692125984247
11
7.8398296062992125
21
-4.0674196456692915
0
LINE
8
BLACK
6
CONTINUOUS
10
7.8398296062992125
20
-4.0674196456692915
11
7.8397716141732285
21
-4.0680088188976375
0
LINE
8
BLACK
6
CONTINUOUS
10
7.8397716141732285
20
-4.0680088188976375
11
7.8394709842519683
21
-4.0687344881889764
0
LINE
8
BLACK
6
CONTINUOUS
10
7.8394709842519683
20
-4.0687344881889764
11
7.8392643700787401
21
-4.0694921653543306
0
LINE
8
BLACK
6
CONTINUOUS
10
7.8392643700787401
20
-4.0694921653543306
11
7.8390338582677161
21
-4.0697897637795277
0
LINE
8
BLACK
6
CONTINUOUS
10
7.8390338582677161
20
-4.0697897637795277
11
7.8388898031496064
21
-4.0701376377952752
0
LINE
8
BLACK
6
CONTINUOUS
10
7.8388898031496064
20
-4.0701376377952752
11
7.8383343700787398
21
-4.070693031496063
0
LINE
8
BLACK
6
CONTINUOUS
10
7.8383343700787398
20
-4.070693031496063
11
7.8378535433070864
21
-4.0713139763779527
0
LINE
8
BLACK
6
CONTINUOUS
10
7.8378535433070864
20
-4.0713139763779527
11
7.837526653543307
21
-4.0715007480314958
0
LINE
8
BLACK
6
CONTINUOUS
10
7.837526653543307
20
-4.0715007480314958
11
7.8372605118110235
21
-4.0717669291338581
0
LINE
8
BLACK
6
CONTINUOUS
10
7.8372605118110235
20
-4.0717669291338581
11
7.8365348818897633
21
-4.0720674803149608
0
LINE
8
BLACK
6
CONTINUOUS
10
7.8365348818897633
20
-4.0720674803149608
11
7.8358529133858266
21
-4.072457204724409
0
LINE
8
BLACK
6
CONTINUOUS
10
7.8358529133858266
20
-4.072457204724409
11
7.835479448818897
21
-4.0725046456692908
0
LINE
8
BLACK
6
CONTINUOUS
10
7.835479448818897
20
-4.0725046456692908
11
7.8351316929133858
21
-4.0726487401574802
0
LINE
8
BLACK
6
CONTINUOUS
10
7.8351316929133858
20
-4.0726487401574802
11
7.8343462598425191
21
-4.0726487401574802
0
LINE
8
BLACK
6
CONTINUOUS
10
7.8343462598425191
20
-4.0726487401574802
11
7.8335670866141731
21
-4.0727477952755908
0
LINE
8
BLACK
6
CONTINUOUS
10
7.8335670866141731
20
-4.0727477952755908
11
7.8332038976377953
21
-4.0726487401574802
0
LINE
8
BLACK
6
CONTINUOUS
10
7.8332038976377953
20
-4.0726487401574802
11
7.8328274409448815
21
-4.0726487401574802
0
LINE
8
BLACK
6
CONTINUOUS
10
7.8328274409448815
20
-4.0726487401574802
11
7.8321018897637797
21
-4.0723481889763775
0
LINE
8
BLACK
6
CONTINUOUS
10
7.8321018897637797
20
-4.0723481889763775
11
7.8313440944881885
21
-4.0721415354330706
0
LINE
8
BLACK
6
CONTINUOUS
10
7.8313440944881885
20
-4.0721415354330706
11
7.8310463779527559
21
-4.07191094488189
0
LINE
8
BLACK
6
CONTINUOUS
10
7.8310463779527559
20
-4.07191094488189
11
7.8306986220472439
21
-4.0717669291338581
0
LINE
8
BLACK
6
CONTINUOUS
10
7.8306986220472439
20
-4.0717669291338581
11
7.8301432677165357
21
-4.0712115748031499
0
LINE
8
BLACK
6
CONTINUOUS
10
7.8301432677165357
20
-4.0712115748031499
11
7.8295222834645664
21
-4.0707306692913381
0
LINE
8
BLACK
6
CONTINUOUS
10
7.8295222834645664
20
-4.0707306692913381
11
7.8293338188976378
21
-4.070402125984252
0
LINE
8
BLACK
6
CONTINUOUS
10
7.8293338188976378
20
-4.070402125984252
11
7.829069330708661
21
-4.0701376377952752
0
LINE
8
BLACK
6
CONTINUOUS
10
7.829069330708661
20
-4.0701376377952752
11
7.828776181102362
21
-4.0694299606299209
0
LINE
8
BLACK
6
CONTINUOUS
10
7.828776181102362
20
-4.0694299606299209
11
7.806069527559055
21
-4.0298442125984248
0
LINE
8
BLACK
6
CONTINUOUS
10
7.806069527559055
20
-4.0298442125984248
11
7.8061392913385825
21
-4.0668566929133858
0
LINE
8
BLACK
6
CONTINUOUS
10
7.8061392913385825
20
-4.0668566929133858
11
7.8060258267716538
21
-4.0680088188976375
0
LINE
8
BLACK
6
CONTINUOUS
10
7.8060258267716538
20
-4.0680088188976375
11
7.8051440157480316
21
-4.0701376377952752
0
LINE
8
BLACK
6
CONTINUOUS
10
7.8051440157480316
20
-4.0701376377952752
11
7.8035147244094487
21
-4.0717669291338581
0
LINE
8
BLACK
6
CONTINUOUS
10
7.8035147244094487
20
-4.0717669291338581
11
7.8013859055118111
21
-4.0726487401574802
0
LINE
8
BLACK
6
CONTINUOUS
10
7.8013859055118111
20
-4.0726487401574802
11
7.7990816535433067
21
-4.0726487401574802
0
LINE
8
BLACK
6
CONTINUOUS
10
7.7990816535433067
20
-4.0726487401574802
11
7.7969528346456691
21
-4.0717669291338581
0
LINE
8
BLACK
6
CONTINUOUS
10
7.7969528346456691
20
-4.0717669291338581
11
7.7953235433070862
21
-4.0701376377952752
0
LINE
8
BLACK
6
CONTINUOUS
10
7.7953235433070862
20
-4.0701376377952752
11
7.794441732283464
21
-4.0680088188976375
0
LINE
8
BLACK
6
CONTINUOUS
10
7.794441732283464
20
-4.0680088188976375
11
7.7943282677165353
21
-4.0078015748031497
0
LINE
8
BLACK
6
CONTINUOUS
10
7.7943282677165353
20
-4.0078015748031497
11
7.7943574409448821
21
-4.0075052755905514
0
LINE
8
BLACK
6
CONTINUOUS
10
7.7943574409448821
20
-4.0075052755905514
11
7.7943426771653543
21
-4.0073890944881887
0
LINE
8
BLACK
6
CONTINUOUS
10
7.7943426771653543
20
-4.0073890944881887
11
7.7943837007874013
21
-4.0072386614173228
0
LINE
8
BLACK
6
CONTINUOUS
10
7.7943837007874013
20
-4.0072386614173228
11
7.794441732283464
21
-4.006649448818898
0
LINE
8
BLACK
6
CONTINUOUS
10
7.794441732283464
20
-4.006649448818898
11
7.7947423228346455
21
-4.0059237401574803
0
LINE
8
BLACK
6
CONTINUOUS
10
7.7947423228346455
20
-4.0059237401574803
11
7.7949489763779525
21
-4.0051661023622049
0
LINE
8
BLACK
6
CONTINUOUS
10
7.7949489763779525
20
-4.0051661023622049
11
7.7951794488188977
21
-4.004868464566929
0
LINE
8
BLACK
6
CONTINUOUS
10
7.7951794488188977
20
-4.004868464566929
11
7.7953235433070862
21
-4.0045206299212595
0
LINE
8
BLACK
6
CONTINUOUS
10
7.7953235433070862
20
-4.0045206299212595
11
7.795878937007874
21
-4.0039651968503938
0
LINE
8
BLACK
6
CONTINUOUS
10
7.795878937007874
20
-4.0039651968503938
11
7.7963598031496062
21
-4.0033442913385828
0
LINE
8
BLACK
6
CONTINUOUS
10
7.7963598031496062
20
-4.0033442913385828
11
7.7966866535433068
21
-4.0031574803149601
0
LINE
8
BLACK
6
CONTINUOUS
10
7.7966866535433068
20
-4.0031574803149601
11
7.7969528346456691
21
-4.0028913385826774
0
LINE
8
BLACK
6
CONTINUOUS
10
7.7969528346456691
20
-4.0028913385826774
11
7.7976784251968505
21
-4.0025907480314959
0
LINE
8
BLACK
6
CONTINUOUS
10
7.7976784251968505
20
-4.0025907480314959
11
7.798360433070866
21
-4.0022010629921256
0
LINE
8
BLACK
6
CONTINUOUS
10
7.798360433070866
20
-4.0022010629921256
11
7.7987338582677159
21
-4.002153582677165
0
LINE
8
BLACK
6
CONTINUOUS
10
7.7987338582677159
20
-4.002153582677165
11
7.7990816535433067
21
-4.0020095275590553
0
LINE
8
BLACK
6
CONTINUOUS
10
7.7990816535433067
20
-4.0020095275590553
11
7.7998670866141735
21
-4.0020095275590553
0
LINE
8
BLACK
6
CONTINUOUS
10
7.7998670866141735
20
-4.0020095275590553
11
7.8006462598425195
21
-4.0019104724409447
0
LINE
8
BLACK
6
CONTINUOUS
10
7.8006462598425195
20
-4.0019104724409447
11
7.8010094488188972
21
-4.0020095275590553
0
LINE
8
BLACK
6
CONTINUOUS
10
7.5567290157480311
20
-4.0020095275590553
11
7.5567629133858265
21
-4.0020235433070868
0
LINE
8
BLACK
6
CONTINUOUS
10
7.5567629133858265
20
-4.0020235433070868
11
7.5567995275590549
21
-4.0020240157480318
0
LINE
8
BLACK
6
CONTINUOUS
10
7.5567995275590549
20
-4.0020240157480318
11
7.5578255511811019
21
-4.0024637401574799
0
LINE
8
BLACK
6
CONTINUOUS
10
7.5578255511811019
20
-4.0024637401574799
11
7.5588578346456687
21
-4.0028913385826774
0
LINE
8
BLACK
6
CONTINUOUS
10
7.5588578346456687
20
-4.0028913385826774
11
7.55888374015748
21
-4.0029172440944878
0
LINE
8
BLACK
6
CONTINUOUS
10
7.55888374015748
20
-4.0029172440944878
11
7.5589174409448816
21
-4.0029316929133856
0
LINE
8
BLACK
6
CONTINUOUS
10
7.5589174409448816
20
-4.0029316929133856
11
7.5596965748031497
21
-4.0037300787401575
0
LINE
8
BLACK
6
CONTINUOUS
10
7.5596965748031497
20
-4.0037300787401575
11
7.5604871259842517
21
-4.0045206299212595
0
LINE
8
BLACK
6
CONTINUOUS
10
7.5604871259842517
20
-4.0045206299212595
11
7.5605011811023619
21
-4.0045545669291336
0
LINE
8
BLACK
6
CONTINUOUS
10
7.5605011811023619
20
-4.0045545669291336
11
7.5605267716535431
21
-4.0045807874015749
0
LINE
8
BLACK
6
CONTINUOUS
10
7.5605267716535431
20
-4.0045807874015749
11
7.5609408661417321
21
-4.0056160236220473
0
LINE
8
BLACK
6
CONTINUOUS
10
7.5609408661417321
20
-4.0056160236220473
11
7.5613689370078738
21
-4.006649448818898
0
LINE
8
BLACK
6
CONTINUOUS
10
7.5613689370078738
20
-4.006649448818898
11
7.5613689370078738
21
-4.0066861811023617
0
LINE
8
BLACK
6
CONTINUOUS
10
7.5613689370078738
20
-4.0066861811023617
11
7.561382519685039
21
-4.0067201574803146
0
LINE
8
BLACK
6
CONTINUOUS
10
7.561382519685039
20
-4.0067201574803146
11
7.5613689370078738
21
-4.007835
0
LINE
8
BLACK
6
CONTINUOUS
10
7.5613689370078738
20
-4.007835
11
7.5613689370078738
21
-4.0089537007874014
0
LINE
8
BLACK
6
CONTINUOUS
10
7.5613689370078738
20
-4.0089537007874014
11
7.5613548818897636
21
-4.0089875984251968
0
LINE
8
BLACK
6
CONTINUOUS
10
7.5613548818897636
20
-4.0089875984251968
11
7.5613544488188973
21
-4.0090242125984252
0
LINE
8
BLACK
6
CONTINUOUS
10
7.5613544488188973
20
-4.0090242125984252
11
7.5608437401574804
21
-4.0102215354330708
0
LINE
8
BLACK
6
CONTINUOUS
10
7.5608437401574804
20
-4.0102215354330708
11
7.5604871259842517
21
-4.011082519685039
0
LINE
8
BLACK
6
CONTINUOUS
10
7.5604871259842517
20
-4.011082519685039
11
7.5604686614173229
21
-4.01110094488189
0
LINE
8
BLACK
6
CONTINUOUS
10
7.5604686614173229
20
-4.01110094488189
11
7.5356955905511809
21
-4.0691829921259846
0
LINE
8
BLACK
6
CONTINUOUS
10
7.5356955905511809
20
-4.0691829921259846
11
7.5351374409448821
21
-4.070197244094488
0
LINE
8
BLACK
6
CONTINUOUS
10
7.5351374409448821
20
-4.070197244094488
11
7.5334883464566929
21
-4.0718065748031496
0
LINE
8
BLACK
6
CONTINUOUS
10
7.5334883464566929
20
-4.0718065748031496
11
7.5313489763779522
21
-4.0726623228346455
0
LINE
8
BLACK
6
CONTINUOUS
10
7.5313489763779522
20
-4.0726623228346455
11
7.5290449212598425
21
-4.0726342519685037
0
LINE
8
BLACK
6
CONTINUOUS
10
7.5290449212598425
20
-4.0726342519685037
11
7.5269270078740158
21
-4.0717265748031499
0
LINE
8
BLACK
6
CONTINUOUS
10
7.5269270078740158
20
-4.0717265748031499
11
7.5253176771653543
21
-4.0700774803149606
0
LINE
8
BLACK
6
CONTINUOUS
10
7.5253176771653543
20
-4.0700774803149606
11
7.5244619291338584
21
-4.06793811023622
0
LINE
8
BLACK
6
CONTINUOUS
10
7.5244619291338584
20
-4.06793811023622
11
7.5244900000000001
21
-4.0656340551181103
0
LINE
8
BLACK
6
CONTINUOUS
10
7.5244900000000001
20
-4.0656340551181103
11
7.5466742125984254
21
-4.0136217716535434
0
LINE
8
BLACK
6
CONTINUOUS
10
7.5466742125984254
20
-4.0136217716535434
11
7.516206811023622
21
-4.0137070866141729
0
LINE
8
BLACK
6
CONTINUOUS
10
7.516206811023622
20
-4.0137070866141729
11
7.5150546850393702
21
-4.0135936220472441
0
LINE
8
BLACK
6
CONTINUOUS
10
7.5150546850393702
20
-4.0135936220472441
11
7.5129258661417317
21
-4.012711811023622
0
LINE
8
BLACK
6
CONTINUOUS
10
7.5129258661417317
20
-4.012711811023622
11
7.5112965748031497
21
-4.011082519685039
0
LINE
8
BLACK
6
CONTINUOUS
10
7.5112965748031497
20
-4.011082519685039
11
7.5104147637795275
21
-4.0089537007874014
0
LINE
8
BLACK
6
CONTINUOUS
10
7.5104147637795275
20
-4.0089537007874014
11
7.5104147637795275
21
-4.006649448818898
0
LINE
8
BLACK
6
CONTINUOUS
10
7.5104147637795275
20
-4.006649448818898
11
7.5112965748031497
21
-4.0045206299212595
0
LINE
8
BLACK
6
CONTINUOUS
10
7.5112965748031497
20
-4.0045206299212595
11
7.5129258661417317
21
-4.0028913385826774
0
LINE
8
BLACK
6
CONTINUOUS
10
7.5129258661417317
20
-4.0028913385826774
11
7.5150546850393702
21
-4.0020095275590553
0
LINE
8
BLACK
6
CONTINUOUS
10
7.5150546850393702
20
-4.0020095275590553
11
7.5555768897637794
21
-4.0018960629921256
0
LINE
8
BLACK
6
CONTINUOUS
10
7.5555768897637794
20
-4.0018960629921256
11
7.5567290157480311
21
-4.0020095275590553
0
LINE
8
BLACK
6
CONTINUOUS
10
7.6692149606299207
20
-4.0385674803149607
11
7.6713437795275592
21
-4.0394492913385829
0
LINE
8
BLACK
6
CONTINUOUS
10
7.6713437795275592
20
-4.0394492913385829
11
7.6729730708661412
21
-4.0410785826771649
0
LINE
8
BLACK
6
CONTINUOUS
10
7.6729730708661412
20
-4.0410785826771649
11
7.6738548818897634
21
-4.0432074015748034
0
LINE
8
BLACK
6
CONTINUOUS
10
7.6738548818897634
20
-4.0432074015748034
11
7.6738548818897634
21
-4.0455116535433069
0
LINE
8
BLACK
6
CONTINUOUS
10
7.6738548818897634
20
-4.0455116535433069
11
7.6729730708661412
21
-4.0476404724409445
0
LINE
8
BLACK
6
CONTINUOUS
10
7.6729730708661412
20
-4.0476404724409445
11
7.6713437795275592
21
-4.0492697637795274
0
LINE
8
BLACK
6
CONTINUOUS
10
7.6713437795275592
20
-4.0492697637795274
11
7.6692149606299207
21
-4.0501515748031496
0
LINE
8
BLACK
6
CONTINUOUS
10
7.6692149606299207
20
-4.0501515748031496
11
7.6230684251968501
21
-4.0502650393700783
0
LINE
8
BLACK
6
CONTINUOUS
10
7.6230684251968501
20
-4.0502650393700783
11
7.6219162992125984
21
-4.0501515748031496
0
LINE
8
BLACK
6
CONTINUOUS
10
7.6219162992125984
20
-4.0501515748031496
11
7.6197874803149608
21
-4.0492697637795274
0
LINE
8
BLACK
6
CONTINUOUS
10
7.6197874803149608
20
-4.0492697637795274
11
7.6181581889763779
21
-4.0476404724409445
0
LINE
8
BLACK
6
CONTINUOUS
10
7.6181581889763779
20
-4.0476404724409445
11
7.6172763779527557
21
-4.0455116535433069
0
LINE
8
BLACK
6
CONTINUOUS
10
7.6172763779527557
20
-4.0455116535433069
11
7.6172763779527557
21
-4.0432074015748034
0
LINE
8
BLACK
6
CONTINUOUS
10
7.6172763779527557
20
-4.0432074015748034
11
7.6181581889763779
21
-4.0410785826771649
0
LINE
8
BLACK
6
CONTINUOUS
10
7.6181581889763779
20
-4.0410785826771649
11
7.6197874803149608
21
-4.0394492913385829
0
LINE
8
BLACK
6
CONTINUOUS
10
7.6197874803149608
20
-4.0394492913385829
11
7.6219162992125984
21
-4.0385674803149607
0
LINE
8
BLACK
6
CONTINUOUS
10
7.6219162992125984
20
-4.0385674803149607
11
7.668062834645669
21
-4.0384540157480311
0
LINE
8
BLACK
6
CONTINUOUS
10
7.668062834645669
20
-4.0384540157480311
11
7.6692149606299207
21
-4.0385674803149607
0
LINE
8
BLACK
6
CONTINUOUS
10
7.124271141732283
20
-4.0104432283464568
11
7.1250857874015745
21
-4.0112578740157483
0
LINE
8
BLACK
6
CONTINUOUS
10
7.1250857874015745
20
-4.0112578740157483
11
7.125526692913386
21
-4.0123222834645667
0
LINE
8
BLACK
6
CONTINUOUS
10
7.125526692913386
20
-4.0123222834645667
11
7.12558342519685
21
-4.0353955118110232
0
LINE
8
BLACK
6
CONTINUOUS
10
7.12558342519685
20
-4.0353955118110232
11
7.125526692913386
21
-4.0359715748031499
0
LINE
8
BLACK
6
CONTINUOUS
10
7.125526692913386
20
-4.0359715748031499
11
7.1250857874015745
21
-4.0370359842519683
0
LINE
8
BLACK
6
CONTINUOUS
10
7.1250857874015745
20
-4.0370359842519683
11
7.124271141732283
21
-4.0378506299212598
0
LINE
8
BLACK
6
CONTINUOUS
10
7.124271141732283
20
-4.0378506299212598
11
7.1232067322834647
21
-4.0382915354330704
0
LINE
8
BLACK
6
CONTINUOUS
10
7.1232067322834647
20
-4.0382915354330704
11
7.1220546062992121
21
-4.0382915354330704
0
LINE
8
BLACK
6
CONTINUOUS
10
7.1220546062992121
20
-4.0382915354330704
11
7.1209901968503937
21
-4.0378506299212598
0
LINE
8
BLACK
6
CONTINUOUS
10
7.1209901968503937
20
-4.0378506299212598
11
7.1201755511811022
21
-4.0370359842519683
0
LINE
8
BLACK
6
CONTINUOUS
10
7.1201755511811022
20
-4.0370359842519683
11
7.1197346456692916
21
-4.0359715748031499
0
LINE
8
BLACK
6
CONTINUOUS
10
7.1197346456692916
20
-4.0359715748031499
11
7.1197126771653538
21
-4.027047913385827
0
LINE
8
BLACK
6
CONTINUOUS
10
7.1197126771653538
20
-4.027047913385827
11
7.0922030708661419
21
-4.0270869685039372
0
LINE
8
BLACK
6
CONTINUOUS
10
7.0922030708661419
20
-4.0270869685039372
11
7.0947223228346452
21
-4.029558070866142
0
LINE
8
BLACK
6
CONTINUOUS
10
7.0947223228346452
20
-4.029558070866142
11
7.0949081496062991
21
-4.0297844488188979
0
LINE
8
BLACK
6
CONTINUOUS
10
7.0949081496062991
20
-4.0297844488188979
11
7.0949670866141732
21
-4.0298355905511807
0
LINE
8
BLACK
6
CONTINUOUS
10
7.0949670866141732
20
-4.0298355905511807
11
7.0949956692913387
21
-4.029891102362205
0
LINE
8
BLACK
6
CONTINUOUS
10
7.0949956692913387
20
-4.029891102362205
11
7.0950895669291336
21
-4.0300055118110238
0
LINE
8
BLACK
6
CONTINUOUS
10
7.0950895669291336
20
-4.0300055118110238
11
7.0952333070866143
21
-4.0303525590551184
0
LINE
8
BLACK
6
CONTINUOUS
10
7.0952333070866143
20
-4.0303525590551184
11
7.0971501968503938
21
-4.0340749999999996
0
LINE
8
BLACK
6
CONTINUOUS
10
7.0971501968503938
20
-4.0340749999999996
11
7.0973570866141733
21
-4.0346155905511809
0
LINE
8
BLACK
6
CONTINUOUS
10
7.0973570866141733
20
-4.0346155905511809
11
7.0974387401574806
21
-4.0357648031496058
0
LINE
8
BLACK
6
CONTINUOUS
10
7.0974387401574806
20
-4.0357648031496058
11
7.097074409448819
21
-4.0368577952755906
0
LINE
8
BLACK
6
CONTINUOUS
10
7.097074409448819
20
-4.0368577952755906
11
7.0963195669291341
21
-4.0377281496062993
0
LINE
8
BLACK
6
CONTINUOUS
10
7.0963195669291341
20
-4.0377281496062993
11
7.0952890551181103
21
-4.0382434251968506
0
LINE
8
BLACK
6
CONTINUOUS
10
7.0952890551181103
20
-4.0382434251968506
11
7.0941398425196844
21
-4.038325078740157
0
LINE
8
BLACK
6
CONTINUOUS
10
7.0941398425196844
20
-4.038325078740157
11
7.0930468897637793
21
-4.0379607480314963
0
LINE
8
BLACK
6
CONTINUOUS
10
7.0930468897637793
20
-4.0379607480314963
11
7.0921764960629918
21
-4.0372059055118106
0
LINE
8
BLACK
6
CONTINUOUS
10
7.0921764960629918
20
-4.0372059055118106
11
7.0901527952755901
21
-4.033276062992126
0
LINE
8
BLACK
6
CONTINUOUS
10
7.0901527952755901
20
-4.033276062992126
11
7.0868319685039367
21
-4.0300187007874015
0
LINE
8
BLACK
6
CONTINUOUS
10
7.0868319685039367
20
-4.0300187007874015
11
7.0816226771653543
21
-4.0266037795275587
0
LINE
8
BLACK
6
CONTINUOUS
10
7.0816226771653543
20
-4.0266037795275587
11
7.081620984251968
21
-4.0266024015748032
0
LINE
8
BLACK
6
CONTINUOUS
10
7.081620984251968
20
-4.0266024015748032
11
7.0816201181102363
21
-4.0266020472440944
0
LINE
8
BLACK
6
CONTINUOUS
10
7.0816201181102363
20
-4.0266020472440944
11
7.0816180708661411
21
-4.0266000000000002
0
LINE
8
BLACK
6
CONTINUOUS
10
7.0816180708661411
20
-4.0266000000000002
11
7.081174842519685
21
-4.0262370078740153
0
LINE
8
BLACK
6
CONTINUOUS
10
7.081174842519685
20
-4.0262370078740153
11
7.0810121653543305
21
-4.0259940944881887
0
LINE
8
BLACK
6
CONTINUOUS
10
7.0810121653543305
20
-4.0259940944881887
11
7.0808054724409448
21
-4.025787401574803
0
LINE
8
BLACK
6
CONTINUOUS
10
7.0808054724409448
20
-4.025787401574803
11
7.0806947244094482
21
-4.0255200787401577
0
LINE
8
BLACK
6
CONTINUOUS
10
7.0806947244094482
20
-4.0255200787401577
11
7.0805337795275589
21
-4.0252797244094491
0
LINE
8
BLACK
6
CONTINUOUS
10
7.0805337795275589
20
-4.0252797244094491
11
7.0804764173228341
21
-4.0249930708661417
0
LINE
8
BLACK
6
CONTINUOUS
10
7.0804764173228341
20
-4.0249930708661417
11
7.0803645669291333
21
-4.0247229921259837
0
LINE
8
BLACK
6
CONTINUOUS
10
7.0803645669291333
20
-4.0247229921259837
11
7.0803645669291333
21
-4.0244336614173228
0
LINE
8
BLACK
6
CONTINUOUS
10
7.0803645669291333
20
-4.0244336614173228
11
7.0803078346456694
21
-4.0241500393700784
0
LINE
8
BLACK
6
CONTINUOUS
10
7.0803078346456694
20
-4.0241500393700784
11
7.0803645669291333
21
-4.0238632283464568
0
LINE
8
BLACK
6
CONTINUOUS
10
7.0803645669291333
20
-4.0238632283464568
11
7.0803645669291333
21
-4.023570866141732
0
LINE
8
BLACK
6
CONTINUOUS
10
7.0803645669291333
20
-4.023570866141732
11
7.0804752755905511
21
-4.0233035826771655
0
LINE
8
BLACK
6
CONTINUOUS
10
7.0804752755905511
20
-4.0233035826771655
11
7.0805314173228346
21
-4.0230198031496061
0
LINE
8
BLACK
6
CONTINUOUS
10
7.0805314173228346
20
-4.0230198031496061
11
7.0806935826771653
21
-4.0227765354330707
0
LINE
8
BLACK
6
CONTINUOUS
10
7.0806935826771653
20
-4.0227765354330707
11
7.0808054724409448
21
-4.0225064566929136
0
LINE
8
BLACK
6
CONTINUOUS
10
7.0808054724409448
20
-4.0225064566929136
11
7.08101
21
-4.0223018897637797
0
LINE
8
BLACK
6
CONTINUOUS
10
7.08101
20
-4.0223018897637797
11
7.0811705118110231
21
-4.0220611811023623
0
LINE
8
BLACK
6
CONTINUOUS
10
7.0811705118110231
20
-4.0220611811023623
11
7.0814133858267718
21
-4.0218985039370079
0
LINE
8
BLACK
6
CONTINUOUS
10
7.0814133858267718
20
-4.0218985039370079
11
7.0816201181102363
21
-4.0216918110236222
0
LINE
8
BLACK
6
CONTINUOUS
10
7.0816201181102363
20
-4.0216918110236222
11
7.0818874015748028
21
-4.0215810629921256
0
LINE
8
BLACK
6
CONTINUOUS
10
7.0818874015748028
20
-4.0215810629921256
11
7.0821277952755901
21
-4.0214201181102363
0
LINE
8
BLACK
6
CONTINUOUS
10
7.0821277952755901
20
-4.0214201181102363
11
7.0824144094488188
21
-4.0213627559055114
0
LINE
8
BLACK
6
CONTINUOUS
10
7.0824144094488188
20
-4.0213627559055114
11
7.0826845275590546
21
-4.0212509055118106
0
LINE
8
BLACK
6
CONTINUOUS
10
7.0826845275590546
20
-4.0212509055118106
11
7.0829758661417319
21
-4.0212504724409444
0
LINE
8
BLACK
6
CONTINUOUS
10
7.0829758661417319
20
-4.0212504724409444
11
7.0832574803149608
21
-4.0211941732283467
0
LINE
8
BLACK
6
CONTINUOUS
10
7.0832574803149608
20
-4.0211941732283467
11
7.08353811023622
21
-4.0212496850393702
0
LINE
8
BLACK
6
CONTINUOUS
10
7.08353811023622
20
-4.0212496850393702
11
7.1196983070866144
21
-4.021198307086614
0
LINE
8
BLACK
6
CONTINUOUS
10
7.1196983070866144
20
-4.021198307086614
11
7.1196779133858268
21
-4.0128983464566925
0
LINE
8
BLACK
6
CONTINUOUS
10
7.1196779133858268
20
-4.0128983464566925
11
7.1197346456692916
21
-4.0123222834645667
0
LINE
8
BLACK
6
CONTINUOUS
10
7.1197346456692916
20
-4.0123222834645667
11
7.1201755511811022
21
-4.0112578740157483
0
LINE
8
BLACK
6
CONTINUOUS
10
7.1201755511811022
20
-4.0112578740157483
11
7.1209901968503937
21
-4.0104432283464568
0
LINE
8
BLACK
6
CONTINUOUS
10
7.1209901968503937
20
-4.0104432283464568
11
7.1220546062992121
21
-4.0100023228346453
0
LINE
8
BLACK
6
CONTINUOUS
10
7.1220546062992121
20
-4.0100023228346453
11
7.1232067322834647
21
-4.0100023228346453
0
LINE
8
BLACK
6
CONTINUOUS
10
7.1232067322834647
20
-4.0100023228346453
11
7.124271141732283
21
-4.0104432283464568
0
LINE
8
BLACK
6
CONTINUOUS
10
6.9004729133858262
20
-3.9735047637795273
11
6.900960078740157
21
-3.9735047637795273
0
LINE
8
BLACK
6
CONTINUOUS
10
6.900960078740157
20
-3.9735047637795273
11
6.9014054724409446
21
-3.9736892125984249
0
LINE
8
BLACK
6
CONTINUOUS
10
6.9014054724409446
20
-3.9736892125984249
11
6.9018785433070864
21
-3.9737828346456694
0
LINE
8
BLACK
6
CONTINUOUS
10
6.9018785433070864
20
-3.9737828346456694
11
6.9022839763779524
21
-3.9740531102362202
0
LINE
8
BLACK
6
CONTINUOUS
10
6.9022839763779524
20
-3.9740531102362202
11
6.9027340944881885
21
-3.9742395669291337
0
LINE
8
BLACK
6
CONTINUOUS
10
6.9027340944881885
20
-3.9742395669291337
11
6.9030749999999994
21
-3.9745804724409446
0
LINE
8
BLACK
6
CONTINUOUS
10
6.9030749999999994
20
-3.9745804724409446
11
6.9034762204724407
21
-3.9748479527559053
0
LINE
8
BLACK
6
CONTINUOUS
10
6.9034762204724407
20
-3.9748479527559053
11
6.9037473622047241
21
-3.9752528346456693
0
LINE
8
BLACK
6
CONTINUOUS
10
6.9037473622047241
20
-3.9752528346456693
11
6.9040918897637793
21
-3.9755973622047245
0
LINE
8
BLACK
6
CONTINUOUS
10
6.9040918897637793
20
-3.9755973622047245
11
6.9042763385826769
21
-3.9760427165354328
0
LINE
8
BLACK
6
CONTINUOUS
10
6.9042763385826769
20
-3.9760427165354328
11
6.9045446850393697
21
-3.9764433858267716
0
LINE
8
BLACK
6
CONTINUOUS
10
6.9045446850393697
20
-3.9764433858267716
11
6.9046402362204722
21
-3.9769212598425194
0
LINE
8
BLACK
6
CONTINUOUS
10
6.9046402362204722
20
-3.9769212598425194
11
6.9048266929133852
21
-3.977371377952756
0
LINE
8
BLACK
6
CONTINUOUS
10
6.9048266929133852
20
-3.977371377952756
11
6.9048278346456691
21
-3.9778591732283464
0
LINE
8
BLACK
6
CONTINUOUS
10
6.9048278346456691
20
-3.9778591732283464
11
6.9049212598425198
21
-3.9783262992125983
0
LINE
8
BLACK
6
CONTINUOUS
10
6.9049212598425198
20
-3.9783262992125983
11
6.9048299999999996
21
-3.9787875196850391
0
LINE
8
BLACK
6
CONTINUOUS
10
6.9048299999999996
20
-3.9787875196850391
11
6.9049097637795276
21
-4.0128058267716531
0
LINE
8
BLACK
6
CONTINUOUS
10
6.9049097637795276
20
-4.0128058267716531
11
6.9112485826771648
21
-4.0127802755905515
0
LINE
8
BLACK
6
CONTINUOUS
10
6.9112485826771648
20
-4.0127802755905515
11
6.9122086614173224
21
-4.0128748425196852
0
LINE
8
BLACK
6
CONTINUOUS
10
6.9122086614173224
20
-4.0128748425196852
11
6.9139826771653539
21
-4.0136096456692911
0
LINE
8
BLACK
6
CONTINUOUS
10
6.9139826771653539
20
-4.0136096456692911
11
6.9153404724409446
21
-4.0149674409448819
0
LINE
8
BLACK
6
CONTINUOUS
10
6.9153404724409446
20
-4.0149674409448819
11
6.9160752755905515
21
-4.0167414566929134
0
LINE
8
BLACK
6
CONTINUOUS
10
6.9160752755905515
20
-4.0167414566929134
11
6.9160752755905515
21
-4.0186616141732285
0
LINE
8
BLACK
6
CONTINUOUS
10
6.9160752755905515
20
-4.0186616141732285
11
6.9153404724409446
21
-4.02043562992126
0
LINE
8
BLACK
6
CONTINUOUS
10
6.9153404724409446
20
-4.02043562992126
11
6.9139826771653539
21
-4.0217934251968499
0
LINE
8
BLACK
6
CONTINUOUS
10
6.9139826771653539
20
-4.0217934251968499
11
6.9122086614173224
21
-4.0225282283464567
0
LINE
8
BLACK
6
CONTINUOUS
10
6.9122086614173224
20
-4.0225282283464567
11
6.8887514173228341
21
-4.0226227952755904
0
LINE
8
BLACK
6
CONTINUOUS
10
6.8887514173228341
20
-4.0226227952755904
11
6.8877913385826774
21
-4.0225282283464567
0
LINE
8
BLACK
6
CONTINUOUS
10
6.8877913385826774
20
-4.0225282283464567
11
6.8860173228346451
21
-4.0217934251968499
0
LINE
8
BLACK
6
CONTINUOUS
10
6.8860173228346451
20
-4.0217934251968499
11
6.8846595275590552
21
-4.02043562992126
0
LINE
8
BLACK
6
CONTINUOUS
10
6.8846595275590552
20
-4.02043562992126
11
6.8839247244094484
21
-4.0186616141732285
0
LINE
8
BLACK
6
CONTINUOUS
10
6.8839247244094484
20
-4.0186616141732285
11
6.8839247244094484
21
-4.0167414566929134
0
LINE
8
BLACK
6
CONTINUOUS
10
6.8839247244094484
20
-4.0167414566929134
11
6.8846595275590552
21
-4.0149674409448819
0
LINE
8
BLACK
6
CONTINUOUS
10
6.8846595275590552
20
-4.0149674409448819
11
6.8860173228346451
21
-4.0136096456692911
0
LINE
8
BLACK
6
CONTINUOUS
10
6.8860173228346451
20
-4.0136096456692911
11
6.8877913385826774
21
-4.0128748425196852
0
LINE
8
BLACK
6
CONTINUOUS
10
6.8877913385826774
20
-4.0128748425196852
11
6.895159645669291
21
-4.0128451181102358
0
LINE
8
BLACK
6
CONTINUOUS
10
6.895159645669291
20
-4.0128451181102358
11
6.8951104330708661
21
-3.9918487401574803
0
LINE
8
BLACK
6
CONTINUOUS
10
6.8951104330708661
20
-3.9918487401574803
11
6.8947214173228346
21
-3.992009842519685
0
LINE
8
BLACK
6
CONTINUOUS
10
6.8947214173228346
20
-3.992009842519685
11
6.8909522834645669
21
-3.9939817322834643
0
LINE
8
BLACK
6
CONTINUOUS
10
6.8909522834645669
20
-3.9939817322834643
11
6.8900512598425196
21
-3.9943265354330708
0
LINE
8
BLACK
6
CONTINUOUS
10
6.8900512598425196
20
-3.9943265354330708
11
6.8881359055118105
21
-3.9944626771653544
0
LINE
8
BLACK
6
CONTINUOUS
10
6.8881359055118105
20
-3.9944626771653544
11
6.8863142519685034
21
-3.9938554330708662
0
LINE
8
BLACK
6
CONTINUOUS
10
6.8863142519685034
20
-3.9938554330708662
11
6.8848636614173229
21
-3.9925973228346456
0
LINE
8
BLACK
6
CONTINUOUS
10
6.8848636614173229
20
-3.9925973228346456
11
6.8840049212598426
21
-3.9908798818897635
0
LINE
8
BLACK
6
CONTINUOUS
10
6.8840049212598426
20
-3.9908798818897635
11
6.8838687795275586
21
-3.9889645275590548
0
LINE
8
BLACK
6
CONTINUOUS
10
6.8838687795275586
20
-3.9889645275590548
11
6.8844760236220468
21
-3.9871428740157477
0
LINE
8
BLACK
6
CONTINUOUS
10
6.8844760236220468
20
-3.9871428740157477
11
6.8857341338582678
21
-3.9856922834645667
0
LINE
8
BLACK
6
CONTINUOUS
10
6.8857341338582678
20
-3.9856922834645667
11
6.8897456299212596
21
-3.9835936220472439
0
LINE
8
BLACK
6
CONTINUOUS
10
6.8897456299212596
20
-3.9835936220472439
11
6.8926819291338584
21
-3.9805672834645667
0
LINE
8
BLACK
6
CONTINUOUS
10
6.8926819291338584
20
-3.9805672834645667
11
6.8959052755905512
21
-3.9756016141732284
0
LINE
8
BLACK
6
CONTINUOUS
10
6.8959052755905512
20
-3.9756016141732284
11
6.8959074409448817
21
-3.9755989370078741
0
LINE
8
BLACK
6
CONTINUOUS
10
6.8959074409448817
20
-3.9755989370078741
11
6.8959081102362205
21
-3.9755973622047245
0
LINE
8
BLACK
6
CONTINUOUS
10
6.8959081102362205
20
-3.9755973622047245
11
6.8959116535433074
21
-3.9755937795275589
0
LINE
8
BLACK
6
CONTINUOUS
10
6.8959116535433074
20
-3.9755937795275589
11
6.8965164960629917
21
-3.9748552362204723
0
LINE
8
BLACK
6
CONTINUOUS
10
6.8965164960629917
20
-3.9748552362204723
11
6.8969213779527561
21
-3.9745840551181102
0
LINE
8
BLACK
6
CONTINUOUS
10
6.8969213779527561
20
-3.9745840551181102
11
6.8972659055118113
21
-3.9742395669291337
0
LINE
8
BLACK
6
CONTINUOUS
10
6.8972659055118113
20
-3.9742395669291337
11
6.8977113385826767
21
-3.9740550393700786
0
LINE
8
BLACK
6
CONTINUOUS
10
6.8977113385826767
20
-3.9740550393700786
11
6.8981119685039367
21
-3.9737867716535433
0
LINE
8
BLACK
6
CONTINUOUS
10
6.8981119685039367
20
-3.9737867716535433
11
6.898589763779527
21
-3.9736911811023621
0
LINE
8
BLACK
6
CONTINUOUS
10
6.898589763779527
20
-3.9736911811023621
11
6.8990399212598428
21
-3.9735047637795273
0
LINE
8
BLACK
6
CONTINUOUS
10
6.8990399212598428
20
-3.9735047637795273
11
6.8995220472440941
21
-3.9735047637795273
0
LINE
8
BLACK
6
CONTINUOUS
10
6.8995220472440941
20
-3.9735047637795273
11
6.8999948818897634
21
-3.9734101968503936
0
LINE
8
BLACK
6
CONTINUOUS
10
6.8999948818897634
20
-3.9734101968503936
11
6.9004729133858262
21
-3.9735047637795273
0
LINE
8
BLACK
6
CONTINUOUS
10
7.1111477559055114
20
-3.971073149606299
11
7.1119624015748029
21
-3.9718877952755904
0
LINE
8
BLACK
6
CONTINUOUS
10
7.1119624015748029
20
-3.9718877952755904
11
7.1124033070866144
21
-3.9729522047244092
0
LINE
8
BLACK
6
CONTINUOUS
10
7.1124033070866144
20
-3.9729522047244092
11
7.1124107086614172
21
-3.9762214173228347
0
LINE
8
BLACK
6
CONTINUOUS
10
7.1124107086614172
20
-3.9762214173228347
11
7.1226306692913388
21
-3.9761998031496062
0
LINE
8
BLACK
6
CONTINUOUS
10
7.1226306692913388
20
-3.9761998031496062
11
7.1232067322834647
21
-3.9762565354330706
0
LINE
8
BLACK
6
CONTINUOUS
10
7.1232067322834647
20
-3.9762565354330706
11
7.124271141732283
21
-3.9766974409448816
0
LINE
8
BLACK
6
CONTINUOUS
10
7.124271141732283
20
-3.9766974409448816
11
7.1250857874015745
21
-3.9775120866141731
0
LINE
8
BLACK
6
CONTINUOUS
10
7.1250857874015745
20
-3.9775120866141731
11
7.125526692913386
21
-3.9785764960629919
0
LINE
8
BLACK
6
CONTINUOUS
10
7.125526692913386
20
-3.9785764960629919
11
7.125526692913386
21
-3.9797286220472441
0
LINE
8
BLACK
6
CONTINUOUS
10
7.125526692913386
20
-3.9797286220472441
11
7.1250857874015745
21
-3.9807930314960629
0
LINE
8
BLACK
6
CONTINUOUS
10
7.1250857874015745
20
-3.9807930314960629
11
7.124271141732283
21
-3.9816076771653544
0
LINE
8
BLACK
6
CONTINUOUS
10
7.124271141732283
20
-3.9816076771653544
11
7.1232067322834647
21
-3.9820485826771654
0
LINE
8
BLACK
6
CONTINUOUS
10
7.1232067322834647
20
-3.9820485826771654
11
7.1124240157480312
21
-3.9820713779527557
0
LINE
8
BLACK
6
CONTINUOUS
10
7.1124240157480312
20
-3.9820713779527557
11
7.1124600393700783
21
-3.9979001968503938
0
LINE
8
BLACK
6
CONTINUOUS
10
7.1124600393700783
20
-3.9979001968503938
11
7.1124312992125986
21
-3.9981917322834644
0
LINE
8
BLACK
6
CONTINUOUS
10
7.1124312992125986
20
-3.9981917322834644
11
7.112436850393701
21
-3.9982694881889764
0
LINE
8
BLACK
6
CONTINUOUS
10
7.112436850393701
20
-3.9982694881889764
11
7.1124181102362201
21
-3.9983255905511812
0
LINE
8
BLACK
6
CONTINUOUS
10
7.1124181102362201
20
-3.9983255905511812
11
7.1124033070866144
21
-3.9984762598425196
0
LINE
8
BLACK
6
CONTINUOUS
10
7.1124033070866144
20
-3.9984762598425196
11
7.1122221259842515
21
-3.9989136220472439
0
LINE
8
BLACK
6
CONTINUOUS
10
7.1122221259842515
20
-3.9989136220472439
11
7.1120725196850394
21
-3.9993624803149603
0
LINE
8
BLACK
6
CONTINUOUS
10
7.1120725196850394
20
-3.9993624803149603
11
7.1120029921259844
21
-3.9994425984251967
0
LINE
8
BLACK
6
CONTINUOUS
10
7.1120029921259844
20
-3.9994425984251967
11
7.1119624015748029
21
-3.9995406692913384
0
LINE
8
BLACK
6
CONTINUOUS
10
7.1119624015748029
20
-3.9995406692913384
11
7.1116276377952756
21
-3.9998753937007874
0
LINE
8
BLACK
6
CONTINUOUS
10
7.1116276377952756
20
-3.9998753937007874
11
7.1113176377952758
21
-4.0002328740157482
0
LINE
8
BLACK
6
CONTINUOUS
10
7.1113176377952758
20
-4.0002328740157482
11
7.1112227559055112
21
-4.0002802755905513
0
LINE
8
BLACK
6
CONTINUOUS
10
7.1112227559055112
20
-4.0002802755905513
11
7.1111477559055114
21
-4.0003553149606299
0
LINE
8
BLACK
6
CONTINUOUS
10
7.1111477559055114
20
-4.0003553149606299
11
7.1107102755905514
21
-4.0005364960629919
0
LINE
8
BLACK
6
CONTINUOUS
10
7.1107102755905514
20
-4.0005364960629919
11
7.1102871653543307
21
-4.000748070866142
0
LINE
8
BLACK
6
CONTINUOUS
10
7.1102871653543307
20
-4.000748070866142
11
7.1101814173228348
21
-4.0007555511811024
0
LINE
8
BLACK
6
CONTINUOUS
10
7.1101814173228348
20
-4.0007555511811024
11
7.110083346456693
21
-4.0007962204724405
0
LINE
8
BLACK
6
CONTINUOUS
10
7.110083346456693
20
-4.0007962204724405
11
7.1096098031496062
21
-4.0007962204724405
0
LINE
8
BLACK
6
CONTINUOUS
10
7.1096098031496062
20
-4.0007962204724405
11
7.1091379527559058
21
-4.0008297637795271
0
LINE
8
BLACK
6
CONTINUOUS
10
7.1091379527559058
20
-4.0008297637795271
11
7.1090366929133859
21
-4.0007962204724405
0
LINE
8
BLACK
6
CONTINUOUS
10
7.1090366929133859
20
-4.0007962204724405
11
7.1089312204724404
21
-4.0007962204724405
0
LINE
8
BLACK
6
CONTINUOUS
10
7.1089312204724404
20
-4.0007962204724405
11
7.1085101574803149
21
-4.0006218110236222
0
LINE
8
BLACK
6
CONTINUOUS
10
7.1085101574803149
20
-4.0006218110236222
11
7.0804520866141729
21
-3.9913275984251966
0
LINE
8
BLACK
6
CONTINUOUS
10
7.0804520866141729
20
-3.9913275984251966
11
7.0799235039370076
21
-3.9910916141732282
0
LINE
8
BLACK
6
CONTINUOUS
10
7.0799235039370076
20
-3.9910916141732282
11
7.0790531496062989
21
-3.9903367322834646
0
LINE
8
BLACK
6
CONTINUOUS
10
7.0790531496062989
20
-3.9903367322834646
11
7.0785379527559051
21
-3.9893062992125983
0
LINE
8
BLACK
6
CONTINUOUS
10
7.0785379527559051
20
-3.9893062992125983
11
7.0784562598425191
21
-3.9881570866141733
0
LINE
8
BLACK
6
CONTINUOUS
10
7.0784562598425191
20
-3.9881570866141733
11
7.0788205905511807
21
-3.9870640551181102
0
LINE
8
BLACK
6
CONTINUOUS
10
7.0788205905511807
20
-3.9870640551181102
11
7.0795754724409443
21
-3.9861937007874015
0
LINE
8
BLACK
6
CONTINUOUS
10
7.0795754724409443
20
-3.9861937007874015
11
7.0806059055118107
21
-3.9856785039370077
0
LINE
8
BLACK
6
CONTINUOUS
10
7.0806059055118107
20
-3.9856785039370077
11
7.0817551181102365
21
-3.9855968110236222
0
LINE
8
BLACK
6
CONTINUOUS
10
7.0817551181102365
20
-3.9855968110236222
11
7.1066006692913382
21
-3.9938268503937007
0
LINE
8
BLACK
6
CONTINUOUS
10
7.1066006692913382
20
-3.9938268503937007
11
7.1065739763779527
21
-3.98208374015748
0
LINE
8
BLACK
6
CONTINUOUS
10
7.1065739763779527
20
-3.98208374015748
11
7.0963839370078743
21
-3.9821053149606298
0
LINE
8
BLACK
6
CONTINUOUS
10
7.0963839370078743
20
-3.9821053149606298
11
7.0958078740157475
21
-3.9820485826771654
0
LINE
8
BLACK
6
CONTINUOUS
10
7.0958078740157475
20
-3.9820485826771654
11
7.0947434645669292
21
-3.9816076771653544
0
LINE
8
BLACK
6
CONTINUOUS
10
7.0947434645669292
20
-3.9816076771653544
11
7.0939288188976377
21
-3.9807930314960629
0
LINE
8
BLACK
6
CONTINUOUS
10
7.0939288188976377
20
-3.9807930314960629
11
7.0934879133858262
21
-3.9797286220472441
0
LINE
8
BLACK
6
CONTINUOUS
10
7.0934879133858262
20
-3.9797286220472441
11
7.0934879133858262
21
-3.9785764960629919
0
LINE
8
BLACK
6
CONTINUOUS
10
7.0934879133858262
20
-3.9785764960629919
11
7.0939288188976377
21
-3.9775120866141731
0
LINE
8
BLACK
6
CONTINUOUS
10
7.0939288188976377
20
-3.9775120866141731
11
7.0947434645669292
21
-3.9766974409448816
0
LINE
8
BLACK
6
CONTINUOUS
10
7.0947434645669292
20
-3.9766974409448816
11
7.0958078740157475
21
-3.9762565354330706
0
LINE
8
BLACK
6
CONTINUOUS
10
7.0958078740157475
20
-3.9762565354330706
11
7.1065606692913388
21
-3.9762337795275591
0
LINE
8
BLACK
6
CONTINUOUS
10
7.1065606692913388
20
-3.9762337795275591
11
7.1065545275590551
21
-3.9735282677165356
0
LINE
8
BLACK
6
CONTINUOUS
10
7.1065545275590551
20
-3.9735282677165356
11
7.10661125984252
21
-3.9729522047244092
0
LINE
8
BLACK
6
CONTINUOUS
10
7.10661125984252
20
-3.9729522047244092
11
7.1070521653543306
21
-3.9718877952755904
0
LINE
8
BLACK
6
CONTINUOUS
10
7.1070521653543306
20
-3.9718877952755904
11
7.1078668110236221
21
-3.971073149606299
0
LINE
8
BLACK
6
CONTINUOUS
10
7.1078668110236221
20
-3.971073149606299
11
7.1089312204724404
21
-3.9706322440944879
0
LINE
8
BLACK
6
CONTINUOUS
10
7.1089312204724404
20
-3.9706322440944879
11
7.110083346456693
21
-3.9706322440944879
0
LINE
8
BLACK
6
CONTINUOUS
10
7.110083346456693
20
-3.9706322440944879
11
7.1111477559055114
21
-3.971073149606299
0
LINE
8
BLACK
6
CONTINUOUS
10
7.7642589763779526
20
-3.9068780314960629
11
7.7644144881889758
21
-3.9068670078740158
0
LINE
8
BLACK
6
CONTINUOUS
10
7.7644144881889758
20
-3.9068670078740158
11
7.7645330314960628
21
-3.9069050393700788
0
LINE
8
BLACK
6
CONTINUOUS
10
7.7645330314960628
20
-3.9069050393700788
11
7.7648279921259844
21
-3.906934094488189
0
LINE
8
BLACK
6
CONTINUOUS
10
7.7648279921259844
20
-3.906934094488189
11
7.7655301181102363
21
-3.9072249212598424
0
LINE
8
BLACK
6
CONTINUOUS
10
7.7655301181102363
20
-3.9072249212598424
11
7.7739798031496061
21
-3.9099358267716533
0
LINE
8
BLACK
6
CONTINUOUS
10
7.7739798031496061
20
-3.9099358267716533
11
7.7750369291338579
21
-3.9104078346456692
0
LINE
8
BLACK
6
CONTINUOUS
10
7.7750369291338579
20
-3.9104078346456692
11
7.7767776377952753
21
-3.9119175590551181
0
LINE
8
BLACK
6
CONTINUOUS
10
7.7767776377952753
20
-3.9119175590551181
11
7.7778081102362204
21
-3.9139785039370079
0
LINE
8
BLACK
6
CONTINUOUS
10
7.7778081102362204
20
-3.9139785039370079
11
7.7779714566929128
21
-3.9162769291338582
0
LINE
8
BLACK
6
CONTINUOUS
10
7.7779714566929128
20
-3.9162769291338582
11
7.7772427952755905
21
-3.9184629133858269
0
LINE
8
BLACK
6
CONTINUOUS
10
7.7772427952755905
20
-3.9184629133858269
11
7.7757330314960624
21
-3.9202036220472438
0
LINE
8
BLACK
6
CONTINUOUS
10
7.7757330314960624
20
-3.9202036220472438
11
7.7736721259842518
21
-3.9212340944881889
0
LINE
8
BLACK
6
CONTINUOUS
10
7.7736721259842518
20
-3.9212340944881889
11
7.7713737007874011
21
-3.9213974409448817
0
LINE
8
BLACK
6
CONTINUOUS
10
7.7713737007874011
20
-3.9213974409448817
11
7.7624545275590551
21
-3.918535866141732
0
LINE
8
BLACK
6
CONTINUOUS
10
7.7624545275590551
20
-3.918535866141732
11
7.7508652362204726
21
-3.9186223228346457
0
LINE
8
BLACK
6
CONTINUOUS
10
7.7508652362204726
20
-3.9186223228346457
11
7.7473366535433072
21
-3.92045437007874
0
LINE
8
BLACK
6
CONTINUOUS
10
7.7473366535433072
20
-3.92045437007874
11
7.7458803937007872
21
-3.9219765354330707
0
LINE
8
BLACK
6
CONTINUOUS
10
7.7458803937007872
20
-3.9219765354330707
11
7.7442027952755907
21
-3.9254637007874016
0
LINE
8
BLACK
6
CONTINUOUS
10
7.7442027952755907
20
-3.9254637007874016
11
7.7442507086614167
21
-3.9283258661417322
0
LINE
8
BLACK
6
CONTINUOUS
10
7.7442507086614167
20
-3.9283258661417322
11
7.7460946850393695
21
-3.9318774015748033
0
LINE
8
BLACK
6
CONTINUOUS
10
7.7460946850393695
20
-3.9318774015748033
11
7.7476169291338577
21
-3.9333337401574804
0
LINE
8
BLACK
6
CONTINUOUS
10
7.7476169291338577
20
-3.9333337401574804
11
7.7520473228346454
21
-3.935465118110236
0
LINE
8
BLACK
6
CONTINUOUS
10
7.7520473228346454
20
-3.935465118110236
11
7.7622959842519688
21
-3.937930590551181
0
LINE
8
BLACK
6
CONTINUOUS
10
7.7622959842519688
20
-3.937930590551181
11
7.7623808267716532
21
-3.9379609055118108
0
LINE
8
BLACK
6
CONTINUOUS
10
7.7623808267716532
20
-3.9379609055118108
11
7.7624235039370078
21
-3.9379639370078738
0
LINE
8
BLACK
6
CONTINUOUS
10
7.7624235039370078
20
-3.9379639370078738
11
7.7625221259842521
21
-3.9380113779527557
0
LINE
8
BLACK
6
CONTINUOUS
10
7.7625221259842521
20
-3.9380113779527557
11
7.7633861811023621
21
-3.9383200787401575
0
LINE
8
BLACK
6
CONTINUOUS
10
7.7633861811023621
20
-3.9383200787401575
11
7.7637978740157481
21
-3.9386251181102363
0
LINE
8
BLACK
6
CONTINUOUS
10
7.7637978740157481
20
-3.9386251181102363
11
7.7691290551181105
21
-3.9411898818897635
0
LINE
8
BLACK
6
CONTINUOUS
10
7.7691290551181105
20
-3.9411898818897635
11
7.7696249212598421
21
-3.9415020078740155
0
LINE
8
BLACK
6
CONTINUOUS
10
7.7696249212598421
20
-3.9415020078740155
11
7.7697689763779527
21
-3.9415616929133859
0
LINE
8
BLACK
6
CONTINUOUS
10
7.7697689763779527
20
-3.9415616929133859
11
7.7698637007874014
21
-3.9416523228346456
0
LINE
8
BLACK
6
CONTINUOUS
10
7.7698637007874014
20
-3.9416523228346456
11
7.7701088188976373
21
-3.9418066141732284
0
LINE
8
BLACK
6
CONTINUOUS
10
7.7701088188976373
20
-3.9418066141732284
11
7.7705173622047239
21
-3.9422776771653543
0
LINE
8
BLACK
6
CONTINUOUS
10
7.7705173622047239
20
-3.9422776771653543
11
7.773476023622047
21
-3.9451083070866142
0
LINE
8
BLACK
6
CONTINUOUS
10
7.773476023622047
20
-3.9451083070866142
11
7.7738475984251965
21
-3.9455610629921258
0
LINE
8
BLACK
6
CONTINUOUS
10
7.7738475984251965
20
-3.9455610629921258
11
7.7739654724409446
21
-3.9456633070866141
0
LINE
8
BLACK
6
CONTINUOUS
10
7.7739654724409446
20
-3.9456633070866141
11
7.7740239763779524
21
-3.9457759842519686
0
LINE
8
BLACK
6
CONTINUOUS
10
7.7740239763779524
20
-3.9457759842519686
11
7.7742104330708663
21
-3.9460031889763778
0
LINE
8
BLACK
6
CONTINUOUS
10
7.7742104330708663
20
-3.9460031889763778
11
7.7744805511811022
21
-3.9466553543307086
0
LINE
8
BLACK
6
CONTINUOUS
10
7.7744805511811022
20
-3.9466553543307086
11
7.7773943700787402
21
-3.9522673228346457
0
LINE
8
BLACK
6
CONTINUOUS
10
7.7773943700787402
20
-3.9522673228346457
11
7.7778081102362204
21
-3.9533485826771653
0
LINE
8
BLACK
6
CONTINUOUS
10
7.7778081102362204
20
-3.9533485826771653
11
7.7778231102362199
21
-3.953560157480315
0
LINE
8
BLACK
6
CONTINUOUS
10
7.7778231102362199
20
-3.953560157480315
11
7.7779043700787396
21
-3.9537562598425198
0
LINE
8
BLACK
6
CONTINUOUS
10
7.7779043700787396
20
-3.9537562598425198
11
7.7779250787401573
21
-3.9549948425196848
0
LINE
8
BLACK
6
CONTINUOUS
10
7.7779250787401573
20
-3.9549948425196848
11
7.7779714566929128
21
-3.9556470078740156
0
LINE
8
BLACK
6
CONTINUOUS
10
7.7779714566929128
20
-3.9556470078740156
11
7.7779377165354333
21
-3.9557481889763779
0
LINE
8
BLACK
6
CONTINUOUS
10
7.7779377165354333
20
-3.9557481889763779
11
7.7780178346456692
21
-3.9605326771653542
0
LINE
8
BLACK
6
CONTINUOUS
10
7.7780178346456692
20
-3.9605326771653542
11
7.7779043700787396
21
-3.9616848031496064
0
LINE
8
BLACK
6
CONTINUOUS
10
7.7779043700787396
20
-3.9616848031496064
11
7.7778231102362199
21
-3.9618808661417324
0
LINE
8
BLACK
6
CONTINUOUS
10
7.7778231102362199
20
-3.9618808661417324
11
7.7778081102362204
21
-3.9620924803149604
0
LINE
8
BLACK
6
CONTINUOUS
10
7.7778081102362204
20
-3.9620924803149604
11
7.7772855905511813
21
-3.9631785039370078
0
LINE
8
BLACK
6
CONTINUOUS
10
7.7772855905511813
20
-3.9631785039370078
11
7.7770225590551183
21
-3.963813622047244
0
LINE
8
BLACK
6
CONTINUOUS
10
7.7770225590551183
20
-3.963813622047244
11
7.7769407086614173
21
-3.9638954330708662
0
LINE
8
BLACK
6
CONTINUOUS
10
7.7769407086614173
20
-3.9638954330708662
11
7.7745822047244095
21
-3.9687979921259839
0
LINE
8
BLACK
6
CONTINUOUS
10
7.7745822047244095
20
-3.9687979921259839
11
7.7742700787401571
21
-3.9692937795275589
0
LINE
8
BLACK
6
CONTINUOUS
10
7.7742700787401571
20
-3.9692937795275589
11
7.7742104330708663
21
-3.9694378740157479
0
LINE
8
BLACK
6
CONTINUOUS
10
7.7742104330708663
20
-3.9694378740157479
11
7.7741197244094487
21
-3.9695326377952753
0
LINE
8
BLACK
6
CONTINUOUS
10
7.7741197244094487
20
-3.9695326377952753
11
7.7739654724409446
21
-3.9697777559055116
0
LINE
8
BLACK
6
CONTINUOUS
10
7.7739654724409446
20
-3.9697777559055116
11
7.7734944094488183
21
-3.9701862598425195
0
LINE
8
BLACK
6
CONTINUOUS
10
7.7734944094488183
20
-3.9701862598425195
11
7.7706638976377951
21
-3.9731449212598426
0
LINE
8
BLACK
6
CONTINUOUS
10
7.7706638976377951
20
-3.9731449212598426
11
7.7702109055118109
21
-3.9735166535433071
0
LINE
8
BLACK
6
CONTINUOUS
10
7.7702109055118109
20
-3.9735166535433071
11
7.7701087795275585
21
-3.9736344488188977
0
LINE
8
BLACK
6
CONTINUOUS
10
7.7701087795275585
20
-3.9736344488188977
11
7.7699961417322836
21
-3.9736929133858268
0
LINE
8
BLACK
6
CONTINUOUS
10
7.7699961417322836
20
-3.9736929133858268
11
7.7697689763779527
21
-3.9738793700787403
0
LINE
8
BLACK
6
CONTINUOUS
10
7.7697689763779527
20
-3.9738793700787403
11
7.7691164960629919
21
-3.9741496062992123
0
LINE
8
BLACK
6
CONTINUOUS
10
7.7691164960629919
20
-3.9741496062992123
11
7.7635046850393703
21
-3.9770633070866142
0
LINE
8
BLACK
6
CONTINUOUS
10
7.7635046850393703
20
-3.9770633070866142
11
7.762423464566929
21
-3.9774770866141731
0
LINE
8
BLACK
6
CONTINUOUS
10
7.762423464566929
20
-3.9774770866141731
11
7.7622118110236222
21
-3.977492086614173
0
LINE
8
BLACK
6
CONTINUOUS
10
7.7622118110236222
20
-3.977492086614173
11
7.7620158267716537
21
-3.9775733070866139
0
LINE
8
BLACK
6
CONTINUOUS
10
7.7620158267716537
20
-3.9775733070866139
11
7.7609581889763781
21
-3.9775811811023623
0
LINE
8
BLACK
6
CONTINUOUS
10
7.7609581889763781
20
-3.9775811811023623
11
7.7601250393700782
21
-3.9776403937007871
0
LINE
8
BLACK
6
CONTINUOUS
10
7.7601250393700782
20
-3.9776403937007871
11
7.7599695669291338
21
-3.9775885433070863
0
LINE
8
BLACK
6
CONTINUOUS
10
7.7599695669291338
20
-3.9775885433070863
11
7.7468029921259838
21
-3.9776867716535431
0
LINE
8
BLACK
6
CONTINUOUS
10
7.7468029921259838
20
-3.9776867716535431
11
7.7462200787401576
21
-3.9776293307086612
0
LINE
8
BLACK
6
CONTINUOUS
10
7.7462200787401576
20
-3.9776293307086612
11
7.7460644094488185
21
-3.9776404330708659
0
LINE
8
BLACK
6
CONTINUOUS
10
7.7460644094488185
20
-3.9776404330708659
11
7.7459456692913387
21
-3.9776023228346458
0
LINE
8
BLACK
6
CONTINUOUS
10
7.7459456692913387
20
-3.9776023228346458
11
7.745650866141732
21
-3.9775733070866139
0
LINE
8
BLACK
6
CONTINUOUS
10
7.745650866141732
20
-3.9775733070866139
11
7.7449490157480314
21
-3.977282559055118
0
LINE
8
BLACK
6
CONTINUOUS
10
7.7449490157480314
20
-3.977282559055118
11
7.7364990551181103
21
-3.9745716141732284
0
LINE
8
BLACK
6
CONTINUOUS
10
7.7364990551181103
20
-3.9745716141732284
11
7.7354419291338585
21
-3.9740996456692912
0
LINE
8
BLACK
6
CONTINUOUS
10
7.7354419291338585
20
-3.9740996456692912
11
7.7337012204724411
21
-3.9725898818897636
0
LINE
8
BLACK
6
CONTINUOUS
10
7.7337012204724411
20
-3.9725898818897636
11
7.732670748031496
21
-3.9705289763779525
0
LINE
8
BLACK
6
CONTINUOUS
10
7.732670748031496
20
-3.9705289763779525
11
7.732507362204724
21
-3.9682305511811022
0
LINE
8
BLACK
6
CONTINUOUS
10
7.732507362204724
20
-3.9682305511811022
11
7.7332360236220472
21
-3.9660445275590552
0
LINE
8
BLACK
6
CONTINUOUS
10
7.7332360236220472
20
-3.9660445275590552
11
7.7347457874015744
21
-3.9643038188976378
0
LINE
8
BLACK
6
CONTINUOUS
10
7.7347457874015744
20
-3.9643038188976378
11
7.7368066929133859
21
-3.9632733464566927
0
LINE
8
BLACK
6
CONTINUOUS
10
7.7368066929133859
20
-3.9632733464566927
11
7.7391051181102357
21
-3.9631099606299212
0
LINE
8
BLACK
6
CONTINUOUS
10
7.7391051181102357
20
-3.9631099606299212
11
7.7480244094488189
21
-3.9659714960629922
0
LINE
8
BLACK
6
CONTINUOUS
10
7.7480244094488189
20
-3.9659714960629922
11
7.7596135433070863
21
-3.9658850393700789
0
LINE
8
BLACK
6
CONTINUOUS
10
7.7596135433070863
20
-3.9658850393700789
11
7.7631421653543304
21
-3.9640529921259842
0
LINE
8
BLACK
6
CONTINUOUS
10
7.7631421653543304
20
-3.9640529921259842
11
7.7645984251968505
21
-3.9625308267716535
0
LINE
8
BLACK
6
CONTINUOUS
10
7.7645984251968505
20
-3.9625308267716535
11
7.7662760236220469
21
-3.9590436614173226
0
LINE
8
BLACK
6
CONTINUOUS
10
7.7662760236220469
20
-3.9590436614173226
11
7.7662281102362201
21
-3.9561816141732282
0
LINE
8
BLACK
6
CONTINUOUS
10
7.7662281102362201
20
-3.9561816141732282
11
7.7643840551181098
21
-3.9526299212598426
0
LINE
8
BLACK
6
CONTINUOUS
10
7.7643840551181098
20
-3.9526299212598426
11
7.7628619291338579
21
-3.951173661417323
0
LINE
8
BLACK
6
CONTINUOUS
10
7.7628619291338579
20
-3.951173661417323
11
7.7584314173228348
21
-3.9490422440944881
0
LINE
8
BLACK
6
CONTINUOUS
10
7.7584314173228348
20
-3.9490422440944881
11
7.7481828346456689
21
-3.9465768110236219
0
LINE
8
BLACK
6
CONTINUOUS
10
7.7481828346456689
20
-3.9465768110236219
11
7.7480978346456695
21
-3.9465464173228346
0
LINE
8
BLACK
6
CONTINUOUS
10
7.7480978346456695
20
-3.9465464173228346
11
7.7480553149606299
21
-3.9465434251968503
0
LINE
8
BLACK
6
CONTINUOUS
10
7.7480553149606299
20
-3.9465434251968503
11
7.7479569685039369
21
-3.9464961023622047
0
LINE
8
BLACK
6
CONTINUOUS
10
7.7479569685039369
20
-3.9464961023622047
11
7.7470926377952756
21
-3.9461873228346458
0
LINE
8
BLACK
6
CONTINUOUS
10
7.7470926377952756
20
-3.9461873228346458
11
7.7466807874015746
21
-3.9458821653543308
0
LINE
8
BLACK
6
CONTINUOUS
10
7.7466807874015746
20
-3.9458821653543308
11
7.741349803149606
21
-3.9433175196850394
0
LINE
8
BLACK
6
CONTINUOUS
10
7.741349803149606
20
-3.9433175196850394
11
7.7408539763779523
21
-3.9430053937007874
0
LINE
8
BLACK
6
CONTINUOUS
10
7.7408539763779523
20
-3.9430053937007874
11
7.7407099212598425
21
-3.9429457480314958
0
LINE
8
BLACK
6
CONTINUOUS
10
7.7407099212598425
20
-3.9429457480314958
11
7.7406151181102363
21
-3.9428550393700785
0
LINE
8
BLACK
6
CONTINUOUS
10
7.7406151181102363
20
-3.9428550393700785
11
7.7403700393700783
21
-3.9427007874015749
0
LINE
8
BLACK
6
CONTINUOUS
10
7.7403700393700783
20
-3.9427007874015749
11
7.7399614960629917
21
-3.9422297244094486
0
LINE
8
BLACK
6
CONTINUOUS
10
7.7399614960629917
20
-3.9422297244094486
11
7.7370028740157482
21
-3.939399212598425
0
LINE
8
BLACK
6
CONTINUOUS
10
7.7370028740157482
20
-3.939399212598425
11
7.7366312204724403
21
-3.9389463385826771
0
LINE
8
BLACK
6
CONTINUOUS
10
7.7366312204724403
20
-3.9389463385826771
11
7.7365133464566931
21
-3.9388441338582676
0
LINE
8
BLACK
6
CONTINUOUS
10
7.7365133464566931
20
-3.9388441338582676
11
7.7364548031496065
21
-3.938731377952756
0
LINE
8
BLACK
6
CONTINUOUS
10
7.7364548031496065
20
-3.938731377952756
11
7.7362684251968501
21
-3.9385042913385826
0
LINE
8
BLACK
6
CONTINUOUS
10
7.7362684251968501
20
-3.9385042913385826
11
7.7359982283464568
21
-3.9378520078740156
0
LINE
8
BLACK
6
CONTINUOUS
10
7.7359982283464568
20
-3.9378520078740156
11
7.7330844881889762
21
-3.9322400787401572
0
LINE
8
BLACK
6
CONTINUOUS
10
7.7330844881889762
20
-3.9322400787401572
11
7.7326707086614173
21
-3.9311588188976376
0
LINE
8
BLACK
6
CONTINUOUS
10
7.7326707086614173
20
-3.9311588188976376
11
7.7326556692913382
21
-3.9309471653543304
0
LINE
8
BLACK
6
CONTINUOUS
10
7.7326556692913382
20
-3.9309471653543304
11
7.732574488188976
21
-3.9307511811023623
0
LINE
8
BLACK
6
CONTINUOUS
10
7.732574488188976
20
-3.9307511811023623
11
7.7325537401574804
21
-3.9295127165354331
0
LINE
8
BLACK
6
CONTINUOUS
10
7.7325537401574804
20
-3.9295127165354331
11
7.7325074015748028
21
-3.9288603937007873
0
LINE
8
BLACK
6
CONTINUOUS
10
7.7325074015748028
20
-3.9288603937007873
11
7.7325411023622044
21
-3.9287591732283462
0
LINE
8
BLACK
6
CONTINUOUS
10
7.7325411023622044
20
-3.9287591732283462
11
7.7324610236220472
21
-3.9239747244094487
0
LINE
8
BLACK
6
CONTINUOUS
10
7.7324610236220472
20
-3.9239747244094487
11
7.732574488188976
21
-3.922822598425197
0
LINE
8
BLACK
6
CONTINUOUS
10
7.732574488188976
20
-3.922822598425197
11
7.7326556692913382
21
-3.9226265748031497
0
LINE
8
BLACK
6
CONTINUOUS
10
7.7326556692913382
20
-3.9226265748031497
11
7.7326707086614173
21
-3.9224149606299212
0
LINE
8
BLACK
6
CONTINUOUS
10
7.7326707086614173
20
-3.9224149606299212
11
7.7331933464566927
21
-3.9213285039370076
0
LINE
8
BLACK
6
CONTINUOUS
10
7.7331933464566927
20
-3.9213285039370076
11
7.7334562992125981
21
-3.9206937795275589
0
LINE
8
BLACK
6
CONTINUOUS
10
7.7334562992125981
20
-3.9206937795275589
11
7.7335380708661416
21
-3.9206119685039371
0
LINE
8
BLACK
6
CONTINUOUS
10
7.7335380708661416
20
-3.9206119685039371
11
7.7358966141732282
21
-3.915709409448819
0
LINE
8
BLACK
6
CONTINUOUS
10
7.7358966141732282
20
-3.915709409448819
11
7.7362087401574797
21
-3.9152135039370077
0
LINE
8
BLACK
6
CONTINUOUS
10
7.7362087401574797
20
-3.9152135039370077
11
7.7362684251968501
21
-3.9150694881889763
0
LINE
8
BLACK
6
CONTINUOUS
10
7.7362684251968501
20
-3.9150694881889763
11
7.7363590551181103
21
-3.9149747244094488
0
LINE
8
BLACK
6
CONTINUOUS
10
7.7363590551181103
20
-3.9149747244094488
11
7.7365133464566931
21
-3.9147296456692913
0
LINE
8
BLACK
6
CONTINUOUS
10
7.7365133464566931
20
-3.9147296456692913
11
7.7369844094488185
21
-3.9143210629921259
0
LINE
8
BLACK
6
CONTINUOUS
10
7.7369844094488185
20
-3.9143210629921259
11
7.7398150393700789
21
-3.9113624409448819
0
LINE
8
BLACK
6
CONTINUOUS
10
7.7398150393700789
20
-3.9113624409448819
11
7.7402677952755905
21
-3.9109908267716533
0
LINE
8
BLACK
6
CONTINUOUS
10
7.7402677952755905
20
-3.9109908267716533
11
7.7403700393700783
21
-3.9108729921259844
0
LINE
8
BLACK
6
CONTINUOUS
10
7.7403700393700783
20
-3.9108729921259844
11
7.7404827165354328
21
-3.9108144488188974
0
LINE
8
BLACK
6
CONTINUOUS
10
7.7404827165354328
20
-3.9108144488188974
11
7.7407099212598425
21
-3.9106280314960631
0
LINE
8
BLACK
6
CONTINUOUS
10
7.7407099212598425
20
-3.9106280314960631
11
7.7413620866141732
21
-3.9103578740157481
0
LINE
8
BLACK
6
CONTINUOUS
10
7.7413620866141732
20
-3.9103578740157481
11
7.7469740551181099
21
-3.9074440944881887
0
LINE
8
BLACK
6
CONTINUOUS
10
7.7469740551181099
20
-3.9074440944881887
11
7.7480553149606299
21
-3.9070303543307086
0
LINE
8
BLACK
6
CONTINUOUS
10
7.7480553149606299
20
-3.9070303543307086
11
7.7482668897637792
21
-3.9070153149606299
0
LINE
8
BLACK
6
CONTINUOUS
10
7.7482668897637792
20
-3.9070153149606299
11
7.748462992125984
21
-3.906934094488189
0
LINE
8
BLACK
6
CONTINUOUS
10
7.748462992125984
20
-3.906934094488189
11
7.7495207480314958
21
-3.9069261811023619
0
LINE
8
BLACK
6
CONTINUOUS
10
7.7495207480314958
20
-3.9069261811023619
11
7.7503537401574798
21
-3.9068670078740158
0
LINE
8
BLACK
6
CONTINUOUS
10
7.7503537401574798
20
-3.9068670078740158
11
7.7505092125984252
21
-3.9069188188976378
0
LINE
8
BLACK
6
CONTINUOUS
10
7.7505092125984252
20
-3.9069188188976378
11
7.7636758661417318
21
-3.9068206299212598
0
LINE
8
BLACK
6
CONTINUOUS
10
7.7636758661417318
20
-3.9068206299212598
11
7.7642589763779526
21
-3.9068780314960629
0
LINE
8
BLACK
6
CONTINUOUS
10
7.8120654724409446
20
-3.9068780314960629
11
7.8122209842519688
21
-3.9068670078740158
0
LINE
8
BLACK
6
CONTINUOUS
10
7.8122209842519688
20
-3.9068670078740158
11
7.8123395275590548
21
-3.9069050393700788
0
LINE
8
BLACK
6
CONTINUOUS
10
7.8123395275590548
20
-3.9069050393700788
11
7.8126344881889764
21
-3.906934094488189
0
LINE
8
BLACK
6
CONTINUOUS
10
7.8126344881889764
20
-3.906934094488189
11
7.8133366141732283
21
-3.9072249212598424
0
LINE
8
BLACK
6
CONTINUOUS
10
7.8133366141732283
20
-3.9072249212598424
11
7.8217862992125982
21
-3.9099358267716533
0
LINE
8
BLACK
6
CONTINUOUS
10
7.8217862992125982
20
-3.9099358267716533
11
7.8228434251968499
21
-3.9104078346456692
0
LINE
8
BLACK
6
CONTINUOUS
10
7.8228434251968499
20
-3.9104078346456692
11
7.8230036614173226
21
-3.9105468110236221
0
LINE
8
BLACK
6
CONTINUOUS
10
7.8230036614173226
20
-3.9105468110236221
11
7.8231997244094487
21
-3.9106280314960631
0
LINE
8
BLACK
6
CONTINUOUS
10
7.8231997244094487
20
-3.9106280314960631
11
7.8240215354330704
21
-3.9114296062992127
0
LINE
8
BLACK
6
CONTINUOUS
10
7.8240215354330704
20
-3.9114296062992127
11
7.8245841338582673
21
-3.9119175590551181
0
LINE
8
BLACK
6
CONTINUOUS
10
7.8245841338582673
20
-3.9119175590551181
11
7.8246434645669289
21
-3.9120362204724408
0
LINE
8
BLACK
6
CONTINUOUS
10
7.8246434645669289
20
-3.9120362204724408
11
7.8297189370078737
21
-3.9169867716535434
0
LINE
8
BLACK
6
CONTINUOUS
10
7.8297189370078737
20
-3.9169867716535434
11
7.8300905905511806
21
-3.9174396062992125
0
LINE
8
BLACK
6
CONTINUOUS
10
7.8300905905511806
20
-3.9174396062992125
11
7.83020842519685
21
-3.917541811023622
0
LINE
8
BLACK
6
CONTINUOUS
10
7.83020842519685
20
-3.917541811023622
11
7.830266889763779
21
-3.9176544094488186
0
LINE
8
BLACK
6
CONTINUOUS
10
7.830266889763779
20
-3.9176544094488186
11
7.8304533858267718
21
-3.917881653543307
0
LINE
8
BLACK
6
CONTINUOUS
10
7.8304533858267718
20
-3.917881653543307
11
7.8307235826771651
21
-3.9185340157480315
0
LINE
8
BLACK
6
CONTINUOUS
10
7.8307235826771651
20
-3.9185340157480315
11
7.8336373228346456
21
-3.9241458267716536
0
LINE
8
BLACK
6
CONTINUOUS
10
7.8336373228346456
20
-3.9241458267716536
11
7.8336695669291334
21
-3.9242301574803147
0
LINE
8
BLACK
6
CONTINUOUS
10
7.8336695669291334
20
-3.9242301574803147
11
7.8336949606299209
21
-3.9242644094488188
0
LINE
8
BLACK
6
CONTINUOUS
10
7.8336949606299209
20
-3.9242644094488188
11
7.8337207874015746
21
-3.924363937007874
0
LINE
8
BLACK
6
CONTINUOUS
10
7.8337207874015746
20
-3.924363937007874
11
7.8340510629921258
21
-3.9252270866141732
0
LINE
8
BLACK
6
CONTINUOUS
10
7.8340510629921258
20
-3.9252270866141732
11
7.8340911417322836
21
-3.9257913385826773
0
LINE
8
BLACK
6
CONTINUOUS
10
7.8340911417322836
20
-3.9257913385826773
11
7.8368965748031494
21
-3.936603188976378
0
LINE
8
BLACK
6
CONTINUOUS
10
7.8368965748031494
20
-3.936603188976378
11
7.8369260629921262
21
-3.9368028346456692
0
LINE
8
BLACK
6
CONTINUOUS
10
7.8369260629921262
20
-3.9368028346456692
11
7.8369594488188978
21
-3.936883346456693
0
LINE
8
BLACK
6
CONTINUOUS
10
7.8369594488188978
20
-3.936883346456693
11
7.8369612992125983
21
-3.937040905511811
0
LINE
8
BLACK
6
CONTINUOUS
10
7.8369612992125983
20
-3.937040905511811
11
7.83706594488189
21
-3.9377484251968502
0
LINE
8
BLACK
6
CONTINUOUS
10
7.83706594488189
20
-3.9377484251968502
11
7.8369767716535428
21
-3.9383475984251968
0
LINE
8
BLACK
6
CONTINUOUS
10
7.8369767716535428
20
-3.9383475984251968
11
7.8370729133858266
21
-3.9464719291338581
0
LINE
8
BLACK
6
CONTINUOUS
10
7.8370729133858266
20
-3.9464719291338581
11
7.8370531102362202
21
-3.946672834645669
0
LINE
8
BLACK
6
CONTINUOUS
10
7.8370531102362202
20
-3.946672834645669
11
7.83706594488189
21
-3.9467589763779527
0
LINE
8
BLACK
6
CONTINUOUS
10
7.83706594488189
20
-3.9467589763779527
11
7.8370298425196845
21
-3.9469088582677165
0
LINE
8
BLACK
6
CONTINUOUS
10
7.8370298425196845
20
-3.9469088582677165
11
7.8369594488188978
21
-3.9476240551181103
0
LINE
8
BLACK
6
CONTINUOUS
10
7.8369594488188978
20
-3.9476240551181103
11
7.8367170472440941
21
-3.9482091338582674
0
LINE
8
BLACK
6
CONTINUOUS
10
7.8367170472440941
20
-3.9482091338582674
11
7.8340844488188974
21
-3.9591527952755903
0
LINE
8
BLACK
6
CONTINUOUS
10
7.8340844488188974
20
-3.9591527952755903
11
7.8340540551181101
21
-3.9592377559055119
0
LINE
8
BLACK
6
CONTINUOUS
10
7.8340540551181101
20
-3.9592377559055119
11
7.8340510629921258
21
-3.9592803149606297
0
LINE
8
BLACK
6
CONTINUOUS
10
7.8340510629921258
20
-3.9592803149606297
11
7.8340037401574802
21
-3.959378622047244
0
LINE
8
BLACK
6
CONTINUOUS
10
7.8340037401574802
20
-3.959378622047244
11
7.8336949606299209
21
-3.9602429921259841
0
LINE
8
BLACK
6
CONTINUOUS
10
7.8336949606299209
20
-3.9602429921259841
11
7.8333898031496059
21
-3.9606548031496063
0
LINE
8
BLACK
6
CONTINUOUS
10
7.8333898031496059
20
-3.9606548031496063
11
7.8308251574803149
21
-3.9659858267716532
0
LINE
8
BLACK
6
CONTINUOUS
10
7.8308251574803149
20
-3.9659858267716532
11
7.8305130314960625
21
-3.9664816141732282
0
LINE
8
BLACK
6
CONTINUOUS
10
7.8305130314960625
20
-3.9664816141732282
11
7.8304533858267718
21
-3.9666257086614172
0
LINE
8
BLACK
6
CONTINUOUS
10
7.8304533858267718
20
-3.9666257086614172
11
7.8303659055118109
21
-3.9667153543307085
0
LINE
8
BLACK
6
CONTINUOUS
10
7.8303659055118109
20
-3.9667153543307085
11
7.83020842519685
21
-3.9669655905511809
0
LINE
8
BLACK
6
CONTINUOUS
10
7.83020842519685
20
-3.9669655905511809
11
7.8296466141732282
21
-3.9674527952755905
0
LINE
8
BLACK
6
CONTINUOUS
10
7.8296466141732282
20
-3.9674527952755905
11
7.824094645669291
21
-3.973144960629921
0
LINE
8
BLACK
6
CONTINUOUS
10
7.824094645669291
20
-3.973144960629921
11
7.8231997637795274
21
-3.973879409448819
0
LINE
8
BLACK
6
CONTINUOUS
10
7.8231997637795274
20
-3.973879409448819
11
7.8230037007874014
21
-3.9739605905511812
0
LINE
8
BLACK
6
CONTINUOUS
10
7.8230037007874014
20
-3.9739605905511812
11
7.8228434251968499
21
-3.9740996456692912
0
LINE
8
BLACK
6
CONTINUOUS
10
7.8228434251968499
20
-3.9740996456692912
11
7.8217794094488191
21
-3.9744676771653542
0
LINE
8
BLACK
6
CONTINUOUS
10
7.8217794094488191
20
-3.9744676771653542
11
7.8210709055118111
21
-3.974761181102362
0
LINE
8
BLACK
6
CONTINUOUS
10
7.8210709055118111
20
-3.974761181102362
11
7.820931062992126
21
-3.974761181102362
0
LINE
8
BLACK
6
CONTINUOUS
10
7.820931062992126
20
-3.974761181102362
11
7.8133498425196848
21
-3.9773837401574803
0
LINE
8
BLACK
6
CONTINUOUS
10
7.8133498425196848
20
-3.9773837401574803
11
7.8127784645669287
21
-3.977513622047244
0
LINE
8
BLACK
6
CONTINUOUS
10
7.8127784645669287
20
-3.977513622047244
11
7.8126344881889764
21
-3.9775733070866139
0
LINE
8
BLACK
6
CONTINUOUS
10
7.8126344881889764
20
-3.9775733070866139
11
7.8125121259842514
21
-3.9775742125984253
0
LINE
8
BLACK
6
CONTINUOUS
10
7.8125121259842514
20
-3.9775742125984253
11
7.81222094488189
21
-3.9776404330708659
0
LINE
8
BLACK
6
CONTINUOUS
10
7.81222094488189
20
-3.9776404330708659
11
7.8114055511811022
21
-3.9775824409448819
0
LINE
8
BLACK
6
CONTINUOUS
10
7.8114055511811022
20
-3.9775824409448819
11
7.7974216141732278
21
-3.9776867716535431
0
LINE
8
BLACK
6
CONTINUOUS
10
7.7974216141732278
20
-3.9776867716535431
11
7.796269488188976
21
-3.9775733070866139
0
LINE
8
BLACK
6
CONTINUOUS
10
7.796269488188976
20
-3.9775733070866139
11
7.7941406692913384
21
-3.9766914960629922
0
LINE
8
BLACK
6
CONTINUOUS
10
7.7941406692913384
20
-3.9766914960629922
11
7.7925113779527555
21
-3.9750622047244093
0
LINE
8
BLACK
6
CONTINUOUS
10
7.7925113779527555
20
-3.9750622047244093
11
7.7916295669291333
21
-3.9729333858267717
0
LINE
8
BLACK
6
CONTINUOUS
10
7.7916295669291333
20
-3.9729333858267717
11
7.7915161023622046
21
-3.9127261417322834
0
LINE
8
BLACK
6
CONTINUOUS
10
7.7915161023622046
20
-3.9127261417322834
11
7.7916295669291333
21
-3.9115740157480312
0
LINE
8
BLACK
6
CONTINUOUS
10
7.7916295669291333
20
-3.9115740157480312
11
7.7925113779527555
21
-3.9094451968503936
0
LINE
8
BLACK
6
CONTINUOUS
10
7.7925113779527555
20
-3.9094451968503936
11
7.7941406692913384
21
-3.9078159055118111
0
LINE
8
BLACK
6
CONTINUOUS
10
7.7941406692913384
20
-3.9078159055118111
11
7.796269488188976
21
-3.906934094488189
0
LINE
8
BLACK
6
CONTINUOUS
10
7.796269488188976
20
-3.906934094488189
11
7.8114823622047238
21
-3.9068206299212598
0
LINE
8
BLACK
6
CONTINUOUS
10
7.8114823622047238
20
-3.9068206299212598
11
7.8120654724409446
21
-3.9068780314960629
0
LINE
8
BLACK
6
CONTINUOUS
10
7.8032268503937008
20
-3.9185883464566929
11
7.8033161023622046
21
-3.9659366535433072
0
LINE
8
BLACK
6
CONTINUOUS
10
7.8033161023622046
20
-3.9659366535433072
11
7.8107829921259837
21
-3.9658809448818895
0
LINE
8
BLACK
6
CONTINUOUS
10
7.8107829921259837
20
-3.9658809448818895
11
7.8168765748031497
21
-3.9637730314960629
0
LINE
8
BLACK
6
CONTINUOUS
10
7.8168765748031497
20
-3.9637730314960629
11
7.8208513779527555
21
-3.959697874015748
0
LINE
8
BLACK
6
CONTINUOUS
10
7.8208513779527555
20
-3.959697874015748
11
7.8229727559055116
21
-3.9552882677165355
0
LINE
8
BLACK
6
CONTINUOUS
10
7.8229727559055116
20
-3.9552882677165355
11
7.8253491338582677
21
-3.9454098818897636
0
LINE
8
BLACK
6
CONTINUOUS
10
7.8253491338582677
20
-3.9454098818897636
11
7.825266102362205
21
-3.938393622047244
0
LINE
8
BLACK
6
CONTINUOUS
10
7.825266102362205
20
-3.938393622047244
11
7.8226984645669289
21
-3.9284980314960629
0
LINE
8
BLACK
6
CONTINUOUS
10
7.8226984645669289
20
-3.9284980314960629
11
7.8205949212598425
21
-3.9244466535433071
0
LINE
8
BLACK
6
CONTINUOUS
10
7.8205949212598425
20
-3.9244466535433071
11
7.8166298818897637
21
-3.9205792125984251
0
LINE
8
BLACK
6
CONTINUOUS
10
7.8166298818897637
20
-3.9205792125984251
11
7.8102610236220471
21
-3.918535866141732
0
LINE
8
BLACK
6
CONTINUOUS
10
7.8102610236220471
20
-3.918535866141732
11
7.8032268503937008
21
-3.9185883464566929
0
LINE
8
BLACK
6
CONTINUOUS
10
7.8688643700787404
20
-3.9070004330708659
11
7.8692851968503934
21
-3.9070303543307086
0
LINE
8
BLACK
6
CONTINUOUS
10
7.8692851968503934
20
-3.9070303543307086
11
7.8699474409448813
21
-3.9073614566929131
0
LINE
8
BLACK
6
CONTINUOUS
10
7.8699474409448813
20
-3.9073614566929131
11
7.8706499606299207
21
-3.9075956692913385
0
LINE
8
BLACK
6
CONTINUOUS
10
7.8706499606299207
20
-3.9075956692913385
11
7.870968700787401
21
-3.9078721259842517
0
LINE
8
BLACK
6
CONTINUOUS
10
7.870968700787401
20
-3.9078721259842517
11
7.8713461023622049
21
-3.9080608267716537
0
LINE
8
BLACK
6
CONTINUOUS
10
7.8713461023622049
20
-3.9080608267716537
11
7.8718312598425193
21
-3.9086201968503937
0
LINE
8
BLACK
6
CONTINUOUS
10
7.8718312598425193
20
-3.9086201968503937
11
7.8723906692913381
21
-3.9091053937007874
0
LINE
8
BLACK
6
CONTINUOUS
10
7.8723906692913381
20
-3.9091053937007874
11
7.8725793307086613
21
-3.9094827559055116
0
LINE
8
BLACK
6
CONTINUOUS
10
7.8725793307086613
20
-3.9094827559055116
11
7.8728558267716533
21
-3.9098015354330706
0
LINE
8
BLACK
6
CONTINUOUS
10
7.8728558267716533
20
-3.9098015354330706
11
7.8730942125984251
21
-3.9105124409448817
0
LINE
8
BLACK
6
CONTINUOUS
10
7.8730942125984251
20
-3.9105124409448817
11
7.8734211417322832
21
-3.9111662992125984
0
LINE
8
BLACK
6
CONTINUOUS
10
7.8734211417322832
20
-3.9111662992125984
11
7.8734500787401576
21
-3.9115737795275591
0
LINE
8
BLACK
6
CONTINUOUS
10
7.8734500787401576
20
-3.9115737795275591
11
7.8930128740157475
21
-3.969913779527559
0
LINE
8
BLACK
6
CONTINUOUS
10
7.8930128740157475
20
-3.969913779527559
11
7.893269566929134
21
-3.9710426771653542
0
LINE
8
BLACK
6
CONTINUOUS
10
7.893269566929134
20
-3.9710426771653542
11
7.893106181102362
21
-3.9733411023622045
0
LINE
8
BLACK
6
CONTINUOUS
10
7.893106181102362
20
-3.9733411023622045
11
7.8920757086614168
21
-3.9754020078740155
0
LINE
8
BLACK
6
CONTINUOUS
10
7.8920757086614168
20
-3.9754020078740155
11
7.8903349999999994
21
-3.9769117322834644
0
LINE
8
BLACK
6
CONTINUOUS
10
7.8903349999999994
20
-3.9769117322834644
11
7.8881490157480316
21
-3.9776404330708659
0
LINE
8
BLACK
6
CONTINUOUS
10
7.8881490157480316
20
-3.9776404330708659
11
7.8858505905511809
21
-3.9774770472440943
0
LINE
8
BLACK
6
CONTINUOUS
10
7.8858505905511809
20
-3.9774770472440943
11
7.8837896456692915
21
-3.9764466141732284
0
LINE
8
BLACK
6
CONTINUOUS
10
7.8837896456692915
20
-3.9764466141732284
11
7.8822799212598422
21
-3.9747058661417323
0
LINE
8
BLACK
6
CONTINUOUS
10
7.8822799212598422
20
-3.9747058661417323
11
7.8775905118110234
21
-3.9607211417322832
0
LINE
8
BLACK
6
CONTINUOUS
10
7.8775905118110234
20
-3.9607211417322832
11
7.8579009448818899
21
-3.9607974409448818
0
LINE
8
BLACK
6
CONTINUOUS
10
7.8579009448818899
20
-3.9607974409448818
11
7.8536427559055113
21
-3.97364874015748
0
LINE
8
BLACK
6
CONTINUOUS
10
7.8536427559055113
20
-3.97364874015748
11
7.8531707874015746
21
-3.9747058661417323
0
LINE
8
BLACK
6
CONTINUOUS
10
7.8531707874015746
20
-3.9747058661417323
11
7.8516610629921262
21
-3.9764465748031497
0
LINE
8
BLACK
6
CONTINUOUS
10
7.8516610629921262
20
-3.9764465748031497
11
7.8496001574803147
21
-3.9774770472440943
0
LINE
8
BLACK
6
CONTINUOUS
10
7.8496001574803147
20
-3.9774770472440943
11
7.8473016929133861
21
-3.9776403937007871
0
LINE
8
BLACK
6
CONTINUOUS
10
7.8473016929133861
20
-3.9776403937007871
11
7.8451157086614174
21
-3.9769117322834644
0
LINE
8
BLACK
6
CONTINUOUS
10
7.8451157086614174
20
-3.9769117322834644
11
7.843375
21
-3.9754020078740155
0
LINE
8
BLACK
6
CONTINUOUS
10
7.843375
20
-3.9754020078740155
11
7.8423445275590549
21
-3.9733411023622045
0
LINE
8
BLACK
6
CONTINUOUS
10
7.8423445275590549
20
-3.9733411023622045
11
7.8421811811023616
21
-3.9710426377952754
0
LINE
8
BLACK
6
CONTINUOUS
10
7.8421811811023616
20
-3.9710426377952754
11
7.8478725590551175
21
-3.9538661023622046
0
LINE
8
BLACK
6
CONTINUOUS
10
7.8478725590551175
20
-3.9538661023622046
11
7.8478725590551175
21
-3.9537562598425198
0
LINE
8
BLACK
6
CONTINUOUS
10
7.8478725590551175
20
-3.9537562598425198
11
7.848054448818897
21
-3.9533170866141734
0
LINE
8
BLACK
6
CONTINUOUS
10
7.848054448818897
20
-3.9533170866141734
11
7.8621229133858268
21
-3.9108586614173229
0
LINE
8
BLACK
6
CONTINUOUS
10
7.8621229133858268
20
-3.9108586614173229
11
7.8625948818897635
21
-3.9098015354330706
0
LINE
8
BLACK
6
CONTINUOUS
10
7.8625948818897635
20
-3.9098015354330706
11
7.8628713385826767
21
-3.9094827165354329
0
LINE
8
BLACK
6
CONTINUOUS
10
7.8628713385826767
20
-3.9094827165354329
11
7.8630600393700787
21
-3.9091053937007874
0
LINE
8
BLACK
6
CONTINUOUS
10
7.8630600393700787
20
-3.9091053937007874
11
7.8636193307086613
21
-3.9086202755905513
0
LINE
8
BLACK
6
CONTINUOUS
10
7.8636193307086613
20
-3.9086202755905513
11
7.8641046062992128
21
-3.9080607874015749
0
LINE
8
BLACK
6
CONTINUOUS
10
7.8641046062992128
20
-3.9080607874015749
11
7.8644820472440946
21
-3.9078720472440942
0
LINE
8
BLACK
6
CONTINUOUS
10
7.8644820472440946
20
-3.9078720472440942
11
7.8648007480314961
21
-3.9075956692913385
0
LINE
8
BLACK
6
CONTINUOUS
10
7.8648007480314961
20
-3.9075956692913385
11
7.865503188976378
21
-3.9073614960629919
0
LINE
8
BLACK
6
CONTINUOUS
10
7.865503188976378
20
-3.9073614960629919
11
7.8661655511811022
21
-3.9070303543307086
0
LINE
8
BLACK
6
CONTINUOUS
10
7.8661655511811022
20
-3.9070303543307086
11
7.8665864173228348
21
-3.9070004330708659
0
LINE
8
BLACK
6
CONTINUOUS
10
7.8665864173228348
20
-3.9070004330708659
11
7.8669867322834648
21
-3.9068670078740158
0
LINE
8
BLACK
6
CONTINUOUS
10
7.8669867322834648
20
-3.9068670078740158
11
7.8677251574803151
21
-3.9069194488188974
0
LINE
8
BLACK
6
CONTINUOUS
10
7.8677251574803151
20
-3.9069194488188974
11
7.8684639763779529
21
-3.906866968503937
0
LINE
8
BLACK
6
CONTINUOUS
10
7.8684639763779529
20
-3.906866968503937
11
7.8688643700787404
21
-3.9070004330708659
0
LINE
8
BLACK
6
CONTINUOUS
10
7.8617833858267714
20
-3.9490803937007875
11
7.8736716535433073
21
-3.9490342913385827
0
LINE
8
BLACK
6
CONTINUOUS
10
7.8736716535433073
20
-3.9490342913385827
11
7.8676997244094489
21
-3.9312248818897637
0
LINE
8
BLACK
6
CONTINUOUS
10
7.8676997244094489
20
-3.9312248818897637
11
7.8617833858267714
21
-3.9490803937007875
0
LINE
8
BLACK
6
CONTINUOUS
10
7.5360043307086615
20
-3.9047835433070865
11
7.5377450393700789
21
-3.9062933070866142
0
LINE
8
BLACK
6
CONTINUOUS
10
7.5377450393700789
20
-3.9062933070866142
11
7.5387755118110231
21
-3.9083542125984252
0
LINE
8
BLACK
6
CONTINUOUS
10
7.5387755118110231
20
-3.9083542125984252
11
7.5389388582677164
21
-3.9106526377952755
0
LINE
8
BLACK
6
CONTINUOUS
10
7.5389388582677164
20
-3.9106526377952755
11
7.5271626771653546
21
-3.9462761811023621
0
LINE
8
BLACK
6
CONTINUOUS
10
7.5271626771653546
20
-3.9462761811023621
11
7.541273661417323
21
-3.9462337401574801
0
LINE
8
BLACK
6
CONTINUOUS
10
7.541273661417323
20
-3.9462337401574801
11
7.5412349606299207
21
-3.9324111811023621
0
LINE
8
BLACK
6
CONTINUOUS
10
7.5412349606299207
20
-3.9324111811023621
11
7.5413484251968503
21
-3.9312590551181104
0
LINE
8
BLACK
6
CONTINUOUS
10
7.5413484251968503
20
-3.9312590551181104
11
7.5422302362204725
21
-3.9291302362204723
0
LINE
8
BLACK
6
CONTINUOUS
10
7.5422302362204725
20
-3.9291302362204723
11
7.5438595275590545
21
-3.9275009448818898
0
LINE
8
BLACK
6
CONTINUOUS
10
7.5438595275590545
20
-3.9275009448818898
11
7.545988346456693
21
-3.9266191338582677
0
LINE
8
BLACK
6
CONTINUOUS
10
7.545988346456693
20
-3.9266191338582677
11
7.5482925984251965
21
-3.9266191338582677
0
LINE
8
BLACK
6
CONTINUOUS
10
7.5482925984251965
20
-3.9266191338582677
11
7.5504214173228341
21
-3.9275009448818898
0
LINE
8
BLACK
6
CONTINUOUS
10
7.5504214173228341
20
-3.9275009448818898
11
7.552050708661417
21
-3.9291302362204723
0
LINE
8
BLACK
6
CONTINUOUS
10
7.552050708661417
20
-3.9291302362204723
11
7.5529325196850392
21
-3.9312590551181104
0
LINE
8
BLACK
6
CONTINUOUS
10
7.5529325196850392
20
-3.9312590551181104
11
7.5529743307086612
21
-3.946198503937008
0
LINE
8
BLACK
6
CONTINUOUS
10
7.5529743307086612
20
-3.946198503937008
11
7.5555768897637794
21
-3.9461907086614172
0
LINE
8
BLACK
6
CONTINUOUS
10
7.5555768897637794
20
-3.9461907086614172
11
7.5567290157480311
21
-3.9463041732283464
0
LINE
8
BLACK
6
CONTINUOUS
10
7.5567290157480311
20
-3.9463041732283464
11
7.5588578346456687
21
-3.9471859842519685
0
LINE
8
BLACK
6
CONTINUOUS
10
7.5588578346456687
20
-3.9471859842519685
11
7.5604871259842517
21
-3.948815275590551
0
LINE
8
BLACK
6
CONTINUOUS
10
7.5604871259842517
20
-3.948815275590551
11
7.5613689370078738
21
-3.9509440944881891
0
LINE
8
BLACK
6
CONTINUOUS
10
7.5613689370078738
20
-3.9509440944881891
11
7.5613689370078738
21
-3.953248346456693
0
LINE
8
BLACK
6
CONTINUOUS
10
7.5613689370078738
20
-3.953248346456693
11
7.5604871259842517
21
-3.9553771653543306
0
LINE
8
BLACK
6
CONTINUOUS
10
7.5604871259842517
20
-3.9553771653543306
11
7.5588578346456687
21
-3.9570064566929135
0
LINE
8
BLACK
6
CONTINUOUS
10
7.5588578346456687
20
-3.9570064566929135
11
7.5567290157480311
21
-3.9578882677165352
0
LINE
8
BLACK
6
CONTINUOUS
10
7.5567290157480311
20
-3.9578882677165352
11
7.5530070866141727
21
-3.9578994488188974
0
LINE
8
BLACK
6
CONTINUOUS
10
7.5530070866141727
20
-3.9578994488188974
11
7.5530459842519679
21
-3.9717812598425195
0
LINE
8
BLACK
6
CONTINUOUS
10
7.5530459842519679
20
-3.9717812598425195
11
7.5529325196850392
21
-3.9729333858267717
0
LINE
8
BLACK
6
CONTINUOUS
10
7.5529325196850392
20
-3.9729333858267717
11
7.552050708661417
21
-3.9750622047244093
0
LINE
8
BLACK
6
CONTINUOUS
10
7.552050708661417
20
-3.9750622047244093
11
7.5504214173228341
21
-3.9766914960629922
0
LINE
8
BLACK
6
CONTINUOUS
10
7.5504214173228341
20
-3.9766914960629922
11
7.5482925984251965
21
-3.9775733070866139
0
LINE
8
BLACK
6
CONTINUOUS
10
7.5482925984251965
20
-3.9775733070866139
11
7.545988346456693
21
-3.9775733070866139
0
LINE
8
BLACK
6
CONTINUOUS
10
7.545988346456693
20
-3.9775733070866139
11
7.5438595275590545
21
-3.9766914960629922
0
LINE
8
BLACK
6
CONTINUOUS
10
7.5438595275590545
20
-3.9766914960629922
11
7.5422302362204725
21
-3.9750622047244093
0
LINE
8
BLACK
6
CONTINUOUS
10
7.5422302362204725
20
-3.9750622047244093
11
7.5413484251968503
21
-3.9729333858267717
0
LINE
8
BLACK
6
CONTINUOUS
10
7.5413484251968503
20
-3.9729333858267717
11
7.5413064173228346
21
-3.9579346456692912
0
LINE
8
BLACK
6
CONTINUOUS
10
7.5413064173228346
20
-3.9579346456692912
11
7.5190189763779527
21
-3.9580017322834644
0
LINE
8
BLACK
6
CONTINUOUS
10
7.5190189763779527
20
-3.9580017322834644
11
7.5184358267716531
21
-3.9579442913385825
0
LINE
8
BLACK
6
CONTINUOUS
10
7.5184358267716531
20
-3.9579442913385825
11
7.5182803543307086
21
-3.9579553543307084
0
LINE
8
BLACK
6
CONTINUOUS
10
7.5182803543307086
20
-3.9579553543307084
11
7.5181680708661416
21
-3.9579179133858267
0
LINE
8
BLACK
6
CONTINUOUS
10
7.5181680708661416
20
-3.9579179133858267
11
7.517866850393701
21
-3.9578882677165352
0
LINE
8
BLACK
6
CONTINUOUS
10
7.517866850393701
20
-3.9578882677165352
11
7.5169922440944879
21
-3.9575259842519683
0
LINE
8
BLACK
6
CONTINUOUS
10
7.5169922440944879
20
-3.9575259842519683
11
7.5160943700787399
21
-3.9572266929133857
0
LINE
8
BLACK
6
CONTINUOUS
10
7.5160943700787399
20
-3.9572266929133857
11
7.5159340551181097
21
-3.9570876377952753
0
LINE
8
BLACK
6
CONTINUOUS
10
7.5159340551181097
20
-3.9570876377952753
11
7.5157380314960625
21
-3.9570064566929135
0
LINE
8
BLACK
6
CONTINUOUS
10
7.5157380314960625
20
-3.9570064566929135
11
7.515068661417323
21
-3.9563370866141732
0
LINE
8
BLACK
6
CONTINUOUS
10
7.515068661417323
20
-3.9563370866141732
11
7.5143536614173225
21
-3.9557169685039368
0
LINE
8
BLACK
6
CONTINUOUS
10
7.5143536614173225
20
-3.9557169685039368
11
7.5142587401574801
21
-3.9555271653543307
0
LINE
8
BLACK
6
CONTINUOUS
10
7.5142587401574801
20
-3.9555271653543307
11
7.5141087401574804
21
-3.9553771653543306
0
LINE
8
BLACK
6
CONTINUOUS
10
7.5141087401574804
20
-3.9553771653543306
11
7.5137464960629918
21
-3.9545026771653542
0
LINE
8
BLACK
6
CONTINUOUS
10
7.5137464960629918
20
-3.9545026771653542
11
7.5133231889763774
21
-3.9536560629921258
0
LINE
8
BLACK
6
CONTINUOUS
10
7.5133231889763774
20
-3.9536560629921258
11
7.5133081102362205
21
-3.9534444094488186
0
LINE
8
BLACK
6
CONTINUOUS
10
7.5133081102362205
20
-3.9534444094488186
11
7.5132269291338583
21
-3.953248346456693
0
LINE
8
BLACK
6
CONTINUOUS
10
7.5132269291338583
20
-3.953248346456693
11
7.5132269291338583
21
-3.9523015748031494
0
LINE
8
BLACK
6
CONTINUOUS
10
7.5132269291338583
20
-3.9523015748031494
11
7.513159842519685
21
-3.9513575984251967
0
LINE
8
BLACK
6
CONTINUOUS
10
7.513159842519685
20
-3.9513575984251967
11
7.5132269291338583
21
-3.9511546456692912
0
LINE
8
BLACK
6
CONTINUOUS
10
7.5132269291338583
20
-3.9511546456692912
11
7.5132269291338583
21
-3.9509440944881891
0
LINE
8
BLACK
6
CONTINUOUS
10
7.5132269291338583
20
-3.9509440944881891
11
7.5135715748031497
21
-3.9501120078740155
0
LINE
8
BLACK
6
CONTINUOUS
10
7.5135715748031497
20
-3.9501120078740155
11
7.5274772440944879
21
-3.9080465354330709
0
LINE
8
BLACK
6
CONTINUOUS
10
7.5274772440944879
20
-3.9080465354330709
11
7.5279492519685034
21
-3.9069894094488187
0
LINE
8
BLACK
6
CONTINUOUS
10
7.5279492519685034
20
-3.9069894094488187
11
7.5294589763779527
21
-3.9052487007874013
0
LINE
8
BLACK
6
CONTINUOUS
10
7.5294589763779527
20
-3.9052487007874013
11
7.5315198818897633
21
-3.9042182283464566
0
LINE
8
BLACK
6
CONTINUOUS
10
7.5315198818897633
20
-3.9042182283464566
11
7.533818307086614
21
-3.9040548818897638
0
LINE
8
BLACK
6
CONTINUOUS
10
7.533818307086614
20
-3.9040548818897638
11
7.5360043307086615
21
-3.9047835433070865
0
LINE
8
BLACK
6
CONTINUOUS
10
7.122396299212598
20
-3.9542001968503935
11
7.1223963779527555
21
-3.9542002362204722
0
LINE
8
BLACK
6
CONTINUOUS
10
7.1223963779527555
20
-3.9542002362204722
11
7.1247185826771648
21
-3.9564422047244094
0
LINE
8
BLACK
6
CONTINUOUS
10
7.1247185826771648
20
-3.9564422047244094
11
7.1250857874015745
21
-3.9568896456692912
0
LINE
8
BLACK
6
CONTINUOUS
10
7.1250857874015745
20
-3.9568896456692912
11
7.1252273622047246
21
-3.9572314173228347
0
LINE
8
BLACK
6
CONTINUOUS
10
7.1252273622047246
20
-3.9572314173228347
11
7.125526692913386
21
-3.9579540944881888
0
LINE
8
BLACK
6
CONTINUOUS
10
7.125526692913386
20
-3.9579540944881888
11
7.125526692913386
21
-3.9591061811023622
0
LINE
8
BLACK
6
CONTINUOUS
10
7.125526692913386
20
-3.9591061811023622
11
7.1250857874015745
21
-3.960170590551181
0
LINE
8
BLACK
6
CONTINUOUS
10
7.1250857874015745
20
-3.960170590551181
11
7.1228438188976373
21
-3.9624927952755904
0
LINE
8
BLACK
6
CONTINUOUS
10
7.1228438188976373
20
-3.9624927952755904
11
7.1223963779527555
21
-3.96286
0
LINE
8
BLACK
6
CONTINUOUS
10
7.1223963779527555
20
-3.96286
11
7.1213319685039371
21
-3.9633009055118111
0
LINE
8
BLACK
6
CONTINUOUS
10
7.1213319685039371
20
-3.9633009055118111
11
7.1201798818897633
21
-3.9633009055118111
0
LINE
8
BLACK
6
CONTINUOUS
10
7.1201798818897633
20
-3.9633009055118111
11
7.1191154724409449
21
-3.9628600393700788
0
LINE
8
BLACK
6
CONTINUOUS
10
7.1191154724409449
20
-3.9628600393700788
11
7.1167932283464568
21
-3.9606180708661416
0
LINE
8
BLACK
6
CONTINUOUS
10
7.1167932283464568
20
-3.9606180708661416
11
7.1164259842519684
21
-3.960170590551181
0
LINE
8
BLACK
6
CONTINUOUS
10
7.1164259842519684
20
-3.960170590551181
11
7.1164259448818896
21
-3.9601705511811023
0
LINE
8
BLACK
6
CONTINUOUS
10
7.1164259448818896
20
-3.9601705511811023
11
7.1159850787401577
21
-3.9591061417322835
0
LINE
8
BLACK
6
CONTINUOUS
10
7.1159850787401577
20
-3.9591061417322835
11
7.1159850787401577
21
-3.95795405511811
0
LINE
8
BLACK
6
CONTINUOUS
10
7.1159850787401577
20
-3.95795405511811
11
7.1162844094488191
21
-3.9572314173228347
0
LINE
8
BLACK
6
CONTINUOUS
10
7.1162844094488191
20
-3.9572314173228347
11
7.1164259448818896
21
-3.95688968503937
0
LINE
8
BLACK
6
CONTINUOUS
10
7.1164259448818896
20
-3.95688968503937
11
7.1164259842519684
21
-3.9568896456692912
0
LINE
8
BLACK
6
CONTINUOUS
10
7.1164259842519684
20
-3.9568896456692912
11
7.1186679921259843
21
-3.9545674409448819
0
LINE
8
BLACK
6
CONTINUOUS
10
7.1186679921259843
20
-3.9545674409448819
11
7.1191154724409449
21
-3.9542001968503935
0
LINE
8
BLACK
6
CONTINUOUS
10
7.1191154724409449
20
-3.9542001968503935
11
7.1201798818897633
21
-3.9537593307086611
0
LINE
8
BLACK
6
CONTINUOUS
10
7.1201798818897633
20
-3.9537593307086611
11
7.1213319685039371
21
-3.9537593307086611
0
LINE
8
BLACK
6
CONTINUOUS
10
7.1213319685039371
20
-3.9537593307086611
11
7.122396299212598
21
-3.9542001968503935
0
LINE
8
BLACK
6
CONTINUOUS
10
7.6692149606299207
20
-3.9434920472440944
11
7.6713437795275592
21
-3.9443738582677166
0
LINE
8
BLACK
6
CONTINUOUS
10
7.6713437795275592
20
-3.9443738582677166
11
7.6729730708661412
21
-3.9460031496062991
0
LINE
8
BLACK
6
CONTINUOUS
10
7.6729730708661412
20
-3.9460031496062991
11
7.6738548818897634
21
-3.9481319685039371
0
LINE
8
BLACK
6
CONTINUOUS
10
7.6738548818897634
20
-3.9481319685039371
11
7.6738548818897634
21
-3.950436220472441
0
LINE
8
BLACK
6
CONTINUOUS
10
7.6738548818897634
20
-3.950436220472441
11
7.6729730708661412
21
-3.9525650393700786
0
LINE
8
BLACK
6
CONTINUOUS
10
7.6729730708661412
20
-3.9525650393700786
11
7.6713437795275592
21
-3.9541943307086611
0
LINE
8
BLACK
6
CONTINUOUS
10
7.6713437795275592
20
-3.9541943307086611
11
7.6692149606299207
21
-3.9550761417322833
0
LINE
8
BLACK
6
CONTINUOUS
10
7.6692149606299207
20
-3.9550761417322833
11
7.6230684251968501
21
-3.9551896062992125
0
LINE
8
BLACK
6
CONTINUOUS
10
7.6230684251968501
20
-3.9551896062992125
11
7.6219162992125984
21
-3.9550761417322833
0
LINE
8
BLACK
6
CONTINUOUS
10
7.6219162992125984
20
-3.9550761417322833
11
7.6197874803149608
21
-3.9541943307086611
0
LINE
8
BLACK
6
CONTINUOUS
10
7.6197874803149608
20
-3.9541943307086611
11
7.6181581889763779
21
-3.9525650393700786
0
LINE
8
BLACK
6
CONTINUOUS
10
7.6181581889763779
20
-3.9525650393700786
11
7.6172763779527557
21
-3.950436220472441
0
LINE
8
BLACK
6
CONTINUOUS
10
7.6172763779527557
20
-3.950436220472441
11
7.6172763779527557
21
-3.9481319685039371
0
LINE
8
BLACK
6
CONTINUOUS
10
7.6172763779527557
20
-3.9481319685039371
11
7.6181581889763779
21
-3.9460031496062991
0
LINE
8
BLACK
6
CONTINUOUS
10
7.6181581889763779
20
-3.9460031496062991
11
7.6197874803149608
21
-3.9443738582677166
0
LINE
8
BLACK
6
CONTINUOUS
10
7.6197874803149608
20
-3.9443738582677166
11
7.6219162992125984
21
-3.9434920472440944
0
LINE
8
BLACK
6
CONTINUOUS
10
7.6219162992125984
20
-3.9434920472440944
11
7.668062834645669
21
-3.9433785826771652
0
LINE
8
BLACK
6
CONTINUOUS
10
7.668062834645669
20
-3.9433785826771652
11
7.6692149606299207
21
-3.9434920472440944
0
LINE
8
BLACK
6
CONTINUOUS
10
7.1077330314960632
20
-3.9162172047244095
11
7.1077760629921256
21
-3.9162108267716533
0
LINE
8
BLACK
6
CONTINUOUS
10
7.1077760629921256
20
-3.9162108267716533
11
7.1078497244094487
21
-3.9162287007874017
0
LINE
8
BLACK
6
CONTINUOUS
10
7.1078497244094487
20
-3.9162287007874017
11
7.1082085826771655
21
-3.91626405511811
0
LINE
8
BLACK
6
CONTINUOUS
10
7.1082085826771655
20
-3.91626405511811
11
7.1085104724409449
21
-3.9163890944881889
0
LINE
8
BLACK
6
CONTINUOUS
10
7.1085104724409449
20
-3.9163890944881889
11
7.1158477165354332
21
-3.9181702362204724
0
LINE
8
BLACK
6
CONTINUOUS
10
7.1158477165354332
20
-3.9181702362204724
11
7.1158901968503931
21
-3.9181853937007873
0
LINE
8
BLACK
6
CONTINUOUS
10
7.1158901968503931
20
-3.9181853937007873
11
7.1159114566929134
21
-3.9181869291338582
0
LINE
8
BLACK
6
CONTINUOUS
10
7.1159114566929134
20
-3.9181869291338582
11
7.1159589763779527
21
-3.918209960629921
0
LINE
8
BLACK
6
CONTINUOUS
10
7.1159589763779527
20
-3.918209960629921
11
7.1163928346456693
21
-3.9183650000000001
0
LINE
8
BLACK
6
CONTINUOUS
10
7.1163928346456693
20
-3.9183650000000001
11
7.1166098031496059
21
-3.9185257874015749
0
LINE
8
BLACK
6
CONTINUOUS
10
7.1166098031496059
20
-3.9185257874015749
11
7.1202016141732285
21
-3.9202685826771653
0
LINE
8
BLACK
6
CONTINUOUS
10
7.1202016141732285
20
-3.9202685826771653
11
7.1204494881889762
21
-3.9204246062992123
0
LINE
8
BLACK
6
CONTINUOUS
10
7.1204494881889762
20
-3.9204246062992123
11
7.1205215354330704
21
-3.9204544488188975
0
LINE
8
BLACK
6
CONTINUOUS
10
7.1205215354330704
20
-3.9204544488188975
11
7.1205676377952756
21
-3.9204989763779525
0
LINE
8
BLACK
6
CONTINUOUS
10
7.1205676377952756
20
-3.9204989763779525
11
7.1206914960629923
21
-3.9205769291338584
0
LINE
8
BLACK
6
CONTINUOUS
10
7.1206914960629923
20
-3.9205769291338584
11
7.1209131889763775
21
-3.9208325590551181
0
LINE
8
BLACK
6
CONTINUOUS
10
7.1209131889763775
20
-3.9208325590551181
11
7.1228437795275585
21
-3.9226964173228347
0
LINE
8
BLACK
6
CONTINUOUS
10
7.1228437795275585
20
-3.9226964173228347
11
7.1230295275590549
21
-3.9229227559055118
0
LINE
8
BLACK
6
CONTINUOUS
10
7.1230295275590549
20
-3.9229227559055118
11
7.1230885826771653
21
-3.9229739763779525
0
LINE
8
BLACK
6
CONTINUOUS
10
7.1230885826771653
20
-3.9229739763779525
11
7.1231172047244096
21
-3.9230296062992127
0
LINE
8
BLACK
6
CONTINUOUS
10
7.1231172047244096
20
-3.9230296062992127
11
7.1232110236220469
21
-3.9231438976377953
0
LINE
8
BLACK
6
CONTINUOUS
10
7.1232110236220469
20
-3.9231438976377953
11
7.1233546850393701
21
-3.923490748031496
0
LINE
8
BLACK
6
CONTINUOUS
10
7.1233546850393701
20
-3.923490748031496
11
7.1252716929133859
21
-3.9272133858267715
0
LINE
8
BLACK
6
CONTINUOUS
10
7.1252716929133859
20
-3.9272133858267715
11
7.1254785826771654
21
-3.9277539763779528
0
LINE
8
BLACK
6
CONTINUOUS
10
7.1254785826771654
20
-3.9277539763779528
11
7.1254861023622045
21
-3.9278598425196849
0
LINE
8
BLACK
6
CONTINUOUS
10
7.1254861023622045
20
-3.9278598425196849
11
7.125526692913386
21
-3.9279578346456692
0
LINE
8
BLACK
6
CONTINUOUS
10
7.125526692913386
20
-3.9279578346456692
11
7.1255342913385826
21
-3.9285381889763777
0
LINE
8
BLACK
6
CONTINUOUS
10
7.1255342913385826
20
-3.9285381889763777
11
7.1255602362204726
21
-3.9289031889763777
0
LINE
8
BLACK
6
CONTINUOUS
10
7.1255602362204726
20
-3.9289031889763777
11
7.1255398818897637
21
-3.9289642125984252
0
LINE
8
BLACK
6
CONTINUOUS
10
7.1255398818897637
20
-3.9289642125984252
11
7.12558342519685
21
-3.9322834251968501
0
LINE
8
BLACK
6
CONTINUOUS
10
7.12558342519685
20
-3.9322834251968501
11
7.125526692913386
21
-3.9328594881889765
0
LINE
8
BLACK
6
CONTINUOUS
10
7.125526692913386
20
-3.9328594881889765
11
7.1254861023622045
21
-3.932957440944882
0
LINE
8
BLACK
6
CONTINUOUS
10
7.1254861023622045
20
-3.932957440944882
11
7.1254785826771654
21
-3.9330633464566929
0
LINE
8
BLACK
6
CONTINUOUS
10
7.1254785826771654
20
-3.9330633464566929
11
7.1252302362204727
21
-3.9335750787401573
0
LINE
8
BLACK
6
CONTINUOUS
10
7.1252302362204727
20
-3.9335750787401573
11
7.1250857874015745
21
-3.9339238976377953
0
LINE
8
BLACK
6
CONTINUOUS
10
7.1250857874015745
20
-3.9339238976377953
11
7.1250376771653539
21
-3.9339719685039367
0
LINE
8
BLACK
6
CONTINUOUS
10
7.1250376771653539
20
-3.9339719685039367
11
7.1233969291338584
21
-3.9373534645669293
0
LINE
8
BLACK
6
CONTINUOUS
10
7.1233969291338584
20
-3.9373534645669293
11
7.1232408267716538
21
-3.9376014566929132
0
LINE
8
BLACK
6
CONTINUOUS
10
7.1232408267716538
20
-3.9376014566929132
11
7.1232110236220469
21
-3.9376734251968504
0
LINE
8
BLACK
6
CONTINUOUS
10
7.1232110236220469
20
-3.9376734251968504
11
7.1231664960629919
21
-3.9377194881889763
0
LINE
8
BLACK
6
CONTINUOUS
10
7.1231664960629919
20
-3.9377194881889763
11
7.1230885826771653
21
-3.9378433464566927
0
LINE
8
BLACK
6
CONTINUOUS
10
7.1230885826771653
20
-3.9378433464566927
11
7.1228327952755901
21
-3.9380651181102362
0
LINE
8
BLACK
6
CONTINUOUS
10
7.1228327952755901
20
-3.9380651181102362
11
7.1209689763779522
21
-3.9399956692913385
0
LINE
8
BLACK
6
CONTINUOUS
10
7.1209689763779522
20
-3.9399956692913385
11
7.1207426377952752
21
-3.9401813779527557
0
LINE
8
BLACK
6
CONTINUOUS
10
7.1207426377952752
20
-3.9401813779527557
11
7.1206914960629923
21
-3.9402403937007873
0
LINE
8
BLACK
6
CONTINUOUS
10
7.1206914960629923
20
-3.9402403937007873
11
7.1206358661417317
21
-3.9402690157480316
0
LINE
8
BLACK
6
CONTINUOUS
10
7.1206358661417317
20
-3.9402690157480316
11
7.1205215354330704
21
-3.9403628740157481
0
LINE
8
BLACK
6
CONTINUOUS
10
7.1205215354330704
20
-3.9403628740157481
11
7.1201746062992122
21
-3.9405065354330708
0
LINE
8
BLACK
6
CONTINUOUS
10
7.1201746062992122
20
-3.9405065354330708
11
7.1164520866141734
21
-3.9424235039370079
0
LINE
8
BLACK
6
CONTINUOUS
10
7.1164520866141734
20
-3.9424235039370079
11
7.1164099606299214
21
-3.9424396062992124
0
LINE
8
BLACK
6
CONTINUOUS
10
7.1164099606299214
20
-3.9424396062992124
11
7.1163928346456693
21
-3.9424523228346455
0
LINE
8
BLACK
6
CONTINUOUS
10
7.1163928346456693
20
-3.9424523228346455
11
7.1163438188976373
21
-3.9424649212598424
0
LINE
8
BLACK
6
CONTINUOUS
10
7.1163438188976373
20
-3.9424649212598424
11
7.1159114566929134
21
-3.9426303937007874
0
LINE
8
BLACK
6
CONTINUOUS
10
7.1159114566929134
20
-3.9426303937007874
11
7.1156202362204723
21
-3.9426510629921259
0
LINE
8
BLACK
6
CONTINUOUS
10
7.1156202362204723
20
-3.9426510629921259
11
7.108348661417323
21
-3.9445218503937007
0
LINE
8
BLACK
6
CONTINUOUS
10
7.108348661417323
20
-3.9445218503937007
11
7.1082487795275586
21
-3.9445366141732281
0
LINE
8
BLACK
6
CONTINUOUS
10
7.1082487795275586
20
-3.9445366141732281
11
7.1082085826771655
21
-3.9445532677165351
0
LINE
8
BLACK
6
CONTINUOUS
10
7.1082085826771655
20
-3.9445532677165351
11
7.1081331889763781
21
-3.9445536614173227
0
LINE
8
BLACK
6
CONTINUOUS
10
7.1081331889763781
20
-3.9445536614173227
11
7.1077760629921256
21
-3.9446064960629919
0
LINE
8
BLACK
6
CONTINUOUS
10
7.1077760629921256
20
-3.9446064960629919
11
7.1074474803149608
21
-3.9445575984251966
0
LINE
8
BLACK
6
CONTINUOUS
10
7.1074474803149608
20
-3.9445575984251966
11
7.0982587007874018
21
-3.9446099999999999
0
LINE
8
BLACK
6
CONTINUOUS
10
7.0982587007874018
20
-3.9446099999999999
11
7.0981581496062987
21
-3.9446000787401574
0
LINE
8
BLACK
6
CONTINUOUS
10
7.0981581496062987
20
-3.9446000787401574
11
7.098115157480315
21
-3.9446064960629919
0
LINE
8
BLACK
6
CONTINUOUS
10
7.098115157480315
20
-3.9446064960629919
11
7.0980414566929131
21
-3.9445885826771652
0
LINE
8
BLACK
6
CONTINUOUS
10
7.0980414566929131
20
-3.9445885826771652
11
7.0976826377952751
21
-3.9445532677165351
0
LINE
8
BLACK
6
CONTINUOUS
10
7.0976826377952751
20
-3.9445532677165351
11
7.0973807086614169
21
-3.9444281889763779
0
LINE
8
BLACK
6
CONTINUOUS
10
7.0973807086614169
20
-3.9444281889763779
11
7.0900435039370073
21
-3.9426470866141732
0
LINE
8
BLACK
6
CONTINUOUS
10
7.0900435039370073
20
-3.9426470866141732
11
7.0900009842519687
21
-3.9426318897637795
0
LINE
8
BLACK
6
CONTINUOUS
10
7.0900009842519687
20
-3.9426318897637795
11
7.0899797244094485
21
-3.9426303937007874
0
LINE
8
BLACK
6
CONTINUOUS
10
7.0899797244094485
20
-3.9426303937007874
11
7.0899320472440941
21
-3.9426072440944879
0
LINE
8
BLACK
6
CONTINUOUS
10
7.0899320472440941
20
-3.9426072440944879
11
7.0894983858267713
21
-3.9424523228346455
0
LINE
8
BLACK
6
CONTINUOUS
10
7.0894983858267713
20
-3.9424523228346455
11
7.0892814173228347
21
-3.9422915748031495
0
LINE
8
BLACK
6
CONTINUOUS
10
7.0892814173228347
20
-3.9422915748031495
11
7.0856896062992121
21
-3.9405487401574804
0
LINE
8
BLACK
6
CONTINUOUS
10
7.0856896062992121
20
-3.9405487401574804
11
7.0854415748031494
21
-3.9403926377952754
0
LINE
8
BLACK
6
CONTINUOUS
10
7.0854415748031494
20
-3.9403926377952754
11
7.0853696456692914
21
-3.9403628346456694
0
LINE
8
BLACK
6
CONTINUOUS
10
7.0853696456692914
20
-3.9403628346456694
11
7.0853235433070862
21
-3.9403183070866139
0
LINE
8
BLACK
6
CONTINUOUS
10
7.0853235433070862
20
-3.9403183070866139
11
7.0851997244094482
21
-3.9402403937007873
0
LINE
8
BLACK
6
CONTINUOUS
10
7.0851997244094482
20
-3.9402403937007873
11
7.0849779527559056
21
-3.93998468503937
0
LINE
8
BLACK
6
CONTINUOUS
10
7.0849779527559056
20
-3.93998468503937
11
7.083047440944882
21
-3.9381208661417322
0
LINE
8
BLACK
6
CONTINUOUS
10
7.083047440944882
20
-3.9381208661417322
11
7.0828616535433069
21
-3.9378944881889764
0
LINE
8
BLACK
6
CONTINUOUS
10
7.0828616535433069
20
-3.9378944881889764
11
7.0828026771653541
21
-3.9378433464566927
0
LINE
8
BLACK
6
CONTINUOUS
10
7.0828026771653541
20
-3.9378433464566927
11
7.082774015748031
21
-3.9377876771653542
0
LINE
8
BLACK
6
CONTINUOUS
10
7.082774015748031
20
-3.9377876771653542
11
7.0826802362204724
21
-3.9376734251968504
0
LINE
8
BLACK
6
CONTINUOUS
10
7.0826802362204724
20
-3.9376734251968504
11
7.0825365748031492
21
-3.9373266141732284
0
LINE
8
BLACK
6
CONTINUOUS
10
7.0825365748031492
20
-3.9373266141732284
11
7.0806195669291334
21
-3.9336039370078741
0
LINE
8
BLACK
6
CONTINUOUS
10
7.0806195669291334
20
-3.9336039370078741
11
7.0804126771653539
21
-3.9330633070866141
0
LINE
8
BLACK
6
CONTINUOUS
10
7.0804126771653539
20
-3.9330633070866141
11
7.0804051574803148
21
-3.9329574803149607
0
LINE
8
BLACK
6
CONTINUOUS
10
7.0804051574803148
20
-3.9329574803149607
11
7.0803645669291333
21
-3.9328594881889765
0
LINE
8
BLACK
6
CONTINUOUS
10
7.0803645669291333
20
-3.9328594881889765
11
7.0803569291338579
21
-3.9322790157480316
0
LINE
8
BLACK
6
CONTINUOUS
10
7.0803569291338579
20
-3.9322790157480316
11
7.0803310236220467
21
-3.9319140944881887
0
LINE
8
BLACK
6
CONTINUOUS
10
7.0803310236220467
20
-3.9319140944881887
11
7.0803513385826768
21
-3.9318530314960629
0
LINE
8
BLACK
6
CONTINUOUS
10
7.0803513385826768
20
-3.9318530314960629
11
7.0803078346456694
21
-3.928533897637795
0
LINE
8
BLACK
6
CONTINUOUS
10
7.0803078346456694
20
-3.928533897637795
11
7.0803645669291333
21
-3.9279578346456692
0
LINE
8
BLACK
6
CONTINUOUS
10
7.0803645669291333
20
-3.9279578346456692
11
7.0804051574803148
21
-3.9278598031496061
0
LINE
8
BLACK
6
CONTINUOUS
10
7.0804051574803148
20
-3.9278598031496061
11
7.0804126771653539
21
-3.9277540157480315
0
LINE
8
BLACK
6
CONTINUOUS
10
7.0804126771653539
20
-3.9277540157480315
11
7.0806608661417325
21
-3.9272424409448816
0
LINE
8
BLACK
6
CONTINUOUS
10
7.0806608661417325
20
-3.9272424409448816
11
7.0808054724409448
21
-3.9268934251968504
0
LINE
8
BLACK
6
CONTINUOUS
10
7.0808054724409448
20
-3.9268934251968504
11
7.0808535826771655
21
-3.926845275590551
0
LINE
8
BLACK
6
CONTINUOUS
10
7.0808535826771655
20
-3.926845275590551
11
7.082494330708661
21
-3.9234638582677164
0
LINE
8
BLACK
6
CONTINUOUS
10
7.082494330708661
20
-3.9234638582677164
11
7.0826503937007876
21
-3.9232158267716533
0
LINE
8
BLACK
6
CONTINUOUS
10
7.0826503937007876
20
-3.9232158267716533
11
7.0826802362204724
21
-3.9231438976377953
0
LINE
8
BLACK
6
CONTINUOUS
10
7.0826802362204724
20
-3.9231438976377953
11
7.0827247244094487
21
-3.9230977952755905
0
LINE
8
BLACK
6
CONTINUOUS
10
7.0827247244094487
20
-3.9230977952755905
11
7.0828026771653541
21
-3.9229739763779525
0
LINE
8
BLACK
6
CONTINUOUS
10
7.0828026771653541
20
-3.9229739763779525
11
7.083058346456693
21
-3.9227522047244094
0
LINE
8
BLACK
6
CONTINUOUS
10
7.083058346456693
20
-3.9227522047244094
11
7.0849222047244096
21
-3.9208216929133859
0
LINE
8
BLACK
6
CONTINUOUS
10
7.0849222047244096
20
-3.9208216929133859
11
7.0851485433070867
21
-3.9206359055118107
0
LINE
8
BLACK
6
CONTINUOUS
10
7.0851485433070867
20
-3.9206359055118107
11
7.0851997244094482
21
-3.9205769291338584
0
LINE
8
BLACK
6
CONTINUOUS
10
7.0851997244094482
20
-3.9205769291338584
11
7.0852553543307089
21
-3.9205482677165353
0
LINE
8
BLACK
6
CONTINUOUS
10
7.0852553543307089
20
-3.9205482677165353
11
7.0853696456692914
21
-3.9204544881889762
0
LINE
8
BLACK
6
CONTINUOUS
10
7.0853696456692914
20
-3.9204544881889762
11
7.0857164960629921
21
-3.9203107874015748
0
LINE
8
BLACK
6
CONTINUOUS
10
7.0857164960629921
20
-3.9203107874015748
11
7.0894391338582672
21
-3.9183938188976377
0
LINE
8
BLACK
6
CONTINUOUS
10
7.0894391338582672
20
-3.9183938188976377
11
7.0894812204724404
21
-3.9183776771653545
0
LINE
8
BLACK
6
CONTINUOUS
10
7.0894812204724404
20
-3.9183776771653545
11
7.0894983858267713
21
-3.9183650000000001
0
LINE
8
BLACK
6
CONTINUOUS
10
7.0894983858267713
20
-3.9183650000000001
11
7.0895473228346457
21
-3.9183524015748032
0
LINE
8
BLACK
6
CONTINUOUS
10
7.0895473228346457
20
-3.9183524015748032
11
7.0899797244094485
21
-3.9181869291338582
0
LINE
8
BLACK
6
CONTINUOUS
10
7.0899797244094485
20
-3.9181869291338582
11
7.0902709448818895
21
-3.918166220472441
0
LINE
8
BLACK
6
CONTINUOUS
10
7.0902709448818895
20
-3.918166220472441
11
7.0975425590551176
21
-3.9162954724409449
0
LINE
8
BLACK
6
CONTINUOUS
10
7.0975425590551176
20
-3.9162954724409449
11
7.0976424015748032
21
-3.9162806692913383
0
LINE
8
BLACK
6
CONTINUOUS
10
7.0976424015748032
20
-3.9162806692913383
11
7.0976826377952751
21
-3.91626405511811
0
LINE
8
BLACK
6
CONTINUOUS
10
7.0976826377952751
20
-3.91626405511811
11
7.0977579921259837
21
-3.9162636220472442
0
LINE
8
BLACK
6
CONTINUOUS
10
7.0977579921259837
20
-3.9162636220472442
11
7.098115157480315
21
-3.9162108267716533
0
LINE
8
BLACK
6
CONTINUOUS
10
7.098115157480315
20
-3.9162108267716533
11
7.0984437007874011
21
-3.9162596850393698
0
LINE
8
BLACK
6
CONTINUOUS
10
7.0984437007874011
20
-3.9162596850393698
11
7.1076325196850396
21
-3.9162073228346457
0
LINE
8
BLACK
6
CONTINUOUS
10
7.1076325196850396
20
-3.9162073228346457
11
7.1077330314960632
21
-3.9162172047244095
0
LINE
8
BLACK
6
CONTINUOUS
10
7.0984239370078734
20
-3.9221118897637792
11
7.0915982677165355
21
-3.9238679133858265
0
LINE
8
BLACK
6
CONTINUOUS
10
7.0915982677165355
20
-3.9238679133858265
11
7.0886659448818898
21
-3.9253779133858266
0
LINE
8
BLACK
6
CONTINUOUS
10
7.0886659448818898
20
-3.9253779133858266
11
7.087475236220472
21
-3.9266112598425198
0
LINE
8
BLACK
6
CONTINUOUS
10
7.087475236220472
20
-3.9266112598425198
11
7.0861740944881886
21
-3.9292927559055117
0
LINE
8
BLACK
6
CONTINUOUS
10
7.0861740944881886
20
-3.9292927559055117
11
7.0862051574803147
21
-3.9316612992125983
0
LINE
8
BLACK
6
CONTINUOUS
10
7.0862051574803147
20
-3.9316612992125983
11
7.0876036614173223
21
-3.9343770866141732
0
LINE
8
BLACK
6
CONTINUOUS
10
7.0876036614173223
20
-3.9343770866141732
11
7.0888370472440947
21
-3.9355678346456693
0
LINE
8
BLACK
6
CONTINUOUS
10
7.0888370472440947
20
-3.9355678346456693
11
7.091987283464567
21
-3.9370963779527557
0
LINE
8
BLACK
6
CONTINUOUS
10
7.091987283464567
20
-3.9370963779527557
11
7.0988187007874011
21
-3.9387547244094487
0
LINE
8
BLACK
6
CONTINUOUS
10
7.0988187007874011
20
-3.9387547244094487
11
7.1074672440944884
21
-3.9387053937007872
0
LINE
8
BLACK
6
CONTINUOUS
10
7.1074672440944884
20
-3.9387053937007872
11
7.1142929133858264
21
-3.9369493700787399
0
LINE
8
BLACK
6
CONTINUOUS
10
7.1142929133858264
20
-3.9369493700787399
11
7.117225236220472
21
-3.9354393307086615
0
LINE
8
BLACK
6
CONTINUOUS
10
7.117225236220472
20
-3.9354393307086615
11
7.1184160236220473
21
-3.9342059842519683
0
LINE
8
BLACK
6
CONTINUOUS
10
7.1184160236220473
20
-3.9342059842519683
11
7.119717125984252
21
-3.9315245275590551
0
LINE
8
BLACK
6
CONTINUOUS
10
7.119717125984252
20
-3.9315245275590551
11
7.1196860629921259
21
-3.9291559842519685
0
LINE
8
BLACK
6
CONTINUOUS
10
7.1196860629921259
20
-3.9291559842519685
11
7.1182875590551182
21
-3.9264402362204724
0
LINE
8
BLACK
6
CONTINUOUS
10
7.1182875590551182
20
-3.9264402362204724
11
7.1170541732283459
21
-3.9252494881889763
0
LINE
8
BLACK
6
CONTINUOUS
10
7.1170541732283459
20
-3.9252494881889763
11
7.1139038976377948
21
-3.9237209055118107
0
LINE
8
BLACK
6
CONTINUOUS
10
7.1139038976377948
20
-3.9237209055118107
11
7.1070724803149607
21
-3.9220625590551181
0
LINE
8
BLACK
6
CONTINUOUS
10
7.1070724803149607
20
-3.9220625590551181
11
7.0984239370078734
21
-3.9221118897637792
0
LINE
8
BLACK
6
CONTINUOUS
10
7.1077330314960632
20
-3.8787218897637796
11
7.1077760629921256
21
-3.8787155118110235
0
LINE
8
BLACK
6
CONTINUOUS
10
7.1077760629921256
20
-3.8787155118110235
11
7.1078497244094487
21
-3.8787333858267714
0
LINE
8
BLACK
6
CONTINUOUS
10
7.1078497244094487
20
-3.8787333858267714
11
7.1082085826771655
21
-3.8787687401574802
0
LINE
8
BLACK
6
CONTINUOUS
10
7.1082085826771655
20
-3.8787687401574802
11
7.1085104724409449
21
-3.8788937795275591
0
LINE
8
BLACK
6
CONTINUOUS
10
7.1085104724409449
20
-3.8788937795275591
11
7.1158477165354332
21
-3.8806749212598426
0
LINE
8
BLACK
6
CONTINUOUS
10
7.1158477165354332
20
-3.8806749212598426
11
7.1158901968503931
21
-3.8806900787401575
0
LINE
8
BLACK
6
CONTINUOUS
10
7.1158901968503931
20
-3.8806900787401575
11
7.1159114566929134
21
-3.8806916141732284
0
LINE
8
BLACK
6
CONTINUOUS
10
7.1159114566929134
20
-3.8806916141732284
11
7.1159589763779527
21
-3.8807146456692911
0
LINE
8
BLACK
6
CONTINUOUS
10
7.1159589763779527
20
-3.8807146456692911
11
7.1163928346456693
21
-3.8808696850393698
0
LINE
8
BLACK
6
CONTINUOUS
10
7.1163928346456693
20
-3.8808696850393698
11
7.1166098031496059
21
-3.881030472440945
0
LINE
8
BLACK
6
CONTINUOUS
10
7.1166098031496059
20
-3.881030472440945
11
7.1202016141732285
21
-3.8827732677165354
0
LINE
8
BLACK
6
CONTINUOUS
10
7.1202016141732285
20
-3.8827732677165354
11
7.1204494881889762
21
-3.8829292913385824
0
LINE
8
BLACK
6
CONTINUOUS
10
7.1204494881889762
20
-3.8829292913385824
11
7.1205215354330704
21
-3.8829591338582676
0
LINE
8
BLACK
6
CONTINUOUS
10
7.1205215354330704
20
-3.8829591338582676
11
7.1205676377952756
21
-3.8830036614173227
0
LINE
8
BLACK
6
CONTINUOUS
10
7.1205676377952756
20
-3.8830036614173227
11
7.1206914960629923
21
-3.8830816141732281
0
LINE
8
BLACK
6
CONTINUOUS
10
7.1206914960629923
20
-3.8830816141732281
11
7.1209131889763775
21
-3.8833372440944882
0
LINE
8
BLACK
6
CONTINUOUS
10
7.1209131889763775
20
-3.8833372440944882
11
7.1228437795275585
21
-3.8852011023622048
0
LINE
8
BLACK
6
CONTINUOUS
10
7.1228437795275585
20
-3.8852011023622048
11
7.1230295275590549
21
-3.8854274409448819
0
LINE
8
BLACK
6
CONTINUOUS
10
7.1230295275590549
20
-3.8854274409448819
11
7.1230885826771653
21
-3.8854786614173227
0
LINE
8
BLACK
6
CONTINUOUS
10
7.1230885826771653
20
-3.8854786614173227
11
7.1231172047244096
21
-3.8855342913385824
0
LINE
8
BLACK
6
CONTINUOUS
10
7.1231172047244096
20
-3.8855342913385824
11
7.1232110236220469
21
-3.8856485826771654
0
LINE
8
BLACK
6
CONTINUOUS
10
7.1232110236220469
20
-3.8856485826771654
11
7.1233546850393701
21
-3.8859954330708661
0
LINE
8
BLACK
6
CONTINUOUS
10
7.1233546850393701
20
-3.8859954330708661
11
7.1252716929133859
21
-3.8897180708661416
0
LINE
8
BLACK
6
CONTINUOUS
10
7.1252716929133859
20
-3.8897180708661416
11
7.1254785826771654
21
-3.8902586614173229
0
LINE
8
BLACK
6
CONTINUOUS
10
7.1254785826771654
20
-3.8902586614173229
11
7.1254861023622045
21
-3.890364527559055
0
LINE
8
BLACK
6
CONTINUOUS
10
7.1254861023622045
20
-3.890364527559055
11
7.125526692913386
21
-3.8904625196850393
0
LINE
8
BLACK
6
CONTINUOUS
10
7.125526692913386
20
-3.8904625196850393
11
7.1255342913385826
21
-3.8910428740157479
0
LINE
8
BLACK
6
CONTINUOUS
10
7.1255342913385826
20
-3.8910428740157479
11
7.1255602362204726
21
-3.8914078740157478
0
LINE
8
BLACK
6
CONTINUOUS
10
7.1255602362204726
20
-3.8914078740157478
11
7.1255398818897637
21
-3.8914688976377954
0
LINE
8
BLACK
6
CONTINUOUS
10
7.1255398818897637
20
-3.8914688976377954
11
7.12558342519685
21
-3.8947881102362203
0
LINE
8
BLACK
6
CONTINUOUS
10
7.12558342519685
20
-3.8947881102362203
11
7.125526692913386
21
-3.8953641732283462
0
LINE
8
BLACK
6
CONTINUOUS
10
7.125526692913386
20
-3.8953641732283462
11
7.1254861023622045
21
-3.8954621259842517
0
LINE
8
BLACK
6
CONTINUOUS
10
7.1254861023622045
20
-3.8954621259842517
11
7.1254785826771654
21
-3.895568031496063
0
LINE
8
BLACK
6
CONTINUOUS
10
7.1254785826771654
20
-3.895568031496063
11
7.1252302362204727
21
-3.8960797637795275
0
LINE
8
BLACK
6
CONTINUOUS
10
7.1252302362204727
20
-3.8960797637795275
11
7.1250857874015745
21
-3.8964285826771654
0
LINE
8
BLACK
6
CONTINUOUS
10
7.1250857874015745
20
-3.8964285826771654
11
7.1250376771653539
21
-3.8964766535433069
0
LINE
8
BLACK
6
CONTINUOUS
10
7.1250376771653539
20
-3.8964766535433069
11
7.1233969291338584
21
-3.899858149606299
0
LINE
8
BLACK
6
CONTINUOUS
10
7.1233969291338584
20
-3.899858149606299
11
7.1232408267716538
21
-3.9001061417322833
0
LINE
8
BLACK
6
CONTINUOUS
10
7.1232408267716538
20
-3.9001061417322833
11
7.1232110236220469
21
-3.9001781102362205
0
LINE
8
BLACK
6
CONTINUOUS
10
7.1232110236220469
20
-3.9001781102362205
11
7.1231664960629919
21
-3.9002241732283465
0
LINE
8
BLACK
6
CONTINUOUS
10
7.1231664960629919
20
-3.9002241732283465
11
7.1230885826771653
21
-3.9003480314960628
0
LINE
8
BLACK
6
CONTINUOUS
10
7.1230885826771653
20
-3.9003480314960628
11
7.1228327952755901
21
-3.9005698031496063
0
LINE
8
BLACK
6
CONTINUOUS
10
7.1228327952755901
20
-3.9005698031496063
11
7.1209689763779522
21
-3.9025003543307086
0
LINE
8
BLACK
6
CONTINUOUS
10
7.1209689763779522
20
-3.9025003543307086
11
7.1207426377952752
21
-3.9026860629921258
0
LINE
8
BLACK
6
CONTINUOUS
10
7.1207426377952752
20
-3.9026860629921258
11
7.1206914960629923
21
-3.9027450787401574
0
LINE
8
BLACK
6
CONTINUOUS
10
7.1206914960629923
20
-3.9027450787401574
11
7.1206358661417317
21
-3.9027737007874013
0
LINE
8
BLACK
6
CONTINUOUS
10
7.1206358661417317
20
-3.9027737007874013
11
7.1205215354330704
21
-3.9028675590551178
0
LINE
8
BLACK
6
CONTINUOUS
10
7.1205215354330704
20
-3.9028675590551178
11
7.1201746062992122
21
-3.903011220472441
0
LINE
8
BLACK
6
CONTINUOUS
10
7.1201746062992122
20
-3.903011220472441
11
7.1164520866141734
21
-3.9049281889763781
0
LINE
8
BLACK
6
CONTINUOUS
10
7.1164520866141734
20
-3.9049281889763781
11
7.1164099606299214
21
-3.9049442913385826
0
LINE
8
BLACK
6
CONTINUOUS
10
7.1164099606299214
20
-3.9049442913385826
11
7.1163928346456693
21
-3.9049570078740157
0
LINE
8
BLACK
6
CONTINUOUS
10
7.1163928346456693
20
-3.9049570078740157
11
7.1163438188976373
21
-3.9049696062992125
0
LINE
8
BLACK
6
CONTINUOUS
10
7.1163438188976373
20
-3.9049696062992125
11
7.1159114566929134
21
-3.9051350787401575
0
LINE
8
BLACK
6
CONTINUOUS
10
7.1159114566929134
20
-3.9051350787401575
11
7.1156202362204723
21
-3.905155748031496
0
LINE
8
BLACK
6
CONTINUOUS
10
7.1156202362204723
20
-3.905155748031496
11
7.108348661417323
21
-3.9070265354330709
0
LINE
8
BLACK
6
CONTINUOUS
10
7.108348661417323
20
-3.9070265354330709
11
7.1082487795275586
21
-3.9070412992125982
0
LINE
8
BLACK
6
CONTINUOUS
10
7.1082487795275586
20
-3.9070412992125982
11
7.1082085826771655
21
-3.9070579527559053
0
LINE
8
BLACK
6
CONTINUOUS
10
7.1082085826771655
20
-3.9070579527559053
11
7.1081331889763781
21
-3.9070583464566928
0
LINE
8
BLACK
6
CONTINUOUS
10
7.1081331889763781
20
-3.9070583464566928
11
7.1077760629921256
21
-3.907111181102362
0
LINE
8
BLACK
6
CONTINUOUS
10
7.1077760629921256
20
-3.907111181102362
11
7.1074474803149608
21
-3.9070622834645667
0
LINE
8
BLACK
6
CONTINUOUS
10
7.1074474803149608
20
-3.9070622834645667
11
7.0982587007874018
21
-3.9071146850393701
0
LINE
8
BLACK
6
CONTINUOUS
10
7.0982587007874018
20
-3.9071146850393701
11
7.0981581496062987
21
-3.9071047637795275
0
LINE
8
BLACK
6
CONTINUOUS
10
7.0981581496062987
20
-3.9071047637795275
11
7.098115157480315
21
-3.907111181102362
0
LINE
8
BLACK
6
CONTINUOUS
10
7.098115157480315
20
-3.907111181102362
11
7.0980414566929131
21
-3.9070932677165353
0
LINE
8
BLACK
6
CONTINUOUS
10
7.0980414566929131
20
-3.9070932677165353
11
7.0976826377952751
21
-3.9070579527559053
0
LINE
8
BLACK
6
CONTINUOUS
10
7.0976826377952751
20
-3.9070579527559053
11
7.0973807086614169
21
-3.9069328740157481
0
LINE
8
BLACK
6
CONTINUOUS
10
7.0973807086614169
20
-3.9069328740157481
11
7.0900435039370073
21
-3.9051517716535433
0
LINE
8
BLACK
6
CONTINUOUS
10
7.0900435039370073
20
-3.9051517716535433
11
7.0900009842519687
21
-3.9051365748031497
0
LINE
8
BLACK
6
CONTINUOUS
10
7.0900009842519687
20
-3.9051365748031497
11
7.0899797244094485
21
-3.9051350787401575
0
LINE
8
BLACK
6
CONTINUOUS
10
7.0899797244094485
20
-3.9051350787401575
11
7.0899320472440941
21
-3.9051119291338581
0
LINE
8
BLACK
6
CONTINUOUS
10
7.0899320472440941
20
-3.9051119291338581
11
7.0894983858267713
21
-3.9049570078740157
0
LINE
8
BLACK
6
CONTINUOUS
10
7.0894983858267713
20
-3.9049570078740157
11
7.0892814173228347
21
-3.9047962598425197
0
LINE
8
BLACK
6
CONTINUOUS
10
7.0892814173228347
20
-3.9047962598425197
11
7.0856896062992121
21
-3.9030534251968505
0
LINE
8
BLACK
6
CONTINUOUS
10
7.0856896062992121
20
-3.9030534251968505
11
7.0854415748031494
21
-3.9028973228346455
0
LINE
8
BLACK
6
CONTINUOUS
10
7.0854415748031494
20
-3.9028973228346455
11
7.0853696456692914
21
-3.9028675196850391
0
LINE
8
BLACK
6
CONTINUOUS
10
7.0853696456692914
20
-3.9028675196850391
11
7.0853235433070862
21
-3.902822992125984
0
LINE
8
BLACK
6
CONTINUOUS
10
7.0853235433070862
20
-3.902822992125984
11
7.0851997244094482
21
-3.9027450787401574
0
LINE
8
BLACK
6
CONTINUOUS
10
7.0851997244094482
20
-3.9027450787401574
11
7.0849779527559056
21
-3.9024893700787402
0
LINE
8
BLACK
6
CONTINUOUS
10
7.0849779527559056
20
-3.9024893700787402
11
7.083047440944882
21
-3.9006255511811023
0
LINE
8
BLACK
6
CONTINUOUS
10
7.083047440944882
20
-3.9006255511811023
11
7.0828616535433069
21
-3.9003991732283465
0
LINE
8
BLACK
6
CONTINUOUS
10
7.0828616535433069
20
-3.9003991732283465
11
7.0828026771653541
21
-3.9003480314960628
0
LINE
8
BLACK
6
CONTINUOUS
10
7.0828026771653541
20
-3.9003480314960628
11
7.082774015748031
21
-3.9002923622047243
0
LINE
8
BLACK
6
CONTINUOUS
10
7.082774015748031
20
-3.9002923622047243
11
7.0826802362204724
21
-3.9001781102362205
0
LINE
8
BLACK
6
CONTINUOUS
10
7.0826802362204724
20
-3.9001781102362205
11
7.0825365748031492
21
-3.8998312992125985
0
LINE
8
BLACK
6
CONTINUOUS
10
7.0825365748031492
20
-3.8998312992125985
11
7.0806195669291334
21
-3.8961086220472438
0
LINE
8
BLACK
6
CONTINUOUS
10
7.0806195669291334
20
-3.8961086220472438
11
7.0804126771653539
21
-3.8955679921259843
0
LINE
8
BLACK
6
CONTINUOUS
10
7.0804126771653539
20
-3.8955679921259843
11
7.0804051574803148
21
-3.8954621653543304
0
LINE
8
BLACK
6
CONTINUOUS
10
7.0804051574803148
20
-3.8954621653543304
11
7.0803645669291333
21
-3.8953641732283462
0
LINE
8
BLACK
6
CONTINUOUS
10
7.0803645669291333
20
-3.8953641732283462
11
7.0803569291338579
21
-3.8947837007874013
0
LINE
8
BLACK
6
CONTINUOUS
10
7.0803569291338579
20
-3.8947837007874013
11
7.0803310236220467
21
-3.8944187795275589
0
LINE
8
BLACK
6
CONTINUOUS
10
7.0803310236220467
20
-3.8944187795275589
11
7.0803513385826768
21
-3.8943577165354331
0
LINE
8
BLACK
6
CONTINUOUS
10
7.0803513385826768
20
-3.8943577165354331
11
7.0803078346456694
21
-3.8910385826771652
0
LINE
8
BLACK
6
CONTINUOUS
10
7.0803078346456694
20
-3.8910385826771652
11
7.0803645669291333
21
-3.8904625196850393
0
LINE
8
BLACK
6
CONTINUOUS
10
7.0803645669291333
20
-3.8904625196850393
11
7.0804051574803148
21
-3.8903644881889763
0
LINE
8
BLACK
6
CONTINUOUS
10
7.0804051574803148
20
-3.8903644881889763
11
7.0804126771653539
21
-3.8902587007874017
0
LINE
8
BLACK
6
CONTINUOUS
10
7.0804126771653539
20
-3.8902587007874017
11
7.0806608661417325
21
-3.8897471259842518
0
LINE
8
BLACK
6
CONTINUOUS
10
7.0806608661417325
20
-3.8897471259842518
11
7.0808054724409448
21
-3.8893981102362205
0
LINE
8
BLACK
6
CONTINUOUS
10
7.0808054724409448
20
-3.8893981102362205
11
7.0808535826771655
21
-3.8893499606299211
0
LINE
8
BLACK
6
CONTINUOUS
10
7.0808535826771655
20
-3.8893499606299211
11
7.082494330708661
21
-3.8859685433070865
0
LINE
8
BLACK
6
CONTINUOUS
10
7.082494330708661
20
-3.8859685433070865
11
7.0826503937007876
21
-3.8857205118110234
0
LINE
8
BLACK
6
CONTINUOUS
10
7.0826503937007876
20
-3.8857205118110234
11
7.0826802362204724
21
-3.8856485826771654
0
LINE
8
BLACK
6
CONTINUOUS
10
7.0826802362204724
20
-3.8856485826771654
11
7.0827247244094487
21
-3.8856024803149607
0
LINE
8
BLACK
6
CONTINUOUS
10
7.0827247244094487
20
-3.8856024803149607
11
7.0828026771653541
21
-3.8854786614173227
0
LINE
8
BLACK
6
CONTINUOUS
10
7.0828026771653541
20
-3.8854786614173227
11
7.083058346456693
21
-3.8852568897637796
0
LINE
8
BLACK
6
CONTINUOUS
10
7.083058346456693
20
-3.8852568897637796
11
7.0849222047244096
21
-3.883326377952756
0
LINE
8
BLACK
6
CONTINUOUS
10
7.0849222047244096
20
-3.883326377952756
11
7.0851485433070867
21
-3.8831405905511809
0
LINE
8
BLACK
6
CONTINUOUS
10
7.0851485433070867
20
-3.8831405905511809
11
7.0851997244094482
21
-3.8830816141732281
0
LINE
8
BLACK
6
CONTINUOUS
10
7.0851997244094482
20
-3.8830816141732281
11
7.0852553543307089
21
-3.8830529527559055
0
LINE
8
BLACK
6
CONTINUOUS
10
7.0852553543307089
20
-3.8830529527559055
11
7.0853696456692914
21
-3.8829591732283464
0
LINE
8
BLACK
6
CONTINUOUS
10
7.0853696456692914
20
-3.8829591732283464
11
7.0857164960629921
21
-3.8828154724409449
0
LINE
8
BLACK
6
CONTINUOUS
10
7.0857164960629921
20
-3.8828154724409449
11
7.0894391338582672
21
-3.8808985039370079
0
LINE
8
BLACK
6
CONTINUOUS
10
7.0894391338582672
20
-3.8808985039370079
11
7.0894812204724404
21
-3.8808823622047242
0
LINE
8
BLACK
6
CONTINUOUS
10
7.0894812204724404
20
-3.8808823622047242
11
7.0894983858267713
21
-3.8808696850393698
0
LINE
8
BLACK
6
CONTINUOUS
10
7.0894983858267713
20
-3.8808696850393698
11
7.0895473228346457
21
-3.8808570866141729
0
LINE
8
BLACK
6
CONTINUOUS
10
7.0895473228346457
20
-3.8808570866141729
11
7.0899797244094485
21
-3.8806916141732284
0
LINE
8
BLACK
6
CONTINUOUS
10
7.0899797244094485
20
-3.8806916141732284
11
7.0902709448818895
21
-3.8806709055118112
0
LINE
8
BLACK
6
CONTINUOUS
10
7.0902709448818895
20
-3.8806709055118112
11
7.0975425590551176
21
-3.878800157480315
0
LINE
8
BLACK
6
CONTINUOUS
10
7.0975425590551176
20
-3.878800157480315
11
7.0976424015748032
21
-3.8787853543307085
0
LINE
8
BLACK
6
CONTINUOUS
10
7.0976424015748032
20
-3.8787853543307085
11
7.0976826377952751
21
-3.8787687401574802
0
LINE
8
BLACK
6
CONTINUOUS
10
7.0976826377952751
20
-3.8787687401574802
11
7.0977579921259837
21
-3.8787683070866139
0
LINE
8
BLACK
6
CONTINUOUS
10
7.0977579921259837
20
-3.8787683070866139
11
7.098115157480315
21
-3.8787155118110235
0
LINE
8
BLACK
6
CONTINUOUS
10
7.098115157480315
20
-3.8787155118110235
11
7.0984437007874011
21
-3.87876437007874
0
LINE
8
BLACK
6
CONTINUOUS
10
7.0984437007874011
20
-3.87876437007874
11
7.1076325196850396
21
-3.8787120078740158
0
LINE
8
BLACK
6
CONTINUOUS
10
7.1076325196850396
20
-3.8787120078740158
11
7.1077330314960632
21
-3.8787218897637796
0
LINE
8
BLACK
6
CONTINUOUS
10
7.0984239370078734
20
-3.8846165748031494
11
7.0915982677165355
21
-3.8863725984251967
0
LINE
8
BLACK
6
CONTINUOUS
10
7.0915982677165355
20
-3.8863725984251967
11
7.0886659448818898
21
-3.8878825984251968
0
LINE
8
BLACK
6
CONTINUOUS
10
7.0886659448818898
20
-3.8878825984251968
11
7.087475236220472
21
-3.8891159448818895
0
LINE
8
BLACK
6
CONTINUOUS
10
7.087475236220472
20
-3.8891159448818895
11
7.0861740944881886
21
-3.8917974409448819
0
LINE
8
BLACK
6
CONTINUOUS
10
7.0861740944881886
20
-3.8917974409448819
11
7.0862051574803147
21
-3.8941659842519685
0
LINE
8
BLACK
6
CONTINUOUS
10
7.0862051574803147
20
-3.8941659842519685
11
7.0876036614173223
21
-3.8968817716535433
0
LINE
8
BLACK
6
CONTINUOUS
10
7.0876036614173223
20
-3.8968817716535433
11
7.0888370472440947
21
-3.8980725196850394
0
LINE
8
BLACK
6
CONTINUOUS
10
7.0888370472440947
20
-3.8980725196850394
11
7.091987283464567
21
-3.8996010629921258
0
LINE
8
BLACK
6
CONTINUOUS
10
7.091987283464567
20
-3.8996010629921258
11
7.0988187007874011
21
-3.9012594094488189
0
LINE
8
BLACK
6
CONTINUOUS
10
7.0988187007874011
20
-3.9012594094488189
11
7.1074672440944884
21
-3.9012100787401573
0
LINE
8
BLACK
6
CONTINUOUS
10
7.1074672440944884
20
-3.9012100787401573
11
7.1142929133858264
21
-3.8994540551181101
0
LINE
8
BLACK
6
CONTINUOUS
10
7.1142929133858264
20
-3.8994540551181101
11
7.117225236220472
21
-3.8979440157480316
0
LINE
8
BLACK
6
CONTINUOUS
10
7.117225236220472
20
-3.8979440157480316
11
7.1184160236220473
21
-3.8967106692913385
0
LINE
8
BLACK
6
CONTINUOUS
10
7.1184160236220473
20
-3.8967106692913385
11
7.119717125984252
21
-3.8940292125984253
0
LINE
8
BLACK
6
CONTINUOUS
10
7.119717125984252
20
-3.8940292125984253
11
7.1196860629921259
21
-3.8916606692913387
0
LINE
8
BLACK
6
CONTINUOUS
10
7.1196860629921259
20
-3.8916606692913387
11
7.1182875590551182
21
-3.8889449212598426
0
LINE
8
BLACK
6
CONTINUOUS
10
7.1182875590551182
20
-3.8889449212598426
11
7.1170541732283459
21
-3.8877541732283465
0
LINE
8
BLACK
6
CONTINUOUS
10
7.1170541732283459
20
-3.8877541732283465
11
7.1139038976377948
21
-3.8862255905511809
0
LINE
8
BLACK
6
CONTINUOUS
10
7.1139038976377948
20
-3.8862255905511809
11
7.1070724803149607
21
-3.8845672440944883
0
LINE
8
BLACK
6
CONTINUOUS
10
7.1070724803149607
20
-3.8845672440944883
11
7.0984239370078734
21
-3.8846165748031494
0
LINE
8
BLACK
6
CONTINUOUS
10
7.5426682677165351
20
-3.8118586614173227
11
7.5428642125984249
21
-3.8119398031496061
0
LINE
8
BLACK
6
CONTINUOUS
10
7.5428642125984249
20
-3.8119398031496061
11
7.5430759448818891
21
-3.8119548818897635
0
LINE
8
BLACK
6
CONTINUOUS
10
7.5430759448818891
20
-3.8119548818897635
11
7.544162519685039
21
-3.8124775984251968
0
LINE
8
BLACK
6
CONTINUOUS
10
7.544162519685039
20
-3.8124775984251968
11
7.5447970866141727
21
-3.8127404724409448
0
LINE
8
BLACK
6
CONTINUOUS
10
7.5447970866141727
20
-3.8127404724409448
11
7.5448788188976375
21
-3.8128222047244096
0
LINE
8
BLACK
6
CONTINUOUS
10
7.5448788188976375
20
-3.8128222047244096
11
7.5497814960629919
21
-3.8151808267716536
0
LINE
8
BLACK
6
CONTINUOUS
10
7.5497814960629919
20
-3.8151808267716536
11
7.5502772834645668
21
-3.8154929133858269
0
LINE
8
BLACK
6
CONTINUOUS
10
7.5502772834645668
20
-3.8154929133858269
11
7.5504213779527554
21
-3.8155525984251968
0
LINE
8
BLACK
6
CONTINUOUS
10
7.5504213779527554
20
-3.8155525984251968
11
7.5505161417322837
21
-3.8156432677165353
0
LINE
8
BLACK
6
CONTINUOUS
10
7.5505161417322837
20
-3.8156432677165353
11
7.5507612598425196
21
-3.8157975590551181
0
LINE
8
BLACK
6
CONTINUOUS
10
7.5507612598425196
20
-3.8157975590551181
11
7.5511697637795274
21
-3.8162685826771652
0
LINE
8
BLACK
6
CONTINUOUS
10
7.5511697637795274
20
-3.8162685826771652
11
7.5541284251968506
21
-3.8190991732283464
0
LINE
8
BLACK
6
CONTINUOUS
10
7.5541284251968506
20
-3.8190991732283464
11
7.5545000787401575
21
-3.8195520078740155
0
LINE
8
BLACK
6
CONTINUOUS
10
7.5545000787401575
20
-3.8195520078740155
11
7.5546179133858269
21
-3.819654212598425
0
LINE
8
BLACK
6
CONTINUOUS
10
7.5546179133858269
20
-3.819654212598425
11
7.5546763779527559
21
-3.819766811023622
0
LINE
8
BLACK
6
CONTINUOUS
10
7.5546763779527559
20
-3.819766811023622
11
7.5548628740157477
21
-3.81999405511811
0
LINE
8
BLACK
6
CONTINUOUS
10
7.5548628740157477
20
-3.81999405511811
11
7.5551329921259844
21
-3.8206462992125982
0
LINE
8
BLACK
6
CONTINUOUS
10
7.5551329921259844
20
-3.8206462992125982
11
7.5580468110236216
21
-3.8262582283464566
0
LINE
8
BLACK
6
CONTINUOUS
10
7.5580468110236216
20
-3.8262582283464566
11
7.5584605511811018
21
-3.8273394881889762
0
LINE
8
BLACK
6
CONTINUOUS
10
7.5584605511811018
20
-3.8273394881889762
11
7.5584755511811021
21
-3.8275510629921259
0
LINE
8
BLACK
6
CONTINUOUS
10
7.5584755511811021
20
-3.8275510629921259
11
7.5585568110236219
21
-3.8277471653543307
0
LINE
8
BLACK
6
CONTINUOUS
10
7.5585568110236219
20
-3.8277471653543307
11
7.5585775196850395
21
-3.8289857480314962
0
LINE
8
BLACK
6
CONTINUOUS
10
7.5585775196850395
20
-3.8289857480314962
11
7.5586238976377951
21
-3.8296379133858265
0
LINE
8
BLACK
6
CONTINUOUS
10
7.5586238976377951
20
-3.8296379133858265
11
7.5585901574803147
21
-3.8297390944881888
0
LINE
8
BLACK
6
CONTINUOUS
10
7.5585901574803147
20
-3.8297390944881888
11
7.5586702755905506
21
-3.8345236220472438
0
LINE
8
BLACK
6
CONTINUOUS
10
7.5586702755905506
20
-3.8345236220472438
11
7.5586128346456691
21
-3.8351067322834647
0
LINE
8
BLACK
6
CONTINUOUS
10
7.5586128346456691
20
-3.8351067322834647
11
7.5586238976377951
21
-3.8352622440944879
0
LINE
8
BLACK
6
CONTINUOUS
10
7.5586238976377951
20
-3.8352622440944879
11
7.5585858267716537
21
-3.8353807874015748
0
LINE
8
BLACK
6
CONTINUOUS
10
7.5585858267716537
20
-3.8353807874015748
11
7.5585568110236219
21
-3.835675748031496
0
LINE
8
BLACK
6
CONTINUOUS
10
7.5585568110236219
20
-3.835675748031496
11
7.5582659448818896
21
-3.8363779133858267
0
LINE
8
BLACK
6
CONTINUOUS
10
7.5582659448818896
20
-3.8363779133858267
11
7.5555550393700788
21
-3.8448275590551182
0
LINE
8
BLACK
6
CONTINUOUS
10
7.5555550393700788
20
-3.8448275590551182
11
7.5550830708661412
21
-3.8458846456692912
0
LINE
8
BLACK
6
CONTINUOUS
10
7.5550830708661412
20
-3.8458846456692912
11
7.5549440944881887
21
-3.8460448425196851
0
LINE
8
BLACK
6
CONTINUOUS
10
7.5549440944881887
20
-3.8460448425196851
11
7.5548628740157477
21
-3.8462409842519683
0
LINE
8
BLACK
6
CONTINUOUS
10
7.5548628740157477
20
-3.8462409842519683
11
7.5541722047244093
21
-3.8469348425196848
0
LINE
8
BLACK
6
CONTINUOUS
10
7.5541722047244093
20
-3.8469348425196848
11
7.553573307086614
21
-3.8476253937007874
0
LINE
8
BLACK
6
CONTINUOUS
10
7.553573307086614
20
-3.8476253937007874
11
7.5533972440944881
21
-3.8477133858267716
0
LINE
8
BLACK
6
CONTINUOUS
10
7.5533972440944881
20
-3.8477133858267716
11
7.5303501181102357
21
-3.8708677559055116
0
LINE
8
BLACK
6
CONTINUOUS
10
7.5303501181102357
20
-3.8708677559055116
11
7.5527647637795274
21
-3.87080031496063
0
LINE
8
BLACK
6
CONTINUOUS
10
7.5527647637795274
20
-3.87080031496063
11
7.5539168897637792
21
-3.8709137795275588
0
LINE
8
BLACK
6
CONTINUOUS
10
7.5539168897637792
20
-3.8709137795275588
11
7.5560457086614168
21
-3.8717955905511809
0
LINE
8
BLACK
6
CONTINUOUS
10
7.5560457086614168
20
-3.8717955905511809
11
7.5576749999999997
21
-3.8734248818897639
0
LINE
8
BLACK
6
CONTINUOUS
10
7.5576749999999997
20
-3.8734248818897639
11
7.5585568110236219
21
-3.8755537007874015
0
LINE
8
BLACK
6
CONTINUOUS
10
7.5585568110236219
20
-3.8755537007874015
11
7.5585568110236219
21
-3.8778579527559054
0
LINE
8
BLACK
6
CONTINUOUS
10
7.5585568110236219
20
-3.8778579527559054
11
7.5576749999999997
21
-3.879986771653543
0
LINE
8
BLACK
6
CONTINUOUS
10
7.5576749999999997
20
-3.879986771653543
11
7.5560457086614168
21
-3.8816160629921259
0
LINE
8
BLACK
6
CONTINUOUS
10
7.5560457086614168
20
-3.8816160629921259
11
7.5539168897637792
21
-3.8824978740157481
0
LINE
8
BLACK
6
CONTINUOUS
10
7.5539168897637792
20
-3.8824978740157481
11
7.516206811023622
21
-3.8826113385826773
0
LINE
8
BLACK
6
CONTINUOUS
10
7.516206811023622
20
-3.8826113385826773
11
7.5150546850393702
21
-3.8824978740157481
0
LINE
8
BLACK
6
CONTINUOUS
10
7.5150546850393702
20
-3.8824978740157481
11
7.5138234645669293
21
-3.8819878740157479
0
LINE
8
BLACK
6
CONTINUOUS
10
7.5138234645669293
20
-3.8819878740157479
11
7.5129259055118105
21
-3.8816161023622047
0
LINE
8
BLACK
6
CONTINUOUS
10
7.5129259055118105
20
-3.8816161023622047
11
7.511296535433071
21
-3.8799867322834647
0
LINE
8
BLACK
6
CONTINUOUS
10
7.511296535433071
20
-3.8799867322834647
11
7.5104147637795275
21
-3.8778579133858266
0
LINE
8
BLACK
6
CONTINUOUS
10
7.5104147637795275
20
-3.8778579133858266
11
7.5104147637795275
21
-3.8755537401574802
0
LINE
8
BLACK
6
CONTINUOUS
10
7.5104147637795275
20
-3.8755537401574802
11
7.511296535433071
21
-3.8734249212598426
0
LINE
8
BLACK
6
CONTINUOUS
10
7.511296535433071
20
-3.8734249212598426
11
7.5449200787401569
21
-3.839644842519685
0
LINE
8
BLACK
6
CONTINUOUS
10
7.5449200787401569
20
-3.839644842519685
11
7.5469340551181103
21
-3.8333675590551182
0
LINE
8
BLACK
6
CONTINUOUS
10
7.5469340551181103
20
-3.8333675590551182
11
7.5468805511811023
21
-3.8301725196850391
0
LINE
8
BLACK
6
CONTINUOUS
10
7.5468805511811023
20
-3.8301725196850391
11
7.5450365354330708
21
-3.826620905511811
0
LINE
8
BLACK
6
CONTINUOUS
10
7.5450365354330708
20
-3.826620905511811
11
7.5435143307086614
21
-3.8251646062992126
0
LINE
8
BLACK
6
CONTINUOUS
10
7.5435143307086614
20
-3.8251646062992126
11
7.5399769291338581
21
-3.8234627952755904
0
LINE
8
BLACK
6
CONTINUOUS
10
7.5399769291338581
20
-3.8234627952755904
11
7.5287055118110233
21
-3.8235468897637794
0
LINE
8
BLACK
6
CONTINUOUS
10
7.5287055118110233
20
-3.8235468897637794
11
7.5251770078740154
21
-3.8253788976377954
0
LINE
8
BLACK
6
CONTINUOUS
10
7.5251770078740154
20
-3.8253788976377954
11
7.5231948031496065
21
-3.8274508267716536
0
LINE
8
BLACK
6
CONTINUOUS
10
7.5231948031496065
20
-3.8274508267716536
11
7.5222998818897633
21
-3.8281852755905512
0
LINE
8
BLACK
6
CONTINUOUS
10
7.5222998818897633
20
-3.8281852755905512
11
7.5201710629921257
21
-3.8290670472440942
0
LINE
8
BLACK
6
CONTINUOUS
10
7.5201710629921257
20
-3.8290670472440942
11
7.5178668897637797
21
-3.8290670472440942
0
LINE
8
BLACK
6
CONTINUOUS
10
7.5178668897637797
20
-3.8290670472440942
11
7.5157380708661412
21
-3.8281852755905512
0
LINE
8
BLACK
6
CONTINUOUS
10
7.5157380708661412
20
-3.8281852755905512
11
7.5141087007874017
21
-3.8265559055118108
0
LINE
8
BLACK
6
CONTINUOUS
10
7.5141087007874017
20
-3.8265559055118108
11
7.5132269291338583
21
-3.8244270866141732
0
LINE
8
BLACK
6
CONTINUOUS
10
7.5132269291338583
20
-3.8244270866141732
11
7.5132269291338583
21
-3.8221229133858268
0
LINE
8
BLACK
6
CONTINUOUS
10
7.5132269291338583
20
-3.8221229133858268
11
7.5141087007874017
21
-3.8199940944881887
0
LINE
8
BLACK
6
CONTINUOUS
10
7.5141087007874017
20
-3.8199940944881887
11
7.5176552755905508
21
-3.8162870472440944
0
LINE
8
BLACK
6
CONTINUOUS
10
7.5176552755905508
20
-3.8162870472440944
11
7.5181081102362199
21
-3.8159153543307087
0
LINE
8
BLACK
6
CONTINUOUS
10
7.5181081102362199
20
-3.8159153543307087
11
7.5182103149606299
21
-3.8157975590551181
0
LINE
8
BLACK
6
CONTINUOUS
10
7.5182103149606299
20
-3.8157975590551181
11
7.5183229133858269
21
-3.8157390551181103
0
LINE
8
BLACK
6
CONTINUOUS
10
7.5183229133858269
20
-3.8157390551181103
11
7.5185501574803144
21
-3.8155525984251968
0
LINE
8
BLACK
6
CONTINUOUS
10
7.5185501574803144
20
-3.8155525984251968
11
7.5192024803149602
21
-3.815282401574803
0
LINE
8
BLACK
6
CONTINUOUS
10
7.5192024803149602
20
-3.815282401574803
11
7.524814409448819
21
-3.8123686614173229
0
LINE
8
BLACK
6
CONTINUOUS
10
7.524814409448819
20
-3.8123686614173229
11
7.5258956299212594
21
-3.8119548818897635
0
LINE
8
BLACK
6
CONTINUOUS
10
7.5258956299212594
20
-3.8119548818897635
11
7.5261073228346458
21
-3.8119398031496061
0
LINE
8
BLACK
6
CONTINUOUS
10
7.5261073228346458
20
-3.8119398031496061
11
7.5263033070866143
21
-3.8118586614173227
0
LINE
8
BLACK
6
CONTINUOUS
10
7.5263033070866143
20
-3.8118586614173227
11
7.5273608661417324
21
-3.811850748031496
0
LINE
8
BLACK
6
CONTINUOUS
10
7.5273608661417324
20
-3.811850748031496
11
7.5281940551181101
21
-3.8117915748031495
0
LINE
8
BLACK
6
CONTINUOUS
10
7.5281940551181101
20
-3.8117915748031495
11
7.5283494881889759
21
-3.8118433858267715
0
LINE
8
BLACK
6
CONTINUOUS
10
7.5283494881889759
20
-3.8118433858267715
11
7.5415161417322834
21
-3.8117451968503935
0
LINE
8
BLACK
6
CONTINUOUS
10
7.5415161417322834
20
-3.8117451968503935
11
7.5426682677165351
21
-3.8118586614173227
0
LINE
8
BLACK
6
CONTINUOUS
10
7.7642589763779526
20
-3.8118025984251966
11
7.7644144881889758
21
-3.8117915748031495
0
LINE
8
BLACK
6
CONTINUOUS
10
7.7644144881889758
20
-3.8117915748031495
11
7.7645330314960628
21
-3.8118296062992125
0
LINE
8
BLACK
6
CONTINUOUS
10
7.7645330314960628
20
-3.8118296062992125
11
7.7648279921259844
21
-3.8118586614173227
0
LINE
8
BLACK
6
CONTINUOUS
10
7.7648279921259844
20
-3.8118586614173227
11
7.7655301181102363
21
-3.8121494881889761
0
LINE
8
BLACK
6
CONTINUOUS
10
7.7655301181102363
20
-3.8121494881889761
11
7.7739798031496061
21
-3.8148603937007874
0
LINE
8
BLACK
6
CONTINUOUS
10
7.7739798031496061
20
-3.8148603937007874
11
7.7750369291338579
21
-3.8153324015748029
0
LINE
8
BLACK
6
CONTINUOUS
10
7.7750369291338579
20
-3.8153324015748029
11
7.7767776377952753
21
-3.8168421259842518
0
LINE
8
BLACK
6
CONTINUOUS
10
7.7767776377952753
20
-3.8168421259842518
11
7.7778081102362204
21
-3.8189030708661416
0
LINE
8
BLACK
6
CONTINUOUS
10
7.7778081102362204
20
-3.8189030708661416
11
7.7779714566929128
21
-3.8212014960629919
0
LINE
8
BLACK
6
CONTINUOUS
10
7.7779714566929128
20
-3.8212014960629919
11
7.7772427952755905
21
-3.8233874803149606
0
LINE
8
BLACK
6
CONTINUOUS
10
7.7772427952755905
20
-3.8233874803149606
11
7.7757330314960624
21
-3.825128188976378
0
LINE
8
BLACK
6
CONTINUOUS
10
7.7757330314960624
20
-3.825128188976378
11
7.7736721259842518
21
-3.8261586614173226
0
LINE
8
BLACK
6
CONTINUOUS
10
7.7736721259842518
20
-3.8261586614173226
11
7.7713737007874011
21
-3.8263220078740154
0
LINE
8
BLACK
6
CONTINUOUS
10
7.7713737007874011
20
-3.8263220078740154
11
7.7624545275590551
21
-3.8234604330708661
0
LINE
8
BLACK
6
CONTINUOUS
10
7.7624545275590551
20
-3.8234604330708661
11
7.7508652362204726
21
-3.8235468897637794
0
LINE
8
BLACK
6
CONTINUOUS
10
7.7508652362204726
20
-3.8235468897637794
11
7.7473366535433072
21
-3.8253789370078741
0
LINE
8
BLACK
6
CONTINUOUS
10
7.7473366535433072
20
-3.8253789370078741
11
7.7458803937007872
21
-3.8269011023622048
0
LINE
8
BLACK
6
CONTINUOUS
10
7.7458803937007872
20
-3.8269011023622048
11
7.7442027952755907
21
-3.8303882677165353
0
LINE
8
BLACK
6
CONTINUOUS
10
7.7442027952755907
20
-3.8303882677165353
11
7.7442507086614167
21
-3.8332504330708659
0
LINE
8
BLACK
6
CONTINUOUS
10
7.7442507086614167
20
-3.8332504330708659
11
7.7460946850393695
21
-3.836801968503937
0
LINE
8
BLACK
6
CONTINUOUS
10
7.7460946850393695
20
-3.836801968503937
11
7.7476169291338577
21
-3.8382583070866141
0
LINE
8
BLACK
6
CONTINUOUS
10
7.7476169291338577
20
-3.8382583070866141
11
7.7520473228346454
21
-3.8403896850393702
0
LINE
8
BLACK
6
CONTINUOUS
10
7.7520473228346454
20
-3.8403896850393702
11
7.7622959842519688
21
-3.8428551574803147
0
LINE
8
BLACK
6
CONTINUOUS
10
7.7622959842519688
20
-3.8428551574803147
11
7.7623808267716532
21
-3.8428854724409449
0
LINE
8
BLACK
6
CONTINUOUS
10
7.7623808267716532
20
-3.8428854724409449
11
7.7624235039370078
21
-3.842888503937008
0
LINE
8
BLACK
6
CONTINUOUS
10
7.7624235039370078
20
-3.842888503937008
11
7.7625221259842521
21
-3.8429359448818898
0
LINE
8
BLACK
6
CONTINUOUS
10
7.7625221259842521
20
-3.8429359448818898
11
7.7633861811023621
21
-3.8432446456692912
0
LINE
8
BLACK
6
CONTINUOUS
10
7.7633861811023621
20
-3.8432446456692912
11
7.7637978740157481
21
-3.84354968503937
0
LINE
8
BLACK
6
CONTINUOUS
10
7.7637978740157481
20
-3.84354968503937
11
7.7691290551181105
21
-3.8461144488188976
0
LINE
8
BLACK
6
CONTINUOUS
10
7.7691290551181105
20
-3.8461144488188976
11
7.7696249212598421
21
-3.8464265748031496
0
LINE
8
BLACK
6
CONTINUOUS
10
7.7696249212598421
20
-3.8464265748031496
11
7.7697689763779527
21
-3.8464862598425196
0
LINE
8
BLACK
6
CONTINUOUS
10
7.7697689763779527
20
-3.8464862598425196
11
7.7698637007874014
21
-3.8465768897637793
0
LINE
8
BLACK
6
CONTINUOUS
10
7.7698637007874014
20
-3.8465768897637793
11
7.7701088188976373
21
-3.8467311811023621
0
LINE
8
BLACK
6
CONTINUOUS
10
7.7701088188976373
20
-3.8467311811023621
11
7.7705173622047239
21
-3.847202244094488
0
LINE
8
BLACK
6
CONTINUOUS
10
7.7705173622047239
20
-3.847202244094488
11
7.773476023622047
21
-3.8500328740157479
0
LINE
8
BLACK
6
CONTINUOUS
10
7.773476023622047
20
-3.8500328740157479
11
7.7738475984251965
21
-3.8504856299212595
0
LINE
8
BLACK
6
CONTINUOUS
10
7.7738475984251965
20
-3.8504856299212595
11
7.7739654724409446
21
-3.8505878740157478
0
LINE
8
BLACK
6
CONTINUOUS
10
7.7739654724409446
20
-3.8505878740157478
11
7.7740239763779524
21
-3.8507005511811023
0
LINE
8
BLACK
6
CONTINUOUS
10
7.7740239763779524
20
-3.8507005511811023
11
7.7742104330708663
21
-3.8509277559055115
0
LINE
8
BLACK
6
CONTINUOUS
10
7.7742104330708663
20
-3.8509277559055115
11
7.7744805511811022
21
-3.8515799212598423
0
LINE
8
BLACK
6
CONTINUOUS
10
7.7744805511811022
20
-3.8515799212598423
11
7.7773943700787402
21
-3.8571918897637794
0
LINE
8
BLACK
6
CONTINUOUS
10
7.7773943700787402
20
-3.8571918897637794
11
7.7778081102362204
21
-3.858273149606299
0
LINE
8
BLACK
6
CONTINUOUS
10
7.7778081102362204
20
-3.858273149606299
11
7.7778231102362199
21
-3.8584847244094487
0
LINE
8
BLACK
6
CONTINUOUS
10
7.7778231102362199
20
-3.8584847244094487
11
7.7779043700787396
21
-3.8586808267716535
0
LINE
8
BLACK
6
CONTINUOUS
10
7.7779043700787396
20
-3.8586808267716535
11
7.7779250787401573
21
-3.8599194094488189
0
LINE
8
BLACK
6
CONTINUOUS
10
7.7779250787401573
20
-3.8599194094488189
11
7.7779714566929128
21
-3.8605715748031497
0
LINE
8
BLACK
6
CONTINUOUS
10
7.7779714566929128
20
-3.8605715748031497
11
7.7779377165354333
21
-3.8606727559055116
0
LINE
8
BLACK
6
CONTINUOUS
10
7.7779377165354333
20
-3.8606727559055116
11
7.7780178346456692
21
-3.8654572440944883
0
LINE
8
BLACK
6
CONTINUOUS
10
7.7780178346456692
20
-3.8654572440944883
11
7.7779043700787396
21
-3.8666093700787401
0
LINE
8
BLACK
6
CONTINUOUS
10
7.7779043700787396
20
-3.8666093700787401
11
7.7778231102362199
21
-3.8668054330708661
0
LINE
8
BLACK
6
CONTINUOUS
10
7.7778231102362199
20
-3.8668054330708661
11
7.7778081102362204
21
-3.8670170472440946
0
LINE
8
BLACK
6
CONTINUOUS
10
7.7778081102362204
20
-3.8670170472440946
11
7.7772855905511813
21
-3.8681030708661415
0
LINE
8
BLACK
6
CONTINUOUS
10
7.7772855905511813
20
-3.8681030708661415
11
7.7770225590551183
21
-3.8687381889763777
0
LINE
8
BLACK
6
CONTINUOUS
10
7.7770225590551183
20
-3.8687381889763777
11
7.7769407086614173
21
-3.8688199999999999
0
LINE
8
BLACK
6
CONTINUOUS
10
7.7769407086614173
20
-3.8688199999999999
11
7.7745822047244095
21
-3.8737225590551181
0
LINE
8
BLACK
6
CONTINUOUS
10
7.7745822047244095
20
-3.8737225590551181
11
7.7742700787401571
21
-3.8742183464566926
0
LINE
8
BLACK
6
CONTINUOUS
10
7.7742700787401571
20
-3.8742183464566926
11
7.7742104330708663
21
-3.8743624409448816
0
LINE
8
BLACK
6
CONTINUOUS
10
7.7742104330708663
20
-3.8743624409448816
11
7.7741197244094487
21
-3.8744572047244095
0
LINE
8
BLACK
6
CONTINUOUS
10
7.7741197244094487
20
-3.8744572047244095
11
7.7739654724409446
21
-3.8747023228346458
0
LINE
8
BLACK
6
CONTINUOUS
10
7.7739654724409446
20
-3.8747023228346458
11
7.7734944094488183
21
-3.8751108267716536
0
LINE
8
BLACK
6
CONTINUOUS
10
7.7734944094488183
20
-3.8751108267716536
11
7.7706638976377951
21
-3.8780694881889763
0
LINE
8
BLACK
6
CONTINUOUS
10
7.7706638976377951
20
-3.8780694881889763
11
7.7702109055118109
21
-3.8784412204724408
0
LINE
8
BLACK
6
CONTINUOUS
10
7.7702109055118109
20
-3.8784412204724408
11
7.7701087795275585
21
-3.8785590157480314
0
LINE
8
BLACK
6
CONTINUOUS
10
7.7701087795275585
20
-3.8785590157480314
11
7.7699961417322836
21
-3.8786174803149605
0
LINE
8
BLACK
6
CONTINUOUS
10
7.7699961417322836
20
-3.8786174803149605
11
7.7697689763779527
21
-3.878803937007874
0
LINE
8
BLACK
6
CONTINUOUS
10
7.7697689763779527
20
-3.878803937007874
11
7.7691164960629919
21
-3.8790741732283465
0
LINE
8
BLACK
6
CONTINUOUS
10
7.7691164960629919
20
-3.8790741732283465
11
7.7635046850393703
21
-3.8819878740157479
0
LINE
8
BLACK
6
CONTINUOUS
10
7.7635046850393703
20
-3.8819878740157479
11
7.762423464566929
21
-3.8824016535433068
0
LINE
8
BLACK
6
CONTINUOUS
10
7.762423464566929
20
-3.8824016535433068
11
7.7622118110236222
21
-3.8824166535433071
0
LINE
8
BLACK
6
CONTINUOUS
10
7.7622118110236222
20
-3.8824166535433071
11
7.7620158267716537
21
-3.8824978740157481
0
LINE
8
BLACK
6
CONTINUOUS
10
7.7620158267716537
20
-3.8824978740157481
11
7.7609581889763781
21
-3.882505748031496
0
LINE
8
BLACK
6
CONTINUOUS
10
7.7609581889763781
20
-3.882505748031496
11
7.7601250393700782
21
-3.8825649606299213
0
LINE
8
BLACK
6
CONTINUOUS
10
7.7601250393700782
20
-3.8825649606299213
11
7.7599695669291338
21
-3.8825131102362205
0
LINE
8
BLACK
6
CONTINUOUS
10
7.7599695669291338
20
-3.8825131102362205
11
7.7468029921259838
21
-3.8826113385826773
0
LINE
8
BLACK
6
CONTINUOUS
10
7.7468029921259838
20
-3.8826113385826773
11
7.7462200787401576
21
-3.8825538976377953
0
LINE
8
BLACK
6
CONTINUOUS
10
7.7462200787401576
20
-3.8825538976377953
11
7.7460644094488185
21
-3.882565
0
LINE
8
BLACK
6
CONTINUOUS
10
7.7460644094488185
20
-3.882565
11
7.7459456692913387
21
-3.8825268897637795
0
LINE
8
BLACK
6
CONTINUOUS
10
7.7459456692913387
20
-3.8825268897637795
11
7.745650866141732
21
-3.8824978740157481
0
LINE
8
BLACK
6
CONTINUOUS
10
7.745650866141732
20
-3.8824978740157481
11
7.7449490157480314
21
-3.8822071259842517
0
LINE
8
BLACK
6
CONTINUOUS
10
7.7449490157480314
20
-3.8822071259842517
11
7.7364990551181103
21
-3.8794961811023621
0
LINE
8
BLACK
6
CONTINUOUS
10
7.7364990551181103
20
-3.8794961811023621
11
7.7354419291338585
21
-3.8790242125984249
0
LINE
8
BLACK
6
CONTINUOUS
10
7.7354419291338585
20
-3.8790242125984249
11
7.7337012204724411
21
-3.8775144488188977
0
LINE
8
BLACK
6
CONTINUOUS
10
7.7337012204724411
20
-3.8775144488188977
11
7.732670748031496
21
-3.8754535433070867
0
LINE
8
BLACK
6
CONTINUOUS
10
7.732670748031496
20
-3.8754535433070867
11
7.732507362204724
21
-3.8731551181102359
0
LINE
8
BLACK
6
CONTINUOUS
10
7.732507362204724
20
-3.8731551181102359
11
7.7332360236220472
21
-3.8709690944881889
0
LINE
8
BLACK
6
CONTINUOUS
10
7.7332360236220472
20
-3.8709690944881889
11
7.7347457874015744
21
-3.8692283858267715
0
LINE
8
BLACK
6
CONTINUOUS
10
7.7347457874015744
20
-3.8692283858267715
11
7.7368066929133859
21
-3.8681979133858269
0
LINE
8
BLACK
6
CONTINUOUS
10
7.7368066929133859
20
-3.8681979133858269
11
7.7391051181102357
21
-3.8680345275590549
0
LINE
8
BLACK
6
CONTINUOUS
10
7.7391051181102357
20
-3.8680345275590549
11
7.7480244094488189
21
-3.8708960629921259
0
LINE
8
BLACK
6
CONTINUOUS
10
7.7480244094488189
20
-3.8708960629921259
11
7.7596135433070863
21
-3.8708096062992126
0
LINE
8
BLACK
6
CONTINUOUS
10
7.7596135433070863
20
-3.8708096062992126
11
7.7631421653543304
21
-3.8689775590551179
0
LINE
8
BLACK
6
CONTINUOUS
10
7.7631421653543304
20
-3.8689775590551179
11
7.7645984251968505
21
-3.8674553937007872
0
LINE
8
BLACK
6
CONTINUOUS
10
7.7645984251968505
20
-3.8674553937007872
11
7.7662760236220469
21
-3.8639682283464567
0
LINE
8
BLACK
6
CONTINUOUS
10
7.7662760236220469
20
-3.8639682283464567
11
7.7662281102362201
21
-3.8611061811023619
0
LINE
8
BLACK
6
CONTINUOUS
10
7.7662281102362201
20
-3.8611061811023619
11
7.7643840551181098
21
-3.8575544881889763
0
LINE
8
BLACK
6
CONTINUOUS
10
7.7643840551181098
20
-3.8575544881889763
11
7.7628619291338579
21
-3.8560982283464567
0
LINE
8
BLACK
6
CONTINUOUS
10
7.7628619291338579
20
-3.8560982283464567
11
7.7584314173228348
21
-3.8539668110236218
0
LINE
8
BLACK
6
CONTINUOUS
10
7.7584314173228348
20
-3.8539668110236218
11
7.7481828346456689
21
-3.8515013779527556
0
LINE
8
BLACK
6
CONTINUOUS
10
7.7481828346456689
20
-3.8515013779527556
11
7.7480978346456695
21
-3.8514709842519683
0
LINE
8
BLACK
6
CONTINUOUS
10
7.7480978346456695
20
-3.8514709842519683
11
7.7480553149606299
21
-3.851467992125984
0
LINE
8
BLACK
6
CONTINUOUS
10
7.7480553149606299
20
-3.851467992125984
11
7.7479569685039369
21
-3.8514206692913384
0
LINE
8
BLACK
6
CONTINUOUS
10
7.7479569685039369
20
-3.8514206692913384
11
7.7470926377952756
21
-3.8511118897637795
0
LINE
8
BLACK
6
CONTINUOUS
10
7.7470926377952756
20
-3.8511118897637795
11
7.7466807874015746
21
-3.8508067322834645
0
LINE
8
BLACK
6
CONTINUOUS
10
7.7466807874015746
20
-3.8508067322834645
11
7.741349803149606
21
-3.8482420866141731
0
LINE
8
BLACK
6
CONTINUOUS
10
7.741349803149606
20
-3.8482420866141731
11
7.7408539763779523
21
-3.8479299606299211
0
LINE
8
BLACK
6
CONTINUOUS
10
7.7408539763779523
20
-3.8479299606299211
11
7.7407099212598425
21
-3.8478703149606299
0
LINE
8
BLACK
6
CONTINUOUS
10
7.7407099212598425
20
-3.8478703149606299
11
7.7406151181102363
21
-3.8477796062992127
0
LINE
8
BLACK
6
CONTINUOUS
10
7.7406151181102363
20
-3.8477796062992127
11
7.7403700393700783
21
-3.8476253543307086
0
LINE
8
BLACK
6
CONTINUOUS
10
7.7403700393700783
20
-3.8476253543307086
11
7.7399614960629917
21
-3.8471542913385828
0
LINE
8
BLACK
6
CONTINUOUS
10
7.7399614960629917
20
-3.8471542913385828
11
7.7370028740157482
21
-3.8443237795275591
0
LINE
8
BLACK
6
CONTINUOUS
10
7.7370028740157482
20
-3.8443237795275591
11
7.7366312204724403
21
-3.8438709055118108
0
LINE
8
BLACK
6
CONTINUOUS
10
7.7366312204724403
20
-3.8438709055118108
11
7.7365133464566931
21
-3.8437687007874013
0
LINE
8
BLACK
6
CONTINUOUS
10
7.7365133464566931
20
-3.8437687007874013
11
7.7364548031496065
21
-3.8436559448818897
0
LINE
8
BLACK
6
CONTINUOUS
10
7.7364548031496065
20
-3.8436559448818897
11
7.7362684251968501
21
-3.8434288582677163
0
LINE
8
BLACK
6
CONTINUOUS
10
7.7362684251968501
20
-3.8434288582677163
11
7.7359982283464568
21
-3.8427765748031497
0
LINE
8
BLACK
6
CONTINUOUS
10
7.7359982283464568
20
-3.8427765748031497
11
7.7330844881889762
21
-3.8371646456692914
0
LINE
8
BLACK
6
CONTINUOUS
10
7.7330844881889762
20
-3.8371646456692914
11
7.7326707086614173
21
-3.8360833858267718
0
LINE
8
BLACK
6
CONTINUOUS
10
7.7326707086614173
20
-3.8360833858267718
11
7.7326556692913382
21
-3.8358717322834646
0
LINE
8
BLACK
6
CONTINUOUS
10
7.7326556692913382
20
-3.8358717322834646
11
7.732574488188976
21
-3.835675748031496
0
LINE
8
BLACK
6
CONTINUOUS
10
7.732574488188976
20
-3.835675748031496
11
7.7325537401574804
21
-3.8344372834645668
0
LINE
8
BLACK
6
CONTINUOUS
10
7.7325537401574804
20
-3.8344372834645668
11
7.7325074015748028
21
-3.833784960629921
0
LINE
8
BLACK
6
CONTINUOUS
10
7.7325074015748028
20
-3.833784960629921
11
7.7325411023622044
21
-3.8336837401574804
0
LINE
8
BLACK
6
CONTINUOUS
10
7.7325411023622044
20
-3.8336837401574804
11
7.7324610236220472
21
-3.8288992913385824
0
LINE
8
BLACK
6
CONTINUOUS
10
7.7324610236220472
20
-3.8288992913385824
11
7.732574488188976
21
-3.8277471653543307
0
LINE
8
BLACK
6
CONTINUOUS
10
7.732574488188976
20
-3.8277471653543307
11
7.7326556692913382
21
-3.8275511417322834
0
LINE
8
BLACK
6
CONTINUOUS
10
7.7326556692913382
20
-3.8275511417322834
11
7.7326707086614173
21
-3.8273395275590549
0
LINE
8
BLACK
6
CONTINUOUS
10
7.7326707086614173
20
-3.8273395275590549
11
7.7331933464566927
21
-3.8262530708661417
0
LINE
8
BLACK
6
CONTINUOUS
10
7.7331933464566927
20
-3.8262530708661417
11
7.7334562992125981
21
-3.8256183464566926
0
LINE
8
BLACK
6
CONTINUOUS
10
7.7334562992125981
20
-3.8256183464566926
11
7.7335380708661416
21
-3.8255365354330708
0
LINE
8
BLACK
6
CONTINUOUS
10
7.7335380708661416
20
-3.8255365354330708
11
7.7358966141732282
21
-3.8206339763779527
0
LINE
8
BLACK
6
CONTINUOUS
10
7.7358966141732282
20
-3.8206339763779527
11
7.7362087401574797
21
-3.8201380708661414
0
LINE
8
BLACK
6
CONTINUOUS
10
7.7362087401574797
20
-3.8201380708661414
11
7.7362684251968501
21
-3.81999405511811
0
LINE
8
BLACK
6
CONTINUOUS
10
7.7362684251968501
20
-3.81999405511811
11
7.7363590551181103
21
-3.8198992913385825
0
LINE
8
BLACK
6
CONTINUOUS
10
7.7363590551181103
20
-3.8198992913385825
11
7.7365133464566931
21
-3.819654212598425
0
LINE
8
BLACK
6
CONTINUOUS
10
7.7365133464566931
20
-3.819654212598425
11
7.7369844094488185
21
-3.8192456299212596
0
LINE
8
BLACK
6
CONTINUOUS
10
7.7369844094488185
20
-3.8192456299212596
11
7.7398150393700789
21
-3.8162870078740156
0
LINE
8
BLACK
6
CONTINUOUS
10
7.7398150393700789
20
-3.8162870078740156
11
7.7402677952755905
21
-3.8159153937007875
0
LINE
8
BLACK
6
CONTINUOUS
10
7.7402677952755905
20
-3.8159153937007875
11
7.7403700393700783
21
-3.8157975590551181
0
LINE
8
BLACK
6
CONTINUOUS
10
7.7403700393700783
20
-3.8157975590551181
11
7.7404827165354328
21
-3.8157390157480315
0
LINE
8
BLACK
6
CONTINUOUS
10
7.7404827165354328
20
-3.8157390157480315
11
7.7407099212598425
21
-3.8155525984251968
0
LINE
8
BLACK
6
CONTINUOUS
10
7.7407099212598425
20
-3.8155525984251968
11
7.7413620866141732
21
-3.8152824409448818
0
LINE
8
BLACK
6
CONTINUOUS
10
7.7413620866141732
20
-3.8152824409448818
11
7.7469740551181099
21
-3.8123686614173229
0
LINE
8
BLACK
6
CONTINUOUS
10
7.7469740551181099
20
-3.8123686614173229
11
7.7480553149606299
21
-3.8119549212598423
0
LINE
8
BLACK
6
CONTINUOUS
10
7.7480553149606299
20
-3.8119549212598423
11
7.7482668897637792
21
-3.8119398818897636
0
LINE
8
BLACK
6
CONTINUOUS
10
7.7482668897637792
20
-3.8119398818897636
11
7.748462992125984
21
-3.8118586614173227
0
LINE
8
BLACK
6
CONTINUOUS
10
7.748462992125984
20
-3.8118586614173227
11
7.7495207480314958
21
-3.811850748031496
0
LINE
8
BLACK
6
CONTINUOUS
10
7.7495207480314958
20
-3.811850748031496
11
7.7503537401574798
21
-3.8117915748031495
0
LINE
8
BLACK
6
CONTINUOUS
10
7.7503537401574798
20
-3.8117915748031495
11
7.7505092125984252
21
-3.8118433858267715
0
LINE
8
BLACK
6
CONTINUOUS
10
7.7505092125984252
20
-3.8118433858267715
11
7.7636758661417318
21
-3.8117451968503935
0
LINE
8
BLACK
6
CONTINUOUS
10
7.7636758661417318
20
-3.8117451968503935
11
7.7642589763779526
21
-3.8118025984251966
0
LINE
8
BLACK
6
CONTINUOUS
10
7.820501929133858
20
-3.8118025984251966
11
7.8206574409448821
21
-3.8117915748031495
0
LINE
8
BLACK
6
CONTINUOUS
10
7.8206574409448821
20
-3.8117915748031495
11
7.8207759842519682
21
-3.8118296062992125
0
LINE
8
BLACK
6
CONTINUOUS
10
7.8207759842519682
20
-3.8118296062992125
11
7.8210709448818898
21
-3.8118586614173227
0
LINE
8
BLACK
6
CONTINUOUS
10
7.8210709448818898
20
-3.8118586614173227
11
7.8217730708661417
21
-3.8121494881889761
0
LINE
8
BLACK
6
CONTINUOUS
10
7.8217730708661417
20
-3.8121494881889761
11
7.8302227559055115
21
-3.8148603937007874
0
LINE
8
BLACK
6
CONTINUOUS
10
7.8302227559055115
20
-3.8148603937007874
11
7.8312798818897633
21
-3.8153324015748029
0
LINE
8
BLACK
6
CONTINUOUS
10
7.8312798818897633
20
-3.8153324015748029
11
7.831440118110236
21
-3.8154713779527558
0
LINE
8
BLACK
6
CONTINUOUS
10
7.831440118110236
20
-3.8154713779527558
11
7.831636181102362
21
-3.8155525984251968
0
LINE
8
BLACK
6
CONTINUOUS
10
7.831636181102362
20
-3.8155525984251968
11
7.8326296456692912
21
-3.8165030314960631
0
LINE
8
BLACK
6
CONTINUOUS
10
7.8326296456692912
20
-3.8165030314960631
11
7.8330205905511807
21
-3.8168421259842518
0
LINE
8
BLACK
6
CONTINUOUS
10
7.8330205905511807
20
-3.8168421259842518
11
7.8330540551181098
21
-3.8169090944881887
0
LINE
8
BLACK
6
CONTINUOUS
10
7.8330540551181098
20
-3.8169090944881887
11
7.8353432283464564
21
-3.8190991732283464
0
LINE
8
BLACK
6
CONTINUOUS
10
7.8353432283464564
20
-3.8190991732283464
11
7.8360776771653544
21
-3.81999405511811
0
LINE
8
BLACK
6
CONTINUOUS
10
7.8360776771653544
20
-3.81999405511811
11
7.8369594094488191
21
-3.8221229133858268
0
LINE
8
BLACK
6
CONTINUOUS
10
7.8369594094488191
20
-3.8221229133858268
11
7.8369594094488191
21
-3.8244270866141732
0
LINE
8
BLACK
6
CONTINUOUS
10
7.8369594094488191
20
-3.8244270866141732
11
7.8360776771653544
21
-3.8265559055118108
0
LINE
8
BLACK
6
CONTINUOUS
10
7.8360776771653544
20
-3.8265559055118108
11
7.834448307086614
21
-3.8281852755905512
0
LINE
8
BLACK
6
CONTINUOUS
10
7.834448307086614
20
-3.8281852755905512
11
7.8323194881889764
21
-3.8290670078740159
0
LINE
8
BLACK
6
CONTINUOUS
10
7.8323194881889764
20
-3.8290670078740159
11
7.8300153149606295
21
-3.8290670078740159
0
LINE
8
BLACK
6
CONTINUOUS
10
7.8300153149606295
20
-3.8290670078740159
11
7.8278864566929132
21
-3.8281852755905512
0
LINE
8
BLACK
6
CONTINUOUS
10
7.8278864566929132
20
-3.8281852755905512
11
7.8250924015748033
21
-3.8255121259842517
0
LINE
8
BLACK
6
CONTINUOUS
10
7.8250924015748033
20
-3.8255121259842517
11
7.818762755905512
21
-3.8234813779527559
0
LINE
8
BLACK
6
CONTINUOUS
10
7.818762755905512
20
-3.8234813779527559
11
7.8150134645669294
21
-3.8235441732283464
0
LINE
8
BLACK
6
CONTINUOUS
10
7.8150134645669294
20
-3.8235441732283464
11
7.808900393700787
21
-3.825658897637795
0
LINE
8
BLACK
6
CONTINUOUS
10
7.808900393700787
20
-3.825658897637795
11
7.8049254724409449
21
-3.829734094488189
0
LINE
8
BLACK
6
CONTINUOUS
10
7.8049254724409449
20
-3.829734094488189
11
7.8028040944881889
21
-3.8341436614173228
0
LINE
8
BLACK
6
CONTINUOUS
10
7.8028040944881889
20
-3.8341436614173228
11
7.8004277165354328
21
-3.8440220472440942
0
LINE
8
BLACK
6
CONTINUOUS
10
7.8004277165354328
20
-3.8440220472440942
11
7.8005107480314955
21
-3.8510383070866139
0
LINE
8
BLACK
6
CONTINUOUS
10
7.8005107480314955
20
-3.8510383070866139
11
7.8030783858267716
21
-3.8609338582677166
0
LINE
8
BLACK
6
CONTINUOUS
10
7.8030783858267716
20
-3.8609338582677166
11
7.8051819685039368
21
-3.8649853149606299
0
LINE
8
BLACK
6
CONTINUOUS
10
7.8051819685039368
20
-3.8649853149606299
11
7.8091468897637792
21
-3.8688527165354332
0
LINE
8
BLACK
6
CONTINUOUS
10
7.8091468897637792
20
-3.8688527165354332
11
7.8154506299212594
21
-3.8708751181102361
0
LINE
8
BLACK
6
CONTINUOUS
10
7.8154506299212594
20
-3.8708751181102361
11
7.8191997244094482
21
-3.8708123228346456
0
LINE
8
BLACK
6
CONTINUOUS
10
7.8191997244094482
20
-3.8708123228346456
11
7.8252595669291338
21
-3.8687160629921258
0
LINE
8
BLACK
6
CONTINUOUS
10
7.8252595669291338
20
-3.8687160629921258
11
7.8269915354330708
21
-3.8669057480314959
0
LINE
8
BLACK
6
CONTINUOUS
10
7.8269915354330708
20
-3.8669057480314959
11
7.8278864566929132
21
-3.8661712992125983
0
LINE
8
BLACK
6
CONTINUOUS
10
7.8278864566929132
20
-3.8661712992125983
11
7.8300152755905508
21
-3.8652895275590549
0
LINE
8
BLACK
6
CONTINUOUS
10
7.8300152755905508
20
-3.8652895275590549
11
7.8323194488188976
21
-3.8652894881889761
0
LINE
8
BLACK
6
CONTINUOUS
10
7.8323194488188976
20
-3.8652894881889761
11
7.8344482677165352
21
-3.8661712598425195
0
LINE
8
BLACK
6
CONTINUOUS
10
7.8344482677165352
20
-3.8661712598425195
11
7.8360776377952757
21
-3.8678005905511812
0
LINE
8
BLACK
6
CONTINUOUS
10
7.8360776377952757
20
-3.8678005905511812
11
7.8369594094488191
21
-3.8699294094488188
0
LINE
8
BLACK
6
CONTINUOUS
10
7.8369594094488191
20
-3.8699294094488188
11
7.8369594488188978
21
-3.8722335826771652
0
LINE
8
BLACK
6
CONTINUOUS
10
7.8369594488188978
20
-3.8722335826771652
11
7.8360776771653544
21
-3.8743624409448816
0
LINE
8
BLACK
6
CONTINUOUS
10
7.8360776771653544
20
-3.8743624409448816
11
7.8325311417322832
21
-3.8780694881889763
0
LINE
8
BLACK
6
CONTINUOUS
10
7.8325311417322832
20
-3.8780694881889763
11
7.8316362204724408
21
-3.878803937007874
0
LINE
8
BLACK
6
CONTINUOUS
10
7.8316362204724408
20
-3.878803937007874
11
7.8314402362204723
21
-3.8788850787401574
0
LINE
8
BLACK
6
CONTINUOUS
10
7.8314402362204723
20
-3.8788850787401574
11
7.8312798818897633
21
-3.8790242125984249
0
LINE
8
BLACK
6
CONTINUOUS
10
7.8312798818897633
20
-3.8790242125984249
11
7.8302158267716537
21
-3.8793922834645667
0
LINE
8
BLACK
6
CONTINUOUS
10
7.8302158267716537
20
-3.8793922834645667
11
7.8295074015748032
21
-3.8796857480314961
0
LINE
8
BLACK
6
CONTINUOUS
10
7.8295074015748032
20
-3.8796857480314961
11
7.8293675196850394
21
-3.8796857480314961
0
LINE
8
BLACK
6
CONTINUOUS
10
7.8293675196850394
20
-3.8796857480314961
11
7.8217862992125982
21
-3.882308307086614
0
LINE
8
BLACK
6
CONTINUOUS
10
7.8217862992125982
20
-3.882308307086614
11
7.8212149212598421
21
-3.8824381889763777
0
LINE
8
BLACK
6
CONTINUOUS
10
7.8212149212598421
20
-3.8824381889763777
11
7.8210709448818898
21
-3.8824978740157481
0
LINE
8
BLACK
6
CONTINUOUS
10
7.8210709448818898
20
-3.8824978740157481
11
7.8209431889763774
21
-3.8824999999999998
0
LINE
8
BLACK
6
CONTINUOUS
10
7.8209431889763774
20
-3.8824999999999998
11
7.8206574015748034
21
-3.882565
0
LINE
8
BLACK
6
CONTINUOUS
10
7.8206574015748034
20
-3.882565
11
7.8199719685039364
21
-3.8825162598425198
0
LINE
8
BLACK
6
CONTINUOUS
10
7.8199719685039364
20
-3.8825162598425198
11
7.8142945275590545
21
-3.8826113385826773
0
LINE
8
BLACK
6
CONTINUOUS
10
7.8142945275590545
20
-3.8826113385826773
11
7.8137116141732283
21
-3.8825538976377953
0
LINE
8
BLACK
6
CONTINUOUS
10
7.8137116141732283
20
-3.8825538976377953
11
7.8135559448818892
21
-3.882565
0
LINE
8
BLACK
6
CONTINUOUS
10
7.8135559448818892
20
-3.882565
11
7.8134372047244094
21
-3.8825268897637795
0
LINE
8
BLACK
6
CONTINUOUS
10
7.8134372047244094
20
-3.8825268897637795
11
7.8131424015748028
21
-3.8824978740157481
0
LINE
8
BLACK
6
CONTINUOUS
10
7.8131424015748028
20
-3.8824978740157481
11
7.8124405511811021
21
-3.8822071259842517
0
LINE
8
BLACK
6
CONTINUOUS
10
7.8124405511811021
20
-3.8822071259842517
11
7.8039905905511811
21
-3.8794961811023621
0
LINE
8
BLACK
6
CONTINUOUS
10
7.8039905905511811
20
-3.8794961811023621
11
7.8029334645669293
21
-3.8790242125984249
0
LINE
8
BLACK
6
CONTINUOUS
10
7.8029334645669293
20
-3.8790242125984249
11
7.8027731496062991
21
-3.8788851574803149
0
LINE
8
BLACK
6
CONTINUOUS
10
7.8027731496062991
20
-3.8788851574803149
11
7.8025771259842518
21
-3.8788039763779527
0
LINE
8
BLACK
6
CONTINUOUS
10
7.8025771259842518
20
-3.8788039763779527
11
7.801755157480315
21
-3.8780022440944881
0
LINE
8
BLACK
6
CONTINUOUS
10
7.801755157480315
20
-3.8780022440944881
11
7.8011927559055119
21
-3.8775144488188977
0
LINE
8
BLACK
6
CONTINUOUS
10
7.8011927559055119
20
-3.8775144488188977
11
7.8011334251968503
21
-3.8773957874015745
0
LINE
8
BLACK
6
CONTINUOUS
10
7.8011334251968503
20
-3.8773957874015745
11
7.7960579527559055
21
-3.8724451968503937
0
LINE
8
BLACK
6
CONTINUOUS
10
7.7960579527559055
20
-3.8724451968503937
11
7.7956862992125986
21
-3.8719923622047245
0
LINE
8
BLACK
6
CONTINUOUS
10
7.7956862992125986
20
-3.8719923622047245
11
7.7955684645669292
21
-3.8718901574803151
0
LINE
8
BLACK
6
CONTINUOUS
10
7.7955684645669292
20
-3.8718901574803151
11
7.7955099212598427
21
-3.8717774409448817
0
LINE
8
BLACK
6
CONTINUOUS
10
7.7955099212598427
20
-3.8717774409448817
11
7.7953235039370075
21
-3.8715502755905509
0
LINE
8
BLACK
6
CONTINUOUS
10
7.7953235039370075
20
-3.8715502755905509
11
7.7950533464566929
21
-3.870898031496063
0
LINE
8
BLACK
6
CONTINUOUS
10
7.7950533464566929
20
-3.870898031496063
11
7.7921395669291336
21
-3.8652861023622047
0
LINE
8
BLACK
6
CONTINUOUS
10
7.7921395669291336
20
-3.8652861023622047
11
7.792107283464567
21
-3.8652018110236219
0
LINE
8
BLACK
6
CONTINUOUS
10
7.792107283464567
20
-3.8652018110236219
11
7.7920819291338583
21
-3.8651675590551182
0
LINE
8
BLACK
6
CONTINUOUS
10
7.7920819291338583
20
-3.8651675590551182
11
7.7920560629921258
21
-3.865067874015748
0
LINE
8
BLACK
6
CONTINUOUS
10
7.7920560629921258
20
-3.865067874015748
11
7.7917258267716534
21
-3.8642048818897639
0
LINE
8
BLACK
6
CONTINUOUS
10
7.7917258267716534
20
-3.8642048818897639
11
7.7916857086614169
21
-3.863640590551181
0
LINE
8
BLACK
6
CONTINUOUS
10
7.7916857086614169
20
-3.863640590551181
11
7.7888803149606298
21
-3.8528287795275591
0
LINE
8
BLACK
6
CONTINUOUS
10
7.7888803149606298
20
-3.8528287795275591
11
7.7888507874015742
21
-3.8526290944881887
0
LINE
8
BLACK
6
CONTINUOUS
10
7.7888507874015742
20
-3.8526290944881887
11
7.7888174409448814
21
-3.852548622047244
0
LINE
8
BLACK
6
CONTINUOUS
10
7.7888174409448814
20
-3.852548622047244
11
7.7888155511811021
21
-3.8523910236220473
0
LINE
8
BLACK
6
CONTINUOUS
10
7.7888155511811021
20
-3.8523910236220473
11
7.7887109448818892
21
-3.8516835433070864
0
LINE
8
BLACK
6
CONTINUOUS
10
7.7887109448818892
20
-3.8516835433070864
11
7.7888000787401577
21
-3.8510843307086615
0
LINE
8
BLACK
6
CONTINUOUS
10
7.7888000787401577
20
-3.8510843307086615
11
7.7887039763779526
21
-3.8429600393700785
0
LINE
8
BLACK
6
CONTINUOUS
10
7.7887039763779526
20
-3.8429600393700785
11
7.7887237401574803
21
-3.8427590944881889
0
LINE
8
BLACK
6
CONTINUOUS
10
7.7887237401574803
20
-3.8427590944881889
11
7.7887109448818892
21
-3.8426729921259843
0
LINE
8
BLACK
6
CONTINUOUS
10
7.7887109448818892
20
-3.8426729921259843
11
7.788747007874016
21
-3.8425230708661418
0
LINE
8
BLACK
6
CONTINUOUS
10
7.788747007874016
20
-3.8425230708661418
11
7.7888174409448814
21
-3.8418079133858267
0
LINE
8
BLACK
6
CONTINUOUS
10
7.7888174409448814
20
-3.8418079133858267
11
7.7890598031496063
21
-3.8412227952755904
0
LINE
8
BLACK
6
CONTINUOUS
10
7.7890598031496063
20
-3.8412227952755904
11
7.7916924409448818
21
-3.8302791732283463
0
LINE
8
BLACK
6
CONTINUOUS
10
7.7916924409448818
20
-3.8302791732283463
11
7.7917227952755903
21
-3.8301941732283464
0
LINE
8
BLACK
6
CONTINUOUS
10
7.7917227952755903
20
-3.8301941732283464
11
7.7917258267716534
21
-3.8301516535433069
0
LINE
8
BLACK
6
CONTINUOUS
10
7.7917258267716534
20
-3.8301516535433069
11
7.7917731102362202
21
-3.8300533070866143
0
LINE
8
BLACK
6
CONTINUOUS
10
7.7917731102362202
20
-3.8300533070866143
11
7.7920819291338583
21
-3.8291889763779525
0
LINE
8
BLACK
6
CONTINUOUS
10
7.7920819291338583
20
-3.8291889763779525
11
7.7923870472440946
21
-3.828777125984252
0
LINE
8
BLACK
6
CONTINUOUS
10
7.7923870472440946
20
-3.828777125984252
11
7.7949517322834643
21
-3.8234461417322834
0
LINE
8
BLACK
6
CONTINUOUS
10
7.7949517322834643
20
-3.8234461417322834
11
7.795263818897638
21
-3.8229503149606296
0
LINE
8
BLACK
6
CONTINUOUS
10
7.795263818897638
20
-3.8229503149606296
11
7.7953235039370075
21
-3.8228062598425194
0
LINE
8
BLACK
6
CONTINUOUS
10
7.7953235039370075
20
-3.8228062598425194
11
7.7954109448818896
21
-3.8227165748031493
0
LINE
8
BLACK
6
CONTINUOUS
10
7.7954109448818896
20
-3.8227165748031493
11
7.7955684645669292
21
-3.8224663779527557
0
LINE
8
BLACK
6
CONTINUOUS
10
7.7955684645669292
20
-3.8224663779527557
11
7.7961301968503935
21
-3.8219791732283466
0
LINE
8
BLACK
6
CONTINUOUS
10
7.7961301968503935
20
-3.8219791732283466
11
7.8016822440944882
21
-3.8162870472440944
0
LINE
8
BLACK
6
CONTINUOUS
10
7.8016822440944882
20
-3.8162870472440944
11
7.8025771259842518
21
-3.8155525984251968
0
LINE
8
BLACK
6
CONTINUOUS
10
7.8025771259842518
20
-3.8155525984251968
11
7.8027732283464566
21
-3.8154713385826771
0
LINE
8
BLACK
6
CONTINUOUS
10
7.8027732283464566
20
-3.8154713385826771
11
7.8029334645669293
21
-3.8153324015748029
0
LINE
8
BLACK
6
CONTINUOUS
10
7.8029334645669293
20
-3.8153324015748029
11
7.8039969685039372
21
-3.8149644881889762
0
LINE
8
BLACK
6
CONTINUOUS
10
7.8039969685039372
20
-3.8149644881889762
11
7.8047059842519682
21
-3.8146708267716534
0
LINE
8
BLACK
6
CONTINUOUS
10
7.8047059842519682
20
-3.8146708267716534
11
7.8048459055118107
21
-3.8146708267716534
0
LINE
8
BLACK
6
CONTINUOUS
10
7.8048459055118107
20
-3.8146708267716534
11
7.8124270078740157
21
-3.8120482677165355
0
LINE
8
BLACK
6
CONTINUOUS
10
7.8124270078740157
20
-3.8120482677165355
11
7.8129982283464567
21
-3.811918346456693
0
LINE
8
BLACK
6
CONTINUOUS
10
7.8129982283464567
20
-3.811918346456693
11
7.8131424015748028
21
-3.8118586614173227
0
LINE
8
BLACK
6
CONTINUOUS
10
7.8131424015748028
20
-3.8118586614173227
11
7.8132702755905514
21
-3.8118564960629922
0
LINE
8
BLACK
6
CONTINUOUS
10
7.8132702755905514
20
-3.8118564960629922
11
7.8135559055118105
21
-3.8117915748031495
0
LINE
8
BLACK
6
CONTINUOUS
10
7.8135559055118105
20
-3.8117915748031495
11
7.8142410236220474
21
-3.8118402362204722
0
LINE
8
BLACK
6
CONTINUOUS
10
7.8142410236220474
20
-3.8118402362204722
11
7.8199188188976372
21
-3.8117451968503935
0
LINE
8
BLACK
6
CONTINUOUS
10
7.8199188188976372
20
-3.8117451968503935
11
7.820501929133858
21
-3.8118025984251966
0
LINE
8
BLACK
6
CONTINUOUS
10
7.8597576771653541
20
-3.8127404724409448
11
7.861386968503937
21
-3.8143697637795273
0
LINE
8
BLACK
6
CONTINUOUS
10
7.861386968503937
20
-3.8143697637795273
11
7.8622687795275592
21
-3.8164985826771654
0
LINE
8
BLACK
6
CONTINUOUS
10
7.8622687795275592
20
-3.8164985826771654
11
7.8623712598425195
21
-3.8708864566929133
0
LINE
8
BLACK
6
CONTINUOUS
10
7.8623712598425195
20
-3.8708864566929133
11
7.8845982283464568
21
-3.87080031496063
0
LINE
8
BLACK
6
CONTINUOUS
10
7.8845982283464568
20
-3.87080031496063
11
7.8857503543307086
21
-3.8709137795275588
0
LINE
8
BLACK
6
CONTINUOUS
10
7.8857503543307086
20
-3.8709137795275588
11
7.8878791732283462
21
-3.8717955905511809
0
LINE
8
BLACK
6
CONTINUOUS
10
7.8878791732283462
20
-3.8717955905511809
11
7.8895084645669291
21
-3.8734248818897639
0
LINE
8
BLACK
6
CONTINUOUS
10
7.8895084645669291
20
-3.8734248818897639
11
7.8903902755905513
21
-3.8755537007874015
0
LINE
8
BLACK
6
CONTINUOUS
10
7.8903902755905513
20
-3.8755537007874015
11
7.8903902755905513
21
-3.8778579527559054
0
LINE
8
BLACK
6
CONTINUOUS
10
7.8903902755905513
20
-3.8778579527559054
11
7.8895084645669291
21
-3.879986771653543
0
LINE
8
BLACK
6
CONTINUOUS
10
7.8895084645669291
20
-3.879986771653543
11
7.8878791732283462
21
-3.8816160629921259
0
LINE
8
BLACK
6
CONTINUOUS
10
7.8878791732283462
20
-3.8816160629921259
11
7.8857503543307086
21
-3.8824978740157481
0
LINE
8
BLACK
6
CONTINUOUS
10
7.8857503543307086
20
-3.8824978740157481
11
7.8564767322834648
21
-3.8826113385826773
0
LINE
8
BLACK
6
CONTINUOUS
10
7.8564767322834648
20
-3.8826113385826773
11
7.8553246062992121
21
-3.8824978740157481
0
LINE
8
BLACK
6
CONTINUOUS
10
7.8553246062992121
20
-3.8824978740157481
11
7.8531957874015745
21
-3.8816160629921259
0
LINE
8
BLACK
6
CONTINUOUS
10
7.8531957874015745
20
-3.8816160629921259
11
7.8515664960629916
21
-3.879986771653543
0
LINE
8
BLACK
6
CONTINUOUS
10
7.8515664960629916
20
-3.879986771653543
11
7.8506846850393703
21
-3.8778579527559054
0
LINE
8
BLACK
6
CONTINUOUS
10
7.8506846850393703
20
-3.8778579527559054
11
7.8506846850393703
21
-3.8778579133858266
0
LINE
8
BLACK
6
CONTINUOUS
10
7.8506846850393703
20
-3.8778579133858266
11
7.8505712204724407
21
-3.8176507086614171
0
LINE
8
BLACK
6
CONTINUOUS
10
7.8505712204724407
20
-3.8176507086614171
11
7.8506846850393703
21
-3.8164985826771654
0
LINE
8
BLACK
6
CONTINUOUS
10
7.8506846850393703
20
-3.8164985826771654
11
7.8515664960629916
21
-3.8143697637795273
0
LINE
8
BLACK
6
CONTINUOUS
10
7.8515664960629916
20
-3.8143697637795273
11
7.8531957874015745
21
-3.8127404724409448
0
LINE
8
BLACK
6
CONTINUOUS
10
7.8531957874015745
20
-3.8127404724409448
11
7.8553246062992121
21
-3.8118586614173227
0
LINE
8
BLACK
6
CONTINUOUS
10
7.8553246062992121
20
-3.8118586614173227
11
7.8576288582677165
21
-3.8118586614173227
0
LINE
8
BLACK
6
CONTINUOUS
10
7.8576288582677165
20
-3.8118586614173227
11
7.8597576771653541
21
-3.8127404724409448
0
LINE
8
BLACK
6
CONTINUOUS
10
7.1077330314960632
20
-3.8412265748031493
11
7.1077760629921256
21
-3.8412201968503936
0
LINE
8
BLACK
6
CONTINUOUS
10
7.1077760629921256
20
-3.8412201968503936
11
7.1078497244094487
21
-3.8412380708661416
0
LINE
8
BLACK
6
CONTINUOUS
10
7.1078497244094487
20
-3.8412380708661416
11
7.1082085826771655
21
-3.8412734251968503
0
LINE
8
BLACK
6
CONTINUOUS
10
7.1082085826771655
20
-3.8412734251968503
11
7.1085104724409449
21
-3.8413984645669292
0
LINE
8
BLACK
6
CONTINUOUS
10
7.1085104724409449
20
-3.8413984645669292
11
7.1158477165354332
21
-3.8431796062992123
0
LINE
8
BLACK
6
CONTINUOUS
10
7.1158477165354332
20
-3.8431796062992123
11
7.1158901968503931
21
-3.8431947637795276
0
LINE
8
BLACK
6
CONTINUOUS
10
7.1158901968503931
20
-3.8431947637795276
11
7.1159114566929134
21
-3.8431962992125985
0
LINE
8
BLACK
6
CONTINUOUS
10
7.1159114566929134
20
-3.8431962992125985
11
7.1159589763779527
21
-3.8432193307086613
0
LINE
8
BLACK
6
CONTINUOUS
10
7.1159589763779527
20
-3.8432193307086613
11
7.1163928346456693
21
-3.8433743700787399
0
LINE
8
BLACK
6
CONTINUOUS
10
7.1163928346456693
20
-3.8433743700787399
11
7.1166098031496059
21
-3.8435351574803147
0
LINE
8
BLACK
6
CONTINUOUS
10
7.1166098031496059
20
-3.8435351574803147
11
7.1202016141732285
21
-3.8452779527559056
0
LINE
8
BLACK
6
CONTINUOUS
10
7.1202016141732285
20
-3.8452779527559056
11
7.1204494881889762
21
-3.8454339763779526
0
LINE
8
BLACK
6
CONTINUOUS
10
7.1204494881889762
20
-3.8454339763779526
11
7.1205215354330704
21
-3.8454638188976378
0
LINE
8
BLACK
6
CONTINUOUS
10
7.1205215354330704
20
-3.8454638188976378
11
7.1205676377952756
21
-3.8455083464566928
0
LINE
8
BLACK
6
CONTINUOUS
10
7.1205676377952756
20
-3.8455083464566928
11
7.1206914960629923
21
-3.8455862992125982
0
LINE
8
BLACK
6
CONTINUOUS
10
7.1206914960629923
20
-3.8455862992125982
11
7.1209131889763775
21
-3.8458419291338584
0
LINE
8
BLACK
6
CONTINUOUS
10
7.1209131889763775
20
-3.8458419291338584
11
7.1228437795275585
21
-3.8477057874015745
0
LINE
8
BLACK
6
CONTINUOUS
10
7.1228437795275585
20
-3.8477057874015745
11
7.1230295275590549
21
-3.847932125984252
0
LINE
8
BLACK
6
CONTINUOUS
10
7.1230295275590549
20
-3.847932125984252
11
7.1230885826771653
21
-3.8479833464566928
0
LINE
8
BLACK
6
CONTINUOUS
10
7.1230885826771653
20
-3.8479833464566928
11
7.1231172047244096
21
-3.8480389763779526
0
LINE
8
BLACK
6
CONTINUOUS
10
7.1231172047244096
20
-3.8480389763779526
11
7.1232110236220469
21
-3.8481532677165355
0
LINE
8
BLACK
6
CONTINUOUS
10
7.1232110236220469
20
-3.8481532677165355
11
7.1233546850393701
21
-3.8485001181102363
0
LINE
8
BLACK
6
CONTINUOUS
10
7.1233546850393701
20
-3.8485001181102363
11
7.1252716929133859
21
-3.8522227559055118
0
LINE
8
BLACK
6
CONTINUOUS
10
7.1252716929133859
20
-3.8522227559055118
11
7.1254785826771654
21
-3.8527633464566926
0
LINE
8
BLACK
6
CONTINUOUS
10
7.1254785826771654
20
-3.8527633464566926
11
7.1254861023622045
21
-3.8528692125984252
0
LINE
8
BLACK
6
CONTINUOUS
10
7.1254861023622045
20
-3.8528692125984252
11
7.125526692913386
21
-3.8529672047244095
0
LINE
8
BLACK
6
CONTINUOUS
10
7.125526692913386
20
-3.8529672047244095
11
7.1255342913385826
21
-3.853547559055118
0
LINE
8
BLACK
6
CONTINUOUS
10
7.1255342913385826
20
-3.853547559055118
11
7.1255602362204726
21
-3.853912559055118
0
LINE
8
BLACK
6
CONTINUOUS
10
7.1255602362204726
20
-3.853912559055118
11
7.1255398818897637
21
-3.8539735826771651
0
LINE
8
BLACK
6
CONTINUOUS
10
7.1255398818897637
20
-3.8539735826771651
11
7.12558342519685
21
-3.8572927952755904
0
LINE
8
BLACK
6
CONTINUOUS
10
7.12558342519685
20
-3.8572927952755904
11
7.125526692913386
21
-3.8578688582677163
0
LINE
8
BLACK
6
CONTINUOUS
10
7.125526692913386
20
-3.8578688582677163
11
7.1254861023622045
21
-3.8579668110236218
0
LINE
8
BLACK
6
CONTINUOUS
10
7.1254861023622045
20
-3.8579668110236218
11
7.1254785826771654
21
-3.8580727165354332
0
LINE
8
BLACK
6
CONTINUOUS
10
7.1254785826771654
20
-3.8580727165354332
11
7.1252302362204727
21
-3.8585844488188976
0
LINE
8
BLACK
6
CONTINUOUS
10
7.1252302362204727
20
-3.8585844488188976
11
7.1250857874015745
21
-3.8589332677165356
0
LINE
8
BLACK
6
CONTINUOUS
10
7.1250857874015745
20
-3.8589332677165356
11
7.1250376771653539
21
-3.858981338582677
0
LINE
8
BLACK
6
CONTINUOUS
10
7.1250376771653539
20
-3.858981338582677
11
7.1233969291338584
21
-3.8623628346456691
0
LINE
8
BLACK
6
CONTINUOUS
10
7.1233969291338584
20
-3.8623628346456691
11
7.1232408267716538
21
-3.8626108267716535
0
LINE
8
BLACK
6
CONTINUOUS
10
7.1232408267716538
20
-3.8626108267716535
11
7.1232110236220469
21
-3.8626827952755907
0
LINE
8
BLACK
6
CONTINUOUS
10
7.1232110236220469
20
-3.8626827952755907
11
7.1231664960629919
21
-3.8627288582677166
0
LINE
8
BLACK
6
CONTINUOUS
10
7.1231664960629919
20
-3.8627288582677166
11
7.1230885826771653
21
-3.8628527165354329
0
LINE
8
BLACK
6
CONTINUOUS
10
7.1230885826771653
20
-3.8628527165354329
11
7.1228327952755901
21
-3.8630744881889765
0
LINE
8
BLACK
6
CONTINUOUS
10
7.1228327952755901
20
-3.8630744881889765
11
7.1209689763779522
21
-3.8650050393700788
0
LINE
8
BLACK
6
CONTINUOUS
10
7.1209689763779522
20
-3.8650050393700788
11
7.1207426377952752
21
-3.865190748031496
0
LINE
8
BLACK
6
CONTINUOUS
10
7.1207426377952752
20
-3.865190748031496
11
7.1206914960629923
21
-3.8652497637795276
0
LINE
8
BLACK
6
CONTINUOUS
10
7.1206914960629923
20
-3.8652497637795276
11
7.1206358661417317
21
-3.8652783858267714
0
LINE
8
BLACK
6
CONTINUOUS
10
7.1206358661417317
20
-3.8652783858267714
11
7.1205215354330704
21
-3.865372244094488
0
LINE
8
BLACK
6
CONTINUOUS
10
7.1205215354330704
20
-3.865372244094488
11
7.1201746062992122
21
-3.8655159055118111
0
LINE
8
BLACK
6
CONTINUOUS
10
7.1201746062992122
20
-3.8655159055118111
11
7.1164520866141734
21
-3.8674328740157478
0
LINE
8
BLACK
6
CONTINUOUS
10
7.1164520866141734
20
-3.8674328740157478
11
7.1164099606299214
21
-3.8674489763779527
0
LINE
8
BLACK
6
CONTINUOUS
10
7.1164099606299214
20
-3.8674489763779527
11
7.1163928346456693
21
-3.8674616929133858
0
LINE
8
BLACK
6
CONTINUOUS
10
7.1163928346456693
20
-3.8674616929133858
11
7.1163438188976373
21
-3.8674742913385827
0
LINE
8
BLACK
6
CONTINUOUS
10
7.1163438188976373
20
-3.8674742913385827
11
7.1159114566929134
21
-3.8676397637795277
0
LINE
8
BLACK
6
CONTINUOUS
10
7.1159114566929134
20
-3.8676397637795277
11
7.1156202362204723
21
-3.8676604330708662
0
LINE
8
BLACK
6
CONTINUOUS
10
7.1156202362204723
20
-3.8676604330708662
11
7.108348661417323
21
-3.869531220472441
0
LINE
8
BLACK
6
CONTINUOUS
10
7.108348661417323
20
-3.869531220472441
11
7.1082487795275586
21
-3.8695459842519684
0
LINE
8
BLACK
6
CONTINUOUS
10
7.1082487795275586
20
-3.8695459842519684
11
7.1082085826771655
21
-3.8695626377952754
0
LINE
8
BLACK
6
CONTINUOUS
10
7.1082085826771655
20
-3.8695626377952754
11
7.1081331889763781
21
-3.869563031496063
0
LINE
8
BLACK
6
CONTINUOUS
10
7.1081331889763781
20
-3.869563031496063
11
7.1077760629921256
21
-3.8696158661417321
0
LINE
8
BLACK
6
CONTINUOUS
10
7.1077760629921256
20
-3.8696158661417321
11
7.1074474803149608
21
-3.8695669685039369
0
LINE
8
BLACK
6
CONTINUOUS
10
7.1074474803149608
20
-3.8695669685039369
11
7.0982587007874018
21
-3.8696193700787402
0
LINE
8
BLACK
6
CONTINUOUS
10
7.0982587007874018
20
-3.8696193700787402
11
7.0981581496062987
21
-3.8696094488188977
0
LINE
8
BLACK
6
CONTINUOUS
10
7.0981581496062987
20
-3.8696094488188977
11
7.098115157480315
21
-3.8696158661417321
0
LINE
8
BLACK
6
CONTINUOUS
10
7.098115157480315
20
-3.8696158661417321
11
7.0980414566929131
21
-3.8695979527559055
0
LINE
8
BLACK
6
CONTINUOUS
10
7.0980414566929131
20
-3.8695979527559055
11
7.0976826377952751
21
-3.8695626377952754
0
LINE
8
BLACK
6
CONTINUOUS
10
7.0976826377952751
20
-3.8695626377952754
11
7.0973807086614169
21
-3.8694375590551182
0
LINE
8
BLACK
6
CONTINUOUS
10
7.0973807086614169
20
-3.8694375590551182
11
7.0900435039370073
21
-3.8676564566929135
0
LINE
8
BLACK
6
CONTINUOUS
10
7.0900435039370073
20
-3.8676564566929135
11
7.0900009842519687
21
-3.8676412598425194
0
LINE
8
BLACK
6
CONTINUOUS
10
7.0900009842519687
20
-3.8676412598425194
11
7.0899797244094485
21
-3.8676397637795277
0
LINE
8
BLACK
6
CONTINUOUS
10
7.0899797244094485
20
-3.8676397637795277
11
7.0899320472440941
21
-3.8676166141732282
0
LINE
8
BLACK
6
CONTINUOUS
10
7.0899320472440941
20
-3.8676166141732282
11
7.0894983858267713
21
-3.8674616929133858
0
LINE
8
BLACK
6
CONTINUOUS
10
7.0894983858267713
20
-3.8674616929133858
11
7.0892814173228347
21
-3.8673009448818898
0
LINE
8
BLACK
6
CONTINUOUS
10
7.0892814173228347
20
-3.8673009448818898
11
7.0856896062992121
21
-3.8655581102362202
0
LINE
8
BLACK
6
CONTINUOUS
10
7.0856896062992121
20
-3.8655581102362202
11
7.0854415748031494
21
-3.8654020078740157
0
LINE
8
BLACK
6
CONTINUOUS
10
7.0854415748031494
20
-3.8654020078740157
11
7.0853696456692914
21
-3.8653722047244092
0
LINE
8
BLACK
6
CONTINUOUS
10
7.0853696456692914
20
-3.8653722047244092
11
7.0853235433070862
21
-3.8653276771653542
0
LINE
8
BLACK
6
CONTINUOUS
10
7.0853235433070862
20
-3.8653276771653542
11
7.0851997244094482
21
-3.8652497637795276
0
LINE
8
BLACK
6
CONTINUOUS
10
7.0851997244094482
20
-3.8652497637795276
11
7.0849779527559056
21
-3.8649940551181103
0
LINE
8
BLACK
6
CONTINUOUS
10
7.0849779527559056
20
-3.8649940551181103
11
7.083047440944882
21
-3.8631302362204725
0
LINE
8
BLACK
6
CONTINUOUS
10
7.083047440944882
20
-3.8631302362204725
11
7.0828616535433069
21
-3.8629038582677167
0
LINE
8
BLACK
6
CONTINUOUS
10
7.0828616535433069
20
-3.8629038582677167
11
7.0828026771653541
21
-3.8628527165354329
0
LINE
8
BLACK
6
CONTINUOUS
10
7.0828026771653541
20
-3.8628527165354329
11
7.082774015748031
21
-3.8627970472440945
0
LINE
8
BLACK
6
CONTINUOUS
10
7.082774015748031
20
-3.8627970472440945
11
7.0826802362204724
21
-3.8626827952755907
0
LINE
8
BLACK
6
CONTINUOUS
10
7.0826802362204724
20
-3.8626827952755907
11
7.0825365748031492
21
-3.8623359842519682
0
LINE
8
BLACK
6
CONTINUOUS
10
7.0825365748031492
20
-3.8623359842519682
11
7.0806195669291334
21
-3.858613307086614
0
LINE
8
BLACK
6
CONTINUOUS
10
7.0806195669291334
20
-3.858613307086614
11
7.0804126771653539
21
-3.8580726771653544
0
LINE
8
BLACK
6
CONTINUOUS
10
7.0804126771653539
20
-3.8580726771653544
11
7.0804051574803148
21
-3.8579668503937006
0
LINE
8
BLACK
6
CONTINUOUS
10
7.0804051574803148
20
-3.8579668503937006
11
7.0803645669291333
21
-3.8578688582677163
0
LINE
8
BLACK
6
CONTINUOUS
10
7.0803645669291333
20
-3.8578688582677163
11
7.0803569291338579
21
-3.8572883858267715
0
LINE
8
BLACK
6
CONTINUOUS
10
7.0803569291338579
20
-3.8572883858267715
11
7.0803310236220467
21
-3.856923464566929
0
LINE
8
BLACK
6
CONTINUOUS
10
7.0803310236220467
20
-3.856923464566929
11
7.0803513385826768
21
-3.8568624015748032
0
LINE
8
BLACK
6
CONTINUOUS
10
7.0803513385826768
20
-3.8568624015748032
11
7.0803078346456694
21
-3.8535432677165353
0
LINE
8
BLACK
6
CONTINUOUS
10
7.0803078346456694
20
-3.8535432677165353
11
7.0803645669291333
21
-3.8529672047244095
0
LINE
8
BLACK
6
CONTINUOUS
10
7.0803645669291333
20
-3.8529672047244095
11
7.0804051574803148
21
-3.8528691732283464
0
LINE
8
BLACK
6
CONTINUOUS
10
7.0804051574803148
20
-3.8528691732283464
11
7.0804126771653539
21
-3.8527633858267714
0
LINE
8
BLACK
6
CONTINUOUS
10
7.0804126771653539
20
-3.8527633858267714
11
7.0806608661417325
21
-3.8522518110236219
0
LINE
8
BLACK
6
CONTINUOUS
10
7.0806608661417325
20
-3.8522518110236219
11
7.0808054724409448
21
-3.8519027952755907
0
LINE
8
BLACK
6
CONTINUOUS
10
7.0808054724409448
20
-3.8519027952755907
11
7.0808535826771655
21
-3.8518546456692913
0
LINE
8
BLACK
6
CONTINUOUS
10
7.0808535826771655
20
-3.8518546456692913
11
7.082494330708661
21
-3.8484732283464567
0
LINE
8
BLACK
6
CONTINUOUS
10
7.082494330708661
20
-3.8484732283464567
11
7.0826503937007876
21
-3.8482251968503935
0
LINE
8
BLACK
6
CONTINUOUS
10
7.0826503937007876
20
-3.8482251968503935
11
7.0826802362204724
21
-3.8481532677165355
0
LINE
8
BLACK
6
CONTINUOUS
10
7.0826802362204724
20
-3.8481532677165355
11
7.0827247244094487
21
-3.8481071653543308
0
LINE
8
BLACK
6
CONTINUOUS
10
7.0827247244094487
20
-3.8481071653543308
11
7.0828026771653541
21
-3.8479833464566928
0
LINE
8
BLACK
6
CONTINUOUS
10
7.0828026771653541
20
-3.8479833464566928
11
7.083058346456693
21
-3.8477615748031497
0
LINE
8
BLACK
6
CONTINUOUS
10
7.083058346456693
20
-3.8477615748031497
11
7.0849222047244096
21
-3.8458310629921257
0
LINE
8
BLACK
6
CONTINUOUS
10
7.0849222047244096
20
-3.8458310629921257
11
7.0851485433070867
21
-3.845645275590551
0
LINE
8
BLACK
6
CONTINUOUS
10
7.0851485433070867
20
-3.845645275590551
11
7.0851997244094482
21
-3.8455862992125982
0
LINE
8
BLACK
6
CONTINUOUS
10
7.0851997244094482
20
-3.8455862992125982
11
7.0852553543307089
21
-3.8455576377952756
0
LINE
8
BLACK
6
CONTINUOUS
10
7.0852553543307089
20
-3.8455576377952756
11
7.0853696456692914
21
-3.8454638582677165
0
LINE
8
BLACK
6
CONTINUOUS
10
7.0853696456692914
20
-3.8454638582677165
11
7.0857164960629921
21
-3.8453201574803151
0
LINE
8
BLACK
6
CONTINUOUS
10
7.0857164960629921
20
-3.8453201574803151
11
7.0894391338582672
21
-3.843403188976378
0
LINE
8
BLACK
6
CONTINUOUS
10
7.0894391338582672
20
-3.843403188976378
11
7.0894812204724404
21
-3.8433870472440943
0
LINE
8
BLACK
6
CONTINUOUS
10
7.0894812204724404
20
-3.8433870472440943
11
7.0894983858267713
21
-3.8433743700787399
0
LINE
8
BLACK
6
CONTINUOUS
10
7.0894983858267713
20
-3.8433743700787399
11
7.0895473228346457
21
-3.8433617716535431
0
LINE
8
BLACK
6
CONTINUOUS
10
7.0895473228346457
20
-3.8433617716535431
11
7.0899797244094485
21
-3.8431962992125985
0
LINE
8
BLACK
6
CONTINUOUS
10
7.0899797244094485
20
-3.8431962992125985
11
7.0902709448818895
21
-3.8431755905511809
0
LINE
8
BLACK
6
CONTINUOUS
10
7.0902709448818895
20
-3.8431755905511809
11
7.0975425590551176
21
-3.8413048425196847
0
LINE
8
BLACK
6
CONTINUOUS
10
7.0975425590551176
20
-3.8413048425196847
11
7.0976424015748032
21
-3.8412900393700786
0
LINE
8
BLACK
6
CONTINUOUS
10
7.0976424015748032
20
-3.8412900393700786
11
7.0976826377952751
21
-3.8412734251968503
0
LINE
8
BLACK
6
CONTINUOUS
10
7.0976826377952751
20
-3.8412734251968503
11
7.0977579921259837
21
-3.8412729921259841
0
LINE
8
BLACK
6
CONTINUOUS
10
7.0977579921259837
20
-3.8412729921259841
11
7.098115157480315
21
-3.8412201968503936
0
LINE
8
BLACK
6
CONTINUOUS
10
7.098115157480315
20
-3.8412201968503936
11
7.0984437007874011
21
-3.8412690551181101
0
LINE
8
BLACK
6
CONTINUOUS
10
7.0984437007874011
20
-3.8412690551181101
11
7.1076325196850396
21
-3.8412166929133855
0
LINE
8
BLACK
6
CONTINUOUS
10
7.1076325196850396
20
-3.8412166929133855
11
7.1077330314960632
21
-3.8412265748031493
0
LINE
8
BLACK
6
CONTINUOUS
10
7.0984239370078734
20
-3.8471212598425195
11
7.0915982677165355
21
-3.8488772834645668
0
LINE
8
BLACK
6
CONTINUOUS
10
7.0915982677165355
20
-3.8488772834645668
11
7.0886659448818898
21
-3.8503872834645669
0
LINE
8
BLACK
6
CONTINUOUS
10
7.0886659448818898
20
-3.8503872834645669
11
7.087475236220472
21
-3.8516206299212596
0
LINE
8
BLACK
6
CONTINUOUS
10
7.087475236220472
20
-3.8516206299212596
11
7.0861740944881886
21
-3.854302125984252
0
LINE
8
BLACK
6
CONTINUOUS
10
7.0861740944881886
20
-3.854302125984252
11
7.0862051574803147
21
-3.8566706692913386
0
LINE
8
BLACK
6
CONTINUOUS
10
7.0862051574803147
20
-3.8566706692913386
11
7.0876036614173223
21
-3.8593864566929135
0
LINE
8
BLACK
6
CONTINUOUS
10
7.0876036614173223
20
-3.8593864566929135
11
7.0888370472440947
21
-3.8605772047244096
0
LINE
8
BLACK
6
CONTINUOUS
10
7.0888370472440947
20
-3.8605772047244096
11
7.091987283464567
21
-3.862105748031496
0
LINE
8
BLACK
6
CONTINUOUS
10
7.091987283464567
20
-3.862105748031496
11
7.0988187007874011
21
-3.863764094488189
0
LINE
8
BLACK
6
CONTINUOUS
10
7.0988187007874011
20
-3.863764094488189
11
7.1074672440944884
21
-3.8637147637795275
0
LINE
8
BLACK
6
CONTINUOUS
10
7.1074672440944884
20
-3.8637147637795275
11
7.1142929133858264
21
-3.8619587401574802
0
LINE
8
BLACK
6
CONTINUOUS
10
7.1142929133858264
20
-3.8619587401574802
11
7.117225236220472
21
-3.8604487007874013
0
LINE
8
BLACK
6
CONTINUOUS
10
7.117225236220472
20
-3.8604487007874013
11
7.1184160236220473
21
-3.8592153543307086
0
LINE
8
BLACK
6
CONTINUOUS
10
7.1184160236220473
20
-3.8592153543307086
11
7.119717125984252
21
-3.856533897637795
0
LINE
8
BLACK
6
CONTINUOUS
10
7.119717125984252
20
-3.856533897637795
11
7.1196860629921259
21
-3.8541653543307084
0
LINE
8
BLACK
6
CONTINUOUS
10
7.1196860629921259
20
-3.8541653543307084
11
7.1182875590551182
21
-3.8514496062992123
0
LINE
8
BLACK
6
CONTINUOUS
10
7.1182875590551182
20
-3.8514496062992123
11
7.1170541732283459
21
-3.8502588582677166
0
LINE
8
BLACK
6
CONTINUOUS
10
7.1170541732283459
20
-3.8502588582677166
11
7.1139038976377948
21
-3.848730275590551
0
LINE
8
BLACK
6
CONTINUOUS
10
7.1139038976377948
20
-3.848730275590551
11
7.1070724803149607
21
-3.847071929133858
0
LINE
8
BLACK
6
CONTINUOUS
10
7.1070724803149607
20
-3.847071929133858
11
7.0984239370078734
21
-3.8471212598425195
0
LINE
8
BLACK
6
CONTINUOUS
10
7.6692149606299207
20
-3.8484166141732281
11
7.6713437795275592
21
-3.8492984251968503
0
LINE
8
BLACK
6
CONTINUOUS
10
7.6713437795275592
20
-3.8492984251968503
11
7.6729730708661412
21
-3.8509277165354332
0
LINE
8
BLACK
6
CONTINUOUS
10
7.6729730708661412
20
-3.8509277165354332
11
7.6738548818897634
21
-3.8530565354330708
0
LINE
8
BLACK
6
CONTINUOUS
10
7.6738548818897634
20
-3.8530565354330708
11
7.6738548818897634
21
-3.8553607874015747
0
LINE
8
BLACK
6
CONTINUOUS
10
7.6738548818897634
20
-3.8553607874015747
11
7.6729730708661412
21
-3.8574896062992123
0
LINE
8
BLACK
6
CONTINUOUS
10
7.6729730708661412
20
-3.8574896062992123
11
7.6713437795275592
21
-3.8591188976377953
0
LINE
8
BLACK
6
CONTINUOUS
10
7.6713437795275592
20
-3.8591188976377953
11
7.6692149606299207
21
-3.8600007086614174
0
LINE
8
BLACK
6
CONTINUOUS
10
7.6692149606299207
20
-3.8600007086614174
11
7.6230684251968501
21
-3.8601141732283462
0
LINE
8
BLACK
6
CONTINUOUS
10
7.6230684251968501
20
-3.8601141732283462
11
7.6219162992125984
21
-3.8600007086614174
0
LINE
8
BLACK
6
CONTINUOUS
10
7.6219162992125984
20
-3.8600007086614174
11
7.6197874803149608
21
-3.8591188976377953
0
LINE
8
BLACK
6
CONTINUOUS
10
7.6197874803149608
20
-3.8591188976377953
11
7.6181581889763779
21
-3.8574896062992123
0
LINE
8
BLACK
6
CONTINUOUS
10
7.6181581889763779
20
-3.8574896062992123
11
7.6172763779527557
21
-3.8553607874015747
0
LINE
8
BLACK
6
CONTINUOUS
10
7.6172763779527557
20
-3.8553607874015747
11
7.6172763779527557
21
-3.8530565354330708
0
LINE
8
BLACK
6
CONTINUOUS
10
7.6172763779527557
20
-3.8530565354330708
11
7.6181581889763779
21
-3.8509277165354332
0
LINE
8
BLACK
6
CONTINUOUS
10
7.6181581889763779
20
-3.8509277165354332
11
7.6197874803149608
21
-3.8492984251968503
0
LINE
8
BLACK
6
CONTINUOUS
10
7.6197874803149608
20
-3.8492984251968503
11
7.6219162992125984
21
-3.8484166141732281
0
LINE
8
BLACK
6
CONTINUOUS
10
7.6219162992125984
20
-3.8484166141732281
11
7.668062834645669
21
-3.8483031496062989
0
LINE
8
BLACK
6
CONTINUOUS
10
7.668062834645669
20
-3.8483031496062989
11
7.6692149606299207
21
-3.8484166141732281
0
LINE
8
BLACK
6
CONTINUOUS
10
5.4911477559055113
20
-3.810411377952756
11
5.4919624015748028
21
-3.811226023622047
0
LINE
8
BLACK
6
CONTINUOUS
10
5.4919624015748028
20
-3.811226023622047
11
5.4924033070866143
21
-3.8122904330708662
0
LINE
8
BLACK
6
CONTINUOUS
10
5.4924033070866143
20
-3.8122904330708662
11
5.4924107086614171
21
-3.8155596456692913
0
LINE
8
BLACK
6
CONTINUOUS
10
5.4924107086614171
20
-3.8155596456692913
11
5.5026306692913387
21
-3.8155380314960627
0
LINE
8
BLACK
6
CONTINUOUS
10
5.5026306692913387
20
-3.8155380314960627
11
5.5032067322834646
21
-3.8155947637795276
0
LINE
8
BLACK
6
CONTINUOUS
10
5.5032067322834646
20
-3.8155947637795276
11
5.5042711417322829
21
-3.8160356692913386
0
LINE
8
BLACK
6
CONTINUOUS
10
5.5042711417322829
20
-3.8160356692913386
11
5.5050857874015744
21
-3.8168503149606297
0
LINE
8
BLACK
6
CONTINUOUS
10
5.5050857874015744
20
-3.8168503149606297
11
5.5055266929133859
21
-3.8179147244094489
0
LINE
8
BLACK
6
CONTINUOUS
10
5.5055266929133859
20
-3.8179147244094489
11
5.5055266929133859
21
-3.8190668503937006
0
LINE
8
BLACK
6
CONTINUOUS
10
5.5055266929133859
20
-3.8190668503937006
11
5.5050857874015744
21
-3.8201312598425194
0
LINE
8
BLACK
6
CONTINUOUS
10
5.5050857874015744
20
-3.8201312598425194
11
5.5042711417322829
21
-3.8209459055118109
0
LINE
8
BLACK
6
CONTINUOUS
10
5.5042711417322829
20
-3.8209459055118109
11
5.5032067322834646
21
-3.821386811023622
0
LINE
8
BLACK
6
CONTINUOUS
10
5.5032067322834646
20
-3.821386811023622
11
5.4924240157480311
21
-3.8214096062992127
0
LINE
8
BLACK
6
CONTINUOUS
10
5.4924240157480311
20
-3.8214096062992127
11
5.4924600393700782
21
-3.8372384251968503
0
LINE
8
BLACK
6
CONTINUOUS
10
5.4924600393700782
20
-3.8372384251968503
11
5.4924312992125985
21
-3.8375299606299214
0
LINE
8
BLACK
6
CONTINUOUS
10
5.4924312992125985
20
-3.8375299606299214
11
5.4924368503937009
21
-3.837607716535433
0
LINE
8
BLACK
6
CONTINUOUS
10
5.4924368503937009
20
-3.837607716535433
11
5.49241811023622
21
-3.8376638188976377
0
LINE
8
BLACK
6
CONTINUOUS
10
5.49241811023622
20
-3.8376638188976377
11
5.4924033070866143
21
-3.8378144881889762
0
LINE
8
BLACK
6
CONTINUOUS
10
5.4924033070866143
20
-3.8378144881889762
11
5.4922221259842514
21
-3.8382518503937009
0
LINE
8
BLACK
6
CONTINUOUS
10
5.4922221259842514
20
-3.8382518503937009
11
5.4920725196850393
21
-3.8387007086614173
0
LINE
8
BLACK
6
CONTINUOUS
10
5.4920725196850393
20
-3.8387007086614173
11
5.4920029921259843
21
-3.8387808267716537
0
LINE
8
BLACK
6
CONTINUOUS
10
5.4920029921259843
20
-3.8387808267716537
11
5.4919624015748028
21
-3.838878897637795
0
LINE
8
BLACK
6
CONTINUOUS
10
5.4919624015748028
20
-3.838878897637795
11
5.4916276377952755
21
-3.8392136220472439
0
LINE
8
BLACK
6
CONTINUOUS
10
5.4916276377952755
20
-3.8392136220472439
11
5.4913176377952757
21
-3.8395711023622048
0
LINE
8
BLACK
6
CONTINUOUS
10
5.4913176377952757
20
-3.8395711023622048
11
5.491222755905512
21
-3.8396185039370079
0
LINE
8
BLACK
6
CONTINUOUS
10
5.491222755905512
20
-3.8396185039370079
11
5.4911477559055113
21
-3.8396935433070865
0
LINE
8
BLACK
6
CONTINUOUS
10
5.4911477559055113
20
-3.8396935433070865
11
5.4907102755905512
21
-3.8398747244094489
0
LINE
8
BLACK
6
CONTINUOUS
10
5.4907102755905512
20
-3.8398747244094489
11
5.4902871653543306
21
-3.8400862992125981
0
LINE
8
BLACK
6
CONTINUOUS
10
5.4902871653543306
20
-3.8400862992125981
11
5.4901814173228347
21
-3.8400937795275589
0
LINE
8
BLACK
6
CONTINUOUS
10
5.4901814173228347
20
-3.8400937795275589
11
5.4900833464566929
21
-3.8401344488188975
0
LINE
8
BLACK
6
CONTINUOUS
10
5.4900833464566929
20
-3.8401344488188975
11
5.4896098031496061
21
-3.8401344488188975
0
LINE
8
BLACK
6
CONTINUOUS
10
5.4896098031496061
20
-3.8401344488188975
11
5.4891379527559057
21
-3.8401679921259841
0
LINE
8
BLACK
6
CONTINUOUS
10
5.4891379527559057
20
-3.8401679921259841
11
5.4890366929133858
21
-3.8401344488188975
0
LINE
8
BLACK
6
CONTINUOUS
10
5.4890366929133858
20
-3.8401344488188975
11
5.4889312204724412
21
-3.8401344488188975
0
LINE
8
BLACK
6
CONTINUOUS
10
5.4889312204724412
20
-3.8401344488188975
11
5.4885101574803148
21
-3.8399600393700788
0
LINE
8
BLACK
6
CONTINUOUS
10
5.4885101574803148
20
-3.8399600393700788
11
5.4604520866141728
21
-3.8306658267716536
0
LINE
8
BLACK
6
CONTINUOUS
10
5.4604520866141728
20
-3.8306658267716536
11
5.4599235039370075
21
-3.8304298425196848
0
LINE
8
BLACK
6
CONTINUOUS
10
5.4599235039370075
20
-3.8304298425196848
11
5.4590531496062988
21
-3.8296749606299212
0
LINE
8
BLACK
6
CONTINUOUS
10
5.4590531496062988
20
-3.8296749606299212
11
5.458537952755905
21
-3.8286445275590548
0
LINE
8
BLACK
6
CONTINUOUS
10
5.458537952755905
20
-3.8286445275590548
11
5.4584562598425199
21
-3.8274953149606299
0
LINE
8
BLACK
6
CONTINUOUS
10
5.4584562598425199
20
-3.8274953149606299
11
5.4588205905511806
21
-3.8264022834645668
0
LINE
8
BLACK
6
CONTINUOUS
10
5.4588205905511806
20
-3.8264022834645668
11
5.4595754724409451
21
-3.8255319291338581
0
LINE
8
BLACK
6
CONTINUOUS
10
5.4595754724409451
20
-3.8255319291338581
11
5.4606059055118106
21
-3.8250167322834643
0
LINE
8
BLACK
6
CONTINUOUS
10
5.4606059055118106
20
-3.8250167322834643
11
5.4617551181102364
21
-3.8249350393700787
0
LINE
8
BLACK
6
CONTINUOUS
10
5.4617551181102364
20
-3.8249350393700787
11
5.4866006692913381
21
-3.8331650787401572
0
LINE
8
BLACK
6
CONTINUOUS
10
5.4866006692913381
20
-3.8331650787401572
11
5.4865739763779526
21
-3.821421968503937
0
LINE
8
BLACK
6
CONTINUOUS
10
5.4865739763779526
20
-3.821421968503937
11
5.4763839370078742
21
-3.8214435433070864
0
LINE
8
BLACK
6
CONTINUOUS
10
5.4763839370078742
20
-3.8214435433070864
11
5.4758078740157483
21
-3.821386811023622
0
LINE
8
BLACK
6
CONTINUOUS
10
5.4758078740157483
20
-3.821386811023622
11
5.4747434645669291
21
-3.8209459055118109
0
LINE
8
BLACK
6
CONTINUOUS
10
5.4747434645669291
20
-3.8209459055118109
11
5.4739288188976376
21
-3.8201312598425194
0
LINE
8
BLACK
6
CONTINUOUS
10
5.4739288188976376
20
-3.8201312598425194
11
5.473487913385827
21
-3.8190668503937006
0
LINE
8
BLACK
6
CONTINUOUS
10
5.473487913385827
20
-3.8190668503937006
11
5.473487913385827
21
-3.8179147244094489
0
LINE
8
BLACK
6
CONTINUOUS
10
5.473487913385827
20
-3.8179147244094489
11
5.4739288188976376
21
-3.8168503149606297
0
LINE
8
BLACK
6
CONTINUOUS
10
5.4739288188976376
20
-3.8168503149606297
11
5.4747434645669291
21
-3.8160356692913386
0
LINE
8
BLACK
6
CONTINUOUS
10
5.4747434645669291
20
-3.8160356692913386
11
5.4758078740157483
21
-3.8155947637795276
0
LINE
8
BLACK
6
CONTINUOUS
10
5.4758078740157483
20
-3.8155947637795276
11
5.4865606692913387
21
-3.8155720078740156
0
LINE
8
BLACK
6
CONTINUOUS
10
5.4865606692913387
20
-3.8155720078740156
11
5.486554527559055
21
-3.8128664960629921
0
LINE
8
BLACK
6
CONTINUOUS
10
5.486554527559055
20
-3.8128664960629921
11
5.4866112598425198
21
-3.8122904330708662
0
LINE
8
BLACK
6
CONTINUOUS
10
5.4866112598425198
20
-3.8122904330708662
11
5.4870521653543305
21
-3.811226023622047
0
LINE
8
BLACK
6
CONTINUOUS
10
5.4870521653543305
20
-3.811226023622047
11
5.4878668110236219
21
-3.810411377952756
0
LINE
8
BLACK
6
CONTINUOUS
10
5.4878668110236219
20
-3.810411377952756
11
5.4889312204724412
21
-3.8099704724409449
0
LINE
8
BLACK
6
CONTINUOUS
10
5.4889312204724412
20
-3.8099704724409449
11
5.4900833464566929
21
-3.8099704724409449
0
LINE
8
BLACK
6
CONTINUOUS
10
5.4900833464566929
20
-3.8099704724409449
11
5.4911477559055113
21
-3.810411377952756
0
LINE
8
BLACK
6
CONTINUOUS
10
7.1077330314960632
20
-3.8037312598425195
11
7.1077760629921256
21
-3.8037248818897638
0
LINE
8
BLACK
6
CONTINUOUS
10
7.1077760629921256
20
-3.8037248818897638
11
7.1078497244094487
21
-3.8037427559055117
0
LINE
8
BLACK
6
CONTINUOUS
10
7.1078497244094487
20
-3.8037427559055117
11
7.1082085826771655
21
-3.8037781102362205
0
LINE
8
BLACK
6
CONTINUOUS
10
7.1082085826771655
20
-3.8037781102362205
11
7.1085104724409449
21
-3.8039031496062989
0
LINE
8
BLACK
6
CONTINUOUS
10
7.1085104724409449
20
-3.8039031496062989
11
7.1158477165354332
21
-3.8056842913385824
0
LINE
8
BLACK
6
CONTINUOUS
10
7.1158477165354332
20
-3.8056842913385824
11
7.1158901968503931
21
-3.8056994488188978
0
LINE
8
BLACK
6
CONTINUOUS
10
7.1158901968503931
20
-3.8056994488188978
11
7.1159114566929134
21
-3.8057009842519682
0
LINE
8
BLACK
6
CONTINUOUS
10
7.1159114566929134
20
-3.8057009842519682
11
7.1159589763779527
21
-3.8057240157480314
0
LINE
8
BLACK
6
CONTINUOUS
10
7.1159589763779527
20
-3.8057240157480314
11
7.1163928346456693
21
-3.8058790551181101
0
LINE
8
BLACK
6
CONTINUOUS
10
7.1163928346456693
20
-3.8058790551181101
11
7.1166098031496059
21
-3.8060398425196849
0
LINE
8
BLACK
6
CONTINUOUS
10
7.1166098031496059
20
-3.8060398425196849
11
7.1202016141732285
21
-3.8077826377952757
0
LINE
8
BLACK
6
CONTINUOUS
10
7.1202016141732285
20
-3.8077826377952757
11
7.1204494881889762
21
-3.8079386614173227
0
LINE
8
BLACK
6
CONTINUOUS
10
7.1204494881889762
20
-3.8079386614173227
11
7.1205215354330704
21
-3.8079685039370079
0
LINE
8
BLACK
6
CONTINUOUS
10
7.1205215354330704
20
-3.8079685039370079
11
7.1205676377952756
21
-3.808013031496063
0
LINE
8
BLACK
6
CONTINUOUS
10
7.1205676377952756
20
-3.808013031496063
11
7.1206914960629923
21
-3.8080909842519683
0
LINE
8
BLACK
6
CONTINUOUS
10
7.1206914960629923
20
-3.8080909842519683
11
7.1209131889763775
21
-3.8083466141732281
0
LINE
8
BLACK
6
CONTINUOUS
10
7.1209131889763775
20
-3.8083466141732281
11
7.1228437795275585
21
-3.8102104724409447
0
LINE
8
BLACK
6
CONTINUOUS
10
7.1228437795275585
20
-3.8102104724409447
11
7.1230295275590549
21
-3.8104368110236218
0
LINE
8
BLACK
6
CONTINUOUS
10
7.1230295275590549
20
-3.8104368110236218
11
7.1230885826771653
21
-3.810488031496063
0
LINE
8
BLACK
6
CONTINUOUS
10
7.1230885826771653
20
-3.810488031496063
11
7.1231172047244096
21
-3.8105436614173227
0
LINE
8
BLACK
6
CONTINUOUS
10
7.1231172047244096
20
-3.8105436614173227
11
7.1232110236220469
21
-3.8106579527559052
0
LINE
8
BLACK
6
CONTINUOUS
10
7.1232110236220469
20
-3.8106579527559052
11
7.1233546850393701
21
-3.811004803149606
0
LINE
8
BLACK
6
CONTINUOUS
10
7.1233546850393701
20
-3.811004803149606
11
7.1252716929133859
21
-3.8147274409448819
0
LINE
8
BLACK
6
CONTINUOUS
10
7.1252716929133859
20
-3.8147274409448819
11
7.1254785826771654
21
-3.8152680314960628
0
LINE
8
BLACK
6
CONTINUOUS
10
7.1254785826771654
20
-3.8152680314960628
11
7.1254861023622045
21
-3.8153738976377953
0
LINE
8
BLACK
6
CONTINUOUS
10
7.1254861023622045
20
-3.8153738976377953
11
7.125526692913386
21
-3.8154718897637796
0
LINE
8
BLACK
6
CONTINUOUS
10
7.125526692913386
20
-3.8154718897637796
11
7.1255342913385826
21
-3.8160522440944882
0
LINE
8
BLACK
6
CONTINUOUS
10
7.1255342913385826
20
-3.8160522440944882
11
7.1255602362204726
21
-3.8164172440944881
0
LINE
8
BLACK
6
CONTINUOUS
10
7.1255602362204726
20
-3.8164172440944881
11
7.1255398818897637
21
-3.8164782677165352
0
LINE
8
BLACK
6
CONTINUOUS
10
7.1255398818897637
20
-3.8164782677165352
11
7.12558342519685
21
-3.8197974803149606
0
LINE
8
BLACK
6
CONTINUOUS
10
7.12558342519685
20
-3.8197974803149606
11
7.125526692913386
21
-3.8203735433070865
0
LINE
8
BLACK
6
CONTINUOUS
10
7.125526692913386
20
-3.8203735433070865
11
7.1254861023622045
21
-3.820471496062992
0
LINE
8
BLACK
6
CONTINUOUS
10
7.1254861023622045
20
-3.820471496062992
11
7.1254785826771654
21
-3.8205774015748029
0
LINE
8
BLACK
6
CONTINUOUS
10
7.1254785826771654
20
-3.8205774015748029
11
7.1252302362204727
21
-3.8210891338582678
0
LINE
8
BLACK
6
CONTINUOUS
10
7.1252302362204727
20
-3.8210891338582678
11
7.1250857874015745
21
-3.8214379527559053
0
LINE
8
BLACK
6
CONTINUOUS
10
7.1250857874015745
20
-3.8214379527559053
11
7.1250376771653539
21
-3.8214860236220471
0
LINE
8
BLACK
6
CONTINUOUS
10
7.1250376771653539
20
-3.8214860236220471
11
7.1233969291338584
21
-3.8248675196850392
0
LINE
8
BLACK
6
CONTINUOUS
10
7.1233969291338584
20
-3.8248675196850392
11
7.1232408267716538
21
-3.8251155118110236
0
LINE
8
BLACK
6
CONTINUOUS
10
7.1232408267716538
20
-3.8251155118110236
11
7.1232110236220469
21
-3.8251874803149604
0
LINE
8
BLACK
6
CONTINUOUS
10
7.1232110236220469
20
-3.8251874803149604
11
7.1231664960629919
21
-3.8252335433070863
0
LINE
8
BLACK
6
CONTINUOUS
10
7.1231664960629919
20
-3.8252335433070863
11
7.1230885826771653
21
-3.8253574015748031
0
LINE
8
BLACK
6
CONTINUOUS
10
7.1230885826771653
20
-3.8253574015748031
11
7.1228327952755901
21
-3.8255791732283462
0
LINE
8
BLACK
6
CONTINUOUS
10
7.1228327952755901
20
-3.8255791732283462
11
7.1209689763779522
21
-3.8275097244094489
0
LINE
8
BLACK
6
CONTINUOUS
10
7.1209689763779522
20
-3.8275097244094489
11
7.1207426377952752
21
-3.8276954330708661
0
LINE
8
BLACK
6
CONTINUOUS
10
7.1207426377952752
20
-3.8276954330708661
11
7.1206914960629923
21
-3.8277544488188977
0
LINE
8
BLACK
6
CONTINUOUS
10
7.1206914960629923
20
-3.8277544488188977
11
7.1206358661417317
21
-3.8277830708661416
0
LINE
8
BLACK
6
CONTINUOUS
10
7.1206358661417317
20
-3.8277830708661416
11
7.1205215354330704
21
-3.8278769291338581
0
LINE
8
BLACK
6
CONTINUOUS
10
7.1205215354330704
20
-3.8278769291338581
11
7.1201746062992122
21
-3.8280205905511808
0
LINE
8
BLACK
6
CONTINUOUS
10
7.1201746062992122
20
-3.8280205905511808
11
7.1164520866141734
21
-3.8299375590551179
0
LINE
8
BLACK
6
CONTINUOUS
10
7.1164520866141734
20
-3.8299375590551179
11
7.1164099606299214
21
-3.8299536614173229
0
LINE
8
BLACK
6
CONTINUOUS
10
7.1164099606299214
20
-3.8299536614173229
11
7.1163928346456693
21
-3.829966377952756
0
LINE
8
BLACK
6
CONTINUOUS
10
7.1163928346456693
20
-3.829966377952756
11
7.1163438188976373
21
-3.8299789763779528
0
LINE
8
BLACK
6
CONTINUOUS
10
7.1163438188976373
20
-3.8299789763779528
11
7.1159114566929134
21
-3.8301444488188974
0
LINE
8
BLACK
6
CONTINUOUS
10
7.1159114566929134
20
-3.8301444488188974
11
7.1156202362204723
21
-3.8301651181102363
0
LINE
8
BLACK
6
CONTINUOUS
10
7.1156202362204723
20
-3.8301651181102363
11
7.108348661417323
21
-3.8320359055118107
0
LINE
8
BLACK
6
CONTINUOUS
10
7.108348661417323
20
-3.8320359055118107
11
7.1082487795275586
21
-3.8320506692913385
0
LINE
8
BLACK
6
CONTINUOUS
10
7.1082487795275586
20
-3.8320506692913385
11
7.1082085826771655
21
-3.8320673228346456
0
LINE
8
BLACK
6
CONTINUOUS
10
7.1082085826771655
20
-3.8320673228346456
11
7.1081331889763781
21
-3.8320677165354331
0
LINE
8
BLACK
6
CONTINUOUS
10
7.1081331889763781
20
-3.8320677165354331
11
7.1077760629921256
21
-3.8321205511811023
0
LINE
8
BLACK
6
CONTINUOUS
10
7.1077760629921256
20
-3.8321205511811023
11
7.1074474803149608
21
-3.832071653543307
0
LINE
8
BLACK
6
CONTINUOUS
10
7.1074474803149608
20
-3.832071653543307
11
7.0982587007874018
21
-3.8321240551181099
0
LINE
8
BLACK
6
CONTINUOUS
10
7.0982587007874018
20
-3.8321240551181099
11
7.0981581496062987
21
-3.8321141338582678
0
LINE
8
BLACK
6
CONTINUOUS
10
7.0981581496062987
20
-3.8321141338582678
11
7.098115157480315
21
-3.8321205511811023
0
LINE
8
BLACK
6
CONTINUOUS
10
7.098115157480315
20
-3.8321205511811023
11
7.0980414566929131
21
-3.8321026377952756
0
LINE
8
BLACK
6
CONTINUOUS
10
7.0980414566929131
20
-3.8321026377952756
11
7.0976826377952751
21
-3.8320673228346456
0
LINE
8
BLACK
6
CONTINUOUS
10
7.0976826377952751
20
-3.8320673228346456
11
7.0973807086614169
21
-3.8319422440944879
0
LINE
8
BLACK
6
CONTINUOUS
10
7.0973807086614169
20
-3.8319422440944879
11
7.0900435039370073
21
-3.8301611417322832
0
LINE
8
BLACK
6
CONTINUOUS
10
7.0900435039370073
20
-3.8301611417322832
11
7.0900009842519687
21
-3.8301459448818895
0
LINE
8
BLACK
6
CONTINUOUS
10
7.0900009842519687
20
-3.8301459448818895
11
7.0899797244094485
21
-3.8301444488188974
0
LINE
8
BLACK
6
CONTINUOUS
10
7.0899797244094485
20
-3.8301444488188974
11
7.0899320472440941
21
-3.8301212992125984
0
LINE
8
BLACK
6
CONTINUOUS
10
7.0899320472440941
20
-3.8301212992125984
11
7.0894983858267713
21
-3.829966377952756
0
LINE
8
BLACK
6
CONTINUOUS
10
7.0894983858267713
20
-3.829966377952756
11
7.0892814173228347
21
-3.8298056299212599
0
LINE
8
BLACK
6
CONTINUOUS
10
7.0892814173228347
20
-3.8298056299212599
11
7.0856896062992121
21
-3.8280627952755903
0
LINE
8
BLACK
6
CONTINUOUS
10
7.0856896062992121
20
-3.8280627952755903
11
7.0854415748031494
21
-3.8279066929133858
0
LINE
8
BLACK
6
CONTINUOUS
10
7.0854415748031494
20
-3.8279066929133858
11
7.0853696456692914
21
-3.8278768897637794
0
LINE
8
BLACK
6
CONTINUOUS
10
7.0853696456692914
20
-3.8278768897637794
11
7.0853235433070862
21
-3.8278323622047243
0
LINE
8
BLACK
6
CONTINUOUS
10
7.0853235433070862
20
-3.8278323622047243
11
7.0851997244094482
21
-3.8277544488188977
0
LINE
8
BLACK
6
CONTINUOUS
10
7.0851997244094482
20
-3.8277544488188977
11
7.0849779527559056
21
-3.82749874015748
0
LINE
8
BLACK
6
CONTINUOUS
10
7.0849779527559056
20
-3.82749874015748
11
7.083047440944882
21
-3.8256349212598426
0
LINE
8
BLACK
6
CONTINUOUS
10
7.083047440944882
20
-3.8256349212598426
11
7.0828616535433069
21
-3.8254085433070864
0
LINE
8
BLACK
6
CONTINUOUS
10
7.0828616535433069
20
-3.8254085433070864
11
7.0828026771653541
21
-3.8253574015748031
0
LINE
8
BLACK
6
CONTINUOUS
10
7.0828026771653541
20
-3.8253574015748031
11
7.082774015748031
21
-3.8253017322834646
0
LINE
8
BLACK
6
CONTINUOUS
10
7.082774015748031
20
-3.8253017322834646
11
7.0826802362204724
21
-3.8251874803149604
0
LINE
8
BLACK
6
CONTINUOUS
10
7.0826802362204724
20
-3.8251874803149604
11
7.0825365748031492
21
-3.8248406692913384
0
LINE
8
BLACK
6
CONTINUOUS
10
7.0825365748031492
20
-3.8248406692913384
11
7.0806195669291334
21
-3.8211179921259841
0
LINE
8
BLACK
6
CONTINUOUS
10
7.0806195669291334
20
-3.8211179921259841
11
7.0804126771653539
21
-3.8205773622047241
0
LINE
8
BLACK
6
CONTINUOUS
10
7.0804126771653539
20
-3.8205773622047241
11
7.0804051574803148
21
-3.8204715354330707
0
LINE
8
BLACK
6
CONTINUOUS
10
7.0804051574803148
20
-3.8204715354330707
11
7.0803645669291333
21
-3.8203735433070865
0
LINE
8
BLACK
6
CONTINUOUS
10
7.0803645669291333
20
-3.8203735433070865
11
7.0803569291338579
21
-3.8197930708661416
0
LINE
8
BLACK
6
CONTINUOUS
10
7.0803569291338579
20
-3.8197930708661416
11
7.0803310236220467
21
-3.8194281496062992
0
LINE
8
BLACK
6
CONTINUOUS
10
7.0803310236220467
20
-3.8194281496062992
11
7.0803513385826768
21
-3.8193670866141733
0
LINE
8
BLACK
6
CONTINUOUS
10
7.0803513385826768
20
-3.8193670866141733
11
7.0803078346456694
21
-3.8160479527559055
0
LINE
8
BLACK
6
CONTINUOUS
10
7.0803078346456694
20
-3.8160479527559055
11
7.0803645669291333
21
-3.8154718897637796
0
LINE
8
BLACK
6
CONTINUOUS
10
7.0803645669291333
20
-3.8154718897637796
11
7.0804051574803148
21
-3.8153738582677166
0
LINE
8
BLACK
6
CONTINUOUS
10
7.0804051574803148
20
-3.8153738582677166
11
7.0804126771653539
21
-3.8152680708661415
0
LINE
8
BLACK
6
CONTINUOUS
10
7.0804126771653539
20
-3.8152680708661415
11
7.0806608661417325
21
-3.8147564960629921
0
LINE
8
BLACK
6
CONTINUOUS
10
7.0806608661417325
20
-3.8147564960629921
11
7.0808054724409448
21
-3.8144074803149604
0
LINE
8
BLACK
6
CONTINUOUS
10
7.0808054724409448
20
-3.8144074803149604
11
7.0808535826771655
21
-3.8143593307086614
0
LINE
8
BLACK
6
CONTINUOUS
10
7.0808535826771655
20
-3.8143593307086614
11
7.082494330708661
21
-3.8109779133858268
0
LINE
8
BLACK
6
CONTINUOUS
10
7.082494330708661
20
-3.8109779133858268
11
7.0826503937007876
21
-3.8107298818897637
0
LINE
8
BLACK
6
CONTINUOUS
10
7.0826503937007876
20
-3.8107298818897637
11
7.0826802362204724
21
-3.8106579527559052
0
LINE
8
BLACK
6
CONTINUOUS
10
7.0826802362204724
20
-3.8106579527559052
11
7.0827247244094487
21
-3.8106118503937005
0
LINE
8
BLACK
6
CONTINUOUS
10
7.0827247244094487
20
-3.8106118503937005
11
7.0828026771653541
21
-3.810488031496063
0
LINE
8
BLACK
6
CONTINUOUS
10
7.0828026771653541
20
-3.810488031496063
11
7.083058346456693
21
-3.8102662598425194
0
LINE
8
BLACK
6
CONTINUOUS
10
7.083058346456693
20
-3.8102662598425194
11
7.0849222047244096
21
-3.8083357480314959
0
LINE
8
BLACK
6
CONTINUOUS
10
7.0849222047244096
20
-3.8083357480314959
11
7.0851485433070867
21
-3.8081499606299212
0
LINE
8
BLACK
6
CONTINUOUS
10
7.0851485433070867
20
-3.8081499606299212
11
7.0851997244094482
21
-3.8080909842519683
0
LINE
8
BLACK
6
CONTINUOUS
10
7.0851997244094482
20
-3.8080909842519683
11
7.0852553543307089
21
-3.8080623228346457
0
LINE
8
BLACK
6
CONTINUOUS
10
7.0852553543307089
20
-3.8080623228346457
11
7.0853696456692914
21
-3.8079685433070867
0
LINE
8
BLACK
6
CONTINUOUS
10
7.0853696456692914
20
-3.8079685433070867
11
7.0857164960629921
21
-3.8078248425196848
0
LINE
8
BLACK
6
CONTINUOUS
10
7.0857164960629921
20
-3.8078248425196848
11
7.0894391338582672
21
-3.8059078740157481
0
LINE
8
BLACK
6
CONTINUOUS
10
7.0894391338582672
20
-3.8059078740157481
11
7.0894812204724404
21
-3.8058917322834644
0
LINE
8
BLACK
6
CONTINUOUS
10
7.0894812204724404
20
-3.8058917322834644
11
7.0894983858267713
21
-3.8058790551181101
0
LINE
8
BLACK
6
CONTINUOUS
10
7.0894983858267713
20
-3.8058790551181101
11
7.0895473228346457
21
-3.8058664566929132
0
LINE
8
BLACK
6
CONTINUOUS
10
7.0895473228346457
20
-3.8058664566929132
11
7.0899797244094485
21
-3.8057009842519682
0
LINE
8
BLACK
6
CONTINUOUS
10
7.0899797244094485
20
-3.8057009842519682
11
7.0902709448818895
21
-3.805680275590551
0
LINE
8
BLACK
6
CONTINUOUS
10
7.0902709448818895
20
-3.805680275590551
11
7.0975425590551176
21
-3.8038095275590549
0
LINE
8
BLACK
6
CONTINUOUS
10
7.0975425590551176
20
-3.8038095275590549
11
7.0976424015748032
21
-3.8037947244094488
0
LINE
8
BLACK
6
CONTINUOUS
10
7.0976424015748032
20
-3.8037947244094488
11
7.0976826377952751
21
-3.8037781102362205
0
LINE
8
BLACK
6
CONTINUOUS
10
7.0976826377952751
20
-3.8037781102362205
11
7.0977579921259837
21
-3.8037776771653542
0
LINE
8
BLACK
6
CONTINUOUS
10
7.0977579921259837
20
-3.8037776771653542
11
7.098115157480315
21
-3.8037248818897638
0
LINE
8
BLACK
6
CONTINUOUS
10
7.098115157480315
20
-3.8037248818897638
11
7.0984437007874011
21
-3.8037737401574803
0
LINE
8
BLACK
6
CONTINUOUS
10
7.0984437007874011
20
-3.8037737401574803
11
7.1076325196850396
21
-3.8037213779527557
0
LINE
8
BLACK
6
CONTINUOUS
10
7.1076325196850396
20
-3.8037213779527557
11
7.1077330314960632
21
-3.8037312598425195
0
LINE
8
BLACK
6
CONTINUOUS
10
7.0984239370078734
20
-3.8096259448818897
11
7.0915982677165355
21
-3.811381968503937
0
LINE
8
BLACK
6
CONTINUOUS
10
7.0915982677165355
20
-3.811381968503937
11
7.0886659448818898
21
-3.8128919685039371
0
LINE
8
BLACK
6
CONTINUOUS
10
7.0886659448818898
20
-3.8128919685039371
11
7.087475236220472
21
-3.8141253149606298
0
LINE
8
BLACK
6
CONTINUOUS
10
7.087475236220472
20
-3.8141253149606298
11
7.0861740944881886
21
-3.8168068110236222
0
LINE
8
BLACK
6
CONTINUOUS
10
7.0861740944881886
20
-3.8168068110236222
11
7.0862051574803147
21
-3.8191753543307088
0
LINE
8
BLACK
6
CONTINUOUS
10
7.0862051574803147
20
-3.8191753543307088
11
7.0876036614173223
21
-3.8218911417322832
0
LINE
8
BLACK
6
CONTINUOUS
10
7.0876036614173223
20
-3.8218911417322832
11
7.0888370472440947
21
-3.8230818897637793
0
LINE
8
BLACK
6
CONTINUOUS
10
7.0888370472440947
20
-3.8230818897637793
11
7.091987283464567
21
-3.8246104330708661
0
LINE
8
BLACK
6
CONTINUOUS
10
7.091987283464567
20
-3.8246104330708661
11
7.0988187007874011
21
-3.8262687795275592
0
LINE
8
BLACK
6
CONTINUOUS
10
7.0988187007874011
20
-3.8262687795275592
11
7.1074672440944884
21
-3.8262194488188976
0
LINE
8
BLACK
6
CONTINUOUS
10
7.1074672440944884
20
-3.8262194488188976
11
7.1142929133858264
21
-3.8244634251968503
0
LINE
8
BLACK
6
CONTINUOUS
10
7.1142929133858264
20
-3.8244634251968503
11
7.117225236220472
21
-3.8229533858267715
0
LINE
8
BLACK
6
CONTINUOUS
10
7.117225236220472
20
-3.8229533858267715
11
7.1184160236220473
21
-3.8217200393700788
0
LINE
8
BLACK
6
CONTINUOUS
10
7.1184160236220473
20
-3.8217200393700788
11
7.119717125984252
21
-3.8190385826771651
0
LINE
8
BLACK
6
CONTINUOUS
10
7.119717125984252
20
-3.8190385826771651
11
7.1196860629921259
21
-3.8166700393700785
0
LINE
8
BLACK
6
CONTINUOUS
10
7.1196860629921259
20
-3.8166700393700785
11
7.1182875590551182
21
-3.8139542913385824
0
LINE
8
BLACK
6
CONTINUOUS
10
7.1182875590551182
20
-3.8139542913385824
11
7.1170541732283459
21
-3.8127635433070863
0
LINE
8
BLACK
6
CONTINUOUS
10
7.1170541732283459
20
-3.8127635433070863
11
7.1139038976377948
21
-3.8112349606299212
0
LINE
8
BLACK
6
CONTINUOUS
10
7.1139038976377948
20
-3.8112349606299212
11
7.1070724803149607
21
-3.8095766141732281
0
LINE
8
BLACK
6
CONTINUOUS
10
7.1070724803149607
20
-3.8095766141732281
11
7.0984239370078734
21
-3.8096259448818897
0
LINE
8
BLACK
6
CONTINUOUS
10
6.2354553937007875
20
-3.7373190157480316
11
6.2359880708661413
21
-3.7378516929133858
0
LINE
8
BLACK
6
CONTINUOUS
10
6.2359880708661413
20
-3.7378516929133858
11
6.2360629921259845
21
-3.8071259842519685
0
LINE
8
BLACK
6
CONTINUOUS
10
6.2360629921259845
20
-3.8071259842519685
11
6.2359880708661413
21
-3.8075026377952756
0
LINE
8
BLACK
6
CONTINUOUS
10
6.2359880708661413
20
-3.8075026377952756
11
6.2354553937007875
21
-3.8080353149606299
0
LINE
8
BLACK
6
CONTINUOUS
10
6.2354553937007875
20
-3.8080353149606299
11
6.1724803149606302
21
-3.8081102362204722
0
LINE
8
BLACK
6
CONTINUOUS
10
6.1724803149606302
20
-3.8081102362204722
11
6.1721036614173226
21
-3.8080353149606299
0
LINE
8
BLACK
6
CONTINUOUS
10
6.1721036614173226
20
-3.8080353149606299
11
6.1715709842519679
21
-3.8075026377952756
0
LINE
8
BLACK
6
CONTINUOUS
10
6.1715709842519679
20
-3.8075026377952756
11
6.1714960629921256
21
-3.738228346456693
0
LINE
8
BLACK
6
CONTINUOUS
10
6.1714960629921256
20
-3.738228346456693
11
6.1715709842519679
21
-3.7378516929133858
0
LINE
8
BLACK
6
CONTINUOUS
10
6.1715709842519679
20
-3.7378516929133858
11
6.1721036614173226
21
-3.7373190157480316
0
LINE
8
BLACK
6
CONTINUOUS
10
6.1721036614173226
20
-3.7373190157480316
11
6.2350787401574799
21
-3.7372440944881888
0
LINE
8
BLACK
6
CONTINUOUS
10
6.2350787401574799
20
-3.7372440944881888
11
6.2354553937007875
21
-3.7373190157480316
0
LINE
8
BLACK
6
CONTINUOUS
10
6.1734635433070864
20
-3.8062149999999999
11
6.1836427952755901
21
-3.8062029133858268
0
LINE
8
BLACK
6
CONTINUOUS
10
6.1836427952755901
20
-3.8062029133858268
11
6.1734525984251967
21
-3.7960915354330709
0
LINE
8
BLACK
6
CONTINUOUS
10
6.1734525984251967
20
-3.7960915354330709
11
6.1734635433070864
21
-3.8062149999999999
0
LINE
8
BLACK
6
CONTINUOUS
10
6.1734497244094486
20
-3.7934190157480314
11
6.1863299999999999
21
-3.8061997244094488
0
LINE
8
BLACK
6
CONTINUOUS
10
6.1863299999999999
20
-3.8061997244094488
11
6.2033127952755907
21
-3.8061794881889761
0
LINE
8
BLACK
6
CONTINUOUS
10
6.2033127952755907
20
-3.8061794881889761
11
6.1734312992125986
21
-3.776392834645669
0
LINE
8
BLACK
6
CONTINUOUS
10
6.1734312992125986
20
-3.776392834645669
11
6.1734497244094486
21
-3.7934190157480314
0
LINE
8
BLACK
6
CONTINUOUS
10
6.1734284251968505
20
-3.773715433070866
11
6.2059926377952754
21
-3.8061762992125985
0
LINE
8
BLACK
6
CONTINUOUS
10
6.2059926377952754
20
-3.8061762992125985
11
6.2229766141732279
21
-3.8061561023622046
0
LINE
8
BLACK
6
CONTINUOUS
10
6.2229766141732279
20
-3.8061561023622046
11
6.1734099999999996
21
-3.7566885039370077
0
LINE
8
BLACK
6
CONTINUOUS
10
6.1734099999999996
20
-3.7566885039370077
11
6.1734284251968505
21
-3.773715433070866
0
LINE
8
BLACK
6
CONTINUOUS
10
6.1733911023622046
20
-3.7392114960629921
11
6.1734070866141728
21
-3.7540097637795276
0
LINE
8
BLACK
6
CONTINUOUS
10
6.1734070866141728
20
-3.7540097637795276
11
6.2256545669291334
21
-3.8061529133858265
0
LINE
8
BLACK
6
CONTINUOUS
10
6.2256545669291334
20
-3.8061529133858265
11
6.2341679133858268
21
-3.8061427952755906
0
LINE
8
BLACK
6
CONTINUOUS
10
6.2341679133858268
20
-3.8061427952755906
11
6.2341587401574801
21
-3.7976503937007875
0
LINE
8
BLACK
6
CONTINUOUS
10
6.2341587401574801
20
-3.7976503937007875
11
6.1756126771653541
21
-3.7392088582677165
0
LINE
8
BLACK
6
CONTINUOUS
10
6.1756126771653541
20
-3.7392088582677165
11
6.1733911023622046
21
-3.7392114960629921
0
LINE
8
BLACK
6
CONTINUOUS
10
6.1782903149606296
20
-3.7392056692913385
11
6.2341558267716533
21
-3.7949715354330706
0
LINE
8
BLACK
6
CONTINUOUS
10
6.2341558267716533
20
-3.7949715354330706
11
6.234137440944882
21
-3.7779446062992124
0
LINE
8
BLACK
6
CONTINUOUS
10
6.234137440944882
20
-3.7779446062992124
11
6.1952744881889759
21
-3.739185472440945
0
LINE
8
BLACK
6
CONTINUOUS
10
6.1952744881889759
20
-3.739185472440945
11
6.1782903149606296
21
-3.7392056692913385
0
LINE
8
BLACK
6
CONTINUOUS
10
6.1979535433070865
20
-3.7391822834645669
11
6.2341345275590552
21
-3.7752666535433068
0
LINE
8
BLACK
6
CONTINUOUS
10
6.2341345275590552
20
-3.7752666535433068
11
6.2341161023622043
21
-3.7582398425196848
0
LINE
8
BLACK
6
CONTINUOUS
10
6.2341161023622043
20
-3.7582398425196848
11
6.2149367322834648
21
-3.739162086614173
0
LINE
8
BLACK
6
CONTINUOUS
10
6.2149367322834648
20
-3.739162086614173
11
6.1979535433070865
21
-3.7391822834645669
0
LINE
8
BLACK
6
CONTINUOUS
10
6.2176200000000001
20
-3.7391588582677167
11
6.2341132283464562
21
-3.7555646850393698
0
LINE
8
BLACK
6
CONTINUOUS
10
6.2341132283464562
20
-3.7555646850393698
11
6.234095472440945
21
-3.7391392913385828
0
LINE
8
BLACK
6
CONTINUOUS
10
6.234095472440945
20
-3.7391392913385828
11
6.2176200000000001
21
-3.7391588582677167
0
LINE
8
BLACK
6
CONTINUOUS
10
5.5023962992125979
20
-3.7935384251968505
11
5.5023963779527554
21
-3.7935384645669292
0
LINE
8
BLACK
6
CONTINUOUS
10
5.5023963779527554
20
-3.7935384645669292
11
5.5047185826771656
21
-3.795780433070866
0
LINE
8
BLACK
6
CONTINUOUS
10
5.5047185826771656
20
-3.795780433070866
11
5.5050857874015744
21
-3.7962278740157478
0
LINE
8
BLACK
6
CONTINUOUS
10
5.5050857874015744
20
-3.7962278740157478
11
5.5052273622047245
21
-3.7965696456692912
0
LINE
8
BLACK
6
CONTINUOUS
10
5.5052273622047245
20
-3.7965696456692912
11
5.5055266929133859
21
-3.7972923228346458
0
LINE
8
BLACK
6
CONTINUOUS
10
5.5055266929133859
20
-3.7972923228346458
11
5.5055266929133859
21
-3.7984444094488188
0
LINE
8
BLACK
6
CONTINUOUS
10
5.5055266929133859
20
-3.7984444094488188
11
5.5050857874015744
21
-3.7995088188976376
0
LINE
8
BLACK
6
CONTINUOUS
10
5.5050857874015744
20
-3.7995088188976376
11
5.5028438188976381
21
-3.8018310236220469
0
LINE
8
BLACK
6
CONTINUOUS
10
5.5028438188976381
20
-3.8018310236220469
11
5.5023963779527554
21
-3.8021982283464566
0
LINE
8
BLACK
6
CONTINUOUS
10
5.5023963779527554
20
-3.8021982283464566
11
5.501331968503937
21
-3.8026391338582677
0
LINE
8
BLACK
6
CONTINUOUS
10
5.501331968503937
20
-3.8026391338582677
11
5.500179881889764
21
-3.8026391338582677
0
LINE
8
BLACK
6
CONTINUOUS
10
5.500179881889764
20
-3.8026391338582677
11
5.4991154724409448
21
-3.8021982677165354
0
LINE
8
BLACK
6
CONTINUOUS
10
5.4991154724409448
20
-3.8021982677165354
11
5.4967932283464567
21
-3.7999562992125981
0
LINE
8
BLACK
6
CONTINUOUS
10
5.4967932283464567
20
-3.7999562992125981
11
5.4964259842519683
21
-3.7995088188976376
0
LINE
8
BLACK
6
CONTINUOUS
10
5.4964259842519683
20
-3.7995088188976376
11
5.4964259448818895
21
-3.7995087795275588
0
LINE
8
BLACK
6
CONTINUOUS
10
5.4964259448818895
20
-3.7995087795275588
11
5.4959850787401576
21
-3.79844437007874
0
LINE
8
BLACK
6
CONTINUOUS
10
5.4959850787401576
20
-3.79844437007874
11
5.4959850787401576
21
-3.797292283464567
0
LINE
8
BLACK
6
CONTINUOUS
10
5.4959850787401576
20
-3.797292283464567
11
5.496284409448819
21
-3.7965696456692912
0
LINE
8
BLACK
6
CONTINUOUS
10
5.496284409448819
20
-3.7965696456692912
11
5.4964259448818895
21
-3.7962279133858265
0
LINE
8
BLACK
6
CONTINUOUS
10
5.4964259448818895
20
-3.7962279133858265
11
5.4964259842519683
21
-3.7962278740157478
0
LINE
8
BLACK
6
CONTINUOUS
10
5.4964259842519683
20
-3.7962278740157478
11
5.4986679921259842
21
-3.7939056692913384
0
LINE
8
BLACK
6
CONTINUOUS
10
5.4986679921259842
20
-3.7939056692913384
11
5.4991154724409448
21
-3.7935384251968505
0
LINE
8
BLACK
6
CONTINUOUS
10
5.4991154724409448
20
-3.7935384251968505
11
5.500179881889764
21
-3.7930975590551181
0
LINE
8
BLACK
6
CONTINUOUS
10
5.500179881889764
20
-3.7930975590551181
11
5.501331968503937
21
-3.7930975590551181
0
LINE
8
BLACK
6
CONTINUOUS
10
5.501331968503937
20
-3.7930975590551181
11
5.5023962992125979
21
-3.7935384251968505
0
LINE
8
BLACK
6
CONTINUOUS
10
7.5364592913385824
20
-3.7167832283464568
11
7.5370439763779524
21
-3.7167832283464568
0
LINE
8
BLACK
6
CONTINUOUS
10
7.5370439763779524
20
-3.7167832283464568
11
7.5375783858267713
21
-3.7170045669291336
0
LINE
8
BLACK
6
CONTINUOUS
10
7.5375783858267713
20
-3.7170045669291336
11
7.5381460629921255
21
-3.7171168897637794
0
LINE
8
BLACK
6
CONTINUOUS
10
7.5381460629921255
20
-3.7171168897637794
11
7.5386326771653538
21
-3.7174412992125982
0
LINE
8
BLACK
6
CONTINUOUS
10
7.5386326771653538
20
-3.7174412992125982
11
7.53917279527559
21
-3.7176650393700785
0
LINE
8
BLACK
6
CONTINUOUS
10
7.53917279527559
20
-3.7176650393700785
11
7.5395818110236217
21
-3.7180740551181102
0
LINE
8
BLACK
6
CONTINUOUS
10
7.5395818110236217
20
-3.7180740551181102
11
7.5400633464566926
21
-3.7183950787401572
0
LINE
8
BLACK
6
CONTINUOUS
10
7.5400633464566926
20
-3.7183950787401572
11
7.5403887401574803
21
-3.7188809842519683
0
LINE
8
BLACK
6
CONTINUOUS
10
7.5403887401574803
20
-3.7188809842519683
11
7.5408020866141729
21
-3.7192943307086614
0
LINE
8
BLACK
6
CONTINUOUS
10
7.5408020866141729
20
-3.7192943307086614
11
7.541023464566929
21
-3.7198288188976378
0
LINE
8
BLACK
6
CONTINUOUS
10
7.541023464566929
20
-3.7198288188976378
11
7.5413454724409448
21
-3.7203096456692912
0
LINE
8
BLACK
6
CONTINUOUS
10
7.5413454724409448
20
-3.7203096456692912
11
7.5414601181102361
21
-3.7208829527559053
0
LINE
8
BLACK
6
CONTINUOUS
10
7.5414601181102361
20
-3.7208829527559053
11
7.5416838976377951
21
-3.7214231496062991
0
LINE
8
BLACK
6
CONTINUOUS
10
7.5416838976377951
20
-3.7214231496062991
11
7.5416849606299214
21
-3.7220072440944882
0
LINE
8
BLACK
6
CONTINUOUS
10
7.5416849606299214
20
-3.7220072440944882
11
7.5417973622047239
21
-3.7225690551181101
0
LINE
8
BLACK
6
CONTINUOUS
10
7.5417973622047239
20
-3.7225690551181101
11
7.5416870866141732
21
-3.7231264173228347
0
LINE
8
BLACK
6
CONTINUOUS
10
7.5416870866141732
20
-3.7231264173228347
11
7.5417862992125979
21
-3.7757605511811021
0
LINE
8
BLACK
6
CONTINUOUS
10
7.5417862992125979
20
-3.7757605511811021
11
7.5527647637795274
21
-3.7757248818897637
0
LINE
8
BLACK
6
CONTINUOUS
10
7.5527647637795274
20
-3.7757248818897637
11
7.5539168897637792
21
-3.7758383464566929
0
LINE
8
BLACK
6
CONTINUOUS
10
7.5539168897637792
20
-3.7758383464566929
11
7.5560457086614168
21
-3.7767201574803151
0
LINE
8
BLACK
6
CONTINUOUS
10
7.5560457086614168
20
-3.7767201574803151
11
7.5576749999999997
21
-3.7783494488188976
0
LINE
8
BLACK
6
CONTINUOUS
10
7.5576749999999997
20
-3.7783494488188976
11
7.5585568110236219
21
-3.7804782677165352
0
LINE
8
BLACK
6
CONTINUOUS
10
7.5585568110236219
20
-3.7804782677165352
11
7.5585568110236219
21
-3.7827825196850391
0
LINE
8
BLACK
6
CONTINUOUS
10
7.5585568110236219
20
-3.7827825196850391
11
7.5576749999999997
21
-3.7849113385826771
0
LINE
8
BLACK
6
CONTINUOUS
10
7.5576749999999997
20
-3.7849113385826771
11
7.5560457086614168
21
-3.7865406299212596
0
LINE
8
BLACK
6
CONTINUOUS
10
7.5560457086614168
20
-3.7865406299212596
11
7.5539168897637792
21
-3.7874224409448818
0
LINE
8
BLACK
6
CONTINUOUS
10
7.5539168897637792
20
-3.7874224409448818
11
7.5190189763779527
21
-3.787535905511811
0
LINE
8
BLACK
6
CONTINUOUS
10
7.5190189763779527
20
-3.787535905511811
11
7.517866850393701
21
-3.7874224409448818
0
LINE
8
BLACK
6
CONTINUOUS
10
7.517866850393701
20
-3.7874224409448818
11
7.5157380314960625
21
-3.7865406299212596
0
LINE
8
BLACK
6
CONTINUOUS
10
7.5157380314960625
20
-3.7865406299212596
11
7.5141087401574804
21
-3.7849113385826771
0
LINE
8
BLACK
6
CONTINUOUS
10
7.5141087401574804
20
-3.7849113385826771
11
7.5132269291338583
21
-3.7827825196850391
0
LINE
8
BLACK
6
CONTINUOUS
10
7.5132269291338583
20
-3.7827825196850391
11
7.5132269291338583
21
-3.7804782677165352
0
LINE
8
BLACK
6
CONTINUOUS
10
7.5132269291338583
20
-3.7804782677165352
11
7.5141087401574804
21
-3.7783494488188976
0
LINE
8
BLACK
6
CONTINUOUS
10
7.5141087401574804
20
-3.7783494488188976
11
7.5157380314960625
21
-3.7767201574803151
0
LINE
8
BLACK
6
CONTINUOUS
10
7.5157380314960625
20
-3.7767201574803151
11
7.517866850393701
21
-3.7758383464566929
0
LINE
8
BLACK
6
CONTINUOUS
10
7.517866850393701
20
-3.7758383464566929
11
7.5300866141732286
21
-3.7757985826771652
0
LINE
8
BLACK
6
CONTINUOUS
10
7.5300866141732286
20
-3.7757985826771652
11
7.5300183858267715
21
-3.7395822834645669
0
LINE
8
BLACK
6
CONTINUOUS
10
7.5300183858267715
20
-3.7395822834645669
11
7.5288190944881892
21
-3.7408118503937007
0
LINE
8
BLACK
6
CONTINUOUS
10
7.5288190944881892
20
-3.7408118503937007
11
7.5283662598425192
21
-3.7411834645669289
0
LINE
8
BLACK
6
CONTINUOUS
10
7.5283662598425192
20
-3.7411834645669289
11
7.5282640551181101
21
-3.741301338582677
0
LINE
8
BLACK
6
CONTINUOUS
10
7.5282640551181101
20
-3.741301338582677
11
7.5281513385826768
21
-3.7413598425196848
0
LINE
8
BLACK
6
CONTINUOUS
10
7.5281513385826768
20
-3.7413598425196848
11
7.5279241732283459
21
-3.7415462992125983
0
LINE
8
BLACK
6
CONTINUOUS
10
7.5279241732283459
20
-3.7415462992125983
11
7.5272718897637789
21
-3.7418164566929133
0
LINE
8
BLACK
6
CONTINUOUS
10
7.5272718897637789
20
-3.7418164566929133
11
7.5216599999999998
21
-3.7447302362204722
0
LINE
8
BLACK
6
CONTINUOUS
10
7.5216599999999998
20
-3.7447302362204722
11
7.5205787795275585
21
-3.7451439763779528
0
LINE
8
BLACK
6
CONTINUOUS
10
7.5205787795275585
20
-3.7451439763779528
11
7.5182803543307086
21
-3.7453073228346456
0
LINE
8
BLACK
6
CONTINUOUS
10
7.5182803543307086
20
-3.7453073228346456
11
7.5160944094488187
21
-3.7445787007874016
0
LINE
8
BLACK
6
CONTINUOUS
10
7.5160944094488187
20
-3.7445787007874016
11
7.5143536614173225
21
-3.7430689763779528
0
LINE
8
BLACK
6
CONTINUOUS
10
7.5143536614173225
20
-3.7430689763779528
11
7.5133231889763774
21
-3.7410079921259842
0
LINE
8
BLACK
6
CONTINUOUS
10
7.5133231889763774
20
-3.7410079921259842
11
7.513159842519685
21
-3.7387095669291339
0
LINE
8
BLACK
6
CONTINUOUS
10
7.513159842519685
20
-3.7387095669291339
11
7.5138884645669286
21
-3.736523622047244
0
LINE
8
BLACK
6
CONTINUOUS
10
7.5138884645669286
20
-3.736523622047244
11
7.5153981889763779
21
-3.7347828740157478
0
LINE
8
BLACK
6
CONTINUOUS
10
7.5153981889763779
20
-3.7347828740157478
11
7.5213592519685042
21
-3.7316877952755902
0
LINE
8
BLACK
6
CONTINUOUS
10
7.5213592519685042
20
-3.7316877952755902
11
7.5260037007874017
21
-3.7269261023622047
0
LINE
8
BLACK
6
CONTINUOUS
10
7.5260037007874017
20
-3.7269261023622047
11
7.5309781889763778
21
-3.7192994881889763
0
LINE
8
BLACK
6
CONTINUOUS
10
7.5309781889763778
20
-3.7192994881889763
11
7.5309807874015746
21
-3.7192962992125982
0
LINE
8
BLACK
6
CONTINUOUS
10
7.5309807874015746
20
-3.7192962992125982
11
7.5309816141732284
21
-3.7192943307086614
0
LINE
8
BLACK
6
CONTINUOUS
10
7.5309816141732284
20
-3.7192943307086614
11
7.5309859842519682
21
-3.7192899212598425
0
LINE
8
BLACK
6
CONTINUOUS
10
7.5309859842519682
20
-3.7192899212598425
11
7.5317116535433071
21
-3.7184037795275589
0
LINE
8
BLACK
6
CONTINUOUS
10
7.5317116535433071
20
-3.7184037795275589
11
7.5321975590551178
21
-3.7180783464566929
0
LINE
8
BLACK
6
CONTINUOUS
10
7.5321975590551178
20
-3.7180783464566929
11
7.5326109055118105
21
-3.7176650393700785
0
LINE
8
BLACK
6
CONTINUOUS
10
7.5326109055118105
20
-3.7176650393700785
11
7.5331453937007868
21
-3.7174436220472442
0
LINE
8
BLACK
6
CONTINUOUS
10
7.5331453937007868
20
-3.7174436220472442
11
7.5336262204724411
21
-3.7171216535433071
0
LINE
8
BLACK
6
CONTINUOUS
10
7.5336262204724411
20
-3.7171216535433071
11
7.5341994881889764
21
-3.7170069685039371
0
LINE
8
BLACK
6
CONTINUOUS
10
7.5341994881889764
20
-3.7170069685039371
11
7.5347397244094489
21
-3.7167832283464568
0
LINE
8
BLACK
6
CONTINUOUS
10
7.5347397244094489
20
-3.7167832283464568
11
7.5353183464566929
21
-3.7167832283464568
0
LINE
8
BLACK
6
CONTINUOUS
10
7.5353183464566929
20
-3.7167832283464568
11
7.5358856692913383
21
-3.7166697637795276
0
LINE
8
BLACK
6
CONTINUOUS
10
7.5358856692913383
20
-3.7166697637795276
11
7.5364592913385824
21
-3.7167832283464568
0
LINE
8
BLACK
6
CONTINUOUS
10
7.7704522834645671
20
-3.7167832283464568
11
7.7725811023622047
21
-3.7176650393700785
0
LINE
8
BLACK
6
CONTINUOUS
10
7.7725811023622047
20
-3.7176650393700785
11
7.7742103937007876
21
-3.7192943307086614
0
LINE
8
BLACK
6
CONTINUOUS
10
7.7742103937007876
20
-3.7192943307086614
11
7.7750922047244089
21
-3.7214231496062991
0
LINE
8
BLACK
6
CONTINUOUS
10
7.7750922047244089
20
-3.7214231496062991
11
7.7750922047244089
21
-3.723727401574803
0
LINE
8
BLACK
6
CONTINUOUS
10
7.7750922047244089
20
-3.723727401574803
11
7.7742103937007876
21
-3.725856220472441
0
LINE
8
BLACK
6
CONTINUOUS
10
7.7742103937007876
20
-3.725856220472441
11
7.7725811023622047
21
-3.7274855118110235
0
LINE
8
BLACK
6
CONTINUOUS
10
7.7725811023622047
20
-3.7274855118110235
11
7.7704522834645671
21
-3.7283673228346457
0
LINE
8
BLACK
6
CONTINUOUS
10
7.7704522834645671
20
-3.7283673228346457
11
7.7464362204724404
21
-3.7284603937007872
0
LINE
8
BLACK
6
CONTINUOUS
10
7.7464362204724404
20
-3.7284603937007872
11
7.7453881102362203
21
-3.739366338582677
0
LINE
8
BLACK
6
CONTINUOUS
10
7.7453881102362203
20
-3.739366338582677
11
7.7454548425196847
21
-3.7393616141732284
0
LINE
8
BLACK
6
CONTINUOUS
10
7.7454548425196847
20
-3.7393616141732284
11
7.745650866141732
21
-3.7392804330708662
0
LINE
8
BLACK
6
CONTINUOUS
10
7.745650866141732
20
-3.7392804330708662
11
7.7467085039370076
21
-3.7392725196850392
0
LINE
8
BLACK
6
CONTINUOUS
10
7.7467085039370076
20
-3.7392725196850392
11
7.7475416929133853
21
-3.739213346456693
0
LINE
8
BLACK
6
CONTINUOUS
10
7.7475416929133853
20
-3.739213346456693
11
7.747697125984252
21
-3.7392651574803151
0
LINE
8
BLACK
6
CONTINUOUS
10
7.747697125984252
20
-3.7392651574803151
11
7.7608637007874011
21
-3.739166968503937
0
LINE
8
BLACK
6
CONTINUOUS
10
7.7608637007874011
20
-3.739166968503937
11
7.7620158267716537
21
-3.7392804330708662
0
LINE
8
BLACK
6
CONTINUOUS
10
7.7620158267716537
20
-3.7392804330708662
11
7.7622118110236222
21
-3.7393616141732284
0
LINE
8
BLACK
6
CONTINUOUS
10
7.7622118110236222
20
-3.7393616141732284
11
7.762423464566929
21
-3.7393766535433071
0
LINE
8
BLACK
6
CONTINUOUS
10
7.762423464566929
20
-3.7393766535433071
11
7.7635099212598426
21
-3.7398993307086612
0
LINE
8
BLACK
6
CONTINUOUS
10
7.7635099212598426
20
-3.7398993307086612
11
7.7641446456692913
21
-3.7401622440944879
0
LINE
8
BLACK
6
CONTINUOUS
10
7.7641446456692913
20
-3.7401622440944879
11
7.7642263779527561
21
-3.7402439763779527
0
LINE
8
BLACK
6
CONTINUOUS
10
7.7642263779527561
20
-3.7402439763779527
11
7.7691290551181105
21
-3.742602559055118
0
LINE
8
BLACK
6
CONTINUOUS
10
7.7691290551181105
20
-3.742602559055118
11
7.7696248818897633
21
-3.74291468503937
0
LINE
8
BLACK
6
CONTINUOUS
10
7.7696248818897633
20
-3.74291468503937
11
7.7697689763779527
21
-3.7429743700787399
0
LINE
8
BLACK
6
CONTINUOUS
10
7.7697689763779527
20
-3.7429743700787399
11
7.7698637401574802
21
-3.7430650393700788
0
LINE
8
BLACK
6
CONTINUOUS
10
7.7698637401574802
20
-3.7430650393700788
11
7.7701087795275585
21
-3.7432192913385824
0
LINE
8
BLACK
6
CONTINUOUS
10
7.7701087795275585
20
-3.7432192913385824
11
7.7705172440944876
21
-3.7436902755905512
0
LINE
8
BLACK
6
CONTINUOUS
10
7.7705172440944876
20
-3.7436902755905512
11
7.773476023622047
21
-3.7465209842519682
0
LINE
8
BLACK
6
CONTINUOUS
10
7.773476023622047
20
-3.7465209842519682
11
7.7738475984251965
21
-3.7469737401574803
0
LINE
8
BLACK
6
CONTINUOUS
10
7.7738475984251965
20
-3.7469737401574803
11
7.7739654724409446
21
-3.7470759842519685
0
LINE
8
BLACK
6
CONTINUOUS
10
7.7739654724409446
20
-3.7470759842519685
11
7.7740239763779524
21
-3.7471886614173227
0
LINE
8
BLACK
6
CONTINUOUS
10
7.7740239763779524
20
-3.7471886614173227
11
7.7742104330708663
21
-3.7474158661417323
0
LINE
8
BLACK
6
CONTINUOUS
10
7.7742104330708663
20
-3.7474158661417323
11
7.7744805511811022
21
-3.748068031496063
0
LINE
8
BLACK
6
CONTINUOUS
10
7.7744805511811022
20
-3.748068031496063
11
7.7773943700787402
21
-3.7536800000000001
0
LINE
8
BLACK
6
CONTINUOUS
10
7.7773943700787402
20
-3.7536800000000001
11
7.7778081102362204
21
-3.7547612598425197
0
LINE
8
BLACK
6
CONTINUOUS
10
7.7778081102362204
20
-3.7547612598425197
11
7.7778231102362199
21
-3.754972834645669
0
LINE
8
BLACK
6
CONTINUOUS
10
7.7778231102362199
20
-3.754972834645669
11
7.7779043700787396
21
-3.7551689370078738
0
LINE
8
BLACK
6
CONTINUOUS
10
7.7779043700787396
20
-3.7551689370078738
11
7.7779122440944883
21
-3.7562266929133856
0
LINE
8
BLACK
6
CONTINUOUS
10
7.7779122440944883
20
-3.7562266929133856
11
7.7779714566929128
21
-3.75705968503937
0
LINE
8
BLACK
6
CONTINUOUS
10
7.7779714566929128
20
-3.75705968503937
11
7.7779196062992124
21
-3.757215157480315
0
LINE
8
BLACK
6
CONTINUOUS
10
7.7779196062992124
20
-3.757215157480315
11
7.7780178346456692
21
-3.770381811023622
0
LINE
8
BLACK
6
CONTINUOUS
10
7.7780178346456692
20
-3.770381811023622
11
7.7779043700787396
21
-3.7715339370078738
0
LINE
8
BLACK
6
CONTINUOUS
10
7.7779043700787396
20
-3.7715339370078738
11
7.7778231102362199
21
-3.7717299999999998
0
LINE
8
BLACK
6
CONTINUOUS
10
7.7778231102362199
20
-3.7717299999999998
11
7.7778081102362204
21
-3.7719416141732283
0
LINE
8
BLACK
6
CONTINUOUS
10
7.7778081102362204
20
-3.7719416141732283
11
7.7772855905511813
21
-3.7730276377952756
0
LINE
8
BLACK
6
CONTINUOUS
10
7.7772855905511813
20
-3.7730276377952756
11
7.7770225590551183
21
-3.7736627559055118
0
LINE
8
BLACK
6
CONTINUOUS
10
7.7770225590551183
20
-3.7736627559055118
11
7.7769407086614173
21
-3.7737445669291336
0
LINE
8
BLACK
6
CONTINUOUS
10
7.7769407086614173
20
-3.7737445669291336
11
7.7745822047244095
21
-3.7786471259842518
0
LINE
8
BLACK
6
CONTINUOUS
10
7.7745822047244095
20
-3.7786471259842518
11
7.7742700787401571
21
-3.7791429133858268
0
LINE
8
BLACK
6
CONTINUOUS
10
7.7742700787401571
20
-3.7791429133858268
11
7.7742104330708663
21
-3.7792870078740157
0
LINE
8
BLACK
6
CONTINUOUS
10
7.7742104330708663
20
-3.7792870078740157
11
7.7741197244094487
21
-3.7793817716535432
0
LINE
8
BLACK
6
CONTINUOUS
10
7.7741197244094487
20
-3.7793817716535432
11
7.7739654724409446
21
-3.7796268897637795
0
LINE
8
BLACK
6
CONTINUOUS
10
7.7739654724409446
20
-3.7796268897637795
11
7.7734944094488183
21
-3.7800353937007873
0
LINE
8
BLACK
6
CONTINUOUS
10
7.7734944094488183
20
-3.7800353937007873
11
7.7706638976377951
21
-3.78299405511811
0
LINE
8
BLACK
6
CONTINUOUS
10
7.7706638976377951
20
-3.78299405511811
11
7.7702109055118109
21
-3.7833657874015749
0
LINE
8
BLACK
6
CONTINUOUS
10
7.7702109055118109
20
-3.7833657874015749
11
7.7701087795275585
21
-3.7834835826771651
0
LINE
8
BLACK
6
CONTINUOUS
10
7.7701087795275585
20
-3.7834835826771651
11
7.7699961417322836
21
-3.7835420472440946
0
LINE
8
BLACK
6
CONTINUOUS
10
7.7699961417322836
20
-3.7835420472440946
11
7.7697689763779527
21
-3.7837285039370077
0
LINE
8
BLACK
6
CONTINUOUS
10
7.7697689763779527
20
-3.7837285039370077
11
7.7691164960629919
21
-3.7839987401574802
0
LINE
8
BLACK
6
CONTINUOUS
10
7.7691164960629919
20
-3.7839987401574802
11
7.7635046850393703
21
-3.786912440944882
0
LINE
8
BLACK
6
CONTINUOUS
10
7.7635046850393703
20
-3.786912440944882
11
7.762423464566929
21
-3.7873262204724409
0
LINE
8
BLACK
6
CONTINUOUS
10
7.762423464566929
20
-3.7873262204724409
11
7.7622118110236222
21
-3.7873412204724408
0
LINE
8
BLACK
6
CONTINUOUS
10
7.7622118110236222
20
-3.7873412204724408
11
7.7620158267716537
21
-3.7874224409448818
0
LINE
8
BLACK
6
CONTINUOUS
10
7.7620158267716537
20
-3.7874224409448818
11
7.7609581889763781
21
-3.7874303149606297
0
LINE
8
BLACK
6
CONTINUOUS
10
7.7609581889763781
20
-3.7874303149606297
11
7.7601250393700782
21
-3.787489527559055
0
LINE
8
BLACK
6
CONTINUOUS
10
7.7601250393700782
20
-3.787489527559055
11
7.7599695669291338
21
-3.7874376771653542
0
LINE
8
BLACK
6
CONTINUOUS
10
7.7599695669291338
20
-3.7874376771653542
11
7.7468029921259838
21
-3.787535905511811
0
LINE
8
BLACK
6
CONTINUOUS
10
7.7468029921259838
20
-3.787535905511811
11
7.745650866141732
21
-3.7874224409448818
0
LINE
8
BLACK
6
CONTINUOUS
10
7.745650866141732
20
-3.7874224409448818
11
7.7454548425196847
21
-3.7873412204724408
0
LINE
8
BLACK
6
CONTINUOUS
10
7.7454548425196847
20
-3.7873412204724408
11
7.7452432283464567
21
-3.7873262204724409
0
LINE
8
BLACK
6
CONTINUOUS
10
7.7452432283464567
20
-3.7873262204724409
11
7.7441567716535431
21
-3.7868035433070864
0
LINE
8
BLACK
6
CONTINUOUS
10
7.7441567716535431
20
-3.7868035433070864
11
7.7435220472440944
21
-3.7865406299212596
0
LINE
8
BLACK
6
CONTINUOUS
10
7.7435220472440944
20
-3.7865406299212596
11
7.7434402362204722
21
-3.7864588188976378
0
LINE
8
BLACK
6
CONTINUOUS
10
7.7434402362204722
20
-3.7864588188976378
11
7.738537677165354
21
-3.78410031496063
0
LINE
8
BLACK
6
CONTINUOUS
10
7.738537677165354
20
-3.78410031496063
11
7.738041732283464
21
-3.7837881496062993
0
LINE
8
BLACK
6
CONTINUOUS
10
7.738041732283464
20
-3.7837881496062993
11
7.737897716535433
21
-3.7837285039370077
0
LINE
8
BLACK
6
CONTINUOUS
10
7.737897716535433
20
-3.7837285039370077
11
7.7378029921259843
21
-3.7836378740157479
0
LINE
8
BLACK
6
CONTINUOUS
10
7.7378029921259843
20
-3.7836378740157479
11
7.7375579133858263
21
-3.7834836220472439
0
LINE
8
BLACK
6
CONTINUOUS
10
7.7375579133858263
20
-3.7834836220472439
11
7.7371492519685034
21
-3.7830124409448818
0
LINE
8
BLACK
6
CONTINUOUS
10
7.7371492519685034
20
-3.7830124409448818
11
7.7341906692913387
21
-3.7801818897637793
0
LINE
8
BLACK
6
CONTINUOUS
10
7.7341906692913387
20
-3.7801818897637793
11
7.7334562598425194
21
-3.779286968503937
0
LINE
8
BLACK
6
CONTINUOUS
10
7.7334562598425194
20
-3.779286968503937
11
7.732574488188976
21
-3.7771581496062989
0
LINE
8
BLACK
6
CONTINUOUS
10
7.732574488188976
20
-3.7771581496062989
11
7.732574488188976
21
-3.7748539763779525
0
LINE
8
BLACK
6
CONTINUOUS
10
7.732574488188976
20
-3.7748539763779525
11
7.7334562992125981
21
-3.7727251574803149
0
LINE
8
BLACK
6
CONTINUOUS
10
7.7334562992125981
20
-3.7727251574803149
11
7.7350856692913386
21
-3.7710958267716537
0
LINE
8
BLACK
6
CONTINUOUS
10
7.7350856692913386
20
-3.7710958267716537
11
7.7372144881889762
21
-3.7702140551181103
0
LINE
8
BLACK
6
CONTINUOUS
10
7.7372144881889762
20
-3.7702140551181103
11
7.739518661417323
21
-3.7702140551181103
0
LINE
8
BLACK
6
CONTINUOUS
10
7.739518661417323
20
-3.7702140551181103
11
7.7416474803149606
21
-3.771095866141732
0
LINE
8
BLACK
6
CONTINUOUS
10
7.7416474803149606
20
-3.771095866141732
11
7.7448047244094482
21
-3.7741164960629918
0
LINE
8
BLACK
6
CONTINUOUS
10
7.7448047244094482
20
-3.7741164960629918
11
7.7483421653543303
21
-3.7758182677165353
0
LINE
8
BLACK
6
CONTINUOUS
10
7.7483421653543303
20
-3.7758182677165353
11
7.7596135433070863
21
-3.7757341732283463
0
LINE
8
BLACK
6
CONTINUOUS
10
7.7596135433070863
20
-3.7757341732283463
11
7.7631421653543304
21
-3.773902125984252
0
LINE
8
BLACK
6
CONTINUOUS
10
7.7631421653543304
20
-3.773902125984252
11
7.7645984251968505
21
-3.7723799606299213
0
LINE
8
BLACK
6
CONTINUOUS
10
7.7645984251968505
20
-3.7723799606299213
11
7.766300196850394
21
-3.7688425984251968
0
LINE
8
BLACK
6
CONTINUOUS
10
7.766300196850394
20
-3.7688425984251968
11
7.7662161023622049
21
-3.757571181102362
0
LINE
8
BLACK
6
CONTINUOUS
10
7.7662161023622049
20
-3.757571181102362
11
7.7643840551181098
21
-3.7540425984251966
0
LINE
8
BLACK
6
CONTINUOUS
10
7.7643840551181098
20
-3.7540425984251966
11
7.7628618897637791
21
-3.752586338582677
0
LINE
8
BLACK
6
CONTINUOUS
10
7.7628618897637791
20
-3.752586338582677
11
7.7593245275590546
21
-3.750884566929134
0
LINE
8
BLACK
6
CONTINUOUS
10
7.7593245275590546
20
-3.750884566929134
11
7.7480530314960632
21
-3.7509686614173225
0
LINE
8
BLACK
6
CONTINUOUS
10
7.7480530314960632
20
-3.7509686614173225
11
7.7445246062992128
21
-3.7528006299212597
0
LINE
8
BLACK
6
CONTINUOUS
10
7.7445246062992128
20
-3.7528006299212597
11
7.742542401574803
21
-3.754872559055118
0
LINE
8
BLACK
6
CONTINUOUS
10
7.742542401574803
20
-3.754872559055118
11
7.7416474803149606
21
-3.7556070078740156
0
LINE
8
BLACK
6
CONTINUOUS
10
7.7416474803149606
20
-3.7556070078740156
11
7.7413726771653542
21
-3.7557208267716535
0
LINE
8
BLACK
6
CONTINUOUS
10
7.7413726771653542
20
-3.7557208267716535
11
7.7411425984251965
21
-3.7559090944881888
0
LINE
8
BLACK
6
CONTINUOUS
10
7.7411425984251965
20
-3.7559090944881888
11
7.7403162598425199
21
-3.7561584251968503
0
LINE
8
BLACK
6
CONTINUOUS
10
7.7403162598425199
20
-3.7561584251968503
11
7.739518661417323
21
-3.7564888188976377
0
LINE
8
BLACK
6
CONTINUOUS
10
7.739518661417323
20
-3.7564888188976377
11
7.7392212992125984
21
-3.7564888188976377
0
LINE
8
BLACK
6
CONTINUOUS
10
7.7392212992125984
20
-3.7564888188976377
11
7.7389366141732285
21
-3.756574724409449
0
LINE
8
BLACK
6
CONTINUOUS
10
7.7389366141732285
20
-3.756574724409449
11
7.738077598425197
21
-3.7564888188976377
0
LINE
8
BLACK
6
CONTINUOUS
10
7.738077598425197
20
-3.7564888188976377
11
7.7372144881889762
21
-3.7564888188976377
0
LINE
8
BLACK
6
CONTINUOUS
10
7.7372144881889762
20
-3.7564888188976377
11
7.7369397637795272
21
-3.7563749999999998
0
LINE
8
BLACK
6
CONTINUOUS
10
7.7369397637795272
20
-3.7563749999999998
11
7.7366438188976376
21
-3.7563454330708659
0
LINE
8
BLACK
6
CONTINUOUS
10
7.7366438188976376
20
-3.7563454330708659
11
7.7358830708661417
21
-3.7559373228346455
0
LINE
8
BLACK
6
CONTINUOUS
10
7.7358830708661417
20
-3.7559373228346455
11
7.7350856692913386
21
-3.7556070472440943
0
LINE
8
BLACK
6
CONTINUOUS
10
7.7350856692913386
20
-3.7556070472440943
11
7.7348753543307085
21
-3.755396771653543
0
LINE
8
BLACK
6
CONTINUOUS
10
7.7348753543307085
20
-3.755396771653543
11
7.7346133070866143
21
-3.7552561811023621
0
LINE
8
BLACK
6
CONTINUOUS
10
7.7346133070866143
20
-3.7552561811023621
11
7.7340666929133857
21
-3.7545880708661414
0
LINE
8
BLACK
6
CONTINUOUS
10
7.7340666929133857
20
-3.7545880708661414
11
7.7334562992125981
21
-3.7539777165354331
0
LINE
8
BLACK
6
CONTINUOUS
10
7.7334562992125981
20
-3.7539777165354331
11
7.7333424409448819
21
-3.7537029133858266
0
LINE
8
BLACK
6
CONTINUOUS
10
7.7333424409448819
20
-3.7537029133858266
11
7.7331542125984249
21
-3.7534728346456694
0
LINE
8
BLACK
6
CONTINUOUS
10
7.7331542125984249
20
-3.7534728346456694
11
7.7329048425196847
21
-3.7526464960629919
0
LINE
8
BLACK
6
CONTINUOUS
10
7.7329048425196847
20
-3.7526464960629919
11
7.732574488188976
21
-3.7518488976377951
0
LINE
8
BLACK
6
CONTINUOUS
10
7.732574488188976
20
-3.7518488976377951
11
7.732574488188976
21
-3.7515515354330708
0
LINE
8
BLACK
6
CONTINUOUS
10
7.732574488188976
20
-3.7515515354330708
11
7.7324885826771652
21
-3.7512668503937006
0
LINE
8
BLACK
6
CONTINUOUS
10
7.7324885826771652
20
-3.7512668503937006
11
7.732574488188976
21
-3.7503729527559053
0
LINE
8
BLACK
6
CONTINUOUS
10
7.732574488188976
20
-3.7503729527559053
11
7.732574488188976
21
-3.7495447244094486
0
LINE
8
BLACK
6
CONTINUOUS
10
7.732574488188976
20
-3.7495447244094486
11
7.7326781102362201
21
-3.7492944881889763
0
LINE
8
BLACK
6
CONTINUOUS
10
7.7326781102362201
20
-3.7492944881889763
11
7.7353024409448814
21
-3.7219876771653544
0
LINE
8
BLACK
6
CONTINUOUS
10
7.7353024409448814
20
-3.7219876771653544
11
7.7353866141732279
21
-3.7215677952755906
0
LINE
8
BLACK
6
CONTINUOUS
10
7.7353866141732279
20
-3.7215677952755906
11
7.7353866141732279
21
-3.7214231496062991
0
LINE
8
BLACK
6
CONTINUOUS
10
7.7353866141732279
20
-3.7214231496062991
11
7.7354427952755902
21
-3.7212874803149605
0
LINE
8
BLACK
6
CONTINUOUS
10
7.7354427952755902
20
-3.7212874803149605
11
7.7355299999999998
21
-3.720852559055118
0
LINE
8
BLACK
6
CONTINUOUS
10
7.7355299999999998
20
-3.720852559055118
11
7.7359380314960626
21
-3.7200918503937008
0
LINE
8
BLACK
6
CONTINUOUS
10
7.7359380314960626
20
-3.7200918503937008
11
7.7362684251968501
21
-3.7192943307086614
0
LINE
8
BLACK
6
CONTINUOUS
10
7.7362684251968501
20
-3.7192943307086614
11
7.7364786614173227
21
-3.7190840551181101
0
LINE
8
BLACK
6
CONTINUOUS
10
7.7364786614173227
20
-3.7190840551181101
11
7.736619251968504
21
-3.7188220472440943
0
LINE
8
BLACK
6
CONTINUOUS
10
7.736619251968504
20
-3.7188220472440943
11
7.737287244094488
21
-3.7182754724409448
0
LINE
8
BLACK
6
CONTINUOUS
10
7.737287244094488
20
-3.7182754724409448
11
7.737897716535433
21
-3.7176650393700785
0
LINE
8
BLACK
6
CONTINUOUS
10
7.737897716535433
20
-3.7176650393700785
11
7.7381724803149607
21
-3.7175511811023623
0
LINE
8
BLACK
6
CONTINUOUS
10
7.7381724803149607
20
-3.7175511811023623
11
7.7384025984251963
21
-3.7173629527559053
0
LINE
8
BLACK
6
CONTINUOUS
10
7.7384025984251963
20
-3.7173629527559053
11
7.7392287795275587
21
-3.7171136614173226
0
LINE
8
BLACK
6
CONTINUOUS
10
7.7392287795275587
20
-3.7171136614173226
11
7.7400265354330706
21
-3.7167832283464568
0
LINE
8
BLACK
6
CONTINUOUS
10
7.7400265354330706
20
-3.7167832283464568
11
7.7403278346456688
21
-3.7167820472440942
0
LINE
8
BLACK
6
CONTINUOUS
10
7.7403278346456688
20
-3.7167820472440942
11
7.7406085826771651
21
-3.7166973622047244
0
LINE
8
BLACK
6
CONTINUOUS
10
7.7406085826771651
20
-3.7166973622047244
11
7.7414135433070861
21
-3.716777834645669
0
LINE
8
BLACK
6
CONTINUOUS
10
7.7414135433070861
20
-3.716777834645669
11
7.7693001574803144
21
-3.7166697637795276
0
LINE
8
BLACK
6
CONTINUOUS
10
7.7693001574803144
20
-3.7166697637795276
11
7.7704522834645671
21
-3.7167832283464568
0
LINE
8
BLACK
6
CONTINUOUS
10
7.8312798818897633
20
-3.7174448031496063
11
7.8330205905511807
21
-3.7189545275590552
0
LINE
8
BLACK
6
CONTINUOUS
10
7.8330205905511807
20
-3.7189545275590552
11
7.8340510629921258
21
-3.7210154330708662
0
LINE
8
BLACK
6
CONTINUOUS
10
7.8340510629921258
20
-3.7210154330708662
11
7.8342144488188978
21
-3.7233138582677165
0
LINE
8
BLACK
6
CONTINUOUS
10
7.8342144488188978
20
-3.7233138582677165
11
7.8142726771653539
21
-3.7834978740157479
0
LINE
8
BLACK
6
CONTINUOUS
10
7.8142726771653539
20
-3.7834978740157479
11
7.8138007086614172
21
-3.7845550000000001
0
LINE
8
BLACK
6
CONTINUOUS
10
7.8138007086614172
20
-3.7845550000000001
11
7.8135242125984252
21
-3.7848737401574803
0
LINE
8
BLACK
6
CONTINUOUS
10
7.8135242125984252
20
-3.7848737401574803
11
7.813335551181102
21
-3.7852511417322834
0
LINE
8
BLACK
6
CONTINUOUS
10
7.813335551181102
20
-3.7852511417322834
11
7.8127761417322832
21
-3.7857362992125982
0
LINE
8
BLACK
6
CONTINUOUS
10
7.8127761417322832
20
-3.7857362992125982
11
7.8122909842519679
21
-3.7862957086614171
0
LINE
8
BLACK
6
CONTINUOUS
10
7.8122909842519679
20
-3.7862957086614171
11
7.8119135826771648
21
-3.7864843700787403
0
LINE
8
BLACK
6
CONTINUOUS
10
7.8119135826771648
20
-3.7864843700787403
11
7.8115948425196846
21
-3.7867608661417322
0
LINE
8
BLACK
6
CONTINUOUS
10
7.8115948425196846
20
-3.7867608661417322
11
7.8108923228346452
21
-3.7869950393700789
0
LINE
8
BLACK
6
CONTINUOUS
10
7.8108923228346452
20
-3.7869950393700789
11
7.8102300787401573
21
-3.7873261811023622
0
LINE
8
BLACK
6
CONTINUOUS
10
7.8102300787401573
20
-3.7873261811023622
11
7.8098092519685034
21
-3.7873560629921257
0
LINE
8
BLACK
6
CONTINUOUS
10
7.8098092519685034
20
-3.7873560629921257
11
7.8094088582677159
21
-3.7874895669291337
0
LINE
8
BLACK
6
CONTINUOUS
10
7.8094088582677159
20
-3.7874895669291337
11
7.808670039370079
21
-3.7874370472440946
0
LINE
8
BLACK
6
CONTINUOUS
10
7.808670039370079
20
-3.7874370472440946
11
7.8079316141732278
21
-3.787489527559055
0
LINE
8
BLACK
6
CONTINUOUS
10
7.8079316141732278
20
-3.787489527559055
11
7.8075312992125978
21
-3.7873560629921257
0
LINE
8
BLACK
6
CONTINUOUS
10
7.8075312992125978
20
-3.7873560629921257
11
7.8071104330708661
21
-3.7873261811023622
0
LINE
8
BLACK
6
CONTINUOUS
10
7.8071104330708661
20
-3.7873261811023622
11
7.8064480708661419
21
-3.7869950000000001
0
LINE
8
BLACK
6
CONTINUOUS
10
7.8064480708661419
20
-3.7869950000000001
11
7.80574562992126
21
-3.7867608661417322
0
LINE
8
BLACK
6
CONTINUOUS
10
7.80574562992126
20
-3.7867608661417322
11
7.8054269291338585
21
-3.7864844488188973
0
LINE
8
BLACK
6
CONTINUOUS
10
7.8054269291338585
20
-3.7864844488188973
11
7.8050494881889758
21
-3.7862957480314958
0
LINE
8
BLACK
6
CONTINUOUS
10
7.8050494881889758
20
-3.7862957480314958
11
7.8045642125984251
21
-3.7857362204724407
0
LINE
8
BLACK
6
CONTINUOUS
10
7.8045642125984251
20
-3.7857362204724407
11
7.8040049212598426
21
-3.7852511417322834
0
LINE
8
BLACK
6
CONTINUOUS
10
7.8040049212598426
20
-3.7852511417322834
11
7.8038162204724406
21
-3.7848737795275591
0
LINE
8
BLACK
6
CONTINUOUS
10
7.8038162204724406
20
-3.7848737795275591
11
7.8035397637795274
21
-3.7845550000000001
0
LINE
8
BLACK
6
CONTINUOUS
10
7.8035397637795274
20
-3.7845550000000001
11
7.8033013385826768
21
-3.7838440551181103
0
LINE
8
BLACK
6
CONTINUOUS
10
7.8033013385826768
20
-3.7838440551181103
11
7.8029744488188975
21
-3.7831902362204723
0
LINE
8
BLACK
6
CONTINUOUS
10
7.8029744488188975
20
-3.7831902362204723
11
7.8029454724409444
21
-3.7827827559055116
0
LINE
8
BLACK
6
CONTINUOUS
10
7.8029454724409444
20
-3.7827827559055116
11
7.783382755905512
21
-3.7244427559055118
0
LINE
8
BLACK
6
CONTINUOUS
10
7.783382755905512
20
-3.7244427559055118
11
7.7831260629921255
21
-3.7233138976377953
0
LINE
8
BLACK
6
CONTINUOUS
10
7.7831260629921255
20
-3.7233138976377953
11
7.7832894094488188
21
-3.7210154330708662
0
LINE
8
BLACK
6
CONTINUOUS
10
7.7832894094488188
20
-3.7210154330708662
11
7.7843198818897639
21
-3.7189545275590552
0
LINE
8
BLACK
6
CONTINUOUS
10
7.7843198818897639
20
-3.7189545275590552
11
7.7860605905511813
21
-3.7174448031496063
0
LINE
8
BLACK
6
CONTINUOUS
10
7.7860605905511813
20
-3.7174448031496063
11
7.7882465748031491
21
-3.7167161417322836
0
LINE
8
BLACK
6
CONTINUOUS
10
7.7882465748031491
20
-3.7167161417322836
11
7.7905450393700786
21
-3.7168794881889764
0
LINE
8
BLACK
6
CONTINUOUS
10
7.7905450393700786
20
-3.7168794881889764
11
7.7926059448818892
21
-3.7179099606299211
0
LINE
8
BLACK
6
CONTINUOUS
10
7.7926059448818892
20
-3.7179099606299211
11
7.7941156692913385
21
-3.7196506692913385
0
LINE
8
BLACK
6
CONTINUOUS
10
7.7941156692913385
20
-3.7196506692913385
11
7.8086958267716531
21
-3.7631316141732283
0
LINE
8
BLACK
6
CONTINUOUS
10
7.8086958267716531
20
-3.7631316141732283
11
7.8227528346456694
21
-3.7207077952755903
0
LINE
8
BLACK
6
CONTINUOUS
10
7.8227528346456694
20
-3.7207077952755903
11
7.8232248031496061
21
-3.7196506692913385
0
LINE
8
BLACK
6
CONTINUOUS
10
7.8232248031496061
20
-3.7196506692913385
11
7.8247345275590545
21
-3.7179099212598423
0
LINE
8
BLACK
6
CONTINUOUS
10
7.8247345275590545
20
-3.7179099212598423
11
7.8267954724409448
21
-3.7168794881889764
0
LINE
8
BLACK
6
CONTINUOUS
10
7.8267954724409448
20
-3.7168794881889764
11
7.8290938976377955
21
-3.7167161023622048
0
LINE
8
BLACK
6
CONTINUOUS
10
7.8290938976377955
20
-3.7167161023622048
11
7.8312798818897633
21
-3.7174448031496063
0
LINE
8
BLACK
6
CONTINUOUS
10
7.6692149606299207
20
-3.7533411811023623
11
7.6713437795275592
21
-3.754222992125984
0
LINE
8
BLACK
6
CONTINUOUS
10
7.6713437795275592
20
-3.754222992125984
11
7.6729730708661412
21
-3.7558522834645669
0
LINE
8
BLACK
6
CONTINUOUS
10
7.6729730708661412
20
-3.7558522834645669
11
7.6738548818897634
21
-3.7579811023622045
0
LINE
8
BLACK
6
CONTINUOUS
10
7.6738548818897634
20
-3.7579811023622045
11
7.6738548818897634
21
-3.7602853543307084
0
LINE
8
BLACK
6
CONTINUOUS
10
7.6738548818897634
20
-3.7602853543307084
11
7.6729730708661412
21
-3.7624141732283465
0
LINE
8
BLACK
6
CONTINUOUS
10
7.6729730708661412
20
-3.7624141732283465
11
7.6713437795275592
21
-3.764043464566929
0
LINE
8
BLACK
6
CONTINUOUS
10
7.6713437795275592
20
-3.764043464566929
11
7.6692149606299207
21
-3.7649252755905511
0
LINE
8
BLACK
6
CONTINUOUS
10
7.6692149606299207
20
-3.7649252755905511
11
7.6230684251968501
21
-3.7650387401574803
0
LINE
8
BLACK
6
CONTINUOUS
10
7.6230684251968501
20
-3.7650387401574803
11
7.6219162992125984
21
-3.7649252755905511
0
LINE
8
BLACK
6
CONTINUOUS
10
7.6219162992125984
20
-3.7649252755905511
11
7.6197874803149608
21
-3.764043464566929
0
LINE
8
BLACK
6
CONTINUOUS
10
7.6197874803149608
20
-3.764043464566929
11
7.6181581889763779
21
-3.7624141732283465
0
LINE
8
BLACK
6
CONTINUOUS
10
7.6181581889763779
20
-3.7624141732283465
11
7.6172763779527557
21
-3.7602853543307084
0
LINE
8
BLACK
6
CONTINUOUS
10
7.6172763779527557
20
-3.7602853543307084
11
7.6172763779527557
21
-3.7579811023622045
0
LINE
8
BLACK
6
CONTINUOUS
10
7.6172763779527557
20
-3.7579811023622045
11
7.6181581889763779
21
-3.7558522834645669
0
LINE
8
BLACK
6
CONTINUOUS
10
7.6181581889763779
20
-3.7558522834645669
11
7.6197874803149608
21
-3.754222992125984
0
LINE
8
BLACK
6
CONTINUOUS
10
7.6197874803149608
20
-3.754222992125984
11
7.6219162992125984
21
-3.7533411811023623
0
LINE
8
BLACK
6
CONTINUOUS
10
7.6219162992125984
20
-3.7533411811023623
11
7.668062834645669
21
-3.7532277165354331
0
LINE
8
BLACK
6
CONTINUOUS
10
7.668062834645669
20
-3.7532277165354331
11
7.6692149606299207
21
-3.7533411811023623
0
LINE
8
BLACK
6
CONTINUOUS
10
7.1232067322834647
20
-3.7231631496062993
11
7.124271141732283
21
-3.72360405511811
0
LINE
8
BLACK
6
CONTINUOUS
10
7.124271141732283
20
-3.72360405511811
11
7.1250857874015745
21
-3.7244187007874014
0
LINE
8
BLACK
6
CONTINUOUS
10
7.1250857874015745
20
-3.7244187007874014
11
7.125526692913386
21
-3.7254831102362203
0
LINE
8
BLACK
6
CONTINUOUS
10
7.125526692913386
20
-3.7254831102362203
11
7.125526692913386
21
-3.7266352362204724
0
LINE
8
BLACK
6
CONTINUOUS
10
7.125526692913386
20
-3.7266352362204724
11
7.1250857874015745
21
-3.7276996456692912
0
LINE
8
BLACK
6
CONTINUOUS
10
7.1250857874015745
20
-3.7276996456692912
11
7.124271141732283
21
-3.7285142913385827
0
LINE
8
BLACK
6
CONTINUOUS
10
7.124271141732283
20
-3.7285142913385827
11
7.1232067322834647
21
-3.7289551968503938
0
LINE
8
BLACK
6
CONTINUOUS
10
7.1232067322834647
20
-3.7289551968503938
11
7.1026176377952757
21
-3.729010275590551
0
LINE
8
BLACK
6
CONTINUOUS
10
7.1026176377952757
20
-3.729010275590551
11
7.1004114960629918
21
-3.730146338582677
0
LINE
8
BLACK
6
CONTINUOUS
10
7.1004114960629918
20
-3.730146338582677
11
7.0992922440944879
21
-3.7324530708661419
0
LINE
8
BLACK
6
CONTINUOUS
10
7.0992922440944879
20
-3.7324530708661419
11
7.0993310236220468
21
-3.7366905511811024
0
LINE
8
BLACK
6
CONTINUOUS
10
7.0993310236220468
20
-3.7366905511811024
11
7.1004711023622047
21
-3.7389044881889761
0
LINE
8
BLACK
6
CONTINUOUS
10
7.1004711023622047
20
-3.7389044881889761
11
7.1027956692913383
21
-3.740032401574803
0
LINE
8
BLACK
6
CONTINUOUS
10
7.1027956692913383
20
-3.740032401574803
11
7.1226306692913388
21
-3.7399793307086613
0
LINE
8
BLACK
6
CONTINUOUS
10
7.1226306692913388
20
-3.7399793307086613
11
7.1232067322834647
21
-3.7400360629921261
0
LINE
8
BLACK
6
CONTINUOUS
10
7.1232067322834647
20
-3.7400360629921261
11
7.124271141732283
21
-3.7404769685039367
0
LINE
8
BLACK
6
CONTINUOUS
10
7.124271141732283
20
-3.7404769685039367
11
7.1250857874015745
21
-3.7412916141732282
0
LINE
8
BLACK
6
CONTINUOUS
10
7.1250857874015745
20
-3.7412916141732282
11
7.125526692913386
21
-3.742356023622047
0
LINE
8
BLACK
6
CONTINUOUS
10
7.125526692913386
20
-3.742356023622047
11
7.125526692913386
21
-3.7435081496062992
0
LINE
8
BLACK
6
CONTINUOUS
10
7.125526692913386
20
-3.7435081496062992
11
7.1250857874015745
21
-3.744572559055118
0
LINE
8
BLACK
6
CONTINUOUS
10
7.1250857874015745
20
-3.744572559055118
11
7.124271141732283
21
-3.7453872047244094
0
LINE
8
BLACK
6
CONTINUOUS
10
7.124271141732283
20
-3.7453872047244094
11
7.1232067322834647
21
-3.7458281102362205
0
LINE
8
BLACK
6
CONTINUOUS
10
7.1232067322834647
20
-3.7458281102362205
11
7.1026176377952757
21
-3.7458831889763777
0
LINE
8
BLACK
6
CONTINUOUS
10
7.1026176377952757
20
-3.7458831889763777
11
7.1004115354330706
21
-3.7470192519685037
0
LINE
8
BLACK
6
CONTINUOUS
10
7.1004115354330706
20
-3.7470192519685037
11
7.0992922440944879
21
-3.7493259448818899
0
LINE
8
BLACK
6
CONTINUOUS
10
7.0992922440944879
20
-3.7493259448818899
11
7.0993310236220468
21
-3.7535634251968504
0
LINE
8
BLACK
6
CONTINUOUS
10
7.0993310236220468
20
-3.7535634251968504
11
7.1007270078740152
21
-3.7562743307086612
0
LINE
8
BLACK
6
CONTINUOUS
10
7.1007270078740152
20
-3.7562743307086612
11
7.1013721259842519
21
-3.7568971653543306
0
LINE
8
BLACK
6
CONTINUOUS
10
7.1013721259842519
20
-3.7568971653543306
11
7.1226306692913388
21
-3.7568522047244093
0
LINE
8
BLACK
6
CONTINUOUS
10
7.1226306692913388
20
-3.7568522047244093
11
7.1232067322834647
21
-3.7569089370078741
0
LINE
8
BLACK
6
CONTINUOUS
10
7.1232067322834647
20
-3.7569089370078741
11
7.124271141732283
21
-3.7573498425196847
0
LINE
8
BLACK
6
CONTINUOUS
10
7.124271141732283
20
-3.7573498425196847
11
7.1250857874015745
21
-3.7581644881889762
0
LINE
8
BLACK
6
CONTINUOUS
10
7.1250857874015745
20
-3.7581644881889762
11
7.125526692913386
21
-3.759228897637795
0
LINE
8
BLACK
6
CONTINUOUS
10
7.125526692913386
20
-3.759228897637795
11
7.125526692913386
21
-3.7603810236220472
0
LINE
8
BLACK
6
CONTINUOUS
10
7.125526692913386
20
-3.7603810236220472
11
7.1250857874015745
21
-3.761445433070866
0
LINE
8
BLACK
6
CONTINUOUS
10
7.1250857874015745
20
-3.761445433070866
11
7.124271141732283
21
-3.7622600787401574
0
LINE
8
BLACK
6
CONTINUOUS
10
7.124271141732283
20
-3.7622600787401574
11
7.1232067322834647
21
-3.7627009842519685
0
LINE
8
BLACK
6
CONTINUOUS
10
7.1232067322834647
20
-3.7627009842519685
11
7.0963839370078743
21
-3.7627577165354329
0
LINE
8
BLACK
6
CONTINUOUS
10
7.0963839370078743
20
-3.7627577165354329
11
7.0958078740157475
21
-3.7627009842519685
0
LINE
8
BLACK
6
CONTINUOUS
10
7.0958078740157475
20
-3.7627009842519685
11
7.0947434645669292
21
-3.7622600787401574
0
LINE
8
BLACK
6
CONTINUOUS
10
7.0947434645669292
20
-3.7622600787401574
11
7.0939288188976377
21
-3.761445433070866
0
LINE
8
BLACK
6
CONTINUOUS
10
7.0939288188976377
20
-3.761445433070866
11
7.0934879133858262
21
-3.7603810236220472
0
LINE
8
BLACK
6
CONTINUOUS
10
7.0934879133858262
20
-3.7603810236220472
11
7.0934879133858262
21
-3.759228897637795
0
LINE
8
BLACK
6
CONTINUOUS
10
7.0934879133858262
20
-3.759228897637795
11
7.0939288188976377
21
-3.7581644881889762
0
LINE
8
BLACK
6
CONTINUOUS
10
7.0939288188976377
20
-3.7581644881889762
11
7.0947113779527555
21
-3.7573818897637796
0
LINE
8
BLACK
6
CONTINUOUS
10
7.0947113779527555
20
-3.7573818897637796
11
7.0937429133858263
21
-3.7555011811023622
0
LINE
8
BLACK
6
CONTINUOUS
10
7.0937429133858263
20
-3.7555011811023622
11
7.0935360236220468
21
-3.7549605511811022
0
LINE
8
BLACK
6
CONTINUOUS
10
7.0935360236220468
20
-3.7549605511811022
11
7.0935285039370077
21
-3.7548547244094488
0
LINE
8
BLACK
6
CONTINUOUS
10
7.0935285039370077
20
-3.7548547244094488
11
7.0934879133858262
21
-3.7547567322834645
0
LINE
8
BLACK
6
CONTINUOUS
10
7.0934879133858262
20
-3.7547567322834645
11
7.0934829133858264
21
-3.7542134645669289
0
LINE
8
BLACK
6
CONTINUOUS
10
7.0934829133858264
20
-3.7542134645669289
11
7.0934543700787396
21
-3.7538113385826772
0
LINE
8
BLACK
6
CONTINUOUS
10
7.0934543700787396
20
-3.7538113385826772
11
7.0934785826771654
21
-3.7537386220472442
0
LINE
8
BLACK
6
CONTINUOUS
10
7.0934785826771654
20
-3.7537386220472442
11
7.0934311811023623
21
-3.748556377952756
0
LINE
8
BLACK
6
CONTINUOUS
10
7.0934311811023623
20
-3.748556377952756
11
7.0934879133858262
21
-3.7479803149606297
0
LINE
8
BLACK
6
CONTINUOUS
10
7.0934879133858262
20
-3.7479803149606297
11
7.0935285039370077
21
-3.7478822834645666
0
LINE
8
BLACK
6
CONTINUOUS
10
7.0935285039370077
20
-3.7478822834645666
11
7.0935360236220468
21
-3.747776496062992
0
LINE
8
BLACK
6
CONTINUOUS
10
7.0935360236220468
20
-3.747776496062992
11
7.0937842125984254
21
-3.7472649212598426
0
LINE
8
BLACK
6
CONTINUOUS
10
7.0937842125984254
20
-3.7472649212598426
11
7.0939288188976377
21
-3.7469159055118109
0
LINE
8
BLACK
6
CONTINUOUS
10
7.0939288188976377
20
-3.7469159055118109
11
7.0939769291338584
21
-3.7468677559055119
0
LINE
8
BLACK
6
CONTINUOUS
10
7.0939769291338584
20
-3.7468677559055119
11
7.0956176771653539
21
-3.7434863385826769
0
LINE
8
BLACK
6
CONTINUOUS
10
7.0956176771653539
20
-3.7434863385826769
11
7.0956783070866143
21
-3.743389960629921
0
LINE
8
BLACK
6
CONTINUOUS
10
7.0956783070866143
20
-3.743389960629921
11
7.0956934645669287
21
-3.7433445669291339
0
LINE
8
BLACK
6
CONTINUOUS
10
7.0956934645669287
20
-3.7433445669291339
11
7.0957424803149607
21
-3.7432879921259841
0
LINE
8
BLACK
6
CONTINUOUS
10
7.0957424803149607
20
-3.7432879921259841
11
7.0959260236220469
21
-3.7429964566929135
0
LINE
8
BLACK
6
CONTINUOUS
10
7.0959260236220469
20
-3.7429964566929135
11
7.0960002362204726
21
-3.7429320866141733
0
LINE
8
BLACK
6
CONTINUOUS
10
7.0960002362204726
20
-3.7429320866141733
11
7.0959260236220469
21
-3.7428677165354332
0
LINE
8
BLACK
6
CONTINUOUS
10
7.0959260236220469
20
-3.7428677165354332
11
7.0958246456692908
21
-3.7426708661417321
0
LINE
8
BLACK
6
CONTINUOUS
10
7.0958246456692908
20
-3.7426708661417321
11
7.0956934645669287
21
-3.7425196062992123
0
LINE
8
BLACK
6
CONTINUOUS
10
7.0956934645669287
20
-3.7425196062992123
11
7.0955956299212595
21
-3.7422261023622045
0
LINE
8
BLACK
6
CONTINUOUS
10
7.0955956299212595
20
-3.7422261023622045
11
7.0937429133858263
21
-3.7386283070866142
0
LINE
8
BLACK
6
CONTINUOUS
10
7.0937429133858263
20
-3.7386283070866142
11
7.0935360236220468
21
-3.7380876771653542
0
LINE
8
BLACK
6
CONTINUOUS
10
7.0935360236220468
20
-3.7380876771653542
11
7.0935285039370077
21
-3.7379818503937008
0
LINE
8
BLACK
6
CONTINUOUS
10
7.0935285039370077
20
-3.7379818503937008
11
7.0934879133858262
21
-3.7378838582677165
0
LINE
8
BLACK
6
CONTINUOUS
10
7.0934879133858262
20
-3.7378838582677165
11
7.0934829133858264
21
-3.737340590551181
0
LINE
8
BLACK
6
CONTINUOUS
10
7.0934829133858264
20
-3.737340590551181
11
7.0934543700787396
21
-3.7369384645669292
0
LINE
8
BLACK
6
CONTINUOUS
10
7.0934543700787396
20
-3.7369384645669292
11
7.0934785826771654
21
-3.7368657480314962
0
LINE
8
BLACK
6
CONTINUOUS
10
7.0934785826771654
20
-3.7368657480314962
11
7.0934311811023623
21
-3.731683503937008
0
LINE
8
BLACK
6
CONTINUOUS
10
7.0934311811023623
20
-3.731683503937008
11
7.0934879133858262
21
-3.7311074409448817
0
LINE
8
BLACK
6
CONTINUOUS
10
7.0934879133858262
20
-3.7311074409448817
11
7.0935285039370077
21
-3.7310094094488186
0
LINE
8
BLACK
6
CONTINUOUS
10
7.0935285039370077
20
-3.7310094094488186
11
7.0935360236220468
21
-3.730903622047244
0
LINE
8
BLACK
6
CONTINUOUS
10
7.0935360236220468
20
-3.730903622047244
11
7.0937842519685042
21
-3.7303920078740158
0
LINE
8
BLACK
6
CONTINUOUS
10
7.0937842519685042
20
-3.7303920078740158
11
7.0939288188976377
21
-3.7300430314960629
0
LINE
8
BLACK
6
CONTINUOUS
10
7.0939288188976377
20
-3.7300430314960629
11
7.0939769291338584
21
-3.7299948818897639
0
LINE
8
BLACK
6
CONTINUOUS
10
7.0939769291338584
20
-3.7299948818897639
11
7.0956176771653539
21
-3.7266134251968501
0
LINE
8
BLACK
6
CONTINUOUS
10
7.0956176771653539
20
-3.7266134251968501
11
7.0956783070866143
21
-3.726517086614173
0
LINE
8
BLACK
6
CONTINUOUS
10
7.0956783070866143
20
-3.726517086614173
11
7.0956934645669287
21
-3.7264716535433071
0
LINE
8
BLACK
6
CONTINUOUS
10
7.0956934645669287
20
-3.7264716535433071
11
7.0957425196850394
21
-3.7264150393700786
0
LINE
8
BLACK
6
CONTINUOUS
10
7.0957425196850394
20
-3.7264150393700786
11
7.0959260236220469
21
-3.7261235826771655
0
LINE
8
BLACK
6
CONTINUOUS
10
7.0959260236220469
20
-3.7261235826771655
11
7.0962056299212595
21
-3.725881062992126
0
LINE
8
BLACK
6
CONTINUOUS
10
7.0962056299212595
20
-3.725881062992126
11
7.0964483070866144
21
-3.7256012598425197
0
LINE
8
BLACK
6
CONTINUOUS
10
7.0964483070866144
20
-3.7256012598425197
11
7.0966451181102359
21
-3.7254998818897636
0
LINE
8
BLACK
6
CONTINUOUS
10
7.0966451181102359
20
-3.7254998818897636
11
7.0967964173228344
21
-3.7253687007874015
0
LINE
8
BLACK
6
CONTINUOUS
10
7.0967964173228344
20
-3.7253687007874015
11
7.0970898818897634
21
-3.7252708661417322
0
LINE
8
BLACK
6
CONTINUOUS
10
7.0970898818897634
20
-3.7252708661417322
11
7.1006877165354325
21
-3.723418149606299
0
LINE
8
BLACK
6
CONTINUOUS
10
7.1006877165354325
20
-3.723418149606299
11
7.1012283070866138
21
-3.7232112598425195
0
LINE
8
BLACK
6
CONTINUOUS
10
7.1012283070866138
20
-3.7232112598425195
11
7.1013341732283459
21
-3.7232037007874017
0
LINE
8
BLACK
6
CONTINUOUS
10
7.1013341732283459
20
-3.7232037007874017
11
7.1014321653543302
21
-3.7231631496062993
0
LINE
8
BLACK
6
CONTINUOUS
10
7.1014321653543302
20
-3.7231631496062993
11
7.1019239370078742
21
-3.7231618110236218
0
LINE
8
BLACK
6
CONTINUOUS
10
7.1019239370078742
20
-3.7231618110236218
11
7.1023775196850396
21
-3.7231296062992123
0
LINE
8
BLACK
6
CONTINUOUS
10
7.1023775196850396
20
-3.7231296062992123
11
7.1024698031496065
21
-3.7231603543307084
0
LINE
8
BLACK
6
CONTINUOUS
10
7.1024698031496065
20
-3.7231603543307084
11
7.1226306692913388
21
-3.7231064173228345
0
LINE
8
BLACK
6
CONTINUOUS
10
7.1226306692913388
20
-3.7231064173228345
11
7.1232067322834647
21
-3.7231631496062993
0
LINE
8
BLACK
6
CONTINUOUS
10
7.1232067322834647
20
-3.6706697244094486
11
7.124271141732283
21
-3.6711106299212597
0
LINE
8
BLACK
6
CONTINUOUS
10
7.124271141732283
20
-3.6711106299212597
11
7.1250857874015745
21
-3.6719252755905512
0
LINE
8
BLACK
6
CONTINUOUS
10
7.1250857874015745
20
-3.6719252755905512
11
7.125526692913386
21
-3.67298968503937
0
LINE
8
BLACK
6
CONTINUOUS
10
7.125526692913386
20
-3.67298968503937
11
7.125526692913386
21
-3.6741418110236221
0
LINE
8
BLACK
6
CONTINUOUS
10
7.125526692913386
20
-3.6741418110236221
11
7.1250857874015745
21
-3.6752062204724409
0
LINE
8
BLACK
6
CONTINUOUS
10
7.1250857874015745
20
-3.6752062204724409
11
7.124271141732283
21
-3.6760208661417324
0
LINE
8
BLACK
6
CONTINUOUS
10
7.124271141732283
20
-3.6760208661417324
11
7.1232067322834647
21
-3.676461771653543
0
LINE
8
BLACK
6
CONTINUOUS
10
7.1232067322834647
20
-3.676461771653543
11
7.1026176377952757
21
-3.6765168503937007
0
LINE
8
BLACK
6
CONTINUOUS
10
7.1026176377952757
20
-3.6765168503937007
11
7.1004114960629918
21
-3.6776529133858267
0
LINE
8
BLACK
6
CONTINUOUS
10
7.1004114960629918
20
-3.6776529133858267
11
7.0992922440944879
21
-3.6799596456692911
0
LINE
8
BLACK
6
CONTINUOUS
10
7.0992922440944879
20
-3.6799596456692911
11
7.0993310236220468
21
-3.6841971259842521
0
LINE
8
BLACK
6
CONTINUOUS
10
7.0993310236220468
20
-3.6841971259842521
11
7.1004711023622047
21
-3.6864110629921258
0
LINE
8
BLACK
6
CONTINUOUS
10
7.1004711023622047
20
-3.6864110629921258
11
7.1027956692913383
21
-3.6875389763779527
0
LINE
8
BLACK
6
CONTINUOUS
10
7.1027956692913383
20
-3.6875389763779527
11
7.1226306692913388
21
-3.687485905511811
0
LINE
8
BLACK
6
CONTINUOUS
10
7.1226306692913388
20
-3.687485905511811
11
7.1232067322834647
21
-3.6875426377952754
0
LINE
8
BLACK
6
CONTINUOUS
10
7.1232067322834647
20
-3.6875426377952754
11
7.124271141732283
21
-3.6879835433070864
0
LINE
8
BLACK
6
CONTINUOUS
10
7.124271141732283
20
-3.6879835433070864
11
7.1250857874015745
21
-3.6887981889763779
0
LINE
8
BLACK
6
CONTINUOUS
10
7.1250857874015745
20
-3.6887981889763779
11
7.125526692913386
21
-3.6898625984251967
0
LINE
8
BLACK
6
CONTINUOUS
10
7.125526692913386
20
-3.6898625984251967
11
7.125526692913386
21
-3.6910147244094489
0
LINE
8
BLACK
6
CONTINUOUS
10
7.125526692913386
20
-3.6910147244094489
11
7.1250857874015745
21
-3.6920791338582677
0
LINE
8
BLACK
6
CONTINUOUS
10
7.1250857874015745
20
-3.6920791338582677
11
7.124271141732283
21
-3.6928937795275592
0
LINE
8
BLACK
6
CONTINUOUS
10
7.124271141732283
20
-3.6928937795275592
11
7.1232067322834647
21
-3.6933346850393698
0
LINE
8
BLACK
6
CONTINUOUS
10
7.1232067322834647
20
-3.6933346850393698
11
7.1026176377952757
21
-3.6933897637795274
0
LINE
8
BLACK
6
CONTINUOUS
10
7.1026176377952757
20
-3.6933897637795274
11
7.1004115354330706
21
-3.6945258267716534
0
LINE
8
BLACK
6
CONTINUOUS
10
7.1004115354330706
20
-3.6945258267716534
11
7.0992922440944879
21
-3.6968325196850391
0
LINE
8
BLACK
6
CONTINUOUS
10
7.0992922440944879
20
-3.6968325196850391
11
7.0993310236220468
21
-3.7010700000000001
0
LINE
8
BLACK
6
CONTINUOUS
10
7.0993310236220468
20
-3.7010700000000001
11
7.1007270078740152
21
-3.7037809055118109
0
LINE
8
BLACK
6
CONTINUOUS
10
7.1007270078740152
20
-3.7037809055118109
11
7.1013721259842519
21
-3.7044037401574803
0
LINE
8
BLACK
6
CONTINUOUS
10
7.1013721259842519
20
-3.7044037401574803
11
7.1226306692913388
21
-3.704358779527559
0
LINE
8
BLACK
6
CONTINUOUS
10
7.1226306692913388
20
-3.704358779527559
11
7.1232067322834647
21
-3.7044155118110234
0
LINE
8
BLACK
6
CONTINUOUS
10
7.1232067322834647
20
-3.7044155118110234
11
7.124271141732283
21
-3.7048564173228344
0
LINE
8
BLACK
6
CONTINUOUS
10
7.124271141732283
20
-3.7048564173228344
11
7.1250857874015745
21
-3.7056710629921259
0
LINE
8
BLACK
6
CONTINUOUS
10
7.1250857874015745
20
-3.7056710629921259
11
7.125526692913386
21
-3.7067354724409447
0
LINE
8
BLACK
6
CONTINUOUS
10
7.125526692913386
20
-3.7067354724409447
11
7.125526692913386
21
-3.7078875984251969
0
LINE
8
BLACK
6
CONTINUOUS
10
7.125526692913386
20
-3.7078875984251969
11
7.1250857874015745
21
-3.7089520078740157
0
LINE
8
BLACK
6
CONTINUOUS
10
7.1250857874015745
20
-3.7089520078740157
11
7.124271141732283
21
-3.7097666535433071
0
LINE
8
BLACK
6
CONTINUOUS
10
7.124271141732283
20
-3.7097666535433071
11
7.1232067322834647
21
-3.7102075590551182
0
LINE
8
BLACK
6
CONTINUOUS
10
7.1232067322834647
20
-3.7102075590551182
11
7.0963839370078743
21
-3.7102642913385826
0
LINE
8
BLACK
6
CONTINUOUS
10
7.0963839370078743
20
-3.7102642913385826
11
7.0958078740157475
21
-3.7102075590551182
0
LINE
8
BLACK
6
CONTINUOUS
10
7.0958078740157475
20
-3.7102075590551182
11
7.0947434645669292
21
-3.7097666535433071
0
LINE
8
BLACK
6
CONTINUOUS
10
7.0947434645669292
20
-3.7097666535433071
11
7.0939288188976377
21
-3.7089520078740157
0
LINE
8
BLACK
6
CONTINUOUS
10
7.0939288188976377
20
-3.7089520078740157
11
7.0934879133858262
21
-3.7078875984251969
0
LINE
8
BLACK
6
CONTINUOUS
10
7.0934879133858262
20
-3.7078875984251969
11
7.0934879133858262
21
-3.7067354724409447
0
LINE
8
BLACK
6
CONTINUOUS
10
7.0934879133858262
20
-3.7067354724409447
11
7.0939288188976377
21
-3.7056710629921259
0
LINE
8
BLACK
6
CONTINUOUS
10
7.0939288188976377
20
-3.7056710629921259
11
7.0947113779527555
21
-3.7048884645669289
0
LINE
8
BLACK
6
CONTINUOUS
10
7.0947113779527555
20
-3.7048884645669289
11
7.0937429133858263
21
-3.7030077559055119
0
LINE
8
BLACK
6
CONTINUOUS
10
7.0937429133858263
20
-3.7030077559055119
11
7.0935360236220468
21
-3.7024671259842519
0
LINE
8
BLACK
6
CONTINUOUS
10
7.0935360236220468
20
-3.7024671259842519
11
7.0935285039370077
21
-3.7023612992125985
0
LINE
8
BLACK
6
CONTINUOUS
10
7.0935285039370077
20
-3.7023612992125985
11
7.0934879133858262
21
-3.7022633070866142
0
LINE
8
BLACK
6
CONTINUOUS
10
7.0934879133858262
20
-3.7022633070866142
11
7.0934829133858264
21
-3.7017200393700787
0
LINE
8
BLACK
6
CONTINUOUS
10
7.0934829133858264
20
-3.7017200393700787
11
7.0934543700787396
21
-3.7013179133858265
0
LINE
8
BLACK
6
CONTINUOUS
10
7.0934543700787396
20
-3.7013179133858265
11
7.0934785826771654
21
-3.7012451968503934
0
LINE
8
BLACK
6
CONTINUOUS
10
7.0934785826771654
20
-3.7012451968503934
11
7.0934311811023623
21
-3.6960629527559052
0
LINE
8
BLACK
6
CONTINUOUS
10
7.0934311811023623
20
-3.6960629527559052
11
7.0934879133858262
21
-3.6954868897637794
0
LINE
8
BLACK
6
CONTINUOUS
10
7.0934879133858262
20
-3.6954868897637794
11
7.0935285039370077
21
-3.6953888582677163
0
LINE
8
BLACK
6
CONTINUOUS
10
7.0935285039370077
20
-3.6953888582677163
11
7.0935360236220468
21
-3.6952830708661417
0
LINE
8
BLACK
6
CONTINUOUS
10
7.0935360236220468
20
-3.6952830708661417
11
7.0937842125984254
21
-3.6947714960629918
0
LINE
8
BLACK
6
CONTINUOUS
10
7.0937842125984254
20
-3.6947714960629918
11
7.0939288188976377
21
-3.6944224803149606
0
LINE
8
BLACK
6
CONTINUOUS
10
7.0939288188976377
20
-3.6944224803149606
11
7.0939769291338584
21
-3.6943743307086612
0
LINE
8
BLACK
6
CONTINUOUS
10
7.0939769291338584
20
-3.6943743307086612
11
7.0956176771653539
21
-3.6909929133858266
0
LINE
8
BLACK
6
CONTINUOUS
10
7.0956176771653539
20
-3.6909929133858266
11
7.0956783070866143
21
-3.6908965354330707
0
LINE
8
BLACK
6
CONTINUOUS
10
7.0956783070866143
20
-3.6908965354330707
11
7.0956934645669287
21
-3.6908511417322836
0
LINE
8
BLACK
6
CONTINUOUS
10
7.0956934645669287
20
-3.6908511417322836
11
7.0957424803149607
21
-3.6907945669291338
0
LINE
8
BLACK
6
CONTINUOUS
10
7.0957424803149607
20
-3.6907945669291338
11
7.0959260236220469
21
-3.6905030314960627
0
LINE
8
BLACK
6
CONTINUOUS
10
7.0959260236220469
20
-3.6905030314960627
11
7.0960002362204726
21
-3.6904386614173226
0
LINE
8
BLACK
6
CONTINUOUS
10
7.0960002362204726
20
-3.6904386614173226
11
7.0959260236220469
21
-3.6903742913385824
0
LINE
8
BLACK
6
CONTINUOUS
10
7.0959260236220469
20
-3.6903742913385824
11
7.0958246456692908
21
-3.6901774409448818
0
LINE
8
BLACK
6
CONTINUOUS
10
7.0958246456692908
20
-3.6901774409448818
11
7.0956934645669287
21
-3.690026181102362
0
LINE
8
BLACK
6
CONTINUOUS
10
7.0956934645669287
20
-3.690026181102362
11
7.0955956299212595
21
-3.6897326771653542
0
LINE
8
BLACK
6
CONTINUOUS
10
7.0955956299212595
20
-3.6897326771653542
11
7.0937429133858263
21
-3.6861348818897639
0
LINE
8
BLACK
6
CONTINUOUS
10
7.0937429133858263
20
-3.6861348818897639
11
7.0935360236220468
21
-3.6855942519685039
0
LINE
8
BLACK
6
CONTINUOUS
10
7.0935360236220468
20
-3.6855942519685039
11
7.0935285039370077
21
-3.6854884251968505
0
LINE
8
BLACK
6
CONTINUOUS
10
7.0935285039370077
20
-3.6854884251968505
11
7.0934879133858262
21
-3.6853904330708662
0
LINE
8
BLACK
6
CONTINUOUS
10
7.0934879133858262
20
-3.6853904330708662
11
7.0934829133858264
21
-3.6848471653543307
0
LINE
8
BLACK
6
CONTINUOUS
10
7.0934829133858264
20
-3.6848471653543307
11
7.0934543700787396
21
-3.6844450393700785
0
LINE
8
BLACK
6
CONTINUOUS
10
7.0934543700787396
20
-3.6844450393700785
11
7.0934785826771654
21
-3.6843723228346454
0
LINE
8
BLACK
6
CONTINUOUS
10
7.0934785826771654
20
-3.6843723228346454
11
7.0934311811023623
21
-3.6791900787401572
0
LINE
8
BLACK
6
CONTINUOUS
10
7.0934311811023623
20
-3.6791900787401572
11
7.0934879133858262
21
-3.6786140157480314
0
LINE
8
BLACK
6
CONTINUOUS
10
7.0934879133858262
20
-3.6786140157480314
11
7.0935285039370077
21
-3.6785159842519684
0
LINE
8
BLACK
6
CONTINUOUS
10
7.0935285039370077
20
-3.6785159842519684
11
7.0935360236220468
21
-3.6784101968503937
0
LINE
8
BLACK
6
CONTINUOUS
10
7.0935360236220468
20
-3.6784101968503937
11
7.0937842519685042
21
-3.6778985826771651
0
LINE
8
BLACK
6
CONTINUOUS
10
7.0937842519685042
20
-3.6778985826771651
11
7.0939288188976377
21
-3.6775496062992126
0
LINE
8
BLACK
6
CONTINUOUS
10
7.0939288188976377
20
-3.6775496062992126
11
7.0939769291338584
21
-3.6775014566929132
0
LINE
8
BLACK
6
CONTINUOUS
10
7.0939769291338584
20
-3.6775014566929132
11
7.0956176771653539
21
-3.6741199999999998
0
LINE
8
BLACK
6
CONTINUOUS
10
7.0956176771653539
20
-3.6741199999999998
11
7.0956783070866143
21
-3.6740236614173227
0
LINE
8
BLACK
6
CONTINUOUS
10
7.0956783070866143
20
-3.6740236614173227
11
7.0956934645669287
21
-3.6739782283464568
0
LINE
8
BLACK
6
CONTINUOUS
10
7.0956934645669287
20
-3.6739782283464568
11
7.0957425196850394
21
-3.6739216141732283
0
LINE
8
BLACK
6
CONTINUOUS
10
7.0957425196850394
20
-3.6739216141732283
11
7.0959260236220469
21
-3.6736301574803147
0
LINE
8
BLACK
6
CONTINUOUS
10
7.0959260236220469
20
-3.6736301574803147
11
7.0962056299212595
21
-3.6733876377952757
0
LINE
8
BLACK
6
CONTINUOUS
10
7.0962056299212595
20
-3.6733876377952757
11
7.0964483070866144
21
-3.6731078346456694
0
LINE
8
BLACK
6
CONTINUOUS
10
7.0964483070866144
20
-3.6731078346456694
11
7.0966451181102359
21
-3.6730064566929133
0
LINE
8
BLACK
6
CONTINUOUS
10
7.0966451181102359
20
-3.6730064566929133
11
7.0967964173228344
21
-3.6728752755905512
0
LINE
8
BLACK
6
CONTINUOUS
10
7.0967964173228344
20
-3.6728752755905512
11
7.0970898818897634
21
-3.6727774409448819
0
LINE
8
BLACK
6
CONTINUOUS
10
7.0970898818897634
20
-3.6727774409448819
11
7.1006877165354325
21
-3.6709247244094487
0
LINE
8
BLACK
6
CONTINUOUS
10
7.1006877165354325
20
-3.6709247244094487
11
7.1012283070866138
21
-3.6707178346456693
0
LINE
8
BLACK
6
CONTINUOUS
10
7.1012283070866138
20
-3.6707178346456693
11
7.1013341732283459
21
-3.670710275590551
0
LINE
8
BLACK
6
CONTINUOUS
10
7.1013341732283459
20
-3.670710275590551
11
7.1014321653543302
21
-3.6706697244094486
0
LINE
8
BLACK
6
CONTINUOUS
10
7.1014321653543302
20
-3.6706697244094486
11
7.1019239370078742
21
-3.6706683858267715
0
LINE
8
BLACK
6
CONTINUOUS
10
7.1019239370078742
20
-3.6706683858267715
11
7.1023775196850396
21
-3.670636181102362
0
LINE
8
BLACK
6
CONTINUOUS
10
7.1023775196850396
20
-3.670636181102362
11
7.1024698031496065
21
-3.6706669291338581
0
LINE
8
BLACK
6
CONTINUOUS
10
7.1024698031496065
20
-3.6706669291338581
11
7.1226306692913388
21
-3.6706129921259842
0
LINE
8
BLACK
6
CONTINUOUS
10
7.1226306692913388
20
-3.6706129921259842
11
7.1232067322834647
21
-3.6706697244094486
0
LINE
8
BLACK
6
CONTINUOUS
10
5.4957076377952756
20
-3.6806116535433069
11
5.4958056299212599
21
-3.680652244094488
0
LINE
8
BLACK
6
CONTINUOUS
10
5.4958056299212599
20
-3.680652244094488
11
5.4959114566929133
21
-3.6806597637795275
0
LINE
8
BLACK
6
CONTINUOUS
10
5.4959114566929133
20
-3.6806597637795275
11
5.496422992125984
21
-3.6809079527559052
0
LINE
8
BLACK
6
CONTINUOUS
10
5.496422992125984
20
-3.6809079527559052
11
5.496772047244094
21
-3.681052559055118
0
LINE
8
BLACK
6
CONTINUOUS
10
5.496772047244094
20
-3.681052559055118
11
5.4968201574803146
21
-3.6811006692913386
0
LINE
8
BLACK
6
CONTINUOUS
10
5.4968201574803146
20
-3.6811006692913386
11
5.5002016141732284
21
-3.6827414173228346
0
LINE
8
BLACK
6
CONTINUOUS
10
5.5002016141732284
20
-3.6827414173228346
11
5.5004494881889761
21
-3.6828974409448816
0
LINE
8
BLACK
6
CONTINUOUS
10
5.5004494881889761
20
-3.6828974409448816
11
5.5005215354330703
21
-3.6829272834645668
0
LINE
8
BLACK
6
CONTINUOUS
10
5.5005215354330703
20
-3.6829272834645668
11
5.5005676377952755
21
-3.6829718110236218
0
LINE
8
BLACK
6
CONTINUOUS
10
5.5005676377952755
20
-3.6829718110236218
11
5.5006914960629922
21
-3.6830497637795276
0
LINE
8
BLACK
6
CONTINUOUS
10
5.5006914960629922
20
-3.6830497637795276
11
5.5009131889763783
21
-3.6833053937007874
0
LINE
8
BLACK
6
CONTINUOUS
10
5.5009131889763783
20
-3.6833053937007874
11
5.5028437795275593
21
-3.685169251968504
0
LINE
8
BLACK
6
CONTINUOUS
10
5.5028437795275593
20
-3.685169251968504
11
5.5030295275590548
21
-3.685395590551181
0
LINE
8
BLACK
6
CONTINUOUS
10
5.5030295275590548
20
-3.685395590551181
11
5.5030885826771652
21
-3.6854468110236218
0
LINE
8
BLACK
6
CONTINUOUS
10
5.5030885826771652
20
-3.6854468110236218
11
5.5031172047244095
21
-3.685502440944882
0
LINE
8
BLACK
6
CONTINUOUS
10
5.5031172047244095
20
-3.685502440944882
11
5.5032110236220468
21
-3.6856167322834645
0
LINE
8
BLACK
6
CONTINUOUS
10
5.5032110236220468
20
-3.6856167322834645
11
5.50335468503937
21
-3.6859635826771653
0
LINE
8
BLACK
6
CONTINUOUS
10
5.50335468503937
20
-3.6859635826771653
11
5.5052716929133858
21
-3.6896862204724408
0
LINE
8
BLACK
6
CONTINUOUS
10
5.5052716929133858
20
-3.6896862204724408
11
5.5054785826771653
21
-3.690226811023622
0
LINE
8
BLACK
6
CONTINUOUS
10
5.5054785826771653
20
-3.690226811023622
11
5.5054861023622044
21
-3.6903326771653542
0
LINE
8
BLACK
6
CONTINUOUS
10
5.5054861023622044
20
-3.6903326771653542
11
5.5055266929133859
21
-3.6904306692913385
0
LINE
8
BLACK
6
CONTINUOUS
10
5.5055266929133859
20
-3.6904306692913385
11
5.5055303543307081
21
-3.6909558267716536
0
LINE
8
BLACK
6
CONTINUOUS
10
5.5055303543307081
20
-3.6909558267716536
11
5.5055602362204725
21
-3.691376023622047
0
LINE
8
BLACK
6
CONTINUOUS
10
5.5055602362204725
20
-3.691376023622047
11
5.5055338582677162
21
-3.6914550393700787
0
LINE
8
BLACK
6
CONTINUOUS
10
5.5055338582677162
20
-3.6914550393700787
11
5.5055834251968498
21
-3.6985057874015745
0
LINE
8
BLACK
6
CONTINUOUS
10
5.5055834251968498
20
-3.6985057874015745
11
5.5055266929133859
21
-3.6990818503937009
0
LINE
8
BLACK
6
CONTINUOUS
10
5.5055266929133859
20
-3.6990818503937009
11
5.5054861023622044
21
-3.6991798031496064
0
LINE
8
BLACK
6
CONTINUOUS
10
5.5054861023622044
20
-3.6991798031496064
11
5.5054785826771653
21
-3.6992857086614173
0
LINE
8
BLACK
6
CONTINUOUS
10
5.5054785826771653
20
-3.6992857086614173
11
5.5052302362204726
21
-3.6997974409448817
0
LINE
8
BLACK
6
CONTINUOUS
10
5.5052302362204726
20
-3.6997974409448817
11
5.5050857874015744
21
-3.7001462598425197
0
LINE
8
BLACK
6
CONTINUOUS
10
5.5050857874015744
20
-3.7001462598425197
11
5.5050376771653546
21
-3.7001943307086615
0
LINE
8
BLACK
6
CONTINUOUS
10
5.5050376771653546
20
-3.7001943307086615
11
5.5033969291338583
21
-3.7035758267716536
0
LINE
8
BLACK
6
CONTINUOUS
10
5.5033969291338583
20
-3.7035758267716536
11
5.5032408267716537
21
-3.7038238188976376
0
LINE
8
BLACK
6
CONTINUOUS
10
5.5032408267716537
20
-3.7038238188976376
11
5.5032110236220468
21
-3.7038957874015748
0
LINE
8
BLACK
6
CONTINUOUS
10
5.5032110236220468
20
-3.7038957874015748
11
5.5031664960629918
21
-3.7039418503937007
0
LINE
8
BLACK
6
CONTINUOUS
10
5.5031664960629918
20
-3.7039418503937007
11
5.5030885826771652
21
-3.704065708661417
0
LINE
8
BLACK
6
CONTINUOUS
10
5.5030885826771652
20
-3.704065708661417
11
5.50283279527559
21
-3.7042874803149606
0
LINE
8
BLACK
6
CONTINUOUS
10
5.50283279527559
20
-3.7042874803149606
11
5.500968976377953
21
-3.7062180314960629
0
LINE
8
BLACK
6
CONTINUOUS
10
5.500968976377953
20
-3.7062180314960629
11
5.5007426377952751
21
-3.7064037401574801
0
LINE
8
BLACK
6
CONTINUOUS
10
5.5007426377952751
20
-3.7064037401574801
11
5.5006914960629922
21
-3.7064627559055117
0
LINE
8
BLACK
6
CONTINUOUS
10
5.5006914960629922
20
-3.7064627559055117
11
5.5006358661417325
21
-3.706491377952756
0
LINE
8
BLACK
6
CONTINUOUS
10
5.5006358661417325
20
-3.706491377952756
11
5.5005215354330703
21
-3.7065852362204725
0
LINE
8
BLACK
6
CONTINUOUS
10
5.5005215354330703
20
-3.7065852362204725
11
5.5001746062992121
21
-3.7067288976377952
0
LINE
8
BLACK
6
CONTINUOUS
10
5.5001746062992121
20
-3.7067288976377952
11
5.4964520866141733
21
-3.7086458661417323
0
LINE
8
BLACK
6
CONTINUOUS
10
5.4964520866141733
20
-3.7086458661417323
11
5.4959114566929133
21
-3.7088527559055118
0
LINE
8
BLACK
6
CONTINUOUS
10
5.4959114566929133
20
-3.7088527559055118
11
5.4958056299212599
21
-3.7088602362204726
0
LINE
8
BLACK
6
CONTINUOUS
10
5.4958056299212599
20
-3.7088602362204726
11
5.4957076377952756
21
-3.708900866141732
0
LINE
8
BLACK
6
CONTINUOUS
10
5.4957076377952756
20
-3.708900866141732
11
5.4952087401574801
21
-3.7089026771653542
0
LINE
8
BLACK
6
CONTINUOUS
10
5.4952087401574801
20
-3.7089026771653542
11
5.4947622440944883
21
-3.708934409448819
0
LINE
8
BLACK
6
CONTINUOUS
10
5.4947622440944883
20
-3.708934409448819
11
5.494672913385827
21
-3.7089046062992126
0
LINE
8
BLACK
6
CONTINUOUS
10
5.494672913385827
20
-3.7089046062992126
11
5.4801334645669293
21
-3.7089575984251968
0
LINE
8
BLACK
6
CONTINUOUS
10
5.4801334645669293
20
-3.7089575984251968
11
5.480032913385827
21
-3.7089476771653542
0
LINE
8
BLACK
6
CONTINUOUS
10
5.480032913385827
20
-3.7089476771653542
11
5.4799899212598424
21
-3.7089540944881887
0
LINE
8
BLACK
6
CONTINUOUS
10
5.4799899212598424
20
-3.7089540944881887
11
5.4799162204724405
21
-3.708936181102362
0
LINE
8
BLACK
6
CONTINUOUS
10
5.4799162204724405
20
-3.708936181102362
11
5.4795574015748034
21
-3.708900866141732
0
LINE
8
BLACK
6
CONTINUOUS
10
5.4795574015748034
20
-3.708900866141732
11
5.4792554724409444
21
-3.7087757874015748
0
LINE
8
BLACK
6
CONTINUOUS
10
5.4792554724409444
20
-3.7087757874015748
11
5.4719182677165357
21
-3.70699468503937
0
LINE
8
BLACK
6
CONTINUOUS
10
5.4719182677165357
20
-3.70699468503937
11
5.4715787401574802
21
-3.706873346456693
0
LINE
8
BLACK
6
CONTINUOUS
10
5.4715787401574802
20
-3.706873346456693
11
5.4715073228346451
21
-3.706859251968504
0
LINE
8
BLACK
6
CONTINUOUS
10
5.4715073228346451
20
-3.706859251968504
11
5.4714690944881887
21
-3.7068342125984253
0
LINE
8
BLACK
6
CONTINUOUS
10
5.4714690944881887
20
-3.7068342125984253
11
5.4713731496062987
21
-3.7067999212598424
0
LINE
8
BLACK
6
CONTINUOUS
10
5.4713731496062987
20
-3.7067999212598424
11
5.4710380708661415
21
-3.7065516535433072
0
LINE
8
BLACK
6
CONTINUOUS
10
5.4710380708661415
20
-3.7065516535433072
11
5.4653722047244093
21
-3.7028374015748029
0
LINE
8
BLACK
6
CONTINUOUS
10
5.4653722047244093
20
-3.7028374015748029
11
5.4653705118110238
21
-3.702836023622047
0
LINE
8
BLACK
6
CONTINUOUS
10
5.4653705118110238
20
-3.702836023622047
11
5.4653696456692913
21
-3.7028356692913387
0
LINE
8
BLACK
6
CONTINUOUS
10
5.4653696456692913
20
-3.7028356692913387
11
5.465367125984252
21
-3.7028332677165352
0
LINE
8
BLACK
6
CONTINUOUS
10
5.465367125984252
20
-3.7028332677165352
11
5.46492437007874
21
-3.70247062992126
0
LINE
8
BLACK
6
CONTINUOUS
10
5.46492437007874
20
-3.70247062992126
11
5.464801496062992
21
-3.702287125984252
0
LINE
8
BLACK
6
CONTINUOUS
10
5.464801496062992
20
-3.702287125984252
11
5.4630474409448819
21
-3.7005937007874015
0
LINE
8
BLACK
6
CONTINUOUS
10
5.4630474409448819
20
-3.7005937007874015
11
5.4628616535433068
21
-3.7003673228346456
0
LINE
8
BLACK
6
CONTINUOUS
10
5.4628616535433068
20
-3.7003673228346456
11
5.4628026771653539
21
-3.7003161811023619
0
LINE
8
BLACK
6
CONTINUOUS
10
5.4628026771653539
20
-3.7003161811023619
11
5.4627740157480318
21
-3.7002605118110234
0
LINE
8
BLACK
6
CONTINUOUS
10
5.4627740157480318
20
-3.7002605118110234
11
5.4626802362204723
21
-3.7001462598425197
0
LINE
8
BLACK
6
CONTINUOUS
10
5.4626802362204723
20
-3.7001462598425197
11
5.4625365748031491
21
-3.6997994488188977
0
LINE
8
BLACK
6
CONTINUOUS
10
5.4625365748031491
20
-3.6997994488188977
11
5.4606195669291333
21
-3.6960767716535434
0
LINE
8
BLACK
6
CONTINUOUS
10
5.4606195669291333
20
-3.6960767716535434
11
5.4604126771653538
21
-3.6955361417322834
0
LINE
8
BLACK
6
CONTINUOUS
10
5.4604126771653538
20
-3.6955361417322834
11
5.4604051574803147
21
-3.69543031496063
0
LINE
8
BLACK
6
CONTINUOUS
10
5.4604051574803147
20
-3.69543031496063
11
5.4603645669291341
21
-3.6953323228346457
0
LINE
8
BLACK
6
CONTINUOUS
10
5.4603645669291341
20
-3.6953323228346457
11
5.4603608661417322
21
-3.6948070866141731
0
LINE
8
BLACK
6
CONTINUOUS
10
5.4603608661417322
20
-3.6948070866141731
11
5.4603310236220475
21
-3.694386929133858
0
LINE
8
BLACK
6
CONTINUOUS
10
5.4603310236220475
20
-3.694386929133858
11
5.4603573622047241
21
-3.694307874015748
0
LINE
8
BLACK
6
CONTINUOUS
10
5.4603573622047241
20
-3.694307874015748
11
5.4603078346456693
21
-3.6872572047244092
0
LINE
8
BLACK
6
CONTINUOUS
10
5.4603078346456693
20
-3.6872572047244092
11
5.4603645669291341
21
-3.6866811417322833
0
LINE
8
BLACK
6
CONTINUOUS
10
5.4603645669291341
20
-3.6866811417322833
11
5.4608054724409447
21
-3.6856167322834645
0
LINE
8
BLACK
6
CONTINUOUS
10
5.4608054724409447
20
-3.6856167322834645
11
5.4616201181102362
21
-3.6848020866141731
0
LINE
8
BLACK
6
CONTINUOUS
10
5.4616201181102362
20
-3.6848020866141731
11
5.4626845275590554
21
-3.684361181102362
0
LINE
8
BLACK
6
CONTINUOUS
10
5.4626845275590554
20
-3.684361181102362
11
5.4638366535433072
21
-3.684361181102362
0
LINE
8
BLACK
6
CONTINUOUS
10
5.4638366535433072
20
-3.684361181102362
11
5.4649010629921255
21
-3.6848020866141731
0
LINE
8
BLACK
6
CONTINUOUS
10
5.4649010629921255
20
-3.6848020866141731
11
5.465715708661417
21
-3.6856167322834645
0
LINE
8
BLACK
6
CONTINUOUS
10
5.465715708661417
20
-3.6856167322834645
11
5.4661566141732285
21
-3.6866811417322833
0
LINE
8
BLACK
6
CONTINUOUS
10
5.4661566141732285
20
-3.6866811417322833
11
5.4662090157480314
21
-3.6941416141732284
0
LINE
8
BLACK
6
CONTINUOUS
10
5.4662090157480314
20
-3.6941416141732284
11
5.4676036614173231
21
-3.6968499212598425
0
LINE
8
BLACK
6
CONTINUOUS
10
5.4676036614173231
20
-3.6968499212598425
11
5.4690611811023624
21
-3.6982570472440943
0
LINE
8
BLACK
6
CONTINUOUS
10
5.4690611811023624
20
-3.6982570472440943
11
5.4739582677165357
21
-3.7014673228346457
0
LINE
8
BLACK
6
CONTINUOUS
10
5.4739582677165357
20
-3.7014673228346457
11
5.4768205118110238
21
-3.7021621653543306
0
LINE
8
BLACK
6
CONTINUOUS
10
5.4768205118110238
20
-3.7021621653543306
11
5.4756176771653546
21
-3.6998262992125985
0
LINE
8
BLACK
6
CONTINUOUS
10
5.4756176771653546
20
-3.6998262992125985
11
5.4754107874015743
21
-3.6992856692913385
0
LINE
8
BLACK
6
CONTINUOUS
10
5.4754107874015743
20
-3.6992856692913385
11
5.4754032677165352
21
-3.6991798425196851
0
LINE
8
BLACK
6
CONTINUOUS
10
5.4754032677165352
20
-3.6991798425196851
11
5.4753626771653545
21
-3.6990818503937009
0
LINE
8
BLACK
6
CONTINUOUS
10
5.4753626771653545
20
-3.6990818503937009
11
5.4753589763779527
21
-3.6985566141732282
0
LINE
8
BLACK
6
CONTINUOUS
10
5.4753589763779527
20
-3.6985566141732282
11
5.4753291338582679
21
-3.6981364566929131
0
LINE
8
BLACK
6
CONTINUOUS
10
5.4753291338582679
20
-3.6981364566929131
11
5.4753554724409446
21
-3.6980574015748031
0
LINE
8
BLACK
6
CONTINUOUS
10
5.4753554724409446
20
-3.6980574015748031
11
5.4753059448818897
21
-3.6910067322834643
0
LINE
8
BLACK
6
CONTINUOUS
10
5.4753059448818897
20
-3.6910067322834643
11
5.4753626771653545
21
-3.6904306692913385
0
LINE
8
BLACK
6
CONTINUOUS
10
5.4753626771653545
20
-3.6904306692913385
11
5.4754032677165352
21
-3.6903326377952754
0
LINE
8
BLACK
6
CONTINUOUS
10
5.4754032677165352
20
-3.6903326377952754
11
5.4754107874015743
21
-3.6902268503937008
0
LINE
8
BLACK
6
CONTINUOUS
10
5.4754107874015743
20
-3.6902268503937008
11
5.4756589763779528
21
-3.6897152755905509
0
LINE
8
BLACK
6
CONTINUOUS
10
5.4756589763779528
20
-3.6897152755905509
11
5.4758035826771652
21
-3.6893662598425196
0
LINE
8
BLACK
6
CONTINUOUS
10
5.4758035826771652
20
-3.6893662598425196
11
5.4758516929133858
21
-3.6893181102362202
0
LINE
8
BLACK
6
CONTINUOUS
10
5.4758516929133858
20
-3.6893181102362202
11
5.4774924409448822
21
-3.6859366929133857
0
LINE
8
BLACK
6
CONTINUOUS
10
5.4774924409448822
20
-3.6859366929133857
11
5.477648503937008
21
-3.6856886614173225
0
LINE
8
BLACK
6
CONTINUOUS
10
5.477648503937008
20
-3.6856886614173225
11
5.4776783464566927
21
-3.6856167322834645
0
LINE
8
BLACK
6
CONTINUOUS
10
5.4776783464566927
20
-3.6856167322834645
11
5.477722834645669
21
-3.6855706299212598
0
LINE
8
BLACK
6
CONTINUOUS
10
5.477722834645669
20
-3.6855706299212598
11
5.4778007874015744
21
-3.6854468110236218
0
LINE
8
BLACK
6
CONTINUOUS
10
5.4778007874015744
20
-3.6854468110236218
11
5.4780564566929133
21
-3.6852250393700787
0
LINE
8
BLACK
6
CONTINUOUS
10
5.4780564566929133
20
-3.6852250393700787
11
5.4799203149606299
21
-3.6832945275590552
0
LINE
8
BLACK
6
CONTINUOUS
10
5.4799203149606299
20
-3.6832945275590552
11
5.480146653543307
21
-3.68310874015748
0
LINE
8
BLACK
6
CONTINUOUS
10
5.480146653543307
20
-3.68310874015748
11
5.4801978346456695
21
-3.6830497637795276
0
LINE
8
BLACK
6
CONTINUOUS
10
5.4801978346456695
20
-3.6830497637795276
11
5.4802534645669292
21
-3.6830211023622046
0
LINE
8
BLACK
6
CONTINUOUS
10
5.4802534645669292
20
-3.6830211023622046
11
5.4803677559055117
21
-3.6829273228346455
0
LINE
8
BLACK
6
CONTINUOUS
10
5.4803677559055117
20
-3.6829273228346455
11
5.4807146062992125
21
-3.6827836220472441
0
LINE
8
BLACK
6
CONTINUOUS
10
5.4807146062992125
20
-3.6827836220472441
11
5.4844372440944884
21
-3.680866653543307
0
LINE
8
BLACK
6
CONTINUOUS
10
5.4844372440944884
20
-3.680866653543307
11
5.4849778346456688
21
-3.6806597637795275
0
LINE
8
BLACK
6
CONTINUOUS
10
5.4849778346456688
20
-3.6806597637795275
11
5.4850837007874018
21
-3.6806522047244092
0
LINE
8
BLACK
6
CONTINUOUS
10
5.4850837007874018
20
-3.6806522047244092
11
5.4851816929133861
21
-3.6806116535433069
0
LINE
8
BLACK
6
CONTINUOUS
10
5.4851816929133861
20
-3.6806116535433069
11
5.4856962204724411
21
-3.6806087007874013
0
LINE
8
BLACK
6
CONTINUOUS
10
5.4856962204724411
20
-3.6806087007874013
11
5.4861270472440946
21
-3.6805781102362203
0
LINE
8
BLACK
6
CONTINUOUS
10
5.4861270472440946
20
-3.6805781102362203
11
5.4862100787401573
21
-3.6806057874015745
0
LINE
8
BLACK
6
CONTINUOUS
10
5.4862100787401573
20
-3.6806057874015745
11
5.4951315748031497
21
-3.6805549212598425
0
LINE
8
BLACK
6
CONTINUOUS
10
5.4951315748031497
20
-3.6805549212598425
11
5.4957076377952756
21
-3.6806116535433069
0
LINE
8
BLACK
6
CONTINUOUS
10
5.486370787401575
20
-3.686456929133858
11
5.4836640551181102
21
-3.6878507480314959
0
LINE
8
BLACK
6
CONTINUOUS
10
5.4836640551181102
20
-3.6878507480314959
11
5.4824733464566924
21
-3.6890840944881891
0
LINE
8
BLACK
6
CONTINUOUS
10
5.4824733464566924
20
-3.6890840944881891
11
5.4811642125984248
21
-3.6917821259842518
0
LINE
8
BLACK
6
CONTINUOUS
10
5.4811642125984248
20
-3.6917821259842518
11
5.4812071259842519
21
-3.6978911417322835
0
LINE
8
BLACK
6
CONTINUOUS
10
5.4812071259842519
20
-3.6978911417322835
11
5.4826017716535436
21
-3.7005994488188976
0
LINE
8
BLACK
6
CONTINUOUS
10
5.4826017716535436
20
-3.7005994488188976
11
5.483835157480315
21
-3.7017901968503937
0
LINE
8
BLACK
6
CONTINUOUS
10
5.483835157480315
20
-3.7017901968503937
11
5.4865005905511808
21
-3.7030835039370076
0
LINE
8
BLACK
6
CONTINUOUS
10
5.4865005905511808
20
-3.7030835039370076
11
5.4945209842519684
21
-3.7030542913385824
0
LINE
8
BLACK
6
CONTINUOUS
10
5.4945209842519684
20
-3.7030542913385824
11
5.4972252362204719
21
-3.7016616929133859
0
LINE
8
BLACK
6
CONTINUOUS
10
5.4972252362204719
20
-3.7016616929133859
11
5.4984160236220472
21
-3.7004283464566927
0
LINE
8
BLACK
6
CONTINUOUS
10
5.4984160236220472
20
-3.7004283464566927
11
5.499725118110236
21
-3.6977303543307087
0
LINE
8
BLACK
6
CONTINUOUS
10
5.499725118110236
20
-3.6977303543307087
11
5.4996822047244089
21
-3.691621338582677
0
LINE
8
BLACK
6
CONTINUOUS
10
5.4996822047244089
20
-3.691621338582677
11
5.4982875590551181
21
-3.6889130708661417
0
LINE
8
BLACK
6
CONTINUOUS
10
5.4982875590551181
20
-3.6889130708661417
11
5.4970541732283467
21
-3.6877223228346456
0
LINE
8
BLACK
6
CONTINUOUS
10
5.4970541732283467
20
-3.6877223228346456
11
5.4943525196850391
21
-3.6864114173228346
0
LINE
8
BLACK
6
CONTINUOUS
10
5.4943525196850391
20
-3.6864114173228346
11
5.486370787401575
21
-3.686456929133858
0
LINE
8
BLACK
6
CONTINUOUS
10
7.5707897637795272
20
-3.6217077952755905
11
7.570985708661417
21
-3.621788937007874
0
LINE
8
BLACK
6
CONTINUOUS
10
7.570985708661417
20
-3.621788937007874
11
7.5711974409448821
21
-3.6218040157480313
0
LINE
8
BLACK
6
CONTINUOUS
10
7.5711974409448821
20
-3.6218040157480313
11
7.5722840157480311
21
-3.6223267322834647
0
LINE
8
BLACK
6
CONTINUOUS
10
7.5722840157480311
20
-3.6223267322834647
11
7.5729185826771648
21
-3.6225896062992127
0
LINE
8
BLACK
6
CONTINUOUS
10
7.5729185826771648
20
-3.6225896062992127
11
7.5730003149606295
21
-3.622671338582677
0
LINE
8
BLACK
6
CONTINUOUS
10
7.5730003149606295
20
-3.622671338582677
11
7.5779029921259839
21
-3.625029960629921
0
LINE
8
BLACK
6
CONTINUOUS
10
7.5779029921259839
20
-3.625029960629921
11
7.5783987795275589
21
-3.6253420472440943
0
LINE
8
BLACK
6
CONTINUOUS
10
7.5783987795275589
20
-3.6253420472440943
11
7.5785428740157474
21
-3.6254017322834646
0
LINE
8
BLACK
6
CONTINUOUS
10
7.5785428740157474
20
-3.6254017322834646
11
7.5786376377952758
21
-3.6254924015748031
0
LINE
8
BLACK
6
CONTINUOUS
10
7.5786376377952758
20
-3.6254924015748031
11
7.5788827559055116
21
-3.6256466929133859
0
LINE
8
BLACK
6
CONTINUOUS
10
7.5788827559055116
20
-3.6256466929133859
11
7.5792912598425195
21
-3.626117716535433
0
LINE
8
BLACK
6
CONTINUOUS
10
7.5792912598425195
20
-3.626117716535433
11
7.5822499212598427
21
-3.6289483070866142
0
LINE
8
BLACK
6
CONTINUOUS
10
7.5822499212598427
20
-3.6289483070866142
11
7.5826215748031496
21
-3.6294011417322833
0
LINE
8
BLACK
6
CONTINUOUS
10
7.5826215748031496
20
-3.6294011417322833
11
7.582739409448819
21
-3.6295033464566928
0
LINE
8
BLACK
6
CONTINUOUS
10
7.582739409448819
20
-3.6295033464566928
11
7.582797874015748
21
-3.6296159448818899
0
LINE
8
BLACK
6
CONTINUOUS
10
7.582797874015748
20
-3.6296159448818899
11
7.5829843700787398
21
-3.6298431889763778
0
LINE
8
BLACK
6
CONTINUOUS
10
7.5829843700787398
20
-3.6298431889763778
11
7.5832544881889765
21
-3.6304954330708661
0
LINE
8
BLACK
6
CONTINUOUS
10
7.5832544881889765
20
-3.6304954330708661
11
7.5861683070866137
21
-3.6361073622047244
0
LINE
8
BLACK
6
CONTINUOUS
10
7.5861683070866137
20
-3.6361073622047244
11
7.5865820472440939
21
-3.637188622047244
0
LINE
8
BLACK
6
CONTINUOUS
10
7.5865820472440939
20
-3.637188622047244
11
7.5865970472440942
21
-3.6374001968503937
0
LINE
8
BLACK
6
CONTINUOUS
10
7.5865970472440942
20
-3.6374001968503937
11
7.5866783070866139
21
-3.6375962992125985
0
LINE
8
BLACK
6
CONTINUOUS
10
7.5866783070866139
20
-3.6375962992125985
11
7.5866990157480316
21
-3.6388348818897636
0
LINE
8
BLACK
6
CONTINUOUS
10
7.5866990157480316
20
-3.6388348818897636
11
7.5867453937007872
21
-3.6394870472440943
0
LINE
8
BLACK
6
CONTINUOUS
10
7.5867453937007872
20
-3.6394870472440943
11
7.5867116535433068
21
-3.6395882283464567
0
LINE
8
BLACK
6
CONTINUOUS
10
7.5867116535433068
20
-3.6395882283464567
11
7.5867917716535436
21
-3.6443727559055117
0
LINE
8
BLACK
6
CONTINUOUS
10
7.5867917716535436
20
-3.6443727559055117
11
7.5867343307086612
21
-3.6449558661417321
0
LINE
8
BLACK
6
CONTINUOUS
10
7.5867343307086612
20
-3.6449558661417321
11
7.5867453937007872
21
-3.6451113779527557
0
LINE
8
BLACK
6
CONTINUOUS
10
7.5867453937007872
20
-3.6451113779527557
11
7.5867073228346458
21
-3.6452299212598422
0
LINE
8
BLACK
6
CONTINUOUS
10
7.5867073228346458
20
-3.6452299212598422
11
7.5866783070866139
21
-3.6455248818897639
0
LINE
8
BLACK
6
CONTINUOUS
10
7.5866783070866139
20
-3.6455248818897639
11
7.5863874409448817
21
-3.6462270472440945
0
LINE
8
BLACK
6
CONTINUOUS
10
7.5863874409448817
20
-3.6462270472440945
11
7.5836765354330709
21
-3.6546766929133856
0
LINE
8
BLACK
6
CONTINUOUS
10
7.5836765354330709
20
-3.6546766929133856
11
7.5832045669291333
21
-3.6557337795275591
0
LINE
8
BLACK
6
CONTINUOUS
10
7.5832045669291333
20
-3.6557337795275591
11
7.5830655905511808
21
-3.6558939763779525
0
LINE
8
BLACK
6
CONTINUOUS
10
7.5830655905511808
20
-3.6558939763779525
11
7.5829843700787398
21
-3.6560901181102361
0
LINE
8
BLACK
6
CONTINUOUS
10
7.5829843700787398
20
-3.6560901181102361
11
7.5822937007874014
21
-3.6567839763779526
0
LINE
8
BLACK
6
CONTINUOUS
10
7.5822937007874014
20
-3.6567839763779526
11
7.5816948031496061
21
-3.6574745275590552
0
LINE
8
BLACK
6
CONTINUOUS
10
7.5816948031496061
20
-3.6574745275590552
11
7.5815187401574802
21
-3.6575625196850394
0
LINE
8
BLACK
6
CONTINUOUS
10
7.5815187401574802
20
-3.6575625196850394
11
7.5584716141732278
21
-3.6807168897637794
0
LINE
8
BLACK
6
CONTINUOUS
10
7.5584716141732278
20
-3.6807168897637794
11
7.5808862598425195
21
-3.6806494488188974
0
LINE
8
BLACK
6
CONTINUOUS
10
7.5808862598425195
20
-3.6806494488188974
11
7.5820383858267713
21
-3.6807629133858266
0
LINE
8
BLACK
6
CONTINUOUS
10
7.5820383858267713
20
-3.6807629133858266
11
7.5841672047244089
21
-3.6816447244094488
0
LINE
8
BLACK
6
CONTINUOUS
10
7.5841672047244089
20
-3.6816447244094488
11
7.5857964960629918
21
-3.6832740157480313
0
LINE
8
BLACK
6
CONTINUOUS
10
7.5857964960629918
20
-3.6832740157480313
11
7.5866783070866139
21
-3.6854028346456693
0
LINE
8
BLACK
6
CONTINUOUS
10
7.5866783070866139
20
-3.6854028346456693
11
7.5866783070866139
21
-3.6877070866141732
0
LINE
8
BLACK
6
CONTINUOUS
10
7.5866783070866139
20
-3.6877070866141732
11
7.5857964960629918
21
-3.6898359055118108
0
LINE
8
BLACK
6
CONTINUOUS
10
7.5857964960629918
20
-3.6898359055118108
11
7.5841672047244089
21
-3.6914651968503938
0
LINE
8
BLACK
6
CONTINUOUS
10
7.5841672047244089
20
-3.6914651968503938
11
7.5820383858267713
21
-3.6923470078740155
0
LINE
8
BLACK
6
CONTINUOUS
10
7.5820383858267713
20
-3.6923470078740155
11
7.5443283070866141
21
-3.6924604724409447
0
LINE
8
BLACK
6
CONTINUOUS
10
7.5443283070866141
20
-3.6924604724409447
11
7.5431761811023623
21
-3.6923470078740155
0
LINE
8
BLACK
6
CONTINUOUS
10
7.5431761811023623
20
-3.6923470078740155
11
7.5422944094488189
21
-3.6919817322834643
0
LINE
8
BLACK
6
CONTINUOUS
10
7.5422944094488189
20
-3.6919817322834643
11
7.5410474015748026
21
-3.6914652362204725
0
LINE
8
BLACK
6
CONTINUOUS
10
7.5410474015748026
20
-3.6914652362204725
11
7.539418031496063
21
-3.6898358661417321
0
LINE
8
BLACK
6
CONTINUOUS
10
7.539418031496063
20
-3.6898358661417321
11
7.5385362598425196
21
-3.6877070472440945
0
LINE
8
BLACK
6
CONTINUOUS
10
7.5385362598425196
20
-3.6877070472440945
11
7.5385362598425196
21
-3.6854028740157481
0
LINE
8
BLACK
6
CONTINUOUS
10
7.5385362598425196
20
-3.6854028740157481
11
7.539418031496063
21
-3.68327405511811
0
LINE
8
BLACK
6
CONTINUOUS
10
7.539418031496063
20
-3.68327405511811
11
7.5730415748031499
21
-3.6494939763779528
0
LINE
8
BLACK
6
CONTINUOUS
10
7.5730415748031499
20
-3.6494939763779528
11
7.5750555511811024
21
-3.6432166929133856
0
LINE
8
BLACK
6
CONTINUOUS
10
7.5750555511811024
20
-3.6432166929133856
11
7.5750020472440944
21
-3.640021653543307
0
LINE
8
BLACK
6
CONTINUOUS
10
7.5750020472440944
20
-3.640021653543307
11
7.5731580314960629
21
-3.6364700393700788
0
LINE
8
BLACK
6
CONTINUOUS
10
7.5731580314960629
20
-3.6364700393700788
11
7.5716358267716535
21
-3.63501374015748
0
LINE
8
BLACK
6
CONTINUOUS
10
7.5716358267716535
20
-3.63501374015748
11
7.5680984251968502
21
-3.6333119291338583
0
LINE
8
BLACK
6
CONTINUOUS
10
7.5680984251968502
20
-3.6333119291338583
11
7.5568270078740154
21
-3.6333960236220473
0
LINE
8
BLACK
6
CONTINUOUS
10
7.5568270078740154
20
-3.6333960236220473
11
7.5532985039370075
21
-3.6352280314960628
0
LINE
8
BLACK
6
CONTINUOUS
10
7.5532985039370075
20
-3.6352280314960628
11
7.5513162992125986
21
-3.637299960629921
0
LINE
8
BLACK
6
CONTINUOUS
10
7.5513162992125986
20
-3.637299960629921
11
7.5504213779527554
21
-3.6380344094488186
0
LINE
8
BLACK
6
CONTINUOUS
10
7.5504213779527554
20
-3.6380344094488186
11
7.5482925590551178
21
-3.638916181102362
0
LINE
8
BLACK
6
CONTINUOUS
10
7.5482925590551178
20
-3.638916181102362
11
7.5459883858267718
21
-3.638916181102362
0
LINE
8
BLACK
6
CONTINUOUS
10
7.5459883858267718
20
-3.638916181102362
11
7.5438595669291333
21
-3.6380344094488186
0
LINE
8
BLACK
6
CONTINUOUS
10
7.5438595669291333
20
-3.6380344094488186
11
7.5422301968503938
21
-3.6364050393700786
0
LINE
8
BLACK
6
CONTINUOUS
10
7.5422301968503938
20
-3.6364050393700786
11
7.5413484251968503
21
-3.634276220472441
0
LINE
8
BLACK
6
CONTINUOUS
10
7.5413484251968503
20
-3.634276220472441
11
7.5413484251968503
21
-3.6319720472440946
0
LINE
8
BLACK
6
CONTINUOUS
10
7.5413484251968503
20
-3.6319720472440946
11
7.5422301968503938
21
-3.6298432283464566
0
LINE
8
BLACK
6
CONTINUOUS
10
7.5422301968503938
20
-3.6298432283464566
11
7.5457767716535429
21
-3.6261361811023622
0
LINE
8
BLACK
6
CONTINUOUS
10
7.5457767716535429
20
-3.6261361811023622
11
7.546229606299212
21
-3.6257644881889761
0
LINE
8
BLACK
6
CONTINUOUS
10
7.546229606299212
20
-3.6257644881889761
11
7.5463318110236219
21
-3.6256466929133859
0
LINE
8
BLACK
6
CONTINUOUS
10
7.5463318110236219
20
-3.6256466929133859
11
7.546444409448819
21
-3.6255881889763777
0
LINE
8
BLACK
6
CONTINUOUS
10
7.546444409448819
20
-3.6255881889763777
11
7.5466716535433065
21
-3.6254017322834646
0
LINE
8
BLACK
6
CONTINUOUS
10
7.5466716535433065
20
-3.6254017322834646
11
7.5473239763779523
21
-3.6251315354330709
0
LINE
8
BLACK
6
CONTINUOUS
10
7.5473239763779523
20
-3.6251315354330709
11
7.552935905511811
21
-3.6222177952755903
0
LINE
8
BLACK
6
CONTINUOUS
10
7.552935905511811
20
-3.6222177952755903
11
7.5540171259842515
21
-3.6218040157480313
0
LINE
8
BLACK
6
CONTINUOUS
10
7.5540171259842515
20
-3.6218040157480313
11
7.5542288188976379
21
-3.621788937007874
0
LINE
8
BLACK
6
CONTINUOUS
10
7.5542288188976379
20
-3.621788937007874
11
7.5544248031496064
21
-3.6217077952755905
0
LINE
8
BLACK
6
CONTINUOUS
10
7.5544248031496064
20
-3.6217077952755905
11
7.5554823622047245
21
-3.6216998818897639
0
LINE
8
BLACK
6
CONTINUOUS
10
7.5554823622047245
20
-3.6216998818897639
11
7.5563155511811022
21
-3.6216407086614173
0
LINE
8
BLACK
6
CONTINUOUS
10
7.5563155511811022
20
-3.6216407086614173
11
7.5564709842519679
21
-3.6216925196850394
0
LINE
8
BLACK
6
CONTINUOUS
10
7.5564709842519679
20
-3.6216925196850394
11
7.5696376377952754
21
-3.6215943307086613
0
LINE
8
BLACK
6
CONTINUOUS
10
7.5696376377952754
20
-3.6215943307086613
11
7.5707897637795272
21
-3.6217077952755905
0
LINE
8
BLACK
6
CONTINUOUS
10
7.6292758661417324
20
-3.6216517322834645
11
7.6294313779527556
21
-3.6216407086614173
0
LINE
8
BLACK
6
CONTINUOUS
10
7.6294313779527556
20
-3.6216407086614173
11
7.6295499212598425
21
-3.6216787401574804
0
LINE
8
BLACK
6
CONTINUOUS
10
7.6295499212598425
20
-3.6216787401574804
11
7.6298448818897633
21
-3.6217077952755905
0
LINE
8
BLACK
6
CONTINUOUS
10
7.6298448818897633
20
-3.6217077952755905
11
7.6305470078740152
21
-3.621998622047244
0
LINE
8
BLACK
6
CONTINUOUS
10
7.6305470078740152
20
-3.621998622047244
11
7.6389966929133859
21
-3.6247095275590548
0
LINE
8
BLACK
6
CONTINUOUS
10
7.6389966929133859
20
-3.6247095275590548
11
7.6400538188976377
21
-3.6251815354330708
0
LINE
8
BLACK
6
CONTINUOUS
10
7.6400538188976377
20
-3.6251815354330708
11
7.6402140551181104
21
-3.6253205118110237
0
LINE
8
BLACK
6
CONTINUOUS
10
7.6402140551181104
20
-3.6253205118110237
11
7.6404101181102364
21
-3.6254017322834646
0
LINE
8
BLACK
6
CONTINUOUS
10
7.6404101181102364
20
-3.6254017322834646
11
7.6414035826771656
21
-3.6263521653543305
0
LINE
8
BLACK
6
CONTINUOUS
10
7.6414035826771656
20
-3.6263521653543305
11
7.6417945275590551
21
-3.6266912598425196
0
LINE
8
BLACK
6
CONTINUOUS
10
7.6417945275590551
20
-3.6266912598425196
11
7.6418279921259842
21
-3.6267582283464566
0
LINE
8
BLACK
6
CONTINUOUS
10
7.6418279921259842
20
-3.6267582283464566
11
7.6441171653543307
21
-3.6289483070866142
0
LINE
8
BLACK
6
CONTINUOUS
10
7.6441171653543307
20
-3.6289483070866142
11
7.6448516141732279
21
-3.6298431889763778
0
LINE
8
BLACK
6
CONTINUOUS
10
7.6448516141732279
20
-3.6298431889763778
11
7.6457333464566926
21
-3.6319720472440946
0
LINE
8
BLACK
6
CONTINUOUS
10
7.6457333464566926
20
-3.6319720472440946
11
7.6457333464566926
21
-3.634276220472441
0
LINE
8
BLACK
6
CONTINUOUS
10
7.6457333464566926
20
-3.634276220472441
11
7.6448516141732279
21
-3.6364050393700786
0
LINE
8
BLACK
6
CONTINUOUS
10
7.6448516141732279
20
-3.6364050393700786
11
7.6432222440944884
21
-3.6380344094488186
0
LINE
8
BLACK
6
CONTINUOUS
10
7.6432222440944884
20
-3.6380344094488186
11
7.6410934251968499
21
-3.6389161417322833
0
LINE
8
BLACK
6
CONTINUOUS
10
7.6410934251968499
20
-3.6389161417322833
11
7.6387892519685039
21
-3.6389161417322833
0
LINE
8
BLACK
6
CONTINUOUS
10
7.6387892519685039
20
-3.6389161417322833
11
7.6366603937007875
21
-3.6380344094488186
0
LINE
8
BLACK
6
CONTINUOUS
10
7.6366603937007875
20
-3.6380344094488186
11
7.6338663385826768
21
-3.6353612598425196
0
LINE
8
BLACK
6
CONTINUOUS
10
7.6338663385826768
20
-3.6353612598425196
11
7.6275366929133854
21
-3.6333305118110237
0
LINE
8
BLACK
6
CONTINUOUS
10
7.6275366929133854
20
-3.6333305118110237
11
7.6237874015748028
21
-3.6333933070866142
0
LINE
8
BLACK
6
CONTINUOUS
10
7.6237874015748028
20
-3.6333933070866142
11
7.6176743307086614
21
-3.6355080314960628
0
LINE
8
BLACK
6
CONTINUOUS
10
7.6176743307086614
20
-3.6355080314960628
11
7.6136994094488184
21
-3.6395832283464564
0
LINE
8
BLACK
6
CONTINUOUS
10
7.6136994094488184
20
-3.6395832283464564
11
7.6115780314960624
21
-3.6439927952755906
0
LINE
8
BLACK
6
CONTINUOUS
10
7.6115780314960624
20
-3.6439927952755906
11
7.6092016535433071
21
-3.6538711811023621
0
LINE
8
BLACK
6
CONTINUOUS
10
7.6092016535433071
20
-3.6538711811023621
11
7.6092846850393698
21
-3.6608874409448817
0
LINE
8
BLACK
6
CONTINUOUS
10
7.6092846850393698
20
-3.6608874409448817
11
7.6118523228346451
21
-3.670782992125984
0
LINE
8
BLACK
6
CONTINUOUS
10
7.6118523228346451
20
-3.670782992125984
11
7.6139559055118111
21
-3.6748344488188978
0
LINE
8
BLACK
6
CONTINUOUS
10
7.6139559055118111
20
-3.6748344488188978
11
7.6179208267716536
21
-3.6787018503937006
0
LINE
8
BLACK
6
CONTINUOUS
10
7.6179208267716536
20
-3.6787018503937006
11
7.6242245669291338
21
-3.6807242519685039
0
LINE
8
BLACK
6
CONTINUOUS
10
7.6242245669291338
20
-3.6807242519685039
11
7.6279736614173226
21
-3.6806614566929134
0
LINE
8
BLACK
6
CONTINUOUS
10
7.6279736614173226
20
-3.6806614566929134
11
7.6340335039370073
21
-3.6785651968503936
0
LINE
8
BLACK
6
CONTINUOUS
10
7.6340335039370073
20
-3.6785651968503936
11
7.6357654724409443
21
-3.6767548818897637
0
LINE
8
BLACK
6
CONTINUOUS
10
7.6357654724409443
20
-3.6767548818897637
11
7.6366603937007875
21
-3.6760204330708661
0
LINE
8
BLACK
6
CONTINUOUS
10
7.6366603937007875
20
-3.6760204330708661
11
7.6387892125984251
21
-3.6751386614173227
0
LINE
8
BLACK
6
CONTINUOUS
10
7.6387892125984251
20
-3.6751386614173227
11
7.6410933858267711
21
-3.675138622047244
0
LINE
8
BLACK
6
CONTINUOUS
10
7.6410933858267711
20
-3.675138622047244
11
7.6432222047244096
21
-3.6760203937007874
0
LINE
8
BLACK
6
CONTINUOUS
10
7.6432222047244096
20
-3.6760203937007874
11
7.6448515748031491
21
-3.6776497244094486
0
LINE
8
BLACK
6
CONTINUOUS
10
7.6448515748031491
20
-3.6776497244094486
11
7.6457333464566926
21
-3.6797785433070866
0
LINE
8
BLACK
6
CONTINUOUS
10
7.6457333464566926
20
-3.6797785433070866
11
7.6457333858267713
21
-3.6820827165354331
0
LINE
8
BLACK
6
CONTINUOUS
10
7.6457333858267713
20
-3.6820827165354331
11
7.6448516141732279
21
-3.6842115748031494
0
LINE
8
BLACK
6
CONTINUOUS
10
7.6448516141732279
20
-3.6842115748031494
11
7.6413050787401575
21
-3.6879186220472442
0
LINE
8
BLACK
6
CONTINUOUS
10
7.6413050787401575
20
-3.6879186220472442
11
7.6404101574803152
21
-3.6886530708661418
0
LINE
8
BLACK
6
CONTINUOUS
10
7.6404101574803152
20
-3.6886530708661418
11
7.6402141732283466
21
-3.6887342125984253
0
LINE
8
BLACK
6
CONTINUOUS
10
7.6402141732283466
20
-3.6887342125984253
11
7.6400538188976377
21
-3.6888733464566927
0
LINE
8
BLACK
6
CONTINUOUS
10
7.6400538188976377
20
-3.6888733464566927
11
7.6389897637795272
21
-3.6892414173228345
0
LINE
8
BLACK
6
CONTINUOUS
10
7.6389897637795272
20
-3.6892414173228345
11
7.6382813385826767
21
-3.6895348818897635
0
LINE
8
BLACK
6
CONTINUOUS
10
7.6382813385826767
20
-3.6895348818897635
11
7.6381414566929129
21
-3.6895348818897635
0
LINE
8
BLACK
6
CONTINUOUS
10
7.6381414566929129
20
-3.6895348818897635
11
7.6305602362204725
21
-3.6921574409448819
0
LINE
8
BLACK
6
CONTINUOUS
10
7.6305602362204725
20
-3.6921574409448819
11
7.6299888582677164
21
-3.6922873228346456
0
LINE
8
BLACK
6
CONTINUOUS
10
7.6299888582677164
20
-3.6922873228346456
11
7.6298448818897633
21
-3.6923470078740155
0
LINE
8
BLACK
6
CONTINUOUS
10
7.6298448818897633
20
-3.6923470078740155
11
7.6297171259842518
21
-3.6923491338582677
0
LINE
8
BLACK
6
CONTINUOUS
10
7.6297171259842518
20
-3.6923491338582677
11
7.6294313385826769
21
-3.6924141338582674
0
LINE
8
BLACK
6
CONTINUOUS
10
7.6294313385826769
20
-3.6924141338582674
11
7.6287459055118108
21
-3.6923653937007872
0
LINE
8
BLACK
6
CONTINUOUS
10
7.6287459055118108
20
-3.6923653937007872
11
7.6230684645669289
21
-3.6924604724409447
0
LINE
8
BLACK
6
CONTINUOUS
10
7.6230684645669289
20
-3.6924604724409447
11
7.6224855511811018
21
-3.6924030314960627
0
LINE
8
BLACK
6
CONTINUOUS
10
7.6224855511811018
20
-3.6924030314960627
11
7.6223298818897636
21
-3.6924141338582674
0
LINE
8
BLACK
6
CONTINUOUS
10
7.6223298818897636
20
-3.6924141338582674
11
7.6222111417322829
21
-3.6923760236220473
0
LINE
8
BLACK
6
CONTINUOUS
10
7.6222111417322829
20
-3.6923760236220473
11
7.6219163385826771
21
-3.6923470078740155
0
LINE
8
BLACK
6
CONTINUOUS
10
7.6219163385826771
20
-3.6923470078740155
11
7.6212144881889765
21
-3.6920562598425195
0
LINE
8
BLACK
6
CONTINUOUS
10
7.6212144881889765
20
-3.6920562598425195
11
7.6127645275590545
21
-3.6893453149606299
0
LINE
8
BLACK
6
CONTINUOUS
10
7.6127645275590545
20
-3.6893453149606299
11
7.6117074015748027
21
-3.6888733464566927
0
LINE
8
BLACK
6
CONTINUOUS
10
7.6117074015748027
20
-3.6888733464566927
11
7.6115470866141735
21
-3.6887342913385828
0
LINE
8
BLACK
6
CONTINUOUS
10
7.6115470866141735
20
-3.6887342913385828
11
7.6113510629921262
21
-3.6886531102362206
0
LINE
8
BLACK
6
CONTINUOUS
10
7.6113510629921262
20
-3.6886531102362206
11
7.6105290944881885
21
-3.687851377952756
0
LINE
8
BLACK
6
CONTINUOUS
10
7.6105290944881885
20
-3.687851377952756
11
7.6099666929133853
21
-3.6873635826771651
0
LINE
8
BLACK
6
CONTINUOUS
10
7.6099666929133853
20
-3.6873635826771651
11
7.6099073622047246
21
-3.6872449212598424
0
LINE
8
BLACK
6
CONTINUOUS
10
7.6099073622047246
20
-3.6872449212598424
11
7.604831889763779
21
-3.6822943307086615
0
LINE
8
BLACK
6
CONTINUOUS
10
7.604831889763779
20
-3.6822943307086615
11
7.6044602362204721
21
-3.6818414960629919
0
LINE
8
BLACK
6
CONTINUOUS
10
7.6044602362204721
20
-3.6818414960629919
11
7.6043424015748027
21
-3.6817392913385825
0
LINE
8
BLACK
6
CONTINUOUS
10
7.6043424015748027
20
-3.6817392913385825
11
7.6042838582677161
21
-3.6816265748031496
0
LINE
8
BLACK
6
CONTINUOUS
10
7.6042838582677161
20
-3.6816265748031496
11
7.6040974409448818
21
-3.6813994094488187
0
LINE
8
BLACK
6
CONTINUOUS
10
7.6040974409448818
20
-3.6813994094488187
11
7.6038272834645664
21
-3.6807471653543304
0
LINE
8
BLACK
6
CONTINUOUS
10
7.6038272834645664
20
-3.6807471653543304
11
7.6009135039370079
21
-3.6751352362204726
0
LINE
8
BLACK
6
CONTINUOUS
10
7.6009135039370079
20
-3.6751352362204726
11
7.6008812204724405
21
-3.6750509448818898
0
LINE
8
BLACK
6
CONTINUOUS
10
7.6008812204724405
20
-3.6750509448818898
11
7.6008558661417318
21
-3.6750166929133856
0
LINE
8
BLACK
6
CONTINUOUS
10
7.6008558661417318
20
-3.6750166929133856
11
7.6008300000000002
21
-3.6749170078740159
0
LINE
8
BLACK
6
CONTINUOUS
10
7.6008300000000002
20
-3.6749170078740159
11
7.6004997637795277
21
-3.6740540157480313
0
LINE
8
BLACK
6
CONTINUOUS
10
7.6004997637795277
20
-3.6740540157480313
11
7.6004596456692912
21
-3.6734897244094489
0
LINE
8
BLACK
6
CONTINUOUS
10
7.6004596456692912
20
-3.6734897244094489
11
7.5976542519685042
21
-3.6626779133858265
0
LINE
8
BLACK
6
CONTINUOUS
10
7.5976542519685042
20
-3.6626779133858265
11
7.5976247244094486
21
-3.6624782283464565
0
LINE
8
BLACK
6
CONTINUOUS
10
7.5976247244094486
20
-3.6624782283464565
11
7.5975913779527557
21
-3.6623977559055119
0
LINE
8
BLACK
6
CONTINUOUS
10
7.5975913779527557
20
-3.6623977559055119
11
7.5975894881889765
21
-3.6622401574803147
0
LINE
8
BLACK
6
CONTINUOUS
10
7.5975894881889765
20
-3.6622401574803147
11
7.5974848818897636
21
-3.6615326771653542
0
LINE
8
BLACK
6
CONTINUOUS
10
7.5974848818897636
20
-3.6615326771653542
11
7.5975740157480312
21
-3.6609334645669289
0
LINE
8
BLACK
6
CONTINUOUS
10
7.5975740157480312
20
-3.6609334645669289
11
7.597477913385827
21
-3.6528091732283463
0
LINE
8
BLACK
6
CONTINUOUS
10
7.597477913385827
20
-3.6528091732283463
11
7.5974976771653537
21
-3.6526082283464567
0
LINE
8
BLACK
6
CONTINUOUS
10
7.5974976771653537
20
-3.6526082283464567
11
7.5974848818897636
21
-3.6525221259842517
0
LINE
8
BLACK
6
CONTINUOUS
10
7.5974848818897636
20
-3.6525221259842517
11
7.5975209448818894
21
-3.6523722047244092
0
LINE
8
BLACK
6
CONTINUOUS
10
7.5975209448818894
20
-3.6523722047244092
11
7.5975913779527557
21
-3.6516570472440946
0
LINE
8
BLACK
6
CONTINUOUS
10
7.5975913779527557
20
-3.6516570472440946
11
7.5978337401574798
21
-3.6510719291338583
0
LINE
8
BLACK
6
CONTINUOUS
10
7.5978337401574798
20
-3.6510719291338583
11
7.6004663779527561
21
-3.6401283070866142
0
LINE
8
BLACK
6
CONTINUOUS
10
7.6004663779527561
20
-3.6401283070866142
11
7.6004967322834647
21
-3.6400433070866143
0
LINE
8
BLACK
6
CONTINUOUS
10
7.6004967322834647
20
-3.6400433070866143
11
7.6004997637795277
21
-3.6400007874015747
0
LINE
8
BLACK
6
CONTINUOUS
10
7.6004997637795277
20
-3.6400007874015747
11
7.6005470472440946
21
-3.6399024409448817
0
LINE
8
BLACK
6
CONTINUOUS
10
7.6005470472440946
20
-3.6399024409448817
11
7.6008558661417318
21
-3.6390381102362204
0
LINE
8
BLACK
6
CONTINUOUS
10
7.6008558661417318
20
-3.6390381102362204
11
7.6011609842519681
21
-3.6386262598425194
0
LINE
8
BLACK
6
CONTINUOUS
10
7.6011609842519681
20
-3.6386262598425194
11
7.6037256692913386
21
-3.6332952755905512
0
LINE
8
BLACK
6
CONTINUOUS
10
7.6037256692913386
20
-3.6332952755905512
11
7.6040377559055115
21
-3.6327994488188975
0
LINE
8
BLACK
6
CONTINUOUS
10
7.6040377559055115
20
-3.6327994488188975
11
7.6040974409448818
21
-3.6326553937007873
0
LINE
8
BLACK
6
CONTINUOUS
10
7.6040974409448818
20
-3.6326553937007873
11
7.6041848818897639
21
-3.6325657086614171
0
LINE
8
BLACK
6
CONTINUOUS
10
7.6041848818897639
20
-3.6325657086614171
11
7.6043424015748027
21
-3.6323155118110235
0
LINE
8
BLACK
6
CONTINUOUS
10
7.6043424015748027
20
-3.6323155118110235
11
7.6049041338582679
21
-3.631828307086614
0
LINE
8
BLACK
6
CONTINUOUS
10
7.6049041338582679
20
-3.631828307086614
11
7.6104561811023617
21
-3.6261361811023622
0
LINE
8
BLACK
6
CONTINUOUS
10
7.6104561811023617
20
-3.6261361811023622
11
7.6113510629921262
21
-3.6254017322834646
0
LINE
8
BLACK
6
CONTINUOUS
10
7.6113510629921262
20
-3.6254017322834646
11
7.611547165354331
21
-3.6253204724409449
0
LINE
8
BLACK
6
CONTINUOUS
10
7.611547165354331
20
-3.6253204724409449
11
7.6117074015748027
21
-3.6251815354330708
0
LINE
8
BLACK
6
CONTINUOUS
10
7.6117074015748027
20
-3.6251815354330708
11
7.6127709055118107
21
-3.624813622047244
0
LINE
8
BLACK
6
CONTINUOUS
10
7.6127709055118107
20
-3.624813622047244
11
7.6134799212598425
21
-3.6245199606299212
0
LINE
8
BLACK
6
CONTINUOUS
10
7.6134799212598425
20
-3.6245199606299212
11
7.613619842519685
21
-3.6245199606299212
0
LINE
8
BLACK
6
CONTINUOUS
10
7.613619842519685
20
-3.6245199606299212
11
7.6212009448818891
21
-3.6218974015748029
0
LINE
8
BLACK
6
CONTINUOUS
10
7.6212009448818891
20
-3.6218974015748029
11
7.6217721653543302
21
-3.6217674803149604
0
LINE
8
BLACK
6
CONTINUOUS
10
7.6217721653543302
20
-3.6217674803149604
11
7.6219163385826771
21
-3.6217077952755905
0
LINE
8
BLACK
6
CONTINUOUS
10
7.6219163385826771
20
-3.6217077952755905
11
7.6220442125984249
21
-3.6217056299212596
0
LINE
8
BLACK
6
CONTINUOUS
10
7.6220442125984249
20
-3.6217056299212596
11
7.6223298425196848
21
-3.6216407086614173
0
LINE
8
BLACK
6
CONTINUOUS
10
7.6223298425196848
20
-3.6216407086614173
11
7.6230149606299209
21
-3.62168937007874
0
LINE
8
BLACK
6
CONTINUOUS
10
7.6230149606299209
20
-3.62168937007874
11
7.6286927559055115
21
-3.6215943307086613
0
LINE
8
BLACK
6
CONTINUOUS
10
7.6286927559055115
20
-3.6215943307086613
11
7.6292758661417324
21
-3.6216517322834645
0
LINE
8
BLACK
6
CONTINUOUS
10
7.525112047244094
20
-3.6225896062992127
11
7.5267413385826769
21
-3.6242188976377951
0
LINE
8
BLACK
6
CONTINUOUS
10
7.5267413385826769
20
-3.6242188976377951
11
7.5276231496062991
21
-3.6263477165354332
0
LINE
8
BLACK
6
CONTINUOUS
10
7.5276231496062991
20
-3.6263477165354332
11
7.5277366141732278
21
-3.6865549606299211
0
LINE
8
BLACK
6
CONTINUOUS
10
7.5277366141732278
20
-3.6865549606299211
11
7.5276231496062991
21
-3.6877070866141732
0
LINE
8
BLACK
6
CONTINUOUS
10
7.5276231496062991
20
-3.6877070866141732
11
7.5267413385826769
21
-3.6898359055118108
0
LINE
8
BLACK
6
CONTINUOUS
10
7.5267413385826769
20
-3.6898359055118108
11
7.525112047244094
21
-3.6914651968503938
0
LINE
8
BLACK
6
CONTINUOUS
10
7.525112047244094
20
-3.6914651968503938
11
7.5229832283464564
21
-3.6923470078740155
0
LINE
8
BLACK
6
CONTINUOUS
10
7.5229832283464564
20
-3.6923470078740155
11
7.5206789763779529
21
-3.6923470078740155
0
LINE
8
BLACK
6
CONTINUOUS
10
7.5206789763779529
20
-3.6923470078740155
11
7.5185501574803144
21
-3.6914651968503938
0
LINE
8
BLACK
6
CONTINUOUS
10
7.5185501574803144
20
-3.6914651968503938
11
7.5169208661417324
21
-3.6898359055118108
0
LINE
8
BLACK
6
CONTINUOUS
10
7.5169208661417324
20
-3.6898359055118108
11
7.5160390551181102
21
-3.6877070866141732
0
LINE
8
BLACK
6
CONTINUOUS
10
7.5160390551181102
20
-3.6877070866141732
11
7.5159255905511806
21
-3.6274998425196849
0
LINE
8
BLACK
6
CONTINUOUS
10
7.5159255905511806
20
-3.6274998425196849
11
7.5160390551181102
21
-3.6263477165354332
0
LINE
8
BLACK
6
CONTINUOUS
10
7.5160390551181102
20
-3.6263477165354332
11
7.5169208661417324
21
-3.6242188976377951
0
LINE
8
BLACK
6
CONTINUOUS
10
7.5169208661417324
20
-3.6242188976377951
11
7.5185501574803144
21
-3.6225896062992127
0
LINE
8
BLACK
6
CONTINUOUS
10
7.5185501574803144
20
-3.6225896062992127
11
7.5206789763779529
21
-3.6217077952755905
0
LINE
8
BLACK
6
CONTINUOUS
10
7.5206789763779529
20
-3.6217077952755905
11
7.5229832283464564
21
-3.6217077952755905
0
LINE
8
BLACK
6
CONTINUOUS
10
7.5229832283464564
20
-3.6217077952755905
11
7.525112047244094
21
-3.6225896062992127
0
LINE
8
BLACK
6
CONTINUOUS
10
5.4877330314960631
20
-3.6430694881889765
11
5.4877760629921255
21
-3.6430631102362203
0
LINE
8
BLACK
6
CONTINUOUS
10
5.4877760629921255
20
-3.6430631102362203
11
5.4878497244094486
21
-3.6430809842519682
0
LINE
8
BLACK
6
CONTINUOUS
10
5.4878497244094486
20
-3.6430809842519682
11
5.4882085826771654
21
-3.643116338582677
0
LINE
8
BLACK
6
CONTINUOUS
10
5.4882085826771654
20
-3.643116338582677
11
5.4885104724409448
21
-3.6432413779527559
0
LINE
8
BLACK
6
CONTINUOUS
10
5.4885104724409448
20
-3.6432413779527559
11
5.4958477165354331
21
-3.6450225196850394
0
LINE
8
BLACK
6
CONTINUOUS
10
5.4958477165354331
20
-3.6450225196850394
11
5.4958901968503939
21
-3.6450376771653543
0
LINE
8
BLACK
6
CONTINUOUS
10
5.4958901968503939
20
-3.6450376771653543
11
5.4959114566929133
21
-3.6450392125984252
0
LINE
8
BLACK
6
CONTINUOUS
10
5.4959114566929133
20
-3.6450392125984252
11
5.4959589763779526
21
-3.645062244094488
0
LINE
8
BLACK
6
CONTINUOUS
10
5.4959589763779526
20
-3.645062244094488
11
5.4963928346456692
21
-3.6452172834645666
0
LINE
8
BLACK
6
CONTINUOUS
10
5.4963928346456692
20
-3.6452172834645666
11
5.4966098031496058
21
-3.6453780708661419
0
LINE
8
BLACK
6
CONTINUOUS
10
5.4966098031496058
20
-3.6453780708661419
11
5.5002016141732284
21
-3.6471208661417323
0
LINE
8
BLACK
6
CONTINUOUS
10
5.5002016141732284
20
-3.6471208661417323
11
5.5004494881889761
21
-3.6472768897637793
0
LINE
8
BLACK
6
CONTINUOUS
10
5.5004494881889761
20
-3.6472768897637793
11
5.5005215354330703
21
-3.6473067322834645
0
LINE
8
BLACK
6
CONTINUOUS
10
5.5005215354330703
20
-3.6473067322834645
11
5.5005676377952755
21
-3.6473512598425195
0
LINE
8
BLACK
6
CONTINUOUS
10
5.5005676377952755
20
-3.6473512598425195
11
5.5006914960629922
21
-3.6474292125984249
0
LINE
8
BLACK
6
CONTINUOUS
10
5.5006914960629922
20
-3.6474292125984249
11
5.5009131889763783
21
-3.6476848425196851
0
LINE
8
BLACK
6
CONTINUOUS
10
5.5009131889763783
20
-3.6476848425196851
11
5.5028437795275593
21
-3.6495487007874017
0
LINE
8
BLACK
6
CONTINUOUS
10
5.5028437795275593
20
-3.6495487007874017
11
5.5030295275590548
21
-3.6497750393700787
0
LINE
8
BLACK
6
CONTINUOUS
10
5.5030295275590548
20
-3.6497750393700787
11
5.5030885826771652
21
-3.6498262598425195
0
LINE
8
BLACK
6
CONTINUOUS
10
5.5030885826771652
20
-3.6498262598425195
11
5.5031172047244095
21
-3.6498818897637793
0
LINE
8
BLACK
6
CONTINUOUS
10
5.5031172047244095
20
-3.6498818897637793
11
5.5032110236220468
21
-3.6499961811023622
0
LINE
8
BLACK
6
CONTINUOUS
10
5.5032110236220468
20
-3.6499961811023622
11
5.50335468503937
21
-3.650343031496063
0
LINE
8
BLACK
6
CONTINUOUS
10
5.50335468503937
20
-3.650343031496063
11
5.5052716929133858
21
-3.6540656692913385
0
LINE
8
BLACK
6
CONTINUOUS
10
5.5052716929133858
20
-3.6540656692913385
11
5.5054785826771653
21
-3.6546062598425197
0
LINE
8
BLACK
6
CONTINUOUS
10
5.5054785826771653
20
-3.6546062598425197
11
5.5054861023622044
21
-3.6547121259842519
0
LINE
8
BLACK
6
CONTINUOUS
10
5.5054861023622044
20
-3.6547121259842519
11
5.5055266929133859
21
-3.6548101181102362
0
LINE
8
BLACK
6
CONTINUOUS
10
5.5055266929133859
20
-3.6548101181102362
11
5.5055342913385825
21
-3.6553904724409447
0
LINE
8
BLACK
6
CONTINUOUS
10
5.5055342913385825
20
-3.6553904724409447
11
5.5055602362204725
21
-3.6557554724409447
0
LINE
8
BLACK
6
CONTINUOUS
10
5.5055602362204725
20
-3.6557554724409447
11
5.5055398818897636
21
-3.6558164960629922
0
LINE
8
BLACK
6
CONTINUOUS
10
5.5055398818897636
20
-3.6558164960629922
11
5.5055834251968498
21
-3.6591357086614171
0
LINE
8
BLACK
6
CONTINUOUS
10
5.5055834251968498
20
-3.6591357086614171
11
5.5055266929133859
21
-3.6597117716535434
0
LINE
8
BLACK
6
CONTINUOUS
10
5.5055266929133859
20
-3.6597117716535434
11
5.5054861023622044
21
-3.6598097244094485
0
LINE
8
BLACK
6
CONTINUOUS
10
5.5054861023622044
20
-3.6598097244094485
11
5.5054785826771653
21
-3.6599156299212598
0
LINE
8
BLACK
6
CONTINUOUS
10
5.5054785826771653
20
-3.6599156299212598
11
5.5052302362204726
21
-3.6604273622047243
0
LINE
8
BLACK
6
CONTINUOUS
10
5.5052302362204726
20
-3.6604273622047243
11
5.5050857874015744
21
-3.6607761811023622
0
LINE
8
BLACK
6
CONTINUOUS
10
5.5050857874015744
20
-3.6607761811023622
11
5.5050376771653546
21
-3.6608242519685037
0
LINE
8
BLACK
6
CONTINUOUS
10
5.5050376771653546
20
-3.6608242519685037
11
5.5033969291338583
21
-3.6642057480314958
0
LINE
8
BLACK
6
CONTINUOUS
10
5.5033969291338583
20
-3.6642057480314958
11
5.5032408267716537
21
-3.6644537401574802
0
LINE
8
BLACK
6
CONTINUOUS
10
5.5032408267716537
20
-3.6644537401574802
11
5.5032110236220468
21
-3.6645257086614174
0
LINE
8
BLACK
6
CONTINUOUS
10
5.5032110236220468
20
-3.6645257086614174
11
5.5031664960629918
21
-3.6645717716535433
0
LINE
8
BLACK
6
CONTINUOUS
10
5.5031664960629918
20
-3.6645717716535433
11
5.5030885826771652
21
-3.6646956299212596
0
LINE
8
BLACK
6
CONTINUOUS
10
5.5030885826771652
20
-3.6646956299212596
11
5.50283279527559
21
-3.6649174015748032
0
LINE
8
BLACK
6
CONTINUOUS
10
5.50283279527559
20
-3.6649174015748032
11
5.500968976377953
21
-3.6668479527559055
0
LINE
8
BLACK
6
CONTINUOUS
10
5.500968976377953
20
-3.6668479527559055
11
5.5007426377952751
21
-3.6670336614173227
0
LINE
8
BLACK
6
CONTINUOUS
10
5.5007426377952751
20
-3.6670336614173227
11
5.5006914960629922
21
-3.6670926771653543
0
LINE
8
BLACK
6
CONTINUOUS
10
5.5006914960629922
20
-3.6670926771653543
11
5.5006358661417325
21
-3.6671212992125986
0
LINE
8
BLACK
6
CONTINUOUS
10
5.5006358661417325
20
-3.6671212992125986
11
5.5005215354330703
21
-3.6672151574803147
0
LINE
8
BLACK
6
CONTINUOUS
10
5.5005215354330703
20
-3.6672151574803147
11
5.5001746062992121
21
-3.6673588188976378
0
LINE
8
BLACK
6
CONTINUOUS
10
5.5001746062992121
20
-3.6673588188976378
11
5.4964520866141733
21
-3.6692757874015749
0
LINE
8
BLACK
6
CONTINUOUS
10
5.4964520866141733
20
-3.6692757874015749
11
5.4964099606299213
21
-3.6692918897637794
0
LINE
8
BLACK
6
CONTINUOUS
10
5.4964099606299213
20
-3.6692918897637794
11
5.4963928346456692
21
-3.6693046062992125
0
LINE
8
BLACK
6
CONTINUOUS
10
5.4963928346456692
20
-3.6693046062992125
11
5.4963438188976372
21
-3.6693172047244094
0
LINE
8
BLACK
6
CONTINUOUS
10
5.4963438188976372
20
-3.6693172047244094
11
5.4959114566929133
21
-3.6694826771653544
0
LINE
8
BLACK
6
CONTINUOUS
10
5.4959114566929133
20
-3.6694826771653544
11
5.4956202362204722
21
-3.6695033464566928
0
LINE
8
BLACK
6
CONTINUOUS
10
5.4956202362204722
20
-3.6695033464566928
11
5.4883486614173229
21
-3.6713741338582677
0
LINE
8
BLACK
6
CONTINUOUS
10
5.4883486614173229
20
-3.6713741338582677
11
5.4882487795275585
21
-3.6713888976377951
0
LINE
8
BLACK
6
CONTINUOUS
10
5.4882487795275585
20
-3.6713888976377951
11
5.4882085826771654
21
-3.6714055511811021
0
LINE
8
BLACK
6
CONTINUOUS
10
5.4882085826771654
20
-3.6714055511811021
11
5.488133188976378
21
-3.6714059448818896
0
LINE
8
BLACK
6
CONTINUOUS
10
5.488133188976378
20
-3.6714059448818896
11
5.4877760629921255
21
-3.6714587795275588
0
LINE
8
BLACK
6
CONTINUOUS
10
5.4877760629921255
20
-3.6714587795275588
11
5.4874474803149607
21
-3.6714098818897636
0
LINE
8
BLACK
6
CONTINUOUS
10
5.4874474803149607
20
-3.6714098818897636
11
5.4782587007874017
21
-3.6714622834645669
0
LINE
8
BLACK
6
CONTINUOUS
10
5.4782587007874017
20
-3.6714622834645669
11
5.4781581496062994
21
-3.6714523622047244
0
LINE
8
BLACK
6
CONTINUOUS
10
5.4781581496062994
20
-3.6714523622047244
11
5.4781151574803149
21
-3.6714587795275588
0
LINE
8
BLACK
6
CONTINUOUS
10
5.4781151574803149
20
-3.6714587795275588
11
5.478041456692913
21
-3.6714408661417322
0
LINE
8
BLACK
6
CONTINUOUS
10
5.478041456692913
20
-3.6714408661417322
11
5.4776826377952759
21
-3.6714055511811021
0
LINE
8
BLACK
6
CONTINUOUS
10
5.4776826377952759
20
-3.6714055511811021
11
5.4773807086614168
21
-3.6712804724409449
0
LINE
8
BLACK
6
CONTINUOUS
10
5.4773807086614168
20
-3.6712804724409449
11
5.4700435039370081
21
-3.6694993700787402
0
LINE
8
BLACK
6
CONTINUOUS
10
5.4700435039370081
20
-3.6694993700787402
11
5.4700009842519686
21
-3.6694841732283465
0
LINE
8
BLACK
6
CONTINUOUS
10
5.4700009842519686
20
-3.6694841732283465
11
5.4699797244094484
21
-3.6694826771653544
0
LINE
8
BLACK
6
CONTINUOUS
10
5.4699797244094484
20
-3.6694826771653544
11
5.469932047244094
21
-3.6694595275590549
0
LINE
8
BLACK
6
CONTINUOUS
10
5.469932047244094
20
-3.6694595275590549
11
5.4694983858267712
21
-3.6693046062992125
0
LINE
8
BLACK
6
CONTINUOUS
10
5.4694983858267712
20
-3.6693046062992125
11
5.4692814173228346
21
-3.6691438582677165
0
LINE
8
BLACK
6
CONTINUOUS
10
5.4692814173228346
20
-3.6691438582677165
11
5.4656896062992129
21
-3.6674010236220473
0
LINE
8
BLACK
6
CONTINUOUS
10
5.4656896062992129
20
-3.6674010236220473
11
5.4654415748031493
21
-3.6672449212598424
0
LINE
8
BLACK
6
CONTINUOUS
10
5.4654415748031493
20
-3.6672449212598424
11
5.4653696456692913
21
-3.6672151181102359
0
LINE
8
BLACK
6
CONTINUOUS
10
5.4653696456692913
20
-3.6672151181102359
11
5.4653235433070861
21
-3.6671705905511809
0
LINE
8
BLACK
6
CONTINUOUS
10
5.4653235433070861
20
-3.6671705905511809
11
5.465199724409449
21
-3.6670926771653543
0
LINE
8
BLACK
6
CONTINUOUS
10
5.465199724409449
20
-3.6670926771653543
11
5.4649779527559055
21
-3.666836968503937
0
LINE
8
BLACK
6
CONTINUOUS
10
5.4649779527559055
20
-3.666836968503937
11
5.4630474409448819
21
-3.6649731496062992
0
LINE
8
BLACK
6
CONTINUOUS
10
5.4630474409448819
20
-3.6649731496062992
11
5.4628616535433068
21
-3.6647467716535433
0
LINE
8
BLACK
6
CONTINUOUS
10
5.4628616535433068
20
-3.6647467716535433
11
5.4628026771653539
21
-3.6646956299212596
0
LINE
8
BLACK
6
CONTINUOUS
10
5.4628026771653539
20
-3.6646956299212596
11
5.4627740157480318
21
-3.6646399606299211
0
LINE
8
BLACK
6
CONTINUOUS
10
5.4627740157480318
20
-3.6646399606299211
11
5.4626802362204723
21
-3.6645257086614174
0
LINE
8
BLACK
6
CONTINUOUS
10
5.4626802362204723
20
-3.6645257086614174
11
5.4625365748031491
21
-3.6641788976377954
0
LINE
8
BLACK
6
CONTINUOUS
10
5.4625365748031491
20
-3.6641788976377954
11
5.4606195669291333
21
-3.6604562204724407
0
LINE
8
BLACK
6
CONTINUOUS
10
5.4606195669291333
20
-3.6604562204724407
11
5.4604126771653538
21
-3.6599155905511811
0
LINE
8
BLACK
6
CONTINUOUS
10
5.4604126771653538
20
-3.6599155905511811
11
5.4604051574803147
21
-3.6598097637795273
0
LINE
8
BLACK
6
CONTINUOUS
10
5.4604051574803147
20
-3.6598097637795273
11
5.4603645669291341
21
-3.6597117716535434
0
LINE
8
BLACK
6
CONTINUOUS
10
5.4603645669291341
20
-3.6597117716535434
11
5.4603569291338578
21
-3.6591312992125982
0
LINE
8
BLACK
6
CONTINUOUS
10
5.4603569291338578
20
-3.6591312992125982
11
5.4603310236220475
21
-3.6587663779527557
0
LINE
8
BLACK
6
CONTINUOUS
10
5.4603310236220475
20
-3.6587663779527557
11
5.4603513385826767
21
-3.6587053149606299
0
LINE
8
BLACK
6
CONTINUOUS
10
5.4603513385826767
20
-3.6587053149606299
11
5.4603078346456693
21
-3.655386181102362
0
LINE
8
BLACK
6
CONTINUOUS
10
5.4603078346456693
20
-3.655386181102362
11
5.4603645669291341
21
-3.6548101181102362
0
LINE
8
BLACK
6
CONTINUOUS
10
5.4603645669291341
20
-3.6548101181102362
11
5.4604051574803147
21
-3.6547120866141731
0
LINE
8
BLACK
6
CONTINUOUS
10
5.4604051574803147
20
-3.6547120866141731
11
5.4604126771653538
21
-3.6546062992125985
0
LINE
8
BLACK
6
CONTINUOUS
10
5.4604126771653538
20
-3.6546062992125985
11
5.4606608661417324
21
-3.6540947244094486
0
LINE
8
BLACK
6
CONTINUOUS
10
5.4606608661417324
20
-3.6540947244094486
11
5.4608054724409447
21
-3.6537457086614173
0
LINE
8
BLACK
6
CONTINUOUS
10
5.4608054724409447
20
-3.6537457086614173
11
5.4608535826771654
21
-3.6536975590551179
0
LINE
8
BLACK
6
CONTINUOUS
10
5.4608535826771654
20
-3.6536975590551179
11
5.4624943307086609
21
-3.6503161417322834
0
LINE
8
BLACK
6
CONTINUOUS
10
5.4624943307086609
20
-3.6503161417322834
11
5.4626503937007875
21
-3.6500681102362202
0
LINE
8
BLACK
6
CONTINUOUS
10
5.4626503937007875
20
-3.6500681102362202
11
5.4626802362204723
21
-3.6499961811023622
0
LINE
8
BLACK
6
CONTINUOUS
10
5.4626802362204723
20
-3.6499961811023622
11
5.4627247244094486
21
-3.6499500787401575
0
LINE
8
BLACK
6
CONTINUOUS
10
5.4627247244094486
20
-3.6499500787401575
11
5.4628026771653539
21
-3.6498262598425195
0
LINE
8
BLACK
6
CONTINUOUS
10
5.4628026771653539
20
-3.6498262598425195
11
5.4630583464566929
21
-3.6496044881889764
0
LINE
8
BLACK
6
CONTINUOUS
10
5.4630583464566929
20
-3.6496044881889764
11
5.4649222047244095
21
-3.6476739763779529
0
LINE
8
BLACK
6
CONTINUOUS
10
5.4649222047244095
20
-3.6476739763779529
11
5.4651485433070865
21
-3.6474881889763777
0
LINE
8
BLACK
6
CONTINUOUS
10
5.4651485433070865
20
-3.6474881889763777
11
5.465199724409449
21
-3.6474292125984249
0
LINE
8
BLACK
6
CONTINUOUS
10
5.465199724409449
20
-3.6474292125984249
11
5.4652553543307087
21
-3.6474005511811023
0
LINE
8
BLACK
6
CONTINUOUS
10
5.4652553543307087
20
-3.6474005511811023
11
5.4653696456692913
21
-3.6473067716535432
0
LINE
8
BLACK
6
CONTINUOUS
10
5.4653696456692913
20
-3.6473067716535432
11
5.465716496062992
21
-3.6471630708661418
0
LINE
8
BLACK
6
CONTINUOUS
10
5.465716496062992
20
-3.6471630708661418
11
5.469439133858268
21
-3.6452461023622047
0
LINE
8
BLACK
6
CONTINUOUS
10
5.469439133858268
20
-3.6452461023622047
11
5.4694812204724412
21
-3.645229960629921
0
LINE
8
BLACK
6
CONTINUOUS
10
5.4694812204724412
20
-3.645229960629921
11
5.4694983858267712
21
-3.6452172834645666
0
LINE
8
BLACK
6
CONTINUOUS
10
5.4694983858267712
20
-3.6452172834645666
11
5.4695473228346456
21
-3.6452046850393698
0
LINE
8
BLACK
6
CONTINUOUS
10
5.4695473228346456
20
-3.6452046850393698
11
5.4699797244094484
21
-3.6450392125984252
0
LINE
8
BLACK
6
CONTINUOUS
10
5.4699797244094484
20
-3.6450392125984252
11
5.4702709448818894
21
-3.645018503937008
0
LINE
8
BLACK
6
CONTINUOUS
10
5.4702709448818894
20
-3.645018503937008
11
5.4775425590551183
21
-3.6431477559055119
0
LINE
8
BLACK
6
CONTINUOUS
10
5.4775425590551183
20
-3.6431477559055119
11
5.4776424015748031
21
-3.6431329527559053
0
LINE
8
BLACK
6
CONTINUOUS
10
5.4776424015748031
20
-3.6431329527559053
11
5.4776826377952759
21
-3.643116338582677
0
LINE
8
BLACK
6
CONTINUOUS
10
5.4776826377952759
20
-3.643116338582677
11
5.4777579921259845
21
-3.6431159055118107
0
LINE
8
BLACK
6
CONTINUOUS
10
5.4777579921259845
20
-3.6431159055118107
11
5.4781151574803149
21
-3.6430631102362203
0
LINE
8
BLACK
6
CONTINUOUS
10
5.4781151574803149
20
-3.6430631102362203
11
5.4784437007874018
21
-3.6431119685039368
0
LINE
8
BLACK
6
CONTINUOUS
10
5.4784437007874018
20
-3.6431119685039368
11
5.4876325196850395
21
-3.6430596062992127
0
LINE
8
BLACK
6
CONTINUOUS
10
5.4876325196850395
20
-3.6430596062992127
11
5.4877330314960631
21
-3.6430694881889765
0
LINE
8
BLACK
6
CONTINUOUS
10
5.4784239370078742
20
-3.6489641732283462
11
5.4715982677165353
21
-3.6507201968503935
0
LINE
8
BLACK
6
CONTINUOUS
10
5.4715982677165353
20
-3.6507201968503935
11
5.4686659448818897
21
-3.6522301968503936
0
LINE
8
BLACK
6
CONTINUOUS
10
5.4686659448818897
20
-3.6522301968503936
11
5.4674752362204719
21
-3.6534635433070863
0
LINE
8
BLACK
6
CONTINUOUS
10
5.4674752362204719
20
-3.6534635433070863
11
5.4661740944881885
21
-3.6561450393700787
0
LINE
8
BLACK
6
CONTINUOUS
10
5.4661740944881885
20
-3.6561450393700787
11
5.4662051574803145
21
-3.6585135826771653
0
LINE
8
BLACK
6
CONTINUOUS
10
5.4662051574803145
20
-3.6585135826771653
11
5.4676036614173231
21
-3.6612293700787402
0
LINE
8
BLACK
6
CONTINUOUS
10
5.4676036614173231
20
-3.6612293700787402
11
5.4688370472440946
21
-3.6624201181102363
0
LINE
8
BLACK
6
CONTINUOUS
10
5.4688370472440946
20
-3.6624201181102363
11
5.4719872834645669
21
-3.6639486614173227
0
LINE
8
BLACK
6
CONTINUOUS
10
5.4719872834645669
20
-3.6639486614173227
11
5.4788187007874019
21
-3.6656070078740157
0
LINE
8
BLACK
6
CONTINUOUS
10
5.4788187007874019
20
-3.6656070078740157
11
5.4874672440944883
21
-3.6655576771653542
0
LINE
8
BLACK
6
CONTINUOUS
10
5.4874672440944883
20
-3.6655576771653542
11
5.4942929133858263
21
-3.6638016535433069
0
LINE
8
BLACK
6
CONTINUOUS
10
5.4942929133858263
20
-3.6638016535433069
11
5.4972252362204719
21
-3.6622916141732285
0
LINE
8
BLACK
6
CONTINUOUS
10
5.4972252362204719
20
-3.6622916141732285
11
5.4984160236220472
21
-3.6610582677165353
0
LINE
8
BLACK
6
CONTINUOUS
10
5.4984160236220472
20
-3.6610582677165353
11
5.4997171259842519
21
-3.6583768110236221
0
LINE
8
BLACK
6
CONTINUOUS
10
5.4997171259842519
20
-3.6583768110236221
11
5.4996860629921258
21
-3.6560082677165355
0
LINE
8
BLACK
6
CONTINUOUS
10
5.4996860629921258
20
-3.6560082677165355
11
5.4982875590551181
21
-3.6532925196850394
0
LINE
8
BLACK
6
CONTINUOUS
10
5.4982875590551181
20
-3.6532925196850394
11
5.4970541732283467
21
-3.6521017716535433
0
LINE
8
BLACK
6
CONTINUOUS
10
5.4970541732283467
20
-3.6521017716535433
11
5.4939038976377947
21
-3.6505731889763777
0
LINE
8
BLACK
6
CONTINUOUS
10
5.4939038976377947
20
-3.6505731889763777
11
5.4870724803149606
21
-3.6489148425196851
0
LINE
8
BLACK
6
CONTINUOUS
10
5.4870724803149606
20
-3.6489148425196851
11
5.4784239370078742
21
-3.6489641732283462
0
LINE
8
BLACK
6
CONTINUOUS
10
5.5032067322834646
20
-3.5100079527559056
11
5.5042711417322829
21
-3.5104488582677162
0
LINE
8
BLACK
6
CONTINUOUS
10
5.5042711417322829
20
-3.5104488582677162
11
5.5050857874015744
21
-3.5112635039370077
0
LINE
8
BLACK
6
CONTINUOUS
10
5.5050857874015744
20
-3.5112635039370077
11
5.5055266929133859
21
-3.5123279133858265
0
LINE
8
BLACK
6
CONTINUOUS
10
5.5055266929133859
20
-3.5123279133858265
11
5.5055266929133859
21
-3.5134800393700787
0
LINE
8
BLACK
6
CONTINUOUS
10
5.5055266929133859
20
-3.5134800393700787
11
5.5050857874015744
21
-3.5145444488188975
0
LINE
8
BLACK
6
CONTINUOUS
10
5.5050857874015744
20
-3.5145444488188975
11
5.5042711417322829
21
-3.515359094488189
0
LINE
8
BLACK
6
CONTINUOUS
10
5.5042711417322829
20
-3.515359094488189
11
5.5032067322834646
21
-3.5158
0
LINE
8
BLACK
6
CONTINUOUS
10
5.5032067322834646
20
-3.5158
11
5.4826176377952756
21
-3.5158550787401572
0
LINE
8
BLACK
6
CONTINUOUS
10
5.4826176377952756
20
-3.5158550787401572
11
5.4804114960629917
21
-3.5169911417322832
0
LINE
8
BLACK
6
CONTINUOUS
10
5.4804114960629917
20
-3.5169911417322832
11
5.4792922440944878
21
-3.5192978740157481
0
LINE
8
BLACK
6
CONTINUOUS
10
5.4792922440944878
20
-3.5192978740157481
11
5.4793310236220467
21
-3.5235353543307086
0
LINE
8
BLACK
6
CONTINUOUS
10
5.4793310236220467
20
-3.5235353543307086
11
5.4804711023622046
21
-3.5257492913385824
0
LINE
8
BLACK
6
CONTINUOUS
10
5.4804711023622046
20
-3.5257492913385824
11
5.4827956692913382
21
-3.5268772047244092
0
LINE
8
BLACK
6
CONTINUOUS
10
5.4827956692913382
20
-3.5268772047244092
11
5.5026306692913387
21
-3.5268241338582675
0
LINE
8
BLACK
6
CONTINUOUS
10
5.5026306692913387
20
-3.5268241338582675
11
5.5032067322834646
21
-3.5268808661417324
0
LINE
8
BLACK
6
CONTINUOUS
10
5.5032067322834646
20
-3.5268808661417324
11
5.5042711417322829
21
-3.5273217716535434
0
LINE
8
BLACK
6
CONTINUOUS
10
5.5042711417322829
20
-3.5273217716535434
11
5.5050857874015744
21
-3.5281364173228345
0
LINE
8
BLACK
6
CONTINUOUS
10
5.5050857874015744
20
-3.5281364173228345
11
5.5055266929133859
21
-3.5292008267716533
0
LINE
8
BLACK
6
CONTINUOUS
10
5.5055266929133859
20
-3.5292008267716533
11
5.5055266929133859
21
-3.5303529527559054
0
LINE
8
BLACK
6
CONTINUOUS
10
5.5055266929133859
20
-3.5303529527559054
11
5.5050857874015744
21
-3.5314173622047242
0
LINE
8
BLACK
6
CONTINUOUS
10
5.5050857874015744
20
-3.5314173622047242
11
5.5042711417322829
21
-3.5322320078740157
0
LINE
8
BLACK
6
CONTINUOUS
10
5.5042711417322829
20
-3.5322320078740157
11
5.5032067322834646
21
-3.5326729133858268
0
LINE
8
BLACK
6
CONTINUOUS
10
5.5032067322834646
20
-3.5326729133858268
11
5.4826176377952756
21
-3.532727992125984
0
LINE
8
BLACK
6
CONTINUOUS
10
5.4826176377952756
20
-3.532727992125984
11
5.4804115354330705
21
-3.53386405511811
0
LINE
8
BLACK
6
CONTINUOUS
10
5.4804115354330705
20
-3.53386405511811
11
5.4792922440944878
21
-3.5361707480314961
0
LINE
8
BLACK
6
CONTINUOUS
10
5.4792922440944878
20
-3.5361707480314961
11
5.4793310236220467
21
-3.5404082283464566
0
LINE
8
BLACK
6
CONTINUOUS
10
5.4793310236220467
20
-3.5404082283464566
11
5.480727007874016
21
-3.5431191338582675
0
LINE
8
BLACK
6
CONTINUOUS
10
5.480727007874016
20
-3.5431191338582675
11
5.4813721259842518
21
-3.5437419685039369
0
LINE
8
BLACK
6
CONTINUOUS
10
5.4813721259842518
20
-3.5437419685039369
11
5.5026306692913387
21
-3.5436970078740155
0
LINE
8
BLACK
6
CONTINUOUS
10
5.5026306692913387
20
-3.5436970078740155
11
5.5032067322834646
21
-3.5437537401574803
0
LINE
8
BLACK
6
CONTINUOUS
10
5.5032067322834646
20
-3.5437537401574803
11
5.5042711417322829
21
-3.5441946456692914
0
LINE
8
BLACK
6
CONTINUOUS
10
5.5042711417322829
20
-3.5441946456692914
11
5.5050857874015744
21
-3.5450092913385824
0
LINE
8
BLACK
6
CONTINUOUS
10
5.5050857874015744
20
-3.5450092913385824
11
5.5055266929133859
21
-3.5460737007874017
0
LINE
8
BLACK
6
CONTINUOUS
10
5.5055266929133859
20
-3.5460737007874017
11
5.5055266929133859
21
-3.5472258267716534
0
LINE
8
BLACK
6
CONTINUOUS
10
5.5055266929133859
20
-3.5472258267716534
11
5.5050857874015744
21
-3.5482902362204722
0
LINE
8
BLACK
6
CONTINUOUS
10
5.5050857874015744
20
-3.5482902362204722
11
5.5042711417322829
21
-3.5491048818897637
0
LINE
8
BLACK
6
CONTINUOUS
10
5.5042711417322829
20
-3.5491048818897637
11
5.5032067322834646
21
-3.5495457874015748
0
LINE
8
BLACK
6
CONTINUOUS
10
5.5032067322834646
20
-3.5495457874015748
11
5.4763839370078742
21
-3.5496025196850391
0
LINE
8
BLACK
6
CONTINUOUS
10
5.4763839370078742
20
-3.5496025196850391
11
5.4758078740157483
21
-3.5495457874015748
0
LINE
8
BLACK
6
CONTINUOUS
10
5.4758078740157483
20
-3.5495457874015748
11
5.4747434645669291
21
-3.5491048818897637
0
LINE
8
BLACK
6
CONTINUOUS
10
5.4747434645669291
20
-3.5491048818897637
11
5.4739288188976376
21
-3.5482902362204722
0
LINE
8
BLACK
6
CONTINUOUS
10
5.4739288188976376
20
-3.5482902362204722
11
5.473487913385827
21
-3.5472258267716534
0
LINE
8
BLACK
6
CONTINUOUS
10
5.473487913385827
20
-3.5472258267716534
11
5.473487913385827
21
-3.5460737007874017
0
LINE
8
BLACK
6
CONTINUOUS
10
5.473487913385827
20
-3.5460737007874017
11
5.4739288188976376
21
-3.5450092913385824
0
LINE
8
BLACK
6
CONTINUOUS
10
5.4739288188976376
20
-3.5450092913385824
11
5.4747113779527554
21
-3.5442266929133859
0
LINE
8
BLACK
6
CONTINUOUS
10
5.4747113779527554
20
-3.5442266929133859
11
5.4737429133858271
21
-3.5423459842519684
0
LINE
8
BLACK
6
CONTINUOUS
10
5.4737429133858271
20
-3.5423459842519684
11
5.4735360236220467
21
-3.5418053543307084
0
LINE
8
BLACK
6
CONTINUOUS
10
5.4735360236220467
20
-3.5418053543307084
11
5.4735285039370076
21
-3.541699527559055
0
LINE
8
BLACK
6
CONTINUOUS
10
5.4735285039370076
20
-3.541699527559055
11
5.473487913385827
21
-3.5416015354330708
0
LINE
8
BLACK
6
CONTINUOUS
10
5.473487913385827
20
-3.5416015354330708
11
5.4734829133858263
21
-3.5410582677165352
0
LINE
8
BLACK
6
CONTINUOUS
10
5.4734829133858263
20
-3.5410582677165352
11
5.4734543700787404
21
-3.5406561417322835
0
LINE
8
BLACK
6
CONTINUOUS
10
5.4734543700787404
20
-3.5406561417322835
11
5.4734785826771652
21
-3.5405834251968504
0
LINE
8
BLACK
6
CONTINUOUS
10
5.4734785826771652
20
-3.5405834251968504
11
5.4734311811023622
21
-3.5354011811023622
0
LINE
8
BLACK
6
CONTINUOUS
10
5.4734311811023622
20
-3.5354011811023622
11
5.473487913385827
21
-3.5348251181102359
0
LINE
8
BLACK
6
CONTINUOUS
10
5.473487913385827
20
-3.5348251181102359
11
5.4735285039370076
21
-3.5347270866141733
0
LINE
8
BLACK
6
CONTINUOUS
10
5.4735285039370076
20
-3.5347270866141733
11
5.4735360236220467
21
-3.5346212992125983
0
LINE
8
BLACK
6
CONTINUOUS
10
5.4735360236220467
20
-3.5346212992125983
11
5.4737842125984253
21
-3.5341097244094488
0
LINE
8
BLACK
6
CONTINUOUS
10
5.4737842125984253
20
-3.5341097244094488
11
5.4739288188976376
21
-3.5337607086614171
0
LINE
8
BLACK
6
CONTINUOUS
10
5.4739288188976376
20
-3.5337607086614171
11
5.4739769291338582
21
-3.5337125590551182
0
LINE
8
BLACK
6
CONTINUOUS
10
5.4739769291338582
20
-3.5337125590551182
11
5.4756176771653546
21
-3.5303311417322836
0
LINE
8
BLACK
6
CONTINUOUS
10
5.4756176771653546
20
-3.5303311417322836
11
5.4756783070866142
21
-3.5302347637795273
0
LINE
8
BLACK
6
CONTINUOUS
10
5.4756783070866142
20
-3.5302347637795273
11
5.4756934645669286
21
-3.5301893700787401
0
LINE
8
BLACK
6
CONTINUOUS
10
5.4756934645669286
20
-3.5301893700787401
11
5.4757424803149606
21
-3.5301327952755903
0
LINE
8
BLACK
6
CONTINUOUS
10
5.4757424803149606
20
-3.5301327952755903
11
5.4759260236220468
21
-3.5298412598425197
0
LINE
8
BLACK
6
CONTINUOUS
10
5.4759260236220468
20
-3.5298412598425197
11
5.4760002362204725
21
-3.5297768897637796
0
LINE
8
BLACK
6
CONTINUOUS
10
5.4760002362204725
20
-3.5297768897637796
11
5.4759260236220468
21
-3.5297125196850394
0
LINE
8
BLACK
6
CONTINUOUS
10
5.4759260236220468
20
-3.5297125196850394
11
5.4758246456692916
21
-3.5295156692913383
0
LINE
8
BLACK
6
CONTINUOUS
10
5.4758246456692916
20
-3.5295156692913383
11
5.4756934645669286
21
-3.529364409448819
0
LINE
8
BLACK
6
CONTINUOUS
10
5.4756934645669286
20
-3.529364409448819
11
5.4755956299212594
21
-3.5290709055118108
0
LINE
8
BLACK
6
CONTINUOUS
10
5.4755956299212594
20
-3.5290709055118108
11
5.4737429133858271
21
-3.5254731102362205
0
LINE
8
BLACK
6
CONTINUOUS
10
5.4737429133858271
20
-3.5254731102362205
11
5.4735360236220467
21
-3.5249324803149604
0
LINE
8
BLACK
6
CONTINUOUS
10
5.4735360236220467
20
-3.5249324803149604
11
5.4735285039370076
21
-3.524826653543307
0
LINE
8
BLACK
6
CONTINUOUS
10
5.4735285039370076
20
-3.524826653543307
11
5.473487913385827
21
-3.5247286614173228
0
LINE
8
BLACK
6
CONTINUOUS
10
5.473487913385827
20
-3.5247286614173228
11
5.4734829133858263
21
-3.5241853937007872
0
LINE
8
BLACK
6
CONTINUOUS
10
5.4734829133858263
20
-3.5241853937007872
11
5.4734543700787404
21
-3.5237832677165355
0
LINE
8
BLACK
6
CONTINUOUS
10
5.4734543700787404
20
-3.5237832677165355
11
5.4734785826771652
21
-3.5237105511811024
0
LINE
8
BLACK
6
CONTINUOUS
10
5.4734785826771652
20
-3.5237105511811024
11
5.4734311811023622
21
-3.5185283070866142
0
LINE
8
BLACK
6
CONTINUOUS
10
5.4734311811023622
20
-3.5185283070866142
11
5.473487913385827
21
-3.5179522440944879
0
LINE
8
BLACK
6
CONTINUOUS
10
5.473487913385827
20
-3.5179522440944879
11
5.4735285039370076
21
-3.5178542125984249
0
LINE
8
BLACK
6
CONTINUOUS
10
5.4735285039370076
20
-3.5178542125984249
11
5.4735360236220467
21
-3.5177484251968503
0
LINE
8
BLACK
6
CONTINUOUS
10
5.4735360236220467
20
-3.5177484251968503
11
5.473784251968504
21
-3.5172368110236221
0
LINE
8
BLACK
6
CONTINUOUS
10
5.473784251968504
20
-3.5172368110236221
11
5.4739288188976376
21
-3.5168878346456691
0
LINE
8
BLACK
6
CONTINUOUS
10
5.4739288188976376
20
-3.5168878346456691
11
5.4739769291338582
21
-3.5168396850393702
0
LINE
8
BLACK
6
CONTINUOUS
10
5.4739769291338582
20
-3.5168396850393702
11
5.4756176771653546
21
-3.5134582283464568
0
LINE
8
BLACK
6
CONTINUOUS
10
5.4756176771653546
20
-3.5134582283464568
11
5.4756783070866142
21
-3.5133618897637793
0
LINE
8
BLACK
6
CONTINUOUS
10
5.4756783070866142
20
-3.5133618897637793
11
5.4756934645669286
21
-3.5133164566929134
0
LINE
8
BLACK
6
CONTINUOUS
10
5.4756934645669286
20
-3.5133164566929134
11
5.4757425196850393
21
-3.5132598425196848
0
LINE
8
BLACK
6
CONTINUOUS
10
5.4757425196850393
20
-3.5132598425196848
11
5.4759260236220468
21
-3.5129683858267717
0
LINE
8
BLACK
6
CONTINUOUS
10
5.4759260236220468
20
-3.5129683858267717
11
5.4762056299212594
21
-3.5127258661417322
0
LINE
8
BLACK
6
CONTINUOUS
10
5.4762056299212594
20
-3.5127258661417322
11
5.4764483070866143
21
-3.5124460629921259
0
LINE
8
BLACK
6
CONTINUOUS
10
5.4764483070866143
20
-3.5124460629921259
11
5.4766451181102358
21
-3.5123446850393698
0
LINE
8
BLACK
6
CONTINUOUS
10
5.4766451181102358
20
-3.5123446850393698
11
5.4767964173228343
21
-3.5122135039370077
0
LINE
8
BLACK
6
CONTINUOUS
10
5.4767964173228343
20
-3.5122135039370077
11
5.4770898818897633
21
-3.5121156692913384
0
LINE
8
BLACK
6
CONTINUOUS
10
5.4770898818897633
20
-3.5121156692913384
11
5.4806877165354333
21
-3.5102629527559053
0
LINE
8
BLACK
6
CONTINUOUS
10
5.4806877165354333
20
-3.5102629527559053
11
5.4812283070866137
21
-3.5100560629921258
0
LINE
8
BLACK
6
CONTINUOUS
10
5.4812283070866137
20
-3.5100560629921258
11
5.4813341732283467
21
-3.510048503937008
0
LINE
8
BLACK
6
CONTINUOUS
10
5.4813341732283467
20
-3.510048503937008
11
5.481432165354331
21
-3.5100079527559056
0
LINE
8
BLACK
6
CONTINUOUS
10
5.481432165354331
20
-3.5100079527559056
11
5.4819239370078741
21
-3.5100066141732285
0
LINE
8
BLACK
6
CONTINUOUS
10
5.4819239370078741
20
-3.5100066141732285
11
5.4823775196850395
21
-3.509974409448819
0
LINE
8
BLACK
6
CONTINUOUS
10
5.4823775196850395
20
-3.509974409448819
11
5.4824698031496064
21
-3.5100051574803151
0
LINE
8
BLACK
6
CONTINUOUS
10
5.4824698031496064
20
-3.5100051574803151
11
5.5026306692913387
21
-3.5099512204724408
0
LINE
8
BLACK
6
CONTINUOUS
10
5.5026306692913387
20
-3.5099512204724408
11
5.5032067322834646
21
-3.5100079527559056
0
LINE
8
BLACK
6
CONTINUOUS
10
6.1496109842519679
20
-3.4094717322834645
11
6.1496884645669292
21
-3.4094665748031496
0
LINE
8
BLACK
6
CONTINUOUS
10
6.1496884645669292
20
-3.4094665748031496
11
6.1497418110236222
21
-3.4094846062992126
0
LINE
8
BLACK
6
CONTINUOUS
10
6.1497418110236222
20
-3.4094846062992126
11
6.1498824015748026
21
-3.4094984645669291
0
LINE
8
BLACK
6
CONTINUOUS
10
6.1498824015748026
20
-3.4094984645669291
11
6.1503255905511809
21
-3.4096820472440945
0
LINE
8
BLACK
6
CONTINUOUS
10
6.1503255905511809
20
-3.4096820472440945
11
6.1507798425196851
21
-3.4098356692913385
0
LINE
8
BLACK
6
CONTINUOUS
10
6.1507798425196851
20
-3.4098356692913385
11
6.1508548031496062
21
-3.4099012204724408
0
LINE
8
BLACK
6
CONTINUOUS
10
6.1508548031496062
20
-3.4099012204724408
11
6.1509468110236218
21
-3.4099393700787402
0
LINE
8
BLACK
6
CONTINUOUS
10
6.1509468110236218
20
-3.4099393700787402
11
6.1512857874015747
21
-3.410278346456693
0
LINE
8
BLACK
6
CONTINUOUS
10
6.1512857874015747
20
-3.410278346456693
11
6.1516469291338582
21
-3.4105943307086615
0
LINE
8
BLACK
6
CONTINUOUS
10
6.1516469291338582
20
-3.4105943307086615
11
6.1516911023622045
21
-3.4106836614173228
0
LINE
8
BLACK
6
CONTINUOUS
10
6.1516911023622045
20
-3.4106836614173228
11
6.1517614566929133
21
-3.4107540157480316
0
LINE
8
BLACK
6
CONTINUOUS
10
6.1517614566929133
20
-3.4107540157480316
11
6.151944921259842
21
-3.4111969291338582
0
LINE
8
BLACK
6
CONTINUOUS
10
6.151944921259842
20
-3.4111969291338582
11
6.1521576377952751
21
-3.4116270866141734
0
LINE
8
BLACK
6
CONTINUOUS
10
6.1521576377952751
20
-3.4116270866141734
11
6.1521642519685038
21
-3.4117264173228348
0
LINE
8
BLACK
6
CONTINUOUS
10
6.1521642519685038
20
-3.4117264173228348
11
6.1522023622047239
21
-3.4118184251968504
0
LINE
8
BLACK
6
CONTINUOUS
10
6.1522023622047239
20
-3.4118184251968504
11
6.1522023622047239
21
-3.4122981102362204
0
LINE
8
BLACK
6
CONTINUOUS
10
6.1522023622047239
20
-3.4122981102362204
11
6.1522342519685038
21
-3.4127766141732283
0
LINE
8
BLACK
6
CONTINUOUS
10
6.1522342519685038
20
-3.4127766141732283
11
6.1522023622047239
21
-3.4128709055118112
0
LINE
8
BLACK
6
CONTINUOUS
10
6.1522023622047239
20
-3.4128709055118112
11
6.1522023622047239
21
-3.4129705511811022
0
LINE
8
BLACK
6
CONTINUOUS
10
6.1522023622047239
20
-3.4129705511811022
11
6.1520187401574802
21
-3.4134137401574804
0
LINE
8
BLACK
6
CONTINUOUS
10
6.1520187401574802
20
-3.4134137401574804
11
6.1518651574803149
21
-3.4138679921259842
0
LINE
8
BLACK
6
CONTINUOUS
10
6.1518651574803149
20
-3.4138679921259842
11
6.1517992125984247
21
-3.4139437401574804
0
LINE
8
BLACK
6
CONTINUOUS
10
6.1517992125984247
20
-3.4139437401574804
11
6.1517614566929133
21
-3.4140349606299214
0
LINE
8
BLACK
6
CONTINUOUS
10
6.1517614566929133
20
-3.4140349606299214
11
6.1514412598425192
21
-3.4143551181102363
0
LINE
8
BLACK
6
CONTINUOUS
10
6.1514412598425192
20
-3.4143551181102363
11
6.1425757874015749
21
-3.4245438582677163
0
LINE
8
BLACK
6
CONTINUOUS
10
6.1425757874015749
20
-3.4245438582677163
11
6.1425871653543309
21
-3.4245446850393702
0
LINE
8
BLACK
6
CONTINUOUS
10
6.1425871653543309
20
-3.4245446850393702
11
6.1430987007874016
21
-3.4247928740157478
0
LINE
8
BLACK
6
CONTINUOUS
10
6.1430987007874016
20
-3.4247928740157478
11
6.1434477559055116
21
-3.4249374803149606
0
LINE
8
BLACK
6
CONTINUOUS
10
6.1434477559055116
20
-3.4249374803149606
11
6.1434958661417323
21
-3.4249855905511812
0
LINE
8
BLACK
6
CONTINUOUS
10
6.1434958661417323
20
-3.4249855905511812
11
6.1468773228346452
21
-3.4266263385826772
0
LINE
8
BLACK
6
CONTINUOUS
10
6.1468773228346452
20
-3.4266263385826772
11
6.14712531496063
21
-3.426782401574803
0
LINE
8
BLACK
6
CONTINUOUS
10
6.14712531496063
20
-3.426782401574803
11
6.1471972834645667
21
-3.4268122440944881
0
LINE
8
BLACK
6
CONTINUOUS
10
6.1471972834645667
20
-3.4268122440944881
11
6.1472433464566931
21
-3.4268567322834644
0
LINE
8
BLACK
6
CONTINUOUS
10
6.1472433464566931
20
-3.4268567322834644
11
6.147367204724409
21
-3.4269346850393698
0
LINE
8
BLACK
6
CONTINUOUS
10
6.147367204724409
20
-3.4269346850393698
11
6.1475889370078738
21
-3.4271903543307087
0
LINE
8
BLACK
6
CONTINUOUS
10
6.1475889370078738
20
-3.4271903543307087
11
6.1495194881889761
21
-3.4290542125984249
0
LINE
8
BLACK
6
CONTINUOUS
10
6.1495194881889761
20
-3.4290542125984249
11
6.1497052362204725
21
-3.4292805511811024
0
LINE
8
BLACK
6
CONTINUOUS
10
6.1497052362204725
20
-3.4292805511811024
11
6.1497642519685041
21
-3.4293317322834644
0
LINE
8
BLACK
6
CONTINUOUS
10
6.1497642519685041
20
-3.4293317322834644
11
6.1497928740157475
21
-3.4293873622047242
0
LINE
8
BLACK
6
CONTINUOUS
10
6.1497928740157475
20
-3.4293873622047242
11
6.1498866929133857
21
-3.4295016535433072
0
LINE
8
BLACK
6
CONTINUOUS
10
6.1498866929133857
20
-3.4295016535433072
11
6.1500303543307089
21
-3.4298485039370079
0
LINE
8
BLACK
6
CONTINUOUS
10
6.1500303543307089
20
-3.4298485039370079
11
6.1519473622047247
21
-3.4335711417322834
0
LINE
8
BLACK
6
CONTINUOUS
10
6.1519473622047247
20
-3.4335711417322834
11
6.1521542519685042
21
-3.4341117322834647
0
LINE
8
BLACK
6
CONTINUOUS
10
6.1521542519685042
20
-3.4341117322834647
11
6.1521617716535433
21
-3.4342175984251968
0
LINE
8
BLACK
6
CONTINUOUS
10
6.1521617716535433
20
-3.4342175984251968
11
6.1522023622047239
21
-3.4343155905511811
0
LINE
8
BLACK
6
CONTINUOUS
10
6.1522023622047239
20
-3.4343155905511811
11
6.1522052755905507
21
-3.4348301181102361
0
LINE
8
BLACK
6
CONTINUOUS
10
6.1522052755905507
20
-3.4348301181102361
11
6.1522359055118105
21
-3.4352609448818896
0
LINE
8
BLACK
6
CONTINUOUS
10
6.1522359055118105
20
-3.4352609448818896
11
6.1522081889763776
21
-3.4353439763779527
0
LINE
8
BLACK
6
CONTINUOUS
10
6.1522081889763776
20
-3.4353439763779527
11
6.1522590944881888
21
-3.4442654724409447
0
LINE
8
BLACK
6
CONTINUOUS
10
6.1522590944881888
20
-3.4442654724409447
11
6.1522023622047239
21
-3.4448415354330706
0
LINE
8
BLACK
6
CONTINUOUS
10
6.1522023622047239
20
-3.4448415354330706
11
6.1521617716535433
21
-3.4449394881889761
0
LINE
8
BLACK
6
CONTINUOUS
10
6.1521617716535433
20
-3.4449394881889761
11
6.1521542519685042
21
-3.4450453937007874
0
LINE
8
BLACK
6
CONTINUOUS
10
6.1521542519685042
20
-3.4450453937007874
11
6.1519059055118106
21
-3.4455571259842519
0
LINE
8
BLACK
6
CONTINUOUS
10
6.1519059055118106
20
-3.4455571259842519
11
6.1517614566929133
21
-3.4459059448818898
0
LINE
8
BLACK
6
CONTINUOUS
10
6.1517614566929133
20
-3.4459059448818898
11
6.1517133464566927
21
-3.4459540157480313
0
LINE
8
BLACK
6
CONTINUOUS
10
6.1517133464566927
20
-3.4459540157480313
11
6.1500725984251963
21
-3.4493355118110234
0
LINE
8
BLACK
6
CONTINUOUS
10
6.1500725984251963
20
-3.4493355118110234
11
6.1499165354330705
21
-3.4495833858267715
0
LINE
8
BLACK
6
CONTINUOUS
10
6.1499165354330705
20
-3.4495833858267715
11
6.1498867322834645
21
-3.4496554330708662
0
LINE
8
BLACK
6
CONTINUOUS
10
6.1498867322834645
20
-3.4496554330708662
11
6.1498421653543307
21
-3.4497015354330709
0
LINE
8
BLACK
6
CONTINUOUS
10
6.1498421653543307
20
-3.4497015354330709
11
6.1497642519685041
21
-3.4498253937007872
0
LINE
8
BLACK
6
CONTINUOUS
10
6.1497642519685041
20
-3.4498253937007872
11
6.1495085826771652
21
-3.4500470866141733
0
LINE
8
BLACK
6
CONTINUOUS
10
6.1495085826771652
20
-3.4500470866141733
11
6.1476447637795273
21
-3.4519776771653543
0
LINE
8
BLACK
6
CONTINUOUS
10
6.1476447637795273
20
-3.4519776771653543
11
6.1474183858267715
21
-3.4521634251968503
0
LINE
8
BLACK
6
CONTINUOUS
10
6.1474183858267715
20
-3.4521634251968503
11
6.147367204724409
21
-3.4522224803149606
0
LINE
8
BLACK
6
CONTINUOUS
10
6.147367204724409
20
-3.4522224803149606
11
6.1473115354330705
21
-3.4522511023622044
0
LINE
8
BLACK
6
CONTINUOUS
10
6.1473115354330705
20
-3.4522511023622044
11
6.1471972834645667
21
-3.4523449212598423
0
LINE
8
BLACK
6
CONTINUOUS
10
6.1471972834645667
20
-3.4523449212598423
11
6.1468503937007872
21
-3.4524885826771654
0
LINE
8
BLACK
6
CONTINUOUS
10
6.1468503937007872
20
-3.4524885826771654
11
6.1431277952755901
21
-3.4544055905511812
0
LINE
8
BLACK
6
CONTINUOUS
10
6.1431277952755901
20
-3.4544055905511812
11
6.1425871653543309
21
-3.4546124803149607
0
LINE
8
BLACK
6
CONTINUOUS
10
6.1425871653543309
20
-3.4546124803149607
11
6.1424813385826766
21
-3.454619960629921
0
LINE
8
BLACK
6
CONTINUOUS
10
6.1424813385826766
20
-3.454619960629921
11
6.1423833464566924
21
-3.4546605905511809
0
LINE
8
BLACK
6
CONTINUOUS
10
6.1423833464566924
20
-3.4546605905511809
11
6.1418757480314961
21
-3.4546629921259844
0
LINE
8
BLACK
6
CONTINUOUS
10
6.1418757480314961
20
-3.4546629921259844
11
6.1414379527559051
21
-3.4546941338582675
0
LINE
8
BLACK
6
CONTINUOUS
10
6.1414379527559051
20
-3.4546941338582675
11
6.1413521653543306
21
-3.4546655118110237
0
LINE
8
BLACK
6
CONTINUOUS
10
6.1413521653543306
20
-3.4546655118110237
11
6.1305587007874012
21
-3.4547173228346457
0
LINE
8
BLACK
6
CONTINUOUS
10
6.1305587007874012
20
-3.4547173228346457
11
6.1299826377952753
21
-3.4546605905511809
0
LINE
8
BLACK
6
CONTINUOUS
10
6.1299826377952753
20
-3.4546605905511809
11
6.129884645669291
21
-3.4546199999999998
0
LINE
8
BLACK
6
CONTINUOUS
10
6.129884645669291
20
-3.4546199999999998
11
6.1297787795275589
21
-3.4546124803149607
0
LINE
8
BLACK
6
CONTINUOUS
10
6.1297787795275589
20
-3.4546124803149607
11
6.1292670078740157
21
-3.4543641338582676
0
LINE
8
BLACK
6
CONTINUOUS
10
6.1292670078740157
20
-3.4543641338582676
11
6.1289182283464569
21
-3.4542196850393698
0
LINE
8
BLACK
6
CONTINUOUS
10
6.1289182283464569
20
-3.4542196850393698
11
6.1288701181102363
21
-3.4541715748031496
0
LINE
8
BLACK
6
CONTINUOUS
10
6.1288701181102363
20
-3.4541715748031496
11
6.1254886614173225
21
-3.4525308267716537
0
LINE
8
BLACK
6
CONTINUOUS
10
6.1254886614173225
20
-3.4525308267716537
11
6.1252406299212598
21
-3.4523747244094487
0
LINE
8
BLACK
6
CONTINUOUS
10
6.1252406299212598
20
-3.4523747244094487
11
6.1251687007874018
21
-3.4523449212598423
0
LINE
8
BLACK
6
CONTINUOUS
10
6.1251687007874018
20
-3.4523449212598423
11
6.1251225984251967
21
-3.4523003937007872
0
LINE
8
BLACK
6
CONTINUOUS
10
6.1251225984251967
20
-3.4523003937007872
11
6.1249987795275587
21
-3.4522224803149606
0
LINE
8
BLACK
6
CONTINUOUS
10
6.1249987795275587
20
-3.4522224803149606
11
6.1247769685039373
21
-3.4519666929133859
0
LINE
8
BLACK
6
CONTINUOUS
10
6.1247769685039373
20
-3.4519666929133859
11
6.1228464566929128
21
-3.450102874015748
0
LINE
8
BLACK
6
CONTINUOUS
10
6.1228464566929128
20
-3.450102874015748
11
6.1224792519685041
21
-3.4496554330708662
0
LINE
8
BLACK
6
CONTINUOUS
10
6.1224792519685041
20
-3.4496554330708662
11
6.1220383858267713
21
-3.4485910236220469
0
LINE
8
BLACK
6
CONTINUOUS
10
6.1220383858267713
20
-3.4485910236220469
11
6.1220383858267713
21
-3.447438937007874
0
LINE
8
BLACK
6
CONTINUOUS
10
6.1220383858267713
20
-3.447438937007874
11
6.1224792913385828
21
-3.4463745275590552
0
LINE
8
BLACK
6
CONTINUOUS
10
6.1224792913385828
20
-3.4463745275590552
11
6.123293976377953
21
-3.4455598425196849
0
LINE
8
BLACK
6
CONTINUOUS
10
6.123293976377953
20
-3.4455598425196849
11
6.1243583858267714
21
-3.4451189763779526
0
LINE
8
BLACK
6
CONTINUOUS
10
6.1243583858267714
20
-3.4451189763779526
11
6.1255104724409444
21
-3.4451189763779526
0
LINE
8
BLACK
6
CONTINUOUS
10
6.1255104724409444
20
-3.4451189763779526
11
6.1265748818897636
21
-3.4455598818897637
0
LINE
8
BLACK
6
CONTINUOUS
10
6.1265748818897636
20
-3.4455598818897637
11
6.1286361023622042
21
-3.4475499212598426
0
LINE
8
BLACK
6
CONTINUOUS
10
6.1286361023622042
20
-3.4475499212598426
11
6.1313402362204723
21
-3.4488620078740158
0
LINE
8
BLACK
6
CONTINUOUS
10
6.1313402362204723
20
-3.4488620078740158
11
6.1411953149606298
21
-3.4488147244094489
0
LINE
8
BLACK
6
CONTINUOUS
10
6.1411953149606298
20
-3.4488147244094489
11
6.1439009055118108
21
-3.4474214566929131
0
LINE
8
BLACK
6
CONTINUOUS
10
6.1439009055118108
20
-3.4474214566929131
11
6.1450916929133861
21
-3.4461880314960629
0
LINE
8
BLACK
6
CONTINUOUS
10
6.1450916929133861
20
-3.4461880314960629
11
6.1464025590551179
21
-3.4434864173228346
0
LINE
8
BLACK
6
CONTINUOUS
10
6.1464025590551179
20
-3.4434864173228346
11
6.146357047244094
21
-3.43550468503937
0
LINE
8
BLACK
6
CONTINUOUS
10
6.146357047244094
20
-3.43550468503937
11
6.1449632283464561
21
-3.4327979527559056
0
LINE
8
BLACK
6
CONTINUOUS
10
6.1449632283464561
20
-3.4327979527559056
11
6.1437298818897634
21
-3.4316072440944883
0
LINE
8
BLACK
6
CONTINUOUS
10
6.1437298818897634
20
-3.4316072440944883
11
6.1410376771653539
21
-3.4303009055118108
0
LINE
8
BLACK
6
CONTINUOUS
10
6.1410376771653539
20
-3.4303009055118108
11
6.1361829921259838
21
-3.4303453543307088
0
LINE
8
BLACK
6
CONTINUOUS
10
6.1361829921259838
20
-3.4303453543307088
11
6.1358783070866139
21
-3.4303153149606298
0
LINE
8
BLACK
6
CONTINUOUS
10
6.1358783070866139
20
-3.4303153149606298
11
6.1358008661417323
21
-3.4303205118110234
0
LINE
8
BLACK
6
CONTINUOUS
10
6.1358008661417323
20
-3.4303205118110234
11
6.1357474803149605
21
-3.4303024409448817
0
LINE
8
BLACK
6
CONTINUOUS
10
6.1357474803149605
20
-3.4303024409448817
11
6.135606929133858
21
-3.4302886220472439
0
LINE
8
BLACK
6
CONTINUOUS
10
6.135606929133858
20
-3.4302886220472439
11
6.1351637007874018
21
-3.4301049999999997
0
LINE
8
BLACK
6
CONTINUOUS
10
6.1351637007874018
20
-3.4301049999999997
11
6.1347094881889763
21
-3.4299514173228345
0
LINE
8
BLACK
6
CONTINUOUS
10
6.1347094881889763
20
-3.4299514173228345
11
6.1346344881889765
21
-3.4298858267716534
0
LINE
8
BLACK
6
CONTINUOUS
10
6.1346344881889765
20
-3.4298858267716534
11
6.1345425196850396
21
-3.4298477165354329
0
LINE
8
BLACK
6
CONTINUOUS
10
6.1345425196850396
20
-3.4298477165354329
11
6.134203503937008
21
-3.4295087007874017
0
LINE
8
BLACK
6
CONTINUOUS
10
6.134203503937008
20
-3.4295087007874017
11
6.1338424015748032
21
-3.4291927559055115
0
LINE
8
BLACK
6
CONTINUOUS
10
6.1338424015748032
20
-3.4291927559055115
11
6.1337981889763782
21
-3.4291033858267714
0
LINE
8
BLACK
6
CONTINUOUS
10
6.1337981889763782
20
-3.4291033858267714
11
6.1337278740157481
21
-3.4290330708661418
0
LINE
8
BLACK
6
CONTINUOUS
10
6.1337278740157481
20
-3.4290330708661418
11
6.1335443700787398
21
-3.4285901181102361
0
LINE
8
BLACK
6
CONTINUOUS
10
6.1335443700787398
20
-3.4285901181102361
11
6.1333316929133854
21
-3.4281600000000001
0
LINE
8
BLACK
6
CONTINUOUS
10
6.1333316929133854
20
-3.4281600000000001
11
6.1333250393700789
21
-3.4280606299212599
0
LINE
8
BLACK
6
CONTINUOUS
10
6.1333250393700789
20
-3.4280606299212599
11
6.1332869685039366
21
-3.4279686614173226
0
LINE
8
BLACK
6
CONTINUOUS
10
6.1332869685039366
20
-3.4279686614173226
11
6.1332869685039366
21
-3.4274889370078738
0
LINE
8
BLACK
6
CONTINUOUS
10
6.1332869685039366
20
-3.4274889370078738
11
6.1332550787401576
21
-3.4270104724409447
0
LINE
8
BLACK
6
CONTINUOUS
10
6.1332550787401576
20
-3.4270104724409447
11
6.1332869685039366
21
-3.4269161417322835
0
LINE
8
BLACK
6
CONTINUOUS
10
6.1332869685039366
20
-3.4269161417322835
11
6.1332869685039366
21
-3.4268165354330709
0
LINE
8
BLACK
6
CONTINUOUS
10
6.1332869685039366
20
-3.4268165354330709
11
6.1334705511811025
21
-3.4263733070866143
0
LINE
8
BLACK
6
CONTINUOUS
10
6.1334705511811025
20
-3.4263733070866143
11
6.1336241732283465
21
-3.4259190944881888
0
LINE
8
BLACK
6
CONTINUOUS
10
6.1336241732283465
20
-3.4259190944881888
11
6.1336900787401571
21
-3.4258433070866139
0
LINE
8
BLACK
6
CONTINUOUS
10
6.1336900787401571
20
-3.4258433070866139
11
6.1337278740157481
21
-3.4257521259842521
0
LINE
8
BLACK
6
CONTINUOUS
10
6.1337278740157481
20
-3.4257521259842521
11
6.1340480314960626
21
-3.4254319291338584
0
LINE
8
BLACK
6
CONTINUOUS
10
6.1340480314960626
20
-3.4254319291338584
11
6.1428584645669293
21
-3.4153064566929134
0
LINE
8
BLACK
6
CONTINUOUS
10
6.1428584645669293
20
-3.4153064566929134
11
6.1249344094488185
21
-3.4153472440944883
0
LINE
8
BLACK
6
CONTINUOUS
10
6.1249344094488185
20
-3.4153472440944883
11
6.1243583464566926
21
-3.4152905118110235
0
LINE
8
BLACK
6
CONTINUOUS
10
6.1243583464566926
20
-3.4152905118110235
11
6.1232939370078743
21
-3.4148496062992124
0
LINE
8
BLACK
6
CONTINUOUS
10
6.1232939370078743
20
-3.4148496062992124
11
6.1224792913385828
21
-3.4140349606299214
0
LINE
8
BLACK
6
CONTINUOUS
10
6.1224792913385828
20
-3.4140349606299214
11
6.1220383858267713
21
-3.4129705511811022
0
LINE
8
BLACK
6
CONTINUOUS
10
6.1220383858267713
20
-3.4129705511811022
11
6.1220383858267713
21
-3.4118184251968504
0
LINE
8
BLACK
6
CONTINUOUS
10
6.1220383858267713
20
-3.4118184251968504
11
6.1224792913385828
21
-3.4107540157480316
0
LINE
8
BLACK
6
CONTINUOUS
10
6.1224792913385828
20
-3.4107540157480316
11
6.1232939370078743
21
-3.4099393700787402
0
LINE
8
BLACK
6
CONTINUOUS
10
6.1232939370078743
20
-3.4099393700787402
11
6.1243583464566926
21
-3.4094984645669291
0
LINE
8
BLACK
6
CONTINUOUS
10
6.1243583464566926
20
-3.4094984645669291
11
6.1493063385826767
21
-3.4094417322834647
0
LINE
8
BLACK
6
CONTINUOUS
10
6.1493063385826767
20
-3.4094417322834647
11
6.1496109842519679
21
-3.4094717322834645
0
LINE
8
BLACK
6
CONTINUOUS
10
6.1836281889763782
20
-3.4094984645669291
11
6.1846925984251966
21
-3.4099393700787402
0
LINE
8
BLACK
6
CONTINUOUS
10
6.1846925984251966
20
-3.4099393700787402
11
6.185507244094488
21
-3.4107540157480316
0
LINE
8
BLACK
6
CONTINUOUS
10
6.185507244094488
20
-3.4107540157480316
11
6.1859481496062987
21
-3.4118184251968504
0
LINE
8
BLACK
6
CONTINUOUS
10
6.1859481496062987
20
-3.4118184251968504
11
6.1859481496062987
21
-3.4129705511811022
0
LINE
8
BLACK
6
CONTINUOUS
10
6.1859481496062987
20
-3.4129705511811022
11
6.185507244094488
21
-3.4140349606299214
0
LINE
8
BLACK
6
CONTINUOUS
10
6.185507244094488
20
-3.4140349606299214
11
6.1846925984251966
21
-3.4148496062992124
0
LINE
8
BLACK
6
CONTINUOUS
10
6.1846925984251966
20
-3.4148496062992124
11
6.1836281889763782
21
-3.4152905118110235
0
LINE
8
BLACK
6
CONTINUOUS
10
6.1836281889763782
20
-3.4152905118110235
11
6.1761676771653544
21
-3.4153429133858269
0
LINE
8
BLACK
6
CONTINUOUS
10
6.1761676771653544
20
-3.4153429133858269
11
6.1734593700787403
21
-3.4167375590551181
0
LINE
8
BLACK
6
CONTINUOUS
10
6.1734593700787403
20
-3.4167375590551181
11
6.172052165354331
21
-3.4181951574803149
0
LINE
8
BLACK
6
CONTINUOUS
10
6.172052165354331
20
-3.4181951574803149
11
6.1688419685039371
21
-3.4230921259842519
0
LINE
8
BLACK
6
CONTINUOUS
10
6.1688419685039371
20
-3.4230921259842519
11
6.1681471259842517
21
-3.4259544094488188
0
LINE
8
BLACK
6
CONTINUOUS
10
6.1681471259842517
20
-3.4259544094488188
11
6.1704830314960626
21
-3.4247515748031496
0
LINE
8
BLACK
6
CONTINUOUS
10
6.1704830314960626
20
-3.4247515748031496
11
6.1710236220472439
21
-3.4245446850393702
0
LINE
8
BLACK
6
CONTINUOUS
10
6.1710236220472439
20
-3.4245446850393702
11
6.171129488188976
21
-3.4245371259842519
0
LINE
8
BLACK
6
CONTINUOUS
10
6.171129488188976
20
-3.4245371259842519
11
6.1712274803149603
21
-3.4244965748031495
0
LINE
8
BLACK
6
CONTINUOUS
10
6.1712274803149603
20
-3.4244965748031495
11
6.1717526377952758
21
-3.4244928740157481
0
LINE
8
BLACK
6
CONTINUOUS
10
6.1717526377952758
20
-3.4244928740157481
11
6.1721728346456688
21
-3.4244630314960629
0
LINE
8
BLACK
6
CONTINUOUS
10
6.1721728346456688
20
-3.4244630314960629
11
6.1722518503937005
21
-3.42448937007874
0
LINE
8
BLACK
6
CONTINUOUS
10
6.1722518503937005
20
-3.42448937007874
11
6.1793025984251964
21
-3.4244398425196851
0
LINE
8
BLACK
6
CONTINUOUS
10
6.1793025984251964
20
-3.4244398425196851
11
6.1798786614173231
21
-3.4244965748031495
0
LINE
8
BLACK
6
CONTINUOUS
10
6.1798786614173231
20
-3.4244965748031495
11
6.1799766535433074
21
-3.4245371653543306
0
LINE
8
BLACK
6
CONTINUOUS
10
6.1799766535433074
20
-3.4245371653543306
11
6.1800824803149608
21
-3.4245446850393702
0
LINE
8
BLACK
6
CONTINUOUS
10
6.1800824803149608
20
-3.4245446850393702
11
6.1805940157480315
21
-3.4247928740157478
0
LINE
8
BLACK
6
CONTINUOUS
10
6.1805940157480315
20
-3.4247928740157478
11
6.1809430708661415
21
-3.4249374803149606
0
LINE
8
BLACK
6
CONTINUOUS
10
6.1809430708661415
20
-3.4249374803149606
11
6.1809911811023621
21
-3.4249855905511812
0
LINE
8
BLACK
6
CONTINUOUS
10
6.1809911811023621
20
-3.4249855905511812
11
6.184372637795275
21
-3.4266263385826772
0
LINE
8
BLACK
6
CONTINUOUS
10
6.184372637795275
20
-3.4266263385826772
11
6.1846206299212598
21
-3.426782401574803
0
LINE
8
BLACK
6
CONTINUOUS
10
6.1846206299212598
20
-3.426782401574803
11
6.1846925984251966
21
-3.4268122440944881
0
LINE
8
BLACK
6
CONTINUOUS
10
6.1846925984251966
20
-3.4268122440944881
11
6.184738661417323
21
-3.4268567322834644
0
LINE
8
BLACK
6
CONTINUOUS
10
6.184738661417323
20
-3.4268567322834644
11
6.1848625196850389
21
-3.4269346850393698
0
LINE
8
BLACK
6
CONTINUOUS
10
6.1848625196850389
20
-3.4269346850393698
11
6.1850842519685036
21
-3.4271903543307087
0
LINE
8
BLACK
6
CONTINUOUS
10
6.1850842519685036
20
-3.4271903543307087
11
6.1870148031496059
21
-3.4290542125984249
0
LINE
8
BLACK
6
CONTINUOUS
10
6.1870148031496059
20
-3.4290542125984249
11
6.1872005511811023
21
-3.4292805511811024
0
LINE
8
BLACK
6
CONTINUOUS
10
6.1872005511811023
20
-3.4292805511811024
11
6.1872595669291339
21
-3.4293317322834644
0
LINE
8
BLACK
6
CONTINUOUS
10
6.1872595669291339
20
-3.4293317322834644
11
6.1872881889763782
21
-3.4293873622047242
0
LINE
8
BLACK
6
CONTINUOUS
10
6.1872881889763782
20
-3.4293873622047242
11
6.1873820078740156
21
-3.4295016535433072
0
LINE
8
BLACK
6
CONTINUOUS
10
6.1873820078740156
20
-3.4295016535433072
11
6.1875256692913387
21
-3.4298485039370079
0
LINE
8
BLACK
6
CONTINUOUS
10
6.1875256692913387
20
-3.4298485039370079
11
6.1894426771653546
21
-3.4335711417322834
0
LINE
8
BLACK
6
CONTINUOUS
10
6.1894426771653546
20
-3.4335711417322834
11
6.189649566929134
21
-3.4341117322834647
0
LINE
8
BLACK
6
CONTINUOUS
10
6.189649566929134
20
-3.4341117322834647
11
6.1896570866141731
21
-3.4342175984251968
0
LINE
8
BLACK
6
CONTINUOUS
10
6.1896570866141731
20
-3.4342175984251968
11
6.1896976771653538
21
-3.4343155905511811
0
LINE
8
BLACK
6
CONTINUOUS
10
6.1896976771653538
20
-3.4343155905511811
11
6.1897005905511806
21
-3.4348301181102361
0
LINE
8
BLACK
6
CONTINUOUS
10
6.1897005905511806
20
-3.4348301181102361
11
6.1897312204724404
21
-3.4352609448818896
0
LINE
8
BLACK
6
CONTINUOUS
10
6.1897312204724404
20
-3.4352609448818896
11
6.1897035039370074
21
-3.4353439763779527
0
LINE
8
BLACK
6
CONTINUOUS
10
6.1897035039370074
20
-3.4353439763779527
11
6.1897544094488186
21
-3.4442654724409447
0
LINE
8
BLACK
6
CONTINUOUS
10
6.1897544094488186
20
-3.4442654724409447
11
6.1896976771653538
21
-3.4448415354330706
0
LINE
8
BLACK
6
CONTINUOUS
10
6.1896976771653538
20
-3.4448415354330706
11
6.1896570866141731
21
-3.4449394881889761
0
LINE
8
BLACK
6
CONTINUOUS
10
6.1896570866141731
20
-3.4449394881889761
11
6.189649566929134
21
-3.4450453937007874
0
LINE
8
BLACK
6
CONTINUOUS
10
6.189649566929134
20
-3.4450453937007874
11
6.1894012204724405
21
-3.4455571259842519
0
LINE
8
BLACK
6
CONTINUOUS
10
6.1894012204724405
20
-3.4455571259842519
11
6.1892567716535432
21
-3.4459059448818898
0
LINE
8
BLACK
6
CONTINUOUS
10
6.1892567716535432
20
-3.4459059448818898
11
6.1892086614173225
21
-3.4459540157480313
0
LINE
8
BLACK
6
CONTINUOUS
10
6.1892086614173225
20
-3.4459540157480313
11
6.187567913385827
21
-3.4493355118110234
0
LINE
8
BLACK
6
CONTINUOUS
10
6.187567913385827
20
-3.4493355118110234
11
6.1874118503937003
21
-3.4495833858267715
0
LINE
8
BLACK
6
CONTINUOUS
10
6.1874118503937003
20
-3.4495833858267715
11
6.1873820472440944
21
-3.4496554330708662
0
LINE
8
BLACK
6
CONTINUOUS
10
6.1873820472440944
20
-3.4496554330708662
11
6.1873374803149606
21
-3.4497015354330709
0
LINE
8
BLACK
6
CONTINUOUS
10
6.1873374803149606
20
-3.4497015354330709
11
6.1872595669291339
21
-3.4498253937007872
0
LINE
8
BLACK
6
CONTINUOUS
10
6.1872595669291339
20
-3.4498253937007872
11
6.187003897637795
21
-3.4500470866141733
0
LINE
8
BLACK
6
CONTINUOUS
10
6.187003897637795
20
-3.4500470866141733
11
6.1851400787401571
21
-3.4519776771653543
0
LINE
8
BLACK
6
CONTINUOUS
10
6.1851400787401571
20
-3.4519776771653543
11
6.1849137007874013
21
-3.4521634251968503
0
LINE
8
BLACK
6
CONTINUOUS
10
6.1849137007874013
20
-3.4521634251968503
11
6.1848625196850389
21
-3.4522224803149606
0
LINE
8
BLACK
6
CONTINUOUS
10
6.1848625196850389
20
-3.4522224803149606
11
6.1848068503937004
21
-3.4522511023622044
0
LINE
8
BLACK
6
CONTINUOUS
10
6.1848068503937004
20
-3.4522511023622044
11
6.1846925984251966
21
-3.4523449212598423
0
LINE
8
BLACK
6
CONTINUOUS
10
6.1846925984251966
20
-3.4523449212598423
11
6.1843457086614171
21
-3.4524885826771654
0
LINE
8
BLACK
6
CONTINUOUS
10
6.1843457086614171
20
-3.4524885826771654
11
6.1806231102362199
21
-3.4544055905511812
0
LINE
8
BLACK
6
CONTINUOUS
10
6.1806231102362199
20
-3.4544055905511812
11
6.1800824803149608
21
-3.4546124803149607
0
LINE
8
BLACK
6
CONTINUOUS
10
6.1800824803149608
20
-3.4546124803149607
11
6.1799766535433074
21
-3.454619960629921
0
LINE
8
BLACK
6
CONTINUOUS
10
6.1799766535433074
20
-3.454619960629921
11
6.1798786614173231
21
-3.4546605905511809
0
LINE
8
BLACK
6
CONTINUOUS
10
6.1798786614173231
20
-3.4546605905511809
11
6.17935342519685
21
-3.454664251968504
0
LINE
8
BLACK
6
CONTINUOUS
10
6.17935342519685
20
-3.454664251968504
11
6.1789332677165349
21
-3.4546941338582675
0
LINE
8
BLACK
6
CONTINUOUS
10
6.1789332677165349
20
-3.4546941338582675
11
6.1788542125984254
21
-3.4546677559055117
0
LINE
8
BLACK
6
CONTINUOUS
10
6.1788542125984254
20
-3.4546677559055117
11
6.1718035433070861
21
-3.4547173228346457
0
LINE
8
BLACK
6
CONTINUOUS
10
6.1718035433070861
20
-3.4547173228346457
11
6.1712274803149603
21
-3.4546605905511809
0
LINE
8
BLACK
6
CONTINUOUS
10
6.1712274803149603
20
-3.4546605905511809
11
6.171129488188976
21
-3.4546199999999998
0
LINE
8
BLACK
6
CONTINUOUS
10
6.171129488188976
20
-3.4546199999999998
11
6.1710236220472439
21
-3.4546124803149607
0
LINE
8
BLACK
6
CONTINUOUS
10
6.1710236220472439
20
-3.4546124803149607
11
6.1705118503937006
21
-3.4543641338582676
0
LINE
8
BLACK
6
CONTINUOUS
10
6.1705118503937006
20
-3.4543641338582676
11
6.1701630708661419
21
-3.4542196850393698
0
LINE
8
BLACK
6
CONTINUOUS
10
6.1701630708661419
20
-3.4542196850393698
11
6.1701149606299213
21
-3.4541715748031496
0
LINE
8
BLACK
6
CONTINUOUS
10
6.1701149606299213
20
-3.4541715748031496
11
6.1667335039370075
21
-3.4525308267716537
0
LINE
8
BLACK
6
CONTINUOUS
10
6.1667335039370075
20
-3.4525308267716537
11
6.1664854724409448
21
-3.4523747244094487
0
LINE
8
BLACK
6
CONTINUOUS
10
6.1664854724409448
20
-3.4523747244094487
11
6.1664135433070868
21
-3.4523449212598423
0
LINE
8
BLACK
6
CONTINUOUS
10
6.1664135433070868
20
-3.4523449212598423
11
6.1663674409448817
21
-3.4523003937007872
0
LINE
8
BLACK
6
CONTINUOUS
10
6.1663674409448817
20
-3.4523003937007872
11
6.1662436220472436
21
-3.4522224803149606
0
LINE
8
BLACK
6
CONTINUOUS
10
6.1662436220472436
20
-3.4522224803149606
11
6.1660218110236222
21
-3.4519666929133859
0
LINE
8
BLACK
6
CONTINUOUS
10
6.1660218110236222
20
-3.4519666929133859
11
6.1640912992125987
21
-3.450102874015748
0
LINE
8
BLACK
6
CONTINUOUS
10
6.1640912992125987
20
-3.450102874015748
11
6.1639055511811023
21
-3.4498765354330709
0
LINE
8
BLACK
6
CONTINUOUS
10
6.1639055511811023
20
-3.4498765354330709
11
6.1638465748031495
21
-3.4498253937007872
0
LINE
8
BLACK
6
CONTINUOUS
10
6.1638465748031495
20
-3.4498253937007872
11
6.1638179133858264
21
-3.4497697637795275
0
LINE
8
BLACK
6
CONTINUOUS
10
6.1638179133858264
20
-3.4497697637795275
11
6.163724094488189
21
-3.4496554330708662
0
LINE
8
BLACK
6
CONTINUOUS
10
6.163724094488189
20
-3.4496554330708662
11
6.1635803937007871
21
-3.4493085039370079
0
LINE
8
BLACK
6
CONTINUOUS
10
6.1635803937007871
20
-3.4493085039370079
11
6.1616634645669288
21
-3.4455859842519683
0
LINE
8
BLACK
6
CONTINUOUS
10
6.1616634645669288
20
-3.4455859842519683
11
6.1614565748031493
21
-3.4450453543307087
0
LINE
8
BLACK
6
CONTINUOUS
10
6.1614565748031493
20
-3.4450453543307087
11
6.1614490551181103
21
-3.4449395275590549
0
LINE
8
BLACK
6
CONTINUOUS
10
6.1614490551181103
20
-3.4449395275590549
11
6.1614084645669287
21
-3.4448415354330706
0
LINE
8
BLACK
6
CONTINUOUS
10
6.1614084645669287
20
-3.4448415354330706
11
6.1614066141732282
21
-3.4443426377952755
0
LINE
8
BLACK
6
CONTINUOUS
10
6.1614066141732282
20
-3.4443426377952755
11
6.1613749212598421
21
-3.4438961417322833
0
LINE
8
BLACK
6
CONTINUOUS
10
6.1613749212598421
20
-3.4438961417322833
11
6.1614046850393702
21
-3.443806811023622
0
LINE
8
BLACK
6
CONTINUOUS
10
6.1614046850393702
20
-3.443806811023622
11
6.1613517322834648
21
-3.4292673622047243
0
LINE
8
BLACK
6
CONTINUOUS
10
6.1613517322834648
20
-3.4292673622047243
11
6.1613616141732281
21
-3.429166811023622
0
LINE
8
BLACK
6
CONTINUOUS
10
6.1613616141732281
20
-3.429166811023622
11
6.161355236220472
21
-3.4291238188976378
0
LINE
8
BLACK
6
CONTINUOUS
10
6.161355236220472
20
-3.4291238188976378
11
6.1613731102362204
21
-3.429050118110236
0
LINE
8
BLACK
6
CONTINUOUS
10
6.1613731102362204
20
-3.429050118110236
11
6.1614084645669287
21
-3.4286912992125984
0
LINE
8
BLACK
6
CONTINUOUS
10
6.1614084645669287
20
-3.4286912992125984
11
6.161533503937008
21
-3.4283893700787402
0
LINE
8
BLACK
6
CONTINUOUS
10
6.161533503937008
20
-3.4283893700787402
11
6.1633146456692911
21
-3.4210521653543307
0
LINE
8
BLACK
6
CONTINUOUS
10
6.1633146456692911
20
-3.4210521653543307
11
6.1634359055118111
21
-3.4207126771653544
0
LINE
8
BLACK
6
CONTINUOUS
10
6.1634359055118111
20
-3.4207126771653544
11
6.1634500787401576
21
-3.4206411811023623
0
LINE
8
BLACK
6
CONTINUOUS
10
6.1634500787401576
20
-3.4206411811023623
11
6.1634751181102363
21
-3.4206029133858267
0
LINE
8
BLACK
6
CONTINUOUS
10
6.1634751181102363
20
-3.4206029133858267
11
6.1635094094488192
21
-3.4205070472440946
0
LINE
8
BLACK
6
CONTINUOUS
10
6.1635094094488192
20
-3.4205070472440946
11
6.1637574409448819
21
-3.4201722440944882
0
LINE
8
BLACK
6
CONTINUOUS
10
6.1637574409448819
20
-3.4201722440944882
11
6.1674719291338578
21
-3.4145061023622048
0
LINE
8
BLACK
6
CONTINUOUS
10
6.1674719291338578
20
-3.4145061023622048
11
6.1674732677165354
21
-3.4145044094488188
0
LINE
8
BLACK
6
CONTINUOUS
10
6.1674732677165354
20
-3.4145044094488188
11
6.1674736614173229
21
-3.4145035433070867
0
LINE
8
BLACK
6
CONTINUOUS
10
6.1674736614173229
20
-3.4145035433070867
11
6.1674760236220472
21
-3.414501023622047
0
LINE
8
BLACK
6
CONTINUOUS
10
6.1674760236220472
20
-3.414501023622047
11
6.1678387007874012
21
-3.4140582677165354
0
LINE
8
BLACK
6
CONTINUOUS
10
6.1678387007874012
20
-3.4140582677165354
11
6.1680221653543308
21
-3.4139353937007875
0
LINE
8
BLACK
6
CONTINUOUS
10
6.1680221653543308
20
-3.4139353937007875
11
6.1697156299212601
21
-3.4121813385826769
0
LINE
8
BLACK
6
CONTINUOUS
10
6.1697156299212601
20
-3.4121813385826769
11
6.1699419685039372
21
-3.4119955511811022
0
LINE
8
BLACK
6
CONTINUOUS
10
6.1699419685039372
20
-3.4119955511811022
11
6.1699931496062987
21
-3.4119365748031494
0
LINE
8
BLACK
6
CONTINUOUS
10
6.1699931496062987
20
-3.4119365748031494
11
6.1700487795275585
21
-3.4119079133858268
0
LINE
8
BLACK
6
CONTINUOUS
10
6.1700487795275585
20
-3.4119079133858268
11
6.1701630708661419
21
-3.4118141338582677
0
LINE
8
BLACK
6
CONTINUOUS
10
6.1701630708661419
20
-3.4118141338582677
11
6.1705099212598427
21
-3.4116704330708663
0
LINE
8
BLACK
6
CONTINUOUS
10
6.1705099212598427
20
-3.4116704330708663
11
6.1742325590551177
21
-3.4097534645669292
0
LINE
8
BLACK
6
CONTINUOUS
10
6.1742325590551177
20
-3.4097534645669292
11
6.174773149606299
21
-3.4095465748031497
0
LINE
8
BLACK
6
CONTINUOUS
10
6.174773149606299
20
-3.4095465748031497
11
6.1748790157480311
21
-3.4095390157480314
0
LINE
8
BLACK
6
CONTINUOUS
10
6.1748790157480311
20
-3.4095390157480314
11
6.1749770078740154
21
-3.4094984645669291
0
LINE
8
BLACK
6
CONTINUOUS
10
6.1749770078740154
20
-3.4094984645669291
11
6.1755021653543309
21
-3.4094947637795276
0
LINE
8
BLACK
6
CONTINUOUS
10
6.1755021653543309
20
-3.4094947637795276
11
6.1759223622047239
21
-3.4094649212598425
0
LINE
8
BLACK
6
CONTINUOUS
10
6.1759223622047239
20
-3.4094649212598425
11
6.1760013779527556
21
-3.4094912598425196
0
LINE
8
BLACK
6
CONTINUOUS
10
6.1760013779527556
20
-3.4094912598425196
11
6.1830521259842515
21
-3.4094417322834647
0
LINE
8
BLACK
6
CONTINUOUS
10
6.1830521259842515
20
-3.4094417322834647
11
6.1836281889763782
21
-3.4094984645669291
0
LINE
8
BLACK
6
CONTINUOUS
10
6.1724181496062993
20
-3.4303410236220473
11
6.1697098425196852
21
-3.4317356692913386
0
LINE
8
BLACK
6
CONTINUOUS
10
6.1697098425196852
20
-3.4317356692913386
11
6.1685191338582674
21
-3.4329690157480313
0
LINE
8
BLACK
6
CONTINUOUS
10
6.1685191338582674
20
-3.4329690157480313
11
6.1672257874015743
21
-3.4356344881889762
0
LINE
8
BLACK
6
CONTINUOUS
10
6.1672257874015743
20
-3.4356344881889762
11
6.1672549999999999
21
-3.4436548818897639
0
LINE
8
BLACK
6
CONTINUOUS
10
6.1672549999999999
20
-3.4436548818897639
11
6.1686475984251965
21
-3.4463591338582678
0
LINE
8
BLACK
6
CONTINUOUS
10
6.1686475984251965
20
-3.4463591338582678
11
6.1698809448818892
21
-3.4475499212598426
0
LINE
8
BLACK
6
CONTINUOUS
10
6.1698809448818892
20
-3.4475499212598426
11
6.1725789370078736
21
-3.4488590157480314
0
LINE
8
BLACK
6
CONTINUOUS
10
6.1725789370078736
20
-3.4488590157480314
11
6.1786879527559053
21
-3.4488161023622048
0
LINE
8
BLACK
6
CONTINUOUS
10
6.1786879527559053
20
-3.4488161023622048
11
6.1813962204724406
21
-3.4474214566929131
0
LINE
8
BLACK
6
CONTINUOUS
10
6.1813962204724406
20
-3.4474214566929131
11
6.1825870078740159
21
-3.4461880314960629
0
LINE
8
BLACK
6
CONTINUOUS
10
6.1825870078740159
20
-3.4461880314960629
11
6.1838978740157478
21
-3.4434864173228346
0
LINE
8
BLACK
6
CONTINUOUS
10
6.1838978740157478
20
-3.4434864173228346
11
6.1838523622047239
21
-3.43550468503937
0
LINE
8
BLACK
6
CONTINUOUS
10
6.1838523622047239
20
-3.43550468503937
11
6.1824585433070869
21
-3.4327979527559056
0
LINE
8
BLACK
6
CONTINUOUS
10
6.1824585433070869
20
-3.4327979527559056
11
6.1812251968503933
21
-3.4316072440944883
0
LINE
8
BLACK
6
CONTINUOUS
10
6.1812251968503933
20
-3.4316072440944883
11
6.178527165354331
21
-3.4302981102362202
0
LINE
8
BLACK
6
CONTINUOUS
10
6.178527165354331
20
-3.4302981102362202
11
6.1724181496062993
21
-3.4303410236220473
0
LINE
8
BLACK
6
CONTINUOUS
10
6.234246850393701
20
-3.4094984645669291
11
6.2343448425196852
21
-3.4095390551181102
0
LINE
8
BLACK
6
CONTINUOUS
10
6.2343448425196852
20
-3.4095390551181102
11
6.2344506692913386
21
-3.4095465748031497
0
LINE
8
BLACK
6
CONTINUOUS
10
6.2344506692913386
20
-3.4095465748031497
11
6.2349622047244093
21
-3.4097947637795274
0
LINE
8
BLACK
6
CONTINUOUS
10
6.2349622047244093
20
-3.4097947637795274
11
6.2353112598425193
21
-3.4099393700787402
0
LINE
8
BLACK
6
CONTINUOUS
10
6.2353112598425193
20
-3.4099393700787402
11
6.23535937007874
21
-3.4099874803149604
0
LINE
8
BLACK
6
CONTINUOUS
10
6.23535937007874
20
-3.4099874803149604
11
6.2387408267716538
21
-3.4116282283464567
0
LINE
8
BLACK
6
CONTINUOUS
10
6.2387408267716538
20
-3.4116282283464567
11
6.2389888188976377
21
-3.4117842913385825
0
LINE
8
BLACK
6
CONTINUOUS
10
6.2389888188976377
20
-3.4117842913385825
11
6.2390607874015744
21
-3.4118141338582677
0
LINE
8
BLACK
6
CONTINUOUS
10
6.2390607874015744
20
-3.4118141338582677
11
6.2391068503937008
21
-3.411858622047244
0
LINE
8
BLACK
6
CONTINUOUS
10
6.2391068503937008
20
-3.411858622047244
11
6.2392307086614176
21
-3.4119365748031494
0
LINE
8
BLACK
6
CONTINUOUS
10
6.2392307086614176
20
-3.4119365748031494
11
6.2394524409448815
21
-3.4121922440944883
0
LINE
8
BLACK
6
CONTINUOUS
10
6.2394524409448815
20
-3.4121922440944883
11
6.2413829921259838
21
-3.4140561023622045
0
LINE
8
BLACK
6
CONTINUOUS
10
6.2413829921259838
20
-3.4140561023622045
11
6.2415687401574802
21
-3.414282440944882
0
LINE
8
BLACK
6
CONTINUOUS
10
6.2415687401574802
20
-3.414282440944882
11
6.2416277559055118
21
-3.414333622047244
0
LINE
8
BLACK
6
CONTINUOUS
10
6.2416277559055118
20
-3.414333622047244
11
6.2416563779527561
21
-3.4143892519685037
0
LINE
8
BLACK
6
CONTINUOUS
10
6.2416563779527561
20
-3.4143892519685037
11
6.2417501968503935
21
-3.4145035433070867
0
LINE
8
BLACK
6
CONTINUOUS
10
6.2417501968503935
20
-3.4145035433070867
11
6.2418938582677166
21
-3.4148503937007875
0
LINE
8
BLACK
6
CONTINUOUS
10
6.2418938582677166
20
-3.4148503937007875
11
6.2438108661417324
21
-3.418573031496063
0
LINE
8
BLACK
6
CONTINUOUS
10
6.2438108661417324
20
-3.418573031496063
11
6.2438269685039369
21
-3.4186151181102362
0
LINE
8
BLACK
6
CONTINUOUS
10
6.2438269685039369
20
-3.4186151181102362
11
6.2438396850393696
21
-3.418632283464567
0
LINE
8
BLACK
6
CONTINUOUS
10
6.2438396850393696
20
-3.418632283464567
11
6.2438522440944881
21
-3.4186812204724411
0
LINE
8
BLACK
6
CONTINUOUS
10
6.2438522440944881
20
-3.4186812204724411
11
6.2440177559055119
21
-3.4191136220472442
0
LINE
8
BLACK
6
CONTINUOUS
10
6.2440177559055119
20
-3.4191136220472442
11
6.2440384251968499
21
-3.4194048425196848
0
LINE
8
BLACK
6
CONTINUOUS
10
6.2440384251968499
20
-3.4194048425196848
11
6.2459092125984252
21
-3.4266764566929133
0
LINE
8
BLACK
6
CONTINUOUS
10
6.2459092125984252
20
-3.4266764566929133
11
6.245923976377953
21
-3.4267762992125985
0
LINE
8
BLACK
6
CONTINUOUS
10
6.245923976377953
20
-3.4267762992125985
11
6.2459406299212601
21
-3.4268165354330709
0
LINE
8
BLACK
6
CONTINUOUS
10
6.2459406299212601
20
-3.4268165354330709
11
6.2459410236220467
21
-3.4268918897637795
0
LINE
8
BLACK
6
CONTINUOUS
10
6.2459410236220467
20
-3.4268918897637795
11
6.2459938582677168
21
-3.4272490551181103
0
LINE
8
BLACK
6
CONTINUOUS
10
6.2459938582677168
20
-3.4272490551181103
11
6.2459449606299211
21
-3.4275775984251968
0
LINE
8
BLACK
6
CONTINUOUS
10
6.2459449606299211
20
-3.4275775984251968
11
6.245997362204724
21
-3.4367664173228345
0
LINE
8
BLACK
6
CONTINUOUS
10
6.245997362204724
20
-3.4367664173228345
11
6.2459874409448819
21
-3.4368669291338581
0
LINE
8
BLACK
6
CONTINUOUS
10
6.2459874409448819
20
-3.4368669291338581
11
6.2459938582677168
21
-3.4369099606299214
0
LINE
8
BLACK
6
CONTINUOUS
10
6.2459938582677168
20
-3.4369099606299214
11
6.2459759448818897
21
-3.4369836220472441
0
LINE
8
BLACK
6
CONTINUOUS
10
6.2459759448818897
20
-3.4369836220472441
11
6.2459406299212601
21
-3.4373424803149604
0
LINE
8
BLACK
6
CONTINUOUS
10
6.2459406299212601
20
-3.4373424803149604
11
6.245815551181102
21
-3.4376443700787402
0
LINE
8
BLACK
6
CONTINUOUS
10
6.245815551181102
20
-3.4376443700787402
11
6.2440344488188977
21
-3.4449816141732281
0
LINE
8
BLACK
6
CONTINUOUS
10
6.2440344488188977
20
-3.4449816141732281
11
6.2440192519685036
21
-3.4450240944881889
0
LINE
8
BLACK
6
CONTINUOUS
10
6.2440192519685036
20
-3.4450240944881889
11
6.2440177559055119
21
-3.4450453937007874
0
LINE
8
BLACK
6
CONTINUOUS
10
6.2440177559055119
20
-3.4450453937007874
11
6.2439946062992124
21
-3.4450930314960631
0
LINE
8
BLACK
6
CONTINUOUS
10
6.2439946062992124
20
-3.4450930314960631
11
6.2438396850393696
21
-3.4455267322834646
0
LINE
8
BLACK
6
CONTINUOUS
10
6.2438396850393696
20
-3.4455267322834646
11
6.243678937007874
21
-3.4457436614173229
0
LINE
8
BLACK
6
CONTINUOUS
10
6.243678937007874
20
-3.4457436614173229
11
6.2419361023622049
21
-3.4493355118110234
0
LINE
8
BLACK
6
CONTINUOUS
10
6.2419361023622049
20
-3.4493355118110234
11
6.2417800393700782
21
-3.4495833858267715
0
LINE
8
BLACK
6
CONTINUOUS
10
6.2417800393700782
20
-3.4495833858267715
11
6.2417502362204722
21
-3.4496554330708662
0
LINE
8
BLACK
6
CONTINUOUS
10
6.2417502362204722
20
-3.4496554330708662
11
6.2417056692913384
21
-3.4497015354330709
0
LINE
8
BLACK
6
CONTINUOUS
10
6.2417056692913384
20
-3.4497015354330709
11
6.2416277559055118
21
-3.4498253937007872
0
LINE
8
BLACK
6
CONTINUOUS
10
6.2416277559055118
20
-3.4498253937007872
11
6.2413720866141729
21
-3.4500470866141733
0
LINE
8
BLACK
6
CONTINUOUS
10
6.2413720866141729
20
-3.4500470866141733
11
6.239508267716535
21
-3.4519776771653543
0
LINE
8
BLACK
6
CONTINUOUS
10
6.239508267716535
20
-3.4519776771653543
11
6.2392818897637792
21
-3.4521634251968503
0
LINE
8
BLACK
6
CONTINUOUS
10
6.2392818897637792
20
-3.4521634251968503
11
6.2392307086614176
21
-3.4522224803149606
0
LINE
8
BLACK
6
CONTINUOUS
10
6.2392307086614176
20
-3.4522224803149606
11
6.2391750393700782
21
-3.4522511023622044
0
LINE
8
BLACK
6
CONTINUOUS
10
6.2391750393700782
20
-3.4522511023622044
11
6.2390607874015744
21
-3.4523449212598423
0
LINE
8
BLACK
6
CONTINUOUS
10
6.2390607874015744
20
-3.4523449212598423
11
6.2387138976377949
21
-3.4524885826771654
0
LINE
8
BLACK
6
CONTINUOUS
10
6.2387138976377949
20
-3.4524885826771654
11
6.2349912992125986
21
-3.4544055905511812
0
LINE
8
BLACK
6
CONTINUOUS
10
6.2349912992125986
20
-3.4544055905511812
11
6.2344506692913386
21
-3.4546124803149607
0
LINE
8
BLACK
6
CONTINUOUS
10
6.2344506692913386
20
-3.4546124803149607
11
6.2343448425196852
21
-3.454619960629921
0
LINE
8
BLACK
6
CONTINUOUS
10
6.2343448425196852
20
-3.454619960629921
11
6.234246850393701
21
-3.4546605905511809
0
LINE
8
BLACK
6
CONTINUOUS
10
6.234246850393701
20
-3.4546605905511809
11
6.2336663779527557
21
-3.454668188976378
0
LINE
8
BLACK
6
CONTINUOUS
10
6.2336663779527557
20
-3.454668188976378
11
6.2333014566929128
21
-3.4546941338582675
0
LINE
8
BLACK
6
CONTINUOUS
10
6.2333014566929128
20
-3.4546941338582675
11
6.233240393700787
21
-3.4546737795275591
0
LINE
8
BLACK
6
CONTINUOUS
10
6.233240393700787
20
-3.4546737795275591
11
6.22992125984252
21
-3.4547173228346457
0
LINE
8
BLACK
6
CONTINUOUS
10
6.22992125984252
20
-3.4547173228346457
11
6.2293451968503932
21
-3.4546605905511809
0
LINE
8
BLACK
6
CONTINUOUS
10
6.2293451968503932
20
-3.4546605905511809
11
6.229247204724409
21
-3.4546199999999998
0
LINE
8
BLACK
6
CONTINUOUS
10
6.229247204724409
20
-3.4546199999999998
11
6.2291413385826768
21
-3.4546124803149607
0
LINE
8
BLACK
6
CONTINUOUS
10
6.2291413385826768
20
-3.4546124803149607
11
6.2286295669291336
21
-3.4543641338582676
0
LINE
8
BLACK
6
CONTINUOUS
10
6.2286295669291336
20
-3.4543641338582676
11
6.2282807874015749
21
-3.4542196850393698
0
LINE
8
BLACK
6
CONTINUOUS
10
6.2282807874015749
20
-3.4542196850393698
11
6.2282326771653542
21
-3.4541715748031496
0
LINE
8
BLACK
6
CONTINUOUS
10
6.2282326771653542
20
-3.4541715748031496
11
6.2248512204724404
21
-3.4525308267716537
0
LINE
8
BLACK
6
CONTINUOUS
10
6.2248512204724404
20
-3.4525308267716537
11
6.2246031889763778
21
-3.4523747244094487
0
LINE
8
BLACK
6
CONTINUOUS
10
6.2246031889763778
20
-3.4523747244094487
11
6.2245312598425198
21
-3.4523449212598423
0
LINE
8
BLACK
6
CONTINUOUS
10
6.2245312598425198
20
-3.4523449212598423
11
6.2244851574803146
21
-3.4523003937007872
0
LINE
8
BLACK
6
CONTINUOUS
10
6.2244851574803146
20
-3.4523003937007872
11
6.2243613385826766
21
-3.4522224803149606
0
LINE
8
BLACK
6
CONTINUOUS
10
6.2243613385826766
20
-3.4522224803149606
11
6.2241395275590552
21
-3.4519666929133859
0
LINE
8
BLACK
6
CONTINUOUS
10
6.2241395275590552
20
-3.4519666929133859
11
6.2222090157480316
21
-3.450102874015748
0
LINE
8
BLACK
6
CONTINUOUS
10
6.2222090157480316
20
-3.450102874015748
11
6.2220232677165352
21
-3.4498765354330709
0
LINE
8
BLACK
6
CONTINUOUS
10
6.2220232677165352
20
-3.4498765354330709
11
6.2219642913385824
21
-3.4498253937007872
0
LINE
8
BLACK
6
CONTINUOUS
10
6.2219642913385824
20
-3.4498253937007872
11
6.2219356299212594
21
-3.4497697637795275
0
LINE
8
BLACK
6
CONTINUOUS
10
6.2219356299212594
20
-3.4497697637795275
11
6.221841811023622
21
-3.4496554330708662
0
LINE
8
BLACK
6
CONTINUOUS
10
6.221841811023622
20
-3.4496554330708662
11
6.2216981102362201
21
-3.4493085039370079
0
LINE
8
BLACK
6
CONTINUOUS
10
6.2216981102362201
20
-3.4493085039370079
11
6.2197811811023618
21
-3.4455859842519683
0
LINE
8
BLACK
6
CONTINUOUS
10
6.2197811811023618
20
-3.4455859842519683
11
6.2197650393700785
21
-3.4455438582677163
0
LINE
8
BLACK
6
CONTINUOUS
10
6.2197650393700785
20
-3.4455438582677163
11
6.2197523622047246
21
-3.4455267322834646
0
LINE
8
BLACK
6
CONTINUOUS
10
6.2197523622047246
20
-3.4455267322834646
11
6.2197397244094486
21
-3.4454777165354331
0
LINE
8
BLACK
6
CONTINUOUS
10
6.2197397244094486
20
-3.4454777165354331
11
6.2195742913385823
21
-3.4450453543307087
0
LINE
8
BLACK
6
CONTINUOUS
10
6.2195742913385823
20
-3.4450453543307087
11
6.2195535826771655
21
-3.4447541338582677
0
LINE
8
BLACK
6
CONTINUOUS
10
6.2195535826771655
20
-3.4447541338582677
11
6.217682834645669
21
-3.4374825590551179
0
LINE
8
BLACK
6
CONTINUOUS
10
6.217682834645669
20
-3.4374825590551179
11
6.2176680314960633
21
-3.4373826771653544
0
LINE
8
BLACK
6
CONTINUOUS
10
6.2176680314960633
20
-3.4373826771653544
11
6.2176514173228341
21
-3.4373424803149604
0
LINE
8
BLACK
6
CONTINUOUS
10
6.2176514173228341
20
-3.4373424803149604
11
6.2176509842519687
21
-3.437267086614173
0
LINE
8
BLACK
6
CONTINUOUS
10
6.2176509842519687
20
-3.437267086614173
11
6.2175981889763774
21
-3.4369099606299214
0
LINE
8
BLACK
6
CONTINUOUS
10
6.2175981889763774
20
-3.4369099606299214
11
6.2176470472440943
21
-3.4365813779527556
0
LINE
8
BLACK
6
CONTINUOUS
10
6.2176470472440943
20
-3.4365813779527556
11
6.2175946850393702
21
-3.4273925984251967
0
LINE
8
BLACK
6
CONTINUOUS
10
6.2175946850393702
20
-3.4273925984251967
11
6.2176045669291335
21
-3.4272920472440944
0
LINE
8
BLACK
6
CONTINUOUS
10
6.2176045669291335
20
-3.4272920472440944
11
6.2175981889763774
21
-3.4272490551181103
0
LINE
8
BLACK
6
CONTINUOUS
10
6.2175981889763774
20
-3.4272490551181103
11
6.2176160629921258
21
-3.4271753543307084
0
LINE
8
BLACK
6
CONTINUOUS
10
6.2176160629921258
20
-3.4271753543307084
11
6.2176514173228341
21
-3.4268165354330709
0
LINE
8
BLACK
6
CONTINUOUS
10
6.2176514173228341
20
-3.4268165354330709
11
6.2177764566929135
21
-3.4265146062992127
0
LINE
8
BLACK
6
CONTINUOUS
10
6.2177764566929135
20
-3.4265146062992127
11
6.2195575984251965
21
-3.4191774015748031
0
LINE
8
BLACK
6
CONTINUOUS
10
6.2195575984251965
20
-3.4191774015748031
11
6.2195727559055118
21
-3.4191348818897636
0
LINE
8
BLACK
6
CONTINUOUS
10
6.2195727559055118
20
-3.4191348818897636
11
6.2195742913385823
21
-3.4191136614173225
0
LINE
8
BLACK
6
CONTINUOUS
10
6.2195742913385823
20
-3.4191136614173225
11
6.2195973228346455
21
-3.4190661023622044
0
LINE
8
BLACK
6
CONTINUOUS
10
6.2195973228346455
20
-3.4190661023622044
11
6.2197523622047246
21
-3.418632283464567
0
LINE
8
BLACK
6
CONTINUOUS
10
6.2197523622047246
20
-3.418632283464567
11
6.2199131496062989
21
-3.4184152755905512
0
LINE
8
BLACK
6
CONTINUOUS
10
6.2199131496062989
20
-3.4184152755905512
11
6.2216559448818893
21
-3.4148235039370078
0
LINE
8
BLACK
6
CONTINUOUS
10
6.2216559448818893
20
-3.4148235039370078
11
6.221812007874016
21
-3.4145754724409447
0
LINE
8
BLACK
6
CONTINUOUS
10
6.221812007874016
20
-3.4145754724409447
11
6.2218418503937007
21
-3.4145035433070867
0
LINE
8
BLACK
6
CONTINUOUS
10
6.2218418503937007
20
-3.4145035433070867
11
6.221886338582677
21
-3.414457440944882
0
LINE
8
BLACK
6
CONTINUOUS
10
6.221886338582677
20
-3.414457440944882
11
6.2219642913385824
21
-3.414333622047244
0
LINE
8
BLACK
6
CONTINUOUS
10
6.2219642913385824
20
-3.414333622047244
11
6.2222199606299213
21
-3.4141118503937009
0
LINE
8
BLACK
6
CONTINUOUS
10
6.2222199606299213
20
-3.4141118503937009
11
6.224083818897638
21
-3.4121813385826769
0
LINE
8
BLACK
6
CONTINUOUS
10
6.224083818897638
20
-3.4121813385826769
11
6.224310157480315
21
-3.4119955511811022
0
LINE
8
BLACK
6
CONTINUOUS
10
6.224310157480315
20
-3.4119955511811022
11
6.2243613385826766
21
-3.4119365748031494
0
LINE
8
BLACK
6
CONTINUOUS
10
6.2243613385826766
20
-3.4119365748031494
11
6.2244169685039372
21
-3.4119079133858268
0
LINE
8
BLACK
6
CONTINUOUS
10
6.2244169685039372
20
-3.4119079133858268
11
6.2245312598425198
21
-3.4118141338582677
0
LINE
8
BLACK
6
CONTINUOUS
10
6.2245312598425198
20
-3.4118141338582677
11
6.2248781102362205
21
-3.4116704330708663
0
LINE
8
BLACK
6
CONTINUOUS
10
6.2248781102362205
20
-3.4116704330708663
11
6.2286007480314955
21
-3.4097534645669292
0
LINE
8
BLACK
6
CONTINUOUS
10
6.2286007480314955
20
-3.4097534645669292
11
6.2291413385826768
21
-3.4095465748031497
0
LINE
8
BLACK
6
CONTINUOUS
10
6.2291413385826768
20
-3.4095465748031497
11
6.229247204724409
21
-3.4095390157480314
0
LINE
8
BLACK
6
CONTINUOUS
10
6.229247204724409
20
-3.4095390157480314
11
6.2293451968503932
21
-3.4094984645669291
0
LINE
8
BLACK
6
CONTINUOUS
10
6.2293451968503932
20
-3.4094984645669291
11
6.2299255511811023
21
-3.4094908267716533
0
LINE
8
BLACK
6
CONTINUOUS
10
6.2299255511811023
20
-3.4094908267716533
11
6.2302905511811026
21
-3.4094649212598425
0
LINE
8
BLACK
6
CONTINUOUS
10
6.2302905511811026
20
-3.4094649212598425
11
6.2303515748031497
21
-3.4094852362204722
0
LINE
8
BLACK
6
CONTINUOUS
10
6.2303515748031497
20
-3.4094852362204722
11
6.2336707874015751
21
-3.4094417322834647
0
LINE
8
BLACK
6
CONTINUOUS
10
6.2336707874015751
20
-3.4094417322834647
11
6.234246850393701
21
-3.4094984645669291
0
LINE
8
BLACK
6
CONTINUOUS
10
6.2305433464566926
20
-3.41533905511811
11
6.2278275590551182
21
-3.4167375590551181
0
LINE
8
BLACK
6
CONTINUOUS
10
6.2278275590551182
20
-3.4167375590551181
11
6.2266368503937004
21
-3.4179709055118108
0
LINE
8
BLACK
6
CONTINUOUS
10
6.2266368503937004
20
-3.4179709055118108
11
6.2251082677165357
21
-3.4211211811023623
0
LINE
8
BLACK
6
CONTINUOUS
10
6.2251082677165357
20
-3.4211211811023623
11
6.2234499212598422
21
-3.4279525984251968
0
LINE
8
BLACK
6
CONTINUOUS
10
6.2234499212598422
20
-3.4279525984251968
11
6.2234992519685042
21
-3.4366011417322833
0
LINE
8
BLACK
6
CONTINUOUS
10
6.2234992519685042
20
-3.4366011417322833
11
6.225255275590551
21
-3.4434268110236221
0
LINE
8
BLACK
6
CONTINUOUS
10
6.225255275590551
20
-3.4434268110236221
11
6.2267653149606295
21
-3.4463591338582678
0
LINE
8
BLACK
6
CONTINUOUS
10
6.2267653149606295
20
-3.4463591338582678
11
6.2279986614173231
21
-3.4475499212598426
0
LINE
8
BLACK
6
CONTINUOUS
10
6.2279986614173231
20
-3.4475499212598426
11
6.2306801181102358
21
-3.4488510236220473
0
LINE
8
BLACK
6
CONTINUOUS
10
6.2306801181102358
20
-3.4488510236220473
11
6.2330486614173228
21
-3.4488199606299212
0
LINE
8
BLACK
6
CONTINUOUS
10
6.2330486614173228
20
-3.4488199606299212
11
6.2357644094488185
21
-3.4474214566929131
0
LINE
8
BLACK
6
CONTINUOUS
10
6.2357644094488185
20
-3.4474214566929131
11
6.2369551968503938
21
-3.4461880314960629
0
LINE
8
BLACK
6
CONTINUOUS
10
6.2369551968503938
20
-3.4461880314960629
11
6.2384837401574798
21
-3.4430377952755906
0
LINE
8
BLACK
6
CONTINUOUS
10
6.2384837401574798
20
-3.4430377952755906
11
6.2401420866141732
21
-3.4362063779527556
0
LINE
8
BLACK
6
CONTINUOUS
10
6.2401420866141732
20
-3.4362063779527556
11
6.2400927559055113
21
-3.4275578346456692
0
LINE
8
BLACK
6
CONTINUOUS
10
6.2400927559055113
20
-3.4275578346456692
11
6.2383367322834644
21
-3.4207321653543308
0
LINE
8
BLACK
6
CONTINUOUS
10
6.2383367322834644
20
-3.4207321653543308
11
6.2368267322834647
21
-3.4177998425196852
0
LINE
8
BLACK
6
CONTINUOUS
10
6.2368267322834647
20
-3.4177998425196852
11
6.2355933858267711
21
-3.4166091338582678
0
LINE
8
BLACK
6
CONTINUOUS
10
6.2355933858267711
20
-3.4166091338582678
11
6.2329118897637796
21
-3.4153079921259843
0
LINE
8
BLACK
6
CONTINUOUS
10
6.2329118897637796
20
-3.4153079921259843
11
6.2305433464566926
21
-3.41533905511811
0
LINE
8
BLACK
6
CONTINUOUS
10
6.2717421653543308
20
-3.4094984645669291
11
6.2718401574803151
21
-3.4095390551181102
0
LINE
8
BLACK
6
CONTINUOUS
10
6.2718401574803151
20
-3.4095390551181102
11
6.2719459842519685
21
-3.4095465748031497
0
LINE
8
BLACK
6
CONTINUOUS
10
6.2719459842519685
20
-3.4095465748031497
11
6.2724575196850392
21
-3.4097947637795274
0
LINE
8
BLACK
6
CONTINUOUS
10
6.2724575196850392
20
-3.4097947637795274
11
6.2728065748031492
21
-3.4099393700787402
0
LINE
8
BLACK
6
CONTINUOUS
10
6.2728065748031492
20
-3.4099393700787402
11
6.2728546850393698
21
-3.4099874803149604
0
LINE
8
BLACK
6
CONTINUOUS
10
6.2728546850393698
20
-3.4099874803149604
11
6.2762361417322836
21
-3.4116282283464567
0
LINE
8
BLACK
6
CONTINUOUS
10
6.2762361417322836
20
-3.4116282283464567
11
6.2764841338582675
21
-3.4117842913385825
0
LINE
8
BLACK
6
CONTINUOUS
10
6.2764841338582675
20
-3.4117842913385825
11
6.2765561023622043
21
-3.4118141338582677
0
LINE
8
BLACK
6
CONTINUOUS
10
6.2765561023622043
20
-3.4118141338582677
11
6.2766021653543307
21
-3.411858622047244
0
LINE
8
BLACK
6
CONTINUOUS
10
6.2766021653543307
20
-3.411858622047244
11
6.2767260236220475
21
-3.4119365748031494
0
LINE
8
BLACK
6
CONTINUOUS
10
6.2767260236220475
20
-3.4119365748031494
11
6.2769477559055114
21
-3.4121922440944883
0
LINE
8
BLACK
6
CONTINUOUS
10
6.2769477559055114
20
-3.4121922440944883
11
6.2788783070866137
21
-3.4140561023622045
0
LINE
8
BLACK
6
CONTINUOUS
10
6.2788783070866137
20
-3.4140561023622045
11
6.2790640551181101
21
-3.414282440944882
0
LINE
8
BLACK
6
CONTINUOUS
10
6.2790640551181101
20
-3.414282440944882
11
6.2791230708661416
21
-3.414333622047244
0
LINE
8
BLACK
6
CONTINUOUS
10
6.2791230708661416
20
-3.414333622047244
11
6.2791516929133859
21
-3.4143892519685037
0
LINE
8
BLACK
6
CONTINUOUS
10
6.2791516929133859
20
-3.4143892519685037
11
6.2792455118110233
21
-3.4145035433070867
0
LINE
8
BLACK
6
CONTINUOUS
10
6.2792455118110233
20
-3.4145035433070867
11
6.2793891732283464
21
-3.4148503937007875
0
LINE
8
BLACK
6
CONTINUOUS
10
6.2793891732283464
20
-3.4148503937007875
11
6.2813061811023623
21
-3.418573031496063
0
LINE
8
BLACK
6
CONTINUOUS
10
6.2813061811023623
20
-3.418573031496063
11
6.2813222834645668
21
-3.4186151181102362
0
LINE
8
BLACK
6
CONTINUOUS
10
6.2813222834645668
20
-3.4186151181102362
11
6.2813349999999994
21
-3.418632283464567
0
LINE
8
BLACK
6
CONTINUOUS
10
6.2813349999999994
20
-3.418632283464567
11
6.281347559055118
21
-3.4186812204724411
0
LINE
8
BLACK
6
CONTINUOUS
10
6.281347559055118
20
-3.4186812204724411
11
6.2815130708661417
21
-3.4191136220472442
0
LINE
8
BLACK
6
CONTINUOUS
10
6.2815130708661417
20
-3.4191136220472442
11
6.2815337401574798
21
-3.4194048425196848
0
LINE
8
BLACK
6
CONTINUOUS
10
6.2815337401574798
20
-3.4194048425196848
11
6.2834045275590551
21
-3.4266764566929133
0
LINE
8
BLACK
6
CONTINUOUS
10
6.2834045275590551
20
-3.4266764566929133
11
6.2834192913385829
21
-3.4267762992125985
0
LINE
8
BLACK
6
CONTINUOUS
10
6.2834192913385829
20
-3.4267762992125985
11
6.2834359448818899
21
-3.4268165354330709
0
LINE
8
BLACK
6
CONTINUOUS
10
6.2834359448818899
20
-3.4268165354330709
11
6.2834363385826766
21
-3.4268918897637795
0
LINE
8
BLACK
6
CONTINUOUS
10
6.2834363385826766
20
-3.4268918897637795
11
6.2834891732283467
21
-3.4272490551181103
0
LINE
8
BLACK
6
CONTINUOUS
10
6.2834891732283467
20
-3.4272490551181103
11
6.283440275590551
21
-3.4275775984251968
0
LINE
8
BLACK
6
CONTINUOUS
10
6.283440275590551
20
-3.4275775984251968
11
6.2834926771653539
21
-3.4367664173228345
0
LINE
8
BLACK
6
CONTINUOUS
10
6.2834926771653539
20
-3.4367664173228345
11
6.2834827559055118
21
-3.4368669291338581
0
LINE
8
BLACK
6
CONTINUOUS
10
6.2834827559055118
20
-3.4368669291338581
11
6.2834891732283467
21
-3.4369099606299214
0
LINE
8
BLACK
6
CONTINUOUS
10
6.2834891732283467
20
-3.4369099606299214
11
6.2834712598425195
21
-3.4369836220472441
0
LINE
8
BLACK
6
CONTINUOUS
10
6.2834712598425195
20
-3.4369836220472441
11
6.2834359448818899
21
-3.4373424803149604
0
LINE
8
BLACK
6
CONTINUOUS
10
6.2834359448818899
20
-3.4373424803149604
11
6.2833108661417318
21
-3.4376443700787402
0
LINE
8
BLACK
6
CONTINUOUS
10
6.2833108661417318
20
-3.4376443700787402
11
6.2815297637795275
21
-3.4449816141732281
0
LINE
8
BLACK
6
CONTINUOUS
10
6.2815297637795275
20
-3.4449816141732281
11
6.2815145669291335
21
-3.4450240944881889
0
LINE
8
BLACK
6
CONTINUOUS
10
6.2815145669291335
20
-3.4450240944881889
11
6.2815130708661417
21
-3.4450453937007874
0
LINE
8
BLACK
6
CONTINUOUS
10
6.2815130708661417
20
-3.4450453937007874
11
6.2814899212598423
21
-3.4450930314960631
0
LINE
8
BLACK
6
CONTINUOUS
10
6.2814899212598423
20
-3.4450930314960631
11
6.2813349999999994
21
-3.4455267322834646
0
LINE
8
BLACK
6
CONTINUOUS
10
6.2813349999999994
20
-3.4455267322834646
11
6.2811742519685039
21
-3.4457436614173229
0
LINE
8
BLACK
6
CONTINUOUS
10
6.2811742519685039
20
-3.4457436614173229
11
6.2794314173228347
21
-3.4493355118110234
0
LINE
8
BLACK
6
CONTINUOUS
10
6.2794314173228347
20
-3.4493355118110234
11
6.2792753543307089
21
-3.4495833858267715
0
LINE
8
BLACK
6
CONTINUOUS
10
6.2792753543307089
20
-3.4495833858267715
11
6.2792455511811021
21
-3.4496554330708662
0
LINE
8
BLACK
6
CONTINUOUS
10
6.2792455511811021
20
-3.4496554330708662
11
6.2792009842519683
21
-3.4497015354330709
0
LINE
8
BLACK
6
CONTINUOUS
10
6.2792009842519683
20
-3.4497015354330709
11
6.2791230708661416
21
-3.4498253937007872
0
LINE
8
BLACK
6
CONTINUOUS
10
6.2791230708661416
20
-3.4498253937007872
11
6.2788674015748027
21
-3.4500470866141733
0
LINE
8
BLACK
6
CONTINUOUS
10
6.2788674015748027
20
-3.4500470866141733
11
6.2770035826771649
21
-3.4519776771653543
0
LINE
8
BLACK
6
CONTINUOUS
10
6.2770035826771649
20
-3.4519776771653543
11
6.276777204724409
21
-3.4521634251968503
0
LINE
8
BLACK
6
CONTINUOUS
10
6.276777204724409
20
-3.4521634251968503
11
6.2767260236220475
21
-3.4522224803149606
0
LINE
8
BLACK
6
CONTINUOUS
10
6.2767260236220475
20
-3.4522224803149606
11
6.2766703543307081
21
-3.4522511023622044
0
LINE
8
BLACK
6
CONTINUOUS
10
6.2766703543307081
20
-3.4522511023622044
11
6.2765561023622043
21
-3.4523449212598423
0
LINE
8
BLACK
6
CONTINUOUS
10
6.2765561023622043
20
-3.4523449212598423
11
6.2762092125984248
21
-3.4524885826771654
0
LINE
8
BLACK
6
CONTINUOUS
10
6.2762092125984248
20
-3.4524885826771654
11
6.2724866141732285
21
-3.4544055905511812
0
LINE
8
BLACK
6
CONTINUOUS
10
6.2724866141732285
20
-3.4544055905511812
11
6.2719459842519685
21
-3.4546124803149607
0
LINE
8
BLACK
6
CONTINUOUS
10
6.2719459842519685
20
-3.4546124803149607
11
6.2718401574803151
21
-3.454619960629921
0
LINE
8
BLACK
6
CONTINUOUS
10
6.2718401574803151
20
-3.454619960629921
11
6.2717421653543308
21
-3.4546605905511809
0
LINE
8
BLACK
6
CONTINUOUS
10
6.2717421653543308
20
-3.4546605905511809
11
6.2711616929133855
21
-3.454668188976378
0
LINE
8
BLACK
6
CONTINUOUS
10
6.2711616929133855
20
-3.454668188976378
11
6.2707967716535435
21
-3.4546941338582675
0
LINE
8
BLACK
6
CONTINUOUS
10
6.2707967716535435
20
-3.4546941338582675
11
6.2707357086614168
21
-3.4546737795275591
0
LINE
8
BLACK
6
CONTINUOUS
10
6.2707357086614168
20
-3.4546737795275591
11
6.2674165748031498
21
-3.4547173228346457
0
LINE
8
BLACK
6
CONTINUOUS
10
6.2674165748031498
20
-3.4547173228346457
11
6.2668405118110231
21
-3.4546605905511809
0
LINE
8
BLACK
6
CONTINUOUS
10
6.2668405118110231
20
-3.4546605905511809
11
6.2667425196850388
21
-3.4546199999999998
0
LINE
8
BLACK
6
CONTINUOUS
10
6.2667425196850388
20
-3.4546199999999998
11
6.2666366535433067
21
-3.4546124803149607
0
LINE
8
BLACK
6
CONTINUOUS
10
6.2666366535433067
20
-3.4546124803149607
11
6.2661248818897635
21
-3.4543641338582676
0
LINE
8
BLACK
6
CONTINUOUS
10
6.2661248818897635
20
-3.4543641338582676
11
6.2657761023622047
21
-3.4542196850393698
0
LINE
8
BLACK
6
CONTINUOUS
10
6.2657761023622047
20
-3.4542196850393698
11
6.2657279921259841
21
-3.4541715748031496
0
LINE
8
BLACK
6
CONTINUOUS
10
6.2657279921259841
20
-3.4541715748031496
11
6.2623465354330703
21
-3.4525308267716537
0
LINE
8
BLACK
6
CONTINUOUS
10
6.2623465354330703
20
-3.4525308267716537
11
6.2620985039370076
21
-3.4523747244094487
0
LINE
8
BLACK
6
CONTINUOUS
10
6.2620985039370076
20
-3.4523747244094487
11
6.2620265748031496
21
-3.4523449212598423
0
LINE
8
BLACK
6
CONTINUOUS
10
6.2620265748031496
20
-3.4523449212598423
11
6.2619804724409445
21
-3.4523003937007872
0
LINE
8
BLACK
6
CONTINUOUS
10
6.2619804724409445
20
-3.4523003937007872
11
6.2618566535433073
21
-3.4522224803149606
0
LINE
8
BLACK
6
CONTINUOUS
10
6.2618566535433073
20
-3.4522224803149606
11
6.2616348425196851
21
-3.4519666929133859
0
LINE
8
BLACK
6
CONTINUOUS
10
6.2616348425196851
20
-3.4519666929133859
11
6.2597043307086615
21
-3.450102874015748
0
LINE
8
BLACK
6
CONTINUOUS
10
6.2597043307086615
20
-3.450102874015748
11
6.2595185826771651
21
-3.4498765354330709
0
LINE
8
BLACK
6
CONTINUOUS
10
6.2595185826771651
20
-3.4498765354330709
11
6.2594596062992123
21
-3.4498253937007872
0
LINE
8
BLACK
6
CONTINUOUS
10
6.2594596062992123
20
-3.4498253937007872
11
6.2594309448818892
21
-3.4497697637795275
0
LINE
8
BLACK
6
CONTINUOUS
10
6.2594309448818892
20
-3.4497697637795275
11
6.2593371259842518
21
-3.4496554330708662
0
LINE
8
BLACK
6
CONTINUOUS
10
6.2593371259842518
20
-3.4496554330708662
11
6.25919342519685
21
-3.4493085039370079
0
LINE
8
BLACK
6
CONTINUOUS
10
6.25919342519685
20
-3.4493085039370079
11
6.2572764960629916
21
-3.4455859842519683
0
LINE
8
BLACK
6
CONTINUOUS
10
6.2572764960629916
20
-3.4455859842519683
11
6.2572603543307084
21
-3.4455438582677163
0
LINE
8
BLACK
6
CONTINUOUS
10
6.2572603543307084
20
-3.4455438582677163
11
6.2572476771653545
21
-3.4455267322834646
0
LINE
8
BLACK
6
CONTINUOUS
10
6.2572476771653545
20
-3.4455267322834646
11
6.2572350393700784
21
-3.4454777165354331
0
LINE
8
BLACK
6
CONTINUOUS
10
6.2572350393700784
20
-3.4454777165354331
11
6.2570696062992122
21
-3.4450453543307087
0
LINE
8
BLACK
6
CONTINUOUS
10
6.2570696062992122
20
-3.4450453543307087
11
6.2570488976377954
21
-3.4447541338582677
0
LINE
8
BLACK
6
CONTINUOUS
10
6.2570488976377954
20
-3.4447541338582677
11
6.2551781496062988
21
-3.4374825590551179
0
LINE
8
BLACK
6
CONTINUOUS
10
6.2551781496062988
20
-3.4374825590551179
11
6.2551633464566931
21
-3.4373826771653544
0
LINE
8
BLACK
6
CONTINUOUS
10
6.2551633464566931
20
-3.4373826771653544
11
6.2551467322834648
21
-3.4373424803149604
0
LINE
8
BLACK
6
CONTINUOUS
10
6.2551467322834648
20
-3.4373424803149604
11
6.2551462992125986
21
-3.437267086614173
0
LINE
8
BLACK
6
CONTINUOUS
10
6.2551462992125986
20
-3.437267086614173
11
6.2550935039370081
21
-3.4369099606299214
0
LINE
8
BLACK
6
CONTINUOUS
10
6.2550935039370081
20
-3.4369099606299214
11
6.2551423622047242
21
-3.4365813779527556
0
LINE
8
BLACK
6
CONTINUOUS
10
6.2551423622047242
20
-3.4365813779527556
11
6.25509
21
-3.4273925984251967
0
LINE
8
BLACK
6
CONTINUOUS
10
6.25509
20
-3.4273925984251967
11
6.2550998818897634
21
-3.4272920472440944
0
LINE
8
BLACK
6
CONTINUOUS
10
6.2550998818897634
20
-3.4272920472440944
11
6.2550935039370081
21
-3.4272490551181103
0
LINE
8
BLACK
6
CONTINUOUS
10
6.2550935039370081
20
-3.4272490551181103
11
6.2551113779527556
21
-3.4271753543307084
0
LINE
8
BLACK
6
CONTINUOUS
10
6.2551113779527556
20
-3.4271753543307084
11
6.2551467322834648
21
-3.4268165354330709
0
LINE
8
BLACK
6
CONTINUOUS
10
6.2551467322834648
20
-3.4268165354330709
11
6.2552717716535433
21
-3.4265146062992127
0
LINE
8
BLACK
6
CONTINUOUS
10
6.2552717716535433
20
-3.4265146062992127
11
6.2570529133858264
21
-3.4191774015748031
0
LINE
8
BLACK
6
CONTINUOUS
10
6.2570529133858264
20
-3.4191774015748031
11
6.2570680708661417
21
-3.4191348818897636
0
LINE
8
BLACK
6
CONTINUOUS
10
6.2570680708661417
20
-3.4191348818897636
11
6.2570696062992122
21
-3.4191136614173225
0
LINE
8
BLACK
6
CONTINUOUS
10
6.2570696062992122
20
-3.4191136614173225
11
6.2570926377952754
21
-3.4190661023622044
0
LINE
8
BLACK
6
CONTINUOUS
10
6.2570926377952754
20
-3.4190661023622044
11
6.2572476771653545
21
-3.418632283464567
0
LINE
8
BLACK
6
CONTINUOUS
10
6.2572476771653545
20
-3.418632283464567
11
6.2574084645669288
21
-3.4184152755905512
0
LINE
8
BLACK
6
CONTINUOUS
10
6.2574084645669288
20
-3.4184152755905512
11
6.2591512598425192
21
-3.4148235039370078
0
LINE
8
BLACK
6
CONTINUOUS
10
6.2591512598425192
20
-3.4148235039370078
11
6.2593073228346459
21
-3.4145754724409447
0
LINE
8
BLACK
6
CONTINUOUS
10
6.2593073228346459
20
-3.4145754724409447
11
6.2593371653543306
21
-3.4145035433070867
0
LINE
8
BLACK
6
CONTINUOUS
10
6.2593371653543306
20
-3.4145035433070867
11
6.2593816535433069
21
-3.414457440944882
0
LINE
8
BLACK
6
CONTINUOUS
10
6.2593816535433069
20
-3.414457440944882
11
6.2594596062992123
21
-3.414333622047244
0
LINE
8
BLACK
6
CONTINUOUS
10
6.2594596062992123
20
-3.414333622047244
11
6.2597152755905512
21
-3.4141118503937009
0
LINE
8
BLACK
6
CONTINUOUS
10
6.2597152755905512
20
-3.4141118503937009
11
6.2615791338582678
21
-3.4121813385826769
0
LINE
8
BLACK
6
CONTINUOUS
10
6.2615791338582678
20
-3.4121813385826769
11
6.2618054724409449
21
-3.4119955511811022
0
LINE
8
BLACK
6
CONTINUOUS
10
6.2618054724409449
20
-3.4119955511811022
11
6.2618566535433073
21
-3.4119365748031494
0
LINE
8
BLACK
6
CONTINUOUS
10
6.2618566535433073
20
-3.4119365748031494
11
6.2619122834645671
21
-3.4119079133858268
0
LINE
8
BLACK
6
CONTINUOUS
10
6.2619122834645671
20
-3.4119079133858268
11
6.2620265748031496
21
-3.4118141338582677
0
LINE
8
BLACK
6
CONTINUOUS
10
6.2620265748031496
20
-3.4118141338582677
11
6.2623734251968504
21
-3.4116704330708663
0
LINE
8
BLACK
6
CONTINUOUS
10
6.2623734251968504
20
-3.4116704330708663
11
6.2660960629921254
21
-3.4097534645669292
0
LINE
8
BLACK
6
CONTINUOUS
10
6.2660960629921254
20
-3.4097534645669292
11
6.2666366535433067
21
-3.4095465748031497
0
LINE
8
BLACK
6
CONTINUOUS
10
6.2666366535433067
20
-3.4095465748031497
11
6.2667425196850388
21
-3.4095390157480314
0
LINE
8
BLACK
6
CONTINUOUS
10
6.2667425196850388
20
-3.4095390157480314
11
6.2668405118110231
21
-3.4094984645669291
0
LINE
8
BLACK
6
CONTINUOUS
10
6.2668405118110231
20
-3.4094984645669291
11
6.2674208661417321
21
-3.4094908267716533
0
LINE
8
BLACK
6
CONTINUOUS
10
6.2674208661417321
20
-3.4094908267716533
11
6.2677858661417325
21
-3.4094649212598425
0
LINE
8
BLACK
6
CONTINUOUS
10
6.2677858661417325
20
-3.4094649212598425
11
6.2678468897637796
21
-3.4094852362204722
0
LINE
8
BLACK
6
CONTINUOUS
10
6.2678468897637796
20
-3.4094852362204722
11
6.271166102362205
21
-3.4094417322834647
0
LINE
8
BLACK
6
CONTINUOUS
10
6.271166102362205
20
-3.4094417322834647
11
6.2717421653543308
21
-3.4094984645669291
0
LINE
8
BLACK
6
CONTINUOUS
10
6.2680386614173225
20
-3.41533905511811
11
6.2653228740157481
21
-3.4167375590551181
0
LINE
8
BLACK
6
CONTINUOUS
10
6.2653228740157481
20
-3.4167375590551181
11
6.2641321653543303
21
-3.4179709055118108
0
LINE
8
BLACK
6
CONTINUOUS
10
6.2641321653543303
20
-3.4179709055118108
11
6.2626035826771655
21
-3.4211211811023623
0
LINE
8
BLACK
6
CONTINUOUS
10
6.2626035826771655
20
-3.4211211811023623
11
6.2609452362204721
21
-3.4279525984251968
0
LINE
8
BLACK
6
CONTINUOUS
10
6.2609452362204721
20
-3.4279525984251968
11
6.260994566929134
21
-3.4366011417322833
0
LINE
8
BLACK
6
CONTINUOUS
10
6.260994566929134
20
-3.4366011417322833
11
6.2627505905511809
21
-3.4434268110236221
0
LINE
8
BLACK
6
CONTINUOUS
10
6.2627505905511809
20
-3.4434268110236221
11
6.2642606299212593
21
-3.4463591338582678
0
LINE
8
BLACK
6
CONTINUOUS
10
6.2642606299212593
20
-3.4463591338582678
11
6.2654939763779529
21
-3.4475499212598426
0
LINE
8
BLACK
6
CONTINUOUS
10
6.2654939763779529
20
-3.4475499212598426
11
6.2681754330708657
21
-3.4488510236220473
0
LINE
8
BLACK
6
CONTINUOUS
10
6.2681754330708657
20
-3.4488510236220473
11
6.2705439763779527
21
-3.4488199606299212
0
LINE
8
BLACK
6
CONTINUOUS
10
6.2705439763779527
20
-3.4488199606299212
11
6.2732597244094483
21
-3.4474214566929131
0
LINE
8
BLACK
6
CONTINUOUS
10
6.2732597244094483
20
-3.4474214566929131
11
6.2744505118110236
21
-3.4461880314960629
0
LINE
8
BLACK
6
CONTINUOUS
10
6.2744505118110236
20
-3.4461880314960629
11
6.2759790551181105
21
-3.4430377952755906
0
LINE
8
BLACK
6
CONTINUOUS
10
6.2759790551181105
20
-3.4430377952755906
11
6.2776374015748031
21
-3.4362063779527556
0
LINE
8
BLACK
6
CONTINUOUS
10
6.2776374015748031
20
-3.4362063779527556
11
6.277588070866142
21
-3.4275578346456692
0
LINE
8
BLACK
6
CONTINUOUS
10
6.277588070866142
20
-3.4275578346456692
11
6.2758320472440943
21
-3.4207321653543308
0
LINE
8
BLACK
6
CONTINUOUS
10
6.2758320472440943
20
-3.4207321653543308
11
6.2743220472440946
21
-3.4177998425196852
0
LINE
8
BLACK
6
CONTINUOUS
10
6.2743220472440946
20
-3.4177998425196852
11
6.273088700787401
21
-3.4166091338582678
0
LINE
8
BLACK
6
CONTINUOUS
10
6.273088700787401
20
-3.4166091338582678
11
6.2704072047244095
21
-3.4153079921259843
0
LINE
8
BLACK
6
CONTINUOUS
10
6.2704072047244095
20
-3.4153079921259843
11
6.2680386614173225
21
-3.41533905511811
0
LINE
8
BLACK
6
CONTINUOUS
10
6.3092374803149607
20
-3.4094984645669291
11
6.3093354724409449
21
-3.4095390551181102
0
LINE
8
BLACK
6
CONTINUOUS
10
6.3093354724409449
20
-3.4095390551181102
11
6.3094412992125983
21
-3.4095465748031497
0
LINE
8
BLACK
6
CONTINUOUS
10
6.3094412992125983
20
-3.4095465748031497
11
6.309952834645669
21
-3.4097947637795274
0
LINE
8
BLACK
6
CONTINUOUS
10
6.309952834645669
20
-3.4097947637795274
11
6.310301889763779
21
-3.4099393700787402
0
LINE
8
BLACK
6
CONTINUOUS
10
6.310301889763779
20
-3.4099393700787402
11
6.3103499999999997
21
-3.4099874803149604
0
LINE
8
BLACK
6
CONTINUOUS
10
6.3103499999999997
20
-3.4099874803149604
11
6.3137314566929135
21
-3.4116282283464567
0
LINE
8
BLACK
6
CONTINUOUS
10
6.3137314566929135
20
-3.4116282283464567
11
6.3139794488188974
21
-3.4117842913385825
0
LINE
8
BLACK
6
CONTINUOUS
10
6.3139794488188974
20
-3.4117842913385825
11
6.3140514173228341
21
-3.4118141338582677
0
LINE
8
BLACK
6
CONTINUOUS
10
6.3140514173228341
20
-3.4118141338582677
11
6.3140974803149605
21
-3.411858622047244
0
LINE
8
BLACK
6
CONTINUOUS
10
6.3140974803149605
20
-3.411858622047244
11
6.3142213385826773
21
-3.4119365748031494
0
LINE
8
BLACK
6
CONTINUOUS
10
6.3142213385826773
20
-3.4119365748031494
11
6.3144430708661412
21
-3.4121922440944883
0
LINE
8
BLACK
6
CONTINUOUS
10
6.3144430708661412
20
-3.4121922440944883
11
6.3163736220472435
21
-3.4140561023622045
0
LINE
8
BLACK
6
CONTINUOUS
10
6.3163736220472435
20
-3.4140561023622045
11
6.3165593700787399
21
-3.414282440944882
0
LINE
8
BLACK
6
CONTINUOUS
10
6.3165593700787399
20
-3.414282440944882
11
6.3166183858267715
21
-3.414333622047244
0
LINE
8
BLACK
6
CONTINUOUS
10
6.3166183858267715
20
-3.414333622047244
11
6.3166470078740158
21
-3.4143892519685037
0
LINE
8
BLACK
6
CONTINUOUS
10
6.3166470078740158
20
-3.4143892519685037
11
6.3167408267716532
21
-3.4145035433070867
0
LINE
8
BLACK
6
CONTINUOUS
10
6.3167408267716532
20
-3.4145035433070867
11
6.3168844881889763
21
-3.4148503937007875
0
LINE
8
BLACK
6
CONTINUOUS
10
6.3168844881889763
20
-3.4148503937007875
11
6.3188014960629921
21
-3.418573031496063
0
LINE
8
BLACK
6
CONTINUOUS
10
6.3188014960629921
20
-3.418573031496063
11
6.3188175984251966
21
-3.4186151181102362
0
LINE
8
BLACK
6
CONTINUOUS
10
6.3188175984251966
20
-3.4186151181102362
11
6.3188303149606302
21
-3.418632283464567
0
LINE
8
BLACK
6
CONTINUOUS
10
6.3188303149606302
20
-3.418632283464567
11
6.3188428740157478
21
-3.4186812204724411
0
LINE
8
BLACK
6
CONTINUOUS
10
6.3188428740157478
20
-3.4186812204724411
11
6.3190083858267716
21
-3.4191136220472442
0
LINE
8
BLACK
6
CONTINUOUS
10
6.3190083858267716
20
-3.4191136220472442
11
6.3190290551181105
21
-3.4194048425196848
0
LINE
8
BLACK
6
CONTINUOUS
10
6.3190290551181105
20
-3.4194048425196848
11
6.320899842519685
21
-3.4266764566929133
0
LINE
8
BLACK
6
CONTINUOUS
10
6.320899842519685
20
-3.4266764566929133
11
6.3209146062992128
21
-3.4267762992125985
0
LINE
8
BLACK
6
CONTINUOUS
10
6.3209146062992128
20
-3.4267762992125985
11
6.3209312598425198
21
-3.4268165354330709
0
LINE
8
BLACK
6
CONTINUOUS
10
6.3209312598425198
20
-3.4268165354330709
11
6.3209316535433073
21
-3.4268918897637795
0
LINE
8
BLACK
6
CONTINUOUS
10
6.3209316535433073
20
-3.4268918897637795
11
6.3209844881889765
21
-3.4272490551181103
0
LINE
8
BLACK
6
CONTINUOUS
10
6.3209844881889765
20
-3.4272490551181103
11
6.3209355905511808
21
-3.4275775984251968
0
LINE
8
BLACK
6
CONTINUOUS
10
6.3209355905511808
20
-3.4275775984251968
11
6.3209879921259837
21
-3.4367664173228345
0
LINE
8
BLACK
6
CONTINUOUS
10
6.3209879921259837
20
-3.4367664173228345
11
6.3209780708661416
21
-3.4368669291338581
0
LINE
8
BLACK
6
CONTINUOUS
10
6.3209780708661416
20
-3.4368669291338581
11
6.3209844881889765
21
-3.4369099606299214
0
LINE
8
BLACK
6
CONTINUOUS
10
6.3209844881889765
20
-3.4369099606299214
11
6.3209665748031494
21
-3.4369836220472441
0
LINE
8
BLACK
6
CONTINUOUS
10
6.3209665748031494
20
-3.4369836220472441
11
6.3209312598425198
21
-3.4373424803149604
0
LINE
8
BLACK
6
CONTINUOUS
10
6.3209312598425198
20
-3.4373424803149604
11
6.3208061811023617
21
-3.4376443700787402
0
LINE
8
BLACK
6
CONTINUOUS
10
6.3208061811023617
20
-3.4376443700787402
11
6.3190250787401574
21
-3.4449816141732281
0
LINE
8
BLACK
6
CONTINUOUS
10
6.3190250787401574
20
-3.4449816141732281
11
6.3190098818897633
21
-3.4450240944881889
0
LINE
8
BLACK
6
CONTINUOUS
10
6.3190098818897633
20
-3.4450240944881889
11
6.3190083858267716
21
-3.4450453937007874
0
LINE
8
BLACK
6
CONTINUOUS
10
6.3190083858267716
20
-3.4450453937007874
11
6.3189852362204721
21
-3.4450930314960631
0
LINE
8
BLACK
6
CONTINUOUS
10
6.3189852362204721
20
-3.4450930314960631
11
6.3188303149606302
21
-3.4455267322834646
0
LINE
8
BLACK
6
CONTINUOUS
10
6.3188303149606302
20
-3.4455267322834646
11
6.3186695669291337
21
-3.4457436614173229
0
LINE
8
BLACK
6
CONTINUOUS
10
6.3186695669291337
20
-3.4457436614173229
11
6.3169267322834646
21
-3.4493355118110234
0
LINE
8
BLACK
6
CONTINUOUS
10
6.3169267322834646
20
-3.4493355118110234
11
6.3167706692913388
21
-3.4495833858267715
0
LINE
8
BLACK
6
CONTINUOUS
10
6.3167706692913388
20
-3.4495833858267715
11
6.3167408661417319
21
-3.4496554330708662
0
LINE
8
BLACK
6
CONTINUOUS
10
6.3167408661417319
20
-3.4496554330708662
11
6.3166962992125981
21
-3.4497015354330709
0
LINE
8
BLACK
6
CONTINUOUS
10
6.3166962992125981
20
-3.4497015354330709
11
6.3166183858267715
21
-3.4498253937007872
0
LINE
8
BLACK
6
CONTINUOUS
10
6.3166183858267715
20
-3.4498253937007872
11
6.3163627165354326
21
-3.4500470866141733
0
LINE
8
BLACK
6
CONTINUOUS
10
6.3163627165354326
20
-3.4500470866141733
11
6.3144988976377947
21
-3.4519776771653543
0
LINE
8
BLACK
6
CONTINUOUS
10
6.3144988976377947
20
-3.4519776771653543
11
6.3142725196850389
21
-3.4521634251968503
0
LINE
8
BLACK
6
CONTINUOUS
10
6.3142725196850389
20
-3.4521634251968503
11
6.3142213385826773
21
-3.4522224803149606
0
LINE
8
BLACK
6
CONTINUOUS
10
6.3142213385826773
20
-3.4522224803149606
11
6.3141656692913388
21
-3.4522511023622044
0
LINE
8
BLACK
6
CONTINUOUS
10
6.3141656692913388
20
-3.4522511023622044
11
6.3140514173228341
21
-3.4523449212598423
0
LINE
8
BLACK
6
CONTINUOUS
10
6.3140514173228341
20
-3.4523449212598423
11
6.3137045275590546
21
-3.4524885826771654
0
LINE
8
BLACK
6
CONTINUOUS
10
6.3137045275590546
20
-3.4524885826771654
11
6.3099819291338584
21
-3.4544055905511812
0
LINE
8
BLACK
6
CONTINUOUS
10
6.3099819291338584
20
-3.4544055905511812
11
6.3094412992125983
21
-3.4546124803149607
0
LINE
8
BLACK
6
CONTINUOUS
10
6.3094412992125983
20
-3.4546124803149607
11
6.3093354724409449
21
-3.454619960629921
0
LINE
8
BLACK
6
CONTINUOUS
10
6.3093354724409449
20
-3.454619960629921
11
6.3092374803149607
21
-3.4546605905511809
0
LINE
8
BLACK
6
CONTINUOUS
10
6.3092374803149607
20
-3.4546605905511809
11
6.3086570078740154
21
-3.454668188976378
0
LINE
8
BLACK
6
CONTINUOUS
10
6.3086570078740154
20
-3.454668188976378
11
6.3082920866141734
21
-3.4546941338582675
0
LINE
8
BLACK
6
CONTINUOUS
10
6.3082920866141734
20
-3.4546941338582675
11
6.3082310236220467
21
-3.4546737795275591
0
LINE
8
BLACK
6
CONTINUOUS
10
6.3082310236220467
20
-3.4546737795275591
11
6.3049118897637797
21
-3.4547173228346457
0
LINE
8
BLACK
6
CONTINUOUS
10
6.3049118897637797
20
-3.4547173228346457
11
6.3043358267716538
21
-3.4546605905511809
0
LINE
8
BLACK
6
CONTINUOUS
10
6.3043358267716538
20
-3.4546605905511809
11
6.3042378346456696
21
-3.4546199999999998
0
LINE
8
BLACK
6
CONTINUOUS
10
6.3042378346456696
20
-3.4546199999999998
11
6.3041319685039365
21
-3.4546124803149607
0
LINE
8
BLACK
6
CONTINUOUS
10
6.3041319685039365
20
-3.4546124803149607
11
6.3036201968503933
21
-3.4543641338582676
0
LINE
8
BLACK
6
CONTINUOUS
10
6.3036201968503933
20
-3.4543641338582676
11
6.3032714173228346
21
-3.4542196850393698
0
LINE
8
BLACK
6
CONTINUOUS
10
6.3032714173228346
20
-3.4542196850393698
11
6.3032233070866139
21
-3.4541715748031496
0
LINE
8
BLACK
6
CONTINUOUS
10
6.3032233070866139
20
-3.4541715748031496
11
6.299841850393701
21
-3.4525308267716537
0
LINE
8
BLACK
6
CONTINUOUS
10
6.299841850393701
20
-3.4525308267716537
11
6.2995938188976375
21
-3.4523747244094487
0
LINE
8
BLACK
6
CONTINUOUS
10
6.2995938188976375
20
-3.4523747244094487
11
6.2995218897637795
21
-3.4523449212598423
0
LINE
8
BLACK
6
CONTINUOUS
10
6.2995218897637795
20
-3.4523449212598423
11
6.2994757874015743
21
-3.4523003937007872
0
LINE
8
BLACK
6
CONTINUOUS
10
6.2994757874015743
20
-3.4523003937007872
11
6.2993519685039372
21
-3.4522224803149606
0
LINE
8
BLACK
6
CONTINUOUS
10
6.2993519685039372
20
-3.4522224803149606
11
6.2991301574803149
21
-3.4519666929133859
0
LINE
8
BLACK
6
CONTINUOUS
10
6.2991301574803149
20
-3.4519666929133859
11
6.2971996456692914
21
-3.450102874015748
0
LINE
8
BLACK
6
CONTINUOUS
10
6.2971996456692914
20
-3.450102874015748
11
6.297013897637795
21
-3.4498765354330709
0
LINE
8
BLACK
6
CONTINUOUS
10
6.297013897637795
20
-3.4498765354330709
11
6.2969549212598421
21
-3.4498253937007872
0
LINE
8
BLACK
6
CONTINUOUS
10
6.2969549212598421
20
-3.4498253937007872
11
6.29692625984252
21
-3.4497697637795275
0
LINE
8
BLACK
6
CONTINUOUS
10
6.29692625984252
20
-3.4497697637795275
11
6.2968324409448817
21
-3.4496554330708662
0
LINE
8
BLACK
6
CONTINUOUS
10
6.2968324409448817
20
-3.4496554330708662
11
6.2966887401574798
21
-3.4493085039370079
0
LINE
8
BLACK
6
CONTINUOUS
10
6.2966887401574798
20
-3.4493085039370079
11
6.2947718110236215
21
-3.4455859842519683
0
LINE
8
BLACK
6
CONTINUOUS
10
6.2947718110236215
20
-3.4455859842519683
11
6.2947556692913382
21
-3.4455438582677163
0
LINE
8
BLACK
6
CONTINUOUS
10
6.2947556692913382
20
-3.4455438582677163
11
6.2947429921259843
21
-3.4455267322834646
0
LINE
8
BLACK
6
CONTINUOUS
10
6.2947429921259843
20
-3.4455267322834646
11
6.2947303543307083
21
-3.4454777165354331
0
LINE
8
BLACK
6
CONTINUOUS
10
6.2947303543307083
20
-3.4454777165354331
11
6.294564921259842
21
-3.4450453543307087
0
LINE
8
BLACK
6
CONTINUOUS
10
6.294564921259842
20
-3.4450453543307087
11
6.2945442125984252
21
-3.4447541338582677
0
LINE
8
BLACK
6
CONTINUOUS
10
6.2945442125984252
20
-3.4447541338582677
11
6.2926734645669287
21
-3.4374825590551179
0
LINE
8
BLACK
6
CONTINUOUS
10
6.2926734645669287
20
-3.4374825590551179
11
6.292658661417323
21
-3.4373826771653544
0
LINE
8
BLACK
6
CONTINUOUS
10
6.292658661417323
20
-3.4373826771653544
11
6.2926420472440947
21
-3.4373424803149604
0
LINE
8
BLACK
6
CONTINUOUS
10
6.2926420472440947
20
-3.4373424803149604
11
6.2926416141732284
21
-3.437267086614173
0
LINE
8
BLACK
6
CONTINUOUS
10
6.2926416141732284
20
-3.437267086614173
11
6.292588818897638
21
-3.4369099606299214
0
LINE
8
BLACK
6
CONTINUOUS
10
6.292588818897638
20
-3.4369099606299214
11
6.292637677165354
21
-3.4365813779527556
0
LINE
8
BLACK
6
CONTINUOUS
10
6.292637677165354
20
-3.4365813779527556
11
6.2925853149606299
21
-3.4273925984251967
0
LINE
8
BLACK
6
CONTINUOUS
10
6.2925853149606299
20
-3.4273925984251967
11
6.2925951968503933
21
-3.4272920472440944
0
LINE
8
BLACK
6
CONTINUOUS
10
6.2925951968503933
20
-3.4272920472440944
11
6.292588818897638
21
-3.4272490551181103
0
LINE
8
BLACK
6
CONTINUOUS
10
6.292588818897638
20
-3.4272490551181103
11
6.2926066929133855
21
-3.4271753543307084
0
LINE
8
BLACK
6
CONTINUOUS
10
6.2926066929133855
20
-3.4271753543307084
11
6.2926420472440947
21
-3.4268165354330709
0
LINE
8
BLACK
6
CONTINUOUS
10
6.2926420472440947
20
-3.4268165354330709
11
6.2927670866141732
21
-3.4265146062992127
0
LINE
8
BLACK
6
CONTINUOUS
10
6.2927670866141732
20
-3.4265146062992127
11
6.2945482283464562
21
-3.4191774015748031
0
LINE
8
BLACK
6
CONTINUOUS
10
6.2945482283464562
20
-3.4191774015748031
11
6.2945633858267716
21
-3.4191348818897636
0
LINE
8
BLACK
6
CONTINUOUS
10
6.2945633858267716
20
-3.4191348818897636
11
6.294564921259842
21
-3.4191136614173225
0
LINE
8
BLACK
6
CONTINUOUS
10
6.294564921259842
20
-3.4191136614173225
11
6.2945879527559052
21
-3.4190661023622044
0
LINE
8
BLACK
6
CONTINUOUS
10
6.2945879527559052
20
-3.4190661023622044
11
6.2947429921259843
21
-3.418632283464567
0
LINE
8
BLACK
6
CONTINUOUS
10
6.2947429921259843
20
-3.418632283464567
11
6.2949037795275586
21
-3.4184152755905512
0
LINE
8
BLACK
6
CONTINUOUS
10
6.2949037795275586
20
-3.4184152755905512
11
6.296646574803149
21
-3.4148235039370078
0
LINE
8
BLACK
6
CONTINUOUS
10
6.296646574803149
20
-3.4148235039370078
11
6.2968026377952757
21
-3.4145754724409447
0
LINE
8
BLACK
6
CONTINUOUS
10
6.2968026377952757
20
-3.4145754724409447
11
6.2968324803149605
21
-3.4145035433070867
0
LINE
8
BLACK
6
CONTINUOUS
10
6.2968324803149605
20
-3.4145035433070867
11
6.2968769685039367
21
-3.414457440944882
0
LINE
8
BLACK
6
CONTINUOUS
10
6.2968769685039367
20
-3.414457440944882
11
6.2969549212598421
21
-3.414333622047244
0
LINE
8
BLACK
6
CONTINUOUS
10
6.2969549212598421
20
-3.414333622047244
11
6.297210590551181
21
-3.4141118503937009
0
LINE
8
BLACK
6
CONTINUOUS
10
6.297210590551181
20
-3.4141118503937009
11
6.2990744488188977
21
-3.4121813385826769
0
LINE
8
BLACK
6
CONTINUOUS
10
6.2990744488188977
20
-3.4121813385826769
11
6.2993007874015747
21
-3.4119955511811022
0
LINE
8
BLACK
6
CONTINUOUS
10
6.2993007874015747
20
-3.4119955511811022
11
6.2993519685039372
21
-3.4119365748031494
0
LINE
8
BLACK
6
CONTINUOUS
10
6.2993519685039372
20
-3.4119365748031494
11
6.2994075984251969
21
-3.4119079133858268
0
LINE
8
BLACK
6
CONTINUOUS
10
6.2994075984251969
20
-3.4119079133858268
11
6.2995218897637795
21
-3.4118141338582677
0
LINE
8
BLACK
6
CONTINUOUS
10
6.2995218897637795
20
-3.4118141338582677
11
6.2998687401574802
21
-3.4116704330708663
0
LINE
8
BLACK
6
CONTINUOUS
10
6.2998687401574802
20
-3.4116704330708663
11
6.3035913779527561
21
-3.4097534645669292
0
LINE
8
BLACK
6
CONTINUOUS
10
6.3035913779527561
20
-3.4097534645669292
11
6.3041319685039365
21
-3.4095465748031497
0
LINE
8
BLACK
6
CONTINUOUS
10
6.3041319685039365
20
-3.4095465748031497
11
6.3042378346456696
21
-3.4095390157480314
0
LINE
8
BLACK
6
CONTINUOUS
10
6.3042378346456696
20
-3.4095390157480314
11
6.3043358267716538
21
-3.4094984645669291
0
LINE
8
BLACK
6
CONTINUOUS
10
6.3043358267716538
20
-3.4094984645669291
11
6.304916181102362
21
-3.4094908267716533
0
LINE
8
BLACK
6
CONTINUOUS
10
6.304916181102362
20
-3.4094908267716533
11
6.3052811811023624
21
-3.4094649212598425
0
LINE
8
BLACK
6
CONTINUOUS
10
6.3052811811023624
20
-3.4094649212598425
11
6.3053422047244094
21
-3.4094852362204722
0
LINE
8
BLACK
6
CONTINUOUS
10
6.3053422047244094
20
-3.4094852362204722
11
6.3086614173228348
21
-3.4094417322834647
0
LINE
8
BLACK
6
CONTINUOUS
10
6.3086614173228348
20
-3.4094417322834647
11
6.3092374803149607
21
-3.4094984645669291
0
LINE
8
BLACK
6
CONTINUOUS
10
6.3055339763779523
20
-3.41533905511811
11
6.3028181889763779
21
-3.4167375590551181
0
LINE
8
BLACK
6
CONTINUOUS
10
6.3028181889763779
20
-3.4167375590551181
11
6.3016274803149601
21
-3.4179709055118108
0
LINE
8
BLACK
6
CONTINUOUS
10
6.3016274803149601
20
-3.4179709055118108
11
6.3000988976377954
21
-3.4211211811023623
0
LINE
8
BLACK
6
CONTINUOUS
10
6.3000988976377954
20
-3.4211211811023623
11
6.2984405511811019
21
-3.4279525984251968
0
LINE
8
BLACK
6
CONTINUOUS
10
6.2984405511811019
20
-3.4279525984251968
11
6.2984898818897639
21
-3.4366011417322833
0
LINE
8
BLACK
6
CONTINUOUS
10
6.2984898818897639
20
-3.4366011417322833
11
6.3002459055118107
21
-3.4434268110236221
0
LINE
8
BLACK
6
CONTINUOUS
10
6.3002459055118107
20
-3.4434268110236221
11
6.3017559448818901
21
-3.4463591338582678
0
LINE
8
BLACK
6
CONTINUOUS
10
6.3017559448818901
20
-3.4463591338582678
11
6.3029892913385828
21
-3.4475499212598426
0
LINE
8
BLACK
6
CONTINUOUS
10
6.3029892913385828
20
-3.4475499212598426
11
6.3056707480314955
21
-3.4488510236220473
0
LINE
8
BLACK
6
CONTINUOUS
10
6.3056707480314955
20
-3.4488510236220473
11
6.3080392913385825
21
-3.4488199606299212
0
LINE
8
BLACK
6
CONTINUOUS
10
6.3080392913385825
20
-3.4488199606299212
11
6.3107550393700782
21
-3.4474214566929131
0
LINE
8
BLACK
6
CONTINUOUS
10
6.3107550393700782
20
-3.4474214566929131
11
6.3119458267716535
21
-3.4461880314960629
0
LINE
8
BLACK
6
CONTINUOUS
10
6.3119458267716535
20
-3.4461880314960629
11
6.3134743700787403
21
-3.4430377952755906
0
LINE
8
BLACK
6
CONTINUOUS
10
6.3134743700787403
20
-3.4430377952755906
11
6.315132716535433
21
-3.4362063779527556
0
LINE
8
BLACK
6
CONTINUOUS
10
6.315132716535433
20
-3.4362063779527556
11
6.3150833858267719
21
-3.4275578346456692
0
LINE
8
BLACK
6
CONTINUOUS
10
6.3150833858267719
20
-3.4275578346456692
11
6.3133273622047241
21
-3.4207321653543308
0
LINE
8
BLACK
6
CONTINUOUS
10
6.3133273622047241
20
-3.4207321653543308
11
6.3118173622047244
21
-3.4177998425196852
0
LINE
8
BLACK
6
CONTINUOUS
10
6.3118173622047244
20
-3.4177998425196852
11
6.3105840157480317
21
-3.4166091338582678
0
LINE
8
BLACK
6
CONTINUOUS
10
6.3105840157480317
20
-3.4166091338582678
11
6.3079025196850393
21
-3.4153079921259843
0
LINE
8
BLACK
6
CONTINUOUS
10
6.3079025196850393
20
-3.4153079921259843
11
6.3055339763779523
21
-3.41533905511811
0
LINE
8
BLACK
6
CONTINUOUS
10
6.3467327952755905
20
-3.4094984645669291
11
6.3468307874015748
21
-3.4095390551181102
0
LINE
8
BLACK
6
CONTINUOUS
10
6.3468307874015748
20
-3.4095390551181102
11
6.3469366141732282
21
-3.4095465748031497
0
LINE
8
BLACK
6
CONTINUOUS
10
6.3469366141732282
20
-3.4095465748031497
11
6.3474481496062989
21
-3.4097947637795274
0
LINE
8
BLACK
6
CONTINUOUS
10
6.3474481496062989
20
-3.4097947637795274
11
6.3477972047244089
21
-3.4099393700787402
0
LINE
8
BLACK
6
CONTINUOUS
10
6.3477972047244089
20
-3.4099393700787402
11
6.3478453149606295
21
-3.4099874803149604
0
LINE
8
BLACK
6
CONTINUOUS
10
6.3478453149606295
20
-3.4099874803149604
11
6.3512267716535433
21
-3.4116282283464567
0
LINE
8
BLACK
6
CONTINUOUS
10
6.3512267716535433
20
-3.4116282283464567
11
6.3514747637795272
21
-3.4117842913385825
0
LINE
8
BLACK
6
CONTINUOUS
10
6.3514747637795272
20
-3.4117842913385825
11
6.351546732283464
21
-3.4118141338582677
0
LINE
8
BLACK
6
CONTINUOUS
10
6.351546732283464
20
-3.4118141338582677
11
6.3515927952755904
21
-3.411858622047244
0
LINE
8
BLACK
6
CONTINUOUS
10
6.3515927952755904
20
-3.411858622047244
11
6.3517166535433072
21
-3.4119365748031494
0
LINE
8
BLACK
6
CONTINUOUS
10
6.3517166535433072
20
-3.4119365748031494
11
6.3519383858267719
21
-3.4121922440944883
0
LINE
8
BLACK
6
CONTINUOUS
10
6.3519383858267719
20
-3.4121922440944883
11
6.3538689370078743
21
-3.4140561023622045
0
LINE
8
BLACK
6
CONTINUOUS
10
6.3538689370078743
20
-3.4140561023622045
11
6.3540546850393698
21
-3.414282440944882
0
LINE
8
BLACK
6
CONTINUOUS
10
6.3540546850393698
20
-3.414282440944882
11
6.3541137007874013
21
-3.414333622047244
0
LINE
8
BLACK
6
CONTINUOUS
10
6.3541137007874013
20
-3.414333622047244
11
6.3541423228346456
21
-3.4143892519685037
0
LINE
8
BLACK
6
CONTINUOUS
10
6.3541423228346456
20
-3.4143892519685037
11
6.354236141732283
21
-3.4145035433070867
0
LINE
8
BLACK
6
CONTINUOUS
10
6.354236141732283
20
-3.4145035433070867
11
6.3543798031496062
21
-3.4148503937007875
0
LINE
8
BLACK
6
CONTINUOUS
10
6.3543798031496062
20
-3.4148503937007875
11
6.356296811023622
21
-3.418573031496063
0
LINE
8
BLACK
6
CONTINUOUS
10
6.356296811023622
20
-3.418573031496063
11
6.3563129133858265
21
-3.4186151181102362
0
LINE
8
BLACK
6
CONTINUOUS
10
6.3563129133858265
20
-3.4186151181102362
11
6.35632562992126
21
-3.418632283464567
0
LINE
8
BLACK
6
CONTINUOUS
10
6.35632562992126
20
-3.418632283464567
11
6.3563381889763777
21
-3.4186812204724411
0
LINE
8
BLACK
6
CONTINUOUS
10
6.3563381889763777
20
-3.4186812204724411
11
6.3565037007874015
21
-3.4191136220472442
0
LINE
8
BLACK
6
CONTINUOUS
10
6.3565037007874015
20
-3.4191136220472442
11
6.3565243700787404
21
-3.4194048425196848
0
LINE
8
BLACK
6
CONTINUOUS
10
6.3565243700787404
20
-3.4194048425196848
11
6.3583951574803148
21
-3.4266764566929133
0
LINE
8
BLACK
6
CONTINUOUS
10
6.3583951574803148
20
-3.4266764566929133
11
6.3584099212598426
21
-3.4267762992125985
0
LINE
8
BLACK
6
CONTINUOUS
10
6.3584099212598426
20
-3.4267762992125985
11
6.3584265748031497
21
-3.4268165354330709
0
LINE
8
BLACK
6
CONTINUOUS
10
6.3584265748031497
20
-3.4268165354330709
11
6.3584269685039372
21
-3.4268918897637795
0
LINE
8
BLACK
6
CONTINUOUS
10
6.3584269685039372
20
-3.4268918897637795
11
6.3584798031496064
21
-3.4272490551181103
0
LINE
8
BLACK
6
CONTINUOUS
10
6.3584798031496064
20
-3.4272490551181103
11
6.3584309055118107
21
-3.4275775984251968
0
LINE
8
BLACK
6
CONTINUOUS
10
6.3584309055118107
20
-3.4275775984251968
11
6.3584833070866145
21
-3.4367664173228345
0
LINE
8
BLACK
6
CONTINUOUS
10
6.3584833070866145
20
-3.4367664173228345
11
6.3584733858267715
21
-3.4368669291338581
0
LINE
8
BLACK
6
CONTINUOUS
10
6.3584733858267715
20
-3.4368669291338581
11
6.3584798031496064
21
-3.4369099606299214
0
LINE
8
BLACK
6
CONTINUOUS
10
6.3584798031496064
20
-3.4369099606299214
11
6.3584618897637792
21
-3.4369836220472441
0
LINE
8
BLACK
6
CONTINUOUS
10
6.3584618897637792
20
-3.4369836220472441
11
6.3584265748031497
21
-3.4373424803149604
0
LINE
8
BLACK
6
CONTINUOUS
10
6.3584265748031497
20
-3.4373424803149604
11
6.3583014960629916
21
-3.4376443700787402
0
LINE
8
BLACK
6
CONTINUOUS
10
6.3583014960629916
20
-3.4376443700787402
11
6.3565203937007873
21
-3.4449816141732281
0
LINE
8
BLACK
6
CONTINUOUS
10
6.3565203937007873
20
-3.4449816141732281
11
6.3565051968503932
21
-3.4450240944881889
0
LINE
8
BLACK
6
CONTINUOUS
10
6.3565051968503932
20
-3.4450240944881889
11
6.3565037007874015
21
-3.4450453937007874
0
LINE
8
BLACK
6
CONTINUOUS
10
6.3565037007874015
20
-3.4450453937007874
11
6.356480551181102
21
-3.4450930314960631
0
LINE
8
BLACK
6
CONTINUOUS
10
6.356480551181102
20
-3.4450930314960631
11
6.35632562992126
21
-3.4455267322834646
0
LINE
8
BLACK
6
CONTINUOUS
10
6.35632562992126
20
-3.4455267322834646
11
6.3561648818897636
21
-3.4457436614173229
0
LINE
8
BLACK
6
CONTINUOUS
10
6.3561648818897636
20
-3.4457436614173229
11
6.3544220472440944
21
-3.4493355118110234
0
LINE
8
BLACK
6
CONTINUOUS
10
6.3544220472440944
20
-3.4493355118110234
11
6.3542659842519686
21
-3.4495833858267715
0
LINE
8
BLACK
6
CONTINUOUS
10
6.3542659842519686
20
-3.4495833858267715
11
6.3542361811023618
21
-3.4496554330708662
0
LINE
8
BLACK
6
CONTINUOUS
10
6.3542361811023618
20
-3.4496554330708662
11
6.354191614173228
21
-3.4497015354330709
0
LINE
8
BLACK
6
CONTINUOUS
10
6.354191614173228
20
-3.4497015354330709
11
6.3541137007874013
21
-3.4498253937007872
0
LINE
8
BLACK
6
CONTINUOUS
10
6.3541137007874013
20
-3.4498253937007872
11
6.3538580314960624
21
-3.4500470866141733
0
LINE
8
BLACK
6
CONTINUOUS
10
6.3538580314960624
20
-3.4500470866141733
11
6.3519942125984254
21
-3.4519776771653543
0
LINE
8
BLACK
6
CONTINUOUS
10
6.3519942125984254
20
-3.4519776771653543
11
6.3517678346456687
21
-3.4521634251968503
0
LINE
8
BLACK
6
CONTINUOUS
10
6.3517678346456687
20
-3.4521634251968503
11
6.3517166535433072
21
-3.4522224803149606
0
LINE
8
BLACK
6
CONTINUOUS
10
6.3517166535433072
20
-3.4522224803149606
11
6.3516609842519687
21
-3.4522511023622044
0
LINE
8
BLACK
6
CONTINUOUS
10
6.3516609842519687
20
-3.4522511023622044
11
6.351546732283464
21
-3.4523449212598423
0
LINE
8
BLACK
6
CONTINUOUS
10
6.351546732283464
20
-3.4523449212598423
11
6.3511998425196845
21
-3.4524885826771654
0
LINE
8
BLACK
6
CONTINUOUS
10
6.3511998425196845
20
-3.4524885826771654
11
6.3474772440944882
21
-3.4544055905511812
0
LINE
8
BLACK
6
CONTINUOUS
10
6.3474772440944882
20
-3.4544055905511812
11
6.3469366141732282
21
-3.4546124803149607
0
LINE
8
BLACK
6
CONTINUOUS
10
6.3469366141732282
20
-3.4546124803149607
11
6.3468307874015748
21
-3.454619960629921
0
LINE
8
BLACK
6
CONTINUOUS
10
6.3468307874015748
20
-3.454619960629921
11
6.3467327952755905
21
-3.4546605905511809
0
LINE
8
BLACK
6
CONTINUOUS
10
6.3467327952755905
20
-3.4546605905511809
11
6.3461523228346453
21
-3.454668188976378
0
LINE
8
BLACK
6
CONTINUOUS
10
6.3461523228346453
20
-3.454668188976378
11
6.3457874015748033
21
-3.4546941338582675
0
LINE
8
BLACK
6
CONTINUOUS
10
6.3457874015748033
20
-3.4546941338582675
11
6.3457263385826774
21
-3.4546737795275591
0
LINE
8
BLACK
6
CONTINUOUS
10
6.3457263385826774
20
-3.4546737795275591
11
6.3424072047244096
21
-3.4547173228346457
0
LINE
8
BLACK
6
CONTINUOUS
10
6.3424072047244096
20
-3.4547173228346457
11
6.3418311417322837
21
-3.4546605905511809
0
LINE
8
BLACK
6
CONTINUOUS
10
6.3418311417322837
20
-3.4546605905511809
11
6.3417331496062994
21
-3.4546199999999998
0
LINE
8
BLACK
6
CONTINUOUS
10
6.3417331496062994
20
-3.4546199999999998
11
6.3416272834645664
21
-3.4546124803149607
0
LINE
8
BLACK
6
CONTINUOUS
10
6.3416272834645664
20
-3.4546124803149607
11
6.3411155118110232
21
-3.4543641338582676
0
LINE
8
BLACK
6
CONTINUOUS
10
6.3411155118110232
20
-3.4543641338582676
11
6.3407667322834644
21
-3.4542196850393698
0
LINE
8
BLACK
6
CONTINUOUS
10
6.3407667322834644
20
-3.4542196850393698
11
6.3407186220472438
21
-3.4541715748031496
0
LINE
8
BLACK
6
CONTINUOUS
10
6.3407186220472438
20
-3.4541715748031496
11
6.3373371653543309
21
-3.4525308267716537
0
LINE
8
BLACK
6
CONTINUOUS
10
6.3373371653543309
20
-3.4525308267716537
11
6.3370891338582673
21
-3.4523747244094487
0
LINE
8
BLACK
6
CONTINUOUS
10
6.3370891338582673
20
-3.4523747244094487
11
6.3370172047244093
21
-3.4523449212598423
0
LINE
8
BLACK
6
CONTINUOUS
10
6.3370172047244093
20
-3.4523449212598423
11
6.3369711023622042
21
-3.4523003937007872
0
LINE
8
BLACK
6
CONTINUOUS
10
6.3369711023622042
20
-3.4523003937007872
11
6.336847283464567
21
-3.4522224803149606
0
LINE
8
BLACK
6
CONTINUOUS
10
6.336847283464567
20
-3.4522224803149606
11
6.3366254724409448
21
-3.4519666929133859
0
LINE
8
BLACK
6
CONTINUOUS
10
6.3366254724409448
20
-3.4519666929133859
11
6.3346949606299212
21
-3.450102874015748
0
LINE
8
BLACK
6
CONTINUOUS
10
6.3346949606299212
20
-3.450102874015748
11
6.3345092125984248
21
-3.4498765354330709
0
LINE
8
BLACK
6
CONTINUOUS
10
6.3345092125984248
20
-3.4498765354330709
11
6.334450236220472
21
-3.4498253937007872
0
LINE
8
BLACK
6
CONTINUOUS
10
6.334450236220472
20
-3.4498253937007872
11
6.3344215748031498
21
-3.4497697637795275
0
LINE
8
BLACK
6
CONTINUOUS
10
6.3344215748031498
20
-3.4497697637795275
11
6.3343277559055116
21
-3.4496554330708662
0
LINE
8
BLACK
6
CONTINUOUS
10
6.3343277559055116
20
-3.4496554330708662
11
6.3341840551181097
21
-3.4493085039370079
0
LINE
8
BLACK
6
CONTINUOUS
10
6.3341840551181097
20
-3.4493085039370079
11
6.3322671259842522
21
-3.4455859842519683
0
LINE
8
BLACK
6
CONTINUOUS
10
6.3322671259842522
20
-3.4455859842519683
11
6.3322509842519681
21
-3.4455438582677163
0
LINE
8
BLACK
6
CONTINUOUS
10
6.3322509842519681
20
-3.4455438582677163
11
6.3322383070866142
21
-3.4455267322834646
0
LINE
8
BLACK
6
CONTINUOUS
10
6.3322383070866142
20
-3.4455267322834646
11
6.3322256692913381
21
-3.4454777165354331
0
LINE
8
BLACK
6
CONTINUOUS
10
6.3322256692913381
20
-3.4454777165354331
11
6.3320602362204719
21
-3.4450453543307087
0
LINE
8
BLACK
6
CONTINUOUS
10
6.3320602362204719
20
-3.4450453543307087
11
6.3320395275590551
21
-3.4447541338582677
0
LINE
8
BLACK
6
CONTINUOUS
10
6.3320395275590551
20
-3.4447541338582677
11
6.3301687795275585
21
-3.4374825590551179
0
LINE
8
BLACK
6
CONTINUOUS
10
6.3301687795275585
20
-3.4374825590551179
11
6.3301539763779529
21
-3.4373826771653544
0
LINE
8
BLACK
6
CONTINUOUS
10
6.3301539763779529
20
-3.4373826771653544
11
6.3301373622047246
21
-3.4373424803149604
0
LINE
8
BLACK
6
CONTINUOUS
10
6.3301373622047246
20
-3.4373424803149604
11
6.3301369291338583
21
-3.437267086614173
0
LINE
8
BLACK
6
CONTINUOUS
10
6.3301369291338583
20
-3.437267086614173
11
6.3300841338582678
21
-3.4369099606299214
0
LINE
8
BLACK
6
CONTINUOUS
10
6.3300841338582678
20
-3.4369099606299214
11
6.3301329921259839
21
-3.4365813779527556
0
LINE
8
BLACK
6
CONTINUOUS
10
6.3301329921259839
20
-3.4365813779527556
11
6.3300806299212597
21
-3.4273925984251967
0
LINE
8
BLACK
6
CONTINUOUS
10
6.3300806299212597
20
-3.4273925984251967
11
6.3300905118110231
21
-3.4272920472440944
0
LINE
8
BLACK
6
CONTINUOUS
10
6.3300905118110231
20
-3.4272920472440944
11
6.3300841338582678
21
-3.4272490551181103
0
LINE
8
BLACK
6
CONTINUOUS
10
6.3300841338582678
20
-3.4272490551181103
11
6.3301020078740153
21
-3.4271753543307084
0
LINE
8
BLACK
6
CONTINUOUS
10
6.3301020078740153
20
-3.4271753543307084
11
6.3301373622047246
21
-3.4268165354330709
0
LINE
8
BLACK
6
CONTINUOUS
10
6.3301373622047246
20
-3.4268165354330709
11
6.330262401574803
21
-3.4265146062992127
0
LINE
8
BLACK
6
CONTINUOUS
10
6.330262401574803
20
-3.4265146062992127
11
6.3320435433070861
21
-3.4191774015748031
0
LINE
8
BLACK
6
CONTINUOUS
10
6.3320435433070861
20
-3.4191774015748031
11
6.3320587007874014
21
-3.4191348818897636
0
LINE
8
BLACK
6
CONTINUOUS
10
6.3320587007874014
20
-3.4191348818897636
11
6.3320602362204719
21
-3.4191136614173225
0
LINE
8
BLACK
6
CONTINUOUS
10
6.3320602362204719
20
-3.4191136614173225
11
6.3320832677165351
21
-3.4190661023622044
0
LINE
8
BLACK
6
CONTINUOUS
10
6.3320832677165351
20
-3.4190661023622044
11
6.3322383070866142
21
-3.418632283464567
0
LINE
8
BLACK
6
CONTINUOUS
10
6.3322383070866142
20
-3.418632283464567
11
6.3323990944881885
21
-3.4184152755905512
0
LINE
8
BLACK
6
CONTINUOUS
10
6.3323990944881885
20
-3.4184152755905512
11
6.3341418897637798
21
-3.4148235039370078
0
LINE
8
BLACK
6
CONTINUOUS
10
6.3341418897637798
20
-3.4148235039370078
11
6.3342979527559056
21
-3.4145754724409447
0
LINE
8
BLACK
6
CONTINUOUS
10
6.3342979527559056
20
-3.4145754724409447
11
6.3343277952755903
21
-3.4145035433070867
0
LINE
8
BLACK
6
CONTINUOUS
10
6.3343277952755903
20
-3.4145035433070867
11
6.3343722834645666
21
-3.414457440944882
0
LINE
8
BLACK
6
CONTINUOUS
10
6.3343722834645666
20
-3.414457440944882
11
6.334450236220472
21
-3.414333622047244
0
LINE
8
BLACK
6
CONTINUOUS
10
6.334450236220472
20
-3.414333622047244
11
6.3347059055118109
21
-3.4141118503937009
0
LINE
8
BLACK
6
CONTINUOUS
10
6.3347059055118109
20
-3.4141118503937009
11
6.3365697637795275
21
-3.4121813385826769
0
LINE
8
BLACK
6
CONTINUOUS
10
6.3365697637795275
20
-3.4121813385826769
11
6.3367961023622046
21
-3.4119955511811022
0
LINE
8
BLACK
6
CONTINUOUS
10
6.3367961023622046
20
-3.4119955511811022
11
6.336847283464567
21
-3.4119365748031494
0
LINE
8
BLACK
6
CONTINUOUS
10
6.336847283464567
20
-3.4119365748031494
11
6.3369029133858268
21
-3.4119079133858268
0
LINE
8
BLACK
6
CONTINUOUS
10
6.3369029133858268
20
-3.4119079133858268
11
6.3370172047244093
21
-3.4118141338582677
0
LINE
8
BLACK
6
CONTINUOUS
10
6.3370172047244093
20
-3.4118141338582677
11
6.3373640551181101
21
-3.4116704330708663
0
LINE
8
BLACK
6
CONTINUOUS
10
6.3373640551181101
20
-3.4116704330708663
11
6.341086692913386
21
-3.4097534645669292
0
LINE
8
BLACK
6
CONTINUOUS
10
6.341086692913386
20
-3.4097534645669292
11
6.3416272834645664
21
-3.4095465748031497
0
LINE
8
BLACK
6
CONTINUOUS
10
6.3416272834645664
20
-3.4095465748031497
11
6.3417331496062994
21
-3.4095390157480314
0
LINE
8
BLACK
6
CONTINUOUS
10
6.3417331496062994
20
-3.4095390157480314
11
6.3418311417322837
21
-3.4094984645669291
0
LINE
8
BLACK
6
CONTINUOUS
10
6.3418311417322837
20
-3.4094984645669291
11
6.3424114960629918
21
-3.4094908267716533
0
LINE
8
BLACK
6
CONTINUOUS
10
6.3424114960629918
20
-3.4094908267716533
11
6.3427764960629922
21
-3.4094649212598425
0
LINE
8
BLACK
6
CONTINUOUS
10
6.3427764960629922
20
-3.4094649212598425
11
6.3428375196850393
21
-3.4094852362204722
0
LINE
8
BLACK
6
CONTINUOUS
10
6.3428375196850393
20
-3.4094852362204722
11
6.3461567322834647
21
-3.4094417322834647
0
LINE
8
BLACK
6
CONTINUOUS
10
6.3461567322834647
20
-3.4094417322834647
11
6.3467327952755905
21
-3.4094984645669291
0
LINE
8
BLACK
6
CONTINUOUS
10
6.3430292913385822
20
-3.41533905511811
11
6.3403135039370078
21
-3.4167375590551181
0
LINE
8
BLACK
6
CONTINUOUS
10
6.3403135039370078
20
-3.4167375590551181
11
6.33912279527559
21
-3.4179709055118108
0
LINE
8
BLACK
6
CONTINUOUS
10
6.33912279527559
20
-3.4179709055118108
11
6.3375942125984253
21
-3.4211211811023623
0
LINE
8
BLACK
6
CONTINUOUS
10
6.3375942125984253
20
-3.4211211811023623
11
6.3359358661417318
21
-3.4279525984251968
0
LINE
8
BLACK
6
CONTINUOUS
10
6.3359358661417318
20
-3.4279525984251968
11
6.3359851968503937
21
-3.4366011417322833
0
LINE
8
BLACK
6
CONTINUOUS
10
6.3359851968503937
20
-3.4366011417322833
11
6.3377412204724406
21
-3.4434268110236221
0
LINE
8
BLACK
6
CONTINUOUS
10
6.3377412204724406
20
-3.4434268110236221
11
6.3392512598425199
21
-3.4463591338582678
0
LINE
8
BLACK
6
CONTINUOUS
10
6.3392512598425199
20
-3.4463591338582678
11
6.3404846062992126
21
-3.4475499212598426
0
LINE
8
BLACK
6
CONTINUOUS
10
6.3404846062992126
20
-3.4475499212598426
11
6.3431660629921263
21
-3.4488510236220473
0
LINE
8
BLACK
6
CONTINUOUS
10
6.3431660629921263
20
-3.4488510236220473
11
6.3455346062992124
21
-3.4488199606299212
0
LINE
8
BLACK
6
CONTINUOUS
10
6.3455346062992124
20
-3.4488199606299212
11
6.3482503543307089
21
-3.4474214566929131
0
LINE
8
BLACK
6
CONTINUOUS
10
6.3482503543307089
20
-3.4474214566929131
11
6.3494411417322834
21
-3.4461880314960629
0
LINE
8
BLACK
6
CONTINUOUS
10
6.3494411417322834
20
-3.4461880314960629
11
6.3509696850393702
21
-3.4430377952755906
0
LINE
8
BLACK
6
CONTINUOUS
10
6.3509696850393702
20
-3.4430377952755906
11
6.3526280314960628
21
-3.4362063779527556
0
LINE
8
BLACK
6
CONTINUOUS
10
6.3526280314960628
20
-3.4362063779527556
11
6.3525787007874017
21
-3.4275578346456692
0
LINE
8
BLACK
6
CONTINUOUS
10
6.3525787007874017
20
-3.4275578346456692
11
6.350822677165354
21
-3.4207321653543308
0
LINE
8
BLACK
6
CONTINUOUS
10
6.350822677165354
20
-3.4207321653543308
11
6.3493126771653543
21
-3.4177998425196852
0
LINE
8
BLACK
6
CONTINUOUS
10
6.3493126771653543
20
-3.4177998425196852
11
6.3480793307086616
21
-3.4166091338582678
0
LINE
8
BLACK
6
CONTINUOUS
10
6.3480793307086616
20
-3.4166091338582678
11
6.3453978346456692
21
-3.4153079921259843
0
LINE
8
BLACK
6
CONTINUOUS
10
6.3453978346456692
20
-3.4153079921259843
11
6.3430292913385822
21
-3.41533905511811
0
LINE
8
BLACK
6
CONTINUOUS
10
6.2045946850393703
20
-3.4452614960629919
11
6.2053149999999997
21
-3.4455598425196849
0
LINE
8
BLACK
6
CONTINUOUS
10
6.2053149999999997
20
-3.4455598425196849
11
6.2053150393700784
21
-3.4455598818897637
0
LINE
8
BLACK
6
CONTINUOUS
10
6.2053150393700784
20
-3.4455598818897637
11
6.2076372440944878
21
-3.4478018897637797
0
LINE
8
BLACK
6
CONTINUOUS
10
6.2076372440944878
20
-3.4478018897637797
11
6.2080044881889762
21
-3.4482493700787402
0
LINE
8
BLACK
6
CONTINUOUS
10
6.2080044881889762
20
-3.4482493700787402
11
6.2084435433070864
21
-3.4493094488188976
0
LINE
8
BLACK
6
CONTINUOUS
10
6.2084435433070864
20
-3.4493094488188976
11
6.2084453543307081
21
-3.449313779527559
0
LINE
8
BLACK
6
CONTINUOUS
10
6.2084453543307081
20
-3.449313779527559
11
6.2084453543307081
21
-3.450465866141732
0
LINE
8
BLACK
6
CONTINUOUS
10
6.2084453543307081
20
-3.450465866141732
11
6.2080044488188975
21
-3.4515302755905513
0
LINE
8
BLACK
6
CONTINUOUS
10
6.2080044488188975
20
-3.4515302755905513
11
6.2057624803149602
21
-3.4538524803149606
0
LINE
8
BLACK
6
CONTINUOUS
10
6.2057624803149602
20
-3.4538524803149606
11
6.2053150393700784
21
-3.4542196850393698
0
LINE
8
BLACK
6
CONTINUOUS
10
6.2053150393700784
20
-3.4542196850393698
11
6.2042506299212601
21
-3.4546605905511809
0
LINE
8
BLACK
6
CONTINUOUS
10
6.2042506299212601
20
-3.4546605905511809
11
6.2042505905511813
21
-3.4546605905511809
0
LINE
8
BLACK
6
CONTINUOUS
10
6.2042505905511813
20
-3.4546605905511809
11
6.2030985433070862
21
-3.4546605905511809
0
LINE
8
BLACK
6
CONTINUOUS
10
6.2030985433070862
20
-3.4546605905511809
11
6.2030985039370075
21
-3.4546605905511809
0
LINE
8
BLACK
6
CONTINUOUS
10
6.2030985039370075
20
-3.4546605905511809
11
6.2020340944881891
21
-3.4542196850393698
0
LINE
8
BLACK
6
CONTINUOUS
10
6.2020340944881891
20
-3.4542196850393698
11
6.1997118897637797
21
-3.4519777165354331
0
LINE
8
BLACK
6
CONTINUOUS
10
6.1997118897637797
20
-3.4519777165354331
11
6.1993446850393701
21
-3.4515302755905513
0
LINE
8
BLACK
6
CONTINUOUS
10
6.1993446850393701
20
-3.4515302755905513
11
6.1991020866141735
21
-3.4509445669291337
0
LINE
8
BLACK
6
CONTINUOUS
10
6.1991020866141735
20
-3.4509445669291337
11
6.1989037795275586
21
-3.450465866141732
0
LINE
8
BLACK
6
CONTINUOUS
10
6.1989037795275586
20
-3.450465866141732
11
6.1989037795275586
21
-3.449313779527559
0
LINE
8
BLACK
6
CONTINUOUS
10
6.1989037795275586
20
-3.449313779527559
11
6.1993446456692913
21
-3.4482493700787402
0
LINE
8
BLACK
6
CONTINUOUS
10
6.1993446456692913
20
-3.4482493700787402
11
6.2015866141732285
21
-3.4459271259842521
0
LINE
8
BLACK
6
CONTINUOUS
10
6.2015866141732285
20
-3.4459271259842521
11
6.2020340944881891
21
-3.4455598818897637
0
LINE
8
BLACK
6
CONTINUOUS
10
6.2020340944881891
20
-3.4455598818897637
11
6.2020341338582679
21
-3.4455598425196849
0
LINE
8
BLACK
6
CONTINUOUS
10
6.2020341338582679
20
-3.4455598425196849
11
6.2027544488188973
21
-3.4452614960629919
0
LINE
8
BLACK
6
CONTINUOUS
10
6.2027544488188973
20
-3.4452614960629919
11
6.2030985039370075
21
-3.4451189763779526
0
LINE
8
BLACK
6
CONTINUOUS
10
6.2030985039370075
20
-3.4451189763779526
11
6.2042505905511813
21
-3.4451189763779526
0
LINE
8
BLACK
6
CONTINUOUS
10
6.2042505905511813
20
-3.4451189763779526
11
6.2042506299212601
21
-3.4451189763779526
0
LINE
8
BLACK
6
CONTINUOUS
10
6.2042506299212601
20
-3.4451189763779526
11
6.2045946850393703
21
-3.4452614960629919
0
LINE
8
BLACK
6
CONTINUOUS
10
6.431097244094488
20
-3.422621811023622
11
6.4311952362204723
21
-3.4226624015748031
0
LINE
8
BLACK
6
CONTINUOUS
10
6.4311952362204723
20
-3.4226624015748031
11
6.4313010629921257
21
-3.4226699212598426
0
LINE
8
BLACK
6
CONTINUOUS
10
6.4313010629921257
20
-3.4226699212598426
11
6.4318126377952751
21
-3.422918149606299
0
LINE
8
BLACK
6
CONTINUOUS
10
6.4318126377952751
20
-3.422918149606299
11
6.4321616535433073
21
-3.423062716535433
0
LINE
8
BLACK
6
CONTINUOUS
10
6.4321616535433073
20
-3.423062716535433
11
6.432209763779527
21
-3.4231108267716537
0
LINE
8
BLACK
6
CONTINUOUS
10
6.432209763779527
20
-3.4231108267716537
11
6.4355912598425196
21
-3.4247515748031496
0
LINE
8
BLACK
6
CONTINUOUS
10
6.4355912598425196
20
-3.4247515748031496
11
6.4356875590551184
21
-3.4248122047244092
0
LINE
8
BLACK
6
CONTINUOUS
10
6.4356875590551184
20
-3.4248122047244092
11
6.4357330314960626
21
-3.4248273622047245
0
LINE
8
BLACK
6
CONTINUOUS
10
6.4357330314960626
20
-3.4248273622047245
11
6.4357896062992124
21
-3.4248764173228348
0
LINE
8
BLACK
6
CONTINUOUS
10
6.4357896062992124
20
-3.4248764173228348
11
6.4360811023622047
21
-3.4250599212598423
0
LINE
8
BLACK
6
CONTINUOUS
10
6.4360811023622047
20
-3.4250599212598423
11
6.436323582677165
21
-3.4253395275590552
0
LINE
8
BLACK
6
CONTINUOUS
10
6.436323582677165
20
-3.4253395275590552
11
6.43660342519685
21
-3.4255822047244093
0
LINE
8
BLACK
6
CONTINUOUS
10
6.43660342519685
20
-3.4255822047244093
11
6.4367047637795274
21
-3.4257790157480312
0
LINE
8
BLACK
6
CONTINUOUS
10
6.4367047637795274
20
-3.4257790157480312
11
6.4368359842519682
21
-3.4259303149606297
0
LINE
8
BLACK
6
CONTINUOUS
10
6.4368359842519682
20
-3.4259303149606297
11
6.4369337795275587
21
-3.4262237795275592
0
LINE
8
BLACK
6
CONTINUOUS
10
6.4369337795275587
20
-3.4262237795275592
11
6.4387865354330707
21
-3.4298216141732283
0
LINE
8
BLACK
6
CONTINUOUS
10
6.4387865354330707
20
-3.4298216141732283
11
6.4389934251968501
21
-3.4303622047244096
0
LINE
8
BLACK
6
CONTINUOUS
10
6.4389934251968501
20
-3.4303622047244096
11
6.4390009448818892
21
-3.4304680708661417
0
LINE
8
BLACK
6
CONTINUOUS
10
6.4390009448818892
20
-3.4304680708661417
11
6.4390415354330708
21
-3.430566062992126
0
LINE
8
BLACK
6
CONTINUOUS
10
6.4390415354330708
20
-3.430566062992126
11
6.4390428346456687
21
-3.431057834645669
0
LINE
8
BLACK
6
CONTINUOUS
10
6.4390428346456687
20
-3.431057834645669
11
6.4390750787401574
21
-3.4315114173228345
0
LINE
8
BLACK
6
CONTINUOUS
10
6.4390750787401574
20
-3.4315114173228345
11
6.4390442913385826
21
-3.4316037007874014
0
LINE
8
BLACK
6
CONTINUOUS
10
6.4390442913385826
20
-3.4316037007874014
11
6.4390982677165356
21
-3.4517645669291337
0
LINE
8
BLACK
6
CONTINUOUS
10
6.4390982677165356
20
-3.4517645669291337
11
6.4390415354330708
21
-3.4523406299212596
0
LINE
8
BLACK
6
CONTINUOUS
10
6.4390415354330708
20
-3.4523406299212596
11
6.4386006299212593
21
-3.4534050393700788
0
LINE
8
BLACK
6
CONTINUOUS
10
6.4386006299212593
20
-3.4534050393700788
11
6.4377859842519687
21
-3.4542196850393698
0
LINE
8
BLACK
6
CONTINUOUS
10
6.4377859842519687
20
-3.4542196850393698
11
6.4367215748031494
21
-3.4546605905511809
0
LINE
8
BLACK
6
CONTINUOUS
10
6.4367215748031494
20
-3.4546605905511809
11
6.4355694488188977
21
-3.4546605905511809
0
LINE
8
BLACK
6
CONTINUOUS
10
6.4355694488188977
20
-3.4546605905511809
11
6.4345050393700784
21
-3.4542196850393698
0
LINE
8
BLACK
6
CONTINUOUS
10
6.4345050393700784
20
-3.4542196850393698
11
6.433690393700787
21
-3.4534050393700788
0
LINE
8
BLACK
6
CONTINUOUS
10
6.433690393700787
20
-3.4534050393700788
11
6.4332494881889764
21
-3.4523406299212596
0
LINE
8
BLACK
6
CONTINUOUS
10
6.4332494881889764
20
-3.4523406299212596
11
6.4331943700787404
21
-3.431751535433071
0
LINE
8
BLACK
6
CONTINUOUS
10
6.4331943700787404
20
-3.431751535433071
11
6.4320583070866144
21
-3.4295453937007871
0
LINE
8
BLACK
6
CONTINUOUS
10
6.4320583070866144
20
-3.4295453937007871
11
6.4297515748031495
21
-3.4284261417322832
0
LINE
8
BLACK
6
CONTINUOUS
10
6.4297515748031495
20
-3.4284261417322832
11
6.4255140944881886
21
-3.4284649212598426
0
LINE
8
BLACK
6
CONTINUOUS
10
6.4255140944881886
20
-3.4284649212598426
11
6.423300196850394
21
-3.429605
0
LINE
8
BLACK
6
CONTINUOUS
10
6.423300196850394
20
-3.429605
11
6.4221722440944884
21
-3.4319295669291336
0
LINE
8
BLACK
6
CONTINUOUS
10
6.4221722440944884
20
-3.4319295669291336
11
6.4222253543307088
21
-3.4517645669291337
0
LINE
8
BLACK
6
CONTINUOUS
10
6.4222253543307088
20
-3.4517645669291337
11
6.422168622047244
21
-3.4523406299212596
0
LINE
8
BLACK
6
CONTINUOUS
10
6.422168622047244
20
-3.4523406299212596
11
6.4217277165354325
21
-3.4534050393700788
0
LINE
8
BLACK
6
CONTINUOUS
10
6.4217277165354325
20
-3.4534050393700788
11
6.4209130708661419
21
-3.4542196850393698
0
LINE
8
BLACK
6
CONTINUOUS
10
6.4209130708661419
20
-3.4542196850393698
11
6.4198486614173227
21
-3.4546605905511809
0
LINE
8
BLACK
6
CONTINUOUS
10
6.4198486614173227
20
-3.4546605905511809
11
6.4186965354330709
21
-3.4546605905511809
0
LINE
8
BLACK
6
CONTINUOUS
10
6.4186965354330709
20
-3.4546605905511809
11
6.4176321259842517
21
-3.4542196850393698
0
LINE
8
BLACK
6
CONTINUOUS
10
6.4176321259842517
20
-3.4542196850393698
11
6.4168174803149602
21
-3.4534050393700788
0
LINE
8
BLACK
6
CONTINUOUS
10
6.4168174803149602
20
-3.4534050393700788
11
6.4163765748031496
21
-3.4523406299212596
0
LINE
8
BLACK
6
CONTINUOUS
10
6.4163765748031496
20
-3.4523406299212596
11
6.4163214566929136
21
-3.431751535433071
0
LINE
8
BLACK
6
CONTINUOUS
10
6.4163214566929136
20
-3.431751535433071
11
6.4151853937007877
21
-3.4295454330708659
0
LINE
8
BLACK
6
CONTINUOUS
10
6.4151853937007877
20
-3.4295454330708659
11
6.4128787007874015
21
-3.4284261417322832
0
LINE
8
BLACK
6
CONTINUOUS
10
6.4128787007874015
20
-3.4284261417322832
11
6.4086412204724406
21
-3.4284649212598426
0
LINE
8
BLACK
6
CONTINUOUS
10
6.4086412204724406
20
-3.4284649212598426
11
6.4059303149606297
21
-3.429860905511811
0
LINE
8
BLACK
6
CONTINUOUS
10
6.4059303149606297
20
-3.429860905511811
11
6.4053074803149608
21
-3.4305060236220473
0
LINE
8
BLACK
6
CONTINUOUS
10
6.4053074803149608
20
-3.4305060236220473
11
6.4053524803149609
21
-3.4517645669291337
0
LINE
8
BLACK
6
CONTINUOUS
10
6.4053524803149609
20
-3.4517645669291337
11
6.405295748031496
21
-3.4523406299212596
0
LINE
8
BLACK
6
CONTINUOUS
10
6.405295748031496
20
-3.4523406299212596
11
6.4048548425196845
21
-3.4534050393700788
0
LINE
8
BLACK
6
CONTINUOUS
10
6.4048548425196845
20
-3.4534050393700788
11
6.4040401968503939
21
-3.4542196850393698
0
LINE
8
BLACK
6
CONTINUOUS
10
6.4040401968503939
20
-3.4542196850393698
11
6.4029757874015747
21
-3.4546605905511809
0
LINE
8
BLACK
6
CONTINUOUS
10
6.4029757874015747
20
-3.4546605905511809
11
6.401823661417323
21
-3.4546605905511809
0
LINE
8
BLACK
6
CONTINUOUS
10
6.401823661417323
20
-3.4546605905511809
11
6.4007592519685037
21
-3.4542196850393698
0
LINE
8
BLACK
6
CONTINUOUS
10
6.4007592519685037
20
-3.4542196850393698
11
6.3999446062992122
21
-3.4534050393700788
0
LINE
8
BLACK
6
CONTINUOUS
10
6.3999446062992122
20
-3.4534050393700788
11
6.3995037007874016
21
-3.4523406299212596
0
LINE
8
BLACK
6
CONTINUOUS
10
6.3995037007874016
20
-3.4523406299212596
11
6.3994469685039368
21
-3.4255178346456692
0
LINE
8
BLACK
6
CONTINUOUS
10
6.3994469685039368
20
-3.4255178346456692
11
6.3995037007874016
21
-3.4249417716535433
0
LINE
8
BLACK
6
CONTINUOUS
10
6.3995037007874016
20
-3.4249417716535433
11
6.3999446062992122
21
-3.4238773622047245
0
LINE
8
BLACK
6
CONTINUOUS
10
6.3999446062992122
20
-3.4238773622047245
11
6.4007592519685037
21
-3.423062716535433
0
LINE
8
BLACK
6
CONTINUOUS
10
6.4007592519685037
20
-3.423062716535433
11
6.401823661417323
21
-3.422621811023622
0
LINE
8
BLACK
6
CONTINUOUS
10
6.401823661417323
20
-3.422621811023622
11
6.4029757874015747
21
-3.422621811023622
0
LINE
8
BLACK
6
CONTINUOUS
10
6.4029757874015747
20
-3.422621811023622
11
6.4040401968503939
21
-3.423062716535433
0
LINE
8
BLACK
6
CONTINUOUS
10
6.4040401968503939
20
-3.423062716535433
11
6.4048227559055118
21
-3.4238452755905513
0
LINE
8
BLACK
6
CONTINUOUS
10
6.4048227559055118
20
-3.4238452755905513
11
6.4067035039370079
21
-3.4228768110236221
0
LINE
8
BLACK
6
CONTINUOUS
10
6.4067035039370079
20
-3.4228768110236221
11
6.4072440944881892
21
-3.4226699212598426
0
LINE
8
BLACK
6
CONTINUOUS
10
6.4072440944881892
20
-3.4226699212598426
11
6.4073499606299213
21
-3.4226623622047243
0
LINE
8
BLACK
6
CONTINUOUS
10
6.4073499606299213
20
-3.4226623622047243
11
6.4074479527559056
21
-3.422621811023622
0
LINE
8
BLACK
6
CONTINUOUS
10
6.4074479527559056
20
-3.422621811023622
11
6.4079911417322837
21
-3.4226168110236221
0
LINE
8
BLACK
6
CONTINUOUS
10
6.4079911417322837
20
-3.4226168110236221
11
6.4083933070866141
21
-3.4225882677165353
0
LINE
8
BLACK
6
CONTINUOUS
10
6.4083933070866141
20
-3.4225882677165353
11
6.4084659842519685
21
-3.4226124803149607
0
LINE
8
BLACK
6
CONTINUOUS
10
6.4084659842519685
20
-3.4226124803149607
11
6.4136483070866142
21
-3.4225650787401576
0
LINE
8
BLACK
6
CONTINUOUS
10
6.4136483070866142
20
-3.4225650787401576
11
6.41422437007874
21
-3.422621811023622
0
LINE
8
BLACK
6
CONTINUOUS
10
6.41422437007874
20
-3.422621811023622
11
6.4143223622047243
21
-3.4226624015748031
0
LINE
8
BLACK
6
CONTINUOUS
10
6.4143223622047243
20
-3.4226624015748031
11
6.4144281889763777
21
-3.4226699212598426
0
LINE
8
BLACK
6
CONTINUOUS
10
6.4144281889763777
20
-3.4226699212598426
11
6.4149397244094484
21
-3.4229181102362203
0
LINE
8
BLACK
6
CONTINUOUS
10
6.4149397244094484
20
-3.4229181102362203
11
6.4152887795275593
21
-3.423062716535433
0
LINE
8
BLACK
6
CONTINUOUS
10
6.4152887795275593
20
-3.423062716535433
11
6.415336889763779
21
-3.4231108267716537
0
LINE
8
BLACK
6
CONTINUOUS
10
6.415336889763779
20
-3.4231108267716537
11
6.4187183464566928
21
-3.4247515748031496
0
LINE
8
BLACK
6
CONTINUOUS
10
6.4187183464566928
20
-3.4247515748031496
11
6.4188146850393704
21
-3.4248122047244092
0
LINE
8
BLACK
6
CONTINUOUS
10
6.4188146850393704
20
-3.4248122047244092
11
6.4188601181102358
21
-3.4248273622047245
0
LINE
8
BLACK
6
CONTINUOUS
10
6.4188601181102358
20
-3.4248273622047245
11
6.4189166535433069
21
-3.424876377952756
0
LINE
8
BLACK
6
CONTINUOUS
10
6.4189166535433069
20
-3.424876377952756
11
6.4192082283464567
21
-3.4250599212598423
0
LINE
8
BLACK
6
CONTINUOUS
10
6.4192082283464567
20
-3.4250599212598423
11
6.4192725984251968
21
-3.4251341338582675
0
LINE
8
BLACK
6
CONTINUOUS
10
6.4192725984251968
20
-3.4251341338582675
11
6.419336968503937
21
-3.4250599212598423
0
LINE
8
BLACK
6
CONTINUOUS
10
6.419336968503937
20
-3.4250599212598423
11
6.4195337795275593
21
-3.4249585433070866
0
LINE
8
BLACK
6
CONTINUOUS
10
6.4195337795275593
20
-3.4249585433070866
11
6.4196850787401569
21
-3.4248273622047245
0
LINE
8
BLACK
6
CONTINUOUS
10
6.4196850787401569
20
-3.4248273622047245
11
6.4199785433070868
21
-3.4247295275590552
0
LINE
8
BLACK
6
CONTINUOUS
10
6.4199785433070868
20
-3.4247295275590552
11
6.4235763779527559
21
-3.4228768110236221
0
LINE
8
BLACK
6
CONTINUOUS
10
6.4235763779527559
20
-3.4228768110236221
11
6.4241169685039372
21
-3.4226699212598426
0
LINE
8
BLACK
6
CONTINUOUS
10
6.4241169685039372
20
-3.4226699212598426
11
6.4242228346456693
21
-3.4226623622047243
0
LINE
8
BLACK
6
CONTINUOUS
10
6.4242228346456693
20
-3.4226623622047243
11
6.4243208267716536
21
-3.422621811023622
0
LINE
8
BLACK
6
CONTINUOUS
10
6.4243208267716536
20
-3.422621811023622
11
6.4248640157480317
21
-3.4226168110236221
0
LINE
8
BLACK
6
CONTINUOUS
10
6.4248640157480317
20
-3.4226168110236221
11
6.4252661811023621
21
-3.4225882677165353
0
LINE
8
BLACK
6
CONTINUOUS
10
6.4252661811023621
20
-3.4225882677165353
11
6.4253388582677164
21
-3.4226124803149607
0
LINE
8
BLACK
6
CONTINUOUS
10
6.4253388582677164
20
-3.4226124803149607
11
6.4305211811023621
21
-3.4225650787401576
0
LINE
8
BLACK
6
CONTINUOUS
10
6.4305211811023621
20
-3.4225650787401576
11
6.431097244094488
21
-3.422621811023622
0
LINE
8
BLACK
6
CONTINUOUS
10
6.4835906692913383
20
-3.422621811023622
11
6.4836886614173226
21
-3.4226624015748031
0
LINE
8
BLACK
6
CONTINUOUS
10
6.4836886614173226
20
-3.4226624015748031
11
6.483794488188976
21
-3.4226699212598426
0
LINE
8
BLACK
6
CONTINUOUS
10
6.483794488188976
20
-3.4226699212598426
11
6.4843060629921254
21
-3.422918149606299
0
LINE
8
BLACK
6
CONTINUOUS
10
6.4843060629921254
20
-3.422918149606299
11
6.4846550787401576
21
-3.423062716535433
0
LINE
8
BLACK
6
CONTINUOUS
10
6.4846550787401576
20
-3.423062716535433
11
6.4847031889763782
21
-3.4231108267716537
0
LINE
8
BLACK
6
CONTINUOUS
10
6.4847031889763782
20
-3.4231108267716537
11
6.4880846850393699
21
-3.4247515748031496
0
LINE
8
BLACK
6
CONTINUOUS
10
6.4880846850393699
20
-3.4247515748031496
11
6.4881809842519687
21
-3.4248122047244092
0
LINE
8
BLACK
6
CONTINUOUS
10
6.4881809842519687
20
-3.4248122047244092
11
6.4882264566929129
21
-3.4248273622047245
0
LINE
8
BLACK
6
CONTINUOUS
10
6.4882264566929129
20
-3.4248273622047245
11
6.4882830314960627
21
-3.4248764173228348
0
LINE
8
BLACK
6
CONTINUOUS
10
6.4882830314960627
20
-3.4248764173228348
11
6.4885745275590549
21
-3.4250599212598423
0
LINE
8
BLACK
6
CONTINUOUS
10
6.4885745275590549
20
-3.4250599212598423
11
6.4888170078740153
21
-3.4253395275590552
0
LINE
8
BLACK
6
CONTINUOUS
10
6.4888170078740153
20
-3.4253395275590552
11
6.4890968503937003
21
-3.4255822047244093
0
LINE
8
BLACK
6
CONTINUOUS
10
6.4890968503937003
20
-3.4255822047244093
11
6.4891981889763777
21
-3.4257790157480312
0
LINE
8
BLACK
6
CONTINUOUS
10
6.4891981889763777
20
-3.4257790157480312
11
6.4893294094488185
21
-3.4259303149606297
0
LINE
8
BLACK
6
CONTINUOUS
10
6.4893294094488185
20
-3.4259303149606297
11
6.489427204724409
21
-3.4262237795275592
0
LINE
8
BLACK
6
CONTINUOUS
10
6.489427204724409
20
-3.4262237795275592
11
6.491279960629921
21
-3.4298216141732283
0
LINE
8
BLACK
6
CONTINUOUS
10
6.491279960629921
20
-3.4298216141732283
11
6.4914868503937004
21
-3.4303622047244096
0
LINE
8
BLACK
6
CONTINUOUS
10
6.4914868503937004
20
-3.4303622047244096
11
6.4914943700787404
21
-3.4304680708661417
0
LINE
8
BLACK
6
CONTINUOUS
10
6.4914943700787404
20
-3.4304680708661417
11
6.4915349606299211
21
-3.430566062992126
0
LINE
8
BLACK
6
CONTINUOUS
10
6.4915349606299211
20
-3.430566062992126
11
6.4915362598425199
21
-3.431057834645669
0
LINE
8
BLACK
6
CONTINUOUS
10
6.4915362598425199
20
-3.431057834645669
11
6.4915685039370077
21
-3.4315114173228345
0
LINE
8
BLACK
6
CONTINUOUS
10
6.4915685039370077
20
-3.4315114173228345
11
6.4915377165354329
21
-3.4316037007874014
0
LINE
8
BLACK
6
CONTINUOUS
10
6.4915377165354329
20
-3.4316037007874014
11
6.4915916929133859
21
-3.4517645669291337
0
LINE
8
BLACK
6
CONTINUOUS
10
6.4915916929133859
20
-3.4517645669291337
11
6.4915349606299211
21
-3.4523406299212596
0
LINE
8
BLACK
6
CONTINUOUS
10
6.4915349606299211
20
-3.4523406299212596
11
6.4910940551181104
21
-3.4534050393700788
0
LINE
8
BLACK
6
CONTINUOUS
10
6.4910940551181104
20
-3.4534050393700788
11
6.490279409448819
21
-3.4542196850393698
0
LINE
8
BLACK
6
CONTINUOUS
10
6.490279409448819
20
-3.4542196850393698
11
6.4892149999999997
21
-3.4546605905511809
0
LINE
8
BLACK
6
CONTINUOUS
10
6.4892149999999997
20
-3.4546605905511809
11
6.488062874015748
21
-3.4546605905511809
0
LINE
8
BLACK
6
CONTINUOUS
10
6.488062874015748
20
-3.4546605905511809
11
6.4869984645669287
21
-3.4542196850393698
0
LINE
8
BLACK
6
CONTINUOUS
10
6.4869984645669287
20
-3.4542196850393698
11
6.4861838188976373
21
-3.4534050393700788
0
LINE
8
BLACK
6
CONTINUOUS
10
6.4861838188976373
20
-3.4534050393700788
11
6.4857429133858266
21
-3.4523406299212596
0
LINE
8
BLACK
6
CONTINUOUS
10
6.4857429133858266
20
-3.4523406299212596
11
6.4856877952755907
21
-3.431751535433071
0
LINE
8
BLACK
6
CONTINUOUS
10
6.4856877952755907
20
-3.431751535433071
11
6.4845517322834647
21
-3.4295453937007871
0
LINE
8
BLACK
6
CONTINUOUS
10
6.4845517322834647
20
-3.4295453937007871
11
6.4822449999999998
21
-3.4284261417322832
0
LINE
8
BLACK
6
CONTINUOUS
10
6.4822449999999998
20
-3.4284261417322832
11
6.4780075196850389
21
-3.4284649212598426
0
LINE
8
BLACK
6
CONTINUOUS
10
6.4780075196850389
20
-3.4284649212598426
11
6.4757936220472443
21
-3.429605
0
LINE
8
BLACK
6
CONTINUOUS
10
6.4757936220472443
20
-3.429605
11
6.4746656692913387
21
-3.4319295669291336
0
LINE
8
BLACK
6
CONTINUOUS
10
6.4746656692913387
20
-3.4319295669291336
11
6.4747187795275591
21
-3.4517645669291337
0
LINE
8
BLACK
6
CONTINUOUS
10
6.4747187795275591
20
-3.4517645669291337
11
6.4746620472440943
21
-3.4523406299212596
0
LINE
8
BLACK
6
CONTINUOUS
10
6.4746620472440943
20
-3.4523406299212596
11
6.4742211417322837
21
-3.4534050393700788
0
LINE
8
BLACK
6
CONTINUOUS
10
6.4742211417322837
20
-3.4534050393700788
11
6.4734064960629922
21
-3.4542196850393698
0
LINE
8
BLACK
6
CONTINUOUS
10
6.4734064960629922
20
-3.4542196850393698
11
6.472342086614173
21
-3.4546605905511809
0
LINE
8
BLACK
6
CONTINUOUS
10
6.472342086614173
20
-3.4546605905511809
11
6.4711899606299212
21
-3.4546605905511809
0
LINE
8
BLACK
6
CONTINUOUS
10
6.4711899606299212
20
-3.4546605905511809
11
6.470125551181102
21
-3.4542196850393698
0
LINE
8
BLACK
6
CONTINUOUS
10
6.470125551181102
20
-3.4542196850393698
11
6.4693109055118105
21
-3.4534050393700788
0
LINE
8
BLACK
6
CONTINUOUS
10
6.4693109055118105
20
-3.4534050393700788
11
6.4688699999999999
21
-3.4523406299212596
0
LINE
8
BLACK
6
CONTINUOUS
10
6.4688699999999999
20
-3.4523406299212596
11
6.4688148818897639
21
-3.431751535433071
0
LINE
8
BLACK
6
CONTINUOUS
10
6.4688148818897639
20
-3.431751535433071
11
6.467678818897638
21
-3.4295454330708659
0
LINE
8
BLACK
6
CONTINUOUS
10
6.467678818897638
20
-3.4295454330708659
11
6.4653721259842518
21
-3.4284261417322832
0
LINE
8
BLACK
6
CONTINUOUS
10
6.4653721259842518
20
-3.4284261417322832
11
6.4611346456692909
21
-3.4284649212598426
0
LINE
8
BLACK
6
CONTINUOUS
10
6.4611346456692909
20
-3.4284649212598426
11
6.45842374015748
21
-3.429860905511811
0
LINE
8
BLACK
6
CONTINUOUS
10
6.45842374015748
20
-3.429860905511811
11
6.4578009055118111
21
-3.4305060236220473
0
LINE
8
BLACK
6
CONTINUOUS
10
6.4578009055118111
20
-3.4305060236220473
11
6.4578459055118111
21
-3.4517645669291337
0
LINE
8
BLACK
6
CONTINUOUS
10
6.4578459055118111
20
-3.4517645669291337
11
6.4577891732283463
21
-3.4523406299212596
0
LINE
8
BLACK
6
CONTINUOUS
10
6.4577891732283463
20
-3.4523406299212596
11
6.4573482677165357
21
-3.4534050393700788
0
LINE
8
BLACK
6
CONTINUOUS
10
6.4573482677165357
20
-3.4534050393700788
11
6.4565336220472442
21
-3.4542196850393698
0
LINE
8
BLACK
6
CONTINUOUS
10
6.4565336220472442
20
-3.4542196850393698
11
6.455469212598425
21
-3.4546605905511809
0
LINE
8
BLACK
6
CONTINUOUS
10
6.455469212598425
20
-3.4546605905511809
11
6.4543170866141732
21
-3.4546605905511809
0
LINE
8
BLACK
6
CONTINUOUS
10
6.4543170866141732
20
-3.4546605905511809
11
6.453252677165354
21
-3.4542196850393698
0
LINE
8
BLACK
6
CONTINUOUS
10
6.453252677165354
20
-3.4542196850393698
11
6.4524380314960625
21
-3.4534050393700788
0
LINE
8
BLACK
6
CONTINUOUS
10
6.4524380314960625
20
-3.4534050393700788
11
6.4519971259842519
21
-3.4523406299212596
0
LINE
8
BLACK
6
CONTINUOUS
10
6.4519971259842519
20
-3.4523406299212596
11
6.4519403937007871
21
-3.4255178346456692
0
LINE
8
BLACK
6
CONTINUOUS
10
6.4519403937007871
20
-3.4255178346456692
11
6.4519971259842519
21
-3.4249417716535433
0
LINE
8
BLACK
6
CONTINUOUS
10
6.4519971259842519
20
-3.4249417716535433
11
6.4524380314960625
21
-3.4238773622047245
0
LINE
8
BLACK
6
CONTINUOUS
10
6.4524380314960625
20
-3.4238773622047245
11
6.453252677165354
21
-3.423062716535433
0
LINE
8
BLACK
6
CONTINUOUS
10
6.453252677165354
20
-3.423062716535433
11
6.4543170866141732
21
-3.422621811023622
0
LINE
8
BLACK
6
CONTINUOUS
10
6.4543170866141732
20
-3.422621811023622
11
6.455469212598425
21
-3.422621811023622
0
LINE
8
BLACK
6
CONTINUOUS
10
6.455469212598425
20
-3.422621811023622
11
6.4565336220472442
21
-3.423062716535433
0
LINE
8
BLACK
6
CONTINUOUS
10
6.4565336220472442
20
-3.423062716535433
11
6.4573161811023621
21
-3.4238452755905513
0
LINE
8
BLACK
6
CONTINUOUS
10
6.4573161811023621
20
-3.4238452755905513
11
6.4591969291338582
21
-3.4228768110236221
0
LINE
8
BLACK
6
CONTINUOUS
10
6.4591969291338582
20
-3.4228768110236221
11
6.4597375196850395
21
-3.4226699212598426
0
LINE
8
BLACK
6
CONTINUOUS
10
6.4597375196850395
20
-3.4226699212598426
11
6.4598433858267716
21
-3.4226623622047243
0
LINE
8
BLACK
6
CONTINUOUS
10
6.4598433858267716
20
-3.4226623622047243
11
6.4599413779527559
21
-3.422621811023622
0
LINE
8
BLACK
6
CONTINUOUS
10
6.4599413779527559
20
-3.422621811023622
11
6.460484566929134
21
-3.4226168110236221
0
LINE
8
BLACK
6
CONTINUOUS
10
6.460484566929134
20
-3.4226168110236221
11
6.4608867322834644
21
-3.4225882677165353
0
LINE
8
BLACK
6
CONTINUOUS
10
6.4608867322834644
20
-3.4225882677165353
11
6.4609594094488187
21
-3.4226124803149607
0
LINE
8
BLACK
6
CONTINUOUS
10
6.4609594094488187
20
-3.4226124803149607
11
6.4661417322834644
21
-3.4225650787401576
0
LINE
8
BLACK
6
CONTINUOUS
10
6.4661417322834644
20
-3.4225650787401576
11
6.4667177952755903
21
-3.422621811023622
0
LINE
8
BLACK
6
CONTINUOUS
10
6.4667177952755903
20
-3.422621811023622
11
6.4668157874015746
21
-3.4226624015748031
0
LINE
8
BLACK
6
CONTINUOUS
10
6.4668157874015746
20
-3.4226624015748031
11
6.466921614173228
21
-3.4226699212598426
0
LINE
8
BLACK
6
CONTINUOUS
10
6.466921614173228
20
-3.4226699212598426
11
6.4674331496062987
21
-3.4229181102362203
0
LINE
8
BLACK
6
CONTINUOUS
10
6.4674331496062987
20
-3.4229181102362203
11
6.4677822047244096
21
-3.423062716535433
0
LINE
8
BLACK
6
CONTINUOUS
10
6.4677822047244096
20
-3.423062716535433
11
6.4678303149606302
21
-3.4231108267716537
0
LINE
8
BLACK
6
CONTINUOUS
10
6.4678303149606302
20
-3.4231108267716537
11
6.4712117716535431
21
-3.4247515748031496
0
LINE
8
BLACK
6
CONTINUOUS
10
6.4712117716535431
20
-3.4247515748031496
11
6.4713081102362207
21
-3.4248122047244092
0
LINE
8
BLACK
6
CONTINUOUS
10
6.4713081102362207
20
-3.4248122047244092
11
6.4713535433070861
21
-3.4248273622047245
0
LINE
8
BLACK
6
CONTINUOUS
10
6.4713535433070861
20
-3.4248273622047245
11
6.4714100787401572
21
-3.424876377952756
0
LINE
8
BLACK
6
CONTINUOUS
10
6.4714100787401572
20
-3.424876377952756
11
6.471701653543307
21
-3.4250599212598423
0
LINE
8
BLACK
6
CONTINUOUS
10
6.471701653543307
20
-3.4250599212598423
11
6.4717660236220471
21
-3.4251341338582675
0
LINE
8
BLACK
6
CONTINUOUS
10
6.4717660236220471
20
-3.4251341338582675
11
6.4718303937007873
21
-3.4250599212598423
0
LINE
8
BLACK
6
CONTINUOUS
10
6.4718303937007873
20
-3.4250599212598423
11
6.4720272047244096
21
-3.4249585433070866
0
LINE
8
BLACK
6
CONTINUOUS
10
6.4720272047244096
20
-3.4249585433070866
11
6.4721785039370081
21
-3.4248273622047245
0
LINE
8
BLACK
6
CONTINUOUS
10
6.4721785039370081
20
-3.4248273622047245
11
6.4724719685039371
21
-3.4247295275590552
0
LINE
8
BLACK
6
CONTINUOUS
10
6.4724719685039371
20
-3.4247295275590552
11
6.4760698031496062
21
-3.4228768110236221
0
LINE
8
BLACK
6
CONTINUOUS
10
6.4760698031496062
20
-3.4228768110236221
11
6.4766103937007875
21
-3.4226699212598426
0
LINE
8
BLACK
6
CONTINUOUS
10
6.4766103937007875
20
-3.4226699212598426
11
6.4767162598425196
21
-3.4226623622047243
0
LINE
8
BLACK
6
CONTINUOUS
10
6.4767162598425196
20
-3.4226623622047243
11
6.4768142519685039
21
-3.422621811023622
0
LINE
8
BLACK
6
CONTINUOUS
10
6.4768142519685039
20
-3.422621811023622
11
6.477357440944882
21
-3.4226168110236221
0
LINE
8
BLACK
6
CONTINUOUS
10
6.477357440944882
20
-3.4226168110236221
11
6.4777596062992124
21
-3.4225882677165353
0
LINE
8
BLACK
6
CONTINUOUS
10
6.4777596062992124
20
-3.4225882677165353
11
6.4778322834645667
21
-3.4226124803149607
0
LINE
8
BLACK
6
CONTINUOUS
10
6.4778322834645667
20
-3.4226124803149607
11
6.4830146062992124
21
-3.4225650787401576
0
LINE
8
BLACK
6
CONTINUOUS
10
6.4830146062992124
20
-3.4225650787401576
11
6.4835906692913383
21
-3.422621811023622
  0
ENDSEC
  0
EOF
